X_23,X_8,X_11,X_12,X_22,X_5,X_32,X_15,X_18,X_26,X_20,X_37,X_31,X_21,X_6,X_24,X_19,X_0,X_29,X_25,X_1,X_2,X_4,X_34,X_10,X_30,X_33,X_3,X_35,X_38,X_17,X_14,X_36,X_7,X_16,X_27,X_39,X_13,X_9,X_28
0,1,1,1,0,1,1,1,1,0,1,1,0,0,1,1,1,0,0,0,0,0,1,0,1,1,1,1,0,0,0,0,1,0,1,0,1,1,1,0
0,0,1,1,0,1,0,0,1,0,1,1,1,0,0,0,1,0,1,0,0,1,1,0,1,1,1,1,0,0,1,0,0,0,0,1,1,1,1,0
0,1,1,1,0,1,1,0,1,0,1,1,0,0,0,1,1,0,1,0,0,1,1,0,1,0,1,1,0,0,0,0,1,0,1,0,1,1,1,0
0,0,1,1,0,1,1,0,1,0,1,1,0,0,0,1,1,0,1,0,0,1,1,0,1,1,1,1,0,0,0,0,1,0,1,0,1,1,1,0
0,1,1,1,0,1,1,1,1,0,1,1,0,1,0,1,1,1,0,0,0,1,1,0,1,0,1,1,0,0,0,0,1,0,1,0,1,1,1,0
0,1,1,1,0,1,1,0,1,0,1,1,0,1,0,1,1,0,1,0,0,1,1,0,1,1,1,1,0,0,0,0,1,0,1,0,1,1,1,0
0,1,1,1,0,1,1,1,1,0,1,1,0,0,0,1,1,0,0,0,0,1,1,0,1,0,1,1,0,0,0,0,1,0,1,0,1,1,1,0
0,1,1,1,0,1,0,1,1,0,1,1,0,0,0,1,1,0,0,0,0,1,1,0,1,0,1,1,0,0,0,0,1,0,1,0,1,1,1,0
0,1,1,1,0,1,0,0,1,0,1,1,0,0,1,1,1,1,1,0,0,0,1,0,1,1,1,1,0,0,0,0,1,0,1,0,1,1,1,0
0,0,1,1,0,1,1,1,1,0,1,1,0,0,0,1,1,0,0,0,0,1,1,0,1,1,1,1,0,0,0,0,0,0,1,0,1,1,1,0
0,0,1,1,0,1,1,0,1,0,1,1,1,0,1,1,1,0,1,0,0,0,1,0,1,1,1,1,0,0,0,0,0,0,1,0,1,1,1,0
0,0,1,1,0,1,1,0,1,0,1,1,0,0,0,1,1,0,1,0,0,1,1,0,1,1,1,1,0,0,0,0,0,0,1,0,1,1,1,0
0,1,1,1,0,1,1,1,1,0,1,1,0,0,0,1,1,0,0,0,0,1,1,0,1,0,1,1,0,0,0,0,1,0,0,0,1,1,1,0
0,1,1,1,0,1,1,0,1,0,1,1,0,0,0,1,1,0,1,0,0,1,1,0,1,0,1,1,0,0,0,0,1,0,1,0,1,1,1,0
0,1,1,1,0,1,0,1,1,0,1,1,0,1,0,1,1,0,0,0,0,1,1,0,1,1,1,1,0,0,0,0,1,0,1,0,1,1,1,0
0,1,1,1,0,1,1,1,1,0,1,1,0,0,0,1,1,0,0,0,0,1,1,0,1,1,1,1,0,0,0,0,1,0,1,0,1,1,1,0
0,0,1,1,0,1,0,1,1,0,1,1,0,0,1,1,1,0,0,0,0,0,1,0,1,1,1,1,0,0,0,0,1,0,1,1,1,1,1,0
0,1,1,1,0,1,1,0,1,0,1,1,0,1,0,1,1,0,1,0,0,1,1,0,1,1,1,1,0,0,0,0,1,0,1,0,1,1,1,0
0,1,1,1,0,1,1,1,1,0,1,1,0,0,0,1,1,0,0,0,0,1,1,0,1,1,1,1,0,0,0,0,1,0,1,0,1,1,1,0
0,1,1,1,0,1,0,1,1,0,1,1,0,1,0,1,1,1,0,0,0,1,1,0,1,1,1,1,0,0,0,0,1,0,1,0,1,1,1,0
0,1,1,1,0,1,1,1,1,0,1,1,1,0,0,1,1,0,0,0,0,1,1,0,1,0,1,1,0,0,0,0,1,0,1,0,1,1,1,0
0,1,1,1,0,1,1,1,1,0,1,1,0,0,0,0,1,0,0,0,0,1,1,0,1,1,1,1,0,0,1,0,1,0,1,0,1,1,1,0
0,1,1,1,0,1,0,1,1,0,1,1,0,0,0,1,1,0,0,0,0,1,1,0,1,1,1,1,0,0,0,0,1,0,1,0,1,1,1,0
0,0,0,1,0,1,1,1,1,0,1,1,0,0,0,1,1,0,0,0,0,1,1,0,1,1,1,1,0,0,0,0,0,0,1,0,1,1,1,0
0,1,1,1,0,1,0,0,1,0,1,1,0,0,1,1,1,0,1,0,0,0,1,0,1,1,1,1,0,0,0,0,1,0,0,0,1,1,1,0
0,1,1,1,0,1,1,1,1,0,1,1,0,0,0,1,1,0,0,0,0,1,1,0,1,1,1,1,0,0,0,0,1,0,1,0,1,1,1,0
0,1,1,1,0,1,1,1,1,0,1,1,0,1,0,1,1,0,0,0,0,1,1,0,1,1,1,1,0,0,0,0,1,0,1,0,1,1,1,0
0,1,1,1,0,1,1,1,1,0,1,1,0,1,0,1,1,0,0,0,0,1,1,0,1,1,1,1,0,0,0,0,1,0,1,0,1,1,1,0
0,1,1,1,0,1,1,1,1,0,1,1,0,0,0,1,1,0,0,0,0,1,1,0,1,1,1,1,0,0,0,0,1,0,1,0,1,1,1,0
0,0,1,1,0,1,1,1,1,0,1,1,0,0,0,1,1,0,0,0,0,1,1,0,1,1,1,1,0,0,0,0,0,0,1,0,1,1,0,0
0,1,1,1,0,1,1,1,1,0,1,1,0,0,0,1,1,0,0,0,0,1,1,0,1,1,1,1,0,0,0,0,1,0,1,0,1,1,0,0
0,1,1,1,0,1,1,1,1,0,1,1,0,0,0,1,1,0,0,0,0,1,1,0,1,0,1,1,0,0,0,0,1,0,1,0,1,1,1,0
0,0,1,1,0,1,1,0,1,0,1,1,0,0,0,1,1,0,1,0,0,1,1,0,1,1,1,1,0,0,0,0,0,0,1,0,1,1,1,0
0,1,1,1,0,1,1,1,1,0,1,1,0,0,0,1,1,0,0,0,0,1,1,0,1,0,1,1,0,0,0,0,1,0,1,0,1,1,1,0
0,1,1,1,0,1,1,0,1,0,1,1,0,0,0,1,1,1,1,0,0,1,1,0,1,0,1,1,0,0,0,0,1,0,1,0,1,1,1,0
0,1,1,1,0,1,1,1,1,0,1,1,0,0,1,1,1,0,0,0,0,0,1,0,1,1,1,1,0,0,0,0,1,0,1,0,1,1,1,0
0,1,1,1,0,1,0,1,1,0,1,1,0,0,0,1,1,0,0,0,0,1,1,0,1,0,1,1,0,0,0,0,1,0,0,0,1,1,1,0
0,1,1,1,0,1,1,1,1,0,1,1,0,0,0,1,1,0,0,0,0,1,1,0,1,0,1,1,0,0,0,0,1,0,1,0,1,1,1,0
0,1,1,1,0,1,1,0,1,0,1,1,0,1,0,1,1,0,1,0,0,1,1,0,1,1,1,1,0,0,0,0,1,0,1,0,1,1,1,0
0,1,1,1,0,1,1,1,1,0,1,1,0,1,0,0,1,0,0,0,0,1,1,0,1,0,1,1,0,0,1,0,1,0,1,0,1,1,1,0
0,0,1,1,0,1,0,1,1,0,1,1,0,1,0,1,1,1,0,0,0,1,1,0,1,1,1,1,0,0,0,0,1,0,1,0,1,1,1,0
0,1,1,1,0,1,1,1,1,0,1,1,0,0,0,1,1,0,0,0,0,1,1,0,1,0,1,1,0,0,0,0,1,0,1,0,1,1,1,0
0,0,1,1,0,1,1,1,1,0,1,1,0,0,1,1,1,1,0,0,1,0,1,0,1,0,1,1,0,0,0,0,0,0,1,1,1,1,1,0
0,1,1,1,0,1,1,0,1,0,1,1,0,0,0,1,1,0,1,0,0,1,1,0,1,0,1,1,0,0,0,0,1,0,1,0,1,1,1,0
0,0,1,1,0,1,1,1,1,0,1,1,0,0,1,1,1,1,0,0,0,0,1,0,1,0,1,1,0,0,0,0,1,0,1,0,1,1,1,0
0,1,0,1,0,1,1,0,1,0,1,1,0,0,0,1,1,0,1,0,0,1,1,0,1,1,1,1,0,0,0,0,1,0,1,0,1,1,1,0
0,1,1,1,0,1,1,1,1,0,1,1,0,0,0,1,1,0,0,0,0,1,1,0,1,1,1,1,0,0,0,0,1,0,1,0,1,1,1,0
0,1,1,1,0,1,1,1,1,0,1,1,0,0,0,1,1,0,0,0,0,1,1,0,1,1,1,1,0,0,0,0,1,0,1,0,1,1,1,0
0,0,1,1,0,1,1,1,1,0,1,1,0,1,0,1,1,1,0,0,0,1,1,0,1,1,0,1,0,0,0,0,1,0,1,1,1,1,1,0
0,1,1,1,0,1,1,1,1,0,1,1,0,0,0,1,1,0,0,0,0,1,1,0,1,1,1,1,0,0,0,0,1,0,1,0,1,1,1,0
0,0,1,1,0,1,0,1,1,0,1,1,0,0,0,1,1,1,0,0,0,1,1,0,1,1,1,1,0,0,0,0,1,0,1,0,1,1,1,0
0,0,0,1,0,1,0,0,1,0,1,1,0,0,0,1,1,0,1,0,0,1,1,0,1,1,1,1,0,0,0,0,1,0,0,0,1,1,1,0
0,0,1,1,0,1,1,1,1,0,1,1,0,0,0,1,1,0,0,0,0,1,1,0,1,1,1,1,0,0,0,0,1,0,1,0,1,1,1,0
0,1,1,1,0,1,1,0,1,0,1,1,0,1,0,1,1,0,1,0,0,1,1,0,1,0,1,1,0,0,0,0,1,0,1,0,1,1,1,0
0,1,1,1,0,1,0,0,1,0,1,1,0,0,1,1,1,0,1,0,0,0,1,0,1,1,1,1,0,0,0,0,1,0,1,0,1,1,1,0
0,1,1,1,0,1,0,1,1,0,1,1,0,0,0,1,1,1,0,0,0,1,1,0,1,1,1,1,0,0,0,0,1,0,1,0,1,1,1,0
0,1,1,1,0,1,1,1,1,0,1,1,0,0,1,1,1,0,0,0,0,0,1,0,1,1,1,1,0,0,0,0,1,0,1,0,1,1,1,0
0,0,1,1,0,1,0,1,1,0,1,1,0,0,0,1,1,0,0,0,0,1,1,0,1,1,1,1,0,0,0,0,0,0,0,0,1,1,1,0
0,0,1,1,0,1,0,1,1,0,1,1,0,1,0,1,1,0,0,0,0,1,1,0,1,1,1,1,0,0,0,0,1,0,1,0,1,1,1,0
0,1,0,1,0,1,1,1,1,0,1,1,0,1,0,1,1,0,0,0,0,1,1,0,1,1,1,1,0,0,0,0,1,0,1,0,1,1,1,0
0,1,1,1,0,1,1,1,1,0,1,1,0,0,0,1,1,0,0,0,0,1,1,0,1,1,1,1,0,0,0,0,1,0,1,0,1,1,1,0
0,1,1,1,0,1,1,1,1,0,1,1,0,0,0,0,1,0,0,0,0,1,1,0,1,1,1,1,0,0,1,0,1,0,0,0,1,1,1,0
0,1,1,1,0,1,1,1,1,0,1,1,0,0,0,1,1,0,0,0,0,1,1,0,1,1,1,1,0,0,0,0,1,0,0,0,1,1,1,0
0,0,1,1,0,1,1,1,1,0,1,1,0,0,0,1,1,0,0,0,0,1,1,0,1,0,1,1,0,0,0,0,0,0,1,1,1,1,1,0
0,0,1,1,0,1,1,1,1,0,1,1,0,0,0,1,1,0,0,0,0,1,1,0,1,1,1,1,0,0,0,0,1,0,1,0,1,1,1,0
0,0,1,1,0,1,1,1,1,0,1,1,0,0,0,1,1,0,0,0,0,1,1,0,1,0,1,1,0,0,0,0,1,0,1,0,1,1,1,0
0,0,1,1,0,1,1,1,1,0,1,1,0,1,1,1,1,0,0,0,0,0,1,0,1,0,1,1,0,0,0,0,1,0,1,0,1,1,1,0
0,1,1,1,0,1,1,1,1,0,1,1,0,0,0,1,1,0,0,0,0,1,1,0,1,0,1,1,0,0,0,0,1,0,0,0,1,1,1,0
0,1,1,1,0,1,1,1,1,0,1,1,0,0,0,1,1,0,0,0,0,1,1,0,1,1,1,1,0,0,0,0,1,0,1,0,1,1,1,0
0,0,1,1,0,1,1,0,1,0,1,1,0,0,0,1,1,0,1,0,0,1,1,0,1,1,1,1,0,1,0,0,0,0,1,0,1,1,1,0
0,0,1,1,0,1,1,1,1,0,1,1,0,0,1,1,1,0,0,0,0,0,1,0,1,1,1,1,0,0,0,0,0,0,1,0,1,1,1,1
0,1,1,1,0,1,1,0,1,0,1,1,0,0,0,1,1,0,1,0,0,1,1,0,1,0,1,1,0,0,0,0,1,0,1,0,1,1,1,0
0,1,1,1,0,1,1,1,1,0,1,1,0,0,1,1,1,0,0,0,0,0,1,0,1,1,1,1,0,0,0,0,1,0,1,0,1,1,1,0
0,1,1,1,0,1,1,1,1,0,1,1,0,1,0,1,1,1,0,0,0,1,1,0,1,0,1,1,0,0,0,0,1,0,0,0,1,1,1,0
0,0,1,1,0,1,0,1,1,0,1,1,0,0,0,1,1,0,0,0,0,1,1,0,1,1,1,1,0,0,0,0,0,0,1,0,1,1,1,0
0,0,1,1,0,1,1,1,1,0,1,1,0,0,0,1,1,0,0,0,0,1,1,0,1,1,1,1,0,0,0,0,0,0,1,0,1,1,1,0
0,0,1,1,0,1,1,1,1,0,1,1,0,1,0,1,1,0,0,0,0,1,1,0,1,0,1,1,0,0,0,0,1,0,1,0,1,1,1,0
0,1,1,1,0,1,1,1,1,0,1,1,0,1,1,1,1,0,0,0,0,0,1,0,1,1,1,1,0,0,0,0,1,0,1,0,1,1,1,0
0,1,1,1,0,1,1,1,1,0,1,1,0,0,0,1,1,0,0,0,0,1,1,0,1,1,1,1,0,0,0,0,1,0,1,0,1,1,1,0
0,1,1,1,0,1,1,1,1,0,1,1,0,0,0,1,1,0,0,0,0,1,1,0,1,0,1,1,0,0,0,0,1,0,1,0,1,1,1,0
0,1,1,1,0,1,1,1,1,0,1,1,0,0,0,1,1,0,0,0,0,1,1,0,1,1,1,1,0,0,1,0,1,0,1,0,1,1,1,0
0,0,1,1,0,1,1,1,1,0,1,1,0,0,0,0,1,0,0,0,0,1,1,0,1,1,1,1,0,0,1,0,1,0,1,1,1,1,1,0
0,1,1,1,0,1,1,1,1,0,1,1,0,1,0,1,1,0,0,0,0,1,1,0,1,1,1,1,0,0,0,0,1,0,1,0,1,1,1,0
0,0,1,1,0,1,1,0,1,0,1,1,0,1,0,1,1,0,1,0,0,1,1,0,1,1,1,1,0,0,0,0,1,0,1,1,1,1,1,0
0,1,1,1,0,1,1,0,1,0,1,1,0,0,0,1,1,0,1,0,0,1,1,0,1,0,1,1,0,0,0,0,1,0,1,0,1,1,1,0
0,1,1,1,0,1,1,0,1,0,1,1,0,1,1,1,1,0,1,0,0,0,1,0,1,0,1,1,0,0,0,0,1,0,1,0,1,1,1,0
0,1,1,1,0,1,1,1,1,0,1,1,0,0,1,1,1,0,0,0,0,0,1,0,1,1,1,1,0,0,0,0,1,0,1,0,1,1,1,0
0,1,1,1,0,1,1,1,1,0,1,1,0,0,1,1,1,0,0,0,0,0,1,0,1,0,1,1,0,0,0,0,1,0,1,0,1,1,1,0
0,0,1,1,0,1,1,1,1,0,1,1,0,0,1,1,1,0,0,0,0,0,1,0,1,0,1,1,0,0,0,0,0,0,1,0,1,1,1,0
0,0,1,1,0,1,1,1,1,0,1,1,0,0,0,1,1,0,0,0,0,1,1,0,1,1,1,1,0,0,0,0,0,0,0,0,1,1,1,0
0,1,1,1,0,1,1,0,1,0,1,1,0,0,0,1,1,0,1,0,0,1,1,0,1,1,1,1,0,0,0,0,1,0,1,0,1,1,1,0
0,1,1,1,0,1,1,1,1,0,1,1,0,0,0,1,1,0,0,0,0,1,1,0,1,1,1,1,0,0,0,0,1,0,0,0,1,1,1,0
0,0,1,1,0,1,1,1,1,0,1,1,0,0,0,1,1,0,0,0,0,1,1,0,1,1,1,1,0,0,0,0,0,0,1,1,1,1,1,0
0,1,1,1,0,1,1,0,1,0,1,1,0,1,1,1,1,0,1,0,0,0,1,0,1,1,1,1,0,0,0,0,1,0,0,0,1,1,1,0
0,1,0,1,0,1,1,1,1,0,1,1,0,0,0,1,1,0,0,0,0,1,1,0,1,0,1,1,0,0,0,0,1,0,1,0,1,1,1,0
0,1,1,1,0,1,1,1,1,0,1,1,1,0,1,1,1,1,0,0,0,0,1,0,1,0,1,1,0,0,0,0,1,0,1,0,1,1,1,0
0,1,1,1,0,1,1,1,1,0,1,1,0,0,0,1,1,0,0,0,0,1,1,0,1,0,1,1,0,0,0,0,1,0,1,0,1,1,1,0
0,0,1,1,0,1,1,1,1,0,1,1,0,0,0,1,1,0,0,0,0,1,1,0,1,1,1,1,0,0,0,0,0,0,1,0,1,1,1,0
0,0,1,1,0,1,1,1,1,0,1,1,0,0,0,1,1,0,0,0,0,1,1,0,1,1,1,1,0,0,0,0,1,0,1,0,1,1,1,0
0,1,1,1,0,1,1,1,1,0,1,1,0,0,1,1,1,0,0,0,0,0,1,0,1,1,1,1,0,0,0,0,1,0,1,0,1,1,1,0
0,1,1,1,0,1,1,0,1,0,1,1,0,0,1,1,1,0,1,0,0,0,1,0,1,0,1,1,0,0,0,0,1,0,1,0,1,1,1,0
0,1,1,1,0,1,1,1,1,0,1,1,0,0,1,1,1,0,0,0,0,0,1,0,1,0,1,1,0,0,0,0,1,0,1,0,1,1,1,0
0,1,1,1,0,1,1,0,1,0,1,1,1,0,0,1,1,0,1,0,0,1,1,0,1,1,1,1,0,0,0,0,1,0,0,0,1,1,1,0
0,1,1,1,0,1,1,1,1,0,1,1,0,0,0,1,1,0,0,0,0,1,1,0,1,1,1,1,0,0,0,0,1,0,0,0,1,1,1,0
0,1,1,1,0,1,0,1,1,0,1,1,0,0,1,1,1,0,0,0,0,0,1,0,1,0,1,1,0,0,0,0,1,0,1,0,1,1,1,0
0,1,1,1,0,1,1,0,1,0,1,1,0,0,0,1,1,0,1,0,0,1,1,0,1,0,1,1,0,0,0,0,1,0,1,0,1,1,1,0
0,1,1,1,0,1,1,1,1,0,1,1,0,0,1,1,1,0,0,0,0,0,1,0,1,0,1,1,0,0,0,0,1,0,1,0,1,1,1,0
0,0,1,1,0,1,1,1,1,0,1,1,0,0,0,1,1,0,0,0,0,1,1,0,1,1,1,1,0,0,0,0,1,0,1,0,1,1,1,0
0,1,1,1,0,1,1,0,1,0,1,1,0,0,1,1,1,0,1,0,0,0,1,0,1,1,1,1,0,0,0,0,1,0,1,0,1,1,1,0
0,1,1,1,0,1,0,0,1,0,1,1,0,0,0,1,1,0,1,0,0,1,1,0,1,1,1,1,0,0,0,0,1,0,0,0,1,1,1,0
0,1,1,1,0,1,0,0,1,0,1,1,0,0,0,1,1,1,1,0,0,1,1,0,1,1,1,1,0,0,0,0,1,0,1,0,1,1,1,0
0,1,1,1,0,1,1,0,1,0,1,1,0,0,0,1,1,0,1,0,0,1,1,0,1,1,1,1,0,0,0,0,1,0,1,0,1,1,1,0
0,0,1,1,0,1,1,1,1,0,1,1,0,0,0,1,1,0,0,0,0,1,1,0,1,0,1,1,0,0,0,0,0,0,1,0,1,1,1,0
0,1,1,1,0,1,1,1,1,0,1,1,0,0,0,1,1,0,0,0,0,1,1,0,1,0,1,1,0,0,0,0,1,0,0,0,1,1,1,0
0,1,0,1,0,1,1,1,1,0,1,1,1,1,0,1,1,0,0,0,0,1,1,0,1,1,1,1,0,0,0,0,1,0,1,0,1,1,1,0
0,0,1,1,0,1,1,1,1,0,1,1,0,0,0,1,1,0,0,0,0,1,1,0,1,1,1,1,0,0,0,0,0,0,0,0,1,1,1,0
0,0,1,1,0,1,1,0,1,0,1,1,0,0,0,1,1,0,1,0,0,1,1,0,1,1,1,1,0,0,0,0,1,0,1,0,1,1,1,0
0,0,1,1,0,1,0,1,1,0,1,1,0,0,1,1,1,0,0,0,0,0,1,0,1,1,1,1,0,0,0,0,0,0,1,0,1,1,1,0
0,0,1,1,0,1,1,1,1,0,1,1,0,1,0,1,1,0,0,0,0,1,1,0,1,0,1,1,0,0,0,0,1,0,1,1,1,1,1,0
0,1,1,1,0,1,1,0,1,0,1,1,1,0,0,1,1,0,1,0,0,1,1,0,1,1,1,1,0,0,0,0,1,0,1,0,1,1,1,0
0,0,1,1,0,1,1,1,1,0,1,1,0,0,0,1,1,0,0,0,0,1,1,0,1,1,1,1,0,0,0,0,0,0,1,1,1,1,1,0
0,0,1,1,0,1,0,1,1,0,1,1,0,0,1,1,1,1,0,0,0,0,1,0,1,1,1,1,0,0,0,0,0,0,1,0,1,1,1,0
0,1,1,1,0,1,1,1,1,0,1,1,0,0,0,1,1,0,0,0,0,1,1,0,1,1,1,1,0,0,0,0,1,0,1,0,1,1,1,0
0,0,1,1,0,1,1,0,1,0,1,1,0,0,0,1,1,0,1,0,0,1,1,0,1,1,1,1,0,0,0,0,1,0,1,0,1,1,1,0
0,1,1,1,0,1,1,0,1,0,1,1,0,0,1,1,1,0,1,0,0,0,1,0,1,1,1,1,0,0,0,0,1,0,1,0,1,1,1,0
0,0,1,1,0,1,0,1,1,0,1,1,0,0,0,1,1,0,0,0,0,1,1,0,1,0,1,1,0,0,0,0,1,0,0,1,1,1,1,0
0,1,1,1,0,1,1,1,1,0,1,1,0,0,0,0,1,0,0,0,0,1,1,0,1,1,1,1,0,0,1,0,1,0,1,0,1,1,1,0
0,0,1,1,0,1,1,1,1,0,1,1,0,0,0,1,1,0,0,0,0,1,1,0,1,0,1,1,0,0,0,0,0,0,1,0,1,1,1,0
0,0,1,1,0,1,1,1,1,0,1,1,0,1,0,0,1,0,0,0,0,1,1,0,1,1,1,1,0,0,1,0,1,0,0,0,1,1,1,0
0,1,1,1,0,1,1,1,1,0,1,1,0,0,0,1,1,0,0,0,0,1,1,0,1,1,1,1,0,0,0,0,1,0,1,0,1,1,1,0
0,1,1,1,0,1,1,1,1,0,1,1,0,0,0,1,1,0,0,0,0,1,1,0,1,0,1,1,0,0,0,0,1,0,1,0,1,1,1,0
0,1,1,1,0,1,1,1,1,0,1,1,0,0,0,1,1,0,0,0,0,1,1,0,1,1,1,1,0,0,0,0,1,0,1,0,1,1,1,0
0,1,1,1,0,1,1,1,1,0,1,1,0,0,1,1,1,0,0,0,0,0,1,0,1,0,1,1,0,0,0,0,1,0,1,0,1,1,1,0
0,1,1,1,0,1,0,1,1,0,1,1,0,0,0,1,1,0,0,0,0,1,1,0,1,0,1,1,0,0,0,0,1,0,1,0,1,1,1,0
0,0,1,1,0,1,1,0,1,0,1,1,1,0,1,1,1,0,1,0,0,0,1,0,1,1,1,1,0,0,0,0,0,0,1,0,1,1,1,0
0,1,1,1,0,1,1,0,1,0,1,1,1,0,0,1,1,0,1,0,0,1,1,0,1,1,1,1,0,0,0,0,1,0,1,0,1,1,1,0
0,1,1,1,0,1,1,1,1,0,1,1,0,0,0,1,1,0,0,0,0,1,1,0,1,1,1,1,0,0,0,0,1,0,0,0,1,1,1,0
0,1,0,1,0,1,1,0,1,0,1,1,0,0,0,1,1,0,1,0,0,1,1,0,1,0,1,1,0,0,0,0,1,0,1,0,1,1,1,0
0,1,1,1,0,1,1,1,1,0,1,1,0,0,0,1,1,0,0,0,0,1,1,0,1,1,1,1,0,0,0,0,1,0,1,0,1,1,1,0
0,1,1,1,0,1,1,0,1,0,1,1,0,0,1,1,1,0,1,0,0,0,1,0,1,1,1,1,0,0,0,0,1,0,1,0,1,1,1,0
0,0,0,1,0,1,1,1,1,0,1,1,0,1,0,1,1,0,0,0,0,1,1,0,1,0,1,1,0,0,0,0,1,0,0,0,1,1,1,0
0,1,1,1,0,1,1,0,1,0,1,1,0,0,0,1,1,0,1,0,0,1,1,0,1,0,1,1,0,0,0,0,1,0,1,0,1,1,1,0
0,1,1,1,0,1,1,0,1,0,1,1,1,0,0,1,1,0,1,0,0,1,1,0,1,1,1,1,0,0,0,0,1,0,1,0,1,1,1,0
0,1,1,1,0,1,1,1,1,0,1,1,0,0,0,1,1,0,0,0,0,1,1,0,1,1,1,1,0,0,0,0,1,0,1,0,1,1,1,0
0,0,1,1,0,1,0,1,1,0,1,1,0,0,0,1,1,0,0,0,0,1,1,0,1,0,1,1,0,0,0,0,0,0,1,0,1,1,1,0
0,1,1,1,0,1,1,1,1,0,1,1,0,0,0,1,1,0,0,0,0,1,1,0,1,1,1,1,0,0,0,0,1,0,1,0,1,1,1,0
0,1,1,1,0,1,0,0,1,0,1,1,0,0,0,1,1,0,1,0,0,1,1,0,1,0,1,1,0,1,0,0,1,0,0,0,1,1,1,0
0,1,1,1,0,1,1,1,1,0,1,1,0,0,0,1,1,0,0,0,0,1,1,0,1,1,1,1,0,0,0,0,1,0,1,0,1,1,1,0
0,1,1,1,0,1,1,1,1,0,1,1,0,0,0,1,1,0,0,0,0,1,1,0,1,1,1,1,0,0,0,0,1,0,1,0,1,1,1,0
0,1,1,1,0,1,1,1,1,0,1,1,0,1,1,1,1,0,0,0,0,0,1,0,1,0,1,1,0,0,0,0,1,0,1,0,1,1,1,0
0,0,1,1,0,1,1,1,1,0,1,1,0,0,0,1,1,1,0,0,0,1,1,0,1,1,1,1,0,0,0,0,0,0,1,0,1,1,1,0
0,1,1,1,0,1,1,1,1,0,1,1,0,0,0,1,1,0,0,0,0,1,1,0,1,1,1,1,0,0,0,0,1,0,0,0,1,1,0,0
0,1,1,1,0,1,1,1,1,0,1,1,0,0,1,1,1,1,0,0,0,0,1,0,1,0,1,1,0,0,0,0,1,0,1,0,1,1,1,0
0,0,1,1,0,1,1,1,1,0,1,1,0,1,0,1,1,0,0,0,0,1,1,0,1,0,1,1,0,0,0,0,0,0,1,0,1,1,1,0
0,1,1,1,0,1,1,0,1,0,1,1,1,0,1,1,1,0,1,0,0,0,1,0,1,0,1,1,0,0,0,0,1,0,0,0,1,1,1,0
0,1,1,1,0,1,1,0,1,0,1,1,0,0,0,1,1,0,1,0,0,1,1,0,1,1,1,1,0,0,0,0,1,0,1,0,1,1,1,0
0,1,1,1,0,1,0,0,1,0,1,1,0,0,0,1,1,0,1,0,0,1,1,0,1,1,1,1,0,0,0,0,1,0,1,0,1,1,1,0
0,0,1,1,0,1,1,1,1,0,1,1,0,0,0,1,1,0,0,0,0,1,1,0,1,1,1,1,0,0,0,0,0,0,1,0,1,1,1,0
0,0,1,1,0,1,1,1,1,0,1,1,0,0,0,1,1,0,0,0,0,1,1,0,1,0,1,1,0,0,0,0,1,0,1,1,1,1,1,0
0,0,1,1,0,1,1,1,1,0,1,1,0,0,0,1,1,0,0,0,0,1,1,0,1,1,1,1,0,0,0,0,0,0,1,0,1,1,1,0
0,1,1,1,0,1,1,1,1,0,1,1,0,1,0,1,1,0,0,0,0,1,1,0,1,0,1,1,0,0,0,0,1,0,1,0,1,1,1,0
0,1,1,1,0,1,1,0,1,0,1,1,0,0,0,1,1,0,1,0,0,1,1,0,1,1,1,1,0,0,0,0,1,0,1,0,1,1,1,0
0,1,1,1,0,1,0,1,1,0,1,1,1,0,1,1,1,0,0,0,0,0,1,0,1,1,1,1,0,0,0,0,1,0,1,0,1,1,1,0
0,1,1,1,0,1,1,1,1,0,1,1,0,0,0,1,1,1,0,0,0,1,1,0,1,0,1,1,0,0,0,0,1,0,1,0,1,1,1,0
0,1,1,1,0,1,1,1,1,0,1,1,0,0,0,1,1,0,0,0,0,1,1,0,1,0,1,1,0,0,0,0,1,0,1,0,1,1,1,0
0,0,1,1,0,1,1,1,1,0,1,1,0,0,0,1,1,0,0,0,0,1,1,0,1,1,1,1,0,0,0,0,0,0,1,0,1,1,1,0
0,1,1,1,0,1,1,0,1,0,1,1,0,0,0,1,1,0,1,0,0,1,1,0,1,0,1,1,0,0,0,0,1,0,0,0,1,1,1,0
0,1,1,1,0,1,1,1,1,0,1,1,1,0,0,1,1,1,0,0,0,1,1,0,1,0,1,1,0,0,0,0,1,0,1,0,1,1,1,0
0,1,1,1,0,1,1,1,1,0,1,1,0,0,0,1,1,0,0,0,0,1,1,0,1,1,1,1,0,0,0,0,1,0,1,0,1,1,1,0
0,1,1,1,0,1,1,1,1,0,1,1,0,0,0,1,1,0,0,0,0,1,1,0,1,1,1,1,0,0,0,0,1,0,1,0,1,1,1,0
0,0,1,1,0,1,1,0,1,0,1,1,0,0,0,1,1,1,1,0,0,1,1,0,1,1,1,1,0,0,0,0,0,0,1,0,1,1,1,0
0,1,1,1,0,1,1,1,1,0,1,1,0,1,0,1,1,0,0,0,0,1,1,0,1,0,1,1,0,0,0,0,1,0,0,0,1,1,1,0
0,0,1,1,0,1,1,0,1,0,1,1,0,0,0,1,1,0,1,0,0,1,1,0,1,0,1,1,0,0,0,0,0,0,1,1,1,1,1,0
0,0,0,1,0,1,1,0,1,0,1,1,0,0,0,1,1,0,1,0,0,1,1,0,1,0,1,1,0,0,0,0,1,0,1,0,1,1,1,0
0,1,0,1,0,1,0,0,1,0,1,1,0,0,0,1,1,0,1,0,0,1,1,0,1,0,1,1,0,0,0,0,1,0,1,0,1,1,1,0
0,1,1,1,0,1,1,1,1,0,1,1,1,0,0,1,1,0,0,0,0,1,1,0,1,0,1,1,0,0,0,0,1,0,1,0,1,1,1,0
0,0,1,1,0,1,1,1,1,0,1,1,1,0,0,1,1,0,0,0,0,1,1,0,1,1,1,1,0,0,0,0,0,0,1,0,1,1,1,0
0,1,1,1,0,1,1,1,1,0,1,1,0,0,0,1,1,0,0,0,0,1,1,0,1,1,1,1,0,0,0,0,1,0,1,0,1,1,1,0
0,1,1,1,0,1,1,1,1,0,1,1,0,0,1,1,1,0,0,0,0,0,1,0,1,1,1,1,0,0,0,0,1,0,1,0,1,1,1,0
0,1,1,1,0,1,0,0,1,0,1,1,1,0,0,1,1,0,1,0,0,1,1,0,1,0,1,1,0,0,0,0,1,0,0,0,1,1,1,0
0,1,1,1,0,1,1,1,1,0,1,1,0,0,0,1,1,0,0,0,0,1,1,0,1,1,1,1,0,0,0,0,1,0,1,0,1,1,1,0
0,0,1,1,0,1,1,1,1,0,1,1,0,0,1,1,1,0,0,0,0,0,1,0,1,1,1,1,0,0,0,0,0,0,1,0,1,1,1,0
0,0,1,1,0,1,0,1,1,0,1,1,0,0,0,1,1,0,0,0,0,1,1,0,1,0,1,1,0,0,0,0,0,0,0,0,1,1,1,0
0,0,1,1,0,1,1,1,1,0,1,1,0,1,1,1,1,0,0,0,0,0,1,0,1,0,1,1,0,0,0,0,0,0,1,0,1,1,1,0
0,1,1,1,0,1,1,1,1,0,1,1,0,0,0,1,1,0,0,0,0,1,1,0,1,0,1,1,0,0,0,0,1,0,1,0,1,1,1,0
0,0,1,1,0,1,0,1,1,0,1,1,0,0,0,1,1,0,0,0,0,1,1,0,1,1,1,1,0,0,0,0,0,0,1,0,1,1,1,0
0,1,1,1,0,1,0,1,1,0,1,1,0,0,1,1,1,0,0,0,0,0,1,0,1,1,1,1,0,0,0,0,1,0,1,0,1,1,1,0
0,0,1,1,0,1,1,1,1,0,1,1,0,0,0,1,1,0,0,0,0,1,1,0,1,1,1,1,0,0,0,0,1,0,1,0,1,1,1,0
0,1,1,1,0,1,1,0,1,0,1,1,0,0,0,1,1,1,1,0,0,1,1,0,1,0,1,1,0,0,0,0,1,0,0,0,1,1,1,0
0,1,0,1,0,1,1,1,1,0,1,1,0,0,0,1,1,0,0,0,0,1,1,0,1,0,1,1,0,0,0,0,1,0,1,0,1,1,1,0
0,1,1,1,0,1,1,1,1,0,1,1,0,0,0,1,1,0,0,0,0,1,1,0,1,0,1,1,0,0,0,0,1,0,1,0,1,1,1,0
0,1,1,1,0,1,1,1,1,0,1,1,0,0,0,1,1,0,0,0,0,1,1,0,1,0,1,1,0,0,0,0,1,0,0,0,1,1,1,0
0,1,1,1,0,1,0,1,1,0,1,1,0,0,0,1,1,0,0,0,0,1,1,0,1,1,1,1,0,0,0,0,1,0,0,0,1,1,1,0
0,0,1,1,0,1,1,1,1,0,1,1,0,0,0,0,1,0,0,0,0,1,1,0,1,1,1,1,0,0,1,0,0,0,1,0,1,1,1,0
0,1,1,1,0,1,1,1,1,0,1,1,0,0,0,1,1,1,0,0,0,1,1,0,1,1,1,1,0,0,0,0,1,0,1,0,1,1,1,0
0,1,1,1,0,1,1,0,1,0,1,1,0,0,1,1,1,0,1,0,0,0,1,0,1,1,1,1,0,0,0,0,1,0,1,0,1,1,1,0
0,0,1,1,0,1,1,1,1,0,1,1,0,1,0,1,1,0,0,0,0,1,1,0,1,0,1,1,0,0,0,0,0,0,1,0,1,1,1,0
0,0,1,1,0,1,1,0,1,0,1,1,0,0,0,1,1,1,1,0,0,1,1,0,1,1,1,1,0,0,0,0,0,0,1,1,1,1,1,0
0,1,1,1,0,1,1,1,1,0,1,1,0,0,0,1,1,0,0,0,0,1,1,0,1,1,1,1,0,0,0,0,1,0,1,0,1,1,1,0
0,0,1,1,0,1,1,1,1,0,1,1,0,0,0,1,1,0,0,0,0,1,1,0,1,1,1,1,0,0,0,0,0,0,1,0,1,1,1,0
0,1,1,1,0,1,1,1,1,0,1,1,0,1,0,1,1,0,0,0,0,1,1,0,1,1,1,1,0,0,0,0,1,0,1,0,1,1,1,0
0,0,1,1,0,1,1,1,1,0,1,1,0,0,0,1,1,0,0,0,0,1,1,0,1,0,1,1,0,0,0,0,1,0,1,1,1,1,1,0
0,1,1,1,0,1,1,0,1,0,1,1,0,0,0,1,1,0,1,0,0,1,1,0,1,1,1,1,0,0,0,0,1,0,1,0,1,1,1,0
0,1,1,1,0,1,1,1,1,0,1,1,0,0,0,1,1,0,0,0,0,1,1,0,1,1,1,1,0,0,0,0,1,0,1,0,1,1,1,0
0,1,1,1,0,1,1,0,1,0,1,1,0,1,0,1,1,0,1,0,0,1,1,0,1,1,1,1,0,0,0,0,1,0,1,0,1,1,1,0
0,1,1,1,0,1,1,0,1,0,1,1,0,0,0,1,1,0,1,0,0,1,1,0,1,0,1,1,0,0,0,0,1,0,1,0,1,1,1,0
0,1,1,1,0,1,1,0,1,0,1,1,0,0,0,1,1,0,1,0,0,1,1,0,1,0,1,1,0,0,0,0,1,0,1,0,1,1,1,0
0,1,1,1,0,1,1,0,1,0,1,1,0,0,0,1,1,0,1,0,0,1,1,0,1,1,1,1,0,0,0,0,1,0,1,0,1,1,1,0
0,0,1,1,0,1,1,0,1,0,1,1,0,0,1,1,1,0,1,0,0,0,1,0,1,1,1,1,0,0,0,0,1,0,1,0,1,1,1,0
0,1,1,1,0,1,1,1,1,0,1,1,0,0,0,1,1,0,0,0,0,1,1,0,1,0,1,1,0,0,0,0,1,0,1,0,1,1,1,0
0,0,1,1,0,1,1,1,1,0,1,1,0,0,0,1,1,0,0,0,0,1,1,0,1,1,1,1,0,0,0,0,0,0,0,0,1,1,1,0
0,1,1,1,0,1,1,1,1,0,1,1,0,0,1,1,1,0,0,0,0,0,1,0,1,1,1,1,0,0,0,0,1,0,1,0,1,1,1,0
0,1,1,1,0,1,1,1,1,0,1,1,0,0,0,1,1,0,0,0,0,1,1,0,1,1,1,1,0,0,0,0,1,0,1,0,1,1,1,0
0,1,1,1,0,1,1,1,1,0,1,1,0,0,1,1,1,0,0,0,0,0,1,0,1,0,1,1,0,0,0,0,1,0,1,0,1,1,1,0
0,0,1,1,0,1,1,1,1,0,1,1,0,1,0,1,1,0,0,0,0,1,1,0,1,0,1,1,0,0,0,0,0,0,1,0,1,1,1,0
0,1,1,1,0,1,1,1,1,0,1,1,0,1,1,1,1,0,0,0,0,0,1,0,1,0,1,1,0,0,0,0,1,0,1,0,1,1,1,0
0,1,1,1,0,1,1,1,1,0,1,1,0,0,1,1,1,0,0,0,0,0,1,0,1,1,1,1,0,0,0,0,1,0,1,0,1,1,1,0
0,0,1,1,0,1,1,1,1,0,1,1,0,0,0,1,1,0,0,0,0,1,1,0,1,1,1,1,0,0,0,0,1,0,1,0,1,1,1,0
0,1,1,1,0,0,1,0,1,0,1,1,0,0,1,1,1,1,1,0,0,0,1,0,1,1,1,1,0,0,0,0,1,0,1,0,1,1,1,0
0,0,1,1,0,1,0,1,1,0,1,1,0,0,1,1,1,0,0,0,0,0,1,0,1,1,1,1,0,0,0,0,0,0,1,1,1,1,1,0
0,1,1,1,0,1,1,1,1,0,1,1,0,0,1,1,1,0,0,0,0,0,1,0,1,1,1,1,0,0,0,0,1,0,1,0,1,1,1,0
0,1,1,1,0,1,1,1,1,0,1,1,0,0,0,1,1,0,0,0,0,1,1,0,1,0,1,1,0,0,0,0,1,0,1,0,1,1,1,0
0,1,1,1,0,1,1,1,1,0,1,1,0,0,0,1,1,0,0,0,0,1,1,0,1,0,1,1,0,0,0,0,1,0,0,0,1,1,1,0
0,1,1,1,0,1,1,0,1,0,1,1,0,0,0,1,1,0,1,0,0,1,1,0,1,0,1,1,0,0,0,0,1,0,0,0,1,1,0,0
0,1,1,1,0,1,0,1,1,0,1,1,0,0,0,1,1,0,0,0,0,1,1,0,1,1,1,1,0,0,0,0,1,0,1,0,1,1,1,0
0,1,1,1,0,1,0,1,1,0,1,1,0,0,0,1,1,0,0,0,0,1,1,0,1,1,1,1,0,0,0,0,1,0,1,0,1,1,1,0
0,1,1,1,0,1,1,1,1,0,1,1,0,1,0,1,1,0,0,0,0,1,1,0,1,0,1,1,0,0,0,0,1,0,1,0,1,1,1,0
0,1,1,1,0,1,0,1,1,0,1,1,0,0,0,1,1,0,0,0,0,1,1,0,1,0,1,1,0,0,0,0,1,0,1,0,1,1,1,0
0,0,1,1,0,1,1,0,1,0,1,1,0,1,0,1,1,0,1,0,0,1,1,0,1,1,1,1,0,0,0,0,0,0,1,1,1,1,1,0
0,0,1,1,0,1,1,1,1,0,1,1,0,0,0,1,1,0,0,0,0,1,1,0,1,1,1,1,0,0,0,0,1,0,1,0,1,1,1,0
0,0,1,1,0,1,1,1,1,0,1,1,0,0,0,1,1,0,0,0,0,1,1,0,1,1,1,1,0,0,0,0,0,0,1,0,1,1,1,0
0,1,0,1,0,1,1,0,1,0,1,1,0,0,1,1,1,0,1,0,0,0,1,0,1,1,1,1,0,0,0,0,1,0,0,0,1,1,1,0
0,0,1,1,0,1,1,1,1,0,1,1,0,1,0,1,1,0,0,0,0,1,1,0,1,1,1,1,0,0,0,0,1,0,0,0,1,1,1,0
0,1,1,1,0,1,1,1,1,0,1,1,0,1,0,1,1,0,0,0,0,1,1,0,1,1,1,1,0,0,0,0,1,0,1,0,1,1,1,0
0,1,1,1,0,1,1,1,1,0,1,1,0,1,1,1,1,0,0,0,0,0,1,0,1,1,1,1,0,0,0,0,1,0,1,0,1,1,1,0
0,1,1,1,0,1,1,1,1,0,1,1,0,0,0,1,1,0,0,0,0,1,1,0,1,1,1,1,0,0,0,0,1,0,0,0,1,1,1,0
0,0,1,1,0,1,0,1,1,0,1,1,0,0,0,1,1,0,0,0,0,1,1,0,1,1,1,1,0,0,0,0,0,0,1,0,1,1,1,0
0,1,1,1,0,1,0,0,1,0,1,1,0,0,0,1,1,0,1,0,0,1,1,0,1,1,1,1,0,0,0,0,1,0,1,0,1,1,1,0
0,1,1,1,0,1,0,1,1,0,1,1,0,0,0,1,1,0,0,0,0,1,1,0,1,1,1,1,0,0,0,0,1,0,1,0,1,1,1,0
0,1,1,1,0,1,1,1,1,0,1,1,0,0,1,1,1,0,0,0,0,0,1,0,1,1,1,1,0,0,0,0,1,0,1,0,1,1,1,0
0,0,1,1,0,1,1,0,1,0,1,1,0,0,0,1,1,0,1,0,0,1,1,0,1,0,1,1,0,0,0,0,0,0,0,1,1,1,1,0
0,1,1,1,0,1,0,1,1,0,1,1,0,0,1,1,1,0,0,0,0,0,1,0,1,1,1,1,0,0,0,0,1,0,1,0,1,1,1,0
0,0,1,1,0,1,1,0,1,0,1,1,0,1,0,0,1,0,1,0,0,1,1,0,1,1,1,1,0,0,1,0,0,0,1,1,1,1,1,0
0,0,1,1,0,1,1,1,1,0,1,1,0,0,0,1,1,0,0,0,0,1,1,0,1,1,1,1,0,0,0,0,0,0,1,0,1,1,1,0
0,1,1,1,0,1,1,1,1,0,1,1,0,0,1,1,1,0,0,0,0,0,1,0,1,1,1,1,0,0,0,0,1,0,1,0,1,1,1,0
0,1,1,1,0,1,1,0,1,0,1,1,0,0,0,1,1,0,1,0,0,1,1,0,1,1,1,1,0,0,0,0,1,0,1,0,1,1,1,0
0,1,1,1,0,1,0,0,1,0,1,1,0,0,0,1,1,1,1,0,0,1,1,0,1,1,1,1,0,0,0,0,1,0,1,0,1,1,1,0
0,0,1,1,0,1,1,0,1,0,1,1,0,0,1,1,1,0,1,0,0,0,1,0,1,1,1,1,0,0,0,0,0,0,1,1,1,1,1,0
0,1,1,1,0,1,1,1,1,0,1,1,0,0,0,1,1,0,0,0,0,1,1,0,1,1,1,1,0,0,0,0,1,0,1,0,1,1,1,0
0,1,1,1,0,1,1,1,1,0,1,1,0,0,0,1,1,1,0,0,0,1,1,0,1,1,1,1,0,0,0,0,1,0,1,0,1,1,1,0
0,1,1,1,0,1,1,0,1,0,1,1,0,1,0,1,1,0,1,0,0,1,1,0,1,1,1,1,0,0,0,0,1,0,1,0,1,1,1,0
0,0,1,1,0,1,1,0,1,0,1,1,0,0,0,1,1,0,1,0,0,1,1,0,1,1,1,1,0,0,0,0,0,0,0,0,1,1,1,0
0,0,1,1,0,1,1,0,1,0,1,1,0,0,0,1,1,0,1,0,0,1,1,0,1,1,1,1,0,0,0,0,1,0,1,0,1,1,1,0
0,1,1,1,0,1,1,1,1,0,1,1,0,0,0,1,1,0,0,0,0,1,1,0,1,1,1,1,0,0,0,0,1,0,0,0,1,1,1,0
0,0,1,1,0,1,1,1,1,0,1,1,0,0,0,1,1,0,0,0,0,1,1,0,1,1,1,1,0,0,0,0,0,0,1,0,1,1,1,0
0,1,1,1,0,1,1,0,1,0,1,1,0,0,0,1,1,0,1,0,0,1,1,0,1,1,1,1,0,0,0,0,1,0,1,0,1,1,1,0
0,0,1,1,0,1,1,0,1,0,1,1,0,0,0,1,1,0,1,0,0,1,1,0,1,0,1,1,0,0,0,0,0,0,1,0,1,1,1,0
0,0,1,1,0,1,1,1,1,0,1,1,0,1,0,1,1,0,0,0,0,1,1,0,1,1,1,1,0,0,0,0,0,0,1,0,1,1,1,0
0,1,1,1,0,1,1,1,1,0,1,1,0,0,1,1,1,0,0,0,0,0,1,0,1,1,1,1,0,0,0,0,1,0,1,0,1,1,1,0
0,0,1,1,0,1,0,0,1,0,1,1,0,0,0,1,1,0,1,0,0,1,1,0,1,0,1,1,0,0,0,0,1,0,1,0,1,1,1,0
0,0,1,1,0,1,1,0,1,0,1,1,0,0,0,1,1,0,1,0,0,1,1,0,1,0,1,1,0,0,0,0,0,0,1,0,1,1,1,0
0,1,1,1,0,1,0,1,1,0,1,1,0,0,0,1,1,0,0,0,0,1,1,0,1,0,1,1,0,0,0,0,1,0,1,0,1,1,1,0
0,1,1,1,0,1,1,1,1,0,1,1,0,0,0,1,1,1,0,0,0,1,1,0,1,1,1,1,0,0,0,0,1,0,1,0,1,1,1,0
0,1,1,1,0,1,0,1,1,0,1,1,0,0,0,1,1,0,0,0,0,1,1,0,1,1,1,1,0,0,0,0,1,0,0,0,1,1,1,0
0,1,1,1,0,1,1,1,1,0,1,1,0,0,1,1,1,0,0,0,0,0,1,0,1,0,1,1,0,0,0,0,1,0,0,0,1,1,1,0
0,1,1,1,0,1,1,1,1,0,1,1,0,0,0,1,1,0,0,0,0,1,1,0,1,0,1,1,0,0,0,0,1,0,1,0,1,1,1,0
0,1,1,1,0,1,1,1,1,0,1,1,0,0,0,0,1,0,0,0,0,1,1,0,1,1,1,1,0,0,1,0,1,0,1,0,1,1,1,0
0,1,1,1,0,1,1,1,1,0,1,1,0,0,0,1,1,0,0,0,0,1,1,0,1,1,1,1,0,0,0,0,1,0,1,0,1,1,1,0
0,1,1,1,0,1,1,1,1,0,1,1,0,0,0,1,1,0,0,0,0,1,1,0,1,0,1,1,0,0,0,0,1,0,1,0,1,1,1,0
0,1,0,1,0,1,1,1,1,0,1,1,0,0,0,1,1,0,0,0,0,1,1,0,1,1,1,1,0,0,0,0,1,0,1,0,1,1,0,0
0,0,1,1,0,1,0,1,1,0,1,1,0,0,0,1,1,0,0,0,0,1,1,0,1,1,1,1,0,0,0,0,0,0,1,0,1,1,1,0
0,1,1,1,0,1,1,1,1,0,1,1,0,0,0,1,1,0,0,0,0,1,1,0,1,1,1,1,0,0,0,0,1,0,1,0,1,1,1,0
0,1,1,1,0,1,0,1,1,0,1,1,0,0,1,1,1,0,0,0,0,0,1,0,1,0,1,1,0,0,0,0,1,0,0,0,1,1,1,0
0,0,1,1,0,1,0,1,1,0,1,1,0,0,1,1,1,0,0,0,0,0,1,0,1,1,1,1,0,0,0,0,1,0,1,0,1,1,1,0
0,0,1,1,0,1,1,1,1,0,1,1,0,1,0,1,1,0,0,0,0,1,1,0,1,0,1,1,0,0,0,0,0,0,1,0,1,1,1,0
0,1,1,1,0,1,1,0,1,0,1,1,0,0,0,1,1,0,1,0,0,1,1,0,1,0,1,1,0,0,0,0,1,0,1,0,1,1,1,0
0,1,1,1,0,1,1,0,1,0,1,1,0,0,0,1,1,1,1,0,0,1,1,0,1,1,1,1,0,0,0,0,1,0,1,0,1,1,1,0
0,1,1,1,1,1,1,0,1,0,1,1,0,0,0,0,1,0,1,0,0,1,1,0,1,0,1,1,0,0,1,0,1,0,1,0,0,1,0,0
0,1,1,1,0,1,0,1,1,0,1,1,0,1,0,1,1,0,0,0,0,1,1,0,1,1,1,1,0,0,0,0,1,0,1,0,1,1,1,0
0,1,1,1,0,1,1,1,1,0,1,1,0,0,0,1,1,0,0,0,0,1,1,0,1,1,1,1,0,0,0,0,1,0,1,0,1,1,1,0
0,1,1,1,0,1,1,1,1,0,1,1,1,0,0,0,1,0,0,0,0,1,1,0,1,0,1,1,0,0,1,0,1,0,1,0,1,1,1,0
0,1,1,1,0,1,0,0,1,0,1,1,0,0,0,1,1,0,1,0,0,1,1,0,1,1,1,1,0,0,0,0,1,0,0,0,1,1,1,0
0,1,1,1,0,1,1,0,1,0,1,1,0,1,0,1,1,0,1,0,0,1,1,0,1,0,1,1,0,1,0,0,1,0,0,0,1,1,1,0
0,1,1,1,0,1,1,1,1,0,1,1,1,1,0,1,1,1,0,0,0,1,1,0,1,1,1,1,0,0,0,0,1,0,0,0,1,1,1,0
0,0,1,1,0,1,1,0,1,0,1,1,0,1,0,1,1,0,1,0,0,1,1,0,1,0,1,1,0,0,0,0,1,0,1,0,1,1,1,0
0,1,1,1,0,1,0,1,1,0,1,1,0,0,0,1,1,0,0,0,0,1,1,0,1,1,1,1,0,0,0,0,1,0,0,0,1,1,1,0
0,1,1,1,0,1,1,1,1,0,1,1,0,0,0,1,1,0,0,0,0,1,1,0,1,1,1,1,0,0,0,0,1,0,1,0,1,1,1,0
0,1,1,1,0,1,1,1,1,0,1,1,0,0,0,1,1,0,0,0,0,1,1,0,1,1,1,1,0,0,0,0,1,0,0,0,1,1,1,0
0,1,1,1,0,1,1,0,1,0,1,1,0,0,0,1,1,0,1,0,0,1,1,0,1,1,1,1,0,0,0,0,1,0,1,0,1,1,1,0
0,0,1,1,0,1,1,0,1,0,1,1,0,0,0,1,1,0,1,0,0,1,1,0,1,1,1,1,0,0,0,0,0,0,1,1,1,1,1,0
0,1,1,1,0,1,1,1,1,0,1,1,0,0,0,1,1,0,0,0,0,1,1,0,1,1,1,1,0,0,0,0,1,0,1,0,1,1,1,0
0,0,1,1,0,1,0,1,1,0,1,1,0,0,0,1,1,0,0,0,0,1,1,0,1,1,1,1,0,0,0,0,0,0,1,0,1,1,1,0
0,1,1,1,0,1,1,1,1,0,1,1,0,0,0,1,1,1,0,0,0,1,1,0,1,1,1,1,0,0,0,0,1,0,1,0,1,1,1,0
0,0,1,1,0,1,1,0,1,0,1,1,1,0,0,1,1,1,1,0,0,1,1,0,1,1,1,1,0,0,0,0,1,0,1,0,1,1,1,0
0,1,1,1,0,1,1,1,1,0,1,1,0,0,0,1,1,0,0,0,0,1,1,0,1,0,1,1,0,0,0,0,1,0,1,0,1,1,1,0
0,0,1,1,0,1,1,1,1,0,1,1,0,0,1,1,1,0,0,0,0,0,1,0,1,1,1,1,0,0,0,0,0,0,1,0,1,1,1,0
0,0,1,1,0,1,1,1,1,0,1,1,0,0,0,1,1,0,0,0,0,1,1,0,1,1,1,1,0,0,0,0,0,0,1,1,1,1,0,0
0,1,0,1,0,1,1,1,1,0,1,1,0,0,0,0,1,1,0,0,0,1,1,0,1,1,1,1,0,0,1,0,1,0,1,0,1,1,1,0
0,0,1,1,0,1,1,1,1,0,1,1,0,0,0,1,1,1,0,0,0,1,1,0,1,1,1,1,0,0,0,0,0,0,1,0,1,1,1,0
0,1,1,1,0,1,1,1,1,0,1,1,0,1,1,1,1,0,0,0,0,0,1,0,1,1,1,1,0,0,0,0,1,0,1,0,1,1,1,0
0,0,0,1,0,1,1,1,1,0,1,1,0,0,1,1,1,0,0,0,0,0,1,0,1,1,1,1,0,0,0,0,1,0,0,0,1,1,1,0
0,1,1,1,0,1,1,1,1,0,1,1,0,0,1,1,1,0,0,0,0,0,1,0,1,1,1,1,0,0,0,0,1,0,1,0,1,1,1,0
0,1,1,1,0,1,0,1,1,0,1,1,0,0,0,1,1,0,0,0,0,1,1,0,1,1,1,1,0,0,0,0,1,0,1,0,1,1,1,0
0,1,1,1,0,1,1,1,1,0,1,1,0,0,0,1,1,0,0,0,0,1,1,0,1,0,1,1,0,0,0,0,1,0,1,0,1,1,1,0
0,1,1,1,0,1,1,1,1,0,1,1,0,0,0,1,1,0,0,0,0,1,1,0,1,1,1,1,0,0,0,0,1,0,1,0,1,1,1,0
0,1,1,1,0,1,1,1,1,0,1,1,0,1,1,1,1,0,0,0,0,0,1,0,1,1,1,1,0,0,0,0,1,0,1,0,1,1,1,0
0,0,1,1,0,1,1,1,1,0,1,1,0,0,0,0,1,0,0,0,0,1,1,0,1,1,1,1,0,0,1,0,0,0,0,1,1,1,1,0
0,1,1,1,0,1,1,1,1,0,1,1,0,1,1,1,1,0,0,0,0,0,1,0,1,0,1,1,0,0,0,0,1,0,1,0,1,1,1,0
0,1,1,1,0,1,1,1,1,0,1,1,1,0,0,1,1,0,0,0,0,1,1,0,1,0,1,1,0,0,0,0,1,0,1,0,1,1,1,0
0,1,1,1,0,1,1,1,1,0,1,1,0,0,0,1,1,0,0,0,0,1,1,0,1,0,1,1,0,0,0,0,1,0,1,0,1,1,1,0
0,1,1,1,0,1,1,1,1,0,1,1,0,0,0,1,1,1,0,0,0,1,1,0,1,1,1,1,0,0,0,0,1,0,1,0,1,1,1,0
0,1,1,1,0,1,1,1,1,0,1,1,0,1,0,1,1,0,0,0,0,1,1,0,1,1,1,1,0,0,0,0,1,0,1,0,1,1,1,0
0,1,0,1,0,1,0,1,1,0,1,1,0,0,0,1,1,0,0,0,0,1,1,0,1,1,1,1,0,0,0,0,1,0,1,0,1,1,1,0
0,1,1,1,0,1,1,1,1,0,1,1,0,0,1,1,1,0,0,0,0,0,1,0,1,0,1,1,0,0,0,0,1,0,1,0,1,1,1,0
0,0,1,1,0,1,1,0,1,0,1,1,0,0,0,1,1,0,1,0,0,1,1,0,1,1,1,1,0,0,0,0,0,0,1,0,1,1,1,0
0,0,1,1,0,1,1,1,1,0,1,1,0,0,0,1,1,0,0,0,0,1,1,0,1,1,1,1,0,0,0,0,0,0,1,0,1,1,1,0
0,1,1,1,0,1,1,1,1,0,1,1,0,0,0,1,1,1,0,0,0,1,1,0,1,1,1,1,0,0,0,0,1,0,1,0,1,1,1,0
0,1,1,1,0,1,1,1,1,0,1,1,0,0,0,1,1,0,0,0,0,1,1,0,1,1,1,1,0,0,0,0,1,0,0,0,1,1,1,0
0,1,1,1,0,1,1,0,1,0,1,1,0,0,1,1,1,0,1,0,0,0,1,0,1,0,1,1,0,0,0,0,1,0,1,0,1,1,1,0
0,1,1,1,0,1,1,1,1,0,1,1,0,0,0,1,1,0,0,0,0,1,1,0,1,1,1,1,0,0,0,0,1,0,1,0,1,1,1,0
0,1,1,1,0,1,1,0,1,0,1,1,0,0,0,1,1,0,1,0,0,1,1,0,1,1,1,1,0,0,0,0,1,0,0,0,1,1,1,0
0,1,1,1,0,1,1,1,1,0,1,1,0,0,0,1,1,0,0,0,0,1,1,0,1,1,1,1,0,0,0,0,1,0,1,0,1,1,1,0
0,0,1,1,0,1,1,1,1,0,1,1,0,0,0,1,1,0,0,0,0,1,1,0,1,0,1,1,0,0,0,0,1,0,1,1,1,1,1,0
0,0,1,1,0,1,1,1,1,0,1,1,0,0,0,1,1,0,0,0,0,1,1,0,1,1,1,1,0,0,0,0,0,0,1,0,1,1,1,0
0,1,1,1,0,1,1,0,1,0,1,1,0,0,0,1,1,0,1,0,0,1,1,0,1,1,1,1,0,0,0,0,1,0,1,0,1,1,1,0
0,0,1,1,0,1,1,0,1,0,1,1,0,0,0,1,1,1,1,0,0,1,1,0,1,0,1,1,0,0,0,0,0,0,1,0,1,1,1,0
0,1,1,1,0,1,1,1,1,0,1,1,1,0,0,1,1,0,0,0,0,1,1,0,1,0,1,1,0,0,0,0,1,0,1,0,1,1,1,0
0,1,1,1,0,1,1,0,1,0,1,1,0,0,0,1,1,0,1,0,0,1,1,0,1,1,1,1,0,0,0,0,1,0,1,0,1,1,1,0
0,1,1,1,0,1,1,1,1,0,1,1,0,0,0,1,1,0,0,0,0,1,1,0,1,0,1,1,0,0,0,0,1,0,1,0,1,1,1,0
0,1,1,1,0,1,0,0,1,0,1,1,0,1,0,1,1,0,1,0,0,1,1,0,1,1,1,1,0,0,0,0,1,0,0,0,1,1,1,0
0,1,1,1,0,1,0,1,1,0,1,1,0,0,0,0,1,0,0,0,0,1,1,0,1,1,1,1,0,0,1,0,1,0,0,0,1,1,1,0
0,0,1,1,0,1,1,0,1,0,1,1,0,0,0,1,1,0,1,0,0,1,1,0,1,1,1,1,0,0,0,0,0,0,1,0,1,1,1,0
0,1,1,1,0,1,1,0,1,0,1,1,0,0,0,1,1,0,1,0,0,1,1,0,1,0,1,1,0,0,0,0,1,0,1,0,1,1,1,0
0,1,1,1,0,1,1,1,1,0,1,1,0,0,0,1,1,0,0,0,0,1,1,0,1,0,1,1,0,0,0,0,1,0,1,0,1,1,1,0
0,1,0,1,0,1,1,1,1,0,1,1,0,0,0,1,1,0,0,0,0,1,1,0,1,1,1,1,0,0,0,0,1,0,1,0,1,1,1,0
0,0,1,1,0,1,1,0,1,0,1,1,0,0,0,1,1,1,1,0,0,1,1,0,1,1,1,1,0,0,0,0,0,0,1,0,1,1,1,0
0,0,1,1,0,1,0,1,1,0,1,1,0,1,0,1,1,0,0,0,0,1,1,0,1,1,1,1,0,0,0,0,0,0,0,0,1,1,1,0
0,1,1,1,0,1,1,0,1,0,1,1,0,0,0,1,1,1,1,0,0,1,1,0,1,0,1,1,0,0,0,0,1,0,1,0,1,1,1,0
0,1,1,1,0,1,1,0,1,0,1,1,0,0,0,1,1,0,1,0,0,1,1,0,1,0,1,1,0,0,0,0,1,0,1,0,1,1,1,0
0,1,1,1,0,1,1,0,1,0,1,1,0,0,0,1,1,0,1,0,0,1,1,0,1,1,1,1,0,0,0,0,1,0,1,0,1,1,1,0
0,1,1,1,0,1,1,1,1,0,1,1,0,0,0,1,1,1,0,0,0,1,1,0,1,1,1,1,0,0,0,0,1,0,0,0,1,1,1,0
0,1,1,1,0,1,1,1,1,0,1,1,0,0,0,1,1,0,0,0,0,1,1,0,1,1,1,1,0,0,0,0,1,0,1,0,1,1,1,0
0,0,1,1,0,1,0,1,1,0,1,1,0,0,0,1,1,0,0,0,0,1,1,0,1,1,1,1,0,0,0,0,1,0,1,0,1,1,1,0
0,1,1,1,0,1,0,0,1,0,1,1,0,0,0,1,1,0,1,0,0,1,1,0,1,0,1,1,0,0,0,0,1,0,1,0,1,1,1,0
0,1,1,1,0,1,0,1,1,0,1,1,0,1,0,1,1,0,0,0,0,1,1,0,1,1,1,1,0,0,0,0,1,0,1,0,1,1,1,0
0,1,1,1,0,1,1,0,1,0,1,1,0,0,1,1,1,0,1,0,0,0,1,0,1,1,1,1,0,0,0,0,1,0,1,0,1,1,1,0
0,1,1,1,0,1,1,1,1,0,1,1,0,0,0,1,1,0,0,0,0,1,1,0,1,1,1,1,0,0,0,0,1,0,1,0,1,1,1,0
0,1,1,1,0,1,1,0,1,0,1,1,0,0,0,1,1,0,1,0,0,1,1,0,1,1,1,1,0,0,0,0,1,0,1,0,1,1,1,0
0,1,1,1,0,1,1,0,1,0,1,1,0,0,1,1,1,0,1,0,0,0,1,0,1,1,1,1,0,0,0,0,1,0,1,0,1,1,1,0
0,1,1,1,0,1,1,1,1,0,1,1,0,0,0,1,1,0,0,0,0,1,1,0,1,1,1,1,0,0,0,0,1,0,1,0,1,1,1,0
0,1,1,1,0,1,0,1,1,0,1,1,0,0,0,1,1,0,0,0,0,1,1,0,1,1,1,1,0,0,0,0,1,0,1,0,1,1,1,0
0,1,1,1,0,1,1,0,1,0,1,1,0,0,0,1,1,0,1,0,0,1,1,0,1,0,1,1,0,0,0,0,1,0,1,0,1,1,1,0
0,1,1,1,0,1,1,0,1,0,1,1,0,0,0,1,1,0,1,0,0,1,1,0,1,0,1,1,0,0,0,0,1,0,0,0,1,1,1,0
0,1,1,1,0,1,1,1,1,0,1,1,0,0,0,1,1,0,0,0,0,1,1,0,1,0,1,1,0,0,0,0,1,0,1,0,1,1,1,0
0,1,1,1,0,1,1,1,0,0,1,1,0,0,0,1,1,0,0,0,0,1,0,0,1,0,1,0,0,0,0,0,1,0,1,0,1,1,1,0
0,1,1,1,0,1,1,0,1,0,1,1,0,0,0,1,1,0,1,0,0,1,1,0,1,0,1,1,0,0,0,0,1,0,1,0,1,1,1,0
0,1,1,1,0,1,1,0,1,0,1,1,0,0,0,1,1,0,1,0,0,1,1,0,1,1,1,1,0,0,0,0,1,0,1,0,1,1,1,0
0,1,1,1,0,1,1,1,1,0,1,1,0,0,0,1,1,0,0,0,0,1,1,0,1,0,1,1,0,0,0,0,1,0,1,0,1,1,1,0
0,0,1,1,0,1,1,1,1,0,1,1,0,0,1,1,1,0,0,0,0,0,1,0,1,0,1,1,0,0,0,0,0,0,0,0,1,1,1,0
0,1,1,1,0,1,1,1,1,0,1,1,0,0,1,1,1,0,0,0,0,0,1,0,1,0,1,1,0,0,0,0,1,0,0,0,1,1,1,0
0,1,1,1,0,1,1,0,1,0,1,1,0,0,1,1,1,0,1,0,0,0,1,0,1,0,1,1,0,0,0,0,1,0,1,0,1,1,1,0
0,1,1,1,0,1,1,1,1,0,1,1,0,0,0,1,1,0,0,0,0,1,1,0,1,0,1,1,0,0,0,0,1,0,0,0,1,1,1,0
0,1,1,1,0,1,1,1,1,0,1,1,0,0,1,1,1,0,0,0,0,0,1,0,1,1,1,1,0,0,0,0,1,0,1,0,1,1,1,0
0,1,1,1,0,1,1,1,1,0,1,1,0,0,0,1,1,0,0,0,0,1,1,0,1,1,1,1,0,0,0,0,1,0,0,0,1,1,1,0
0,1,1,1,0,1,1,1,1,0,1,1,0,0,0,1,1,0,0,0,0,1,1,0,1,0,1,1,0,0,0,0,1,0,1,0,1,1,1,0
0,0,1,1,0,1,1,1,1,0,1,1,0,0,0,1,1,0,0,0,0,1,1,0,1,1,1,1,0,0,0,0,0,0,0,0,1,1,1,0
0,0,1,1,0,1,1,1,1,0,1,1,0,1,0,0,1,0,0,0,0,1,1,0,1,1,1,1,0,0,1,0,0,0,1,0,1,1,1,0
0,1,1,1,0,1,1,1,1,0,1,1,0,1,1,1,1,0,0,0,0,0,1,0,1,1,1,1,0,0,0,0,1,0,0,0,1,1,1,0
0,1,1,1,0,1,1,0,1,0,1,1,0,1,0,1,1,0,1,0,0,1,1,0,1,1,1,1,0,0,0,0,1,0,1,0,1,1,1,0
0,1,1,1,0,1,1,0,1,0,1,1,0,0,0,1,1,0,1,0,0,1,1,0,1,0,1,1,0,1,0,0,1,0,1,0,1,1,1,0
0,0,1,1,0,1,1,0,1,0,1,1,0,0,0,1,1,0,1,0,0,1,1,0,1,1,1,1,0,0,0,0,0,0,1,0,1,1,1,0
0,1,1,1,0,1,1,0,1,0,1,1,0,1,0,1,1,0,1,0,0,1,1,0,1,0,1,1,0,0,0,0,1,0,1,0,1,1,1,0
0,1,1,1,0,1,1,1,1,0,1,1,0,1,0,1,1,0,0,0,0,1,1,0,1,0,1,1,0,0,0,0,1,0,0,0,1,1,1,0
0,1,1,1,0,1,0,1,1,0,1,1,0,1,0,1,1,0,0,0,0,1,1,0,1,0,1,1,0,0,0,0,1,0,0,0,1,1,1,0
0,1,1,1,0,1,1,1,1,0,1,1,0,0,0,1,1,0,0,0,0,1,1,0,1,0,1,1,0,0,0,0,1,0,1,0,1,1,1,0
0,0,1,1,0,1,1,1,1,0,1,1,0,1,0,1,1,0,0,0,0,1,1,0,1,0,1,1,0,0,0,0,0,0,0,0,1,1,1,0
0,0,1,1,0,1,0,0,1,0,1,1,0,0,0,1,1,1,1,0,0,1,1,0,1,1,1,1,0,0,0,0,0,0,0,0,1,1,1,0
0,1,1,1,0,1,1,1,1,0,1,1,0,0,0,1,1,0,0,0,0,1,1,0,1,0,1,1,0,0,0,0,1,0,1,0,1,1,1,0
0,1,1,1,0,1,1,0,1,0,1,1,0,0,0,1,1,0,1,0,0,1,1,0,1,1,1,1,0,0,0,0,1,0,1,0,1,1,1,0
0,0,1,1,0,1,1,1,1,0,1,1,0,0,0,1,1,0,0,0,0,1,1,0,1,0,1,1,0,0,0,0,0,0,1,0,1,1,1,0
0,0,1,1,0,1,1,1,1,0,1,1,0,0,0,1,1,0,0,0,0,1,1,0,1,0,1,1,0,0,0,0,1,0,1,0,1,1,1,0
0,1,1,1,0,1,1,1,1,0,1,1,0,0,1,1,1,0,0,0,0,0,1,0,1,0,1,1,0,0,0,0,1,0,0,0,1,1,1,0
0,1,1,1,0,1,1,1,1,0,1,1,0,0,0,1,1,1,0,0,0,1,1,0,1,1,1,1,0,0,0,0,1,0,1,0,1,1,1,0
0,1,1,1,0,1,1,1,1,0,1,1,0,0,1,1,1,0,0,0,0,0,1,0,1,0,1,1,0,0,0,0,1,0,1,0,1,1,1,0
0,0,1,1,0,1,1,1,1,0,1,1,0,0,0,1,1,0,0,0,0,1,1,0,1,0,1,1,0,0,0,0,0,0,1,1,1,1,1,0
0,1,1,1,0,1,0,1,1,0,1,1,0,1,0,1,1,0,0,0,0,1,1,0,1,1,1,1,0,0,0,0,1,0,1,0,1,1,1,0
0,0,1,1,0,1,1,1,1,0,1,1,0,0,0,1,1,0,0,0,0,1,1,0,1,0,1,1,0,0,0,0,0,0,1,0,1,1,1,0
0,1,1,1,0,1,1,0,1,0,1,1,0,0,0,1,1,0,1,0,0,1,1,0,1,1,1,1,0,0,0,0,1,0,1,0,1,1,1,0
0,0,1,1,0,1,1,1,1,0,1,1,0,0,0,1,1,0,0,0,0,1,1,0,1,1,1,1,0,0,0,0,0,0,1,0,1,1,1,0
0,1,1,1,0,1,1,1,1,0,1,1,1,0,0,1,1,1,0,0,0,1,1,0,1,0,1,1,0,0,0,0,1,0,0,0,1,1,1,0
0,1,1,1,0,1,1,1,1,0,1,1,0,0,0,1,1,0,0,0,0,1,1,0,1,1,1,1,0,0,0,0,1,0,0,0,1,1,1,0
0,1,1,1,0,1,0,0,1,0,1,1,0,0,0,1,1,0,1,0,0,1,1,0,1,1,1,1,0,0,0,0,1,0,1,0,1,1,1,0
0,0,1,1,0,1,0,1,1,0,1,1,0,0,0,1,1,0,0,0,0,1,1,0,1,1,1,1,0,0,0,0,0,0,1,0,1,1,1,0
0,0,1,1,0,1,0,1,1,0,1,1,1,0,0,1,1,0,0,0,0,1,1,0,1,0,1,1,0,0,0,0,0,0,1,1,1,1,1,0
0,1,1,1,0,1,1,1,1,0,1,1,0,0,0,1,1,0,0,0,0,1,1,0,1,1,1,1,0,0,0,0,1,0,1,0,1,1,1,0
0,0,1,1,0,1,1,0,1,0,1,1,0,0,1,1,1,1,1,0,0,0,1,0,1,0,1,1,0,0,0,0,0,0,1,1,1,1,1,0
0,0,1,1,0,1,1,1,1,0,1,1,0,0,0,1,1,0,0,0,0,1,1,0,1,0,1,1,0,0,0,0,0,0,1,0,1,1,1,0
0,1,1,1,0,1,1,1,1,0,1,1,0,0,0,1,1,0,0,0,0,1,1,0,1,1,1,1,0,0,0,0,1,0,1,0,1,1,1,0
0,1,1,1,0,1,1,1,1,0,1,1,0,0,0,1,1,0,0,0,0,1,1,0,1,1,1,1,0,0,0,0,1,0,1,0,1,1,1,0
0,0,1,1,0,1,1,1,1,0,1,1,0,0,1,1,1,0,0,0,0,0,1,0,1,0,1,1,0,0,0,0,0,0,1,0,1,1,1,0
0,0,1,1,0,1,0,0,1,0,1,1,0,0,0,1,1,0,1,0,0,1,1,0,1,0,1,1,0,0,0,0,0,0,1,0,1,1,1,0
0,1,1,1,0,1,1,1,1,0,1,1,0,0,0,1,1,0,0,0,0,1,1,0,1,0,1,1,0,0,0,0,1,0,0,0,1,1,1,0
0,1,1,1,0,1,1,1,1,0,1,1,0,0,0,1,1,0,0,0,0,1,1,0,1,0,1,1,0,0,0,0,1,0,1,0,1,1,1,1
0,0,1,1,0,1,1,1,1,0,1,1,0,0,0,1,1,0,0,0,0,1,1,0,1,1,1,1,0,0,0,0,0,0,1,0,1,1,1,0
0,1,1,1,0,1,1,0,1,0,1,1,0,0,0,1,1,0,1,0,0,1,1,0,1,1,1,1,0,0,0,0,1,0,1,0,1,1,1,0
0,1,1,1,0,1,1,0,1,0,1,1,0,0,0,1,1,0,1,0,0,1,1,0,1,1,1,1,0,0,0,0,1,0,1,0,1,1,1,0
0,1,1,1,0,1,1,0,1,0,1,1,1,0,0,1,1,0,1,0,0,1,1,0,1,1,1,1,0,0,0,0,1,0,1,0,1,1,1,0
0,1,1,1,0,1,1,0,1,0,1,1,0,0,0,1,1,0,1,0,0,1,1,0,1,1,1,1,0,0,0,0,1,0,1,0,1,1,1,0
0,0,1,1,0,1,1,1,1,0,1,1,0,0,0,0,1,0,0,0,0,1,1,0,1,0,1,1,0,0,1,0,1,0,1,0,1,1,1,0
0,1,1,1,0,1,1,1,1,0,1,1,0,1,0,1,1,1,0,0,0,1,1,0,1,1,1,1,0,0,0,0,1,0,1,0,1,1,1,0
0,0,1,1,0,1,1,1,1,0,1,1,0,0,0,1,1,0,0,0,0,1,1,0,1,0,1,1,0,0,0,0,0,0,1,0,1,1,1,0
0,1,1,1,0,1,0,1,1,0,1,1,0,0,0,1,1,0,0,0,0,1,1,0,1,0,1,1,0,0,0,0,1,0,1,0,1,1,1,0
0,1,1,1,0,1,1,1,1,0,1,1,0,0,0,1,1,0,0,0,0,1,1,0,1,0,1,1,0,0,0,0,1,0,1,0,1,1,1,0
0,1,1,1,0,1,1,1,1,0,1,1,0,0,0,1,1,0,0,0,0,1,1,0,1,1,1,1,0,0,0,0,1,0,1,0,1,1,0,0
0,0,1,1,0,1,1,1,1,0,1,1,0,0,0,1,1,0,0,0,0,1,1,0,1,1,1,1,0,0,0,0,0,0,0,0,1,1,1,0
0,1,1,1,0,1,1,1,1,0,1,1,0,0,0,1,1,1,0,0,0,1,1,0,1,1,1,1,0,0,0,0,1,0,1,0,1,1,1,0
0,1,1,1,0,1,1,0,1,0,1,1,0,1,1,1,1,1,1,0,0,0,1,0,1,1,1,1,0,0,0,0,1,0,0,0,1,1,1,0
0,1,1,1,0,1,1,0,1,0,1,1,0,1,1,1,1,0,1,0,0,0,1,0,1,1,1,1,0,0,0,0,1,0,0,0,1,1,1,0
0,0,1,1,0,1,1,1,1,0,1,1,0,0,1,1,1,0,0,0,0,0,1,0,1,0,1,1,0,0,0,0,0,0,1,0,1,1,1,0
0,1,1,1,0,1,1,1,1,0,1,1,0,0,0,1,1,0,0,0,0,1,1,0,1,1,1,1,0,0,0,0,1,0,1,0,1,1,1,0
0,1,0,1,0,1,1,0,1,0,1,1,0,0,0,1,1,0,1,0,0,1,1,0,1,1,1,1,0,0,0,0,1,0,0,0,1,1,1,0
0,1,1,1,0,1,1,1,1,0,1,1,0,1,1,1,1,1,0,0,0,0,1,0,1,1,1,1,0,0,0,0,1,0,1,0,1,1,1,0
0,0,1,1,0,1,1,1,1,0,1,1,0,0,0,1,1,1,0,0,0,1,1,0,1,0,1,1,0,0,0,0,0,0,0,0,1,1,1,0
0,1,1,1,0,1,1,1,1,0,1,1,0,0,0,1,1,1,0,0,0,1,1,0,1,0,1,1,0,0,0,0,1,0,1,0,1,1,1,0
0,1,1,1,0,1,1,1,1,0,1,1,0,0,1,1,1,0,0,0,0,0,1,0,1,1,1,1,0,0,0,0,1,0,0,0,1,1,1,0
0,1,1,1,0,1,1,1,1,0,1,1,0,1,0,1,1,1,0,0,0,1,1,0,1,1,1,1,0,0,0,0,1,0,1,0,1,1,1,0
0,1,1,1,0,1,1,0,1,0,1,1,0,0,0,1,1,0,1,0,0,1,1,0,1,0,1,1,0,0,0,0,1,0,1,0,1,1,1,0
0,0,1,1,0,1,1,1,1,0,1,1,0,1,1,1,1,0,0,0,0,0,1,0,1,1,1,1,0,0,0,0,0,0,1,1,1,1,1,0
0,1,1,1,0,1,1,0,1,0,1,1,0,0,0,1,1,0,1,0,0,1,1,0,1,0,1,1,0,0,0,0,1,0,1,0,1,1,1,0
0,1,1,1,0,1,1,1,1,0,1,1,0,0,0,1,1,0,0,0,0,1,1,0,1,1,1,1,0,0,0,0,1,0,1,0,1,1,1,0
0,0,1,1,0,1,1,0,1,0,1,1,0,0,0,1,1,0,1,0,0,1,1,0,1,0,1,1,0,0,0,0,1,0,1,0,1,1,1,0
0,0,1,1,0,1,1,1,1,0,1,1,0,0,0,1,1,0,0,0,0,1,1,0,1,1,1,1,0,0,0,0,1,0,1,0,1,1,1,0
0,0,1,1,0,1,1,1,1,0,1,1,0,0,0,1,1,0,0,0,0,1,1,0,1,1,1,1,0,0,0,0,1,0,1,1,1,1,1,0
0,1,1,1,0,1,1,0,1,0,1,1,0,0,0,1,1,0,1,0,0,1,1,0,1,1,1,1,0,0,0,0,1,0,1,0,1,1,1,0
0,1,1,1,0,1,1,1,1,0,1,1,1,0,0,1,1,0,0,0,0,1,1,0,1,1,1,1,0,0,0,0,1,0,1,0,1,1,1,0
0,1,1,1,0,1,1,1,1,0,1,1,0,0,0,1,1,1,0,0,0,1,1,0,1,0,1,1,0,0,0,0,1,0,0,0,1,1,1,0
0,1,1,1,0,1,0,1,1,0,1,1,0,0,0,1,1,0,0,0,0,1,1,0,1,1,1,1,0,0,0,0,1,0,1,0,1,1,1,0
0,1,0,1,0,1,0,1,1,0,1,1,0,0,1,1,1,0,0,0,0,0,1,0,1,1,1,1,0,0,0,0,1,0,1,0,1,1,1,0
0,1,1,1,0,1,1,1,1,0,1,1,0,0,0,1,1,0,0,0,0,1,1,0,1,0,1,1,0,0,0,0,1,0,1,0,1,1,1,0
0,1,1,1,0,1,1,1,1,0,1,1,1,0,0,1,1,0,0,0,0,1,1,0,1,0,1,1,0,0,0,0,1,0,1,0,1,1,1,0
0,1,1,1,0,1,1,0,1,0,1,1,0,0,1,1,1,0,1,0,0,0,1,0,1,1,1,1,0,0,0,0,1,0,1,0,1,1,1,0
0,1,1,1,0,1,1,0,1,0,1,1,0,1,0,1,1,0,1,0,0,1,1,0,1,0,1,1,0,0,0,0,1,0,0,0,1,1,1,0
0,0,1,1,0,1,1,1,1,0,1,1,0,0,0,1,1,0,0,0,0,1,1,0,1,0,1,1,0,0,0,0,0,0,0,1,1,1,1,0
0,1,1,1,0,1,1,1,1,0,1,1,0,0,1,1,1,0,0,0,0,0,1,0,1,0,1,1,0,0,0,0,1,0,1,0,1,1,1,0
0,0,1,1,0,1,1,1,1,0,1,1,0,0,0,1,1,0,0,0,0,1,1,0,1,0,1,1,0,0,0,0,1,0,1,0,1,1,1,0
0,0,1,1,0,1,1,0,1,0,1,1,0,0,0,1,1,0,1,0,0,1,1,0,1,1,1,1,0,0,0,0,0,0,0,0,1,1,1,0
0,1,1,1,0,1,1,0,1,0,1,1,0,0,0,1,1,0,1,0,0,1,1,0,1,1,1,1,0,0,0,0,1,0,1,0,1,1,1,0
0,1,1,1,0,1,1,1,1,0,1,1,0,1,0,1,1,0,0,0,0,1,1,0,1,0,1,1,0,0,0,0,1,0,1,0,1,1,1,0
0,1,1,1,0,1,1,1,1,0,1,1,0,1,0,1,1,0,0,0,0,1,1,0,1,1,1,1,0,0,0,0,1,0,1,0,1,1,1,0
0,0,1,1,0,1,1,1,1,0,1,1,0,0,0,1,1,0,0,0,0,1,1,0,1,1,1,1,0,0,0,0,1,0,1,0,1,1,1,0
0,1,1,1,0,1,0,1,1,0,1,1,0,0,0,1,1,1,0,0,0,1,1,0,1,1,1,1,0,0,0,0,1,0,1,0,1,1,1,0
0,0,1,1,0,1,1,0,1,0,1,1,0,0,0,1,1,0,1,0,0,1,1,0,1,0,1,1,0,0,0,0,1,0,1,0,1,1,1,0
0,0,1,1,0,1,1,0,1,0,1,1,0,0,0,1,1,0,1,0,0,1,1,0,1,0,1,1,0,0,0,0,0,0,1,1,1,1,1,0
0,0,1,1,0,1,0,1,1,0,1,1,0,0,0,1,1,0,0,0,0,1,1,0,1,0,1,1,0,0,0,0,0,0,0,0,1,1,1,0
0,0,1,1,0,1,0,1,1,0,1,1,0,0,0,1,1,0,0,0,0,1,1,0,1,1,1,1,0,0,0,0,0,0,0,0,1,1,1,0
0,0,1,1,0,1,1,1,1,0,1,1,0,1,0,1,1,0,0,0,0,1,1,0,1,1,1,1,0,0,1,0,0,0,1,0,1,1,1,0
0,1,1,1,0,1,1,1,1,0,1,1,0,0,0,1,1,1,0,0,0,1,1,0,1,1,1,1,0,0,0,0,1,0,1,0,1,1,1,0
0,1,1,1,0,1,0,1,1,0,1,1,0,0,0,1,1,0,0,0,0,1,1,0,1,0,1,1,0,0,0,0,1,0,1,0,1,1,1,0
0,0,1,1,0,1,1,0,1,0,1,1,0,1,0,1,1,0,1,0,0,1,1,0,1,0,1,1,0,0,0,0,0,0,1,0,1,1,1,0
0,1,1,1,0,1,1,1,1,0,1,1,0,1,1,1,1,0,0,0,0,0,1,0,1,1,1,1,0,0,0,0,1,0,1,0,1,1,1,0
0,1,1,1,0,1,0,1,1,0,1,1,0,0,1,1,1,0,0,0,0,0,1,0,1,0,1,1,0,0,0,0,1,0,0,0,1,1,1,0
0,1,0,1,0,1,1,1,1,0,1,1,0,1,0,1,1,0,0,0,0,1,1,0,1,0,1,1,0,0,0,0,1,0,1,0,1,1,1,0
0,1,1,1,0,1,1,1,1,0,1,1,0,0,0,1,1,0,0,0,0,1,1,0,1,0,1,1,0,0,0,0,1,0,0,0,1,1,1,0
0,0,1,1,0,1,0,1,1,0,1,1,0,1,0,1,1,0,0,0,0,1,1,0,1,1,1,1,0,0,0,0,1,0,1,0,1,1,1,0
0,1,1,1,0,1,1,0,1,0,1,1,0,0,0,1,1,0,1,0,0,1,1,0,1,1,1,1,0,0,0,0,1,0,0,0,1,1,1,0
0,0,1,1,0,1,0,0,1,0,1,1,0,0,1,1,1,0,1,0,0,0,1,0,1,1,1,1,0,0,0,0,0,0,1,0,1,1,1,0
0,0,1,1,0,1,1,1,1,0,1,1,1,0,0,1,1,0,0,0,0,1,1,0,1,1,1,1,0,0,0,0,1,0,0,0,1,1,1,0
0,1,1,1,0,1,0,0,1,0,1,1,0,0,0,1,1,1,1,0,0,1,1,0,1,1,1,1,0,0,0,0,1,0,1,0,1,1,1,0
0,0,1,1,0,1,0,1,1,0,1,1,0,0,0,1,1,0,0,0,0,1,1,0,1,0,1,1,0,0,0,0,1,0,1,0,1,1,1,0
0,1,1,1,0,1,1,1,1,0,1,1,0,0,0,1,1,0,0,0,0,1,1,0,1,1,1,1,0,0,0,0,1,0,1,0,1,1,1,0
0,1,1,1,0,1,1,1,1,0,1,1,0,0,0,1,1,1,0,0,0,1,1,0,1,0,1,1,0,0,0,0,1,0,1,0,1,1,1,0
0,1,0,1,0,1,1,0,1,0,1,1,0,0,0,1,1,0,1,0,0,1,1,0,1,1,1,1,0,0,0,0,1,0,1,0,1,1,1,0
0,1,1,1,0,1,1,0,1,0,1,1,0,0,1,1,1,0,1,0,0,0,1,0,1,0,1,1,0,0,0,0,1,0,1,0,1,1,1,0
0,1,1,1,0,1,1,1,1,0,1,1,0,1,0,1,1,0,0,0,0,1,1,0,1,1,1,1,0,0,0,0,1,0,1,0,1,1,1,0
0,0,1,1,0,1,1,1,1,0,1,1,0,0,0,1,1,0,0,0,0,1,1,0,1,1,1,1,0,0,0,0,1,0,1,1,1,1,1,0
0,1,1,1,0,1,1,1,1,0,1,1,0,0,1,1,1,0,0,0,0,0,1,0,1,1,1,1,0,0,0,0,1,0,1,0,1,1,1,0
0,1,1,1,0,1,1,1,1,0,1,1,1,0,0,1,1,0,0,0,0,1,1,0,1,0,1,1,0,0,0,0,1,0,1,0,1,1,1,0
0,0,1,1,0,1,1,0,1,0,1,1,1,1,0,1,1,0,1,0,0,1,1,0,1,1,1,1,0,0,0,0,1,0,1,0,1,1,1,0
0,1,1,1,0,1,1,1,1,0,1,1,0,0,0,1,1,0,0,0,0,1,1,0,1,1,1,1,0,0,0,0,1,0,1,0,1,1,1,0
0,1,1,1,0,1,1,0,1,0,1,1,0,0,1,1,1,0,1,0,0,0,1,0,1,1,1,1,0,0,0,0,1,0,1,0,1,1,1,0
0,1,1,1,0,1,0,1,1,0,1,1,0,0,1,1,1,0,0,0,0,0,1,0,1,1,1,1,0,0,0,0,1,0,1,0,1,1,0,0
0,1,1,1,0,1,1,0,1,0,1,1,0,0,0,0,1,0,1,0,0,1,1,0,1,0,1,1,0,0,1,0,1,0,0,0,1,1,1,0
0,0,1,1,0,1,1,0,1,0,1,1,0,0,1,1,1,0,1,0,0,0,1,0,1,1,1,1,0,0,0,0,1,0,0,0,1,1,1,0
0,0,1,1,0,1,1,1,1,0,1,1,0,0,1,1,1,0,0,0,0,0,1,0,1,1,1,1,0,0,0,0,0,0,1,1,1,1,1,0
0,1,1,1,0,1,1,0,1,0,1,1,0,0,0,1,1,0,1,0,0,1,1,0,1,1,1,1,0,0,0,0,1,0,1,0,1,1,1,0
0,1,1,1,0,1,0,1,1,0,1,1,1,1,0,1,1,0,0,0,0,1,1,0,1,0,1,1,0,0,0,0,1,0,0,0,1,1,1,0
0,1,1,1,0,1,1,1,1,0,1,1,0,1,0,1,1,0,0,0,0,1,1,0,1,1,1,1,0,0,0,0,1,0,0,0,1,1,1,0
0,1,1,1,0,1,1,1,1,0,1,1,0,0,0,1,1,0,0,0,0,1,1,0,1,0,1,1,0,0,0,0,1,0,1,0,1,1,1,0
0,1,1,1,0,1,1,1,1,0,1,1,0,0,1,1,1,0,0,0,0,0,1,0,1,1,1,1,0,0,0,0,1,0,1,0,1,1,1,0
0,1,1,1,0,1,0,1,1,0,1,1,0,0,0,1,1,0,0,0,0,1,1,0,1,1,1,1,0,0,0,0,1,0,0,0,1,1,1,0
0,1,1,1,0,1,1,1,1,0,1,1,0,0,0,1,1,0,0,0,0,1,1,0,1,1,1,1,0,0,0,0,1,0,0,0,1,1,1,0
0,1,1,1,0,1,1,0,1,0,1,1,0,1,0,1,1,0,1,0,0,1,1,0,1,1,1,1,0,0,0,0,1,0,1,0,1,1,1,0
0,1,1,1,0,1,1,1,1,0,1,1,0,0,1,1,1,0,0,0,0,0,1,0,1,1,1,1,0,0,0,0,1,0,1,0,1,1,1,0
0,1,1,1,0,1,1,1,1,0,1,1,0,0,1,1,1,0,0,0,0,0,1,0,1,1,1,1,0,0,0,0,1,0,0,0,1,1,1,0
0,1,1,1,0,1,1,1,1,0,1,1,0,0,0,1,1,0,0,0,0,1,1,0,1,1,1,1,0,0,0,0,1,0,1,0,1,1,1,0
0,1,0,1,0,1,1,0,1,0,1,1,0,0,0,1,1,0,1,0,0,1,1,0,1,0,1,1,0,0,0,0,1,0,1,0,1,1,1,0
0,1,1,1,0,1,1,1,1,0,1,1,0,0,0,1,1,0,0,0,0,1,1,0,1,0,1,1,0,0,0,0,1,0,1,0,1,1,1,0
0,0,1,1,0,1,0,0,1,0,1,1,0,0,0,1,1,0,1,0,0,1,1,0,1,0,1,1,0,0,0,0,0,0,1,0,1,1,1,0
0,1,1,1,0,1,1,1,1,0,1,1,0,0,1,1,1,0,0,0,0,0,1,0,1,1,1,1,0,0,0,0,1,0,1,0,1,1,1,0
0,1,1,1,0,1,0,1,1,0,1,1,0,0,0,1,1,0,0,0,0,1,1,0,1,1,1,1,0,0,0,0,1,0,1,0,1,1,1,0
0,1,1,1,1,1,1,0,1,0,1,1,0,0,0,1,1,0,1,0,0,1,1,0,1,1,1,1,0,0,0,0,1,0,1,0,0,1,1,0
0,1,1,1,0,1,1,1,1,0,1,1,1,0,0,1,1,0,0,0,0,1,1,0,1,1,1,1,0,0,0,0,1,0,0,0,1,1,1,0
0,1,1,1,0,1,1,0,1,0,1,1,0,1,1,1,1,0,1,0,0,0,1,0,1,0,1,1,0,0,0,0,1,0,1,0,1,1,1,0
0,1,1,1,0,1,1,1,1,0,1,1,0,0,1,1,1,0,0,0,0,0,1,0,1,1,1,1,0,0,0,0,1,0,1,0,1,1,1,0
0,0,1,1,0,1,1,0,1,0,1,1,0,1,0,1,1,0,1,0,0,1,1,0,1,0,1,1,0,0,0,0,0,0,0,0,1,1,1,0
0,0,1,1,0,1,1,1,1,0,1,1,0,0,0,1,1,0,0,0,0,1,1,0,1,1,1,1,0,0,0,0,0,0,0,0,1,1,1,0
0,0,1,1,0,1,1,1,1,0,1,1,0,0,1,1,1,0,0,0,0,0,1,0,1,1,1,1,0,0,0,0,1,0,1,0,1,1,1,0
0,1,1,1,0,1,1,0,1,0,1,1,0,0,0,1,1,0,1,0,0,1,1,0,1,0,1,1,0,0,0,0,1,0,1,0,1,1,1,0
0,1,1,1,0,1,1,0,1,0,1,1,0,1,0,1,1,0,1,0,0,1,1,0,1,1,1,1,0,0,0,0,1,0,1,0,1,1,1,0
0,1,1,1,0,1,1,0,1,0,1,1,0,0,0,1,1,0,1,0,0,1,1,0,1,0,1,1,0,1,0,0,1,0,0,0,1,1,1,0
0,1,1,1,0,1,1,1,1,0,1,1,0,0,0,1,1,0,0,0,0,1,1,0,1,1,1,1,0,0,0,0,1,0,0,0,1,1,1,0
0,0,1,1,0,1,1,1,1,0,1,1,0,0,0,0,1,0,0,0,0,1,1,0,1,0,1,1,0,0,1,0,1,0,1,0,1,1,1,0
0,1,1,1,0,1,1,0,1,0,1,1,1,0,1,1,1,0,1,0,0,0,1,0,1,0,1,1,0,0,0,0,1,0,1,0,1,1,1,0
0,1,1,1,0,1,1,1,1,0,1,1,0,1,0,1,1,0,0,0,0,1,1,0,1,1,1,1,0,0,0,0,1,0,1,0,1,1,1,0
0,1,1,1,0,1,1,0,1,0,1,1,0,0,0,1,1,0,1,0,0,1,1,0,1,0,1,1,0,0,0,0,1,0,1,0,1,1,1,0
0,0,1,1,0,1,1,0,1,0,1,1,0,0,1,1,1,0,1,0,0,0,1,0,1,1,1,1,0,0,0,0,0,0,1,0,1,1,1,0
0,0,1,1,0,1,1,1,1,0,1,1,0,0,0,1,1,0,0,0,0,1,1,0,1,1,1,1,0,0,0,0,0,0,1,1,1,1,1,0
0,1,1,1,0,1,1,1,1,0,1,1,0,1,0,1,1,0,0,0,0,1,1,0,1,0,1,1,0,0,0,0,1,0,1,0,1,1,1,0
0,1,1,1,0,1,0,1,1,0,1,1,0,1,0,1,1,0,0,0,0,1,1,0,1,0,1,1,0,0,0,0,1,0,1,0,1,1,1,0
0,0,1,1,0,1,0,1,1,0,1,1,0,0,0,1,1,0,0,0,0,1,1,0,1,0,1,1,0,0,0,0,0,0,0,0,1,1,1,0
0,1,1,1,0,1,0,0,1,0,1,1,0,0,0,1,1,0,1,0,0,1,1,0,1,0,1,1,0,0,0,0,1,0,1,0,1,1,1,0
0,1,1,1,0,1,1,1,1,0,1,1,0,0,0,1,1,0,0,0,0,1,1,0,1,1,1,1,0,0,0,0,1,0,1,0,1,1,1,0
0,1,1,1,0,1,1,1,1,0,1,1,0,0,0,1,1,0,0,0,0,1,1,0,1,0,1,1,0,0,0,0,1,0,1,0,1,1,1,0
0,0,1,1,0,1,1,1,1,0,1,1,0,1,0,1,1,0,0,0,0,1,1,0,1,1,1,1,0,0,0,0,1,0,0,1,1,1,1,0
0,1,1,1,0,1,1,1,1,0,1,1,0,0,0,1,1,0,0,0,0,1,1,0,1,1,1,1,0,0,0,0,1,0,1,0,1,1,1,0
0,1,1,1,0,1,1,1,1,0,1,1,0,1,0,1,1,0,0,0,0,1,1,0,1,1,1,1,0,0,0,0,1,0,0,0,1,1,1,0
0,1,1,1,0,1,1,1,1,0,1,1,0,0,0,1,1,0,0,0,0,1,1,0,1,1,1,1,0,0,0,0,1,0,0,0,1,1,1,0
0,1,1,1,0,1,0,1,1,0,1,1,0,0,0,1,1,0,0,0,0,1,1,0,1,1,1,1,0,0,0,0,1,0,0,0,1,1,0,0
0,1,1,1,0,1,1,0,1,0,1,1,0,0,0,1,1,0,1,0,0,1,1,0,1,1,1,1,0,0,0,0,1,0,1,0,1,1,1,0
0,1,1,1,0,1,1,1,1,0,1,1,0,0,1,1,1,0,0,0,0,0,1,0,1,0,1,1,0,0,0,0,1,0,1,0,1,1,1,0
0,1,1,1,0,1,1,1,1,0,1,1,0,0,0,1,1,0,0,0,0,1,1,0,1,0,1,1,0,0,0,0,1,0,1,0,1,1,1,0
0,1,0,1,0,1,1,1,1,0,1,1,0,0,0,1,1,0,0,0,0,1,1,0,1,0,1,1,0,0,0,0,1,0,1,0,1,1,1,0
0,1,1,1,0,1,1,0,1,0,1,1,0,0,1,1,1,0,1,0,0,0,1,0,1,1,1,1,0,0,0,0,1,0,1,0,1,1,1,0
0,1,1,1,0,1,1,0,1,0,1,1,0,1,0,1,1,0,1,0,0,1,1,0,1,1,1,1,0,0,0,0,1,0,1,0,1,1,1,0
0,0,1,1,0,1,1,0,1,0,1,1,0,0,0,1,1,0,1,0,0,1,1,0,1,1,1,1,0,0,0,0,1,0,1,0,1,1,1,0
0,1,1,1,0,1,1,0,1,0,1,1,0,0,0,1,1,0,1,0,0,1,1,0,1,1,1,1,0,0,0,0,1,0,0,0,1,1,1,0
0,0,1,1,0,1,1,1,1,0,1,1,0,0,0,1,1,0,0,0,0,1,1,0,1,1,1,1,0,0,0,0,0,0,1,0,1,1,1,0
0,0,1,1,0,1,0,1,1,0,1,1,0,0,0,1,1,0,0,0,0,1,1,0,1,1,1,1,0,0,0,0,0,0,0,1,1,1,1,0
0,1,1,1,0,1,1,0,1,0,1,1,0,0,0,0,1,0,1,0,0,1,1,0,1,1,1,1,0,0,1,0,1,0,1,0,1,1,1,0
0,1,1,1,0,1,1,0,1,0,1,1,0,0,0,1,1,0,1,0,0,1,1,0,1,1,1,1,0,0,0,0,1,0,1,0,1,1,1,0
0,1,1,1,0,1,1,1,1,0,1,1,0,0,0,1,1,0,0,0,0,1,1,0,1,1,1,1,0,0,0,0,1,0,1,0,1,1,1,0
0,1,1,1,0,1,1,1,1,0,1,1,0,0,0,1,1,0,0,0,0,1,1,0,1,0,1,1,0,0,0,0,1,0,0,0,1,1,1,0
0,0,1,1,0,1,1,1,1,0,1,1,0,0,0,1,1,0,0,0,0,1,1,0,1,1,1,1,0,0,0,0,0,0,1,0,1,1,1,0
0,1,1,1,0,1,1,1,1,0,1,1,0,0,1,1,1,0,0,0,0,0,1,0,1,1,1,1,0,0,0,0,1,0,1,0,1,1,1,0
0,1,1,1,0,1,1,1,1,0,1,1,0,0,0,1,1,0,0,0,0,1,1,0,1,1,1,1,0,0,0,0,1,0,1,0,1,1,1,0
0,1,1,1,0,1,0,1,1,0,1,1,0,0,0,1,1,0,0,0,0,1,1,0,1,1,1,1,0,0,0,0,1,0,1,0,1,1,1,0
0,1,1,1,0,1,1,1,1,0,1,1,0,0,0,1,1,0,0,0,0,1,1,0,1,1,1,1,0,0,0,0,1,0,1,0,1,1,1,0
0,1,0,1,0,1,1,1,1,0,1,1,0,0,1,1,1,1,0,0,0,0,1,0,1,0,1,1,0,0,0,0,1,0,1,0,1,1,1,0
0,1,1,1,0,1,1,1,1,0,1,1,0,0,0,1,1,0,0,0,0,1,1,0,1,1,1,1,0,0,0,0,1,0,1,0,1,1,1,0
0,0,1,1,0,1,1,1,1,0,1,1,0,0,0,1,1,0,0,0,0,1,1,0,1,1,1,1,0,0,0,0,1,0,0,0,1,1,1,0
0,1,1,1,0,1,1,1,1,0,1,1,0,0,0,1,1,0,0,0,0,1,1,0,1,0,1,1,0,0,0,0,1,0,1,0,1,1,1,0
0,0,1,1,0,1,1,1,1,0,1,1,0,0,1,1,1,0,0,0,0,0,1,0,1,0,1,1,0,0,0,0,1,0,1,0,1,1,1,0
0,1,1,1,0,1,1,0,1,0,1,1,0,0,0,1,1,0,1,0,0,1,1,0,1,1,1,1,0,1,0,0,1,0,1,0,1,1,1,0
0,1,1,1,0,1,1,1,1,0,1,1,0,0,0,1,1,1,0,0,0,1,1,0,1,1,1,1,0,0,0,0,1,0,1,0,1,1,1,0
0,0,1,1,0,1,1,1,1,0,1,1,0,0,0,1,1,0,0,0,0,1,1,0,1,1,1,1,0,0,0,0,1,0,1,0,1,1,1,0
0,1,1,1,0,1,1,1,1,0,1,1,0,0,0,1,1,0,0,0,0,1,1,0,1,0,1,1,0,0,0,0,1,0,1,0,1,1,1,0
0,0,1,0,0,1,0,1,1,1,1,1,0,0,0,1,1,1,0,0,0,1,1,0,1,1,1,1,0,0,0,0,0,0,1,1,1,1,1,0
0,1,1,1,0,1,1,1,1,0,1,1,0,0,1,1,1,0,0,0,0,0,1,0,1,1,1,1,0,0,0,0,1,0,0,0,1,1,1,0
0,1,1,1,0,1,1,0,1,0,1,1,0,0,0,1,1,0,1,0,0,1,1,0,1,1,1,1,0,0,0,0,1,0,1,0,1,1,1,0
0,1,1,1,0,1,0,1,1,0,1,1,0,0,0,1,1,0,0,0,0,1,1,0,1,1,1,1,0,0,0,0,1,0,0,0,1,1,1,0
0,1,1,1,0,1,1,1,1,0,1,1,0,0,0,0,1,1,0,0,0,1,1,0,1,0,1,1,0,0,1,0,1,0,1,0,1,1,1,0
0,1,1,1,0,1,1,1,1,0,1,1,0,0,0,1,1,0,0,0,0,1,1,0,1,0,1,1,0,0,0,0,1,0,1,0,1,1,1,0
0,0,1,1,0,1,0,1,1,0,1,1,0,1,0,1,1,0,0,0,0,1,1,0,1,1,1,1,0,0,0,0,0,0,1,0,1,1,1,0
0,0,1,1,0,1,1,1,1,0,1,1,0,0,0,1,1,0,0,0,0,1,1,0,1,1,1,1,0,0,0,0,1,0,1,0,1,1,1,0
0,0,1,1,0,1,1,0,1,0,1,1,0,0,0,1,1,0,1,0,0,1,1,0,1,0,1,1,0,0,0,0,0,0,1,1,1,1,1,0
0,1,0,1,0,1,1,1,1,0,1,1,0,0,1,1,1,0,0,0,0,0,1,0,1,0,1,1,0,0,0,0,1,0,1,0,1,1,1,0
0,1,1,1,0,1,1,1,1,0,1,1,0,0,0,1,1,0,0,0,0,1,1,0,1,0,1,1,0,0,0,0,1,0,0,0,1,1,1,0
0,1,1,1,0,1,0,1,1,0,1,1,0,0,0,1,1,0,0,0,0,1,1,0,1,0,1,1,0,0,0,0,1,0,1,0,1,1,1,0
0,0,1,1,0,1,1,0,1,0,1,1,0,1,0,1,1,0,1,0,0,1,1,0,1,1,1,1,0,0,0,0,1,0,1,0,1,1,1,0
0,0,1,1,0,1,1,0,1,0,1,1,0,0,0,1,1,0,1,0,0,1,1,0,1,1,1,1,0,0,0,0,0,0,1,0,1,1,1,0
0,0,1,1,0,1,1,1,1,0,1,1,0,0,0,1,1,0,0,0,0,1,1,0,1,0,1,1,0,0,0,0,1,0,1,0,1,1,1,0
0,1,1,1,0,1,1,0,1,0,1,1,0,0,0,1,1,0,1,0,0,1,1,0,1,0,1,1,0,0,0,0,1,0,1,0,1,1,1,0
0,1,1,1,0,1,0,0,1,0,1,1,0,0,0,1,1,0,1,0,0,1,1,0,1,1,1,1,0,0,0,0,1,0,1,0,1,1,1,0
0,1,1,1,0,1,1,0,1,0,1,1,0,0,0,1,1,0,1,0,0,1,1,0,1,0,1,1,0,0,0,0,1,0,1,0,1,1,1,0
0,1,1,1,0,1,1,0,1,0,1,1,0,0,0,1,1,0,1,0,0,1,1,0,1,1,1,1,0,0,0,0,1,0,1,0,1,1,1,0
0,1,1,1,0,1,1,0,1,0,1,1,0,1,0,1,1,0,1,0,0,1,1,0,1,0,1,1,0,0,0,0,1,0,1,0,1,1,1,0
0,1,1,1,0,1,0,1,1,0,1,1,0,0,0,1,1,0,0,0,0,1,1,0,1,0,1,1,0,0,0,0,1,0,1,0,1,1,1,0
0,1,1,1,0,1,1,1,1,0,1,1,0,0,1,1,1,0,0,0,0,0,1,0,1,1,1,1,0,0,0,0,1,0,1,0,1,1,1,0
0,1,1,1,0,1,0,0,1,0,1,1,0,0,0,1,1,0,1,0,0,1,1,0,1,1,1,1,0,0,0,0,1,0,0,0,1,1,1,0
0,0,1,1,0,1,1,1,1,0,1,1,0,0,0,1,1,0,0,0,0,1,1,0,1,1,1,1,0,0,0,0,0,0,1,0,1,1,1,0
0,1,1,1,0,1,1,0,1,0,1,1,0,0,0,1,1,0,1,0,0,1,1,0,1,1,1,1,0,0,0,0,1,0,0,0,1,1,1,0
0,1,1,1,0,1,1,1,1,0,1,1,0,0,0,1,1,0,0,0,0,1,1,0,1,1,1,1,0,0,0,0,1,0,1,0,1,1,1,0
0,1,1,1,0,1,1,1,1,0,1,1,0,1,0,1,1,1,0,0,0,1,1,0,1,1,1,1,0,0,0,0,1,0,1,0,1,1,1,0
0,1,1,1,0,1,0,1,1,0,1,1,0,1,0,1,1,0,0,0,0,1,1,0,1,1,1,1,0,0,0,0,1,0,0,0,1,1,1,0
0,1,1,1,0,1,1,1,1,0,1,1,0,0,0,1,1,0,0,0,0,1,1,0,1,1,1,1,0,0,0,0,1,0,1,0,1,1,1,0
0,1,1,1,0,1,1,1,1,0,1,1,0,1,0,1,1,0,0,0,0,1,1,0,1,1,1,1,0,0,0,0,1,0,1,0,1,1,1,0
0,1,1,1,0,1,1,1,1,0,1,1,0,0,0,1,1,0,0,0,0,1,1,0,1,1,1,1,0,0,0,0,1,0,1,0,1,1,1,0
0,1,1,1,0,1,1,1,1,0,1,1,1,0,0,0,1,0,0,0,0,1,1,0,1,1,1,1,0,0,1,0,1,0,1,0,1,1,1,0
0,1,1,1,0,1,1,0,1,0,1,1,0,1,0,1,1,0,1,0,0,1,1,0,1,1,1,1,0,0,0,0,1,0,1,0,1,1,1,0
0,1,1,1,0,1,0,1,1,0,1,1,0,0,0,1,1,0,0,0,0,1,1,0,1,1,1,1,0,0,0,0,1,0,1,0,1,1,1,0
0,1,1,1,0,1,0,1,1,0,1,1,0,0,1,1,1,0,0,0,0,0,1,0,1,1,1,1,0,0,0,0,1,0,1,0,1,1,1,0
0,1,1,1,0,1,1,1,1,0,1,1,0,1,0,0,1,0,0,0,0,1,1,0,1,1,1,1,0,0,1,0,1,0,1,0,1,1,1,0
0,1,1,1,0,1,1,1,1,0,1,1,0,1,0,1,1,0,0,0,0,1,1,0,1,1,1,1,0,0,0,0,1,0,1,0,1,1,1,0
0,1,1,1,0,1,1,1,1,0,1,1,0,0,1,1,1,0,0,0,0,0,1,0,1,1,1,1,0,0,0,0,1,0,1,0,1,1,1,0
0,1,1,1,0,1,1,1,1,0,1,1,1,0,0,1,1,0,0,0,0,1,1,0,1,0,1,1,0,0,0,0,1,0,0,0,1,1,1,0
0,1,1,1,0,1,1,1,1,0,1,1,0,0,0,1,1,0,0,0,0,1,1,0,1,0,1,1,0,0,0,0,1,0,1,0,1,1,1,0
0,1,1,1,0,1,1,1,1,0,1,1,0,0,0,1,1,0,0,0,0,1,1,0,1,1,1,1,0,0,0,0,1,0,1,0,1,1,0,0
0,1,1,1,0,1,1,0,1,0,1,1,0,0,1,1,1,0,1,0,0,0,1,0,1,1,1,1,0,0,0,0,1,0,1,0,1,1,1,0
0,1,1,1,0,1,1,0,1,0,1,1,0,1,1,1,1,0,1,0,0,0,1,0,1,1,1,1,0,0,0,0,1,0,1,0,1,1,1,0
0,0,1,1,0,1,1,1,1,0,1,1,0,0,1,1,1,0,0,0,0,0,1,0,1,0,1,1,0,0,0,0,1,0,1,0,1,1,1,0
0,1,1,1,0,1,0,1,1,0,1,1,0,0,0,1,1,0,0,0,0,1,1,0,1,0,1,1,0,0,0,0,1,0,1,0,1,1,1,0
0,1,1,1,0,1,0,1,1,0,1,1,0,0,0,1,1,1,0,0,0,1,1,0,1,1,1,1,0,0,0,0,1,0,1,0,1,1,1,0
0,1,1,1,0,1,1,1,1,0,1,1,0,0,0,1,1,0,0,0,0,1,1,0,1,0,1,1,0,0,0,0,1,0,1,0,1,1,1,0
0,1,1,1,0,1,1,0,1,0,1,1,0,0,0,1,1,1,1,0,0,1,1,0,1,1,1,1,0,0,0,0,1,0,1,0,1,1,1,0
0,1,1,1,0,1,1,1,1,0,1,1,0,0,0,1,1,0,0,0,0,1,1,0,1,1,1,1,0,0,0,0,1,0,1,0,1,1,1,0
0,1,1,1,0,1,1,1,1,0,1,1,0,0,1,1,1,0,0,0,0,0,1,0,1,1,1,1,0,0,0,0,1,0,0,0,1,1,1,0
0,1,1,1,0,1,1,0,1,0,1,1,0,0,0,1,1,0,1,0,0,1,1,0,1,1,1,1,0,0,0,0,1,0,1,0,1,1,1,0
0,0,1,1,0,1,1,1,1,0,1,1,0,0,0,1,1,0,0,0,0,1,1,0,1,1,1,1,0,0,0,0,1,0,1,0,1,1,1,0
0,1,1,1,0,1,0,0,1,0,1,1,0,0,1,1,1,0,1,0,0,0,1,0,1,1,1,1,0,0,0,0,1,0,1,0,1,1,1,0
0,0,1,1,0,1,1,1,1,0,1,1,0,0,0,1,1,0,0,0,0,1,1,0,1,1,1,1,0,0,0,0,1,0,1,0,1,1,1,0
0,1,1,1,0,1,1,1,1,0,1,1,0,0,0,1,1,0,0,0,0,1,1,0,1,1,1,1,0,0,0,0,1,0,0,0,1,1,1,0
0,0,1,1,0,1,1,1,1,0,1,1,0,0,0,1,1,0,0,0,0,1,1,0,1,0,1,1,0,0,0,0,1,0,0,0,1,1,1,0
0,1,0,1,1,1,1,1,1,0,1,1,0,0,0,0,1,0,0,0,0,1,1,0,1,1,1,1,0,0,1,0,1,0,1,0,0,1,1,0
0,0,1,1,0,1,1,1,1,0,1,1,0,0,1,1,1,0,0,0,0,0,1,0,1,1,1,1,0,0,0,0,0,0,1,0,1,1,1,0
0,1,1,1,0,1,1,0,1,0,1,1,0,0,0,1,1,0,1,0,0,1,1,0,1,1,1,1,0,0,0,0,1,0,1,0,1,1,1,0
0,1,1,1,0,1,1,0,1,0,1,1,0,0,0,1,1,0,1,0,0,1,1,0,1,1,1,1,0,0,0,0,1,0,1,0,1,1,1,0
0,1,1,1,0,1,1,0,1,0,1,1,0,0,0,1,1,0,1,0,0,1,1,0,1,1,1,1,0,0,0,0,1,0,1,0,1,1,1,0
0,1,1,1,0,1,1,1,1,0,1,1,0,0,0,1,1,1,0,0,0,1,1,0,1,1,1,1,0,0,0,0,1,0,0,0,1,1,1,0
0,0,1,1,0,1,1,0,1,0,1,1,0,0,0,0,1,0,1,0,0,1,1,0,1,0,1,1,0,0,1,0,0,0,1,0,1,1,1,0
0,0,1,1,0,1,1,0,1,0,1,1,0,0,0,1,1,0,1,0,0,1,1,0,1,1,1,1,0,0,0,0,1,0,1,0,1,1,1,0
0,1,1,1,0,1,1,1,1,0,1,1,0,0,0,1,1,0,0,0,0,1,1,0,1,1,1,1,0,0,0,0,1,0,0,0,1,1,1,0
0,1,1,1,0,1,1,1,1,0,1,1,0,0,0,1,1,0,0,0,0,1,1,0,1,1,1,1,0,0,0,0,1,0,1,0,1,1,1,0
0,1,1,1,0,1,1,1,1,0,1,1,0,0,0,1,1,1,0,0,0,1,1,0,1,0,1,1,0,0,0,0,1,0,1,0,1,1,0,0
0,0,1,1,0,1,0,0,1,0,1,1,0,0,0,1,1,0,1,0,0,1,1,0,1,1,1,1,0,0,0,0,0,0,1,0,1,1,1,0
0,1,1,1,0,1,1,0,1,0,1,1,0,0,0,1,1,0,1,0,0,1,1,0,1,1,1,1,0,0,0,0,1,0,1,0,1,1,1,0
0,1,1,1,0,1,1,1,1,0,1,1,0,1,0,1,1,0,0,0,0,1,1,0,1,0,1,1,0,0,0,0,1,0,1,0,1,1,1,0
0,1,1,1,0,1,1,1,1,0,1,1,0,0,0,1,1,0,0,0,0,1,1,0,1,1,1,1,0,0,0,0,1,0,1,0,1,1,1,0
0,1,1,1,0,1,0,1,1,0,1,1,0,1,0,1,1,0,0,0,0,1,1,0,1,0,1,1,0,0,0,0,1,0,1,0,1,1,1,0
0,1,1,1,0,1,1,1,1,0,1,1,0,0,0,1,1,0,0,0,0,1,1,0,1,0,1,1,0,0,0,0,1,0,1,0,1,1,1,0
0,0,1,1,0,1,1,1,1,0,1,1,1,0,1,1,1,0,0,0,0,0,1,0,1,0,1,1,0,0,0,0,1,0,1,0,1,1,1,0
0,1,1,1,0,1,1,1,1,0,1,1,0,1,0,1,1,0,0,0,0,1,1,0,1,1,1,1,0,0,0,0,1,0,0,0,1,1,1,0
0,0,1,1,0,1,1,1,1,0,1,1,0,0,0,1,1,1,0,0,0,1,1,0,1,1,1,1,0,0,0,0,1,0,1,0,1,1,1,0
0,0,1,1,0,1,0,1,1,0,1,1,0,0,0,1,1,0,0,0,0,1,1,0,1,1,1,1,0,0,0,0,0,0,1,1,1,1,1,0
0,1,1,1,0,1,1,1,1,0,1,1,0,0,0,1,1,0,0,0,0,1,1,0,1,0,1,1,0,0,0,0,1,0,1,0,1,1,1,0
0,1,0,1,0,1,1,1,1,0,1,1,0,0,1,1,1,0,0,0,0,0,1,0,1,1,1,1,0,0,0,0,1,0,1,0,1,1,1,0
0,0,1,1,0,1,1,0,1,0,1,1,0,0,0,1,1,0,1,0,0,1,1,0,1,1,1,1,0,0,0,0,1,0,1,1,1,1,1,0
0,1,1,1,0,1,1,1,1,0,1,1,0,0,0,1,1,0,0,0,0,1,1,0,1,0,1,1,0,0,0,0,1,0,1,0,1,1,1,0
0,1,1,1,0,1,1,1,1,0,1,1,0,0,1,1,1,1,0,0,0,0,1,0,1,0,1,1,0,0,0,0,1,0,1,0,1,1,1,0
0,1,1,1,0,1,1,1,1,0,1,1,0,0,0,1,1,0,0,0,0,1,1,0,1,0,1,1,0,0,0,0,1,0,1,0,1,1,1,0
0,1,1,1,0,1,1,1,1,0,1,1,0,0,0,1,1,0,0,0,0,1,1,0,1,0,1,1,0,0,0,0,1,0,1,0,1,1,1,0
0,1,1,1,0,1,1,0,1,0,1,1,0,0,1,1,1,0,1,0,0,0,1,0,1,1,1,1,0,0,0,0,1,0,1,0,1,1,1,0
0,1,1,1,0,1,0,1,1,0,1,1,0,0,0,1,1,0,0,0,0,1,1,0,1,1,1,1,0,0,0,0,1,0,0,0,1,1,1,0
0,1,1,1,0,1,1,1,1,0,1,1,0,0,0,1,1,0,0,0,0,1,1,0,1,0,1,1,0,0,0,0,1,0,1,0,1,1,1,0
0,1,1,1,0,1,0,1,1,0,1,1,0,0,0,1,1,0,0,0,0,1,1,0,1,1,1,1,0,0,0,0,1,0,1,0,1,1,1,0
0,1,1,1,0,1,1,1,1,0,1,1,0,0,1,1,1,0,0,0,0,0,1,0,1,0,1,1,0,0,0,0,1,0,1,0,1,1,1,0
0,1,1,1,0,1,1,0,1,0,1,1,0,0,0,1,1,0,1,0,0,1,1,0,1,0,1,1,0,0,0,0,1,0,1,0,1,1,0,0
0,1,1,1,0,1,1,1,1,0,1,1,0,0,1,1,1,1,0,0,0,0,1,0,1,1,1,1,0,0,0,0,1,0,1,0,1,1,1,0
0,1,1,1,0,1,0,1,1,0,1,1,0,0,0,1,1,0,0,0,0,1,1,0,1,0,1,1,0,0,0,0,1,0,1,0,1,1,1,0
0,1,1,1,0,1,1,1,1,0,1,1,0,0,1,1,1,0,0,0,0,0,1,0,1,1,1,1,0,0,0,0,1,0,1,0,1,1,1,0
0,1,1,1,0,1,0,1,1,0,1,1,0,0,0,1,1,0,0,0,0,1,1,0,1,1,1,1,0,0,0,0,1,0,1,0,1,1,1,0
0,1,1,1,0,1,1,1,1,0,1,1,0,0,0,1,1,0,0,0,0,1,1,0,1,0,1,1,0,0,0,0,1,0,1,0,1,1,0,0
0,1,1,1,0,1,1,1,1,0,1,1,1,1,0,1,1,1,0,0,0,1,1,0,1,0,1,1,0,0,0,0,1,0,1,0,1,1,1,0
0,1,1,1,0,1,1,1,1,0,1,1,0,0,0,1,1,1,0,0,0,1,1,0,1,1,1,1,0,0,0,0,1,0,0,0,1,1,1,0
0,0,0,1,0,1,1,0,1,0,1,1,0,0,1,1,1,0,1,0,0,0,1,0,1,0,1,1,0,0,0,0,0,0,0,0,1,1,1,0
0,1,1,1,0,1,1,0,1,0,1,1,1,0,0,1,1,0,1,0,0,1,1,0,1,0,1,1,0,0,0,0,1,0,1,0,1,1,1,0
0,1,1,1,0,1,1,1,1,0,1,1,0,0,0,1,1,0,0,0,0,1,1,0,1,1,1,1,0,0,0,0,1,0,1,0,1,1,1,0
0,0,1,1,0,1,1,1,1,0,1,1,0,1,0,1,1,0,0,0,0,1,1,0,1,1,1,1,0,0,0,0,1,0,1,0,1,1,1,0
0,1,1,1,0,1,1,1,1,0,1,1,0,0,0,1,1,0,0,0,0,1,1,0,1,0,1,1,0,0,0,0,1,0,1,0,1,1,1,0
0,0,1,1,0,1,1,1,1,0,1,1,0,0,1,1,1,1,0,0,0,0,1,0,1,0,1,1,0,0,0,0,0,0,0,1,1,1,1,0
0,1,0,1,0,1,1,0,1,0,1,1,0,1,1,1,1,1,1,0,0,0,1,0,1,0,1,1,0,0,0,0,1,0,1,0,1,1,1,0
0,0,1,1,0,1,1,1,1,0,1,1,0,0,0,1,1,0,0,0,0,1,1,0,1,1,1,1,0,0,0,0,0,0,0,1,1,1,1,0
0,1,1,1,0,1,1,1,1,0,1,1,1,1,0,1,1,0,0,0,0,1,1,0,1,0,1,1,0,0,0,0,1,0,1,0,1,1,1,0
0,1,0,1,0,1,1,0,1,0,1,1,0,0,0,1,1,0,1,0,0,1,1,0,1,0,1,1,0,0,0,0,1,0,1,0,1,1,1,0
0,1,1,1,0,1,1,1,1,0,1,1,1,0,0,1,1,0,0,0,0,1,1,0,1,1,1,1,0,0,0,0,1,0,0,0,1,1,1,0
0,1,1,1,0,1,0,1,1,0,1,1,0,0,0,1,1,0,0,0,0,1,1,0,1,1,1,1,0,0,0,0,1,0,0,0,1,1,1,0
0,1,1,1,0,1,1,1,1,0,1,1,0,0,0,1,1,0,0,0,0,1,1,0,1,0,1,1,0,0,0,0,1,0,1,0,1,1,1,0
0,1,1,1,0,1,0,0,1,0,1,1,0,1,1,1,1,0,1,0,0,0,1,0,1,1,1,1,0,0,0,0,1,0,1,0,1,1,1,0
0,1,1,1,0,1,1,1,1,0,1,1,0,0,0,1,1,0,0,0,0,1,1,0,1,0,1,1,0,0,0,0,1,0,1,0,1,1,1,0
0,1,1,1,0,1,1,1,1,0,1,1,0,0,0,1,1,1,0,0,0,1,1,0,1,1,1,1,0,0,0,0,1,0,0,0,1,1,1,0
0,0,1,1,0,1,1,0,1,0,1,1,0,0,0,1,1,0,1,0,0,1,1,0,1,0,1,1,0,0,0,0,0,0,1,0,1,1,1,0
0,1,1,1,0,1,1,1,1,0,1,1,0,0,1,1,1,0,0,0,0,0,1,0,1,0,1,1,0,0,0,0,1,0,0,0,1,1,1,0
0,0,1,1,0,1,0,0,1,0,1,1,0,0,0,1,1,0,1,0,0,1,1,0,1,1,1,1,0,0,0,0,1,0,1,1,1,1,1,0
0,1,1,1,0,1,1,1,1,0,1,1,0,0,1,1,1,0,0,0,0,0,1,0,1,1,1,1,0,0,0,0,1,0,1,0,1,1,1,0
0,0,1,1,0,1,0,0,1,0,1,1,0,1,0,1,1,0,1,0,0,1,1,0,1,0,1,1,0,0,0,0,0,0,1,0,1,1,1,0
0,1,1,1,0,1,1,1,1,0,1,1,0,0,0,1,1,1,0,0,0,1,1,0,1,0,1,1,0,0,0,0,1,0,1,0,1,1,1,0
0,1,1,1,0,1,1,0,1,0,1,1,0,0,0,1,1,0,1,0,0,1,1,0,1,1,1,1,0,0,0,0,1,0,1,0,1,1,1,0
0,1,1,1,0,1,1,0,1,0,1,1,0,0,0,1,1,0,1,0,0,1,1,0,1,1,1,1,0,1,0,0,1,0,0,0,1,1,0,0
0,1,1,1,0,1,1,0,1,0,1,1,0,0,1,1,1,0,1,0,0,0,1,0,1,1,1,1,0,0,0,0,1,0,1,0,1,1,1,0
0,1,1,1,0,1,0,0,1,0,1,1,0,0,0,1,1,0,1,0,0,1,1,0,1,1,1,1,0,0,0,0,1,0,0,0,1,1,1,0
0,0,1,1,0,1,1,1,1,0,1,1,0,0,0,1,1,0,0,0,0,1,1,0,1,1,1,1,0,0,0,0,0,0,0,0,1,1,1,0
0,0,1,1,0,1,0,0,1,0,1,1,0,0,0,0,1,0,1,0,0,1,1,0,1,1,1,1,0,0,1,0,1,0,1,0,1,1,1,0
0,1,1,1,0,1,1,1,1,0,1,1,0,1,1,1,1,0,0,0,0,0,1,0,1,1,1,1,0,0,0,0,1,0,1,0,1,1,1,0
0,1,1,1,0,1,1,1,1,0,1,1,0,0,0,1,1,0,0,0,0,1,1,0,1,0,1,1,0,0,0,0,1,0,1,0,1,1,1,0
0,1,1,1,0,1,1,1,1,0,1,1,0,0,1,1,1,0,0,0,0,0,1,0,1,1,1,1,0,0,0,0,1,0,1,0,1,1,1,0
0,1,1,0,0,1,0,1,1,1,1,1,0,0,0,1,1,0,0,0,0,1,1,0,1,1,1,1,0,0,0,0,1,0,1,0,1,1,1,0
0,1,1,1,0,1,0,1,1,0,1,1,0,0,0,1,1,0,0,0,0,1,1,0,1,1,1,1,0,0,0,0,1,0,1,0,1,1,0,0
0,1,1,1,0,1,1,0,1,0,1,1,0,0,0,0,1,0,1,0,0,1,1,0,1,0,1,1,0,0,1,0,1,0,0,0,1,1,1,0
0,1,1,1,0,1,0,1,1,0,1,1,0,0,0,1,1,0,0,0,0,1,1,0,1,1,1,1,0,0,0,0,1,0,1,0,1,1,1,0
0,1,1,1,0,1,1,1,1,0,1,1,0,0,0,1,1,0,0,0,0,1,1,0,1,0,1,1,0,0,0,0,1,0,0,0,1,1,1,0
0,0,1,1,0,1,0,1,1,0,1,1,0,0,1,1,1,0,0,0,0,0,1,0,1,1,1,1,0,0,0,0,0,0,1,1,1,1,1,0
0,0,1,1,0,1,1,0,1,0,1,1,0,0,0,1,1,1,1,0,0,1,1,0,1,0,1,1,0,0,0,0,0,0,1,1,1,1,1,0
0,1,1,1,0,1,1,1,1,0,1,1,0,0,0,1,1,0,0,0,0,1,1,0,1,1,1,1,0,0,0,0,1,0,1,0,1,1,1,0
0,0,1,1,0,1,1,0,1,0,1,1,0,0,0,1,1,0,1,0,0,1,1,0,1,1,1,1,0,0,0,0,0,0,1,1,1,1,1,0
0,1,1,1,0,1,1,1,1,0,1,1,0,0,0,1,1,0,0,0,0,1,1,0,1,1,1,1,0,0,0,0,1,0,1,0,1,1,1,0
0,0,1,1,0,1,1,1,1,0,1,1,0,1,0,1,1,1,0,0,0,1,1,0,1,1,1,1,0,0,0,0,0,0,1,0,1,1,1,0
0,1,1,1,0,1,1,1,1,0,1,1,0,1,0,1,1,0,0,0,0,1,1,0,1,0,1,1,0,0,0,0,1,0,1,0,1,1,1,0
0,1,1,1,0,1,1,0,1,0,1,1,0,1,1,1,1,0,1,0,0,0,1,0,1,0,1,1,0,0,0,0,1,0,1,0,1,1,1,0
0,0,1,1,0,1,1,0,1,0,1,1,0,0,0,1,1,0,1,0,0,1,1,0,1,1,1,1,0,0,0,0,0,0,1,0,1,1,1,0
0,0,1,1,0,1,1,1,1,0,1,1,0,0,1,1,1,1,0,0,0,0,1,0,1,1,1,1,0,0,0,0,1,0,1,1,1,1,1,0
0,0,0,1,0,1,0,1,1,0,1,1,0,1,1,1,1,1,0,0,0,0,1,0,1,1,1,1,0,0,0,0,1,0,1,0,1,1,1,0
0,1,1,1,0,1,1,0,1,0,1,1,0,0,0,1,1,0,1,0,0,1,1,0,1,1,1,1,0,0,0,0,1,0,1,0,1,1,1,0
0,0,1,1,0,1,0,1,1,0,1,1,1,0,0,1,1,0,0,0,0,1,1,0,1,1,1,1,0,0,0,0,0,0,1,0,1,1,1,0
0,1,1,1,0,1,0,0,1,0,1,1,1,1,0,1,1,0,1,0,0,1,1,0,1,0,1,1,0,0,0,0,1,0,1,0,1,1,1,0
0,0,0,1,0,1,1,1,1,0,1,1,0,0,0,1,1,1,0,0,0,1,1,0,1,1,1,1,0,0,0,0,1,0,1,0,1,1,1,0
0,0,1,1,0,1,0,1,1,0,1,1,0,0,0,1,1,0,0,0,0,1,1,0,1,1,1,1,0,0,0,0,0,0,1,0,1,1,1,0
0,0,1,1,0,1,0,1,1,0,1,1,0,0,0,1,1,0,0,0,0,1,1,0,1,1,1,1,0,0,0,0,0,0,1,1,1,1,1,0
0,1,1,1,0,1,1,0,1,0,1,1,0,0,0,1,1,0,1,0,0,1,1,0,1,1,1,1,0,0,0,0,1,0,0,0,1,1,1,0
0,1,1,1,0,1,1,1,1,0,1,1,0,0,0,1,1,0,0,0,0,1,1,0,1,1,1,1,0,0,0,0,1,0,1,0,1,1,1,0
0,0,1,1,0,1,1,1,1,0,1,1,0,0,0,1,1,0,0,0,0,1,1,0,1,1,1,1,0,0,0,0,0,0,0,0,1,1,1,0
0,1,1,1,0,1,0,1,1,0,1,1,0,0,0,1,1,0,0,0,0,1,1,0,1,1,1,1,0,0,0,0,1,0,1,0,1,1,1,0
0,1,1,1,0,1,1,0,1,0,1,1,0,0,0,1,1,0,1,0,0,1,1,0,1,1,1,1,0,0,0,0,1,0,1,0,1,1,1,0
0,0,1,1,0,1,1,0,1,0,1,1,0,0,0,1,1,0,1,0,0,1,1,0,1,1,1,1,0,0,0,0,0,0,1,1,1,1,1,0
0,0,1,1,0,1,1,1,1,0,1,1,0,1,0,1,1,0,0,0,0,1,1,0,1,1,1,1,0,0,0,0,1,0,1,0,1,1,1,0
0,1,1,1,0,1,1,1,1,0,1,1,1,0,0,1,1,0,0,0,0,1,1,0,1,1,1,1,0,0,0,0,1,0,1,0,1,1,1,0
0,1,1,1,0,1,1,0,1,0,1,1,0,0,1,1,1,0,1,0,0,0,1,0,1,0,1,1,0,0,0,0,1,0,0,0,1,1,1,0
0,1,1,1,0,1,1,0,1,0,1,1,0,1,0,1,1,0,1,0,0,1,1,0,1,1,1,1,0,0,0,0,1,0,1,0,1,1,1,0
0,1,1,1,0,1,1,0,1,0,1,1,0,0,0,1,1,0,1,0,0,1,1,0,1,0,1,1,0,0,0,0,1,0,0,0,1,1,1,0
0,1,1,1,0,1,1,1,1,0,1,1,0,1,1,1,1,0,0,0,0,0,1,0,1,1,1,1,0,0,0,0,1,0,1,0,1,1,1,0
0,1,1,1,0,1,0,1,1,0,1,1,0,1,0,1,1,0,0,0,0,1,1,0,1,1,1,1,0,0,0,0,1,0,1,0,1,1,1,0
0,1,1,1,0,1,1,1,1,0,1,1,0,0,0,1,1,0,0,0,0,1,1,0,1,1,1,1,0,0,0,0,1,0,1,0,1,1,1,0
0,1,1,1,0,1,1,1,1,0,1,1,0,0,0,1,1,0,0,0,0,1,1,0,1,1,1,1,0,0,0,0,1,0,1,0,1,1,1,0
0,0,1,1,0,1,1,1,1,0,1,1,0,1,0,1,1,0,0,0,0,1,1,0,1,1,1,1,0,0,0,0,1,0,1,0,1,1,1,0
0,0,1,1,0,1,1,0,1,0,1,1,0,0,0,1,1,0,1,0,0,1,1,0,1,1,1,1,0,0,0,0,0,0,1,1,1,1,1,0
0,0,1,1,0,1,0,1,1,0,1,1,0,0,0,1,1,0,0,0,0,1,1,0,1,1,1,1,0,0,0,0,0,0,1,0,1,1,1,0
0,1,1,1,0,1,1,0,1,0,1,1,0,0,0,1,1,0,1,0,0,1,1,0,1,0,1,1,0,0,0,0,1,0,0,0,1,1,1,0
0,0,1,1,0,1,1,1,1,0,1,1,0,1,0,1,1,0,0,0,0,1,1,0,1,1,1,1,0,0,0,0,0,0,1,0,1,1,1,0
0,0,1,1,0,1,1,0,1,0,1,1,0,1,1,1,1,0,1,0,0,0,1,0,1,1,1,1,0,0,0,0,1,0,1,0,1,1,1,0
0,1,1,1,0,1,1,1,1,0,1,1,0,0,0,1,1,0,0,0,0,1,1,0,1,1,1,1,0,0,0,0,1,0,0,0,1,1,1,0
0,0,1,1,0,1,1,1,1,0,1,1,0,0,0,1,1,0,0,0,0,1,1,0,1,1,1,1,0,0,0,0,0,0,1,0,1,1,1,0
0,0,1,1,0,1,1,0,1,0,1,1,0,0,0,1,1,1,1,0,0,1,1,0,1,0,1,1,0,0,0,0,0,0,1,0,1,1,1,0
0,1,1,1,0,1,1,1,1,0,1,1,0,1,0,1,1,1,0,0,0,1,1,0,1,1,1,1,0,0,0,0,1,0,1,0,1,1,1,0
0,1,1,1,0,1,1,0,1,0,1,1,0,0,0,1,1,0,1,0,0,1,1,0,1,1,1,1,0,0,0,0,1,0,1,0,1,1,1,0
0,1,1,1,0,1,0,1,1,0,1,1,0,0,0,1,1,1,0,0,0,1,1,0,1,1,1,1,0,0,0,0,1,0,1,0,1,1,1,0
0,1,1,1,0,1,0,1,1,0,1,1,0,1,0,1,1,1,0,0,0,1,1,0,1,1,1,1,0,0,0,0,1,0,1,0,1,1,1,0
0,0,0,1,0,1,0,0,1,0,1,1,0,1,0,1,1,0,1,0,0,1,1,0,1,1,1,1,0,0,0,0,1,0,1,0,1,1,1,0
0,0,1,1,0,1,1,1,1,0,1,1,0,0,0,1,1,0,0,0,0,1,1,0,1,1,1,1,0,0,0,0,0,0,1,0,1,1,1,0
0,0,1,1,0,1,1,1,1,0,1,1,0,0,0,0,1,0,0,0,0,1,1,0,1,0,1,1,0,0,1,0,0,0,1,0,1,1,1,0
0,1,1,1,0,1,1,1,1,0,1,1,0,0,0,1,1,0,0,0,0,1,1,0,1,1,1,1,0,0,0,0,1,0,1,0,1,1,1,0
0,1,1,1,0,1,1,1,1,0,1,1,0,0,1,1,1,0,0,0,0,0,1,0,1,1,1,1,0,0,0,0,1,0,1,0,1,1,1,0
0,0,1,1,0,1,1,1,1,0,1,1,1,0,0,1,1,0,0,0,0,1,1,0,1,1,1,1,0,0,0,0,0,0,1,0,1,1,1,0
0,1,1,1,0,1,1,0,1,0,1,1,0,0,0,1,1,0,1,0,0,1,1,0,1,1,1,1,0,0,0,0,1,0,1,0,1,1,1,0
0,1,1,1,0,1,1,1,1,0,1,1,1,0,0,1,1,0,0,0,0,1,1,0,1,0,1,1,0,0,0,0,1,0,1,0,1,1,1,0
0,1,0,1,0,1,1,0,1,0,1,1,0,0,1,1,1,0,1,0,0,0,1,0,1,1,1,1,0,0,0,0,1,0,1,0,1,1,1,0
0,1,1,1,0,1,1,1,1,0,1,1,0,0,0,1,1,0,0,0,0,1,1,0,1,0,1,1,0,0,0,0,1,0,1,0,1,1,1,0
0,1,1,1,0,1,1,1,1,0,1,1,0,0,0,1,1,0,0,0,0,1,1,0,1,1,1,1,0,0,0,0,1,0,1,0,1,1,1,0
0,1,1,1,0,1,1,0,1,0,1,1,0,0,0,1,1,0,1,0,0,1,1,0,1,0,1,1,0,0,0,0,1,0,1,0,1,1,1,0
0,1,1,1,0,1,0,1,1,0,1,1,0,0,0,1,1,0,0,0,0,1,1,0,1,0,1,1,0,0,0,0,1,0,0,0,1,1,1,0
0,0,1,1,0,1,0,1,1,0,1,1,1,0,0,1,1,0,0,0,0,1,1,0,1,1,1,1,0,0,0,0,0,0,0,0,1,1,1,0
0,1,1,1,0,1,1,0,1,0,1,1,0,0,0,1,1,0,1,0,0,1,1,0,1,0,1,1,0,0,0,0,1,0,1,0,1,1,1,0
0,1,1,1,0,1,1,1,1,0,1,1,0,0,0,1,1,0,0,0,0,1,1,0,1,0,1,1,0,0,0,0,1,0,1,0,1,1,1,0
0,1,1,1,0,1,1,0,1,0,1,1,0,1,1,1,1,0,1,0,0,0,1,0,1,1,1,1,0,0,0,0,1,0,1,0,1,1,1,0
0,1,1,1,0,1,1,1,1,0,1,1,0,1,1,1,1,1,0,0,0,0,1,0,1,0,1,1,0,0,0,0,1,0,1,0,1,1,1,0
0,1,1,1,0,1,1,0,1,0,1,1,1,0,1,1,1,0,1,0,0,0,1,0,1,0,1,1,0,0,0,0,1,0,1,0,1,1,1,0
0,0,1,1,0,1,1,1,1,0,1,1,0,1,0,1,1,0,0,0,0,1,1,0,1,1,1,1,0,0,0,0,0,0,1,0,1,1,1,0
0,0,1,1,0,1,1,1,1,0,1,1,0,0,0,1,1,0,0,0,0,1,1,0,1,1,1,1,0,0,0,0,1,0,0,0,1,1,1,0
0,1,1,1,0,1,1,1,1,0,1,1,1,0,1,1,1,0,0,0,0,0,1,0,1,1,1,1,0,0,0,0,1,0,0,0,1,1,1,0
0,1,1,1,0,1,1,1,1,0,1,1,0,0,0,1,1,0,0,0,0,1,1,0,1,0,1,1,0,0,0,0,1,0,0,0,1,1,1,0
0,1,1,1,0,1,1,1,1,0,1,1,0,1,0,0,1,0,0,0,0,1,1,0,1,1,1,1,0,0,1,0,1,0,1,0,1,1,1,0
0,1,1,1,0,1,1,1,1,0,1,1,0,0,0,1,1,0,0,0,0,1,1,0,1,1,1,1,0,0,0,0,1,0,1,0,1,1,1,0
0,1,1,1,0,1,1,1,1,0,1,1,0,0,0,1,1,0,0,0,0,1,1,0,1,1,1,1,0,0,0,0,1,0,1,0,1,1,1,0
0,1,1,1,0,1,1,1,1,0,1,1,0,0,1,1,1,0,0,0,0,0,1,0,1,1,1,1,0,0,0,0,1,0,1,0,1,1,1,0
0,1,1,1,0,1,1,1,1,0,1,1,0,0,1,1,1,0,0,0,0,0,1,0,1,1,1,1,0,0,0,0,1,0,1,0,1,1,1,0
0,0,1,1,0,1,0,0,1,0,1,1,0,1,0,1,1,0,1,0,0,1,1,0,1,1,1,1,0,0,0,0,1,0,1,1,1,1,1,0
0,1,1,1,0,1,1,1,1,0,1,1,0,0,0,1,1,0,0,0,0,1,1,0,1,1,1,1,0,0,0,0,1,0,1,0,1,1,1,0
0,0,1,1,0,1,1,1,1,0,1,1,0,0,0,1,1,0,0,0,0,1,1,0,1,1,1,1,0,0,0,0,0,0,0,0,1,1,1,0
0,1,1,1,0,1,1,0,1,0,1,1,0,0,0,1,1,0,1,0,0,1,1,0,1,1,1,1,0,0,0,0,1,0,1,0,1,1,1,0
0,1,1,1,0,1,1,0,1,0,1,1,0,0,0,1,1,0,1,0,0,1,1,0,1,1,1,1,0,0,0,0,1,0,1,0,1,1,1,0
0,0,1,1,0,1,1,1,1,0,1,1,0,0,0,1,1,0,0,0,0,1,1,0,1,1,1,1,0,0,0,0,1,0,1,0,1,1,1,0
0,1,1,1,0,1,1,1,1,0,1,1,0,0,1,1,1,0,0,0,0,0,1,0,1,1,1,1,0,0,0,0,1,0,1,0,1,1,1,0
0,1,1,1,0,1,1,1,1,0,1,1,0,0,0,1,1,0,0,0,0,1,1,0,1,1,1,1,0,0,0,0,1,0,1,0,1,1,1,0
0,1,1,1,0,1,1,1,1,0,1,1,0,0,0,1,1,0,0,0,0,1,1,0,1,1,1,1,0,0,0,0,1,0,1,0,1,1,1,0
0,0,1,1,0,1,1,1,1,0,1,1,0,0,1,1,1,0,0,0,0,0,1,0,1,1,1,1,0,0,0,0,0,0,1,0,1,1,1,0
0,1,1,0,0,1,0,1,1,1,1,1,0,0,0,1,1,0,0,0,0,1,1,0,1,1,1,1,0,0,0,0,1,0,1,0,1,1,1,0
0,0,1,1,0,1,1,0,1,0,1,1,0,0,0,1,1,0,1,0,0,1,1,0,1,0,1,1,0,0,0,0,1,0,1,0,1,1,1,0
0,0,1,1,0,1,1,0,1,0,1,1,0,1,0,1,1,0,1,0,0,1,1,0,1,1,1,1,0,0,0,0,1,0,1,0,1,1,1,0
0,1,1,1,0,1,1,1,1,0,1,1,0,0,0,1,1,0,0,0,0,1,1,0,1,1,1,1,0,0,0,0,1,0,1,0,1,1,1,0
0,0,1,1,0,1,1,1,1,0,1,1,0,0,0,1,1,0,0,0,0,1,1,0,1,1,1,1,0,0,0,0,0,0,1,1,1,1,1,0
0,1,1,1,0,1,0,1,1,0,1,1,0,0,0,1,1,0,0,0,0,1,1,0,1,1,1,1,0,0,0,0,1,0,1,0,1,1,1,0
0,1,1,1,0,1,1,0,1,0,1,1,0,0,1,1,1,0,1,0,0,0,1,0,1,1,1,1,0,0,0,0,1,0,0,0,1,1,1,0
0,1,1,1,0,1,1,1,1,0,1,1,0,0,1,1,1,1,0,0,0,0,1,0,1,1,1,1,0,0,0,0,1,0,1,0,1,1,1,0
0,1,1,1,0,1,1,0,1,0,1,1,0,0,0,0,1,0,1,0,0,1,1,0,1,1,1,1,0,0,1,0,1,0,1,0,1,1,1,0
0,0,1,1,0,1,1,0,1,0,1,1,0,0,0,1,1,0,1,0,0,1,1,0,1,1,1,1,0,0,0,0,0,0,0,0,1,1,1,0
0,1,1,1,0,1,1,1,1,0,1,1,0,0,1,1,1,0,0,0,0,0,1,0,1,0,1,1,0,0,0,0,1,0,0,0,1,1,1,0
0,0,1,1,0,1,1,0,1,0,1,1,0,0,1,1,1,0,1,0,0,0,1,0,1,1,1,1,0,0,0,0,0,0,0,1,1,1,1,0
0,0,1,1,0,1,1,0,1,0,1,1,0,0,0,1,1,0,1,0,0,1,1,0,1,1,1,1,0,0,0,0,0,0,1,1,1,1,1,0
0,1,1,1,0,1,1,0,1,0,1,1,0,0,0,1,1,0,1,0,0,1,1,0,1,0,1,1,0,0,0,0,1,0,1,0,1,1,1,0
0,0,1,1,0,1,1,1,1,0,1,1,0,1,0,1,1,0,0,0,0,1,1,0,1,0,1,1,0,0,0,0,1,0,1,0,1,1,1,0
0,1,1,1,0,1,1,1,1,0,1,1,0,0,0,1,1,0,0,0,0,1,1,0,1,0,1,1,0,0,0,0,1,0,1,0,1,1,1,0
0,1,1,1,0,1,1,0,1,0,1,1,1,0,1,1,1,0,1,0,0,0,1,0,1,0,1,1,0,0,0,0,1,0,0,0,1,1,1,0
0,1,1,1,0,1,0,0,1,0,1,1,0,0,0,1,1,0,1,0,0,1,1,0,1,1,1,1,0,0,0,0,1,0,1,0,1,1,1,0
0,0,1,1,0,1,1,1,1,0,1,1,0,0,0,1,1,0,0,0,0,1,1,0,1,0,1,1,0,0,0,0,1,0,1,0,1,1,1,0
0,1,1,1,0,1,0,1,1,0,1,1,0,0,0,1,1,0,0,0,0,1,1,0,1,0,1,1,0,0,0,0,1,0,1,0,1,1,1,0
0,1,0,1,0,1,1,0,1,0,1,1,0,0,0,1,1,0,1,0,0,1,1,0,1,1,1,1,0,0,0,0,1,0,1,0,1,1,1,0
0,1,1,1,0,1,1,1,1,0,1,1,1,0,0,0,1,0,0,0,0,1,1,0,1,1,1,1,0,0,1,0,1,0,1,0,1,1,1,0
0,0,1,1,0,1,1,1,1,0,1,1,0,0,0,1,1,0,0,0,0,1,1,0,1,1,1,1,0,0,0,0,1,0,1,0,1,1,1,0
0,1,1,1,0,1,0,0,1,0,1,1,0,0,0,1,1,0,1,0,0,1,1,0,1,1,1,1,0,0,0,0,1,0,1,0,1,1,1,0
0,0,1,1,0,1,1,0,1,0,1,1,0,0,0,1,1,0,1,0,0,1,1,0,1,0,1,1,0,0,0,0,0,0,1,0,1,1,1,0
0,1,1,1,0,1,0,0,1,0,1,1,0,0,0,1,1,1,1,0,0,1,1,0,1,0,1,1,0,0,0,0,1,0,1,0,1,1,1,0
0,1,1,1,1,1,1,1,1,0,1,1,0,0,1,1,1,0,0,0,0,0,1,0,1,1,1,1,0,0,0,0,1,0,1,0,0,1,1,0
0,0,1,1,0,1,1,1,1,0,1,1,1,0,0,1,1,1,0,0,0,1,1,0,1,1,1,1,0,0,0,0,0,0,1,1,1,1,1,0
0,0,1,1,0,1,1,1,1,0,1,1,0,0,0,1,1,1,0,0,0,1,1,0,1,1,1,1,0,0,0,0,0,0,1,1,1,1,1,0
0,1,1,1,0,1,1,1,1,0,1,1,0,0,0,1,1,0,0,0,0,1,1,0,1,0,1,1,0,0,0,0,1,0,1,0,1,1,0,0
0,1,1,1,0,1,1,1,1,0,1,1,0,1,0,1,1,0,0,0,0,1,1,0,1,0,1,1,0,0,0,0,1,0,1,0,1,1,1,0
0,1,1,1,0,1,1,0,1,0,1,1,0,0,0,1,1,0,1,0,0,1,1,0,1,1,1,1,0,0,0,0,1,0,1,0,1,1,1,0
0,1,1,1,0,1,1,1,1,0,1,1,0,0,0,1,1,0,0,0,0,1,1,0,1,0,1,1,0,0,0,0,1,0,0,0,1,1,1,0
0,1,1,1,0,1,1,1,1,0,1,1,0,0,0,1,1,1,0,0,0,1,1,0,1,1,1,1,0,0,0,0,1,0,1,0,1,1,1,0
0,1,1,1,0,1,0,1,1,0,1,1,0,0,1,1,1,0,0,0,0,0,1,0,1,1,1,1,0,0,0,0,1,0,1,0,1,1,1,0
0,0,1,1,0,1,1,0,1,0,1,1,0,0,0,1,1,0,1,0,0,1,1,0,1,1,1,1,0,0,0,0,0,0,0,0,1,1,1,0
0,1,1,1,0,1,0,1,1,0,1,1,0,0,0,0,1,1,0,0,0,1,1,0,1,1,1,1,0,0,1,0,1,0,0,0,1,1,1,0
0,0,1,1,0,1,1,1,1,0,1,1,0,0,1,1,1,0,0,0,0,0,1,0,1,1,1,1,0,0,0,0,1,0,1,1,1,1,1,0
0,1,1,1,0,1,0,1,1,0,1,1,0,0,0,1,1,1,0,0,0,1,1,0,1,0,1,1,0,0,0,0,1,0,1,0,1,1,1,0
0,0,1,1,0,1,1,1,1,0,1,1,0,1,0,1,1,0,0,0,0,1,1,0,1,0,1,1,0,0,0,0,1,0,1,0,1,1,1,0
0,1,1,1,0,1,1,0,1,0,1,1,0,1,0,1,1,0,1,0,0,1,1,0,1,0,1,1,0,0,0,0,1,0,1,0,1,1,1,0
0,1,1,1,0,1,1,0,1,0,1,1,0,0,0,1,1,0,1,0,0,1,1,0,1,1,1,1,0,0,0,0,1,0,1,0,1,1,1,0
0,1,1,1,0,1,1,1,1,0,1,1,0,0,0,1,1,0,0,0,0,1,1,0,1,0,1,1,0,0,0,0,1,0,1,0,1,1,1,0
0,1,1,1,0,1,1,1,1,0,1,1,0,0,0,1,1,0,0,0,0,1,1,0,1,1,1,1,0,0,0,0,1,0,0,0,1,1,1,0
0,1,1,1,0,1,1,0,1,0,1,1,0,0,0,1,1,0,1,0,0,1,1,0,1,1,1,1,0,0,0,0,1,0,1,0,1,1,1,0
0,0,1,1,0,1,1,1,1,0,1,1,0,0,0,1,1,0,0,0,0,1,1,0,1,1,1,1,0,0,0,0,0,0,1,0,1,1,1,0
0,1,1,1,0,1,1,0,1,0,1,1,0,0,0,1,1,0,1,0,0,1,1,0,1,1,1,1,0,0,0,0,1,0,1,0,1,1,1,0
0,0,1,1,0,1,1,0,1,0,1,1,0,0,0,1,1,0,1,0,0,1,1,0,1,1,1,1,0,0,0,0,0,0,1,0,1,1,1,0
0,1,1,1,0,1,1,1,1,0,1,1,0,0,1,1,1,0,0,0,0,0,1,0,1,1,1,1,0,0,0,0,1,0,1,0,1,1,1,0
0,1,1,1,0,1,1,1,1,0,1,1,0,1,0,1,1,0,0,0,0,1,1,0,1,1,1,1,0,0,0,0,1,0,1,0,1,1,1,0
0,1,1,1,0,1,0,0,1,0,1,1,0,0,0,1,1,0,1,0,0,1,1,0,1,1,1,1,0,0,0,0,1,0,0,0,1,1,1,0
0,1,1,1,0,1,1,1,1,0,1,1,0,0,0,1,1,1,0,0,0,1,1,0,1,1,1,1,0,0,0,0,1,0,1,0,1,1,1,0
0,1,1,1,0,1,1,1,1,0,1,1,0,0,0,1,1,0,0,0,0,1,1,0,1,0,1,1,0,0,0,0,1,0,1,0,1,1,1,0
0,1,1,1,0,1,1,0,1,0,1,1,0,0,0,1,1,0,1,0,0,1,1,0,1,1,1,1,0,0,0,0,1,0,1,0,1,1,1,0
0,0,1,1,0,1,1,1,1,0,1,1,0,0,0,1,1,0,0,0,0,1,1,0,1,1,1,1,0,0,0,0,1,0,1,0,1,1,1,0
0,1,1,1,0,1,1,0,1,0,1,1,0,1,1,1,1,0,1,0,0,0,1,0,1,1,1,1,0,0,0,0,1,0,1,0,1,1,1,0
0,1,1,1,0,1,1,0,1,0,1,1,0,0,0,1,1,0,1,0,0,1,1,0,1,1,1,1,0,0,0,0,1,0,0,0,1,1,1,0
0,0,1,1,0,1,0,1,1,0,1,1,0,1,1,1,1,0,0,0,0,0,1,0,1,1,1,1,0,0,0,0,0,0,0,0,1,1,1,0
0,0,1,1,0,1,1,1,1,0,1,1,0,0,0,1,1,0,0,0,0,1,1,0,1,1,1,1,0,0,0,0,1,0,1,0,1,1,1,0
0,1,1,1,0,1,1,0,1,0,1,1,0,0,0,1,1,1,1,0,0,1,1,0,1,1,1,1,0,0,0,0,1,0,1,0,1,1,1,0
0,1,1,1,0,1,1,1,1,0,1,1,0,0,0,1,1,0,0,0,0,1,1,0,1,1,1,1,0,0,0,0,1,0,0,0,1,1,1,0
0,1,1,1,0,1,1,1,1,0,1,1,0,0,0,1,1,0,0,0,0,1,1,0,1,1,1,1,0,0,0,0,1,0,1,0,1,1,1,0
0,1,1,1,0,1,1,1,1,0,1,1,0,0,0,1,1,0,0,0,0,1,1,0,1,1,1,1,0,0,0,0,1,0,1,0,1,1,1,0
0,1,1,1,0,1,1,1,1,0,1,1,0,0,0,1,1,0,0,0,0,1,1,0,1,1,1,1,0,0,0,0,1,0,1,0,1,1,1,0
0,0,1,1,0,1,1,1,1,0,1,1,0,0,0,1,1,0,0,0,0,1,1,0,1,1,1,1,0,0,0,0,0,0,1,0,1,1,1,0
0,1,0,1,0,1,1,1,1,0,1,1,0,0,1,1,1,1,0,0,0,0,1,0,1,1,1,1,0,0,0,0,1,0,1,0,1,1,1,0
0,0,1,1,0,1,1,1,1,0,1,1,0,0,0,1,1,0,0,0,0,1,1,0,1,1,1,1,0,0,0,0,0,0,1,0,1,1,1,0
0,1,1,1,0,1,1,1,1,0,1,1,0,0,1,1,1,1,0,0,0,0,1,0,1,0,1,1,0,0,0,0,1,0,1,0,1,1,1,0
0,1,1,1,0,1,1,1,1,0,1,1,1,0,0,1,1,0,0,0,0,1,1,0,1,1,1,1,0,0,0,0,1,0,1,0,1,1,1,0
0,1,1,1,0,1,1,0,1,0,1,1,0,0,0,1,1,0,1,0,0,1,1,0,1,1,1,1,0,0,0,0,1,0,1,0,1,1,1,0
0,1,1,1,0,1,1,1,1,0,1,1,0,1,0,1,1,1,0,0,0,1,1,0,1,1,1,1,0,0,0,0,1,0,1,0,1,1,1,0
0,0,1,1,0,1,1,1,1,0,1,1,0,0,0,1,1,0,0,0,0,1,1,0,1,1,1,1,0,0,0,0,1,0,1,0,1,1,1,0
0,1,1,1,0,1,1,1,1,0,1,1,0,0,1,1,1,0,0,0,0,0,1,0,1,1,1,1,0,0,0,0,1,0,1,0,1,1,1,0
0,1,1,1,0,1,1,1,1,0,1,1,0,0,0,1,1,0,0,0,0,1,1,0,1,0,1,1,0,0,0,0,1,0,0,0,1,1,1,0
0,1,1,1,0,1,1,1,1,0,1,1,0,0,0,0,1,0,0,0,0,1,1,0,1,0,1,1,0,0,1,0,1,0,1,0,1,1,1,0
0,0,1,1,0,1,1,1,1,0,1,1,0,0,0,1,1,0,0,0,0,1,1,0,1,1,1,1,0,0,0,0,0,0,1,0,1,1,1,0
0,1,0,1,0,1,1,1,1,0,1,1,0,0,1,1,1,0,0,0,0,0,1,0,1,0,1,1,0,0,0,0,1,0,1,0,1,1,1,0
0,1,1,1,0,1,1,0,1,0,1,1,0,0,1,1,1,0,1,0,0,0,1,0,1,1,1,1,0,0,0,0,1,0,1,0,1,1,1,0
0,0,1,1,0,1,0,0,1,0,1,1,0,0,0,1,1,0,1,0,0,1,1,0,1,1,1,1,0,0,0,0,0,0,1,0,1,1,1,0
0,1,1,1,0,1,1,1,1,0,1,1,0,1,0,1,1,0,0,0,0,1,1,0,1,0,1,1,0,0,0,0,1,0,1,0,1,1,1,0
0,1,1,1,0,1,1,1,1,0,1,1,0,1,0,1,1,0,0,0,0,1,1,0,1,1,1,1,0,0,0,0,1,0,1,0,1,1,1,0
0,0,1,1,0,1,1,1,1,0,1,1,0,0,0,1,1,0,0,0,0,1,1,0,1,0,1,1,0,0,0,0,1,0,1,0,1,1,1,0
0,1,1,1,0,1,1,0,1,0,1,1,1,0,0,1,1,0,1,0,0,1,1,0,1,0,1,1,0,0,0,0,1,0,1,0,1,1,1,0
0,1,1,1,0,1,0,1,1,0,1,1,1,0,0,1,1,0,0,0,0,1,1,0,1,1,1,1,0,0,0,0,1,0,1,0,1,1,1,0
0,0,1,1,0,1,1,1,1,0,1,1,0,1,1,1,1,1,0,0,1,0,1,0,1,0,1,1,0,0,0,0,0,0,1,0,1,1,1,0
0,1,1,1,0,1,1,1,1,0,1,1,0,0,0,1,1,1,0,0,0,1,1,0,1,1,1,1,0,0,0,0,1,0,0,0,1,1,1,0
0,1,1,1,0,1,1,1,1,0,1,1,0,1,0,1,1,0,0,0,0,1,1,0,1,1,1,1,0,0,0,0,1,0,1,0,1,1,1,0
0,1,1,1,0,1,1,1,1,0,1,1,0,0,0,1,1,0,0,0,0,1,1,0,1,1,1,1,0,0,0,0,1,0,1,0,1,1,1,0
0,1,1,1,0,1,1,0,1,0,1,1,0,1,1,1,1,0,1,0,0,0,1,0,1,1,1,1,0,0,0,0,1,0,0,0,1,1,1,0
0,1,1,1,0,1,1,1,1,0,1,1,0,0,0,1,1,0,0,0,0,1,1,0,1,1,1,1,0,0,0,0,1,0,1,0,1,1,1,0
0,1,1,1,0,1,1,1,1,0,1,1,0,0,1,1,1,0,0,0,0,0,1,0,1,1,1,1,0,0,0,0,1,0,1,0,1,1,1,0
0,0,1,1,0,1,1,1,1,0,1,1,0,0,0,1,1,0,0,0,0,1,1,0,1,0,1,1,0,0,0,0,0,0,0,0,1,1,1,0
0,1,1,1,0,1,1,1,1,0,1,1,0,0,0,0,1,0,0,0,0,1,1,0,1,1,1,1,0,0,1,0,1,0,1,0,1,1,1,0
0,0,1,1,0,1,1,1,1,0,1,1,0,0,0,1,1,0,0,0,0,1,1,0,1,1,1,1,0,0,0,0,0,0,1,0,1,1,1,0
0,1,1,1,0,1,1,1,1,0,1,1,0,0,0,1,1,0,0,0,0,1,1,0,1,0,1,1,0,0,0,0,1,0,0,0,1,1,1,0
0,1,1,1,0,1,1,1,1,0,1,1,0,0,0,1,1,0,0,0,0,1,1,0,1,0,1,1,0,0,0,0,1,0,1,0,1,1,1,0
0,1,1,1,0,1,1,0,1,0,1,1,1,0,0,1,1,0,1,0,0,1,1,0,1,0,1,1,0,0,0,0,1,0,1,0,1,1,1,0
0,1,1,1,0,1,1,0,1,0,1,1,0,0,1,1,1,1,1,0,0,0,1,0,1,0,1,1,0,0,0,0,1,0,1,0,1,1,1,0
0,1,1,1,0,1,1,0,1,0,1,1,0,0,0,1,1,0,1,0,0,1,1,0,1,1,1,1,0,0,0,0,1,0,1,0,1,1,1,0
0,1,1,1,0,1,1,1,1,0,1,1,0,0,0,1,1,0,0,0,0,1,1,0,1,1,1,1,0,0,0,0,1,0,1,0,1,1,1,0
0,1,1,1,0,1,1,1,1,0,1,1,0,0,1,1,1,1,0,0,0,0,1,0,1,1,1,1,0,0,0,0,1,0,1,0,1,1,1,0
0,0,1,1,0,1,1,1,1,0,1,1,0,1,0,1,1,0,0,0,0,1,1,0,1,0,1,1,0,0,0,0,1,0,1,0,1,1,1,0
0,1,1,1,0,1,1,1,1,0,1,1,0,0,0,1,1,0,0,0,0,1,1,0,1,1,1,1,0,0,0,0,1,0,1,0,1,1,1,0
0,1,1,1,0,1,1,1,1,0,1,1,0,0,0,1,1,1,0,0,0,1,1,0,1,1,1,1,0,0,0,0,1,0,0,0,1,1,1,0
0,1,1,1,0,1,1,1,1,0,1,1,0,0,0,1,1,0,0,0,0,1,1,0,1,0,1,1,0,0,0,0,1,0,1,0,1,1,1,0
0,1,1,1,0,1,1,1,1,0,1,1,0,1,0,1,1,0,0,0,0,1,1,0,1,1,1,1,0,0,0,0,1,0,1,0,1,1,1,0
0,1,1,1,0,1,1,1,1,0,1,1,0,0,0,1,1,0,0,0,0,1,1,0,1,0,1,1,0,0,0,0,1,0,1,0,1,1,1,0
0,1,0,1,0,1,1,1,1,0,1,1,0,1,0,1,1,0,0,0,0,1,1,0,1,1,1,1,0,0,0,0,1,0,1,0,1,1,1,0
0,1,1,1,0,1,1,1,1,0,1,1,0,1,0,1,1,0,0,0,0,1,1,0,1,0,1,1,0,0,0,0,1,0,0,0,1,1,1,0
0,0,1,1,0,1,1,0,1,0,1,1,0,0,1,1,1,0,1,0,0,0,1,0,1,1,1,1,0,0,0,0,0,0,1,0,1,1,1,0
0,1,1,1,0,1,0,1,1,0,1,1,0,0,0,1,1,0,0,0,0,1,1,0,1,1,1,1,0,0,0,0,1,0,0,0,1,1,1,0
0,0,1,1,0,1,1,1,1,0,1,1,0,0,0,1,1,0,0,0,0,1,1,0,1,1,1,1,0,0,0,0,0,0,1,1,1,1,1,0
0,1,1,1,0,1,1,0,1,0,1,1,0,0,0,1,1,0,1,0,0,1,1,0,1,1,1,1,0,0,0,0,1,0,1,0,1,1,1,0
0,0,1,1,0,1,1,1,1,0,1,1,0,0,1,1,1,0,0,0,0,0,1,0,1,1,1,1,0,0,0,0,1,0,1,0,1,1,1,0
0,1,1,1,0,1,1,1,1,0,1,1,0,0,0,1,1,0,0,0,0,1,1,0,1,1,1,1,0,0,0,0,1,0,1,0,1,1,1,0
0,1,1,1,0,1,1,1,1,0,1,1,0,0,1,1,1,0,0,0,0,0,1,0,1,1,1,1,0,0,0,0,1,0,1,0,1,1,1,0
0,0,1,1,1,1,1,1,1,0,1,1,0,0,0,0,1,0,0,0,0,1,1,0,1,0,1,1,0,0,1,0,0,0,1,0,0,1,1,0
0,1,1,1,0,1,1,1,1,0,1,1,0,1,0,1,1,0,0,0,0,1,1,0,1,0,1,1,0,0,0,0,1,0,0,0,1,1,1,0
0,1,1,1,0,1,1,1,1,0,1,1,0,0,1,1,1,0,0,0,0,0,1,0,1,1,1,1,0,0,0,0,1,0,1,0,1,1,1,0
0,1,1,1,0,1,1,1,1,0,1,1,0,0,1,1,1,0,0,0,0,0,1,0,1,1,1,1,0,0,0,0,1,0,1,0,1,1,1,0
0,1,1,1,0,1,1,0,1,0,1,1,0,0,1,1,1,0,1,0,0,0,1,0,1,0,1,1,0,0,0,0,1,0,1,0,1,1,1,0
0,1,0,1,0,1,1,1,1,0,1,1,0,0,1,1,1,0,0,0,0,0,1,0,1,1,1,1,0,0,0,0,1,0,1,0,1,1,1,0
0,1,1,1,0,1,0,1,1,0,1,1,0,0,1,1,1,0,0,0,0,0,1,0,1,1,1,1,0,0,0,0,1,0,1,0,1,1,1,0
0,1,1,1,0,1,1,1,1,0,1,1,1,0,0,1,1,0,0,0,0,1,1,0,1,0,1,1,0,0,0,0,1,0,1,0,1,1,1,0
0,1,1,1,0,1,1,1,1,0,1,1,0,1,0,1,1,0,0,0,0,1,1,0,1,1,1,1,0,0,0,0,1,0,1,0,1,1,1,0
0,1,1,1,0,1,1,1,1,0,1,1,0,0,0,1,1,0,0,0,0,1,1,0,1,1,1,1,0,0,0,0,1,0,1,0,1,1,1,0
0,0,1,1,0,1,1,1,1,0,1,1,0,0,0,1,1,0,0,0,0,1,1,0,1,0,1,1,0,0,0,0,1,0,0,0,1,1,1,0
0,1,1,1,0,1,1,1,1,0,1,1,0,0,0,1,1,0,0,0,0,1,1,0,1,0,1,1,0,0,0,0,1,0,0,0,1,1,1,0
0,0,1,1,0,1,0,1,1,0,1,1,0,0,1,1,1,0,0,0,0,0,1,0,1,1,1,1,0,0,0,0,0,0,1,0,1,1,1,0
0,1,1,1,0,1,1,1,1,0,1,1,0,0,0,1,1,0,0,0,0,1,1,0,1,1,1,1,0,0,0,0,1,0,1,0,1,1,1,0
0,1,1,1,0,1,1,0,1,0,1,1,0,0,1,1,1,0,1,0,0,0,1,0,1,0,1,1,0,0,0,0,1,0,0,0,1,1,1,0
0,1,1,1,0,1,1,1,1,0,1,1,0,0,1,1,1,0,0,0,0,0,1,0,1,1,1,1,0,0,0,0,1,0,1,0,1,1,1,0
0,0,1,1,0,1,0,1,1,0,1,1,0,0,1,1,1,0,0,0,0,0,1,0,1,0,1,1,0,0,0,0,0,0,1,0,1,1,1,0
0,1,1,1,0,1,1,0,1,0,1,1,0,0,1,1,1,0,1,0,0,0,1,0,1,1,1,1,0,0,0,0,1,0,0,0,1,1,1,0
0,1,1,1,0,1,1,1,1,0,1,1,0,1,0,1,1,0,0,0,0,1,1,0,1,1,1,1,0,0,0,0,1,0,0,0,1,1,1,0
0,0,1,1,0,1,1,1,1,0,1,1,0,0,0,1,1,1,0,0,0,1,1,0,1,0,1,1,0,0,0,0,1,0,0,0,1,1,1,0
0,1,1,1,0,1,1,1,1,0,1,1,0,0,1,1,1,0,0,0,0,0,1,0,1,1,1,1,0,0,0,0,1,0,1,0,1,1,1,0
0,1,1,1,0,1,1,1,1,0,1,1,0,1,1,1,1,0,0,0,0,0,1,0,1,1,1,1,0,0,0,0,1,0,1,0,1,1,1,0
0,1,1,1,0,1,1,1,1,0,1,1,0,0,1,1,1,0,0,0,0,0,1,0,1,1,1,1,0,0,0,0,1,0,1,0,1,1,1,0
0,1,1,1,0,1,1,1,1,0,1,1,0,0,0,1,1,0,0,0,0,1,1,0,1,1,1,1,0,0,0,0,1,0,1,0,1,1,1,0
0,1,1,1,0,1,0,0,1,0,1,1,0,0,0,1,1,0,1,0,0,1,1,0,1,1,1,1,0,0,0,0,1,0,1,0,1,1,1,0
0,1,1,1,0,1,1,0,1,0,1,1,0,1,0,0,1,0,1,0,0,1,1,0,1,1,1,1,0,0,1,0,1,0,1,0,1,1,1,0
0,1,1,1,0,1,1,1,1,0,1,1,0,0,0,1,1,0,0,0,0,1,1,0,1,0,1,1,0,0,0,0,1,0,1,0,1,1,1,0
0,0,1,1,0,1,1,1,1,0,1,1,0,1,0,1,1,0,0,0,0,1,1,0,1,0,1,1,0,0,0,0,1,0,0,1,1,1,1,0
0,1,1,1,0,1,1,1,1,0,1,1,0,0,0,1,1,0,0,0,0,1,1,0,1,1,1,1,0,0,0,0,1,0,1,0,1,1,1,0
0,1,1,1,0,1,0,0,1,0,1,1,0,0,0,1,1,0,1,0,0,1,1,0,1,1,1,1,0,1,0,0,1,0,1,0,1,1,1,0
0,1,1,1,0,1,0,0,1,0,1,1,0,0,0,1,1,0,1,0,0,1,1,0,1,0,1,1,0,0,0,0,1,0,1,0,1,1,1,0
0,1,1,1,0,1,1,0,1,0,1,1,0,0,0,1,1,0,1,0,0,1,1,0,1,1,1,1,0,0,0,0,1,0,1,0,1,1,1,0
0,1,1,1,0,1,0,1,1,0,1,1,0,0,0,1,1,1,0,0,0,1,1,0,1,1,1,1,0,0,0,0,1,0,1,0,1,1,1,0
0,1,1,1,0,1,0,1,1,0,1,1,0,1,0,1,1,0,0,0,0,1,1,0,1,0,1,1,0,0,0,0,1,0,1,0,1,1,1,0
0,0,1,1,0,1,0,1,1,0,1,1,0,1,0,1,1,0,0,0,0,1,1,0,1,1,1,1,0,0,0,0,0,0,1,0,1,1,1,0
0,1,1,1,0,1,1,1,1,0,1,1,0,0,0,1,1,0,0,0,0,1,1,0,1,1,1,1,0,0,0,0,1,0,1,0,1,1,1,0
0,0,1,1,0,1,1,1,1,0,1,1,0,0,0,1,1,0,0,0,0,1,1,0,1,1,1,1,0,0,0,0,0,0,1,0,1,1,1,0
0,0,1,1,0,1,1,1,1,0,1,1,0,0,0,1,1,0,0,0,0,1,1,0,1,1,1,1,0,0,0,0,0,0,1,0,1,1,1,0
0,1,1,1,0,1,1,1,1,0,1,1,0,0,0,1,1,0,0,0,0,1,1,0,1,1,1,1,0,0,0,0,1,0,1,0,1,1,1,0
0,1,1,1,0,1,0,1,1,0,1,1,1,0,0,1,1,0,0,0,0,1,1,0,1,0,1,1,0,0,0,0,1,0,0,0,1,1,1,0
0,1,1,1,0,1,0,0,1,0,1,1,0,0,0,1,1,0,1,0,0,1,1,0,1,1,1,1,0,0,0,0,1,0,1,0,1,1,1,0
0,1,1,1,0,1,1,1,1,0,1,1,0,0,0,1,1,0,0,0,0,1,1,0,1,1,1,1,0,0,0,0,1,0,1,0,1,1,1,0
0,0,1,1,0,1,1,0,1,0,1,1,0,0,1,1,1,1,1,0,0,0,1,0,1,1,1,1,0,0,0,0,0,0,0,0,1,1,1,0
0,1,1,1,0,1,1,0,1,0,1,1,0,0,0,1,1,0,1,0,0,1,1,0,1,0,1,1,0,0,0,0,1,0,1,0,1,1,1,0
0,1,1,1,0,1,1,1,1,0,1,1,1,1,0,1,1,1,0,0,0,1,1,0,1,1,1,1,0,0,0,0,1,0,1,0,1,1,1,0
0,1,1,1,0,1,0,1,1,0,1,1,0,0,1,1,1,0,0,0,0,0,1,0,1,1,1,1,0,0,0,0,1,0,1,0,1,1,1,0
0,1,1,1,0,1,1,1,1,0,1,1,0,0,0,1,1,0,0,0,0,1,1,0,1,1,1,1,0,0,0,0,1,0,0,0,1,1,1,0
0,1,1,1,0,1,1,0,1,0,1,1,0,0,1,1,1,0,1,0,0,0,1,0,1,1,1,1,0,0,0,0,1,0,1,0,1,1,1,0
0,1,1,1,0,1,1,1,1,0,1,1,0,0,1,1,1,0,0,0,0,0,1,0,1,1,1,1,0,0,0,0,1,0,0,0,1,1,1,0
0,1,0,1,0,1,1,1,1,0,1,1,0,0,1,1,1,1,0,0,0,0,1,0,1,0,1,1,0,0,0,0,1,0,1,0,1,1,1,0
0,1,1,1,0,1,1,0,1,0,1,1,0,0,0,1,1,0,1,0,0,1,1,0,1,1,1,1,0,0,0,0,1,0,1,0,1,1,1,0
0,1,1,1,0,1,0,1,1,0,1,1,0,0,0,1,1,0,0,0,0,1,1,0,1,1,1,1,0,0,0,0,1,0,1,0,1,1,1,0
0,1,1,1,0,1,1,0,1,0,1,1,0,0,1,1,1,0,1,0,0,0,1,0,1,1,1,1,0,0,0,0,1,0,1,0,1,1,1,0
0,1,1,1,0,1,1,1,1,0,1,1,0,0,1,1,1,0,0,0,0,0,1,0,1,1,1,1,0,0,0,0,1,0,1,0,1,1,1,0
0,1,1,1,0,1,0,1,1,0,1,1,0,0,0,0,1,0,0,0,0,1,1,0,1,0,1,1,0,0,1,0,1,0,1,0,1,1,1,0
0,1,1,1,0,1,1,1,1,0,1,1,0,0,0,1,1,0,0,0,0,1,1,0,1,0,1,1,0,0,0,0,1,0,1,0,1,1,1,0
0,0,1,1,0,1,1,1,1,0,1,1,0,0,0,1,1,0,0,0,0,1,1,0,1,0,1,1,0,0,0,0,0,0,1,0,1,1,1,0
0,1,1,1,0,1,1,1,1,0,1,1,0,0,1,1,1,0,0,0,0,0,1,0,1,1,1,1,0,0,0,0,1,0,1,0,1,1,1,0
0,1,1,1,0,1,1,1,1,0,1,1,0,1,0,1,1,1,0,0,0,1,1,0,1,0,1,1,0,0,0,0,1,0,1,0,1,1,1,0
0,0,1,1,0,1,1,1,1,0,1,1,0,1,0,1,1,0,0,0,0,1,1,0,1,0,1,1,0,0,0,0,1,0,1,0,1,1,1,0
0,1,1,1,0,1,0,1,1,0,1,1,0,0,0,1,1,0,0,0,0,1,1,0,1,0,1,1,0,0,0,0,1,0,1,0,1,1,1,0
0,0,1,1,0,1,1,1,1,0,1,1,0,0,0,1,1,0,0,0,0,1,1,0,1,0,1,1,0,0,0,0,0,0,1,1,1,1,1,0
0,1,1,1,0,1,1,0,1,0,1,1,0,0,0,1,1,0,1,0,0,1,1,0,1,1,1,1,0,0,0,0,1,0,1,0,1,1,1,0
0,1,1,1,0,1,1,1,1,0,1,1,0,0,1,1,1,0,0,0,0,0,1,0,1,0,1,1,0,0,0,0,1,0,1,0,1,1,1,0
0,0,1,1,0,1,1,0,1,0,1,1,0,0,0,1,1,0,1,0,0,1,1,0,1,1,1,1,0,0,0,0,0,0,1,0,1,1,1,0
0,1,1,1,0,1,1,1,1,0,1,1,0,0,0,1,1,0,0,0,0,1,1,0,1,0,1,1,0,0,0,0,1,0,0,0,1,1,1,0
0,1,1,1,0,1,1,1,1,0,1,1,0,0,0,1,1,0,0,0,0,1,1,0,1,1,1,1,0,0,0,0,1,0,1,0,1,1,1,0
0,1,1,1,0,1,1,1,1,0,1,1,0,0,1,1,1,1,0,0,0,0,1,0,1,1,1,1,0,0,0,0,1,0,1,0,1,1,1,0
0,1,1,1,0,1,1,1,1,0,1,1,0,1,0,1,1,1,0,0,0,1,1,0,1,1,1,1,0,0,0,0,1,0,1,0,1,1,1,0
0,0,1,1,0,1,1,0,1,0,1,1,0,1,1,1,1,0,1,0,0,0,1,0,1,0,1,1,0,0,0,0,1,0,1,0,1,1,1,0
0,1,1,1,0,1,0,1,1,0,1,1,0,0,0,1,1,0,0,0,0,1,1,0,1,0,1,1,0,0,0,0,1,0,1,0,1,1,1,0
0,1,1,1,0,1,1,0,1,0,1,1,0,0,0,1,1,1,1,0,0,1,1,0,1,1,1,1,0,0,0,0,1,0,1,0,1,1,1,0
0,1,1,1,0,1,1,1,1,0,1,1,0,0,0,1,1,0,0,0,0,1,1,0,1,1,1,1,0,0,0,0,1,0,0,0,1,1,1,0
0,0,1,1,0,1,0,0,1,0,1,1,0,0,0,1,1,0,1,0,0,1,1,0,1,1,1,1,0,0,0,0,1,0,1,1,1,1,1,0
0,1,1,1,0,1,1,1,1,0,1,1,0,0,0,1,1,1,0,0,0,1,1,0,1,0,1,1,0,0,0,0,1,0,1,0,1,1,1,0
0,0,1,1,0,1,1,1,1,0,1,1,0,0,1,1,1,0,0,0,0,0,1,0,1,1,1,1,0,0,0,0,0,0,0,0,1,1,1,0
0,0,1,1,0,1,1,0,1,0,1,1,0,0,0,1,1,0,1,0,0,1,1,0,1,1,1,1,0,0,0,0,0,0,1,0,1,1,1,0
0,1,1,1,0,1,1,1,1,0,1,1,0,0,0,1,1,0,0,0,0,1,1,0,1,1,1,1,0,0,0,0,1,0,1,0,1,1,1,0
0,0,1,1,0,1,1,0,1,0,1,1,0,0,0,1,1,0,1,0,0,1,1,0,1,1,1,1,0,0,0,0,0,0,1,1,1,1,1,0
0,1,1,1,0,1,0,1,1,0,1,1,0,0,0,1,1,0,0,0,0,1,1,0,1,1,1,1,0,0,0,0,1,0,1,0,1,1,1,0
0,1,1,1,0,1,1,1,1,0,1,1,0,1,0,1,1,0,0,0,0,1,1,0,1,0,1,1,0,0,0,0,1,0,1,0,1,1,1,0
0,1,1,1,0,1,1,1,1,0,1,1,0,1,0,1,1,0,0,0,0,1,1,0,1,0,1,1,0,0,0,0,1,0,1,0,1,1,1,0
0,1,1,1,0,1,1,1,1,0,1,1,0,1,0,1,1,0,0,0,0,1,1,0,1,1,1,1,0,0,0,0,1,0,1,0,1,1,1,0
0,0,1,1,0,1,1,0,1,0,1,1,0,0,0,1,1,0,1,0,0,1,1,0,1,1,1,1,0,0,0,0,1,0,1,1,1,1,1,0
0,0,1,1,0,1,1,1,1,0,1,1,0,0,1,1,1,0,0,0,0,0,1,0,1,0,1,1,0,0,0,0,0,0,1,1,1,1,1,0
0,0,1,1,0,1,1,0,1,0,1,1,0,0,0,1,1,0,1,0,0,1,1,0,1,1,1,1,0,0,0,0,0,0,1,0,1,1,1,0
0,1,1,1,0,1,1,1,1,0,1,1,0,0,0,1,1,0,0,0,0,1,1,0,1,0,1,1,0,0,0,0,1,0,0,0,1,1,1,0
0,1,1,1,0,1,1,1,1,0,1,1,0,0,1,1,1,0,0,0,0,0,1,0,1,1,1,1,0,0,0,0,1,0,1,0,1,1,1,0
0,1,1,1,0,1,1,1,1,0,1,1,0,0,0,1,1,0,0,0,0,1,1,0,1,1,1,1,0,0,0,0,1,0,0,0,1,1,1,0
0,0,1,1,0,1,1,1,1,0,1,1,0,0,0,1,1,0,0,0,0,1,1,0,1,1,1,1,0,0,0,0,1,0,1,1,1,1,1,0
0,0,1,1,0,1,1,1,1,0,1,1,0,0,0,1,1,0,0,0,0,1,1,0,1,0,1,1,0,0,0,0,0,0,1,0,1,1,1,0
0,0,1,1,0,1,1,1,1,0,1,1,0,0,0,1,1,0,0,0,0,1,1,0,1,1,1,1,0,0,0,0,0,0,1,0,1,1,1,0
0,0,1,1,0,1,1,1,1,0,1,1,0,0,1,1,1,0,0,0,0,0,1,0,1,0,1,1,0,0,0,0,0,0,1,1,1,1,1,0
0,1,1,1,0,1,0,1,1,0,1,1,0,0,1,1,1,0,0,0,0,0,1,0,1,1,1,1,0,0,0,0,1,0,1,0,1,1,1,0
0,1,1,1,0,1,0,1,1,0,1,1,0,0,0,1,1,0,0,0,0,1,1,0,1,0,1,1,0,0,0,0,1,0,1,0,1,1,1,0
0,1,1,1,0,1,1,1,1,0,1,1,0,0,0,1,1,0,0,0,0,1,1,0,1,1,1,1,0,0,0,0,1,0,1,0,1,1,1,0
0,1,1,1,0,1,0,1,1,0,1,1,0,0,0,0,1,0,0,0,0,1,1,0,1,0,1,1,0,0,1,0,1,0,1,0,1,1,1,0
0,0,1,1,0,1,1,1,1,0,1,1,0,0,0,1,1,0,0,0,0,1,1,0,1,0,1,1,0,0,0,0,0,0,1,1,1,1,1,0
0,1,1,1,0,1,1,0,1,0,1,1,0,0,0,0,1,0,1,0,0,1,1,0,1,0,1,1,0,0,1,0,1,0,1,0,1,1,1,0
0,1,1,1,0,1,0,0,1,0,1,1,0,0,0,1,1,0,1,0,0,1,1,0,1,0,1,1,0,0,0,0,1,0,1,0,1,1,1,0
0,1,1,1,0,1,1,1,1,0,1,1,0,1,0,1,1,0,0,0,0,1,1,0,1,1,1,1,0,0,0,0,1,0,0,0,1,1,1,0
0,1,1,1,0,1,0,1,1,0,1,1,0,0,0,1,1,0,0,0,0,1,1,0,1,1,1,1,0,0,0,0,1,0,1,0,1,1,1,0
0,0,1,1,0,1,1,0,1,0,1,1,0,0,0,1,1,1,1,0,0,1,1,0,1,1,1,1,0,0,0,0,0,0,1,0,1,1,1,0
0,1,1,1,0,1,1,0,1,0,1,1,0,0,0,1,1,1,1,0,0,1,1,0,1,1,1,1,0,0,0,0,1,0,1,0,1,1,1,0
0,1,1,1,0,1,1,1,1,0,1,1,0,1,0,1,1,1,0,0,0,1,1,0,1,1,1,1,0,0,0,0,1,0,1,0,1,1,1,0
0,1,1,1,0,1,1,1,1,0,1,1,0,1,0,1,1,0,0,0,0,1,1,0,1,1,1,1,0,0,0,0,1,0,1,0,1,1,1,0
0,1,1,1,0,1,1,1,1,0,1,1,1,1,0,1,1,0,0,0,0,1,1,0,1,1,1,1,0,0,0,0,1,0,1,0,1,1,1,0
0,0,1,1,0,1,0,1,1,0,1,1,0,0,0,1,1,0,0,0,0,1,1,0,1,0,1,1,0,0,0,0,0,0,1,0,1,1,1,0
0,1,1,1,0,1,1,1,1,0,1,1,0,0,0,1,1,0,0,0,0,1,1,0,1,1,1,1,0,0,0,0,1,0,1,0,1,1,1,0
0,0,1,1,0,1,1,0,1,0,1,1,0,0,1,1,1,0,1,0,0,0,1,0,1,1,1,1,0,0,0,0,0,0,1,1,1,1,1,0
0,1,1,1,0,1,1,1,1,0,1,1,0,0,0,1,1,0,0,0,0,1,1,0,1,1,1,1,0,0,0,0,1,0,1,0,1,1,1,0
0,1,1,1,0,1,1,1,1,0,1,1,0,0,0,1,1,0,0,0,0,1,1,0,1,0,1,1,0,0,0,0,1,0,1,0,1,1,1,0
0,1,1,1,0,1,1,1,1,0,1,1,0,0,0,1,1,0,0,0,0,1,1,0,1,1,1,1,0,0,0,0,1,0,1,0,1,1,1,0
0,1,1,1,0,1,1,0,1,0,1,1,0,0,0,1,1,0,1,0,0,1,1,0,1,0,1,1,0,0,0,0,1,0,1,0,1,1,1,0
0,1,1,1,0,1,1,1,1,0,1,1,0,0,0,1,1,0,0,0,0,1,1,0,1,0,1,1,0,0,0,0,1,0,1,0,1,1,1,0
0,1,1,1,0,1,1,1,1,0,1,1,0,0,0,0,1,0,0,0,0,1,1,0,1,0,1,1,0,0,1,0,1,0,1,0,1,1,1,0
0,0,1,1,0,1,1,1,1,0,1,1,0,0,0,1,1,0,0,0,0,1,1,0,1,1,1,1,0,0,0,0,0,0,1,0,1,1,1,0
0,1,0,1,0,1,1,1,1,0,1,1,0,1,0,0,1,1,0,0,0,1,1,0,1,1,1,1,0,0,1,0,1,0,1,0,1,1,1,0
0,1,1,1,0,1,1,1,1,0,1,1,0,1,0,1,1,0,0,0,0,1,1,0,1,0,1,1,0,0,0,0,1,0,0,0,1,1,1,0
0,1,1,1,0,1,0,1,1,0,1,1,0,1,0,1,1,0,0,0,0,1,1,0,1,1,1,1,0,0,0,0,1,0,1,0,1,1,1,0
0,1,1,1,0,1,1,1,1,0,1,1,0,0,0,1,1,0,0,0,0,1,1,0,1,1,1,1,0,0,0,0,1,0,1,0,1,1,1,0
0,1,1,1,0,1,1,1,1,0,1,1,0,0,0,1,1,0,0,0,0,1,1,0,1,1,1,1,0,0,0,0,1,0,1,0,1,1,1,0
0,1,0,1,0,1,0,1,1,0,1,1,0,0,0,1,1,0,0,0,0,1,1,0,1,1,1,1,0,0,0,0,1,0,0,0,1,1,1,0
0,0,1,1,0,1,1,1,1,0,1,1,0,0,0,1,1,0,0,0,0,1,1,0,1,1,1,1,0,0,0,0,0,0,0,0,1,1,1,0
0,1,1,1,0,1,1,1,1,0,1,1,0,1,1,1,1,0,0,0,0,0,1,0,1,1,1,1,0,0,0,0,1,0,1,0,1,1,1,0
0,1,1,1,0,1,1,1,1,0,1,1,0,0,1,1,1,0,0,0,0,0,1,0,1,1,1,1,0,0,0,0,1,0,1,0,1,1,1,0
0,1,1,1,0,1,1,0,1,0,1,1,0,0,1,1,1,0,1,0,0,0,1,0,1,1,1,1,0,0,0,0,1,0,1,0,1,1,1,0
0,1,1,1,0,1,1,0,1,0,1,1,0,0,1,1,1,0,1,0,0,0,1,0,1,1,1,1,0,0,0,0,1,0,1,0,1,1,1,0
0,1,1,1,0,1,0,1,1,0,1,1,0,0,0,1,1,1,0,0,0,1,1,0,1,0,1,1,0,0,0,0,1,0,1,0,1,1,1,0
0,1,1,1,0,1,1,1,1,0,1,1,0,0,0,1,1,0,0,0,0,1,1,0,1,1,1,1,0,0,0,0,1,0,1,0,1,1,1,0
0,1,1,1,0,1,1,0,1,0,1,1,0,1,0,1,1,0,1,0,0,1,1,0,1,0,1,1,0,0,0,0,1,0,0,0,1,1,1,0
0,1,1,1,0,1,1,0,1,0,1,1,0,1,1,1,1,0,1,0,0,0,1,0,1,1,1,1,0,0,0,0,1,0,1,0,1,1,1,0
0,1,1,1,0,1,1,0,1,0,1,1,0,1,0,1,1,0,1,0,0,1,1,0,1,1,1,1,0,0,0,0,1,0,1,0,1,1,1,0
0,1,1,1,0,1,1,1,1,0,1,1,0,0,0,1,1,0,0,0,0,1,1,0,1,0,1,1,0,0,0,0,1,0,1,0,1,1,1,0
0,1,1,1,0,1,1,1,1,0,1,1,0,0,0,1,1,0,0,0,0,1,1,0,1,0,1,1,0,0,0,0,1,0,1,0,1,1,1,0
0,1,1,1,0,1,1,1,1,0,1,1,0,0,0,1,1,0,0,0,0,1,1,0,1,1,1,1,0,0,0,0,1,0,1,0,1,1,1,0
0,0,1,1,0,1,1,1,1,0,1,1,0,0,0,1,1,0,0,0,0,1,1,0,1,1,1,1,0,0,0,0,0,0,1,1,1,1,1,0
0,1,1,1,0,1,1,0,1,0,1,1,0,0,1,1,1,0,1,0,0,0,1,0,1,1,1,1,0,0,0,0,1,0,1,0,1,1,1,0
0,0,1,1,0,1,1,1,1,0,1,1,0,0,0,1,1,0,0,0,0,1,1,0,1,0,1,1,0,0,0,0,1,0,1,1,1,1,1,0
0,0,1,1,0,1,0,1,1,0,1,1,0,0,0,1,1,0,0,0,0,1,1,0,1,1,1,1,0,0,0,0,0,0,1,1,1,1,1,0
0,1,1,1,0,1,1,1,1,0,1,1,0,0,0,1,1,0,0,0,0,1,1,0,1,1,1,1,0,0,0,0,1,0,1,0,1,1,1,0
0,0,1,1,0,1,1,0,1,0,1,1,0,0,0,1,1,1,1,0,0,1,1,0,1,0,1,1,0,0,0,0,1,0,1,1,1,1,1,0
0,0,1,1,0,1,1,1,1,0,1,1,0,0,0,1,1,0,0,0,0,1,1,0,1,1,1,1,0,0,0,0,1,0,1,0,1,1,1,0
0,1,1,1,0,1,1,1,1,0,1,1,0,1,0,1,1,0,0,0,0,1,1,0,1,1,1,1,0,0,0,0,1,0,1,0,1,1,1,0
0,1,1,1,0,1,1,0,1,0,1,1,0,0,0,1,1,0,1,0,0,1,1,0,1,0,1,1,0,0,0,0,1,0,1,0,1,1,1,0
0,1,1,1,0,1,0,1,1,0,1,1,1,1,0,1,1,0,0,0,0,1,1,0,1,1,1,1,0,0,0,0,1,0,1,0,1,1,1,0
0,0,1,1,0,1,1,0,1,0,1,1,0,0,1,1,1,0,1,0,0,0,1,0,1,1,1,1,0,0,0,0,1,0,1,1,1,1,1,0
0,1,1,1,0,1,1,1,1,0,1,1,0,0,0,1,1,0,0,0,0,1,1,0,1,0,1,1,0,0,0,0,1,0,0,0,1,1,1,0
0,0,1,1,0,1,1,1,1,0,1,1,0,1,1,1,1,0,0,0,0,0,1,0,1,1,1,1,0,0,0,0,0,0,1,1,1,1,1,0
0,1,1,1,0,1,1,1,1,0,1,1,0,0,0,1,1,0,0,0,0,1,1,0,1,1,1,1,0,0,0,0,1,0,1,0,1,1,1,0
0,1,1,1,0,1,0,0,1,0,1,1,0,0,0,1,1,0,1,0,0,1,1,0,1,1,1,1,0,0,0,0,1,0,1,0,1,1,1,0
0,1,1,1,0,1,1,1,1,0,1,1,0,0,1,1,1,1,0,0,0,0,1,0,1,1,1,1,0,0,0,0,1,0,0,0,1,1,1,0
0,0,1,1,0,1,1,0,1,0,1,1,0,0,1,1,1,0,1,0,0,0,1,0,1,0,1,1,0,0,0,0,0,0,1,0,1,1,1,0
0,1,1,1,0,1,1,1,1,0,1,1,0,0,0,1,1,0,0,0,0,1,1,0,1,1,1,1,0,0,0,0,1,0,1,0,1,1,1,0
0,1,1,1,0,1,1,0,1,0,1,1,0,0,0,1,1,0,1,0,0,1,1,0,1,1,1,1,0,0,0,0,1,0,1,0,1,1,1,0
0,1,1,1,0,1,1,1,1,0,1,1,0,0,0,1,1,0,0,0,0,1,1,0,1,0,1,1,0,0,0,0,1,0,1,0,1,1,1,0
0,0,1,1,0,1,1,1,1,0,1,1,0,1,0,1,1,0,0,0,0,1,1,0,1,1,1,1,0,0,0,0,1,0,1,1,1,1,1,0
0,1,1,1,0,1,0,1,1,0,1,1,0,0,1,1,1,0,0,0,0,0,1,0,1,1,1,1,0,0,0,0,1,0,0,0,1,1,1,0
0,1,1,1,0,1,1,1,1,0,1,1,0,0,1,1,1,0,0,0,0,0,1,0,1,1,1,1,0,0,0,0,1,0,1,0,1,1,1,0
0,0,1,1,0,1,1,1,1,0,1,1,0,0,0,1,1,0,0,0,0,1,1,0,1,1,1,1,0,0,0,0,1,0,1,1,1,1,0,0
0,0,1,1,0,1,0,1,1,0,1,1,0,0,0,1,1,0,0,0,0,1,1,0,1,1,1,1,0,0,0,0,1,0,1,1,1,1,1,0
0,1,1,1,0,1,1,1,1,0,1,1,0,1,0,1,1,0,0,0,0,1,1,0,1,0,1,1,0,0,0,0,1,0,0,0,1,1,1,0
0,1,1,1,0,1,1,1,1,0,1,1,0,0,0,1,1,0,0,0,0,1,1,0,1,1,1,1,0,0,0,0,1,0,1,0,1,1,1,0
0,1,1,1,0,1,1,1,1,0,1,1,0,0,1,1,1,0,0,0,0,0,1,0,1,1,1,1,0,0,0,0,1,0,1,0,1,1,1,0
0,1,1,1,0,1,1,1,1,0,1,1,0,0,0,1,1,0,0,0,0,1,1,0,1,0,1,1,0,0,0,0,1,0,1,0,1,1,1,0
0,1,1,1,0,1,1,1,1,0,1,1,0,1,0,1,1,0,0,0,0,1,1,0,1,1,1,1,0,0,0,0,1,0,1,0,1,1,1,0
0,0,1,1,0,1,1,0,1,0,1,1,0,0,0,1,1,0,1,0,0,1,1,0,1,1,1,1,0,0,0,0,1,0,1,0,1,1,1,0
0,1,0,1,0,1,1,1,1,0,1,1,0,0,0,1,1,0,0,0,0,1,1,0,1,0,1,1,0,0,0,0,1,0,1,0,1,1,1,0
0,0,1,1,0,1,1,1,1,0,1,1,0,0,0,1,1,0,0,0,0,1,1,0,1,0,1,1,0,0,0,0,0,0,1,0,1,1,1,0
0,1,1,1,0,1,0,1,1,0,1,1,0,0,0,0,1,1,0,0,0,1,1,0,1,1,1,1,0,0,1,0,1,0,1,0,1,1,1,0
0,0,0,1,0,1,1,1,1,0,1,1,0,0,0,1,1,0,0,0,0,1,1,0,1,1,1,1,0,0,0,0,0,0,1,0,1,1,1,0
0,1,1,1,0,1,1,0,1,0,1,1,0,0,0,1,1,0,1,0,0,1,1,0,1,1,1,1,0,0,0,0,1,0,0,0,1,1,1,0
0,0,1,1,0,1,0,0,1,0,1,1,0,0,0,1,1,0,1,0,0,1,1,0,1,1,1,1,0,0,0,0,0,0,1,0,1,1,1,0
0,1,1,1,0,1,1,1,1,0,1,1,0,0,0,1,1,1,0,0,0,1,1,0,1,0,1,1,0,0,0,0,1,0,1,0,1,1,1,0
0,0,1,1,0,1,1,0,1,0,1,1,0,1,0,1,1,0,1,0,0,1,1,0,1,1,1,1,0,0,0,0,0,0,1,0,1,1,1,0
0,1,1,1,0,1,1,1,1,0,1,1,1,0,0,1,1,0,0,0,0,1,1,0,1,1,1,1,0,0,0,0,1,0,0,0,1,1,1,0
0,0,1,1,0,1,1,1,1,0,1,1,0,0,1,1,1,0,0,0,0,0,1,0,1,1,1,1,0,0,0,0,1,0,0,0,1,1,1,0
0,1,1,1,0,1,1,1,1,0,1,1,0,1,0,1,1,0,0,0,0,1,1,0,1,1,1,1,0,0,0,0,1,0,1,0,1,1,1,0
0,1,1,1,0,1,1,1,1,0,1,1,0,0,0,1,1,0,0,0,0,1,1,0,1,1,1,1,0,0,0,0,1,0,1,0,1,1,1,0
0,1,1,1,0,1,1,1,1,0,1,1,0,0,0,1,1,0,0,0,0,1,1,0,1,1,1,1,0,0,0,0,1,0,1,0,1,1,1,0
0,1,1,1,0,1,1,1,1,0,1,1,0,0,1,1,1,0,0,0,0,0,1,0,1,0,1,1,0,0,0,0,1,0,1,0,1,1,1,0
0,0,1,1,0,1,1,0,1,0,1,1,0,0,0,1,1,1,1,0,0,1,1,0,1,1,1,1,0,0,0,0,0,0,1,0,1,1,1,0
0,1,1,1,0,1,1,1,1,0,1,1,0,0,0,1,1,0,0,0,0,1,1,0,1,1,1,1,0,0,0,0,1,0,1,0,1,1,1,0
0,1,1,1,0,1,1,1,1,0,1,1,0,1,1,1,1,0,0,0,0,0,1,0,1,1,1,1,0,0,0,0,1,0,1,0,1,1,1,0
0,1,1,1,0,1,1,1,1,0,1,1,0,0,0,1,1,0,0,0,0,1,1,0,1,0,1,1,0,0,0,0,1,0,1,0,1,1,1,0
0,1,1,1,0,1,1,0,1,0,1,1,0,0,0,1,1,1,1,0,0,1,1,0,1,1,1,1,0,0,0,0,1,0,1,0,1,1,1,0
0,0,1,1,0,1,0,1,1,0,1,1,0,0,0,1,1,0,0,0,0,1,1,0,1,1,1,1,0,0,0,0,0,0,1,0,1,1,1,0
0,1,1,1,0,1,1,1,1,0,1,1,0,0,1,1,1,0,0,0,0,0,1,0,1,0,1,1,0,0,0,0,1,0,1,0,1,1,1,0
0,1,1,1,0,1,1,0,1,0,1,1,0,0,0,1,1,0,1,0,0,1,1,0,1,0,1,1,0,0,0,0,1,0,1,0,1,1,1,0
0,0,1,1,0,1,1,1,1,0,1,1,0,1,0,1,1,0,0,0,0,1,1,0,1,1,1,1,0,0,0,0,0,0,1,1,1,1,1,0
0,0,1,1,0,1,1,1,1,0,1,1,0,0,0,1,1,0,0,0,0,1,1,0,1,0,1,1,0,0,0,0,0,0,1,0,1,1,1,0
0,0,1,1,0,1,1,0,1,0,1,1,0,0,0,1,1,0,1,0,0,1,1,0,1,0,1,1,0,0,0,0,0,0,1,1,1,1,1,0
0,1,1,1,0,1,1,0,1,0,1,1,1,0,1,1,1,0,1,0,0,0,1,0,1,1,1,1,0,0,0,0,1,0,1,0,1,1,1,0
0,0,1,1,0,1,0,1,1,0,1,1,0,0,0,1,1,0,0,0,0,1,1,0,1,1,1,1,0,0,0,0,0,0,1,0,1,1,1,0
0,1,1,1,0,1,0,0,1,0,1,1,0,0,0,1,1,1,1,0,0,1,1,0,1,1,1,1,0,0,0,0,1,0,1,0,1,1,1,0
0,0,1,1,0,1,1,1,1,0,1,1,0,1,1,1,1,0,0,0,0,0,1,0,1,1,1,1,0,0,0,0,1,0,1,1,1,1,1,0
0,0,1,1,0,1,1,1,1,0,1,1,0,0,1,1,1,0,0,0,0,0,1,0,1,1,1,1,0,0,0,0,0,0,1,0,1,1,1,0
0,1,1,1,0,1,1,1,1,0,1,1,0,0,0,1,1,0,0,0,0,1,1,0,1,0,1,1,0,0,0,0,1,0,1,0,1,1,1,0
0,0,1,1,0,1,1,0,1,0,1,1,0,0,0,1,1,0,1,0,0,1,1,0,1,0,1,1,0,0,0,0,1,0,1,0,1,1,1,0
0,1,0,1,0,1,0,0,1,0,1,1,1,0,0,1,1,0,1,0,0,1,1,0,1,0,1,1,0,0,0,0,1,0,1,0,1,1,1,0
0,1,1,1,0,1,1,1,1,0,1,1,0,0,1,1,1,1,0,0,0,0,1,0,1,1,1,1,0,0,0,0,1,0,1,0,1,1,1,0
0,1,1,1,0,1,0,1,1,0,1,1,0,0,0,1,1,0,0,0,0,1,1,0,1,1,1,1,0,0,0,0,1,0,1,0,1,1,1,0
0,1,1,1,0,1,0,1,1,0,1,1,0,1,0,1,1,0,0,0,0,1,1,0,1,0,1,1,0,0,0,0,1,0,1,0,1,1,1,0
0,1,1,1,0,1,1,1,1,0,1,1,0,0,0,1,1,0,0,0,0,1,1,0,1,0,1,1,0,0,0,0,1,0,1,0,1,1,1,0
0,1,1,1,0,1,1,1,1,0,1,1,0,0,0,1,1,0,0,0,0,1,1,0,1,1,1,1,0,0,0,0,1,0,1,0,1,1,1,0
0,1,1,1,0,1,1,1,1,0,1,1,0,0,0,1,1,0,0,0,0,1,1,0,1,0,1,1,0,0,0,0,1,0,1,0,1,1,1,0
0,1,1,1,0,1,0,0,1,0,1,1,0,0,0,1,1,0,1,0,0,1,1,0,1,0,1,1,0,0,0,0,1,0,0,0,1,1,1,0
0,1,1,1,0,1,1,1,1,0,1,1,0,1,0,1,1,0,0,0,0,1,1,0,1,1,1,1,0,0,0,0,1,0,1,0,1,1,1,0
0,1,1,1,0,1,1,1,1,0,1,1,0,0,0,1,1,1,0,0,0,1,1,0,1,0,1,1,0,0,0,0,1,0,1,0,1,1,1,0
0,1,1,1,0,1,1,1,1,0,1,1,0,1,0,1,1,0,0,0,0,1,1,0,1,1,1,1,0,0,0,0,1,0,1,0,1,1,1,0
0,1,1,1,0,1,0,0,1,0,1,1,1,0,0,1,1,0,1,0,0,1,1,0,1,1,1,1,0,0,0,0,1,0,1,0,1,1,1,0
0,0,1,1,0,1,1,1,1,0,1,1,0,0,1,1,1,0,0,0,0,0,1,0,1,0,1,1,0,0,0,0,1,0,1,1,1,1,1,0
0,0,1,1,0,1,1,1,1,0,1,1,0,0,0,1,1,0,0,0,0,1,1,0,1,1,1,1,0,0,0,0,0,0,1,1,1,1,1,0
0,0,1,1,0,1,1,1,1,0,1,1,0,1,0,1,1,0,0,0,0,1,1,0,1,1,1,1,0,0,0,0,0,0,1,0,1,1,1,0
0,1,1,1,0,1,0,1,1,0,1,1,0,1,0,1,1,0,0,0,0,1,1,0,1,1,1,1,0,0,0,0,1,0,1,0,1,1,1,0
0,0,1,1,0,1,1,0,1,0,1,1,0,0,0,1,1,0,1,0,0,1,1,0,1,1,1,1,0,0,0,0,0,0,1,1,1,1,1,0
0,0,1,1,0,1,1,1,1,0,1,1,0,0,0,1,1,0,0,0,0,1,1,0,1,1,1,1,0,0,0,0,0,0,1,1,1,1,1,0
0,1,1,1,0,1,0,1,1,0,1,1,0,0,1,1,1,1,0,0,0,0,1,0,1,1,1,1,0,0,0,0,1,0,0,0,1,1,1,0
0,0,1,1,0,1,1,0,1,0,1,1,0,1,0,1,1,0,1,0,0,1,1,0,1,1,1,1,0,0,0,0,1,0,1,0,1,1,1,0
0,0,1,1,0,1,1,1,1,0,1,1,0,0,0,1,1,0,0,0,0,1,1,0,1,0,1,1,0,0,0,0,0,0,1,1,1,1,1,0
0,1,1,1,0,1,1,1,1,0,1,1,1,0,0,1,1,0,0,0,0,1,1,0,1,1,1,1,0,0,0,0,1,0,1,0,1,1,1,0
0,0,1,1,0,1,1,1,1,0,1,1,0,1,1,1,1,0,0,0,0,0,1,0,1,1,1,1,0,0,0,0,1,0,1,1,1,1,1,0
0,1,1,1,0,1,1,1,1,0,1,1,0,0,0,1,1,0,0,0,0,1,1,0,1,0,1,1,0,0,0,0,1,0,1,0,1,1,1,0
0,1,1,1,0,1,0,1,1,0,1,1,0,0,0,1,1,0,0,0,0,1,1,0,1,0,1,1,0,0,0,0,1,0,1,0,1,1,1,0
0,1,1,1,0,1,1,0,1,0,1,1,0,1,0,1,1,0,1,0,0,1,1,0,1,1,1,1,0,0,0,0,1,0,1,0,1,1,1,0
0,1,1,1,0,1,1,1,1,0,1,1,0,0,1,1,1,0,0,0,0,0,1,0,1,1,1,1,0,0,0,0,1,0,1,0,1,1,1,0
0,0,1,1,0,1,1,1,1,0,1,1,0,0,0,1,1,0,0,0,0,1,1,0,1,1,1,1,0,0,0,0,0,0,1,0,1,1,1,0
0,0,1,1,0,1,1,1,1,0,1,1,0,0,0,1,1,0,0,0,0,1,1,0,1,1,1,1,0,0,0,0,0,0,1,0,1,1,1,0
0,0,1,1,0,1,1,1,1,0,1,1,0,0,0,1,1,0,0,0,0,1,1,0,1,1,1,1,0,0,0,0,0,0,1,0,1,1,1,0
0,1,1,1,1,1,1,0,1,0,1,1,0,0,0,0,1,0,1,0,0,1,1,0,1,1,1,1,0,0,1,0,1,0,1,0,0,1,1,0
0,1,1,1,0,1,1,1,1,0,1,1,0,0,0,1,1,1,0,0,0,1,1,0,1,0,1,1,0,0,0,0,1,0,1,0,1,1,1,0
0,1,1,1,0,1,1,1,1,0,1,1,0,0,0,1,1,0,0,0,0,1,1,0,1,1,1,1,0,0,0,0,1,0,1,0,1,1,1,0
0,1,1,1,0,1,1,1,1,0,1,1,1,0,0,1,1,0,0,0,0,1,1,0,1,1,1,1,0,0,0,0,1,0,0,0,1,1,1,0
0,1,1,1,0,1,1,1,1,0,1,1,0,0,0,1,1,1,0,0,0,1,1,0,1,1,1,1,0,0,0,0,1,0,1,0,1,1,1,0
0,1,1,1,0,1,1,1,1,0,1,1,0,0,0,1,1,0,0,0,0,1,1,0,1,0,1,1,0,0,0,0,1,0,1,0,1,1,1,0
0,1,1,1,0,1,1,1,1,0,1,1,0,0,0,1,1,0,0,0,0,1,1,0,1,1,1,1,0,0,0,0,1,0,1,0,1,1,1,0
0,1,1,1,0,1,0,0,1,0,1,1,0,0,1,1,1,0,1,0,0,0,1,0,1,1,1,1,0,0,0,0,1,0,1,0,1,1,1,0
0,0,1,1,0,1,0,1,1,0,1,1,0,0,1,1,1,0,0,0,0,0,1,0,1,1,1,1,0,0,0,0,0,0,1,0,1,1,1,0
0,0,1,1,0,1,1,1,1,0,1,1,0,0,0,1,1,0,0,0,0,1,1,0,1,0,1,1,0,0,0,0,0,0,1,1,1,1,1,0
0,1,1,1,0,1,1,1,1,0,1,1,0,0,0,1,1,0,0,0,0,1,1,0,1,1,1,1,0,0,0,0,1,0,1,0,1,1,1,0
0,1,1,1,0,1,1,1,1,0,1,1,0,0,0,1,1,0,0,0,0,1,1,0,1,1,1,1,0,0,0,0,1,0,1,0,1,1,1,0
0,1,1,1,0,1,1,1,1,0,1,1,0,0,0,1,1,0,0,0,0,1,1,0,1,1,1,1,0,0,0,0,1,0,0,0,1,1,1,0
0,1,1,1,0,1,1,1,1,0,1,1,0,1,0,1,1,0,0,0,0,1,1,0,1,1,1,1,0,0,0,0,1,0,1,0,1,1,1,0
0,1,1,1,0,1,1,0,1,0,1,1,0,0,0,1,1,1,1,0,0,1,1,0,1,0,1,1,0,0,0,0,1,0,1,0,1,1,1,0
0,1,1,1,0,1,1,0,1,0,1,1,0,0,0,1,1,0,1,0,0,1,1,0,1,1,1,1,0,0,0,0,1,0,1,0,1,1,1,0
0,0,1,1,0,1,1,1,1,0,1,1,0,0,0,1,1,0,0,0,0,1,1,0,1,1,1,1,0,0,0,0,0,0,1,1,1,1,0,0
0,0,1,1,0,1,0,0,1,0,1,1,0,0,0,1,1,0,1,0,0,1,1,0,1,1,1,1,0,0,0,0,0,0,1,0,1,1,1,0
0,0,1,1,0,1,1,1,1,0,1,1,0,0,1,1,1,0,0,0,0,0,1,0,1,0,1,1,0,0,0,0,0,0,1,0,1,1,1,0
0,1,1,1,0,1,1,1,1,0,1,1,0,0,1,1,1,0,0,0,0,0,1,0,1,0,1,1,0,0,0,0,1,0,1,0,1,1,1,0
0,1,1,1,0,1,1,1,1,0,1,1,0,0,0,1,1,0,0,0,0,1,1,0,1,1,1,1,0,0,0,0,1,0,1,0,1,1,1,0
0,1,1,1,0,1,1,1,1,0,1,1,0,0,0,1,1,0,0,0,0,1,1,0,1,1,1,1,0,0,0,0,1,0,1,0,1,1,1,0
0,1,1,1,0,1,1,1,1,0,1,1,0,0,0,1,1,0,0,0,0,1,1,0,1,1,1,1,0,0,0,0,1,0,1,0,1,1,1,0
0,0,1,1,0,1,1,1,1,0,1,1,0,0,0,1,1,0,0,0,0,1,1,0,1,1,1,1,0,0,0,0,1,0,1,0,1,1,1,0
0,0,1,1,0,1,1,0,1,0,1,1,0,0,0,1,1,0,1,0,0,1,1,0,1,1,1,1,0,0,0,0,1,0,1,0,1,1,1,0
0,0,1,1,0,1,1,1,1,0,1,1,0,0,0,1,1,0,0,0,0,1,1,0,1,1,1,1,0,0,0,0,1,0,1,0,1,1,1,0
0,1,1,1,0,1,0,1,1,0,1,1,0,1,0,1,1,0,0,0,0,1,1,0,1,0,1,1,0,0,0,0,1,0,0,0,1,1,1,0
0,1,1,1,1,1,1,1,1,0,1,1,0,0,0,0,1,0,0,0,0,1,1,0,1,1,1,1,0,0,1,0,1,0,1,0,0,1,1,0
0,1,1,1,0,1,1,0,1,0,1,1,0,0,0,1,1,0,1,0,0,1,1,0,1,1,1,1,0,0,0,0,1,0,1,0,1,1,1,0
0,0,1,1,0,1,0,0,1,0,1,1,0,0,1,1,1,0,1,0,0,0,1,0,1,1,1,1,0,0,0,0,1,0,1,0,1,1,1,0
0,1,1,1,0,1,1,1,1,0,1,1,0,1,0,1,1,0,0,0,0,1,1,0,1,1,1,1,0,0,0,0,1,0,1,0,1,1,1,0
0,1,1,1,0,1,1,1,1,0,1,1,0,0,0,1,1,0,0,0,0,1,1,0,1,0,1,1,0,0,0,0,1,0,1,0,1,1,1,0
0,1,1,1,0,1,1,1,1,0,1,1,0,1,0,1,1,0,0,0,0,1,1,0,1,1,1,1,0,0,0,0,1,0,1,0,1,1,1,0
0,1,1,1,0,1,1,1,1,0,1,1,0,0,0,1,1,0,0,0,0,1,1,0,1,0,1,1,0,0,0,0,1,0,1,0,1,1,1,0
0,1,1,1,0,1,1,1,1,0,1,1,0,0,0,1,1,0,0,0,0,1,1,0,1,1,1,1,0,0,0,0,1,0,1,0,1,1,1,0
0,1,1,1,0,1,1,1,1,0,1,1,0,1,0,1,1,0,0,0,0,1,1,0,1,1,1,1,0,0,0,0,1,0,1,0,1,1,1,0
0,1,1,1,0,1,1,0,1,0,1,1,0,0,0,1,1,0,1,0,0,1,1,0,1,1,1,1,0,0,0,0,1,0,1,0,1,1,1,0
0,1,1,1,0,1,1,1,1,0,1,1,0,0,0,1,1,0,0,0,0,1,1,0,1,1,1,1,0,0,0,0,1,0,1,0,1,1,1,0
0,1,1,1,0,1,1,0,1,0,1,1,0,0,0,1,1,0,1,0,0,1,1,0,1,0,1,1,0,0,0,0,1,0,1,0,1,1,1,0
0,0,1,1,0,1,1,1,1,0,1,1,0,0,0,1,1,0,0,0,0,1,1,0,1,1,1,1,0,0,0,0,0,0,1,0,1,1,1,0
0,1,1,1,0,1,1,1,1,0,1,1,0,0,0,1,1,0,0,0,0,1,1,0,1,1,1,1,0,0,0,0,1,0,1,0,1,1,1,0
0,1,1,1,0,1,1,0,1,0,1,1,1,0,0,1,1,0,1,0,0,1,1,0,1,0,1,1,0,0,0,0,1,0,0,0,1,1,1,0
0,1,1,1,0,1,1,0,1,0,1,1,0,0,0,1,1,0,1,0,0,1,1,0,1,0,1,1,0,0,0,0,1,0,1,0,1,1,1,0
0,0,1,1,0,1,1,1,1,0,1,1,0,0,0,1,1,0,0,0,0,1,1,0,1,0,1,1,0,0,0,0,0,0,1,1,1,1,1,0
0,0,1,1,0,1,1,1,1,0,1,1,0,0,0,1,1,1,0,0,0,1,1,0,1,1,1,1,0,0,0,0,0,0,1,0,1,1,1,0
0,1,1,1,0,1,1,1,1,0,1,1,0,0,0,1,1,0,0,0,0,1,1,0,1,1,1,1,0,0,0,0,1,0,0,0,1,1,1,0
0,1,1,1,0,1,1,1,1,0,1,1,0,0,0,1,1,0,0,0,0,1,1,0,1,1,1,1,0,0,0,0,1,0,1,0,1,1,1,0
0,0,1,1,0,1,1,1,1,0,1,1,0,0,1,1,1,1,0,0,0,0,1,0,1,0,1,1,0,0,0,0,0,0,0,1,1,1,1,0
0,0,1,1,0,1,1,0,1,0,1,1,0,0,1,1,1,0,1,0,0,0,1,0,1,1,1,1,0,0,0,0,0,0,1,0,1,1,1,0
0,1,1,1,0,1,1,1,1,0,1,1,0,0,1,1,1,1,0,0,0,0,1,0,1,1,1,1,0,0,0,0,1,0,1,0,1,1,1,0
0,0,1,1,0,1,0,0,1,0,1,1,0,1,0,1,1,0,1,0,0,1,1,0,1,1,1,1,0,0,0,0,1,0,1,0,1,1,1,0
0,1,1,1,0,1,1,0,1,0,1,1,0,0,0,1,1,0,1,0,0,1,1,0,1,1,1,1,0,0,0,0,1,0,1,0,1,1,1,0
0,1,1,1,0,1,1,1,1,0,1,1,0,0,0,1,1,0,0,0,0,1,1,0,1,1,1,1,0,0,0,0,1,0,1,0,1,1,1,0
0,0,1,1,0,1,1,0,1,0,1,1,0,0,0,1,1,0,1,0,0,1,1,0,1,0,1,1,0,0,0,0,0,0,1,1,1,1,1,0
0,1,1,1,0,1,1,1,1,0,1,1,0,0,1,1,1,0,0,0,0,0,1,0,1,1,1,1,0,0,0,0,1,0,1,0,1,1,1,0
0,1,1,1,0,1,1,1,1,0,1,1,0,0,1,1,1,0,0,0,0,0,1,0,1,0,1,1,0,0,0,0,1,0,1,0,1,1,1,0
0,0,1,1,0,1,1,0,1,0,1,1,0,0,0,1,1,0,1,0,0,1,1,0,1,0,1,1,0,0,0,0,0,0,1,0,1,1,1,0
0,1,1,1,0,1,0,1,1,0,1,1,0,0,0,1,1,1,0,0,0,1,1,0,1,0,1,1,0,0,0,0,1,0,1,0,1,1,1,0
0,1,1,1,0,1,1,1,1,0,1,1,0,0,1,1,1,0,0,0,0,0,1,0,1,0,1,1,0,0,0,0,1,0,0,0,1,1,1,0
0,1,1,1,0,1,1,0,1,0,1,1,0,0,0,1,1,0,1,0,0,1,1,0,1,1,1,1,0,0,0,0,1,0,1,0,1,1,1,0
0,0,1,1,0,1,1,1,1,0,1,1,0,0,0,1,1,0,0,0,0,1,1,0,1,1,1,1,0,0,0,0,1,0,1,0,1,1,1,0
0,1,1,1,0,1,1,0,1,0,1,1,0,0,0,1,1,0,1,0,0,1,1,0,1,1,1,1,0,1,0,0,1,0,1,0,1,1,1,0
0,1,1,1,0,1,1,1,1,0,1,1,0,1,0,1,1,0,0,0,0,1,1,0,1,1,1,1,0,0,0,0,1,0,1,0,1,1,1,0
0,1,1,1,0,1,1,1,1,0,1,1,0,0,0,1,1,0,0,0,0,1,1,0,1,0,1,1,0,0,0,0,1,0,0,0,1,1,0,0
0,1,1,1,0,1,1,0,1,0,1,1,0,0,0,1,1,0,1,0,0,1,1,0,1,0,1,1,0,0,0,0,1,0,1,0,1,1,1,0
0,1,1,1,0,1,1,1,1,0,1,1,0,1,0,1,1,0,0,0,0,1,1,0,1,0,1,1,0,0,0,0,1,0,1,0,1,1,0,0
0,1,1,1,0,1,1,1,1,0,1,1,0,0,0,1,1,1,0,0,0,1,1,0,1,0,1,1,0,0,0,0,1,0,0,0,1,1,1,0
0,0,1,1,0,1,1,0,1,0,1,1,0,0,0,1,1,0,1,0,0,1,1,0,1,1,1,1,0,0,0,0,0,0,1,0,1,1,1,0
0,1,1,1,0,1,1,1,1,0,1,1,0,0,0,1,1,0,0,0,0,1,1,0,1,0,1,1,0,0,0,0,1,0,0,0,1,1,1,0
0,1,1,1,0,1,1,0,1,0,1,1,0,0,0,1,1,0,1,0,0,1,1,0,1,0,1,1,0,0,0,0,1,0,1,0,1,1,1,0
0,1,1,1,0,1,1,1,1,0,1,1,0,1,0,1,1,0,0,0,0,1,1,0,1,1,1,1,0,0,0,0,1,0,1,0,1,1,0,0
0,1,1,1,0,1,1,1,1,0,1,1,0,0,0,1,1,0,0,0,0,1,1,0,1,0,1,1,0,0,0,0,1,0,1,0,1,1,1,0
0,1,1,1,0,1,0,0,1,0,1,1,0,0,0,1,1,0,1,0,0,1,1,0,1,1,1,1,0,0,0,0,1,0,1,0,1,1,0,0
0,1,0,1,0,1,1,0,1,0,1,1,0,0,0,1,1,0,1,0,0,1,1,0,1,1,1,1,0,0,0,0,1,0,1,0,1,1,1,0
0,0,1,1,0,1,1,1,1,0,1,1,0,1,0,1,1,0,0,0,0,1,1,0,1,1,1,1,0,0,0,0,1,0,1,0,1,1,1,0
0,1,1,1,0,1,1,1,1,0,1,1,0,0,0,1,1,0,0,0,0,1,1,0,1,0,1,1,0,0,0,0,1,0,1,0,1,1,1,0
0,0,1,1,0,1,0,1,1,0,1,1,0,0,0,1,1,0,0,0,0,1,1,0,1,0,1,1,0,0,0,0,0,0,1,0,1,1,1,0
0,0,1,1,0,1,1,0,1,0,1,1,0,0,0,1,1,0,1,0,0,1,1,0,1,0,1,1,0,0,0,0,0,0,1,0,1,1,1,0
0,1,1,1,0,1,1,1,1,0,1,1,0,0,0,0,1,1,0,0,0,1,1,0,1,1,1,1,0,0,1,0,1,0,1,0,1,1,1,0
0,1,1,1,0,1,1,0,1,0,1,1,1,1,0,1,1,0,1,0,0,1,1,0,1,1,1,1,0,0,0,0,1,0,1,0,1,1,1,0
0,1,1,1,0,1,1,0,1,0,1,1,0,0,1,1,1,1,1,0,0,0,1,0,1,1,1,1,0,0,0,0,1,0,1,0,1,1,1,0
0,1,1,1,0,1,1,1,1,0,1,1,0,1,1,1,1,0,0,0,0,0,1,0,1,1,1,1,0,0,0,0,1,0,0,0,1,1,1,0
0,1,1,1,0,1,1,1,1,0,1,1,0,1,0,1,1,0,0,0,0,1,1,0,1,1,1,1,0,0,0,0,1,0,1,0,1,1,1,0
0,1,1,1,0,1,1,1,1,0,1,1,0,0,0,1,1,1,0,0,0,1,1,0,1,0,1,1,0,0,0,0,1,0,1,0,1,1,1,0
0,1,1,1,0,1,1,1,1,0,1,1,0,1,0,1,1,0,0,0,0,1,1,0,1,0,1,1,0,0,0,0,1,0,1,0,1,1,1,0
0,1,1,1,0,1,1,0,1,0,1,1,1,1,0,0,1,1,1,0,0,1,1,0,1,1,1,1,0,1,1,0,1,0,1,0,1,1,1,0
0,1,1,1,0,1,1,1,1,0,1,1,0,1,0,1,1,0,0,0,0,1,1,0,1,1,1,1,0,0,0,0,1,0,1,0,1,1,1,0
0,0,1,1,0,1,1,0,1,0,1,1,0,0,0,1,1,0,1,0,0,1,1,0,1,1,1,1,0,0,0,0,1,0,1,0,1,1,1,0
0,0,1,1,0,1,1,0,1,0,1,1,1,0,0,1,1,0,1,0,0,1,1,0,1,1,1,1,0,0,0,0,0,0,0,0,1,1,1,0
0,0,1,1,0,1,0,1,1,0,1,1,0,0,0,1,1,0,0,0,0,1,1,0,1,1,1,1,0,0,0,0,0,0,1,0,1,1,1,0
0,1,1,1,0,1,0,1,1,0,1,1,0,0,0,1,1,0,0,0,0,1,1,0,1,1,1,1,0,0,0,0,1,0,0,0,1,1,1,0
0,1,1,1,0,1,1,1,1,0,1,1,0,0,0,1,1,0,0,0,0,1,1,0,1,1,1,1,0,0,0,0,1,0,1,0,1,1,1,0
0,1,1,1,0,1,1,1,1,0,1,1,0,0,0,1,1,0,0,0,0,1,1,0,1,0,1,1,0,0,0,0,1,0,1,0,1,1,1,0
0,1,1,1,0,1,1,1,1,0,1,1,0,0,0,1,1,0,0,0,0,1,1,0,1,0,1,1,0,0,0,0,1,0,1,0,1,1,1,0
0,1,1,1,0,1,1,0,1,0,1,1,0,0,0,1,1,0,1,0,0,1,1,0,1,1,1,1,0,0,0,0,1,0,1,0,1,1,1,0
0,1,1,1,0,1,0,0,1,0,1,1,0,1,0,1,1,0,1,0,0,1,1,0,1,1,1,1,0,0,0,0,1,0,1,0,1,1,1,0
0,1,1,1,0,1,1,1,1,0,1,1,0,0,0,1,1,1,0,0,1,1,1,0,1,0,1,1,0,0,0,0,1,0,1,0,1,1,1,0
0,0,1,1,0,1,0,1,1,0,1,1,0,0,1,1,1,0,0,0,0,0,1,0,1,1,1,1,0,0,0,0,0,0,1,1,1,1,1,0
0,1,1,1,0,1,1,1,1,0,1,1,1,0,1,1,1,1,0,0,0,0,1,0,1,1,1,1,0,0,0,0,1,0,1,0,1,1,1,0
0,1,1,1,0,1,0,0,1,0,1,1,0,0,0,1,1,0,1,0,0,1,1,0,1,1,1,1,0,0,0,0,1,0,1,0,1,1,1,0
0,1,1,1,0,1,1,1,1,0,1,1,0,0,0,1,1,0,0,0,0,1,1,0,1,1,1,1,0,0,0,0,1,0,1,0,1,1,1,0
0,0,1,1,0,1,1,1,1,0,1,1,0,1,1,1,1,0,0,0,0,0,1,0,1,0,1,1,0,0,0,0,0,0,1,1,1,1,1,0
0,0,0,1,0,1,1,1,1,0,1,1,0,0,0,1,1,0,0,0,0,1,1,0,1,0,1,1,0,0,0,0,1,0,1,0,1,1,1,0
0,1,1,1,0,1,0,1,1,0,1,1,0,0,0,1,1,1,0,0,0,1,1,0,1,1,1,1,0,0,0,0,1,0,0,0,1,1,1,0
0,1,1,1,0,1,1,0,1,0,1,1,0,0,0,1,1,0,1,0,0,1,1,0,1,0,1,1,0,0,0,0,1,0,1,0,1,1,1,0
0,1,1,1,0,1,1,1,1,0,1,1,0,0,1,1,1,0,0,0,0,0,1,0,1,1,1,1,0,0,0,0,1,0,0,0,1,1,1,0
0,1,1,1,0,1,1,1,1,0,1,1,0,0,0,1,1,0,0,0,0,1,1,0,1,1,1,1,0,0,0,0,1,0,1,0,1,1,1,0
0,1,1,1,0,1,1,1,1,0,1,1,0,0,1,1,1,0,0,0,0,0,1,0,1,0,1,1,0,0,0,0,1,0,1,0,1,1,1,0
0,1,1,1,0,1,1,1,1,0,1,1,0,1,0,1,1,0,0,0,0,1,1,0,1,0,1,1,0,0,0,0,1,0,1,0,1,1,1,0
0,1,1,1,0,1,1,0,1,0,1,1,0,0,0,1,1,0,1,0,0,1,1,0,1,1,1,1,0,0,0,0,1,0,0,0,1,1,1,0
0,0,0,1,0,1,0,1,1,0,1,1,0,1,0,1,1,0,0,0,0,1,1,0,1,1,1,1,0,0,0,0,0,0,1,0,1,1,1,0
0,1,1,1,0,1,1,1,1,0,1,1,0,0,0,1,1,0,0,0,0,1,1,0,1,1,1,1,0,0,0,0,1,0,1,0,1,1,1,0
0,1,0,1,0,1,1,1,1,0,1,1,0,0,1,1,1,0,0,0,0,0,1,0,1,0,1,1,0,0,0,0,1,0,1,0,1,1,1,0
0,1,1,1,0,1,1,0,1,0,1,1,0,0,0,1,1,0,1,0,0,1,1,0,1,0,1,1,0,0,0,0,1,0,0,0,1,1,1,0
0,1,1,1,0,1,1,0,1,0,1,1,0,0,1,1,1,0,1,0,0,0,1,0,1,1,1,1,0,0,0,0,1,0,1,0,1,1,1,0
0,1,1,1,0,1,1,1,1,0,1,1,0,0,0,1,1,0,0,0,0,1,1,0,1,1,1,1,0,0,0,0,1,0,1,0,1,1,1,0
0,1,1,1,0,1,0,1,1,0,1,1,0,0,0,1,1,0,0,0,0,1,1,0,1,1,1,1,0,0,0,0,1,0,0,0,1,1,1,0
0,1,1,1,0,1,1,0,1,0,1,1,0,0,0,1,1,0,1,0,0,1,1,0,1,0,1,1,0,0,0,0,1,0,1,0,1,1,1,0
0,0,1,1,0,1,1,0,1,0,1,1,0,0,0,1,1,0,1,0,0,1,1,0,1,1,1,1,0,0,0,0,1,0,1,1,1,1,1,0
0,1,1,1,0,1,1,1,1,0,1,1,0,0,1,1,1,1,0,0,0,0,1,0,1,1,1,1,0,0,0,0,1,0,1,0,1,1,1,0
0,0,1,1,0,1,1,0,1,0,1,1,0,0,0,1,1,0,1,0,0,1,1,0,1,1,1,1,0,0,0,0,0,0,1,1,1,1,1,0
0,1,1,1,0,1,1,1,1,0,1,1,1,0,0,1,1,0,0,0,0,1,1,0,1,0,1,1,0,0,0,0,1,0,1,0,1,1,1,0
0,1,1,1,0,1,1,1,1,0,1,1,0,0,0,1,1,0,0,0,0,1,1,0,1,1,1,1,0,0,0,0,1,0,1,0,1,1,1,0
0,1,1,1,0,1,1,0,1,0,1,1,0,0,0,1,1,0,1,0,0,1,1,0,1,1,1,1,0,0,0,0,1,0,1,0,1,1,1,0
0,1,1,1,0,1,1,0,1,0,1,1,0,0,0,1,1,0,1,0,0,1,1,0,1,0,1,1,0,0,0,0,1,0,1,0,1,1,1,0
0,1,1,1,0,1,1,1,1,0,1,1,0,0,0,1,1,0,0,0,0,1,1,0,1,0,1,1,0,0,0,0,1,0,1,0,1,1,1,0
0,0,1,1,0,1,1,0,1,0,1,1,0,0,0,1,1,0,1,0,0,1,1,0,1,1,1,1,0,0,0,0,0,0,0,0,1,1,1,0
0,0,1,1,0,1,1,0,1,0,1,1,0,0,0,1,1,1,1,0,0,1,1,0,1,1,1,1,0,0,0,0,0,0,1,1,1,1,1,0
0,0,1,1,0,1,0,0,1,0,1,1,0,1,1,1,1,0,1,0,0,0,1,0,1,1,1,1,0,0,0,0,0,0,0,0,1,1,1,0
0,1,1,1,0,1,0,1,1,0,1,1,0,0,0,1,1,0,0,0,0,1,1,0,1,1,1,1,0,0,0,0,1,0,1,0,1,1,1,0
0,0,1,1,0,1,1,0,1,0,1,1,0,0,0,1,1,0,1,0,0,1,1,0,1,1,1,1,0,0,0,0,1,0,1,1,1,1,1,0
0,1,1,1,0,1,1,1,1,0,1,1,0,0,0,1,1,0,0,0,0,1,1,0,1,0,1,1,0,0,0,0,1,0,1,0,1,1,1,0
0,1,1,1,0,1,1,0,1,0,1,1,0,0,0,1,1,0,1,0,0,1,1,0,1,1,1,1,0,0,0,0,1,0,1,0,1,1,1,0
0,1,1,1,0,1,1,1,1,0,1,1,0,0,0,1,1,0,0,0,0,1,1,0,1,1,1,1,0,0,0,0,1,0,1,0,1,1,1,0
0,1,1,1,0,1,0,1,1,0,1,1,0,0,0,1,1,0,0,0,0,1,1,0,1,0,1,1,0,0,0,0,1,0,1,0,1,1,1,0
0,1,1,1,0,1,1,1,1,0,1,1,0,0,0,1,1,0,0,0,0,1,1,0,1,1,1,1,0,0,0,0,1,0,1,0,1,1,1,0
0,1,1,1,0,1,0,0,1,0,1,1,0,0,0,1,1,0,1,0,0,1,1,0,1,1,1,1,0,0,0,0,1,0,1,0,1,1,1,0
0,1,1,1,0,1,1,1,1,0,1,1,0,0,1,1,1,0,0,0,0,0,1,0,1,0,1,1,0,0,0,0,1,0,0,0,1,1,1,0
0,1,1,1,0,1,1,0,1,0,1,1,0,0,0,1,1,0,1,0,0,1,1,0,1,1,1,1,0,0,0,0,1,0,1,0,1,1,1,0
0,1,0,1,0,1,1,1,1,0,1,1,0,0,0,1,1,0,0,0,0,1,1,0,1,0,1,1,0,0,0,0,1,0,1,0,1,1,1,0
0,0,1,1,0,1,1,0,1,0,1,1,0,0,0,1,1,0,1,0,0,1,1,0,1,1,1,1,0,0,0,0,1,0,1,0,1,1,1,0
0,1,1,1,0,1,1,1,1,0,1,1,0,1,0,1,1,0,0,0,0,1,1,0,1,1,1,1,0,0,0,0,1,0,1,0,1,1,1,0
0,1,1,1,0,1,1,1,1,0,1,1,0,0,0,1,1,0,0,0,0,1,1,0,1,1,1,1,0,0,0,0,1,0,0,0,1,1,1,0
0,1,1,1,0,1,1,1,1,0,1,1,0,0,0,1,1,0,0,0,0,1,1,0,1,1,1,1,0,0,0,0,1,0,1,0,1,1,1,0
0,1,1,1,0,1,1,0,1,0,1,1,0,1,1,1,1,0,1,0,0,0,1,0,1,1,1,1,0,0,0,0,1,0,1,0,1,1,1,0
0,1,1,1,0,1,1,1,1,0,1,1,0,1,0,1,1,0,0,0,0,1,1,0,1,0,1,1,0,0,0,0,1,0,1,0,1,1,1,0
0,1,1,1,0,1,0,1,1,0,1,1,0,0,0,1,1,1,0,0,0,1,1,0,1,0,1,1,0,0,0,0,1,0,0,0,1,1,1,0
0,1,1,1,0,1,1,1,1,0,1,1,0,0,0,1,1,0,0,0,0,1,1,0,1,1,1,1,0,0,0,0,1,0,0,0,1,1,1,0
0,1,1,1,0,1,1,1,1,0,1,1,0,1,1,1,1,0,0,0,0,0,1,0,1,1,1,1,0,0,0,0,1,0,1,0,1,1,1,0
0,1,1,1,0,1,1,1,1,0,1,1,0,0,0,1,1,0,0,0,0,1,1,0,1,1,1,1,0,0,0,0,1,0,0,0,1,1,1,0
0,1,1,1,0,1,1,1,1,0,1,1,0,0,0,1,1,0,0,0,0,1,1,0,1,1,1,1,0,0,0,0,1,0,0,0,1,1,1,0
0,0,1,1,0,1,1,1,1,0,1,1,0,0,0,1,1,0,0,0,0,1,1,0,1,1,1,1,0,0,0,0,1,0,1,1,1,1,1,0
0,0,1,1,0,1,1,0,1,0,1,1,0,1,0,1,1,0,1,0,0,1,1,0,1,1,1,1,0,0,0,0,0,0,0,0,1,1,1,0
0,1,1,1,0,1,0,0,1,0,1,1,0,0,0,1,1,0,1,0,0,1,1,0,1,0,1,1,0,0,0,0,1,0,1,0,1,1,1,0
0,0,1,1,0,1,1,1,1,0,1,1,0,0,1,1,1,0,0,0,0,0,1,0,1,0,1,1,0,0,0,0,1,0,1,1,1,1,1,0
0,1,1,1,0,1,1,1,1,0,1,1,0,0,1,1,1,0,0,0,0,0,1,0,1,1,1,1,0,0,0,0,1,0,1,0,1,1,1,0
0,0,1,1,0,1,0,0,1,0,1,1,0,0,0,1,1,0,1,0,0,1,1,0,1,1,1,1,0,0,0,0,0,0,1,1,1,1,1,0
0,1,1,1,0,1,1,1,1,0,1,1,0,0,0,1,1,0,0,0,0,1,1,0,1,1,1,1,0,0,0,0,1,0,1,0,1,1,1,0
0,0,1,1,0,1,1,0,1,0,1,1,0,1,1,1,1,0,1,0,0,0,1,0,1,1,1,1,0,0,0,0,1,0,1,0,1,1,1,0
0,0,1,1,0,1,1,1,1,0,1,1,0,0,0,1,1,0,0,0,0,1,1,0,1,0,1,0,0,0,0,0,0,0,1,0,1,1,1,0
0,0,1,1,0,1,0,1,1,0,1,1,0,0,0,1,1,0,0,0,0,1,1,0,1,0,1,1,0,0,0,0,1,0,1,1,1,1,1,0
0,1,1,1,0,1,1,1,1,0,1,1,0,0,0,1,1,0,0,0,0,1,1,0,1,1,1,1,0,0,0,0,1,0,1,0,1,1,1,0
0,1,1,1,0,1,1,1,1,0,1,1,0,0,0,1,1,0,0,0,0,1,1,0,1,0,1,1,0,0,0,0,1,0,1,0,1,1,1,0
0,0,1,1,0,1,0,1,1,0,1,1,0,0,0,1,1,0,0,0,0,1,1,0,1,0,1,1,0,0,0,0,1,0,1,0,1,1,1,0
0,0,1,1,0,1,0,1,1,0,1,1,0,0,1,1,1,0,0,0,0,0,1,0,1,1,1,1,0,0,0,0,1,0,1,0,1,1,1,0
0,1,1,1,0,1,1,1,1,0,1,1,0,0,0,1,1,0,0,0,0,1,1,0,1,0,1,1,0,0,0,0,1,0,1,0,1,1,1,0
0,1,1,1,0,1,1,1,1,0,1,1,0,0,0,1,1,0,0,0,0,1,1,0,1,0,1,1,0,0,0,0,1,0,1,0,1,1,1,0
0,1,1,1,0,1,1,1,1,0,1,1,0,0,0,1,1,1,0,0,0,1,1,0,1,1,1,1,0,0,0,0,1,0,1,0,1,1,1,0
0,1,1,1,0,1,1,1,1,0,1,1,0,0,0,1,1,0,0,0,0,1,1,0,1,0,1,1,0,0,0,0,1,0,0,0,1,1,1,0
0,1,1,1,0,1,1,1,1,0,1,1,0,0,1,1,1,0,0,0,0,0,1,0,1,1,1,1,0,0,0,0,1,0,0,0,1,1,1,0
0,1,1,0,0,1,1,1,1,1,1,1,0,0,1,1,1,0,0,0,0,0,1,0,1,1,1,1,0,0,0,0,1,0,1,0,1,1,1,0
0,0,1,1,0,1,1,1,1,0,1,1,0,0,0,0,1,0,0,0,0,1,1,0,1,0,1,1,0,0,1,0,0,0,0,1,1,1,1,0
0,1,1,1,0,1,1,0,1,0,1,1,0,0,0,0,1,0,1,0,0,1,1,0,1,1,1,1,0,0,1,0,1,0,1,0,1,1,1,0
0,1,1,1,0,1,1,1,1,0,1,1,0,0,0,1,1,0,0,0,0,1,1,0,1,1,1,1,0,0,0,0,1,0,0,0,1,1,1,0
0,1,1,1,0,1,0,1,1,0,1,1,0,0,0,1,1,0,0,0,0,1,1,0,1,1,1,1,0,0,0,0,1,0,1,0,1,1,1,0
0,1,1,1,0,1,1,0,1,0,1,1,0,0,0,1,1,0,1,0,0,1,1,0,1,1,1,1,0,0,0,0,1,0,1,0,1,1,1,0
0,1,1,1,0,1,1,0,1,0,1,1,0,0,0,1,1,0,1,0,0,1,1,0,1,0,1,1,0,0,0,0,1,0,1,0,1,1,1,0
0,1,1,1,0,1,0,0,1,0,1,1,0,1,1,1,1,1,1,0,0,0,1,0,1,0,1,1,0,0,0,0,1,0,1,0,1,1,1,0
0,1,1,1,0,1,1,1,1,0,1,1,0,0,0,1,1,0,0,0,0,1,1,0,1,1,1,1,0,0,0,0,1,0,1,0,1,1,1,0
0,0,1,1,0,1,0,0,1,0,1,1,1,0,0,1,1,0,1,0,0,1,1,0,1,1,1,1,0,0,0,0,0,0,1,0,1,1,1,0
0,0,1,1,0,1,1,0,1,0,1,1,0,0,0,1,1,0,1,0,0,1,1,0,1,1,1,1,0,0,0,0,0,0,0,1,1,1,1,0
0,1,1,1,0,1,1,0,1,0,1,1,1,0,0,1,1,0,1,0,0,1,1,0,1,0,1,1,0,0,0,0,1,0,1,0,1,1,1,0
0,0,1,1,0,1,0,0,1,0,1,1,0,1,0,1,1,0,1,0,0,1,1,0,1,1,1,1,0,0,0,0,0,0,1,0,1,1,1,0
0,1,1,1,0,1,1,1,1,0,1,1,0,0,0,1,1,0,0,0,0,1,1,0,1,0,1,1,0,0,0,0,1,0,1,0,1,1,1,0
0,1,1,1,0,1,1,1,1,0,1,1,0,0,0,1,1,1,0,0,0,1,1,0,1,1,1,1,0,0,0,0,1,0,1,0,1,1,1,0
0,0,1,1,0,1,1,1,1,0,1,1,0,0,0,1,1,0,0,0,0,1,1,0,1,0,1,1,0,0,0,0,1,0,1,0,1,1,1,0
0,0,1,1,0,1,1,1,1,0,1,1,0,0,0,1,1,0,0,0,0,1,1,0,1,0,1,1,0,0,0,0,1,0,0,1,1,1,1,0
0,1,1,1,0,1,1,1,1,0,1,1,1,0,0,1,1,0,0,0,0,1,1,0,1,0,1,1,0,0,0,0,1,0,1,0,1,1,0,0
0,1,1,1,0,1,1,1,1,0,1,1,0,0,0,1,1,0,0,0,0,1,1,0,1,0,1,1,0,0,0,0,1,0,1,0,1,1,1,0
0,1,1,1,0,1,1,1,1,0,1,1,0,0,0,1,1,1,0,0,0,1,1,0,1,1,1,1,0,0,0,0,1,0,1,0,1,1,1,0
0,0,1,1,0,1,0,1,1,0,1,1,0,0,0,1,1,0,0,0,0,1,1,0,1,1,1,1,0,0,0,0,0,0,1,0,1,1,1,0
0,1,1,1,0,1,1,1,1,0,1,1,0,1,0,1,1,0,0,0,0,1,1,0,1,1,1,1,0,0,0,0,1,0,1,0,1,1,1,0
0,1,1,1,0,1,1,1,1,0,1,1,0,0,0,1,1,0,0,0,0,1,1,0,1,1,1,1,0,0,0,0,1,0,0,0,1,1,1,0
0,1,1,1,0,1,1,1,1,0,1,1,0,0,0,1,1,0,0,0,0,1,1,0,1,0,1,1,0,0,0,0,1,0,1,0,1,1,1,0
0,1,1,1,0,1,1,0,1,0,1,1,0,0,0,1,1,0,1,0,0,1,1,0,1,0,1,1,0,0,0,0,1,0,1,0,1,1,1,0
0,1,1,1,0,1,1,1,1,0,1,1,0,0,0,1,1,0,0,0,0,1,1,0,1,1,1,1,0,0,0,0,1,0,0,0,1,1,1,0
0,1,1,1,0,1,1,1,1,0,1,1,0,1,0,1,1,0,0,0,0,1,1,0,1,1,1,1,0,0,0,0,1,0,1,0,1,1,1,0
0,1,1,1,0,1,1,1,1,0,1,1,0,0,0,1,1,0,0,0,0,1,1,0,1,1,1,1,0,0,0,0,1,0,1,0,1,1,1,0
0,0,1,1,0,1,1,1,1,0,1,1,0,1,0,1,1,0,0,0,0,1,1,0,1,0,1,1,0,0,0,0,0,0,1,0,1,1,1,0
0,1,1,1,0,1,1,1,1,0,1,1,0,0,0,1,1,0,0,0,0,1,1,0,1,0,1,1,0,0,0,0,1,0,1,0,1,1,1,0
0,0,1,1,0,1,0,1,1,0,1,1,0,0,0,1,1,0,0,0,0,1,1,0,1,0,1,1,0,0,0,0,1,0,0,0,1,1,1,0
0,1,1,1,0,1,0,1,1,0,1,1,1,0,1,1,1,0,0,0,0,0,1,0,1,1,1,1,0,0,0,0,1,0,1,0,1,1,1,0
0,1,1,1,0,1,1,1,1,0,1,1,0,0,1,1,1,0,0,0,0,0,1,0,1,1,1,1,0,0,0,0,1,0,1,0,1,1,1,0
0,1,1,1,0,1,1,0,1,0,1,1,0,1,0,1,1,0,1,0,0,1,1,0,1,0,1,1,0,0,0,0,1,0,1,0,1,1,1,0
0,0,1,1,0,1,1,1,1,0,1,1,0,0,0,1,1,0,0,0,0,1,1,0,1,0,1,1,0,0,0,0,0,0,1,1,1,1,1,0
0,1,1,1,0,1,1,0,1,0,1,1,0,0,0,1,1,0,1,0,0,1,1,0,1,1,1,1,0,0,0,0,1,0,1,0,1,1,1,0
0,1,1,1,0,1,1,1,1,0,1,1,0,1,0,1,1,1,0,0,0,1,1,0,1,1,1,1,0,0,0,0,1,0,1,0,1,1,1,0
0,1,1,1,0,1,1,1,1,0,1,1,0,0,0,1,1,0,0,0,0,1,1,0,1,1,1,1,0,0,0,0,1,0,1,0,1,1,1,0
0,1,1,1,0,1,1,1,1,0,1,1,0,0,0,1,1,0,0,0,0,1,1,0,1,1,1,1,0,0,0,0,1,0,1,0,1,1,1,0
0,1,1,1,0,1,1,0,1,0,1,1,0,0,0,1,1,0,1,0,0,1,1,0,1,1,1,1,0,1,0,0,1,0,0,0,1,1,1,0
0,1,1,1,0,1,0,1,1,0,1,1,0,0,0,1,1,0,0,0,0,1,1,0,1,1,1,1,0,0,0,0,1,0,1,0,1,1,1,0
0,1,1,1,0,1,0,1,1,0,1,1,0,1,1,1,1,0,0,0,0,0,1,0,1,0,1,1,0,0,0,0,1,0,1,0,1,1,1,1
0,1,1,0,0,1,0,1,1,1,1,1,0,0,0,1,1,1,0,0,0,1,1,0,1,1,1,1,0,0,0,0,1,0,1,0,1,1,1,0
0,1,0,1,0,1,1,1,1,0,1,1,0,0,0,1,1,0,0,0,0,1,1,0,1,1,1,1,0,0,0,0,1,0,1,0,1,1,1,0
0,1,1,1,0,1,1,0,1,0,1,1,0,0,0,1,1,0,1,0,0,1,1,0,1,1,1,1,0,0,0,0,1,0,1,0,1,1,1,0
0,1,1,1,0,1,1,1,1,0,1,1,0,0,0,1,1,0,0,0,0,1,1,0,1,1,1,1,0,0,0,0,1,0,1,0,1,1,1,0
0,1,1,1,0,1,1,1,1,0,1,1,0,1,0,1,1,0,0,0,0,1,1,0,1,1,1,1,0,0,0,0,1,0,0,0,1,1,1,0
0,1,1,1,0,1,1,1,1,0,1,1,0,0,0,1,1,0,0,0,0,1,1,0,1,1,1,1,0,0,0,0,1,0,1,0,1,1,1,0
0,1,1,1,0,1,1,1,1,0,1,1,0,1,0,1,1,0,0,0,0,1,1,0,1,1,1,1,0,0,0,0,1,0,0,0,1,1,1,0
0,1,1,1,0,1,1,1,1,0,1,1,0,0,0,1,1,0,0,0,0,1,1,0,1,0,1,1,0,0,0,0,1,0,1,0,1,1,1,0
0,0,1,1,0,1,1,1,1,0,1,1,0,0,1,1,1,0,0,0,0,0,1,0,1,0,1,1,0,0,0,0,0,0,1,0,1,1,1,0
0,1,1,1,0,1,1,1,1,0,1,1,0,1,1,1,1,0,0,0,0,0,1,0,1,1,1,1,0,0,0,0,1,0,1,0,1,1,1,0
0,0,1,1,0,1,0,0,1,0,1,1,0,0,1,1,1,0,1,0,0,0,1,0,1,1,1,1,0,0,0,0,0,0,1,1,1,1,1,0
0,1,1,1,0,1,1,0,1,0,1,1,0,0,0,1,1,0,1,0,0,1,1,0,1,1,1,1,0,0,0,0,1,0,1,0,1,1,1,0
0,1,1,1,0,1,0,1,1,0,1,1,0,0,0,1,1,0,0,0,0,1,1,0,1,0,1,1,0,0,0,0,1,0,1,0,1,1,1,0
0,1,1,1,0,1,1,1,1,0,1,1,0,0,0,1,1,0,0,0,0,1,1,0,1,1,1,1,0,0,0,0,1,0,1,0,1,1,1,0
0,1,1,1,0,1,1,1,1,0,1,1,0,1,0,1,1,0,0,0,0,1,1,0,1,0,1,1,0,0,0,0,1,0,1,0,1,1,1,0
0,0,1,1,0,1,0,0,1,0,1,1,0,0,0,1,1,0,1,0,0,1,1,0,1,0,1,1,0,0,0,0,0,0,0,0,1,1,1,0
0,1,1,1,0,1,1,0,1,0,1,1,0,0,1,1,1,0,1,0,0,0,1,0,1,1,1,1,0,0,0,0,1,0,0,0,1,1,1,0
0,1,1,1,0,1,1,0,1,0,1,1,0,0,0,1,1,0,1,0,0,1,1,0,1,1,1,1,0,0,0,0,1,0,1,0,1,1,1,0
0,1,1,1,0,1,1,0,1,0,1,1,0,0,0,0,1,0,1,0,0,1,1,0,1,1,1,1,0,0,1,0,1,0,0,0,1,1,1,0
0,1,1,1,0,1,1,1,1,0,1,1,0,0,0,1,1,0,0,0,0,1,1,0,1,1,1,1,0,0,0,0,1,0,1,0,1,1,1,0
0,1,1,1,0,1,1,1,1,0,1,1,0,0,0,1,1,1,0,0,0,1,1,0,1,0,1,1,0,0,0,0,1,0,1,0,1,1,1,0
0,1,1,1,0,1,1,1,1,0,1,1,0,0,0,1,1,1,0,0,0,1,1,0,1,1,1,1,0,0,0,0,1,0,1,0,1,1,1,0
0,1,1,1,0,1,1,1,1,0,1,1,1,0,1,1,1,0,0,0,0,0,1,0,1,1,1,1,0,0,0,0,1,0,1,0,1,1,1,0
0,1,1,1,0,1,1,0,1,0,1,1,0,0,0,1,1,0,1,0,0,1,1,0,1,0,1,1,0,0,0,0,1,0,1,0,1,1,1,0
0,0,1,1,0,1,1,1,1,0,1,1,0,0,0,1,1,0,0,0,0,1,1,0,1,1,1,1,0,0,0,0,1,0,1,0,1,1,1,0
0,1,1,1,0,1,1,1,1,0,1,1,0,1,1,1,1,0,0,0,0,0,1,0,1,1,1,1,0,0,0,0,1,0,1,0,1,1,1,0
0,1,1,1,0,1,0,1,1,0,1,1,0,0,0,1,1,0,0,0,0,1,1,0,1,1,1,1,0,0,0,0,1,0,1,0,1,1,1,0
0,0,1,1,0,1,1,0,1,0,1,1,0,0,0,1,1,0,1,0,0,1,1,0,1,1,1,1,0,0,0,0,1,0,1,0,1,1,1,0
0,1,1,1,0,1,1,1,1,0,1,1,0,1,0,1,1,0,0,0,0,1,1,0,1,0,1,1,0,0,0,0,1,0,1,0,1,1,1,0
0,0,1,1,0,1,1,1,1,0,1,1,0,0,0,1,1,0,0,0,0,1,1,0,1,0,1,1,0,0,0,0,0,0,1,0,1,1,1,0
0,1,1,1,0,1,1,1,1,0,1,1,0,0,0,1,1,0,0,0,0,1,1,0,1,1,1,1,0,0,0,0,1,0,1,0,1,1,1,0
0,0,1,1,0,1,1,0,1,0,1,1,0,0,0,1,1,0,1,0,0,1,1,0,1,0,1,1,0,0,0,0,0,0,1,1,1,1,1,0
0,1,1,1,0,1,1,1,1,0,1,1,0,0,0,1,1,0,0,0,0,1,1,0,1,1,1,1,0,0,0,0,1,0,1,0,1,1,1,0
0,1,1,1,0,1,1,1,1,0,1,1,0,0,0,1,1,0,0,0,0,1,1,0,1,1,1,1,0,0,0,0,1,0,1,0,1,1,1,0
0,1,1,1,0,1,1,1,1,0,1,1,0,0,1,1,1,0,0,0,0,0,1,0,1,1,1,1,0,0,0,0,1,0,1,0,1,1,1,0
0,1,1,1,0,1,1,1,1,0,1,1,0,0,0,1,1,0,0,0,0,1,1,0,1,1,1,1,0,0,0,0,1,0,0,0,1,1,1,0
0,1,1,1,0,1,1,1,1,0,1,1,0,0,0,1,1,0,0,0,0,1,1,0,1,1,1,1,0,0,0,0,1,0,1,0,1,1,1,0
0,0,1,1,0,1,1,1,1,0,1,1,0,0,1,1,1,0,0,0,0,0,1,0,1,1,1,1,0,0,0,0,0,0,1,0,1,1,1,0
0,1,1,1,0,1,1,0,1,0,1,1,0,0,0,1,1,0,1,0,0,1,1,0,1,0,1,1,0,0,0,0,1,0,1,0,1,1,1,0
0,1,0,1,0,1,1,1,1,0,1,1,0,1,0,1,1,0,0,0,0,1,1,0,1,1,1,1,0,0,0,0,1,0,1,0,1,1,1,0
0,1,1,1,0,1,1,1,1,0,1,1,0,0,0,1,1,0,0,0,0,1,1,0,1,1,1,1,0,0,0,0,1,0,0,0,1,1,1,0
0,0,1,1,0,1,1,1,1,0,1,1,0,0,0,1,1,0,0,0,0,1,1,0,1,0,1,1,0,0,0,0,0,0,1,1,1,1,1,0
0,1,1,1,0,1,1,1,1,0,1,1,0,0,0,1,1,0,0,0,0,1,1,0,1,1,1,1,0,0,0,0,1,0,1,0,1,1,1,0
0,1,1,1,0,1,1,1,1,0,1,1,0,0,0,0,1,0,0,0,0,1,1,0,1,0,1,1,0,0,1,0,1,0,1,0,1,1,1,0
0,1,1,1,0,1,1,0,1,0,1,1,0,0,0,1,1,0,1,0,0,1,1,0,1,1,1,1,0,0,0,0,1,0,1,0,1,1,1,0
0,1,1,1,0,1,1,1,1,0,1,1,0,0,0,1,1,0,0,0,0,1,1,0,1,1,1,1,0,0,0,0,1,0,1,0,1,1,1,0
0,0,1,1,0,1,1,1,1,0,1,1,0,0,0,1,1,0,0,0,0,1,1,0,1,1,1,1,0,0,0,0,0,0,1,0,1,1,1,0
0,1,1,1,0,1,1,1,1,0,1,1,0,0,0,1,1,0,0,0,0,1,1,0,1,1,1,1,0,0,0,0,1,0,0,0,1,1,1,0
0,1,0,1,0,1,1,1,1,0,1,1,1,0,0,1,1,0,0,0,0,1,1,0,1,0,1,1,0,0,0,0,1,0,1,0,1,1,1,0
0,1,1,1,0,1,1,1,1,0,1,1,0,0,0,1,1,1,0,0,0,1,1,0,1,1,1,1,0,0,0,0,1,0,1,0,1,1,1,0
0,1,1,1,0,1,0,1,1,0,1,1,0,1,1,1,1,0,0,0,0,0,1,0,1,1,1,1,0,0,0,0,1,0,1,0,1,1,1,0
0,1,1,1,0,1,1,1,1,0,1,1,0,0,0,1,1,0,0,0,0,1,1,0,1,1,1,1,0,0,0,0,1,0,0,0,1,1,1,0
0,1,1,1,0,1,1,1,1,0,1,1,0,1,0,1,1,0,0,0,0,1,1,0,1,0,1,1,0,0,0,0,1,0,0,0,1,1,1,0
0,0,1,1,0,1,1,1,1,0,1,1,0,0,0,1,1,0,0,0,0,1,1,0,1,0,1,1,0,0,0,0,0,0,0,0,1,1,1,0
0,1,1,1,0,1,1,1,1,0,1,1,0,0,0,1,1,0,0,0,0,1,1,0,1,0,1,1,0,0,0,0,1,0,1,0,1,1,1,0
0,0,1,1,0,1,1,1,1,0,1,1,0,0,0,1,1,0,0,0,0,1,1,0,1,1,1,1,0,0,0,0,1,0,1,0,1,1,1,0
0,1,1,1,0,1,1,0,1,0,1,1,0,0,0,1,1,0,1,0,0,1,1,0,1,1,1,1,0,0,0,0,1,0,1,0,1,1,1,0
0,0,1,1,0,1,1,1,1,0,1,1,0,0,0,1,1,0,0,0,0,1,1,0,1,1,1,1,0,0,0,0,0,0,1,0,1,1,1,0
0,0,1,1,0,1,0,0,1,0,1,1,0,0,0,1,1,0,1,0,0,1,1,0,1,0,1,1,0,0,0,0,1,0,1,0,1,1,0,0
0,1,1,1,0,1,1,1,1,0,1,1,1,1,0,1,1,0,0,0,0,1,1,0,1,1,1,1,0,0,0,0,1,0,1,0,1,1,1,0
0,0,1,1,0,1,1,0,1,0,1,1,0,0,0,1,1,0,1,0,0,1,1,0,1,1,1,1,0,0,0,0,0,0,1,0,1,1,1,0
0,0,1,1,0,1,1,1,1,0,1,1,0,0,1,1,1,0,0,0,0,0,1,0,1,1,1,1,0,0,1,0,1,0,0,0,1,1,1,0
0,1,1,1,0,1,1,0,1,0,1,1,0,0,0,1,1,0,1,0,0,1,1,0,1,1,1,1,0,0,0,0,1,0,0,0,1,1,1,0
0,1,0,1,0,1,1,1,1,0,1,1,0,0,0,1,1,0,0,0,0,1,1,0,1,1,1,1,0,0,0,0,1,0,1,0,1,1,1,0
0,1,1,1,0,1,1,1,1,0,1,1,0,0,0,1,1,0,0,0,0,1,1,0,1,1,1,1,0,0,0,0,1,0,1,0,1,1,1,0
0,1,1,1,0,1,1,0,1,0,1,1,0,1,1,1,1,0,1,0,0,0,1,0,1,1,1,1,0,0,0,0,1,0,1,0,1,1,1,0
0,0,1,1,0,1,1,1,1,0,1,1,0,0,0,1,1,1,0,0,0,1,1,0,1,1,0,1,0,0,0,0,1,0,1,0,1,1,1,0
0,1,1,1,0,1,0,0,1,0,1,1,0,0,0,1,1,0,1,0,0,1,1,0,1,1,1,1,0,0,0,0,1,0,1,0,1,1,1,0
0,1,0,1,0,1,0,1,1,0,1,1,0,0,0,1,1,0,0,0,0,1,1,0,1,1,1,1,0,0,0,0,1,0,1,0,1,1,1,0
0,1,1,1,0,1,1,0,1,0,1,1,0,0,1,1,1,0,1,0,0,0,1,0,1,1,1,1,0,0,0,0,1,0,1,0,1,1,1,0
0,1,1,1,0,1,0,1,1,0,1,1,0,0,0,1,1,0,0,0,0,1,1,0,1,0,1,1,0,0,0,0,1,0,1,0,1,1,1,0
