in_degree,dag_idx,n_nodes,sample_size,n_fit,alpha,card,hidden_dims,activation,n_epochs,lr,weight_decay,dropout,batch_size,patience,optimizer,val_loss,kl,kl_se,fit_time_s,fit_cpu_s,stored_params,stop_epoch_mean,frac_at_ceiling,device,torch_threads,run_id,run_name,n_jobs
6,101,20,600,480,0.5,2,"[256, 128]",ReLU,1000,0.0003440540078568,0.0005094725146942,0.3,128,50,adamw,8.3341254144907,0.8310215978825901,0.0119763282433194,66.08332910000172,64.203125,719144,178.65,0.0,cpu,1,f31gj8eb,k6_256_128_1,-1
6,101,20,1400,1120,0.5,2,"[256, 128]",ReLU,1000,0.0003440540078568,0.0005094725146942,0.3,128,50,adamw,8.215702638030052,0.4417671477726018,0.0079076358508138,112.48566510000092,109.984375,719144,204.55,0.0,cpu,1,f31gj8eb,k6_256_128_1,-1
6,102,20,600,480,0.5,2,"[256, 128]",ReLU,1000,0.0003440540078568,0.0005094725146942,0.3,128,50,adamw,7.035070605576038,0.6759946114699991,0.01721388390818,68.4020915000001,66.5625,719144,190.95,0.0,cpu,1,f31gj8eb,k6_256_128_1,-1
6,102,20,1400,1120,0.5,2,"[256, 128]",ReLU,1000,0.0003440540078568,0.0005094725146942,0.3,128,50,adamw,6.788755526766181,0.3385712806728589,0.0107184463576705,119.44205430000147,117.40625,719144,217.9,0.0,cpu,1,f31gj8eb,k6_256_128_1,-1
6,103,20,600,480,0.5,2,"[256, 128]",ReLU,1000,0.0003440540078568,0.0005094725146942,0.3,128,50,adamw,8.45746923238039,0.8903121822578857,0.0116758131366773,66.04935190000106,64.265625,719144,185.3,0.0,cpu,1,f31gj8eb,k6_256_128_1,-1
6,103,20,1400,1120,0.5,2,"[256, 128]",ReLU,1000,0.0003440540078568,0.0005094725146942,0.3,128,50,adamw,7.857099819928408,0.4217353110930333,0.0067077101737357,107.57837629999996,105.453125,719144,174.9,0.0,cpu,1,f31gj8eb,k6_256_128_1,-1
6,104,20,600,480,0.5,2,"[256, 128]",ReLU,1000,0.0003440540078568,0.0005094725146942,0.3,128,50,adamw,7.853058133507147,0.7714951006305971,0.0127879586964583,75.37604830000055,73.40625,719144,214.9,0.0,cpu,1,f31gj8eb,k6_256_128_1,-1
6,104,20,1400,1120,0.5,2,"[256, 128]",ReLU,1000,0.0003440540078568,0.0005094725146942,0.3,128,50,adamw,8.027863398427144,0.3644551454421464,0.0077828751565624,104.23619470000268,101.953125,719144,165.5,0.0,cpu,1,f31gj8eb,k6_256_128_1,-1
6,105,20,600,480,0.5,2,"[256, 128]",ReLU,1000,0.0003440540078568,0.0005094725146942,0.3,128,50,adamw,8.62763386964798,0.8247002011007575,0.01194838438117,78.74515870000323,76.671875,719144,229.55,0.0,cpu,1,f31gj8eb,k6_256_128_1,-1
6,105,20,1400,1120,0.5,2,"[256, 128]",ReLU,1000,0.0003440540078568,0.0005094725146942,0.3,128,50,adamw,8.507227092981339,0.4302645055736928,0.0075581898651853,107.1325708000004,104.84375,719144,175.35,0.0,cpu,1,f31gj8eb,k6_256_128_1,-1
6,101,20,600,480,0.5,2,"[128, 64]",ReLU,1000,0.0066214327842581,0.0280379925420844,0.1,32,20,adamw,8.189650446176529,1.0435868085290865,0.0159780249481856,17.962131799999042,17.515625,195752,40.35,0.0,cpu,1,ie0bcwdv,k6_128_64_2,-1
6,101,20,1400,1120,0.5,2,"[128, 64]",ReLU,1000,0.0066214327842581,0.0280379925420844,0.1,32,20,adamw,8.146312177181244,0.5527084995198951,0.0080430535960645,34.91293199999927,34.53125,195752,41.9,0.0,cpu,1,ie0bcwdv,k6_128_64_2,-1
6,102,20,600,480,0.5,2,"[128, 64]",ReLU,1000,0.0066214327842581,0.0280379925420844,0.1,32,20,adamw,6.931137692183256,0.827014353123276,0.0220035308811573,17.9807507000005,17.59375,195752,40.95,0.0,cpu,1,ie0bcwdv,k6_128_64_2,-1
6,102,20,1400,1120,0.5,2,"[128, 64]",ReLU,1000,0.0066214327842581,0.0280379925420844,0.1,32,20,adamw,6.716408054810017,0.4910353021190674,0.0136674826512412,35.54146680000122,35.09375,195752,43.05,0.0,cpu,1,ie0bcwdv,k6_128_64_2,-1
6,103,20,600,480,0.5,2,"[128, 64]",ReLU,1000,0.0066214327842581,0.0280379925420844,0.1,32,20,adamw,8.37113094329834,1.0280518106118988,0.0147623779264828,16.493529400002444,16.0625,195752,37.1,0.0,cpu,1,ie0bcwdv,k6_128_64_2,-1
6,103,20,1400,1120,0.5,2,"[128, 64]",ReLU,1000,0.0066214327842581,0.0280379925420844,0.1,32,20,adamw,7.776068117469549,0.4808509718975834,0.0070030526084733,32.7189997999958,32.359375,195752,38.55,0.0,cpu,1,ie0bcwdv,k6_128_64_2,-1
6,104,20,600,480,0.5,2,"[128, 64]",ReLU,1000,0.0066214327842581,0.0280379925420844,0.1,32,20,adamw,7.827627800405011,0.9505898724048412,0.0155816723723749,18.46617969999352,18.140625,195752,41.65,0.0,cpu,1,ie0bcwdv,k6_128_64_2,-1
6,104,20,1400,1120,0.5,2,"[128, 64]",ReLU,1000,0.0066214327842581,0.0280379925420844,0.1,32,20,adamw,7.977013155148597,0.4241441022827071,0.0092900286090121,32.802176500001224,32.40625,195752,38.05,0.0,cpu,1,ie0bcwdv,k6_128_64_2,-1
6,105,20,600,480,0.5,2,"[128, 64]",ReLU,1000,0.0066214327842581,0.0280379925420844,0.1,32,20,adamw,8.515422448515892,0.9899765420276956,0.0143787008912725,17.845542100003513,17.515625,195752,40.55,0.0,cpu,1,ie0bcwdv,k6_128_64_2,-1
6,105,20,1400,1120,0.5,2,"[128, 64]",ReLU,1000,0.0066214327842581,0.0280379925420844,0.1,32,20,adamw,8.424175843596458,0.4590265048601185,0.0075844915376244,31.405766500000027,31.03125,195752,36.4,0.0,cpu,1,ie0bcwdv,k6_128_64_2,-1
6,101,20,600,480,0.5,2,"[128, 64]",ReLU,1000,0.0089118332538662,4.067602538982424e-05,0.2,32,20,adamw,8.230967715382576,1.1222726926632407,0.0180916492298903,18.38963180000428,18.03125,195752,42.8,0.0,cpu,1,imqz51iu,k6_128_64_3,-1
6,101,20,1400,1120,0.5,2,"[128, 64]",ReLU,1000,0.0089118332538662,4.067602538982424e-05,0.2,32,20,adamw,8.201166436076164,0.5869395761414266,0.0092553776341076,33.55604370000219,33.1875,195752,38.05,0.0,cpu,1,imqz51iu,k6_128_64_3,-1
6,102,20,600,480,0.5,2,"[128, 64]",ReLU,1000,0.0089118332538662,4.067602538982424e-05,0.2,32,20,adamw,6.936579161323607,0.8988684576095926,0.0250374037252663,16.97228290000203,16.59375,195752,39.15,0.0,cpu,1,imqz51iu,k6_128_64_3,-1
6,102,20,1400,1120,0.5,2,"[128, 64]",ReLU,1000,0.0089118332538662,4.067602538982424e-05,0.2,32,20,adamw,6.757189054042101,0.5725027574865293,0.017332808215974,35.22090549999848,34.75,195752,42.1,0.0,cpu,1,imqz51iu,k6_128_64_3,-1
6,103,20,600,480,0.5,2,"[128, 64]",ReLU,1000,0.0089118332538662,4.067602538982424e-05,0.2,32,20,adamw,8.37324669957161,1.171367533436518,0.0166115523484028,17.701427799998783,17.5,195752,40.7,0.0,cpu,1,imqz51iu,k6_128_64_3,-1
6,103,20,1400,1120,0.5,2,"[128, 64]",ReLU,1000,0.0089118332538662,4.067602538982424e-05,0.2,32,20,adamw,7.831383816897869,0.5517061948883119,0.00789374096482,33.24396929999784,32.828125,195752,38.6,0.0,cpu,1,imqz51iu,k6_128_64_3,-1
6,104,20,600,480,0.5,2,"[128, 64]",ReLU,1000,0.0089118332538662,4.067602538982424e-05,0.2,32,20,adamw,7.8213527724146275,1.1764722379859534,0.0195848543219629,19.390606000000844,19.03125,195752,45.5,0.0,cpu,1,imqz51iu,k6_128_64_3,-1
6,104,20,1400,1120,0.5,2,"[128, 64]",ReLU,1000,0.0089118332538662,4.067602538982424e-05,0.2,32,20,adamw,7.973870426127178,0.4882160124140331,0.0095340855270912,34.07933249999769,33.671875,195752,40.3,0.0,cpu,1,imqz51iu,k6_128_64_3,-1
6,105,20,600,480,0.5,2,"[128, 64]",ReLU,1000,0.0089118332538662,4.067602538982424e-05,0.2,32,20,adamw,8.549895629286766,1.0640580806992994,0.0155600341314605,18.182296200000565,17.703125,195752,41.65,0.0,cpu,1,imqz51iu,k6_128_64_3,-1
6,105,20,1400,1120,0.5,2,"[128, 64]",ReLU,1000,0.0089118332538662,4.067602538982424e-05,0.2,32,20,adamw,8.458356961607933,0.4745805477217585,0.0075591166479515,32.54286290000164,32.09375,195752,38.05,0.0,cpu,1,imqz51iu,k6_128_64_3,-1
6,101,20,600,480,0.5,2,"[256, 128]",ReLU,1000,0.0005508486785984,0.0018263524731886,0.3,128,50,adamw,8.310955554246902,0.8859362101612307,0.012945524349759,52.813515899993945,51.15625,719144,148.65,0.0,cpu,1,bbvrxvxa,k6_256_128_4,-1
6,101,20,1400,1120,0.5,2,"[256, 128]",ReLU,1000,0.0005508486785984,0.0018263524731886,0.3,128,50,adamw,8.202831491827965,0.4518283746523384,0.00807664540624,92.28906769999594,90.171875,719144,159.85,0.0,cpu,1,bbvrxvxa,k6_256_128_4,-1
6,102,20,600,480,0.5,2,"[256, 128]",ReLU,1000,0.0005508486785984,0.0018263524731886,0.3,128,50,adamw,7.007493706420064,0.6866427958638062,0.0181307276007822,54.92982449999545,53.3125,719144,156.2,0.0,cpu,1,bbvrxvxa,k6_256_128_4,-1
6,102,20,1400,1120,0.5,2,"[256, 128]",ReLU,1000,0.0005508486785984,0.0018263524731886,0.3,128,50,adamw,6.769065485335887,0.3394377737501852,0.0108533301785428,94.09961889999975,92.40625,719144,163.8,0.0,cpu,1,bbvrxvxa,k6_256_128_4,-1
6,103,20,600,480,0.5,2,"[256, 128]",ReLU,1000,0.0005508486785984,0.0018263524731886,0.3,128,50,adamw,8.432262606918812,0.9374128480886198,0.0123684279612573,52.11385359999986,50.546875,719144,146.95,0.0,cpu,1,bbvrxvxa,k6_256_128_4,-1
6,103,20,1400,1120,0.5,2,"[256, 128]",ReLU,1000,0.0005508486785984,0.0018263524731886,0.3,128,50,adamw,7.827509336173534,0.3993538794010566,0.006533970246133,92.68782620000276,90.828125,719144,161.8,0.0,cpu,1,bbvrxvxa,k6_256_128_4,-1
6,104,20,600,480,0.5,2,"[256, 128]",ReLU,1000,0.0005508486785984,0.0018263524731886,0.3,128,50,adamw,7.838677530642599,0.7566772770348853,0.0127775108266523,60.03271490000043,58.6875,719144,171.75,0.0,cpu,1,bbvrxvxa,k6_256_128_4,-1
6,104,20,1400,1120,0.5,2,"[256, 128]",ReLU,1000,0.0005508486785984,0.0018263524731886,0.3,128,50,adamw,8.011959018185735,0.358048892214212,0.0077580607704456,85.14012179999554,83.28125,719144,138.15,0.0,cpu,1,bbvrxvxa,k6_256_128_4,-1
6,105,20,600,480,0.5,2,"[256, 128]",ReLU,1000,0.0005508486785984,0.0018263524731886,0.3,128,50,adamw,8.624096304178238,0.8339059212007627,0.0118855784949688,59.652282100003504,58.234375,719144,170.25,0.0,cpu,1,bbvrxvxa,k6_256_128_4,-1
6,105,20,1400,1120,0.5,2,"[256, 128]",ReLU,1000,0.0005508486785984,0.0018263524731886,0.3,128,50,adamw,8.495847329497337,0.4128157425696365,0.0077813980359464,88.60106829999859,86.828125,719144,147.95,0.0,cpu,1,bbvrxvxa,k6_256_128_4,-1
6,101,20,600,480,0.5,2,"[128, 64]",ReLU,1000,0.0003084098757889,0.0029864787535828,0.1,128,100,adamw,8.345952600240707,0.8646973728001122,0.0129910394101456,62.74546199999895,61.703125,195752,346.05,0.0,cpu,1,fze6y015,k6_128_64_5,-1
6,101,20,1400,1120,0.5,2,"[128, 64]",ReLU,1000,0.0003084098757889,0.0029864787535828,0.1,128,100,adamw,8.203088536858559,0.4365418599187869,0.0091319258196966,116.26269830000092,114.828125,195752,360.65,0.05,cpu,1,fze6y015,k6_128_64_5,-1
6,102,20,600,480,0.5,2,"[128, 64]",ReLU,1000,0.0003084098757889,0.0029864787535828,0.1,128,100,adamw,7.022538462653756,0.7106173928098926,0.0186654115850491,63.22078000000329,62.03125,195752,350.45,0.0,cpu,1,fze6y015,k6_128_64_5,-1
6,102,20,1400,1120,0.5,2,"[128, 64]",ReLU,1000,0.0003084098757889,0.0029864787535828,0.1,128,100,adamw,6.800998120568693,0.3125891874968441,0.0099365807316146,115.50024660000054,114.1875,195752,356.2,0.0,cpu,1,fze6y015,k6_128_64_5,-1
6,103,20,600,480,0.5,2,"[128, 64]",ReLU,1000,0.0003084098757889,0.0029864787535828,0.1,128,100,adamw,8.475925035774708,0.9518466878757804,0.0129576198235422,60.09805999999662,58.625,195752,334.2,0.0,cpu,1,fze6y015,k6_128_64_5,-1
6,103,20,1400,1120,0.5,2,"[128, 64]",ReLU,1000,0.0003084098757889,0.0029864787535828,0.1,128,100,adamw,7.819063179194927,0.3744276909917447,0.0065100197963263,118.30215769999631,116.921875,195752,366.95,0.0,cpu,1,fze6y015,k6_128_64_5,-1
6,104,20,600,480,0.5,2,"[128, 64]",ReLU,1000,0.0003084098757889,0.0029864787535828,0.1,128,100,adamw,7.869673257460818,0.7420718344010866,0.0127645373756057,68.44867610000074,67.359375,195752,387.5,0.05,cpu,1,fze6y015,k6_128_64_5,-1
6,104,20,1400,1120,0.5,2,"[128, 64]",ReLU,1000,0.0003084098757889,0.0029864787535828,0.1,128,100,adamw,8.018641983624548,0.3560555730634681,0.0079146251848112,100.13391439999396,98.796875,195752,295.1,0.0,cpu,1,fze6y015,k6_128_64_5,-1
6,105,20,600,480,0.5,2,"[128, 64]",ReLU,1000,0.0003084098757889,0.0029864787535828,0.1,128,100,adamw,8.691252738237381,0.8748067991341846,0.0125558924578668,66.34568520000175,65.03125,195752,369.45,0.0,cpu,1,fze6y015,k6_128_64_5,-1
6,105,20,1400,1120,0.5,2,"[128, 64]",ReLU,1000,0.0003084098757889,0.0029864787535828,0.1,128,100,adamw,8.49691091477871,0.3784648017150032,0.0069714619740536,109.25279020000016,107.5625,195752,333.85,0.0,cpu,1,fze6y015,k6_128_64_5,-1
6,101,20,600,480,0.5,2,"[64, 32]",ReLU,1000,0.0004163681822109,0.0249630699972453,0.5,128,100,adamw,8.436916083097458,0.963122313725391,0.0119302049819419,66.44452499999898,65.359375,56936,516.15,0.0,cpu,1,pg6aso8b,k6_64_32_6,-1
6,101,20,1400,1120,0.5,2,"[64, 32]",ReLU,1000,0.0004163681822109,0.0249630699972453,0.5,128,100,adamw,8.331745579838753,0.521862107487715,0.0080184677676031,123.99500350000017,122.4375,56936,528.5,0.05,cpu,1,pg6aso8b,k6_64_32_6,-1
6,102,20,600,480,0.5,2,"[64, 32]",ReLU,1000,0.0004163681822109,0.0249630699972453,0.5,128,100,adamw,7.110559390857816,0.7286109795962293,0.0157956419442241,68.63615050000226,67.75,56936,526.75,0.1,cpu,1,pg6aso8b,k6_64_32_6,-1
6,102,20,1400,1120,0.5,2,"[64, 32]",ReLU,1000,0.0004163681822109,0.0249630699972453,0.5,128,100,adamw,6.8453018283471465,0.3906374158600809,0.0127513360186627,129.29479490000085,127.71875,56936,563.85,0.0,cpu,1,pg6aso8b,k6_64_32_6,-1
6,103,20,600,480,0.5,2,"[64, 32]",ReLU,1000,0.0004163681822109,0.0249630699972453,0.5,128,100,adamw,8.698999710381031,1.052694150402217,0.0124836380167564,76.7677251999994,75.75,56936,596.75,0.2,cpu,1,pg6aso8b,k6_64_32_6,-1
6,103,20,1400,1120,0.5,2,"[64, 32]",ReLU,1000,0.0004163681822109,0.0249630699972453,0.5,128,100,adamw,7.977063670754433,0.5142466759335211,0.007640357564574,132.7233105999985,131.296875,56936,582.5,0.15,cpu,1,pg6aso8b,k6_64_32_6,-1
6,104,20,600,480,0.5,2,"[64, 32]",ReLU,1000,0.0004163681822109,0.0249630699972453,0.5,128,100,adamw,7.985012615215965,0.8028018724564953,0.0130595066436997,75.94337069999892,74.859375,56936,591.7,0.05,cpu,1,pg6aso8b,k6_64_32_6,-1
6,104,20,1400,1120,0.5,2,"[64, 32]",ReLU,1000,0.0004163681822109,0.0249630699972453,0.5,128,100,adamw,8.069211691676173,0.4234096332512984,0.0076659222688911,113.49109119999775,112.0,56936,465.45,0.1,cpu,1,pg6aso8b,k6_64_32_6,-1
6,105,20,600,480,0.5,2,"[64, 32]",ReLU,1000,0.0004163681822109,0.0249630699972453,0.5,128,100,adamw,8.89337956905365,0.9587862102767638,0.0113393574608121,73.24278349999804,72.21875,56936,571.15,0.2,cpu,1,pg6aso8b,k6_64_32_6,-1
6,105,20,1400,1120,0.5,2,"[64, 32]",ReLU,1000,0.0004163681822109,0.0249630699972453,0.5,128,100,adamw,8.62658379971981,0.4822531312697715,0.0073704529734197,118.42009210000106,116.953125,56936,501.85,0.1,cpu,1,pg6aso8b,k6_64_32_6,-1
6,101,20,600,480,0.5,2,"[256, 128]",ReLU,1000,0.0003360145729384,0.0117110017569387,0.0,128,100,adamw,8.29127061367035,0.8670090988395753,0.0133488773157913,61.05793340000673,59.453125,719144,217.3,0.0,cpu,1,2b1d8mht,k6_256_128_7,-1
6,101,20,1400,1120,0.5,2,"[256, 128]",ReLU,1000,0.0003360145729384,0.0117110017569387,0.0,128,100,adamw,8.181881502270699,0.4810412376070176,0.0095405788701511,104.62362069999654,102.078125,719144,241.75,0.0,cpu,1,2b1d8mht,k6_256_128_7,-1
6,102,20,600,480,0.5,2,"[256, 128]",ReLU,1000,0.0003360145729384,0.0117110017569387,0.0,128,100,adamw,6.985685300081968,0.7174057102739355,0.019244247402126,70.36005719999957,68.71875,719144,254.9,0.0,cpu,1,2b1d8mht,k6_256_128_7,-1
6,102,20,1400,1120,0.5,2,"[256, 128]",ReLU,1000,0.0003360145729384,0.0117110017569387,0.0,128,100,adamw,6.782971010543406,0.3200007062428652,0.0099731485480769,107.82817129999604,105.828125,719144,260.25,0.0,cpu,1,2b1d8mht,k6_256_128_7,-1
6,103,20,600,480,0.5,2,"[256, 128]",ReLU,1000,0.0003360145729384,0.0117110017569387,0.0,128,100,adamw,8.414652094244957,0.9767873866794784,0.0135719801729259,68.16259649999847,66.328125,719144,246.6,0.0,cpu,1,2b1d8mht,k6_256_128_7,-1
6,103,20,1400,1120,0.5,2,"[256, 128]",ReLU,1000,0.0003360145729384,0.0117110017569387,0.0,128,100,adamw,7.815235558897257,0.399502829424164,0.0065004597314923,100.41056660000322,98.25,719144,220.6,0.0,cpu,1,2b1d8mht,k6_256_128_7,-1
6,104,20,600,480,0.5,2,"[256, 128]",ReLU,1000,0.0003360145729384,0.0117110017569387,0.0,128,100,adamw,7.833712020656094,0.7762731982420586,0.0143696149013684,72.93158559999574,71.234375,719144,267.15,0.0,cpu,1,2b1d8mht,k6_256_128_7,-1
6,104,20,1400,1120,0.5,2,"[256, 128]",ReLU,1000,0.0003360145729384,0.0117110017569387,0.0,128,100,adamw,8.016226432984695,0.3434764726946754,0.0076338539562676,98.70879689999856,96.546875,719144,213.35,0.0,cpu,1,2b1d8mht,k6_256_128_7,-1
6,105,20,600,480,0.5,2,"[256, 128]",ReLU,1000,0.0003360145729384,0.0117110017569387,0.0,128,100,adamw,8.619587659835815,0.8882842027995863,0.0130234508929274,69.26766850000422,67.140625,719144,248.8,0.0,cpu,1,2b1d8mht,k6_256_128_7,-1
6,105,20,1400,1120,0.5,2,"[256, 128]",ReLU,1000,0.0003360145729384,0.0117110017569387,0.0,128,100,adamw,8.48067307472229,0.3780762488225258,0.0069880696628126,95.79921480000483,93.8125,719144,198.95,0.0,cpu,1,2b1d8mht,k6_256_128_7,-1
6,101,20,600,480,0.5,2,"[128, 64]",ReLU,1000,0.0003168560334235,0.0173772010997543,0.0,128,50,adamw,8.381925895810127,0.8718670856675177,0.0131352137870349,30.23944940000365,29.5625,195752,221.4,0.0,cpu,1,99ye198s,k6_128_64_8,-1
6,101,20,1400,1120,0.5,2,"[128, 64]",ReLU,1000,0.0003168560334235,0.0173772010997543,0.0,128,50,adamw,8.205185234546661,0.4614586260527509,0.0092107513028782,51.15800960000343,50.34375,195752,212.7,0.0,cpu,1,99ye198s,k6_128_64_8,-1
6,102,20,600,480,0.5,2,"[128, 64]",ReLU,1000,0.0003168560334235,0.0173772010997543,0.0,128,50,adamw,7.0413651168346405,0.687750427174469,0.0173529639654218,31.41344579999713,30.84375,195752,231.4,0.0,cpu,1,99ye198s,k6_128_64_8,-1
6,102,20,1400,1120,0.5,2,"[128, 64]",ReLU,1000,0.0003168560334235,0.0173772010997543,0.0,128,50,adamw,6.793028393760324,0.3240483752436628,0.0101575586481887,55.84304669999983,54.859375,195752,246.85,0.0,cpu,1,99ye198s,k6_128_64_8,-1
6,103,20,600,480,0.5,2,"[128, 64]",ReLU,1000,0.0003168560334235,0.0173772010997543,0.0,128,50,adamw,8.489382915198803,0.994038541970424,0.0125166342584349,31.984873100002005,31.203125,195752,237.95,0.0,cpu,1,99ye198s,k6_128_64_8,-1
6,103,20,1400,1120,0.5,2,"[128, 64]",ReLU,1000,0.0003168560334235,0.0173772010997543,0.0,128,50,adamw,7.831341959536076,0.3856186184501723,0.0064113786954419,50.00813259999995,49.1875,195752,208.3,0.0,cpu,1,99ye198s,k6_128_64_8,-1
6,104,20,600,480,0.5,2,"[128, 64]",ReLU,1000,0.0003168560334235,0.0173772010997543,0.0,128,50,adamw,7.870715132215992,0.7435341138690935,0.0135032112927686,36.20088969999779,35.3125,195752,274.25,0.0,cpu,1,99ye198s,k6_128_64_8,-1
6,104,20,1400,1120,0.5,2,"[128, 64]",ReLU,1000,0.0003168560334235,0.0173772010997543,0.0,128,50,adamw,8.012380408821627,0.3386055456823261,0.0075456858751721,45.04956499999389,44.25,195752,177.55,0.0,cpu,1,99ye198s,k6_128_64_8,-1
6,105,20,600,480,0.5,2,"[128, 64]",ReLU,1000,0.0003168560334235,0.0173772010997543,0.0,128,50,adamw,8.661902248859406,0.8857228306772938,0.0127120706153171,34.57833170000231,33.734375,195752,259.3,0.0,cpu,1,99ye198s,k6_128_64_8,-1
6,105,20,1400,1120,0.5,2,"[128, 64]",ReLU,1000,0.0003168560334235,0.0173772010997543,0.0,128,50,adamw,8.513097330927849,0.3911917170331516,0.0071604321055691,52.015630499998224,51.078125,195752,218.55,0.0,cpu,1,99ye198s,k6_128_64_8,-1
6,101,20,600,480,0.5,2,"[128, 64]",ReLU,1000,0.0003062749159525,4.472102769695336e-05,0.1,128,50,adamw,8.355185642838478,0.8435761620263398,0.0123404978665742,45.23658889999933,44.296875,195752,247.05,0.0,cpu,1,lbc4ms6d,k6_128_64_9,-1
6,101,20,1400,1120,0.5,2,"[128, 64]",ReLU,1000,0.0003062749159525,4.472102769695336e-05,0.1,128,50,adamw,8.210929811000824,0.440852904514267,0.0085590607108733,81.02879129999928,79.8125,195752,261.1,0.0,cpu,1,lbc4ms6d,k6_128_64_9,-1
6,102,20,600,480,0.5,2,"[128, 64]",ReLU,1000,0.0003062749159525,4.472102769695336e-05,0.1,128,50,adamw,7.038380898535252,0.683764865090833,0.0175635228328307,43.9143952999948,42.8125,195752,238.3,0.0,cpu,1,lbc4ms6d,k6_128_64_9,-1
6,102,20,1400,1120,0.5,2,"[128, 64]",ReLU,1000,0.0003062749159525,4.472102769695336e-05,0.1,128,50,adamw,6.802121624350548,0.3114545854959362,0.0093861806598458,77.06794020000234,75.765625,195752,238.95,0.0,cpu,1,lbc4ms6d,k6_128_64_9,-1
6,103,20,600,480,0.5,2,"[128, 64]",ReLU,1000,0.0003062749159525,4.472102769695336e-05,0.1,128,50,adamw,8.479018159210682,0.9519809212461516,0.0122487639360616,46.19963380000263,45.328125,195752,252.9,0.0,cpu,1,lbc4ms6d,k6_128_64_9,-1
6,103,20,1400,1120,0.5,2,"[128, 64]",ReLU,1000,0.0003062749159525,4.472102769695336e-05,0.1,128,50,adamw,7.832582835108042,0.37808076259034,0.006141186440804,77.41126090000034,76.3125,195752,244.3,0.0,cpu,1,lbc4ms6d,k6_128_64_9,-1
6,104,20,600,480,0.5,2,"[128, 64]",ReLU,1000,0.0003062749159525,4.472102769695336e-05,0.1,128,50,adamw,7.872254840796813,0.7194507716516336,0.0122965250174026,46.88557920000312,45.953125,195752,258.05,0.0,cpu,1,lbc4ms6d,k6_128_64_9,-1
6,104,20,1400,1120,0.5,2,"[128, 64]",ReLU,1000,0.0003062749159525,4.472102769695336e-05,0.1,128,50,adamw,8.026011776179075,0.3434541818330879,0.0073632284235424,66.9616745999956,65.875,195752,193.25,0.0,cpu,1,lbc4ms6d,k6_128_64_9,-1
6,105,20,600,480,0.5,2,"[128, 64]",ReLU,1000,0.0003062749159525,4.472102769695336e-05,0.1,128,50,adamw,8.696128159761429,0.8516413124560568,0.0115466388297531,47.83762700000079,46.765625,195752,264.7,0.0,cpu,1,lbc4ms6d,k6_128_64_9,-1
6,105,20,1400,1120,0.5,2,"[128, 64]",ReLU,1000,0.0003062749159525,4.472102769695336e-05,0.1,128,50,adamw,8.520829632878304,0.3681367703431699,0.0066627313184534,72.44155599999795,71.40625,195752,218.0,0.0,cpu,1,lbc4ms6d,k6_128_64_9,-1
6,101,20,600,480,0.5,2,"[256, 128]",ReLU,1000,0.000374213123869,1.130695323897421e-05,0.2,128,100,adamw,8.310972899198532,0.8743536176913989,0.0131872879913513,80.04601450000337,77.984375,719144,225.7,0.0,cpu,1,lmdpq3e3,k6_256_128_10,-1
6,101,20,1400,1120,0.5,2,"[256, 128]",ReLU,1000,0.000374213123869,1.130695323897421e-05,0.2,128,100,adamw,8.196407333016396,0.4467597430435169,0.0086320145706253,150.9999547999978,148.234375,719144,275.15,0.0,cpu,1,lmdpq3e3,k6_256_128_10,-1
6,102,20,600,480,0.5,2,"[256, 128]",ReLU,1000,0.000374213123869,1.130695323897421e-05,0.2,128,100,adamw,7.008545199409127,0.7189654548011498,0.0194003201270486,89.80806280000252,87.34375,719144,254.9,0.0,cpu,1,lmdpq3e3,k6_256_128_10,-1
6,102,20,1400,1120,0.5,2,"[256, 128]",ReLU,1000,0.000374213123869,1.130695323897421e-05,0.2,128,100,adamw,6.772842477075756,0.3517767120478518,0.01122564984297,154.22334340000089,151.546875,719144,287.6,0.0,cpu,1,lmdpq3e3,k6_256_128_10,-1
6,103,20,600,480,0.5,2,"[256, 128]",ReLU,1000,0.000374213123869,1.130695323897421e-05,0.2,128,100,adamw,8.426086328923702,0.9224841667878312,0.0124201518111428,87.25682519999827,85.015625,719144,249.25,0.0,cpu,1,lmdpq3e3,k6_256_128_10,-1
6,103,20,1400,1120,0.5,2,"[256, 128]",ReLU,1000,0.000374213123869,1.130695323897421e-05,0.2,128,100,adamw,7.824108261615038,0.3878864732808361,0.0064978679880488,139.56944069999736,137.03125,719144,235.95,0.0,cpu,1,lmdpq3e3,k6_256_128_10,-1
6,104,20,600,480,0.5,2,"[256, 128]",ReLU,1000,0.000374213123869,1.130695323897421e-05,0.2,128,100,adamw,7.816999227041379,0.7703144542410125,0.0137293537877939,97.9686287000004,95.546875,719144,288.75,0.0,cpu,1,lmdpq3e3,k6_256_128_10,-1
6,104,20,1400,1120,0.5,2,"[256, 128]",ReLU,1000,0.000374213123869,1.130695323897421e-05,0.2,128,100,adamw,8.014544497942552,0.3559525917374493,0.0078331353065818,134.67745399999694,131.78125,719144,216.75,0.0,cpu,1,lmdpq3e3,k6_256_128_10,-1
6,105,20,600,480,0.5,2,"[256, 128]",ReLU,1000,0.000374213123869,1.130695323897421e-05,0.2,128,100,adamw,8.608551815152168,0.8531821454331315,0.012472488961796,95.93895519999931,93.53125,719144,281.7,0.0,cpu,1,lmdpq3e3,k6_256_128_10,-1
6,105,20,1400,1120,0.5,2,"[256, 128]",ReLU,1000,0.000374213123869,1.130695323897421e-05,0.2,128,100,adamw,8.494116112589836,0.4031773896421367,0.0075276583935831,136.47793799999636,133.765625,719144,225.3,0.0,cpu,1,lmdpq3e3,k6_256_128_10,-1
6,101,20,600,480,0.5,2,[32],ReLU,1000,0.0003611576414663,3.8436657034463805e-05,0.0,128,100,adamw,8.498498424887657,0.9357010930966416,0.0133721332394608,56.35434789999999,55.46875,8328,780.7,0.45,cpu,1,47gae3dc,k6_32_11,-1
6,101,20,1400,1120,0.5,2,[32],ReLU,1000,0.0003611576414663,3.8436657034463805e-05,0.0,128,100,adamw,8.332883805036545,0.5160140094124832,0.0093541826824913,104.69818840000517,103.453125,8328,812.65,0.6,cpu,1,47gae3dc,k6_32_11,-1
6,102,20,600,480,0.5,2,[32],ReLU,1000,0.0003611576414663,3.8436657034463805e-05,0.0,128,100,adamw,7.149038394913077,0.6908023774091966,0.015933928004598,57.5373086000036,56.46875,8328,802.75,0.4,cpu,1,47gae3dc,k6_32_11,-1
6,102,20,1400,1120,0.5,2,[32],ReLU,1000,0.0003611576414663,3.8436657034463805e-05,0.0,128,100,adamw,6.884403813630343,0.3634322444975129,0.0102221384622216,98.43945630000236,97.34375,8328,746.15,0.4,cpu,1,47gae3dc,k6_32_11,-1
6,103,20,600,480,0.5,2,[32],ReLU,1000,0.0003611576414663,3.8436657034463805e-05,0.0,128,100,adamw,8.85227182507515,1.1373070922876622,0.0120889002432385,51.09809069999756,50.28125,8328,705.25,0.3,cpu,1,47gae3dc,k6_32_11,-1
6,103,20,1400,1120,0.5,2,[32],ReLU,1000,0.0003611576414663,3.8436657034463805e-05,0.0,128,100,adamw,7.999281160533428,0.4830281666772121,0.0080454213920218,103.65191570000025,102.453125,8328,795.75,0.45,cpu,1,47gae3dc,k6_32_11,-1
6,104,20,600,480,0.5,2,[32],ReLU,1000,0.0003611576414663,3.8436657034463805e-05,0.0,128,100,adamw,7.934155255788937,0.7736724558192082,0.0144870370900861,61.11667220000527,60.125,8328,873.55,0.65,cpu,1,47gae3dc,k6_32_11,-1
6,104,20,1400,1120,0.5,2,[32],ReLU,1000,0.0003611576414663,3.8436657034463805e-05,0.0,128,100,adamw,8.116029183147475,0.3786963193936546,0.0084991838637266,88.76717050000298,87.8125,8328,652.5,0.1,cpu,1,47gae3dc,k6_32_11,-1
6,105,20,600,480,0.5,2,[32],ReLU,1000,0.0003611576414663,3.8436657034463805e-05,0.0,128,100,adamw,9.050316154956818,0.96295713441145,0.0111053736561721,56.45607599999494,55.65625,8328,784.4,0.45,cpu,1,47gae3dc,k6_32_11,-1
6,105,20,1400,1120,0.5,2,[32],ReLU,1000,0.0003611576414663,3.8436657034463805e-05,0.0,128,100,adamw,8.57597179710865,0.4738531778949454,0.0079037886335556,96.34509479999542,95.40625,8328,721.1,0.35,cpu,1,47gae3dc,k6_32_11,-1
6,101,20,600,480,0.5,2,"[256, 128]",ReLU,1000,0.0003634220195749,0.0014921325985607,0.2,128,100,adamw,8.313373759388924,0.8478747075541171,0.0124313493948264,76.94994459999725,74.84375,719144,215.5,0.0,cpu,1,a4c7k27t,k6_256_128_12,-1
6,101,20,1400,1120,0.5,2,"[256, 128]",ReLU,1000,0.0003634220195749,0.0014921325985607,0.2,128,100,adamw,8.196259841322899,0.4333767475413052,0.0083981176578064,141.7664556000018,139.046875,719144,244.95,0.0,cpu,1,a4c7k27t,k6_256_128_12,-1
6,102,20,600,480,0.5,2,"[256, 128]",ReLU,1000,0.0003634220195749,0.0014921325985607,0.2,128,100,adamw,7.010625950992107,0.708648069562603,0.0191127812642395,86.30014739999751,83.8125,719144,245.75,0.0,cpu,1,a4c7k27t,k6_256_128_12,-1
6,102,20,1400,1120,0.5,2,"[256, 128]",ReLU,1000,0.0003634220195749,0.0014921325985607,0.2,128,100,adamw,6.773960139602423,0.3357990389687666,0.0109189104677298,149.56659120000404,147.0625,719144,271.15,0.0,cpu,1,a4c7k27t,k6_256_128_12,-1
6,103,20,600,480,0.5,2,"[256, 128]",ReLU,1000,0.0003634220195749,0.0014921325985607,0.2,128,100,adamw,8.435653828084469,0.9087860112144622,0.0126719159153108,86.12134199999855,83.546875,719144,244.1,0.0,cpu,1,a4c7k27t,k6_256_128_12,-1
6,103,20,1400,1120,0.5,2,"[256, 128]",ReLU,1000,0.0003634220195749,0.0014921325985607,0.2,128,100,adamw,7.8220204859972,0.3925348045734326,0.0065072420818773,139.62859249999747,137.203125,719144,238.35,0.0,cpu,1,a4c7k27t,k6_256_128_12,-1
6,104,20,600,480,0.5,2,"[256, 128]",ReLU,1000,0.0003634220195749,0.0014921325985607,0.2,128,100,adamw,7.828846348216757,0.7593204574631051,0.0132436215484132,93.34668370000144,91.34375,719144,272.5,0.0,cpu,1,a4c7k27t,k6_256_128_12,-1
6,104,20,1400,1120,0.5,2,"[256, 128]",ReLU,1000,0.0003634220195749,0.0014921325985607,0.2,128,100,adamw,8.018359627341852,0.3606387350362371,0.0082760741936686,144.52371410000342,141.921875,719144,238.8,0.0,cpu,1,a4c7k27t,k6_256_128_12,-1
6,105,20,600,480,0.5,2,"[256, 128]",ReLU,1000,0.0003634220195749,0.0014921325985607,0.2,128,100,adamw,8.618446186184883,0.8362186199037849,0.0116828940865034,91.03594400000291,88.96875,719144,261.5,0.0,cpu,1,a4c7k27t,k6_256_128_12,-1
6,105,20,1400,1120,0.5,2,"[256, 128]",ReLU,1000,0.0003634220195749,0.0014921325985607,0.2,128,100,adamw,8.493278533220291,0.392131543920158,0.0073595802831276,144.50091070000053,141.71875,719144,244.2,0.0,cpu,1,a4c7k27t,k6_256_128_12,-1
6,101,20,600,480,0.5,2,"[256, 128]",ReLU,1000,0.0005117707610878,0.0001313781839573,0.2,128,100,adamw,8.295917466282845,0.8946226347668833,0.0129417569692829,73.8021837999986,71.75,719144,207.9,0.0,cpu,1,jtgpy94s,k6_256_128_13,-1
6,101,20,1400,1120,0.5,2,"[256, 128]",ReLU,1000,0.0005117707610878,0.0001313781839573,0.2,128,100,adamw,8.190698221325874,0.4464175303564809,0.0087335979999646,124.92878799999744,122.921875,719144,216.5,0.0,cpu,1,jtgpy94s,k6_256_128_13,-1
6,102,20,600,480,0.5,2,"[256, 128]",ReLU,1000,0.0005117707610878,0.0001313781839573,0.2,128,100,adamw,6.995280794799328,0.6943598867812816,0.0187513066238078,76.48629600000277,74.75,719144,217.85,0.0,cpu,1,jtgpy94s,k6_256_128_13,-1
6,102,20,1400,1120,0.5,2,"[256, 128]",ReLU,1000,0.0005117707610878,0.0001313781839573,0.2,128,100,adamw,6.758282298222184,0.3620867011132443,0.0115768814864319,132.77926740000112,130.640625,719144,244.35,0.0,cpu,1,jtgpy94s,k6_256_128_13,-1
6,103,20,600,480,0.5,2,"[256, 128]",ReLU,1000,0.0005117707610878,0.0001313781839573,0.2,128,100,adamw,8.418597288429737,0.9337294851159742,0.0121531515953787,71.86887600000045,70.09375,719144,204.15,0.0,cpu,1,jtgpy94s,k6_256_128_13,-1
6,103,20,1400,1120,0.5,2,"[256, 128]",ReLU,1000,0.0005117707610878,0.0001313781839573,0.2,128,100,adamw,7.818052593618631,0.3901156444994422,0.0064800604937521,119.2861292000016,117.171875,719144,196.15,0.0,cpu,1,jtgpy94s,k6_256_128_13,-1
6,104,20,600,480,0.5,2,"[256, 128]",ReLU,1000,0.0005117707610878,0.0001313781839573,0.2,128,100,adamw,7.81828522880096,0.7858819301562318,0.0142025446642225,86.399053000001,84.515625,719144,259.85,0.0,cpu,1,jtgpy94s,k6_256_128_13,-1
6,104,20,1400,1120,0.5,2,"[256, 128]",ReLU,1000,0.0005117707610878,0.0001313781839573,0.2,128,100,adamw,8.009786004084162,0.3512850534729368,0.0080330090552933,118.9160533999966,116.859375,719144,191.2,0.0,cpu,1,jtgpy94s,k6_256_128_13,-1
6,105,20,600,480,0.5,2,"[256, 128]",ReLU,1000,0.0005117707610878,0.0001313781839573,0.2,128,100,adamw,8.60180501639843,0.8367148155434636,0.0119647561581246,80.40809650000301,78.5,719144,232.65,0.0,cpu,1,jtgpy94s,k6_256_128_13,-1
6,105,20,1400,1120,0.5,2,"[256, 128]",ReLU,1000,0.0005117707610878,0.0001313781839573,0.2,128,100,adamw,8.483955189585686,0.3968935275527755,0.0071964734652036,118.08397680000051,115.796875,719144,194.4,0.0,cpu,1,jtgpy94s,k6_256_128_13,-1
6,101,20,600,480,0.5,2,"[256, 128]",ReLU,1000,0.0003073471960156,0.0008794340035367,0.1,64,20,adamw,8.30290000885725,0.8346666194698545,0.0114857539251092,43.28862870000012,42.109375,719144,79.85,0.0,cpu,1,qr7ae5fh,k6_256_128_14,-1
6,101,20,1400,1120,0.5,2,"[256, 128]",ReLU,1000,0.0003073471960156,0.0008794340035367,0.1,64,20,adamw,8.211465165019035,0.4385577864134408,0.0082772913854083,77.49112050000258,76.0,719144,90.5,0.0,cpu,1,qr7ae5fh,k6_256_128_14,-1
6,102,20,600,480,0.5,2,"[256, 128]",ReLU,1000,0.0003073471960156,0.0008794340035367,0.1,64,20,adamw,7.01180024817586,0.6709227344771591,0.0165349824074178,46.072663300001295,44.84375,719144,86.05,0.0,cpu,1,qr7ae5fh,k6_256_128_14,-1
6,102,20,1400,1120,0.5,2,"[256, 128]",ReLU,1000,0.0003073471960156,0.0008794340035367,0.1,64,20,adamw,6.802179554477334,0.3199718265559412,0.0092422786567134,75.71278750000056,74.421875,719144,87.8,0.0,cpu,1,qr7ae5fh,k6_256_128_14,-1
6,103,20,600,480,0.5,2,"[256, 128]",ReLU,1000,0.0003073471960156,0.0008794340035367,0.1,64,20,adamw,8.434262096881866,0.9194198604443176,0.0113890595687038,50.23951629999647,49.0625,719144,96.45,0.0,cpu,1,qr7ae5fh,k6_256_128_14,-1
6,103,20,1400,1120,0.5,2,"[256, 128]",ReLU,1000,0.0003073471960156,0.0008794340035367,0.1,64,20,adamw,7.838401269167662,0.4024403894466943,0.0062997895007105,72.01333449999947,70.625,719144,79.8,0.0,cpu,1,qr7ae5fh,k6_256_128_14,-1
6,104,20,600,480,0.5,2,"[256, 128]",ReLU,1000,0.0003073471960156,0.0008794340035367,0.1,64,20,adamw,7.844033773639239,0.7156538990873487,0.0121991780801363,47.92336980000255,46.734375,719144,89.1,0.0,cpu,1,qr7ae5fh,k6_256_128_14,-1
6,104,20,1400,1120,0.5,2,"[256, 128]",ReLU,1000,0.0003073471960156,0.0008794340035367,0.1,64,20,adamw,8.033365722745657,0.3511519609916825,0.0069802825829264,65.25987980000355,63.671875,719144,67.65,0.0,cpu,1,qr7ae5fh,k6_256_128_14,-1
6,105,20,600,480,0.5,2,"[256, 128]",ReLU,1000,0.0003073471960156,0.0008794340035367,0.1,64,20,adamw,8.642121642827988,0.8104863914443574,0.011120414354227,50.581665099998645,49.328125,719144,96.15,0.0,cpu,1,qr7ae5fh,k6_256_128_14,-1
6,105,20,1400,1120,0.5,2,"[256, 128]",ReLU,1000,0.0003073471960156,0.0008794340035367,0.1,64,20,adamw,8.491689324378967,0.3920586761264606,0.0069741237227511,70.18073820000427,68.71875,719144,76.2,0.0,cpu,1,qr7ae5fh,k6_256_128_14,-1
6,101,20,600,480,0.5,2,"[256, 128]",ReLU,1000,0.0003788499969311,0.0045796677937794,0.2,128,50,adamw,8.320191003382206,0.8572761068820437,0.0127464476851438,59.01179809999303,57.140625,719144,164.85,0.0,cpu,1,qr3tijbj,k6_256_128_15,-1
6,101,20,1400,1120,0.5,2,"[256, 128]",ReLU,1000,0.0003788499969311,0.0045796677937794,0.2,128,50,adamw,8.217720568180084,0.4451048383467687,0.008390291148708,99.86571600000023,97.859375,719144,171.45,0.0,cpu,1,qr3tijbj,k6_256_128_15,-1
6,102,20,600,480,0.5,2,"[256, 128]",ReLU,1000,0.0003788499969311,0.0045796677937794,0.2,128,50,adamw,7.013451907783747,0.6779235291769082,0.0174624346451188,63.03564679999545,61.1875,719144,172.9,0.0,cpu,1,qr3tijbj,k6_256_128_15,-1
6,102,20,1400,1120,0.5,2,"[256, 128]",ReLU,1000,0.0003788499969311,0.0045796677937794,0.2,128,50,adamw,6.783595805056393,0.3404744780808853,0.0104520677541969,100.94678959999874,98.9375,719144,177.15,0.0,cpu,1,qr3tijbj,k6_256_128_15,-1
6,103,20,600,480,0.5,2,"[256, 128]",ReLU,1000,0.0003788499969311,0.0045796677937794,0.2,128,50,adamw,8.439599104225636,0.8955889983476183,0.0122883734834849,60.84268509999674,59.15625,719144,169.55,0.0,cpu,1,qr3tijbj,k6_256_128_15,-1
6,103,20,1400,1120,0.5,2,"[256, 128]",ReLU,1000,0.0003788499969311,0.0045796677937794,0.2,128,50,adamw,7.826817512512207,0.3847552792996218,0.0064736473695616,98.57471169999916,96.203125,719144,167.85,0.0,cpu,1,qr3tijbj,k6_256_128_15,-1
6,104,20,600,480,0.5,2,"[256, 128]",ReLU,1000,0.0003788499969311,0.0045796677937794,0.2,128,50,adamw,7.840706089278683,0.7455242195400253,0.0128302502319634,65.82913250000274,63.59375,719144,186.75,0.0,cpu,1,qr3tijbj,k6_256_128_15,-1
6,104,20,1400,1120,0.5,2,"[256, 128]",ReLU,1000,0.0003788499969311,0.0045796677937794,0.2,128,50,adamw,8.026147976983339,0.3462816586720129,0.0073964852322433,88.37117380000564,86.59375,719144,138.35,0.0,cpu,1,qr3tijbj,k6_256_128_15,-1
6,105,20,600,480,0.5,2,"[256, 128]",ReLU,1000,0.0003788499969311,0.0045796677937794,0.2,128,50,adamw,8.632428228855133,0.8159684549745843,0.0115820437879098,64.01614150000387,62.125,719144,177.75,0.0,cpu,1,qr3tijbj,k6_256_128_15,-1
6,105,20,1400,1120,0.5,2,"[256, 128]",ReLU,1000,0.0003788499969311,0.0045796677937794,0.2,128,50,adamw,8.495717331767082,0.4001758991674046,0.0072349139550764,94.71729339999727,92.765625,719144,155.25,0.0,cpu,1,qr3tijbj,k6_256_128_15,-1
6,101,20,600,480,0.5,2,"[256, 128]",ReLU,1000,0.000327955235294,5.047925824131853e-05,0.0,128,20,adamw,8.31348904967308,0.8108074653749151,0.0118306320779492,30.18418219999876,29.234375,719144,107.25,0.0,cpu,1,burju37l,k6_256_128_16,-1
6,101,20,1400,1120,0.5,2,"[256, 128]",ReLU,1000,0.000327955235294,5.047925824131853e-05,0.0,128,20,adamw,8.212973058223724,0.4583782079979979,0.0082762942565966,46.45264270000189,45.078125,719144,98.1,0.0,cpu,1,burju37l,k6_256_128_16,-1
6,102,20,600,480,0.5,2,"[256, 128]",ReLU,1000,0.000327955235294,5.047925824131853e-05,0.0,128,20,adamw,7.02509636990726,0.6627014997511528,0.0169912312338456,31.17689160000009,30.1875,719144,111.4,0.0,cpu,1,burju37l,k6_256_128_16,-1
6,102,20,1400,1120,0.5,2,"[256, 128]",ReLU,1000,0.000327955235294,5.047925824131853e-05,0.0,128,20,adamw,6.808067572303116,0.300858966422219,0.008750452397397,46.4909858999963,45.21875,719144,98.4,0.0,cpu,1,burju37l,k6_256_128_16,-1
6,103,20,600,480,0.5,2,"[256, 128]",ReLU,1000,0.000327955235294,5.047925824131853e-05,0.0,128,20,adamw,8.43486025929451,0.9042351873864054,0.0119396149015233,34.79400370000076,33.71875,719144,124.2,0.0,cpu,1,burju37l,k6_256_128_16,-1
6,103,20,1400,1120,0.5,2,"[256, 128]",ReLU,1000,0.000327955235294,5.047925824131853e-05,0.0,128,20,adamw,7.845849361270666,0.4048074598366066,0.0065202467242353,46.196474799995485,45.265625,719144,95.6,0.0,cpu,1,burju37l,k6_256_128_16,-1
6,104,20,600,480,0.5,2,"[256, 128]",ReLU,1000,0.000327955235294,5.047925824131853e-05,0.0,128,20,adamw,7.858869326999411,0.7084742486668737,0.0123760846137694,33.98401309999463,32.90625,719144,120.6,0.0,cpu,1,burju37l,k6_256_128_16,-1
6,104,20,1400,1120,0.5,2,"[256, 128]",ReLU,1000,0.000327955235294,5.047925824131853e-05,0.0,128,20,adamw,8.0291540522594,0.3463609725415031,0.0069135473423781,42.72546169999987,41.609375,719144,81.85,0.0,cpu,1,burju37l,k6_256_128_16,-1
6,105,20,600,480,0.5,2,"[256, 128]",ReLU,1000,0.000327955235294,5.047925824131853e-05,0.0,128,20,adamw,8.641021221876144,0.8376650129562812,0.0115861204555429,34.32438340000226,33.21875,719144,123.1,0.0,cpu,1,burju37l,k6_256_128_16,-1
6,105,20,1400,1120,0.5,2,"[256, 128]",ReLU,1000,0.000327955235294,5.047925824131853e-05,0.0,128,20,adamw,8.489657923579216,0.3800028374147963,0.0069231944972951,44.55254600000626,43.515625,719144,87.35,0.0,cpu,1,burju37l,k6_256_128_16,-1
6,101,20,600,480,0.5,2,"[256, 128]",ReLU,1000,0.0003018614091803,0.0002086981331818,0.2,128,100,adamw,8.323395445942879,0.8613351254414452,0.0130512966083134,86.94445809999888,84.96875,719144,243.35,0.0,cpu,1,xzkazswx,k6_256_128_17,-1
6,101,20,1400,1120,0.5,2,"[256, 128]",ReLU,1000,0.0003018614091803,0.0002086981331818,0.2,128,100,adamw,8.199808359146118,0.4437380761171262,0.0087892930228323,160.41437259999657,157.734375,719144,286.5,0.0,cpu,1,xzkazswx,k6_256_128_17,-1
6,102,20,600,480,0.5,2,"[256, 128]",ReLU,1000,0.0003018614091803,0.0002086981331818,0.2,128,100,adamw,7.013739267364144,0.6913853947541189,0.0177401136383898,95.36727300000348,93.34375,719144,271.5,0.0,cpu,1,xzkazswx,k6_256_128_17,-1
6,102,20,1400,1120,0.5,2,"[256, 128]",ReLU,1000,0.0003018614091803,0.0002086981331818,0.2,128,100,adamw,6.783348390832543,0.3478852040545572,0.0114429396522857,166.54300949999742,163.765625,719144,310.5,0.0,cpu,1,xzkazswx,k6_256_128_17,-1
6,103,20,600,480,0.5,2,"[256, 128]",ReLU,1000,0.0003018614091803,0.0002086981331818,0.2,128,100,adamw,8.440311320126057,0.9361986146559688,0.0122405600928334,87.82204890000139,85.78125,719144,246.95,0.0,cpu,1,xzkazswx,k6_256_128_17,-1
6,103,20,1400,1120,0.5,2,"[256, 128]",ReLU,1000,0.0003018614091803,0.0002086981331818,0.2,128,100,adamw,7.827325191348791,0.3899139569620252,0.0062757770313921,148.48948689999816,145.703125,719144,246.45,0.0,cpu,1,xzkazswx,k6_256_128_17,-1
6,104,20,600,480,0.5,2,"[256, 128]",ReLU,1000,0.0003018614091803,0.0002086981331818,0.2,128,100,adamw,7.84122097841464,0.7637442590588666,0.0131852764422102,101.29494890000204,98.96875,719144,294.35,0.0,cpu,1,xzkazswx,k6_256_128_17,-1
6,104,20,1400,1120,0.5,2,"[256, 128]",ReLU,1000,0.0003018614091803,0.0002086981331818,0.2,128,100,adamw,8.019641853868961,0.3516961314408949,0.0081020938281126,151.05287569999928,148.53125,719144,251.2,0.0,cpu,1,xzkazswx,k6_256_128_17,-1
6,105,20,600,480,0.5,2,"[256, 128]",ReLU,1000,0.0003018614091803,0.0002086981331818,0.2,128,100,adamw,8.615214407444,0.8364905911720841,0.0122182998429437,98.79112590000295,96.453125,719144,286.3,0.0,cpu,1,xzkazswx,k6_256_128_17,-1
6,105,20,1400,1120,0.5,2,"[256, 128]",ReLU,1000,0.0003018614091803,0.0002086981331818,0.2,128,100,adamw,8.498152568936348,0.4117289930534893,0.0076586403906519,153.98213560000295,151.421875,719144,265.55,0.0,cpu,1,xzkazswx,k6_256_128_17,-1
6,101,20,600,480,0.5,2,"[256, 128]",ReLU,1000,0.0004511090002785,0.0063276175197771,0.0,128,20,adamw,8.29078920185566,0.828859798642412,0.012099567765573,24.046619900000223,23.453125,719144,85.8,0.0,cpu,1,r6rhzlgk,k6_256_128_18,-1
6,101,20,1400,1120,0.5,2,"[256, 128]",ReLU,1000,0.0004511090002785,0.0063276175197771,0.0,128,20,adamw,8.197345674037933,0.4519102885064847,0.0087100620992603,39.70256309999968,38.828125,719144,88.95,0.0,cpu,1,r6rhzlgk,k6_256_128_18,-1
6,102,20,600,480,0.5,2,"[256, 128]",ReLU,1000,0.0004511090002785,0.0063276175197771,0.0,128,20,adamw,7.009863641113043,0.67406818080167,0.0173323059724348,25.62812569999369,24.921875,719144,91.0,0.0,cpu,1,r6rhzlgk,k6_256_128_18,-1
6,102,20,1400,1120,0.5,2,"[256, 128]",ReLU,1000,0.0004511090002785,0.0063276175197771,0.0,128,20,adamw,6.79475936293602,0.3049740262399472,0.0091145620067414,38.988524700005655,38.234375,719144,85.65,0.0,cpu,1,r6rhzlgk,k6_256_128_18,-1
6,103,20,600,480,0.5,2,"[256, 128]",ReLU,1000,0.0004511090002785,0.0063276175197771,0.0,128,20,adamw,8.425381861627102,0.9379208422519956,0.011952402722761,26.78175410000404,26.28125,719144,96.15,0.0,cpu,1,r6rhzlgk,k6_256_128_18,-1
6,103,20,1400,1120,0.5,2,"[256, 128]",ReLU,1000,0.0004511090002785,0.0063276175197771,0.0,128,20,adamw,7.834663540124893,0.4036310930561026,0.0064396026442438,37.91091849999793,36.921875,719144,81.45,0.0,cpu,1,r6rhzlgk,k6_256_128_18,-1
6,104,20,600,480,0.5,2,"[256, 128]",ReLU,1000,0.0004511090002785,0.0063276175197771,0.0,128,20,adamw,7.843407202977687,0.7429533237820523,0.0132153626049683,28.204012000001967,27.484375,719144,101.35,0.0,cpu,1,r6rhzlgk,k6_256_128_18,-1
6,104,20,1400,1120,0.5,2,"[256, 128]",ReLU,1000,0.0004511090002785,0.0063276175197771,0.0,128,20,adamw,8.01710520661436,0.3307268325708836,0.0071586713339772,38.47150959999999,37.5625,719144,79.4,0.0,cpu,1,r6rhzlgk,k6_256_128_18,-1
6,105,20,600,480,0.5,2,"[256, 128]",ReLU,1000,0.0004511090002785,0.0063276175197771,0.0,128,20,adamw,8.61926555633545,0.8553821013704442,0.012028992258576,28.55030550000083,27.859375,719144,104.05,0.0,cpu,1,r6rhzlgk,k6_256_128_18,-1
6,105,20,1400,1120,0.5,2,"[256, 128]",ReLU,1000,0.0004511090002785,0.0063276175197771,0.0,128,20,adamw,8.488499864935875,0.4120230966980682,0.0070975065800169,35.135025399998995,34.375,719144,66.55,0.0,cpu,1,r6rhzlgk,k6_256_128_18,-1
6,101,20,600,480,0.5,2,"[256, 128]",ReLU,1000,0.0003310560123275,0.0035582969537561,0.3,128,20,adamw,8.373917676508427,0.8705279575141751,0.0115072257515024,42.240722800001095,41.0625,719144,118.3,0.0,cpu,1,saodybbf,k6_256_128_19,-1
6,101,20,1400,1120,0.5,2,"[256, 128]",ReLU,1000,0.0003310560123275,0.0035582969537561,0.3,128,20,adamw,8.271825566887856,0.4658316051402165,0.0076395776525346,69.51697839999542,67.984375,719144,119.4,0.0,cpu,1,saodybbf,k6_256_128_19,-1
6,102,20,600,480,0.5,2,"[256, 128]",ReLU,1000,0.0003310560123275,0.0035582969537561,0.3,128,20,adamw,7.088129084557295,0.6814498194386159,0.0156965614407849,40.23286480000388,38.984375,719144,112.0,0.0,cpu,1,saodybbf,k6_256_128_19,-1
6,102,20,1400,1120,0.5,2,"[256, 128]",ReLU,1000,0.0003310560123275,0.0035582969537561,0.3,128,20,adamw,6.829299301840365,0.3278927564558358,0.0090639276081499,66.55233919999591,65.0625,719144,108.85,0.0,cpu,1,saodybbf,k6_256_128_19,-1
6,103,20,600,480,0.5,2,"[256, 128]",ReLU,1000,0.0003310560123275,0.0035582969537561,0.3,128,20,adamw,8.524085097014904,0.947291929049888,0.0115150049269514,45.09071469999617,44.109375,719144,125.95,0.0,cpu,1,saodybbf,k6_256_128_19,-1
6,103,20,1400,1120,0.5,2,"[256, 128]",ReLU,1000,0.0003310560123275,0.0035582969537561,0.3,128,20,adamw,7.880887482315302,0.4212018829201195,0.0063008953274644,68.3055383999963,66.921875,719144,113.1,0.0,cpu,1,saodybbf,k6_256_128_19,-1
6,104,20,600,480,0.5,2,"[256, 128]",ReLU,1000,0.0003310560123275,0.0035582969537561,0.3,128,20,adamw,7.914313932764344,0.7272023309764744,0.0117824321854711,44.00626900000498,42.75,719144,123.4,0.0,cpu,1,saodybbf,k6_256_128_19,-1
6,104,20,1400,1120,0.5,2,"[256, 128]",ReLU,1000,0.0003310560123275,0.0035582969537561,0.3,128,20,adamw,8.05811820202507,0.3651441521369511,0.0071154896315509,62.30955030000041,60.90625,719144,97.15,0.0,cpu,1,saodybbf,k6_256_128_19,-1
6,105,20,600,480,0.5,2,"[256, 128]",ReLU,1000,0.0003310560123275,0.0035582969537561,0.3,128,20,adamw,8.716426312923431,0.8294795235961075,0.0110450262344047,47.86440510000102,46.59375,719144,139.7,0.0,cpu,1,saodybbf,k6_256_128_19,-1
6,105,20,1400,1120,0.5,2,"[256, 128]",ReLU,1000,0.0003310560123275,0.0035582969537561,0.3,128,20,adamw,8.541555657982826,0.4472118988512473,0.0073112577060902,64.96364379999432,63.65625,719144,104.1,0.0,cpu,1,saodybbf,k6_256_128_19,-1
6,101,20,600,480,0.5,2,"[256, 128]",ReLU,1000,0.000311862922418,0.0001499357047904,0.3,64,50,adamw,8.30648209899664,0.8208175971090382,0.0115845184417676,84.60481629999413,82.6875,719144,158.2,0.0,cpu,1,crxl0jn8,k6_256_128_20,-1
6,101,20,1400,1120,0.5,2,"[256, 128]",ReLU,1000,0.000311862922418,0.0001499357047904,0.3,64,50,adamw,8.21177326142788,0.4501602516907342,0.0081289266841455,148.3490110000057,146.09375,719144,177.05,0.0,cpu,1,crxl0jn8,k6_256_128_20,-1
6,102,20,600,480,0.5,2,"[256, 128]",ReLU,1000,0.000311862922418,0.0001499357047904,0.3,64,50,adamw,7.014414988458157,0.6784235226599455,0.0172483836060316,86.23633239999617,84.578125,719144,161.15,0.0,cpu,1,crxl0jn8,k6_256_128_20,-1
6,102,20,1400,1120,0.5,2,"[256, 128]",ReLU,1000,0.000311862922418,0.0001499357047904,0.3,64,50,adamw,6.7816068371757865,0.3360469644955857,0.010429726518928,144.54407929999434,142.125,719144,169.35,0.0,cpu,1,crxl0jn8,k6_256_128_20,-1
6,103,20,600,480,0.5,2,"[256, 128]",ReLU,1000,0.000311862922418,0.0001499357047904,0.3,64,50,adamw,8.443552255630493,0.9275065274607304,0.0117628348387717,80.79397420000168,79.109375,719144,150.85,0.0,cpu,1,crxl0jn8,k6_256_128_20,-1
6,103,20,1400,1120,0.5,2,"[256, 128]",ReLU,1000,0.000311862922418,0.0001499357047904,0.3,64,50,adamw,7.848023742437363,0.4481941658439174,0.0069891855969511,145.1444846000013,142.796875,719144,168.7,0.0,cpu,1,crxl0jn8,k6_256_128_20,-1
6,104,20,600,480,0.5,2,"[256, 128]",ReLU,1000,0.000311862922418,0.0001499357047904,0.3,64,50,adamw,7.822649166220799,0.7748146243111048,0.0128205019527701,98.71812219999993,96.71875,719144,195.05,0.0,cpu,1,crxl0jn8,k6_256_128_20,-1
6,104,20,1400,1120,0.5,2,"[256, 128]",ReLU,1000,0.000311862922418,0.0001499357047904,0.3,64,50,adamw,8.018731165560894,0.3695334434838907,0.0076308580589489,135.34324899999774,132.875,719144,148.9,0.0,cpu,1,crxl0jn8,k6_256_128_20,-1
6,105,20,600,480,0.5,2,"[256, 128]",ReLU,1000,0.000311862922418,0.0001499357047904,0.3,64,50,adamw,8.61728909611702,0.8426707832293365,0.0119981764926997,97.27498360000028,94.828125,719144,191.55,0.0,cpu,1,crxl0jn8,k6_256_128_20,-1
6,105,20,1400,1120,0.5,2,"[256, 128]",ReLU,1000,0.000311862922418,0.0001499357047904,0.3,64,50,adamw,8.49889124929905,0.4034013494230735,0.0073269617538501,134.45640819999971,132.015625,719144,147.2,0.0,cpu,1,crxl0jn8,k6_256_128_20,-1
6,101,20,600,480,0.5,2,"[256, 128]",ReLU,1000,0.0003385723738424,0.0008281212256941,0.1,64,100,adamw,8.265694335103035,0.8549506047519179,0.0128522543446708,107.6620227999956,105.3125,719144,199.15,0.0,cpu,1,zkvkl7l9,k6_256_128_21,-1
6,101,20,1400,1120,0.5,2,"[256, 128]",ReLU,1000,0.0003385723738424,0.0008281212256941,0.1,64,100,adamw,8.173307120800018,0.4417730108582736,0.0086649227693313,198.0618462999992,194.859375,719144,243.05,0.0,cpu,1,zkvkl7l9,k6_256_128_21,-1
6,102,20,600,480,0.5,2,"[256, 128]",ReLU,1000,0.0003385723738424,0.0008281212256941,0.1,64,100,adamw,6.9697618894279,0.7295841685094074,0.019658248334053,115.2126661000002,112.5,719144,215.65,0.0,cpu,1,zkvkl7l9,k6_256_128_21,-1
6,102,20,1400,1120,0.5,2,"[256, 128]",ReLU,1000,0.0003385723738424,0.0008281212256941,0.1,64,100,adamw,6.770843653939664,0.3556227533353521,0.0115974589670104,194.0975722000003,190.5625,719144,235.7,0.0,cpu,1,zkvkl7l9,k6_256_128_21,-1
6,103,20,600,480,0.5,2,"[256, 128]",ReLU,1000,0.0003385723738424,0.0008281212256941,0.1,64,100,adamw,8.383718624711037,0.9139288837210726,0.0128484045644179,113.6624742999993,111.09375,719144,212.9,0.0,cpu,1,zkvkl7l9,k6_256_128_21,-1
6,103,20,1400,1120,0.5,2,"[256, 128]",ReLU,1000,0.0003385723738424,0.0008281212256941,0.1,64,100,adamw,7.807090446352959,0.3934688311347,0.0066788081866573,183.00031960000345,179.5,719144,209.65,0.0,cpu,1,zkvkl7l9,k6_256_128_21,-1
6,104,20,600,480,0.5,2,"[256, 128]",ReLU,1000,0.0003385723738424,0.0008281212256941,0.1,64,100,adamw,7.798795288545079,0.780600900138577,0.013731591006473,112.95297019999998,109.921875,719144,211.2,0.0,cpu,1,zkvkl7l9,k6_256_128_21,-1
6,104,20,1400,1120,0.5,2,"[256, 128]",ReLU,1000,0.0003385723738424,0.0008281212256941,0.1,64,100,adamw,7.996778819826432,0.3704941958113174,0.0083907501227084,182.9893148999981,179.8125,719144,208.7,0.0,cpu,1,zkvkl7l9,k6_256_128_21,-1
6,105,20,600,480,0.5,2,"[256, 128]",ReLU,1000,0.0003385723738424,0.0008281212256941,0.1,64,100,adamw,8.561441734433174,0.8595365076436876,0.0122046183413243,115.7222843999989,113.15625,719144,217.8,0.0,cpu,1,zkvkl7l9,k6_256_128_21,-1
6,105,20,1400,1120,0.5,2,"[256, 128]",ReLU,1000,0.0003385723738424,0.0008281212256941,0.1,64,100,adamw,8.475416481494904,0.3706073273666412,0.0070937879973814,167.8959704000008,164.390625,719144,183.15,0.0,cpu,1,zkvkl7l9,k6_256_128_21,-1
6,101,20,600,480,0.5,2,"[128, 64]",ReLU,1000,0.0003972641661675,0.0005613301971423,0.1,128,20,adamw,8.395323500037193,0.8507050249268774,0.0117344647035178,25.11782929999754,24.578125,195752,138.1,0.0,cpu,1,5hi1lhsg,k6_128_64_22,-1
6,101,20,1400,1120,0.5,2,"[128, 64]",ReLU,1000,0.0003972641661675,0.0005613301971423,0.1,128,20,adamw,8.246645882725716,0.46261569520933,0.0084396123415832,41.018873100001656,40.28125,195752,125.3,0.0,cpu,1,5hi1lhsg,k6_128_64_22,-1
6,102,20,600,480,0.5,2,"[128, 64]",ReLU,1000,0.0003972641661675,0.0005613301971423,0.1,128,20,adamw,7.059249540790916,0.6637314111446849,0.0156559675937778,26.764978399995016,26.109375,195752,145.05,0.0,cpu,1,5hi1lhsg,k6_128_64_22,-1
6,102,20,1400,1120,0.5,2,"[128, 64]",ReLU,1000,0.0003972641661675,0.0005613301971423,0.1,128,20,adamw,6.8279039384797215,0.320908195122741,0.0088647339694029,39.1664918000024,38.53125,195752,116.1,0.0,cpu,1,5hi1lhsg,k6_128_64_22,-1
6,103,20,600,480,0.5,2,"[128, 64]",ReLU,1000,0.0003972641661675,0.0005613301971423,0.1,128,20,adamw,8.539070174098015,0.97346592019987,0.0120222965517632,26.11180810000224,25.375,195752,143.75,0.0,cpu,1,5hi1lhsg,k6_128_64_22,-1
6,103,20,1400,1120,0.5,2,"[128, 64]",ReLU,1000,0.0003972641661675,0.0005613301971423,0.1,128,20,adamw,7.870890192687511,0.4191324556944905,0.0061040054291382,40.48021819999849,39.8125,195752,123.1,0.0,cpu,1,5hi1lhsg,k6_128_64_22,-1
6,104,20,600,480,0.5,2,"[128, 64]",ReLU,1000,0.0003972641661675,0.0005613301971423,0.1,128,20,adamw,7.887412062147632,0.7027129815880849,0.0118079951337693,28.478156600001967,27.8125,195752,158.15,0.0,cpu,1,5hi1lhsg,k6_128_64_22,-1
6,104,20,1400,1120,0.5,2,"[128, 64]",ReLU,1000,0.0003972641661675,0.0005613301971423,0.1,128,20,adamw,8.033387183910236,0.3577569073607384,0.0072375200165829,35.861644600001455,35.0625,195752,100.9,0.0,cpu,1,5hi1lhsg,k6_128_64_22,-1
6,105,20,600,480,0.5,2,"[128, 64]",ReLU,1000,0.0003972641661675,0.0005613301971423,0.1,128,20,adamw,8.756591528654099,0.8462204565270803,0.0109871566678773,26.96923930000048,26.28125,195752,147.55,0.0,cpu,1,5hi1lhsg,k6_128_64_22,-1
6,105,20,1400,1120,0.5,2,"[128, 64]",ReLU,1000,0.0003972641661675,0.0005613301971423,0.1,128,20,adamw,8.518959641456604,0.4003762346184451,0.0067602745472079,40.40760099999898,39.796875,195752,121.15,0.0,cpu,1,5hi1lhsg,k6_128_64_22,-1
6,101,20,600,480,0.5,2,"[128, 64]",ReLU,1000,0.0003204782888279,0.0676903233107173,0.0,32,20,adamw,8.355556920170784,0.8329596883247131,0.0119641077759548,38.06776710000122,37.515625,195752,101.35,0.0,cpu,1,qsq6tpkd,k6_128_64_23,-1
6,101,20,1400,1120,0.5,2,"[128, 64]",ReLU,1000,0.0003204782888279,0.0676903233107173,0.0,32,20,adamw,8.206747934222221,0.4801004472170385,0.0086100039387319,64.46560500000487,63.828125,195752,88.7,0.0,cpu,1,qsq6tpkd,k6_128_64_23,-1
6,102,20,600,480,0.5,2,"[128, 64]",ReLU,1000,0.0003204782888279,0.0676903233107173,0.0,32,20,adamw,7.025356763973832,0.6787605419005762,0.0168151077230018,39.14742450000631,38.5,195752,104.25,0.0,cpu,1,qsq6tpkd,k6_128_64_23,-1
6,102,20,1400,1120,0.5,2,"[128, 64]",ReLU,1000,0.0003204782888279,0.0676903233107173,0.0,32,20,adamw,6.794670972973108,0.2909580086497675,0.0086869831276243,64.63600399999996,63.953125,195752,88.55,0.0,cpu,1,qsq6tpkd,k6_128_64_23,-1
6,103,20,600,480,0.5,2,"[128, 64]",ReLU,1000,0.0003204782888279,0.0676903233107173,0.0,32,20,adamw,8.466224402189255,0.9656804614068676,0.01266413932143,38.89362619999884,38.421875,195752,103.2,0.0,cpu,1,qsq6tpkd,k6_128_64_23,-1
6,103,20,1400,1120,0.5,2,"[128, 64]",ReLU,1000,0.0003204782888279,0.0676903233107173,0.0,32,20,adamw,7.82534459605813,0.4204324670033358,0.0063721275525576,67.83686119999766,67.3125,195752,95.4,0.0,cpu,1,qsq6tpkd,k6_128_64_23,-1
6,104,20,600,480,0.5,2,"[128, 64]",ReLU,1000,0.0003204782888279,0.0676903233107173,0.0,32,20,adamw,7.869845498120412,0.712043756647776,0.0123550180263427,40.043389699996624,39.46875,195752,106.6,0.0,cpu,1,qsq6tpkd,k6_128_64_23,-1
6,104,20,1400,1120,0.5,2,"[128, 64]",ReLU,1000,0.0003204782888279,0.0676903233107173,0.0,32,20,adamw,8.011703399475664,0.3446353284262202,0.0069612768379792,53.85258199999953,53.21875,195752,68.65,0.0,cpu,1,qsq6tpkd,k6_128_64_23,-1
6,105,20,600,480,0.5,2,"[128, 64]",ReLU,1000,0.0003204782888279,0.0676903233107173,0.0,32,20,adamw,8.660090804100037,0.8826919215000769,0.0123280772306698,43.87101479999546,43.3125,195752,120.25,0.0,cpu,1,qsq6tpkd,k6_128_64_23,-1
6,105,20,1400,1120,0.5,2,"[128, 64]",ReLU,1000,0.0003204782888279,0.0676903233107173,0.0,32,20,adamw,8.501213729381561,0.3982008746749805,0.006870769559805,66.33676410000044,65.40625,195752,92.4,0.0,cpu,1,qsq6tpkd,k6_128_64_23,-1
6,101,20,600,480,0.5,2,"[256, 128]",ReLU,1000,0.0003205810162244,1.5932848596123603e-05,0.2,128,20,adamw,8.35302808880806,0.8422709494036986,0.0117237847948944,39.79519309999887,38.75,719144,112.0,0.0,cpu,1,9lrdaxf1,k6_256_128_24,-1
6,101,20,1400,1120,0.5,2,"[256, 128]",ReLU,1000,0.0003205810162244,1.5932848596123603e-05,0.2,128,20,adamw,8.260851427912712,0.4553549898839424,0.0078243084281063,63.9216957000026,62.296875,719144,104.95,0.0,cpu,1,9lrdaxf1,k6_256_128_24,-1
6,102,20,600,480,0.5,2,"[256, 128]",ReLU,1000,0.0003205810162244,1.5932848596123603e-05,0.2,128,20,adamw,7.062006022781134,0.6664429306532352,0.0159853499140807,41.689294599993445,40.625,719144,116.8,0.0,cpu,1,9lrdaxf1,k6_256_128_24,-1
6,102,20,1400,1120,0.5,2,"[256, 128]",ReLU,1000,0.0003205810162244,1.5932848596123603e-05,0.2,128,20,adamw,6.820184851996601,0.3060341734480234,0.0088021963312009,63.42642120000528,62.21875,719144,102.35,0.0,cpu,1,9lrdaxf1,k6_256_128_24,-1
6,103,20,600,480,0.5,2,"[256, 128]",ReLU,1000,0.0003205810162244,1.5932848596123603e-05,0.2,128,20,adamw,8.491400554776192,0.9377733990811086,0.0113592769576239,42.34271299999818,41.46875,719144,117.95,0.0,cpu,1,9lrdaxf1,k6_256_128_24,-1
6,103,20,1400,1120,0.5,2,"[256, 128]",ReLU,1000,0.0003205810162244,1.5932848596123603e-05,0.2,128,20,adamw,7.864860251545906,0.3976373768356442,0.0063386101543302,67.68235699999786,66.375,719144,118.05,0.0,cpu,1,9lrdaxf1,k6_256_128_24,-1
6,104,20,600,480,0.5,2,"[256, 128]",ReLU,1000,0.0003205810162244,1.5932848596123603e-05,0.2,128,20,adamw,7.885130865266547,0.7115807795089133,0.0118267935146729,43.454575900002965,42.421875,719144,122.1,0.0,cpu,1,9lrdaxf1,k6_256_128_24,-1
6,104,20,1400,1120,0.5,2,"[256, 128]",ReLU,1000,0.0003205810162244,1.5932848596123603e-05,0.2,128,20,adamw,8.04455370316282,0.3536588462099018,0.0071827306717766,57.8857960000023,56.71875,719144,88.6,0.0,cpu,1,9lrdaxf1,k6_256_128_24,-1
6,105,20,600,480,0.5,2,"[256, 128]",ReLU,1000,0.0003205810162244,1.5932848596123603e-05,0.2,128,20,adamw,8.704381793737411,0.8296956269488288,0.0109755634507064,44.34816560000036,43.09375,719144,125.45,0.0,cpu,1,9lrdaxf1,k6_256_128_24,-1
6,105,20,1400,1120,0.5,2,"[256, 128]",ReLU,1000,0.0003205810162244,1.5932848596123603e-05,0.2,128,20,adamw,8.519280925393105,0.4273039951056606,0.0070110391655165,63.19930600000225,61.9375,719144,103.6,0.0,cpu,1,9lrdaxf1,k6_256_128_24,-1
6,101,20,600,480,0.5,2,"[256, 128]",ReLU,1000,0.0003063456207382,0.0437030881601018,0.1,128,20,adamw,8.30995386838913,0.817190559836249,0.0114087777430026,39.7571287000028,38.84375,719144,110.7,0.0,cpu,1,xuye0hkb,k6_256_128_25,-1
6,101,20,1400,1120,0.5,2,"[256, 128]",ReLU,1000,0.0003063456207382,0.0437030881601018,0.1,128,20,adamw,8.22590371966362,0.4451555181076526,0.0080061586901028,64.69597139999678,63.25,719144,110.3,0.0,cpu,1,xuye0hkb,k6_256_128_25,-1
6,102,20,600,480,0.5,2,"[256, 128]",ReLU,1000,0.0003063456207382,0.0437030881601018,0.1,128,20,adamw,7.031787829473615,0.6459083914323616,0.0158671056478582,41.76049079999939,40.828125,719144,117.3,0.0,cpu,1,xuye0hkb,k6_256_128_25,-1
6,102,20,1400,1120,0.5,2,"[256, 128]",ReLU,1000,0.0003063456207382,0.0437030881601018,0.1,128,20,adamw,6.817778562195599,0.2929072743114654,0.0082130954223924,60.20281619999878,58.859375,719144,96.2,0.0,cpu,1,xuye0hkb,k6_256_128_25,-1
6,103,20,600,480,0.5,2,"[256, 128]",ReLU,1000,0.0003063456207382,0.0437030881601018,0.1,128,20,adamw,8.45371225476265,0.9098070025869868,0.0116714045494837,44.92808789999981,43.953125,719144,126.95,0.0,cpu,1,xuye0hkb,k6_256_128_25,-1
6,103,20,1400,1120,0.5,2,"[256, 128]",ReLU,1000,0.0003063456207382,0.0437030881601018,0.1,128,20,adamw,7.861212335526943,0.423494593402778,0.0063501446255903,62.41098480000073,61.015625,719144,102.7,0.0,cpu,1,xuye0hkb,k6_256_128_25,-1
6,104,20,600,480,0.5,2,"[256, 128]",ReLU,1000,0.0003063456207382,0.0437030881601018,0.1,128,20,adamw,7.864834667881951,0.7106548863768607,0.0119703716335223,42.953839400004654,41.84375,719144,120.5,0.0,cpu,1,xuye0hkb,k6_256_128_25,-1
6,104,20,1400,1120,0.5,2,"[256, 128]",ReLU,1000,0.0003063456207382,0.0437030881601018,0.1,128,20,adamw,8.030493238475174,0.3474614011149174,0.0070568922468658,55.91891690000193,54.609375,719144,84.55,0.0,cpu,1,xuye0hkb,k6_256_128_25,-1
6,105,20,600,480,0.5,2,"[256, 128]",ReLU,1000,0.0003063456207382,0.0437030881601018,0.1,128,20,adamw,8.660889148712158,0.8155064979672509,0.0111750596357689,44.228919699999096,43.265625,719144,124.6,0.0,cpu,1,xuye0hkb,k6_256_128_25,-1
6,105,20,1400,1120,0.5,2,"[256, 128]",ReLU,1000,0.0003063456207382,0.0437030881601018,0.1,128,20,adamw,8.504856541752815,0.4110199309535305,0.0070725740522476,60.69878600000084,59.328125,719144,95.75,0.0,cpu,1,xuye0hkb,k6_256_128_25,-1
6,101,20,600,480,0.5,2,"[256, 128]",ReLU,1000,0.0003251138533552,0.0611169800551905,0.1,128,20,adamw,8.300041668117046,0.8155170139781711,0.0116748289728707,38.359978799999226,37.359375,719144,107.7,0.0,cpu,1,jx15kgpw,k6_256_128_26,-1
6,101,20,1400,1120,0.5,2,"[256, 128]",ReLU,1000,0.0003251138533552,0.0611169800551905,0.1,128,20,adamw,8.230001285672188,0.4313933916738103,0.0077629551125356,61.03919969999697,59.765625,719144,101.75,0.0,cpu,1,jx15kgpw,k6_256_128_26,-1
6,102,20,600,480,0.5,2,"[256, 128]",ReLU,1000,0.0003251138533552,0.0611169800551905,0.1,128,20,adamw,7.033980010077357,0.6381370508398577,0.0156717349606176,38.91180779999559,37.90625,719144,108.55,0.0,cpu,1,jx15kgpw,k6_256_128_26,-1
6,102,20,1400,1120,0.5,2,"[256, 128]",ReLU,1000,0.0003251138533552,0.0611169800551905,0.1,128,20,adamw,6.820446722209454,0.2865454758988756,0.0084689327993198,59.21998980000353,57.984375,719144,96.4,0.0,cpu,1,jx15kgpw,k6_256_128_26,-1
6,103,20,600,480,0.5,2,"[256, 128]",ReLU,1000,0.0003251138533552,0.0611169800551905,0.1,128,20,adamw,8.45658753812313,0.9200459217028628,0.011418588141193,40.637496700001066,39.53125,719144,113.75,0.0,cpu,1,jx15kgpw,k6_256_128_26,-1
6,103,20,1400,1120,0.5,2,"[256, 128]",ReLU,1000,0.0003251138533552,0.0611169800551905,0.1,128,20,adamw,7.854089394211769,0.4162670107360371,0.0065120677987025,60.19831790000171,59.15625,719144,99.15,0.0,cpu,1,jx15kgpw,k6_256_128_26,-1
6,104,20,600,480,0.5,2,"[256, 128]",ReLU,1000,0.0003251138533552,0.0611169800551905,0.1,128,20,adamw,7.879516595741734,0.7191860002739936,0.0123474698166376,41.32466310000018,40.203125,719144,115.75,0.0,cpu,1,jx15kgpw,k6_256_128_26,-1
6,104,20,1400,1120,0.5,2,"[256, 128]",ReLU,1000,0.0003251138533552,0.0611169800551905,0.1,128,20,adamw,8.02614950761199,0.3366611236460393,0.0070261283630536,55.61381160000019,54.390625,719144,86.7,0.0,cpu,1,jx15kgpw,k6_256_128_26,-1
6,105,20,600,480,0.5,2,"[256, 128]",ReLU,1000,0.0003251138533552,0.0611169800551905,0.1,128,20,adamw,8.665781617164612,0.8317323129736447,0.0112943831975142,41.773648300004425,40.625,719144,117.1,0.0,cpu,1,jx15kgpw,k6_256_128_26,-1
6,105,20,1400,1120,0.5,2,"[256, 128]",ReLU,1000,0.0003251138533552,0.0611169800551905,0.1,128,20,adamw,8.498679861426353,0.4266788132241572,0.007059471528905,58.48396230000071,57.203125,719144,91.8,0.0,cpu,1,jx15kgpw,k6_256_128_26,-1
6,101,20,600,480,0.5,2,"[256, 128]",ReLU,1000,0.000325065780033,0.0231858897430309,0.2,128,20,adamw,8.351303666830063,0.8288088278461552,0.0114360593969451,38.78653779999877,37.59375,719144,108.3,0.0,cpu,1,fnzdkq9o,k6_256_128_27,-1
6,101,20,1400,1120,0.5,2,"[256, 128]",ReLU,1000,0.000325065780033,0.0231858897430309,0.2,128,20,adamw,8.266094848513603,0.4587647483187189,0.0078670590676758,62.59132559999853,61.09375,719144,101.85,0.0,cpu,1,fnzdkq9o,k6_256_128_27,-1
6,102,20,600,480,0.5,2,"[256, 128]",ReLU,1000,0.000325065780033,0.0231858897430309,0.2,128,20,adamw,7.035732278600335,0.6485858075986695,0.0167345245660608,43.79968000000372,42.625,719144,123.0,0.0,cpu,1,fnzdkq9o,k6_256_128_27,-1
6,102,20,1400,1120,0.5,2,"[256, 128]",ReLU,1000,0.000325065780033,0.0231858897430309,0.2,128,20,adamw,6.819705775938928,0.3017962872552989,0.0086168333101185,62.20344720000139,60.640625,719144,101.1,0.0,cpu,1,fnzdkq9o,k6_256_128_27,-1
6,103,20,600,480,0.5,2,"[256, 128]",ReLU,1000,0.000325065780033,0.0231858897430309,0.2,128,20,adamw,8.490437045693398,0.9315545278529892,0.0111680163632019,41.29130460000306,40.03125,719144,114.95,0.0,cpu,1,fnzdkq9o,k6_256_128_27,-1
6,103,20,1400,1120,0.5,2,"[256, 128]",ReLU,1000,0.000325065780033,0.0231858897430309,0.2,128,20,adamw,7.869597245007753,0.4112654060695201,0.0061785139712651,64.82981070000096,63.28125,719144,110.2,0.0,cpu,1,fnzdkq9o,k6_256_128_27,-1
6,104,20,600,480,0.5,2,"[256, 128]",ReLU,1000,0.000325065780033,0.0231858897430309,0.2,128,20,adamw,7.893226672313176,0.722722605628806,0.0118885156742418,41.37164510000002,40.140625,719144,114.55,0.0,cpu,1,fnzdkq9o,k6_256_128_27,-1
6,104,20,1400,1120,0.5,2,"[256, 128]",ReLU,1000,0.000325065780033,0.0231858897430309,0.2,128,20,adamw,8.045687671517953,0.3538157261385786,0.007196374619906,57.42404309999984,55.9375,719144,88.55,0.0,cpu,1,fnzdkq9o,k6_256_128_27,-1
6,105,20,600,480,0.5,2,"[256, 128]",ReLU,1000,0.000325065780033,0.0231858897430309,0.2,128,20,adamw,8.719460278749466,0.8262280687302848,0.0109487087883927,42.90032600000268,41.75,719144,118.25,0.0,cpu,1,fnzdkq9o,k6_256_128_27,-1
6,105,20,1400,1120,0.5,2,"[256, 128]",ReLU,1000,0.000325065780033,0.0231858897430309,0.2,128,20,adamw,8.51504698395729,0.432937688411037,0.0071390460413743,61.25340860000142,59.703125,719144,98.25,0.0,cpu,1,fnzdkq9o,k6_256_128_27,-1
6,101,20,600,480,0.5,2,"[256, 128]",ReLU,1000,0.0004456099800705,0.0603845049715001,0.0,128,20,adamw,8.292126536369324,0.8341695982127789,0.0121726561381836,25.03182039999956,24.078125,719144,88.75,0.0,cpu,1,lb2ypw7e,k6_256_128_28,-1
6,101,20,1400,1120,0.5,2,"[256, 128]",ReLU,1000,0.0004456099800705,0.0603845049715001,0.0,128,20,adamw,8.194769263267517,0.4465080397739035,0.0085364169943968,41.26570070000162,40.265625,719144,98.0,0.0,cpu,1,lb2ypw7e,k6_256_128_28,-1
6,102,20,600,480,0.5,2,"[256, 128]",ReLU,1000,0.0004456099800705,0.0603845049715001,0.0,128,20,adamw,7.017937241122127,0.6632444845463026,0.0164984945217079,24.0416064999954,23.234375,719144,85.25,0.0,cpu,1,lb2ypw7e,k6_256_128_28,-1
6,102,20,1400,1120,0.5,2,"[256, 128]",ReLU,1000,0.0004456099800705,0.0603845049715001,0.0,128,20,adamw,6.8054638216272,0.3034292057528961,0.0088082103076655,37.54724759999954,36.578125,719144,81.05,0.0,cpu,1,lb2ypw7e,k6_256_128_28,-1
6,103,20,600,480,0.5,2,"[256, 128]",ReLU,1000,0.0004456099800705,0.0603845049715001,0.0,128,20,adamw,8.436018876731396,0.9191172830383166,0.0120918401744407,26.882245699998748,26.125,719144,96.15,0.0,cpu,1,lb2ypw7e,k6_256_128_28,-1
6,103,20,1400,1120,0.5,2,"[256, 128]",ReLU,1000,0.0004456099800705,0.0603845049715001,0.0,128,20,adamw,7.833849739283323,0.4010191861663828,0.0064693159165113,38.42091329999676,37.359375,719144,83.7,0.0,cpu,1,lb2ypw7e,k6_256_128_28,-1
6,104,20,600,480,0.5,2,"[256, 128]",ReLU,1000,0.0004456099800705,0.0603845049715001,0.0,128,20,adamw,7.85097005427815,0.7283709767048882,0.0130048446672556,28.18675200000144,27.359375,719144,100.7,0.0,cpu,1,lb2ypw7e,k6_256_128_28,-1
6,104,20,1400,1120,0.5,2,"[256, 128]",ReLU,1000,0.0004456099800705,0.0603845049715001,0.0,128,20,adamw,8.021929148584604,0.3244739088896595,0.0071327156962889,37.42868850000377,36.46875,719144,79.15,0.0,cpu,1,lb2ypw7e,k6_256_128_28,-1
6,105,20,600,480,0.5,2,"[256, 128]",ReLU,1000,0.0004456099800705,0.0603845049715001,0.0,128,20,adamw,8.62529906630516,0.834668516413637,0.0116975706753004,27.809577699998044,27.125,719144,100.8,0.0,cpu,1,lb2ypw7e,k6_256_128_28,-1
6,105,20,1400,1120,0.5,2,"[256, 128]",ReLU,1000,0.0004456099800705,0.0603845049715001,0.0,128,20,adamw,8.490442842245102,0.4132340240767629,0.0070810536152877,34.773012800003926,33.953125,719144,68.55,0.0,cpu,1,lb2ypw7e,k6_256_128_28,-1
6,101,20,600,480,0.5,2,"[256, 128]",ReLU,1000,0.0003270870795593,0.0051423036819835,0.0,64,20,adamw,8.287736982107162,0.8191033658234598,0.0117545625751136,37.59633070000564,36.453125,719144,82.8,0.0,cpu,1,o6y61dwe,k6_256_128_29,-1
6,101,20,1400,1120,0.5,2,"[256, 128]",ReLU,1000,0.0003270870795593,0.0051423036819835,0.0,64,20,adamw,8.185959830880165,0.4512867005006888,0.0081087450376368,58.87748219999776,57.59375,719144,77.7,0.0,cpu,1,o6y61dwe,k6_256_128_29,-1
6,102,20,600,480,0.5,2,"[256, 128]",ReLU,1000,0.0003270870795593,0.0051423036819835,0.0,64,20,adamw,7.010966612026095,0.6710261890257252,0.0172848223726393,38.36816800000088,37.140625,719144,84.75,0.0,cpu,1,o6y61dwe,k6_256_128_29,-1
6,102,20,1400,1120,0.5,2,"[256, 128]",ReLU,1000,0.0003270870795593,0.0051423036819835,0.0,64,20,adamw,6.789728897623718,0.3121150854419752,0.0093081330519997,60.18440999999439,58.671875,719144,83.1,0.0,cpu,1,o6y61dwe,k6_256_128_29,-1
6,103,20,600,480,0.5,2,"[256, 128]",ReLU,1000,0.0003270870795593,0.0051423036819835,0.0,64,20,adamw,8.410165570676327,0.9157089051271629,0.0117970435066557,40.55929219999962,39.390625,719144,89.45,0.0,cpu,1,o6y61dwe,k6_256_128_29,-1
6,103,20,1400,1120,0.5,2,"[256, 128]",ReLU,1000,0.0003270870795593,0.0051423036819835,0.0,64,20,adamw,7.831634480506182,0.4312343590078913,0.0065406747050678,57.28522949999751,56.046875,719144,73.9,0.0,cpu,1,o6y61dwe,k6_256_128_29,-1
6,104,20,600,480,0.5,2,"[256, 128]",ReLU,1000,0.0003270870795593,0.0051423036819835,0.0,64,20,adamw,7.8224853466963395,0.7258844315757644,0.0129092687124977,41.72304499999882,40.828125,719144,91.35,0.0,cpu,1,o6y61dwe,k6_256_128_29,-1
6,104,20,1400,1120,0.5,2,"[256, 128]",ReLU,1000,0.0003270870795593,0.0051423036819835,0.0,64,20,adamw,8.013641186291352,0.3443183640965236,0.0070138818418401,55.767135599999165,54.703125,719144,69.35,0.0,cpu,1,o6y61dwe,k6_256_128_29,-1
6,105,20,600,480,0.5,2,"[256, 128]",ReLU,1000,0.0003270870795593,0.0051423036819835,0.0,64,20,adamw,8.622322648763657,0.840778515622046,0.0113119798250483,40.4239430000016,39.4375,719144,89.55,0.0,cpu,1,o6y61dwe,k6_256_128_29,-1
6,105,20,1400,1120,0.5,2,"[256, 128]",ReLU,1000,0.0003270870795593,0.0051423036819835,0.0,64,20,adamw,8.482829213142395,0.4227875471244195,0.0073356261697341,53.98030230000586,52.859375,719144,66.7,0.0,cpu,1,o6y61dwe,k6_256_128_29,-1
6,101,20,600,480,0.5,2,"[256, 128]",ReLU,1000,0.0003695331125624,0.0214701471773333,0.0,128,20,adamw,8.313625626266003,0.8214971744848685,0.0118772397112938,28.42348549999588,27.40625,719144,99.7,0.0,cpu,1,xxez2aw1,k6_256_128_30,-1
6,101,20,1400,1120,0.5,2,"[256, 128]",ReLU,1000,0.0003695331125624,0.0214701471773333,0.0,128,20,adamw,8.199465662240982,0.4483913680839678,0.0084274142977705,45.28118389999872,43.875,719144,101.65,0.0,cpu,1,xxez2aw1,k6_256_128_30,-1
6,102,20,600,480,0.5,2,"[256, 128]",ReLU,1000,0.0003695331125624,0.0214701471773333,0.0,128,20,adamw,7.025168409571052,0.6653740852547341,0.0172268052505346,28.574530999998387,27.515625,719144,100.8,0.0,cpu,1,xxez2aw1,k6_256_128_30,-1
6,102,20,1400,1120,0.5,2,"[256, 128]",ReLU,1000,0.0003695331125624,0.0214701471773333,0.0,128,20,adamw,6.808330568484962,0.3054348049898721,0.0088787183425335,43.03059360000043,41.859375,719144,89.4,0.0,cpu,1,xxez2aw1,k6_256_128_30,-1
6,103,20,600,480,0.5,2,"[256, 128]",ReLU,1000,0.0003695331125624,0.0214701471773333,0.0,128,20,adamw,8.450094684958458,0.9262341155580994,0.0119045481136107,31.253720799999428,30.046875,719144,110.05,0.0,cpu,1,xxez2aw1,k6_256_128_30,-1
6,103,20,1400,1120,0.5,2,"[256, 128]",ReLU,1000,0.0003695331125624,0.0214701471773333,0.0,128,20,adamw,7.848527677357197,0.3915279902237162,0.0060314530372366,42.29245600000286,40.96875,719144,86.25,0.0,cpu,1,xxez2aw1,k6_256_128_30,-1
6,104,20,600,480,0.5,2,"[256, 128]",ReLU,1000,0.0003695331125624,0.0214701471773333,0.0,128,20,adamw,7.858623637119308,0.7551372168657042,0.0132400744379322,32.66287609999563,31.515625,719144,116.35,0.0,cpu,1,xxez2aw1,k6_256_128_30,-1
6,104,20,1400,1120,0.5,2,"[256, 128]",ReLU,1000,0.0003695331125624,0.0214701471773333,0.0,128,20,adamw,8.020822218386456,0.3439402678043973,0.0071721811133349,40.7737186000013,39.625,719144,81.85,0.0,cpu,1,xxez2aw1,k6_256_128_30,-1
6,105,20,600,480,0.5,2,"[256, 128]",ReLU,1000,0.0003695331125624,0.0214701471773333,0.0,128,20,adamw,8.64758425951004,0.8435156240166162,0.0116481026378765,31.99705069999618,30.875,719144,113.4,0.0,cpu,1,xxez2aw1,k6_256_128_30,-1
6,105,20,1400,1120,0.5,2,"[256, 128]",ReLU,1000,0.0003695331125624,0.0214701471773333,0.0,128,20,adamw,8.481564149260521,0.3876400603958301,0.006888395260651,41.84310570000525,40.6875,719144,85.15,0.0,cpu,1,xxez2aw1,k6_256_128_30,-1
6,101,20,600,480,0.5,2,"[256, 128]",ReLU,1000,0.0004372611626497,0.0901490498932434,0.1,128,20,adamw,8.305980995297432,0.831566167401096,0.0119075011107492,33.180455699999584,32.125,719144,93.3,0.0,cpu,1,6c9hircl,k6_256_128_31,-1
6,101,20,1400,1120,0.5,2,"[256, 128]",ReLU,1000,0.0004372611626497,0.0901490498932434,0.1,128,20,adamw,8.23205816745758,0.4575127231083139,0.0082579225184408,52.65993370000069,51.71875,719144,85.1,0.0,cpu,1,6c9hircl,k6_256_128_31,-1
6,102,20,600,480,0.5,2,"[256, 128]",ReLU,1000,0.0004372611626497,0.0901490498932434,0.1,128,20,adamw,7.016312321648002,0.665401600896834,0.0172699517013793,34.94360790000064,33.6875,719144,96.95,0.0,cpu,1,6c9hircl,k6_256_128_31,-1
6,102,20,1400,1120,0.5,2,"[256, 128]",ReLU,1000,0.0004372611626497,0.0901490498932434,0.1,128,20,adamw,6.804759377613664,0.3078544855701569,0.0088235803166588,51.03903520000313,49.96875,719144,84.8,0.0,cpu,1,6c9hircl,k6_256_128_31,-1
6,103,20,600,480,0.5,2,"[256, 128]",ReLU,1000,0.0004372611626497,0.0901490498932434,0.1,128,20,adamw,8.462811961770058,0.9372417937968294,0.0117283866982042,33.77604350000183,32.859375,719144,94.05,0.0,cpu,1,6c9hircl,k6_256_128_31,-1
6,103,20,1400,1120,0.5,2,"[256, 128]",ReLU,1000,0.0004372611626497,0.0901490498932434,0.1,128,20,adamw,7.84343134611845,0.3998521264319025,0.0064311034117416,52.84338360000402,51.875,719144,83.75,0.0,cpu,1,6c9hircl,k6_256_128_31,-1
6,104,20,600,480,0.5,2,"[256, 128]",ReLU,1000,0.0004372611626497,0.0901490498932434,0.1,128,20,adamw,7.85000690841116,0.7186213022869592,0.0123900859749116,35.179595600006,34.3125,719144,98.45,0.0,cpu,1,6c9hircl,k6_256_128_31,-1
6,104,20,1400,1120,0.5,2,"[256, 128]",ReLU,1000,0.0004372611626497,0.0901490498932434,0.1,128,20,adamw,8.021445091813803,0.3382235170258468,0.0070703108402197,48.8606426999977,48.03125,719144,75.55,0.0,cpu,1,6c9hircl,k6_256_128_31,-1
6,105,20,600,480,0.5,2,"[256, 128]",ReLU,1000,0.0004372611626497,0.0901490498932434,0.1,128,20,adamw,8.662527650594711,0.8050950682574702,0.0109211783785501,33.31392519999645,32.3125,719144,94.15,0.0,cpu,1,6c9hircl,k6_256_128_31,-1
6,105,20,1400,1120,0.5,2,"[256, 128]",ReLU,1000,0.0004372611626497,0.0901490498932434,0.1,128,20,adamw,8.499667316675186,0.3964232853023174,0.0070342081304743,48.035322600000654,46.921875,719144,74.1,0.0,cpu,1,6c9hircl,k6_256_128_31,-1
6,101,20,600,480,0.5,2,"[256, 128]",ReLU,1000,0.0003628174587426,0.0657577865481381,0.1,32,100,adamw,8.250098563730717,0.8703253689510426,0.0131381515329815,144.67398660000617,141.53125,719144,175.85,0.0,cpu,1,ukqwy7kj,k6_256_128_32,-1
6,101,20,1400,1120,0.5,2,"[256, 128]",ReLU,1000,0.0003628174587426,0.0657577865481381,0.1,32,100,adamw,8.151984110474586,0.4517753484440234,0.0088889425385774,287.2270914000037,283.328125,719144,228.9,0.0,cpu,1,ukqwy7kj,k6_256_128_32,-1
6,102,20,600,480,0.5,2,"[256, 128]",ReLU,1000,0.0003628174587426,0.0657577865481381,0.1,32,100,adamw,6.972194435074925,0.740471304341909,0.0207097391680234,151.8993019000045,149.0625,719144,183.5,0.0,cpu,1,ukqwy7kj,k6_256_128_32,-1
6,102,20,1400,1120,0.5,2,"[256, 128]",ReLU,1000,0.0003628174587426,0.0657577865481381,0.1,32,100,adamw,6.763649308122695,0.3695339632222209,0.0114456458707588,278.1055211999992,274.53125,719144,208.7,0.0,cpu,1,ukqwy7kj,k6_256_128_32,-1
6,103,20,600,480,0.5,2,"[256, 128]",ReLU,1000,0.0003628174587426,0.0657577865481381,0.1,32,100,adamw,8.357294715940952,0.9285524702285036,0.0126007085700109,160.25586669999757,157.1875,719144,196.4,0.0,cpu,1,ukqwy7kj,k6_256_128_32,-1
6,103,20,1400,1120,0.5,2,"[256, 128]",ReLU,1000,0.0003628174587426,0.0657577865481381,0.1,32,100,adamw,7.798090722411871,0.3897675447176246,0.006387894934523,254.5500059999977,250.46875,719144,183.45,0.0,cpu,1,ukqwy7kj,k6_256_128_32,-1
6,104,20,600,480,0.5,2,"[256, 128]",ReLU,1000,0.0003628174587426,0.0657577865481381,0.1,32,100,adamw,7.808121734648012,0.7913870075471373,0.0136787466125892,155.67495969999436,152.125,719144,188.9,0.0,cpu,1,ukqwy7kj,k6_256_128_32,-1
6,104,20,1400,1120,0.5,2,"[256, 128]",ReLU,1000,0.0003628174587426,0.0657577865481381,0.1,32,100,adamw,7.983642510371283,0.3635546123369154,0.0080558723245713,251.52524300000368,247.078125,719144,182.35,0.0,cpu,1,ukqwy7kj,k6_256_128_32,-1
6,105,20,600,480,0.5,2,"[256, 128]",ReLU,1000,0.0003628174587426,0.0657577865481381,0.1,32,100,adamw,8.572125509381294,0.8570393355748822,0.0130100002058744,167.46411980000266,163.84375,719144,212.95,0.0,cpu,1,ukqwy7kj,k6_256_128_32,-1
6,105,20,1400,1120,0.5,2,"[256, 128]",ReLU,1000,0.0003628174587426,0.0657577865481381,0.1,32,100,adamw,8.474507629871368,0.361364766832508,0.0069857305549763,246.4097105999972,242.65625,719144,167.55,0.0,cpu,1,ukqwy7kj,k6_256_128_32,-1
6,101,20,600,480,0.5,2,"[256, 128]",ReLU,1000,0.0003320569364781,0.074246957304314,0.0,32,20,adamw,8.263173505663872,0.8348105592750263,0.0120038205792864,47.4352515999999,46.0,719144,66.85,0.0,cpu,1,k6xk2m61,k6_256_128_33,-1
6,101,20,1400,1120,0.5,2,"[256, 128]",ReLU,1000,0.0003320569364781,0.074246957304314,0.0,32,20,adamw,8.170106515288353,0.4746114820960484,0.0086614024329706,85.59025760000077,84.09375,719144,75.15,0.0,cpu,1,k6xk2m61,k6_256_128_33,-1
6,102,20,600,480,0.5,2,"[256, 128]",ReLU,1000,0.0003320569364781,0.074246957304314,0.0,32,20,adamw,6.990394532680512,0.6782885419919209,0.0168227350456047,50.213779099998646,48.6875,719144,69.95,0.0,cpu,1,k6xk2m61,k6_256_128_33,-1
6,102,20,1400,1120,0.5,2,"[256, 128]",ReLU,1000,0.0003320569364781,0.074246957304314,0.0,32,20,adamw,6.7803620379418135,0.3151676481181065,0.0090775959197441,81.52875939999649,80.1875,719144,66.4,0.0,cpu,1,k6xk2m61,k6_256_128_33,-1
6,103,20,600,480,0.5,2,"[256, 128]",ReLU,1000,0.0003320569364781,0.074246957304314,0.0,32,20,adamw,8.377680532634258,0.923636051420098,0.0118157269070971,53.178746199999296,51.890625,719144,75.95,0.0,cpu,1,k6xk2m61,k6_256_128_33,-1
6,103,20,1400,1120,0.5,2,"[256, 128]",ReLU,1000,0.0003320569364781,0.074246957304314,0.0,32,20,adamw,7.80041927844286,0.4092592546467283,0.0062938711212762,81.6328177999967,80.15625,719144,65.5,0.0,cpu,1,k6xk2m61,k6_256_128_33,-1
6,104,20,600,480,0.5,2,"[256, 128]",ReLU,1000,0.0003320569364781,0.074246957304314,0.0,32,20,adamw,7.815652743214741,0.7112743023614199,0.012712767434418,51.72997939999914,50.4375,719144,72.15,0.0,cpu,1,k6xk2m61,k6_256_128_33,-1
6,104,20,1400,1120,0.5,2,"[256, 128]",ReLU,1000,0.0003320569364781,0.074246957304314,0.0,32,20,adamw,8.001932462211698,0.3443304446270795,0.0072132324988879,77.9053447000042,76.625,719144,60.7,0.0,cpu,1,k6xk2m61,k6_256_128_33,-1
6,105,20,600,480,0.5,2,"[256, 128]",ReLU,1000,0.0003320569364781,0.074246957304314,0.0,32,20,adamw,8.588223397731781,0.8391213081945039,0.0114883707053853,54.77498869999545,53.34375,719144,79.4,0.0,cpu,1,k6xk2m61,k6_256_128_33,-1
6,105,20,1400,1120,0.5,2,"[256, 128]",ReLU,1000,0.0003320569364781,0.074246957304314,0.0,32,20,adamw,8.476572304964066,0.388018137327248,0.0068559047932945,74.68210479999834,73.3125,719144,60.05,0.0,cpu,1,k6xk2m61,k6_256_128_33,-1
6,101,20,600,480,0.5,2,"[256, 128]",ReLU,1000,0.0003158444160402,0.0633553392813652,0.2,128,50,adamw,8.335960738360882,0.8531837610675864,0.0120391788328947,63.78558499999781,60.96875,719144,165.2,0.0,cpu,1,6e5rzrlc,k6_256_128_34,-1
6,101,20,1400,1120,0.5,2,"[256, 128]",ReLU,1000,0.0003158444160402,0.0633553392813652,0.2,128,50,adamw,8.213459938764572,0.4241417749671075,0.0080434224775792,108.81630830000358,105.484375,719144,199.65,0.0,cpu,1,6e5rzrlc,k6_256_128_34,-1
6,102,20,600,480,0.5,2,"[256, 128]",ReLU,1000,0.0003158444160402,0.0633553392813652,0.2,128,50,adamw,7.0255856439471245,0.6542455380039631,0.0171122347574442,65.34729459999653,62.953125,719144,181.3,0.0,cpu,1,6e5rzrlc,k6_256_128_34,-1
6,102,20,1400,1120,0.5,2,"[256, 128]",ReLU,1000,0.0003158444160402,0.0633553392813652,0.2,128,50,adamw,6.794147756882012,0.3133143538750646,0.0098458230554414,108.36084620000474,105.546875,719144,184.35,0.0,cpu,1,6e5rzrlc,k6_256_128_34,-1
6,103,20,600,480,0.5,2,"[256, 128]",ReLU,1000,0.0003158444160402,0.0633553392813652,0.2,128,50,adamw,8.441531114280224,0.893131278605622,0.0118440122662073,66.25058460000582,63.53125,719144,181.45,0.0,cpu,1,6e5rzrlc,k6_256_128_34,-1
6,103,20,1400,1120,0.5,2,"[256, 128]",ReLU,1000,0.0003158444160402,0.0633553392813652,0.2,128,50,adamw,7.848301839083433,0.4044068473445415,0.0064915705681113,106.5084554999994,103.609375,719144,171.1,0.0,cpu,1,6e5rzrlc,k6_256_128_34,-1
6,104,20,600,480,0.5,2,"[256, 128]",ReLU,1000,0.0003158444160402,0.0633553392813652,0.2,128,50,adamw,7.847493261331692,0.7407358609070152,0.0127747433104821,70.78836330000195,68.0625,719144,194.25,0.0,cpu,1,6e5rzrlc,k6_256_128_34,-1
6,104,20,1400,1120,0.5,2,"[256, 128]",ReLU,1000,0.0003158444160402,0.0633553392813652,0.2,128,50,adamw,8.025547657161951,0.334248736403969,0.0072654440797501,100.34943180000118,97.0625,719144,158.7,0.0,cpu,1,6e5rzrlc,k6_256_128_34,-1
6,105,20,600,480,0.5,2,"[256, 128]",ReLU,1000,0.0003158444160402,0.0633553392813652,0.2,128,50,adamw,8.63249608874321,0.8040294988097015,0.011530307724776,75.05976790000568,72.3125,719144,210.85,0.0,cpu,1,6e5rzrlc,k6_256_128_34,-1
6,105,20,1400,1120,0.5,2,"[256, 128]",ReLU,1000,0.0003158444160402,0.0633553392813652,0.2,128,50,adamw,8.499388232827187,0.4170938240299543,0.0070319007193819,101.52120809999906,98.703125,719144,155.7,0.0,cpu,1,6e5rzrlc,k6_256_128_34,-1
6,101,20,600,480,0.5,2,"[256, 128]",ReLU,1000,0.0003095253826721,3.1761568489394166e-05,0.0,128,50,adamw,8.299326628446579,0.8401646238704763,0.0126496096196616,44.1553700000004,42.78125,719144,156.35,0.0,cpu,1,3jxw33pe,k6_256_128_35,-1
6,101,20,1400,1120,0.5,2,"[256, 128]",ReLU,1000,0.0003095253826721,3.1761568489394166e-05,0.0,128,50,adamw,8.194052085280418,0.4598124943677445,0.0092365603750177,71.76989100000355,69.96875,719144,163.3,0.0,cpu,1,3jxw33pe,k6_256_128_35,-1
6,102,20,600,480,0.5,2,"[256, 128]",ReLU,1000,0.0003095253826721,3.1761568489394166e-05,0.0,128,50,adamw,7.003069557249546,0.6815174448366949,0.017507935149464,45.59937689999788,44.234375,719144,161.85,0.0,cpu,1,3jxw33pe,k6_256_128_35,-1
6,102,20,1400,1120,0.5,2,"[256, 128]",ReLU,1000,0.0003095253826721,3.1761568489394166e-05,0.0,128,50,adamw,6.794742809608579,0.3061265367729981,0.0094142360599286,72.36794070000178,70.765625,719144,165.6,0.0,cpu,1,3jxw33pe,k6_256_128_35,-1
6,103,20,600,480,0.5,2,"[256, 128]",ReLU,1000,0.0003095253826721,3.1761568489394166e-05,0.0,128,50,adamw,8.425251111388206,0.9497362345492264,0.0125250079615134,47.81834180000442,46.09375,719144,171.55,0.0,cpu,1,3jxw33pe,k6_256_128_35,-1
6,103,20,1400,1120,0.5,2,"[256, 128]",ReLU,1000,0.0003095253826721,3.1761568489394166e-05,0.0,128,50,adamw,7.829334571957588,0.3898908733153304,0.0065619604846993,70.95826880000095,69.40625,719144,154.35,0.0,cpu,1,3jxw33pe,k6_256_128_35,-1
6,104,20,600,480,0.5,2,"[256, 128]",ReLU,1000,0.0003095253826721,3.1761568489394166e-05,0.0,128,50,adamw,7.834373593097553,0.771392947366454,0.0138671630963492,52.00415550000616,50.359375,719144,195.8,0.0,cpu,1,3jxw33pe,k6_256_128_35,-1
6,104,20,1400,1120,0.5,2,"[256, 128]",ReLU,1000,0.0003095253826721,3.1761568489394166e-05,0.0,128,50,adamw,8.020071096718311,0.3426489350868718,0.0075039492366288,66.77341439999873,65.265625,719144,142.7,0.0,cpu,1,3jxw33pe,k6_256_128_35,-1
6,105,20,600,480,0.5,2,"[256, 128]",ReLU,1000,0.0003095253826721,3.1761568489394166e-05,0.0,128,50,adamw,8.627212226390839,0.8560135227559164,0.0121677840363698,48.525819800001045,47.28125,719144,172.7,0.0,cpu,1,3jxw33pe,k6_256_128_35,-1
6,105,20,1400,1120,0.5,2,"[256, 128]",ReLU,1000,0.0003095253826721,3.1761568489394166e-05,0.0,128,50,adamw,8.48414759337902,0.3962174318538438,0.0071169345401845,65.76475579999533,64.296875,719144,134.1,0.0,cpu,1,3jxw33pe,k6_256_128_35,-1
6,101,20,600,480,0.5,2,"[256, 128]",ReLU,1000,0.0003959017785028,0.0067629087849221,0.0,128,20,adamw,8.297453008592129,0.8337280652109715,0.0121275511911923,27.746759399997245,26.953125,719144,97.0,0.0,cpu,1,xk20vw4y,k6_256_128_36,-1
6,101,20,1400,1120,0.5,2,"[256, 128]",ReLU,1000,0.0003959017785028,0.0067629087849221,0.0,128,20,adamw,8.21351321041584,0.4560239218461066,0.0089151866233971,43.092449199997645,42.03125,719144,91.0,0.0,cpu,1,xk20vw4y,k6_256_128_36,-1
6,102,20,600,480,0.5,2,"[256, 128]",ReLU,1000,0.0003959017785028,0.0067629087849221,0.0,128,20,adamw,7.026432259008288,0.6645266363588823,0.0168829468295859,28.374916000000667,27.390625,719144,98.95,0.0,cpu,1,xk20vw4y,k6_256_128_36,-1
6,102,20,1400,1120,0.5,2,"[256, 128]",ReLU,1000,0.0003959017785028,0.0067629087849221,0.0,128,20,adamw,6.800677878782153,0.2917610456141026,0.0087232974404311,43.382967099998496,42.203125,719144,91.75,0.0,cpu,1,xk20vw4y,k6_256_128_36,-1
6,103,20,600,480,0.5,2,"[256, 128]",ReLU,1000,0.0003959017785028,0.0067629087849221,0.0,128,20,adamw,8.439151138067245,0.9225108216778788,0.0119164563059292,30.09044809999613,29.09375,719144,104.75,0.0,cpu,1,xk20vw4y,k6_256_128_36,-1
6,103,20,1400,1120,0.5,2,"[256, 128]",ReLU,1000,0.0003959017785028,0.0067629087849221,0.0,128,20,adamw,7.8416120223701,0.4063333120677455,0.0065504737180789,42.06947790000413,41.125,719144,86.25,0.0,cpu,1,xk20vw4y,k6_256_128_36,-1
6,104,20,600,480,0.5,2,"[256, 128]",ReLU,1000,0.0003959017785028,0.0067629087849221,0.0,128,20,adamw,7.859617562964559,0.7128473739158355,0.0125266468164903,31.05049470000085,30.015625,719144,108.7,0.0,cpu,1,xk20vw4y,k6_256_128_36,-1
6,104,20,1400,1120,0.5,2,"[256, 128]",ReLU,1000,0.0003959017785028,0.0067629087849221,0.0,128,20,adamw,8.022575098788366,0.3280432194802912,0.0072656966672388,41.88406560000294,40.90625,719144,85.7,0.0,cpu,1,xk20vw4y,k6_256_128_36,-1
6,105,20,600,480,0.5,2,"[256, 128]",ReLU,1000,0.0003959017785028,0.0067629087849221,0.0,128,20,adamw,8.632500857114792,0.8328399094641201,0.0118284828041543,31.01851909999823,29.984375,719144,108.85,0.0,cpu,1,xk20vw4y,k6_256_128_36,-1
6,105,20,1400,1120,0.5,2,"[256, 128]",ReLU,1000,0.0003959017785028,0.0067629087849221,0.0,128,20,adamw,8.481862261891365,0.4002487625024097,0.0071013419247277,41.42882210000244,40.359375,719144,84.2,0.0,cpu,1,xk20vw4y,k6_256_128_36,-1
6,101,20,600,480,0.5,2,"[256, 128]",ReLU,1000,0.000342542918561,0.0457621246238161,0.2,32,20,adamw,8.291530974209309,0.8252576886443661,0.0118144164286424,61.17677809999441,59.5,719144,74.15,0.0,cpu,1,cvwue4if,k6_256_128_37,-1
6,101,20,1400,1120,0.5,2,"[256, 128]",ReLU,1000,0.000342542918561,0.0457621246238161,0.2,32,20,adamw,8.186413735151291,0.4452736465706081,0.0079485835638583,108.3552247999978,106.46875,719144,84.55,0.0,cpu,1,cvwue4if,k6_256_128_37,-1
6,102,20,600,480,0.5,2,"[256, 128]",ReLU,1000,0.000342542918561,0.0457621246238161,0.2,32,20,adamw,7.022324593737721,0.6525806736946095,0.0164927739955182,59.18328939999628,57.4375,719144,72.05,0.0,cpu,1,cvwue4if,k6_256_128_37,-1
6,102,20,1400,1120,0.5,2,"[256, 128]",ReLU,1000,0.000342542918561,0.0457621246238161,0.2,32,20,adamw,6.790833841077983,0.3518037322824506,0.0102734086879013,103.03751560000092,100.875,719144,76.5,0.0,cpu,1,cvwue4if,k6_256_128_37,-1
6,103,20,600,480,0.5,2,"[256, 128]",ReLU,1000,0.000342542918561,0.0457621246238161,0.2,32,20,adamw,8.42013580352068,0.9253801677829984,0.0117479537639604,61.47931910000625,59.75,719144,74.45,0.0,cpu,1,cvwue4if,k6_256_128_37,-1
6,103,20,1400,1120,0.5,2,"[256, 128]",ReLU,1000,0.000342542918561,0.0457621246238161,0.2,32,20,adamw,7.840592313557863,0.4375883178359313,0.0063053469163739,96.24326650000148,94.484375,719144,67.2,0.0,cpu,1,cvwue4if,k6_256_128_37,-1
6,104,20,600,480,0.5,2,"[256, 128]",ReLU,1000,0.000342542918561,0.0457621246238161,0.2,32,20,adamw,7.832648199168034,0.7166845569579261,0.0119879172812603,66.27878029999556,64.671875,719144,81.45,0.0,cpu,1,cvwue4if,k6_256_128_37,-1
6,104,20,1400,1120,0.5,2,"[256, 128]",ReLU,1000,0.000342542918561,0.0457621246238161,0.2,32,20,adamw,7.998680787277408,0.3523236220567481,0.0072430017302387,95.71763559999818,94.265625,719144,66.6,0.0,cpu,1,cvwue4if,k6_256_128_37,-1
6,105,20,600,480,0.5,2,"[256, 128]",ReLU,1000,0.000342542918561,0.0457621246238161,0.2,32,20,adamw,8.609811544418335,0.8198913258682576,0.0113054322634459,67.78887539999414,66.4375,719144,85.95,0.0,cpu,1,cvwue4if,k6_256_128_37,-1
6,105,20,1400,1120,0.5,2,"[256, 128]",ReLU,1000,0.000342542918561,0.0457621246238161,0.2,32,20,adamw,8.494434267282486,0.4292950973390655,0.0074347599043684,97.98158789999434,95.84375,719144,69.85,0.0,cpu,1,cvwue4if,k6_256_128_37,-1
6,101,20,600,480,0.5,2,"[256, 128]",ReLU,1000,0.0003447592229373,4.99021978776447e-05,0.2,128,50,adamw,8.33031776547432,0.8364658896613765,0.0120294348395713,56.7482536000025,55.15625,719144,158.15,0.0,cpu,1,x64hu3k2,k6_256_128_38,-1
6,101,20,1400,1120,0.5,2,"[256, 128]",ReLU,1000,0.0003447592229373,4.99021978776447e-05,0.2,128,50,adamw,8.208911553025246,0.4513417744873744,0.0086038036970285,108.67730129999836,106.171875,719144,196.95,0.0,cpu,1,x64hu3k2,k6_256_128_38,-1
6,102,20,600,480,0.5,2,"[256, 128]",ReLU,1000,0.0003447592229373,4.99021978776447e-05,0.2,128,50,adamw,7.011808125302196,0.6961067584281753,0.018773981599268,67.1076436000003,64.875,719144,193.0,0.0,cpu,1,x64hu3k2,k6_256_128_38,-1
6,102,20,1400,1120,0.5,2,"[256, 128]",ReLU,1000,0.0003447592229373,4.99021978776447e-05,0.2,128,50,adamw,6.786016453057528,0.3242066270557988,0.0099607443179604,106.43456019999576,104.5625,719144,188.2,0.0,cpu,1,x64hu3k2,k6_256_128_38,-1
6,103,20,600,480,0.5,2,"[256, 128]",ReLU,1000,0.0003447592229373,4.99021978776447e-05,0.2,128,50,adamw,8.442806042730808,0.8997628279598957,0.0119066076763569,57.960241900000256,55.71875,719144,162.55,0.0,cpu,1,x64hu3k2,k6_256_128_38,-1
6,103,20,1400,1120,0.5,2,"[256, 128]",ReLU,1000,0.0003447592229373,4.99021978776447e-05,0.2,128,50,adamw,7.842093657702208,0.3799059720375158,0.0063458541799313,100.64216529999976,98.1875,719144,166.75,0.0,cpu,1,x64hu3k2,k6_256_128_38,-1
6,104,20,600,480,0.5,2,"[256, 128]",ReLU,1000,0.0003447592229373,4.99021978776447e-05,0.2,128,50,adamw,7.847920714062639,0.7441424331258373,0.0127623179822864,64.77320170000166,63.078125,719144,185.45,0.0,cpu,1,x64hu3k2,k6_256_128_38,-1
6,104,20,1400,1120,0.5,2,"[256, 128]",ReLU,1000,0.0003447592229373,4.99021978776447e-05,0.2,128,50,adamw,8.024867043364793,0.3425533943735102,0.0076254968835932,97.16648170000552,95.125,719144,158.7,0.0,cpu,1,x64hu3k2,k6_256_128_38,-1
6,105,20,600,480,0.5,2,"[256, 128]",ReLU,1000,0.0003447592229373,4.99021978776447e-05,0.2,128,50,adamw,8.625639259815216,0.8064069431524596,0.011950145034056,67.93305800000235,66.078125,719144,195.95,0.0,cpu,1,x64hu3k2,k6_256_128_38,-1
6,105,20,1400,1120,0.5,2,"[256, 128]",ReLU,1000,0.0003447592229373,4.99021978776447e-05,0.2,128,50,adamw,8.497005969285965,0.3915780607584976,0.0069280318539474,96.79782410000188,94.75,719144,158.9,0.0,cpu,1,x64hu3k2,k6_256_128_38,-1
6,101,20,600,480,0.5,2,"[256, 128]",ReLU,1000,0.000325358670102,0.000261882363307,0.0,128,20,adamw,8.303294345736504,0.8222482654104563,0.0121394569970426,32.630704900002456,31.375,719144,113.85,0.0,cpu,1,kukcz55t,k6_256_128_39,-1
6,101,20,1400,1120,0.5,2,"[256, 128]",ReLU,1000,0.000325358670102,0.000261882363307,0.0,128,20,adamw,8.208138272166252,0.455077734738406,0.0083759011459005,46.97573419999389,45.609375,719144,101.65,0.0,cpu,1,kukcz55t,k6_256_128_39,-1
6,102,20,600,480,0.5,2,"[256, 128]",ReLU,1000,0.000325358670102,0.000261882363307,0.0,128,20,adamw,7.0312021896243095,0.6611001898066916,0.01665354710028,31.333964400000696,30.09375,719144,109.35,0.0,cpu,1,kukcz55t,k6_256_128_39,-1
6,102,20,1400,1120,0.5,2,"[256, 128]",ReLU,1000,0.000325358670102,0.000261882363307,0.0,128,20,adamw,6.811226082965732,0.2980549604078589,0.0085774014316505,44.35730899999908,43.125,719144,89.1,0.0,cpu,1,kukcz55t,k6_256_128_39,-1
6,103,20,600,480,0.5,2,"[256, 128]",ReLU,1000,0.000325358670102,0.000261882363307,0.0,128,20,adamw,8.454745806753635,0.8893892035965175,0.0118120113111974,33.33944369999517,31.9375,719144,117.4,0.0,cpu,1,kukcz55t,k6_256_128_39,-1
6,103,20,1400,1120,0.5,2,"[256, 128]",ReLU,1000,0.000325358670102,0.000261882363307,0.0,128,20,adamw,7.847811713814735,0.403972974894607,0.0065180081523768,45.72607949999656,44.546875,719144,95.6,0.0,cpu,1,kukcz55t,k6_256_128_39,-1
6,104,20,600,480,0.5,2,"[256, 128]",ReLU,1000,0.000325358670102,0.000261882363307,0.0,128,20,adamw,7.854307958623394,0.7109289843484501,0.0127257195997207,35.77323600000091,34.609375,719144,127.2,0.0,cpu,1,kukcz55t,k6_256_128_39,-1
6,104,20,1400,1120,0.5,2,"[256, 128]",ReLU,1000,0.000325358670102,0.000261882363307,0.0,128,20,adamw,8.031485663261265,0.3424214263298004,0.0069818044030864,43.675338400003966,42.578125,719144,85.85,0.0,cpu,1,kukcz55t,k6_256_128_39,-1
6,105,20,600,480,0.5,2,"[256, 128]",ReLU,1000,0.000325358670102,0.000261882363307,0.0,128,20,adamw,8.644433826208115,0.8385013575487897,0.0115880012259619,35.22184350000316,33.890625,719144,123.1,0.0,cpu,1,kukcz55t,k6_256_128_39,-1
6,105,20,1400,1120,0.5,2,"[256, 128]",ReLU,1000,0.000325358670102,0.000261882363307,0.0,128,20,adamw,8.489266023039818,0.3924944039302757,0.0070938559706089,43.1303826000003,41.8125,719144,84.45,0.0,cpu,1,kukcz55t,k6_256_128_39,-1
6,101,20,600,480,0.5,2,"[256, 128]",ReLU,1000,0.0003020335107892,0.0254631567287405,0.2,32,20,adamw,8.316461108624935,0.8298035185159315,0.0114162102564398,62.45529830000305,60.96875,719144,75.4,0.0,cpu,1,r354nxfj,k6_256_128_40,-1
6,101,20,1400,1120,0.5,2,"[256, 128]",ReLU,1000,0.0003020335107892,0.0254631567287405,0.2,32,20,adamw,8.208154544234276,0.4456466306453336,0.0078439174040839,109.69197200000052,107.96875,719144,79.45,0.0,cpu,1,r354nxfj,k6_256_128_40,-1
6,102,20,600,480,0.5,2,"[256, 128]",ReLU,1000,0.0003020335107892,0.0254631567287405,0.2,32,20,adamw,7.031042385846376,0.659136299580667,0.0171364631220233,68.43684789999679,66.921875,719144,83.55,0.0,cpu,1,r354nxfj,k6_256_128_40,-1
6,102,20,1400,1120,0.5,2,"[256, 128]",ReLU,1000,0.0003020335107892,0.0254631567287405,0.2,32,20,adamw,6.802480589598417,0.3251418607361853,0.0093716109252639,105.26244509999378,103.515625,719144,72.95,0.0,cpu,1,r354nxfj,k6_256_128_40,-1
6,103,20,600,480,0.5,2,"[256, 128]",ReLU,1000,0.0003020335107892,0.0254631567287405,0.2,32,20,adamw,8.414379373192787,0.8934467218025512,0.0119616885689867,71.53104940000048,69.84375,719144,88.1,0.0,cpu,1,r354nxfj,k6_256_128_40,-1
6,103,20,1400,1120,0.5,2,"[256, 128]",ReLU,1000,0.0003020335107892,0.0254631567287405,0.2,32,20,adamw,7.844737179577351,0.4297628594538224,0.0064437929718953,107.56584020000446,105.5625,719144,74.65,0.0,cpu,1,r354nxfj,k6_256_128_40,-1
6,104,20,600,480,0.5,2,"[256, 128]",ReLU,1000,0.0003020335107892,0.0254631567287405,0.2,32,20,adamw,7.838955972692929,0.7367912893326743,0.0121889574791591,70.66059049999603,69.03125,719144,86.5,0.0,cpu,1,r354nxfj,k6_256_128_40,-1
6,104,20,1400,1120,0.5,2,"[256, 128]",ReLU,1000,0.0003020335107892,0.0254631567287405,0.2,32,20,adamw,8.010600565001369,0.3474234882127949,0.0071462328014109,99.89452589999564,97.953125,719144,66.6,0.0,cpu,1,r354nxfj,k6_256_128_40,-1
6,105,20,600,480,0.5,2,"[256, 128]",ReLU,1000,0.0003020335107892,0.0254631567287405,0.2,32,20,adamw,8.613462835550308,0.8282735014182652,0.0115020242198087,73.21383890000288,71.640625,719144,90.5,0.0,cpu,1,r354nxfj,k6_256_128_40,-1
6,105,20,1400,1120,0.5,2,"[256, 128]",ReLU,1000,0.0003020335107892,0.0254631567287405,0.2,32,20,adamw,8.495845407247543,0.4275661456264393,0.0071543942259,101.93618240000067,100.34375,719144,68.55,0.0,cpu,1,r354nxfj,k6_256_128_40,-1
6,101,20,600,480,0.5,2,"[256, 128]",ReLU,1000,0.0003180006427539,0.0478748482358873,0.1,128,20,adamw,8.307694777846336,0.8134510350393214,0.0115910665703698,38.46270459999505,37.1875,719144,107.7,0.0,cpu,1,jg8d904y,k6_256_128_41,-1
6,101,20,1400,1120,0.5,2,"[256, 128]",ReLU,1000,0.0003180006427539,0.0478748482358873,0.1,128,20,adamw,8.21863716840744,0.4375861352858413,0.0079964641256172,64.32606769999984,63.125,719144,110.3,0.0,cpu,1,jg8d904y,k6_256_128_41,-1
6,102,20,600,480,0.5,2,"[256, 128]",ReLU,1000,0.0003180006427539,0.0478748482358873,0.1,128,20,adamw,7.048054806888104,0.6490811880384298,0.0164555543910208,39.630336300004274,38.53125,719144,109.25,0.0,cpu,1,jg8d904y,k6_256_128_41,-1
6,102,20,1400,1120,0.5,2,"[256, 128]",ReLU,1000,0.0003180006427539,0.0478748482358873,0.1,128,20,adamw,6.818005278706551,0.2873498744356068,0.0083965344686031,61.13439880000078,59.65625,719144,99.25,0.0,cpu,1,jg8d904y,k6_256_128_41,-1
6,103,20,600,480,0.5,2,"[256, 128]",ReLU,1000,0.0003180006427539,0.0478748482358873,0.1,128,20,adamw,8.469565138220787,0.9091250192448446,0.0116187328134778,40.96635970000352,39.890625,719144,115.1,0.0,cpu,1,jg8d904y,k6_256_128_41,-1
6,103,20,1400,1120,0.5,2,"[256, 128]",ReLU,1000,0.0003180006427539,0.0478748482358873,0.1,128,20,adamw,7.857977781444788,0.4203401565582184,0.006188126514724,61.244583499996224,59.9375,719144,99.15,0.0,cpu,1,jg8d904y,k6_256_128_41,-1
6,104,20,600,480,0.5,2,"[256, 128]",ReLU,1000,0.0003180006427539,0.0478748482358873,0.1,128,20,adamw,7.858185574412346,0.7209817974188859,0.0123336282329666,42.18974549999984,41.21875,719144,117.35,0.0,cpu,1,jg8d904y,k6_256_128_41,-1
6,104,20,1400,1120,0.5,2,"[256, 128]",ReLU,1000,0.0003180006427539,0.0478748482358873,0.1,128,20,adamw,8.029299477580935,0.3316513027192332,0.0070470772872862,56.75364709999849,55.34375,719144,86.8,0.0,cpu,1,jg8d904y,k6_256_128_41,-1
6,105,20,600,480,0.5,2,"[256, 128]",ReLU,1000,0.0003180006427539,0.0478748482358873,0.1,128,20,adamw,8.650670677423477,0.8170011631988947,0.0112096668154869,44.24499040000228,43.1875,719144,127.5,0.0,cpu,1,jg8d904y,k6_256_128_41,-1
6,105,20,1400,1120,0.5,2,"[256, 128]",ReLU,1000,0.0003180006427539,0.0478748482358873,0.1,128,20,adamw,8.498338595032692,0.4239472854839931,0.0071645208658367,60.44528659999924,59.125,719144,98.05,0.0,cpu,1,jg8d904y,k6_256_128_41,-1
6,101,20,600,480,0.5,2,"[256, 128]",ReLU,1000,0.0003433294169564,0.0017688485254046,0.1,128,50,adamw,8.298420891165733,0.834383903689076,0.0120037329479013,53.36851849999948,51.78125,719144,147.3,0.0,cpu,1,lmv226th,k6_256_128_42,-1
6,101,20,1400,1120,0.5,2,"[256, 128]",ReLU,1000,0.0003433294169564,0.0017688485254046,0.1,128,50,adamw,8.200084462761879,0.4411563156091611,0.0087221021252331,98.54947930000344,96.34375,719144,172.0,0.0,cpu,1,lmv226th,k6_256_128_42,-1
6,102,20,600,480,0.5,2,"[256, 128]",ReLU,1000,0.0003433294169564,0.0017688485254046,0.1,128,50,adamw,7.003443697467446,0.6931479781075707,0.018430660254268,63.159202700000606,61.4375,719144,178.8,0.0,cpu,1,lmv226th,k6_256_128_42,-1
6,102,20,1400,1120,0.5,2,"[256, 128]",ReLU,1000,0.0003433294169564,0.0017688485254046,0.1,128,50,adamw,6.786247774027288,0.3006554212677488,0.0092784998822356,99.3516598999995,97.25,719144,169.7,0.0,cpu,1,lmv226th,k6_256_128_42,-1
6,103,20,600,480,0.5,2,"[256, 128]",ReLU,1000,0.0003433294169564,0.0017688485254046,0.1,128,50,adamw,8.429500430822372,0.9385319313167036,0.0124346010506519,59.33203950000461,57.609375,719144,166.85,0.0,cpu,1,lmv226th,k6_256_128_42,-1
6,103,20,1400,1120,0.5,2,"[256, 128]",ReLU,1000,0.0003433294169564,0.0017688485254046,0.1,128,50,adamw,7.831637430936098,0.3851435553558064,0.0064376870922577,91.501823599996,89.390625,719144,144.05,0.0,cpu,1,lmv226th,k6_256_128_42,-1
6,104,20,600,480,0.5,2,"[256, 128]",ReLU,1000,0.0003433294169564,0.0017688485254046,0.1,128,50,adamw,7.830842656781897,0.7447583828963359,0.0132656574114092,62.65616949999821,60.9375,719144,176.8,0.0,cpu,1,lmv226th,k6_256_128_42,-1
6,104,20,1400,1120,0.5,2,"[256, 128]",ReLU,1000,0.0003433294169564,0.0017688485254046,0.1,128,50,adamw,8.015579378930852,0.3420973497897644,0.0074258496932545,88.98750559999462,86.703125,719144,138.15,0.0,cpu,1,lmv226th,k6_256_128_42,-1
6,105,20,600,480,0.5,2,"[256, 128]",ReLU,1000,0.0003433294169564,0.0017688485254046,0.1,128,50,adamw,8.61083060503006,0.8242465489206053,0.0120631064525539,65.63267880000058,63.84375,719144,187.7,0.0,cpu,1,lmv226th,k6_256_128_42,-1
6,105,20,1400,1120,0.5,2,"[256, 128]",ReLU,1000,0.0003433294169564,0.0017688485254046,0.1,128,50,adamw,8.488171577453613,0.395199354099174,0.0071691719535198,91.00354629999492,88.609375,719144,144.7,0.0,cpu,1,lmv226th,k6_256_128_42,-1
6,101,20,600,480,0.5,2,"[256, 128]",ReLU,1000,0.0003193247582488,0.0011961052036954,0.2,128,50,adamw,8.33023676276207,0.8566062134812402,0.0121631028324078,56.80810190000193,55.15625,719144,159.15,0.0,cpu,1,byxzpspo,k6_256_128_43,-1
6,101,20,1400,1120,0.5,2,"[256, 128]",ReLU,1000,0.0003193247582488,0.0011961052036954,0.2,128,50,adamw,8.209659680724144,0.4253207770389821,0.008004483911182,106.03501519999554,103.984375,719144,191.75,0.0,cpu,1,byxzpspo,k6_256_128_43,-1
6,102,20,600,480,0.5,2,"[256, 128]",ReLU,1000,0.0003193247582488,0.0011961052036954,0.2,128,50,adamw,7.017003022134304,0.6667731710882004,0.017563704560794,65.0738871999929,63.296875,719144,183.05,0.0,cpu,1,byxzpspo,k6_256_128_43,-1
6,102,20,1400,1120,0.5,2,"[256, 128]",ReLU,1000,0.0003193247582488,0.0011961052036954,0.2,128,50,adamw,6.789064535871148,0.3305342894300707,0.0105417048647238,108.65761180000118,106.390625,719144,201.25,0.0,cpu,1,byxzpspo,k6_256_128_43,-1
6,103,20,600,480,0.5,2,"[256, 128]",ReLU,1000,0.0003193247582488,0.0011961052036954,0.2,128,50,adamw,8.445470288395882,0.9207394772996628,0.012144687433324,64.07851350000419,62.609375,719144,181.45,0.0,cpu,1,byxzpspo,k6_256_128_43,-1
6,103,20,1400,1120,0.5,2,"[256, 128]",ReLU,1000,0.0003193247582488,0.0011961052036954,0.2,128,50,adamw,7.857355691492557,0.4114109930875258,0.0066012387670198,100.3956223999994,97.9375,719144,170.2,0.0,cpu,1,byxzpspo,k6_256_128_43,-1
6,104,20,600,480,0.5,2,"[256, 128]",ReLU,1000,0.0003193247582488,0.0011961052036954,0.2,128,50,adamw,7.856351588037796,0.7342189633471922,0.0123688575766955,65.10835059999954,63.25,719144,183.55,0.0,cpu,1,byxzpspo,k6_256_128_43,-1
6,104,20,1400,1120,0.5,2,"[256, 128]",ReLU,1000,0.0003193247582488,0.0011961052036954,0.2,128,50,adamw,8.033078957116231,0.3513880298497719,0.0072975634879187,90.1657852000062,88.28125,719144,138.15,0.0,cpu,1,byxzpspo,k6_256_128_43,-1
6,105,20,600,480,0.5,2,"[256, 128]",ReLU,1000,0.0003193247582488,0.0011961052036954,0.2,128,50,adamw,8.627536565065384,0.8131560536347857,0.0116476558706349,71.15514709999843,69.421875,719144,211.3,0.0,cpu,1,byxzpspo,k6_256_128_43,-1
6,105,20,1400,1120,0.5,2,"[256, 128]",ReLU,1000,0.0003193247582488,0.0011961052036954,0.2,128,50,adamw,8.497131243348122,0.4031550100654579,0.007055989984501,97.3515871999989,95.3125,719144,160.2,0.0,cpu,1,byxzpspo,k6_256_128_43,-1
6,101,20,600,480,0.5,2,"[256, 128]",ReLU,1000,0.0003641238393814,0.0062861494216774,0.0,64,20,adamw,8.287690043449402,0.8368470063005401,0.0121151942609562,34.150979999998526,33.265625,719144,74.4,0.0,cpu,1,sfyqe5u9,k6_256_128_44,-1
6,101,20,1400,1120,0.5,2,"[256, 128]",ReLU,1000,0.0003641238393814,0.0062861494216774,0.0,64,20,adamw,8.19249515235424,0.4685602864063763,0.0087252201444396,53.99201329999778,52.734375,719144,70.3,0.0,cpu,1,sfyqe5u9,k6_256_128_44,-1
6,102,20,600,480,0.5,2,"[256, 128]",ReLU,1000,0.0003641238393814,0.0062861494216774,0.0,64,20,adamw,7.00547481700778,0.6921096068453183,0.0183231087833473,36.13608589999785,34.859375,719144,78.25,0.0,cpu,1,sfyqe5u9,k6_256_128_44,-1
6,102,20,1400,1120,0.5,2,"[256, 128]",ReLU,1000,0.0003641238393814,0.0062861494216774,0.0,64,20,adamw,6.794010421261191,0.3021058473608797,0.0085181471511795,54.88965989999997,53.796875,719144,73.65,0.0,cpu,1,sfyqe5u9,k6_256_128_44,-1
6,103,20,600,480,0.5,2,"[256, 128]",ReLU,1000,0.0003641238393814,0.0062861494216774,0.0,64,20,adamw,8.39734311401844,0.905124959701769,0.0118566304773864,37.22382240000297,36.15625,719144,80.65,0.0,cpu,1,sfyqe5u9,k6_256_128_44,-1
6,103,20,1400,1120,0.5,2,"[256, 128]",ReLU,1000,0.0003641238393814,0.0062861494216774,0.0,64,20,adamw,7.820170752704143,0.4264136299567692,0.0064613531155213,54.67358740000054,53.375,719144,72.2,0.0,cpu,1,sfyqe5u9,k6_256_128_44,-1
6,104,20,600,480,0.5,2,"[256, 128]",ReLU,1000,0.0003641238393814,0.0062861494216774,0.0,64,20,adamw,7.8267248454503715,0.7316484970997301,0.0126402117358662,38.81757520000247,37.546875,719144,84.7,0.0,cpu,1,sfyqe5u9,k6_256_128_44,-1
6,104,20,1400,1120,0.5,2,"[256, 128]",ReLU,1000,0.0003641238393814,0.0062861494216774,0.0,64,20,adamw,8.006886198651046,0.3494060307501023,0.0070173219567561,52.10815160000493,50.71875,719144,65.75,0.0,cpu,1,sfyqe5u9,k6_256_128_44,-1
6,105,20,600,480,0.5,2,"[256, 128]",ReLU,1000,0.0003641238393814,0.0062861494216774,0.0,64,20,adamw,8.619259625673294,0.8471981654898667,0.0115747822344156,38.16118770000321,36.671875,719144,83.4,0.0,cpu,1,sfyqe5u9,k6_256_128_44,-1
6,105,20,1400,1120,0.5,2,"[256, 128]",ReLU,1000,0.0003641238393814,0.0062861494216774,0.0,64,20,adamw,8.48572352528572,0.4207586868334503,0.0070406864485686,50.16733730000124,48.921875,719144,62.55,0.0,cpu,1,sfyqe5u9,k6_256_128_44,-1
6,101,20,600,480,0.5,2,"[256, 128]",ReLU,1000,0.000427073655702,0.0456885087784747,0.0,128,20,adamw,8.300629295408726,0.8316117417140693,0.0120662012352614,25.591153699999268,24.546875,719144,90.4,0.0,cpu,1,a2eawk1g,k6_256_128_45,-1
6,101,20,1400,1120,0.5,2,"[256, 128]",ReLU,1000,0.000427073655702,0.0456885087784747,0.0,128,20,adamw,8.215782418847084,0.4356083751733573,0.0086052201984046,39.59995399999752,38.453125,719144,86.8,0.0,cpu,1,a2eawk1g,k6_256_128_45,-1
6,102,20,600,480,0.5,2,"[256, 128]",ReLU,1000,0.000427073655702,0.0456885087784747,0.0,128,20,adamw,7.01466391980648,0.6711768484809584,0.0169166126092572,26.20715460000065,25.484375,719144,93.25,0.0,cpu,1,a2eawk1g,k6_256_128_45,-1
6,102,20,1400,1120,0.5,2,"[256, 128]",ReLU,1000,0.000427073655702,0.0456885087784747,0.0,128,20,adamw,6.80050238315016,0.3010596377180821,0.0088897316748064,39.42309080000268,38.46875,719144,85.6,0.0,cpu,1,a2eawk1g,k6_256_128_45,-1
6,103,20,600,480,0.5,2,"[256, 128]",ReLU,1000,0.000427073655702,0.0456885087784747,0.0,128,20,adamw,8.429453298449516,0.9138750834629707,0.0115417958703498,27.033515000002808,26.296875,719144,96.15,0.0,cpu,1,a2eawk1g,k6_256_128_45,-1
6,103,20,1400,1120,0.5,2,"[256, 128]",ReLU,1000,0.000427073655702,0.0456885087784747,0.0,128,20,adamw,7.837341282516718,0.4017165811524975,0.006373774769951,38.49698499999795,37.484375,719144,81.0,0.0,cpu,1,a2eawk1g,k6_256_128_45,-1
6,104,20,600,480,0.5,2,"[256, 128]",ReLU,1000,0.000427073655702,0.0456885087784747,0.0,128,20,adamw,7.8397638036403805,0.7261398580227402,0.0128359643275707,28.790257000000565,28.046875,719144,103.7,0.0,cpu,1,a2eawk1g,k6_256_128_45,-1
6,104,20,1400,1120,0.5,2,"[256, 128]",ReLU,1000,0.000427073655702,0.0456885087784747,0.0,128,20,adamw,8.014818946132436,0.3438574738248151,0.007200895816975,36.717447600000014,35.703125,719144,73.7,0.0,cpu,1,a2eawk1g,k6_256_128_45,-1
6,105,20,600,480,0.5,2,"[256, 128]",ReLU,1000,0.000427073655702,0.0456885087784747,0.0,128,20,adamw,8.627778053283691,0.8393363022131727,0.0116905448109095,29.580206200000248,28.6875,719144,106.6,0.0,cpu,1,a2eawk1g,k6_256_128_45,-1
6,105,20,1400,1120,0.5,2,"[256, 128]",ReLU,1000,0.000427073655702,0.0456885087784747,0.0,128,20,adamw,8.487921237945557,0.4085444685334981,0.0069255257684771,36.7702352999986,35.96875,719144,74.0,0.0,cpu,1,a2eawk1g,k6_256_128_45,-1
6,101,20,600,480,0.5,2,"[128, 64]",ReLU,1000,0.0004257850819563,0.0953052611047867,0.5,32,20,adamw,8.488643124699593,0.9325703417432,0.0114632437902055,50.89606500000082,50.15625,195752,113.3,0.0,cpu,1,ts6sf8o2,k6_128_64_46,-1
6,101,20,1400,1120,0.5,2,"[128, 64]",ReLU,1000,0.0004257850819563,0.0953052611047867,0.5,32,20,adamw,8.334991723299026,0.5104350024641481,0.007816205157228,97.36369370000466,96.484375,195752,115.6,0.0,cpu,1,ts6sf8o2,k6_128_64_46,-1
6,102,20,600,480,0.5,2,"[128, 64]",ReLU,1000,0.0004257850819563,0.0953052611047867,0.5,32,20,adamw,7.08957851305604,0.6882190112075883,0.0145364572606556,46.84154639999906,46.0625,195752,104.3,0.0,cpu,1,ts6sf8o2,k6_128_64_46,-1
6,102,20,1400,1120,0.5,2,"[128, 64]",ReLU,1000,0.0004257850819563,0.0953052611047867,0.5,32,20,adamw,6.8567065969109535,0.3498583462579424,0.0087582270275328,98.26128790000077,97.140625,195752,115.8,0.0,cpu,1,ts6sf8o2,k6_128_64_46,-1
6,103,20,600,480,0.5,2,"[128, 64]",ReLU,1000,0.0004257850819563,0.0953052611047867,0.5,32,20,adamw,8.58591241389513,0.9697205292200626,0.0111854489536408,60.30707550000079,59.484375,195752,139.45,0.0,cpu,1,ts6sf8o2,k6_128_64_46,-1
6,103,20,1400,1120,0.5,2,"[128, 64]",ReLU,1000,0.0004257850819563,0.0953052611047867,0.5,32,20,adamw,7.901957500725985,0.4625480611615861,0.0066165363870251,105.06194780000078,104.03125,195752,129.6,0.0,cpu,1,ts6sf8o2,k6_128_64_46,-1
6,104,20,600,480,0.5,2,"[128, 64]",ReLU,1000,0.0004257850819563,0.0953052611047867,0.5,32,20,adamw,8.013268104812596,0.7757863359524282,0.011273915234068,52.45647599999938,51.609375,195752,117.3,0.0,cpu,1,ts6sf8o2,k6_128_64_46,-1
6,104,20,1400,1120,0.5,2,"[128, 64]",ReLU,1000,0.0004257850819563,0.0953052611047867,0.5,32,20,adamw,8.043482876266353,0.3704410315100805,0.0071052689111048,89.98974140000064,89.015625,195752,103.7,0.0,cpu,1,ts6sf8o2,k6_128_64_46,-1
6,105,20,600,480,0.5,2,"[128, 64]",ReLU,1000,0.0004257850819563,0.0953052611047867,0.5,32,20,adamw,8.828987300395966,0.919475934297736,0.0108671757852697,58.54785799999809,57.703125,195752,134.8,0.0,cpu,1,ts6sf8o2,k6_128_64_46,-1
6,105,20,1400,1120,0.5,2,"[128, 64]",ReLU,1000,0.0004257850819563,0.0953052611047867,0.5,32,20,adamw,8.5715661495924,0.47119271290129,0.0070378600819903,96.9506079999992,96.21875,195752,113.55,0.0,cpu,1,ts6sf8o2,k6_128_64_46,-1
6,101,20,600,480,0.5,2,"[256, 128]",ReLU,1000,0.0003422601895442,8.063376148101012e-05,0.1,128,50,adamw,8.298845708370209,0.8335747875670608,0.0119734297769733,52.22329190000164,50.734375,719144,147.3,0.0,cpu,1,5zlayu3x,k6_256_128_47,-1
6,101,20,1400,1120,0.5,2,"[256, 128]",ReLU,1000,0.0003422601895442,8.063376148101012e-05,0.1,128,50,adamw,8.202662885189056,0.4475433262755798,0.0084652148239396,96.0435035000046,94.328125,719144,167.45,0.0,cpu,1,5zlayu3x,k6_256_128_47,-1
6,102,20,600,480,0.5,2,"[256, 128]",ReLU,1000,0.0003422601895442,8.063376148101012e-05,0.1,128,50,adamw,7.010301884263754,0.6960426036327595,0.0189263782170832,59.54643090000173,58.21875,719144,169.75,0.0,cpu,1,5zlayu3x,k6_256_128_47,-1
6,102,20,1400,1120,0.5,2,"[256, 128]",ReLU,1000,0.0003422601895442,8.063376148101012e-05,0.1,128,50,adamw,6.785457135178149,0.3219750915780113,0.0099647577296084,100.68050550000044,99.1875,719144,177.0,0.0,cpu,1,5zlayu3x,k6_256_128_47,-1
6,103,20,600,480,0.5,2,"[256, 128]",ReLU,1000,0.0003422601895442,8.063376148101012e-05,0.1,128,50,adamw,8.43231026828289,0.950804034257308,0.0119681662524219,56.34743309999613,54.84375,719144,158.35,0.0,cpu,1,5zlayu3x,k6_256_128_47,-1
6,103,20,1400,1120,0.5,2,"[256, 128]",ReLU,1000,0.0003422601895442,8.063376148101012e-05,0.1,128,50,adamw,7.827761143445969,0.3844780588162824,0.0061685299839221,94.05715490000148,92.53125,719144,159.9,0.0,cpu,1,5zlayu3x,k6_256_128_47,-1
6,104,20,600,480,0.5,2,"[256, 128]",ReLU,1000,0.0003422601895442,8.063376148101012e-05,0.1,128,50,adamw,7.834255030145869,0.7377594025026601,0.0128516945327587,59.63181700000132,58.296875,719144,168.5,0.0,cpu,1,5zlayu3x,k6_256_128_47,-1
6,104,20,1400,1120,0.5,2,"[256, 128]",ReLU,1000,0.0003422601895442,8.063376148101012e-05,0.1,128,50,adamw,8.015035826945677,0.3508276668360717,0.0075752915071138,90.15256999999838,88.4375,719144,142.9,0.0,cpu,1,5zlayu3x,k6_256_128_47,-1
6,105,20,600,480,0.5,2,"[256, 128]",ReLU,1000,0.0003422601895442,8.063376148101012e-05,0.1,128,50,adamw,8.619009107351303,0.8222401597574519,0.0117972343571771,61.13479389999702,59.78125,719144,174.85,0.0,cpu,1,5zlayu3x,k6_256_128_47,-1
6,105,20,1400,1120,0.5,2,"[256, 128]",ReLU,1000,0.0003422601895442,8.063376148101012e-05,0.1,128,50,adamw,8.487734824419022,0.3967138840406782,0.0071033850574534,88.64430960000027,87.03125,719144,146.05,0.0,cpu,1,5zlayu3x,k6_256_128_47,-1
6,101,20,600,480,0.5,2,"[256, 128]",ReLU,1000,0.0003018151228999,1.4971880012495887e-05,0.2,128,20,adamw,8.351262606680393,0.8290072984599763,0.0115401042443411,44.46535839999706,43.28125,719144,124.8,0.0,cpu,1,ujf3izu6,k6_256_128_48,-1
6,101,20,1400,1120,0.5,2,"[256, 128]",ReLU,1000,0.0003018151228999,1.4971880012495887e-05,0.2,128,20,adamw,8.256019115447998,0.4570635085319827,0.0078592876101103,68.36438720000297,66.9375,719144,115.35,0.0,cpu,1,ujf3izu6,k6_256_128_48,-1
6,102,20,600,480,0.5,2,"[256, 128]",ReLU,1000,0.0003018151228999,1.4971880012495887e-05,0.2,128,20,adamw,7.065056437626481,0.6433102429717032,0.0159093965923978,42.09213170000294,41.25,719144,117.45,0.0,cpu,1,ujf3izu6,k6_256_128_48,-1
6,102,20,1400,1120,0.5,2,"[256, 128]",ReLU,1000,0.0003018151228999,1.4971880012495887e-05,0.2,128,20,adamw,6.82296187710017,0.3103854726288535,0.0087557651690211,65.51435060000222,64.140625,719144,103.95,0.0,cpu,1,ujf3izu6,k6_256_128_48,-1
6,103,20,600,480,0.5,2,"[256, 128]",ReLU,1000,0.0003018151228999,1.4971880012495887e-05,0.2,128,20,adamw,8.488617524504662,0.935565901586352,0.0115638662212486,46.92586490000394,45.84375,719144,131.95,0.0,cpu,1,ujf3izu6,k6_256_128_48,-1
6,103,20,1400,1120,0.5,2,"[256, 128]",ReLU,1000,0.0003018151228999,1.4971880012495887e-05,0.2,128,20,adamw,7.882318235933781,0.4298314043508226,0.0067174177207081,69.19546369999443,67.90625,719144,117.25,0.0,cpu,1,ujf3izu6,k6_256_128_48,-1
6,104,20,600,480,0.5,2,"[256, 128]",ReLU,1000,0.0003018151228999,1.4971880012495887e-05,0.2,128,20,adamw,7.874351652455516,0.7389244136255484,0.0121125257393213,46.06804530000227,44.75,719144,128.4,0.0,cpu,1,ujf3izu6,k6_256_128_48,-1
6,104,20,1400,1120,0.5,2,"[256, 128]",ReLU,1000,0.0003018151228999,1.4971880012495887e-05,0.2,128,20,adamw,8.051232878118753,0.3456740483395844,0.0070156740870686,61.24875049999537,59.796875,719144,95.0,0.0,cpu,1,ujf3izu6,k6_256_128_48,-1
6,105,20,600,480,0.5,2,"[256, 128]",ReLU,1000,0.0003018151228999,1.4971880012495887e-05,0.2,128,20,adamw,8.703222095966339,0.8185736397195753,0.0109947448567287,44.34411669999827,43.15625,719144,125.45,0.0,cpu,1,ujf3izu6,k6_256_128_48,-1
6,105,20,1400,1120,0.5,2,"[256, 128]",ReLU,1000,0.0003018151228999,1.4971880012495887e-05,0.2,128,20,adamw,8.519877433776855,0.4225245745260158,0.0071520179382627,65.2476616999993,63.921875,719144,104.75,0.0,cpu,1,ujf3izu6,k6_256_128_48,-1
6,101,20,600,480,0.5,2,"[256, 128]",ReLU,1000,0.0003222406941201,0.0041664343277979,0.0,128,20,adamw,8.30892887711525,0.8005699352610787,0.0116849163882842,31.17867770000157,29.875,719144,107.25,0.0,cpu,1,ghkmhsgh,k6_256_128_49,-1
6,101,20,1400,1120,0.5,2,"[256, 128]",ReLU,1000,0.0003222406941201,0.0041664343277979,0.0,128,20,adamw,8.223412647843361,0.4594862414687142,0.0081689271512343,46.39467629999854,44.890625,719144,92.35,0.0,cpu,1,ghkmhsgh,k6_256_128_49,-1
6,102,20,600,480,0.5,2,"[256, 128]",ReLU,1000,0.0003222406941201,0.0041664343277979,0.0,128,20,adamw,7.022473098710179,0.6682276489365087,0.0167597681145876,33.96804050000355,32.796875,719144,117.3,0.0,cpu,1,ghkmhsgh,k6_256_128_49,-1
6,102,20,1400,1120,0.5,2,"[256, 128]",ReLU,1000,0.0003222406941201,0.0041664343277979,0.0,128,20,adamw,6.816813296638429,0.3034148250803026,0.0087579474946907,45.158092400000896,43.46875,719144,89.4,0.0,cpu,1,ghkmhsgh,k6_256_128_49,-1
6,103,20,600,480,0.5,2,"[256, 128]",ReLU,1000,0.0003222406941201,0.0041664343277979,0.0,128,20,adamw,8.441650919616222,0.9314894103744148,0.0120617866293382,35.69491030000063,33.953125,719144,124.2,0.0,cpu,1,ghkmhsgh,k6_256_128_49,-1
6,103,20,1400,1120,0.5,2,"[256, 128]",ReLU,1000,0.0003222406941201,0.0041664343277979,0.0,128,20,adamw,7.854190114885569,0.3998994468250788,0.0063084477197792,45.85578600000008,44.390625,719144,91.1,0.0,cpu,1,ghkmhsgh,k6_256_128_49,-1
6,104,20,600,480,0.5,2,"[256, 128]",ReLU,1000,0.0003222406941201,0.0041664343277979,0.0,128,20,adamw,7.860674085561186,0.7255801963067021,0.0125259749353534,35.249036400004115,34.0,719144,123.3,0.0,cpu,1,ghkmhsgh,k6_256_128_49,-1
6,104,20,1400,1120,0.5,2,"[256, 128]",ReLU,1000,0.0003222406941201,0.0041664343277979,0.0,128,20,adamw,8.029340596403927,0.3411450993735569,0.0069627641612573,44.20660070000304,42.578125,719144,85.6,0.0,cpu,1,ghkmhsgh,k6_256_128_49,-1
6,105,20,600,480,0.5,2,"[256, 128]",ReLU,1000,0.0003222406941201,0.0041664343277979,0.0,128,20,adamw,8.644410282373428,0.8358454013022638,0.0118887662642195,36.76038690000132,35.234375,719144,129.8,0.0,cpu,1,ghkmhsgh,k6_256_128_49,-1
6,105,20,1400,1120,0.5,2,"[256, 128]",ReLU,1000,0.0003222406941201,0.0041664343277979,0.0,128,20,adamw,8.48980188369751,0.3838395177124914,0.0070093317198497,45.9626528000008,44.453125,719144,90.85,0.0,cpu,1,ghkmhsgh,k6_256_128_49,-1
6,101,20,600,480,0.5,2,"[256, 128]",ReLU,1000,0.00033881148141217863,9.12544815731067e-05,0.1,128,20,adamw,8.312400877475739,0.8290065751859116,0.011760476139650547,36.998386000006576,36.046875,719144,102.75,0.0,cpu,1,mi79s5a0,k6_256_128_50,-1
6,101,20,1400,1120,0.5,2,"[256, 128]",ReLU,1000,0.00033881148141217863,9.12544815731067e-05,0.1,128,20,adamw,8.226588398218155,0.4407983664929088,0.007953086435695976,59.53055190000305,58.265625,719144,101.2,0.0,cpu,1,mi79s5a0,k6_256_128_50,-1
6,102,20,600,480,0.5,2,"[256, 128]",ReLU,1000,0.00033881148141217863,9.12544815731067e-05,0.1,128,20,adamw,7.039366565644741,0.6491687126502402,0.016247349410714294,36.733186500001466,35.765625,719144,103.4,0.0,cpu,1,mi79s5a0,k6_256_128_50,-1
6,102,20,1400,1120,0.5,2,"[256, 128]",ReLU,1000,0.00033881148141217863,9.12544815731067e-05,0.1,128,20,adamw,6.8228810131549835,0.3287210953504903,0.008769319954178375,55.6488645999998,54.640625,719144,88.95,0.0,cpu,1,mi79s5a0,k6_256_128_50,-1
6,103,20,600,480,0.5,2,"[256, 128]",ReLU,1000,0.00033881148141217863,9.12544815731067e-05,0.1,128,20,adamw,8.456254497170448,0.9145130558268098,0.011367163852348356,38.911045699998795,37.875,719144,108.75,0.0,cpu,1,mi79s5a0,k6_256_128_50,-1
6,103,20,1400,1120,0.5,2,"[256, 128]",ReLU,1000,0.00033881148141217863,9.12544815731067e-05,0.1,128,20,adamw,7.853539545089006,0.4142092159169688,0.006256338711500433,57.38796539999748,56.203125,719144,94.85,0.0,cpu,1,mi79s5a0,k6_256_128_50,-1
6,104,20,600,480,0.5,2,"[256, 128]",ReLU,1000,0.00033881148141217863,9.12544815731067e-05,0.1,128,20,adamw,7.8612032398814335,0.7323929458320164,0.012845159984023065,40.55751320000127,39.515625,719144,114.2,0.0,cpu,1,mi79s5a0,k6_256_128_50,-1
6,104,20,1400,1120,0.5,2,"[256, 128]",ReLU,1000,0.00033881148141217863,9.12544815731067e-05,0.1,128,20,adamw,8.026634305948392,0.33792265535412874,0.007217770453564283,55.275307200005045,54.109375,719144,87.2,0.0,cpu,1,mi79s5a0,k6_256_128_50,-1
6,105,20,600,480,0.5,2,"[256, 128]",ReLU,1000,0.00033881148141217863,9.12544815731067e-05,0.1,128,20,adamw,8.64649412035942,0.8241189685369893,0.011283673454462078,41.35162760000094,40.015625,719144,117.9,0.0,cpu,1,mi79s5a0,k6_256_128_50,-1
6,105,20,1400,1120,0.5,2,"[256, 128]",ReLU,1000,0.00033881148141217863,9.12544815731067e-05,0.1,128,20,adamw,8.495083376765251,0.4093575053032936,0.0070993370768998,54.57156789999863,53.390625,719144,86.4,0.0,cpu,1,mi79s5a0,k6_256_128_50,-1
