in_degree,dag_idx,n_nodes,sample_size,n_fit,alpha,card,val_frac,n_test,n_cached,dag_seed,split_seed,nn_seed,hidden_dims,activation,n_epochs,lr,weight_decay,dropout,batch_size,patience,optimizer,val_loss,kl,kl_se,fit_time_s,fit_cpu_s,stored_params,stop_epoch_mean,best_epoch_mean,frac_at_ceiling,device,torch_threads,torch_version,code_version,k_values,n_dags,sample_sizes,dag_offset,n_jobs,run_id,run_name,sweep_id,n_cells,source
10,101,20,600,480,0.5,2,0.2,10000,1400,451392222,1886901224,2337876972,"[64, 32]",ReLU,1000,0.0025934001734085,0.0031740876534756,0.2,32,100,adamw,10.220777451992037,2.4539526298105363,0.0199806241367947,55.86336800000572,54.34375,62824,142.05,42.05,0.0,cpu,1,2.14.1+cu130,bbc46b3,[10],5,"[600, 1400]",100,-1,yhp5kx5m,01_64x32_lr3e-3,gf7li3yc,10,
10,101,20,1400,1120,0.5,2,0.2,10000,1400,451392222,2918041840,2547735160,"[64, 32]",ReLU,1000,0.0025934001734085,0.0031740876534756,0.2,32,100,adamw,9.579954266548157,1.6517637957486586,0.0180717105393321,109.46122640000247,107.734375,62824,142.9,42.9,0.0,cpu,1,2.14.1+cu130,bbc46b3,[10],5,"[600, 1400]",100,-1,yhp5kx5m,01_64x32_lr3e-3,gf7li3yc,10,
10,102,20,600,480,0.5,2,0.2,10000,1400,867246825,1165147132,1341611970,"[64, 32]",ReLU,1000,0.0025934001734085,0.0031740876534756,0.2,32,100,adamw,9.042210504412653,2.164645789384612,0.0269125036870653,56.49179850000655,55.21875,62824,145.3,45.3,0.0,cpu,1,2.14.1+cu130,bbc46b3,[10],5,"[600, 1400]",100,-1,yhp5kx5m,01_64x32_lr3e-3,gf7li3yc,10,
10,102,20,1400,1120,0.5,2,0.2,10000,1400,867246825,3245330784,1764884150,"[64, 32]",ReLU,1000,0.0025934001734085,0.0031740876534756,0.2,32,100,adamw,8.978188257664442,1.4060498017941738,0.0196349846642655,115.58496559999185,113.453125,62824,157.45,57.45,0.0,cpu,1,2.14.1+cu130,bbc46b3,[10],5,"[600, 1400]",100,-1,yhp5kx5m,01_64x32_lr3e-3,gf7li3yc,10,
10,103,20,600,480,0.5,2,0.2,10000,1400,2652805876,508175840,659098839,"[64, 32]",ReLU,1000,0.0025934001734085,0.0031740876534756,0.2,32,100,adamw,9.689840272068976,2.36621544600071,0.0229789914934938,52.44625580000866,50.921875,62824,130.2,30.2,0.0,cpu,1,2.14.1+cu130,bbc46b3,[10],5,"[600, 1400]",100,-1,yhp5kx5m,01_64x32_lr3e-3,gf7li3yc,10,
10,103,20,1400,1120,0.5,2,0.2,10000,1400,2652805876,566365704,3676659034,"[64, 32]",ReLU,1000,0.0025934001734085,0.0031740876534756,0.2,32,100,adamw,9.156033411622047,1.3709638594198212,0.0198305668012368,104.66816390000167,102.625,62824,137.35,37.35,0.0,cpu,1,2.14.1+cu130,bbc46b3,[10],5,"[600, 1400]",100,-1,yhp5kx5m,01_64x32_lr3e-3,gf7li3yc,10,
10,104,20,600,480,0.5,2,0.2,10000,1400,674317121,1588258083,2086086192,"[64, 32]",ReLU,1000,0.0025934001734085,0.0031740876534756,0.2,32,100,adamw,10.94436827301979,2.699241366890861,0.0197507964857252,49.59404599999834,48.15625,62824,126.0,26.0,0.0,cpu,1,2.14.1+cu130,bbc46b3,[10],5,"[600, 1400]",100,-1,yhp5kx5m,01_64x32_lr3e-3,gf7li3yc,10,
10,104,20,1400,1120,0.5,2,0.2,10000,1400,674317121,2291450975,1832660301,"[64, 32]",ReLU,1000,0.0025934001734085,0.0031740876534756,0.2,32,100,adamw,10.200337946414948,1.7388700613710444,0.0198171712105345,111.09425510000436,109.109375,62824,149.2,49.2,0.0,cpu,1,2.14.1+cu130,bbc46b3,[10],5,"[600, 1400]",100,-1,yhp5kx5m,01_64x32_lr3e-3,gf7li3yc,10,
10,105,20,600,480,0.5,2,0.2,10000,1400,3044021893,3051775249,2145764448,"[64, 32]",ReLU,1000,0.0025934001734085,0.0031740876534756,0.2,32,100,adamw,9.936405330896378,2.1386980414246564,0.0210714932615528,52.97213010000996,51.453125,62824,132.65,32.65,0.0,cpu,1,2.14.1+cu130,bbc46b3,[10],5,"[600, 1400]",100,-1,yhp5kx5m,01_64x32_lr3e-3,gf7li3yc,10,
10,105,20,1400,1120,0.5,2,0.2,10000,1400,3044021893,3573492435,1183201969,"[64, 32]",ReLU,1000,0.0025934001734085,0.0031740876534756,0.2,32,100,adamw,8.938904523849487,1.3784332244944133,0.0201085702055297,119.32359989998804,117.25,62824,165.2,65.2,0.0,cpu,1,2.14.1+cu130,bbc46b3,[10],5,"[600, 1400]",100,-1,yhp5kx5m,01_64x32_lr3e-3,gf7li3yc,10,
10,101,20,600,480,0.5,2,0.2,10000,1400,451392222,1886901224,2337876972,"[256, 128]",ReLU,1000,0.0006490571148348,0.021427251521457,0.0,128,50,adamw,10.366086423397064,2.344568197522224,0.0187438253043803,25.00727440000628,24.0,742696,93.65,43.65,0.0,cpu,1,2.14.1+cu130,bbc46b3,[10],5,"[600, 1400]",100,-1,ckm5nlz5,01_256x128_lr6e-4,p8lmbfxj,10,
10,101,20,1400,1120,0.5,2,0.2,10000,1400,451392222,2918041840,2547735160,"[256, 128]",ReLU,1000,0.0006490571148348,0.021427251521457,0.0,128,50,adamw,9.5564803481102,1.5977413575568908,0.0182043383818944,39.56311990000541,38.328125,742696,98.85,48.85,0.0,cpu,1,2.14.1+cu130,bbc46b3,[10],5,"[600, 1400]",100,-1,ckm5nlz5,01_256x128_lr6e-4,p8lmbfxj,10,
10,102,20,600,480,0.5,2,0.2,10000,1400,867246825,1165147132,1341611970,"[256, 128]",ReLU,1000,0.0006490571148348,0.021427251521457,0.0,128,50,adamw,9.175111688673496,2.027186220013516,0.0209082446682104,25.809948399997666,24.734375,742696,89.85,39.85,0.0,cpu,1,2.14.1+cu130,bbc46b3,[10],5,"[600, 1400]",100,-1,ckm5nlz5,01_256x128_lr6e-4,p8lmbfxj,10,
10,102,20,1400,1120,0.5,2,0.2,10000,1400,867246825,3245330784,1764884150,"[256, 128]",ReLU,1000,0.0006490571148348,0.021427251521457,0.0,128,50,adamw,8.9509405978024,1.3158724038174328,0.0181199528745619,44.6845936000027,43.484375,742696,96.9,46.9,0.0,cpu,1,2.14.1+cu130,bbc46b3,[10],5,"[600, 1400]",100,-1,ckm5nlz5,01_256x128_lr6e-4,p8lmbfxj,10,
10,103,20,600,480,0.5,2,0.2,10000,1400,2652805876,508175840,659098839,"[256, 128]",ReLU,1000,0.0006490571148348,0.021427251521457,0.0,128,50,adamw,9.744388610124588,2.3194520241510825,0.0213202745087232,27.820749499995145,26.65625,742696,97.2,47.2,0.0,cpu,1,2.14.1+cu130,bbc46b3,[10],5,"[600, 1400]",100,-1,ckm5nlz5,01_256x128_lr6e-4,p8lmbfxj,10,
10,103,20,1400,1120,0.5,2,0.2,10000,1400,2652805876,566365704,3676659034,"[256, 128]",ReLU,1000,0.0006490571148348,0.021427251521457,0.0,128,50,adamw,9.170143276453018,1.3744377724387122,0.0185878011103494,42.83968740000273,41.53125,742696,92.75,42.75,0.0,cpu,1,2.14.1+cu130,bbc46b3,[10],5,"[600, 1400]",100,-1,ckm5nlz5,01_256x128_lr6e-4,p8lmbfxj,10,
10,104,20,600,480,0.5,2,0.2,10000,1400,674317121,1588258083,2086086192,"[256, 128]",ReLU,1000,0.0006490571148348,0.021427251521457,0.0,128,50,adamw,10.99784603714943,2.6206586647211787,0.0195520580557142,25.993080300002475,25.125,742696,90.15,40.15,0.0,cpu,1,2.14.1+cu130,bbc46b3,[10],5,"[600, 1400]",100,-1,ckm5nlz5,01_256x128_lr6e-4,p8lmbfxj,10,
10,104,20,1400,1120,0.5,2,0.2,10000,1400,674317121,2291450975,1832660301,"[256, 128]",ReLU,1000,0.0006490571148348,0.021427251521457,0.0,128,50,adamw,10.302995413541794,1.782445098141854,0.0199255590520475,45.68769799999427,44.328125,742696,102.1,52.1,0.0,cpu,1,2.14.1+cu130,bbc46b3,[10],5,"[600, 1400]",100,-1,ckm5nlz5,01_256x128_lr6e-4,p8lmbfxj,10,
10,105,20,600,480,0.5,2,0.2,10000,1400,3044021893,3051775249,2145764448,"[256, 128]",ReLU,1000,0.0006490571148348,0.021427251521457,0.0,128,50,adamw,10.025853335857391,2.1768400455172987,0.0175796819626835,24.27438570000232,23.265625,742696,83.3,33.3,0.0,cpu,1,2.14.1+cu130,bbc46b3,[10],5,"[600, 1400]",100,-1,ckm5nlz5,01_256x128_lr6e-4,p8lmbfxj,10,
10,105,20,1400,1120,0.5,2,0.2,10000,1400,3044021893,3573492435,1183201969,"[256, 128]",ReLU,1000,0.0006490571148348,0.021427251521457,0.0,128,50,adamw,8.88819645345211,1.330028117193376,0.0199727909589472,47.90172989999701,46.8125,742696,113.3,63.3,0.0,cpu,1,2.14.1+cu130,bbc46b3,[10],5,"[600, 1400]",100,-1,ckm5nlz5,01_256x128_lr6e-4,p8lmbfxj,10,
10,101,20,600,480,0.5,2,0.2,10000,1400,451392222,1886901224,2337876972,[32],ReLU,1000,0.0010794742484677,0.0182813530700213,0.0,64,100,adamw,10.449022710323334,2.493260429768933,0.0188200791359713,50.12509139999747,48.34375,11272,309.6,209.6,0.0,cpu,1,2.14.1+cu130,bbc46b3,[10],5,"[600, 1400]",100,-1,6bd3krb1,02_32_lr1e-3,p8lmbfxj,10,
10,101,20,1400,1120,0.5,2,0.2,10000,1400,451392222,2918041840,2547735160,[32],ReLU,1000,0.0010794742484677,0.0182813530700213,0.0,64,100,adamw,9.82586818933487,1.769190041463741,0.018817276881215,119.11506850000296,116.703125,11272,326.4,226.4,0.0,cpu,1,2.14.1+cu130,bbc46b3,[10],5,"[600, 1400]",100,-1,6bd3krb1,02_32_lr1e-3,p8lmbfxj,10,
10,102,20,600,480,0.5,2,0.2,10000,1400,867246825,1165147132,1341611970,[32],ReLU,1000,0.0010794742484677,0.0182813530700213,0.0,64,100,adamw,9.311778463423252,2.1734091551920107,0.0225049819983972,42.34576950001065,40.40625,11272,265.75,165.75,0.0,cpu,1,2.14.1+cu130,bbc46b3,[10],5,"[600, 1400]",100,-1,6bd3krb1,02_32_lr1e-3,p8lmbfxj,10,
10,102,20,1400,1120,0.5,2,0.2,10000,1400,867246825,3245330784,1764884150,[32],ReLU,1000,0.0010794742484677,0.0182813530700213,0.0,64,100,adamw,9.135310787707567,1.5001955992960905,0.0200031844328572,111.39015130000188,108.78125,11272,304.95,204.95,0.0,cpu,1,2.14.1+cu130,bbc46b3,[10],5,"[600, 1400]",100,-1,6bd3krb1,02_32_lr1e-3,p8lmbfxj,10,
10,103,20,600,480,0.5,2,0.2,10000,1400,2652805876,508175840,659098839,[32],ReLU,1000,0.0010794742484677,0.0182813530700213,0.0,64,100,adamw,9.863015100359917,2.4344331323753923,0.0215334321411216,42.94093609999982,40.890625,11272,269.75,169.75,0.0,cpu,1,2.14.1+cu130,bbc46b3,[10],5,"[600, 1400]",100,-1,6bd3krb1,02_32_lr1e-3,p8lmbfxj,10,
10,103,20,1400,1120,0.5,2,0.2,10000,1400,2652805876,566365704,3676659034,[32],ReLU,1000,0.0010794742484677,0.0182813530700213,0.0,64,100,adamw,9.48813408613205,1.5844013797946936,0.0191829423364748,87.45583770000667,85.203125,11272,242.35,142.35,0.0,cpu,1,2.14.1+cu130,bbc46b3,[10],5,"[600, 1400]",100,-1,6bd3krb1,02_32_lr1e-3,p8lmbfxj,10,
10,104,20,600,480,0.5,2,0.2,10000,1400,674317121,1588258083,2086086192,[32],ReLU,1000,0.0010794742484677,0.0182813530700213,0.0,64,100,adamw,11.022110849618912,2.738557881792156,0.021064546573675,36.03543169998738,34.265625,11272,228.05,128.05,0.0,cpu,1,2.14.1+cu130,bbc46b3,[10],5,"[600, 1400]",100,-1,6bd3krb1,02_32_lr1e-3,p8lmbfxj,10,
10,104,20,1400,1120,0.5,2,0.2,10000,1400,674317121,2291450975,1832660301,[32],ReLU,1000,0.0010794742484677,0.0182813530700213,0.0,64,100,adamw,10.528535515069962,2.027990190774885,0.0195503461682092,116.07443120000244,113.4375,11272,316.15,216.15,0.0,cpu,1,2.14.1+cu130,bbc46b3,[10],5,"[600, 1400]",100,-1,6bd3krb1,02_32_lr1e-3,p8lmbfxj,10,
10,105,20,600,480,0.5,2,0.2,10000,1400,3044021893,3051775249,2145764448,[32],ReLU,1000,0.0010794742484677,0.0182813530700213,0.0,64,100,adamw,10.085325852036476,2.2735833456810584,0.0179519804658008,34.845342599990545,32.6875,11272,222.85,122.85,0.0,cpu,1,2.14.1+cu130,bbc46b3,[10],5,"[600, 1400]",100,-1,6bd3krb1,02_32_lr1e-3,p8lmbfxj,10,
10,105,20,1400,1120,0.5,2,0.2,10000,1400,3044021893,3573492435,1183201969,[32],ReLU,1000,0.0010794742484677,0.0182813530700213,0.0,64,100,adamw,9.102178558707235,1.425859449877203,0.0201822485936859,134.5240829000104,131.90625,11272,398.0,298.0,0.0,cpu,1,2.14.1+cu130,bbc46b3,[10],5,"[600, 1400]",100,-1,6bd3krb1,02_32_lr1e-3,p8lmbfxj,10,
10,101,20,600,480,0.5,2,0.2,10000,1400,451392222,1886901224,2337876972,"[128, 64]",ReLU,1000,0.0070867660955993,0.0001230006637547,0.2,64,20,adamw,10.228622823953629,2.527946952788294,0.0192683265905917,13.731005599998753,12.921875,207528,36.45,16.45,0.0,cpu,1,2.14.1+cu130,bbc46b3,[10],5,"[600, 1400]",100,-1,tyrhyj43,03_128x64_lr7e-3,p8lmbfxj,10,
10,101,20,1400,1120,0.5,2,0.2,10000,1400,451392222,2918041840,2547735160,"[128, 64]",ReLU,1000,0.0070867660955993,0.0001230006637547,0.2,64,20,adamw,9.591288775205612,1.739804605971068,0.0185407511828669,29.15335520000372,27.921875,207528,38.05,18.05,0.0,cpu,1,2.14.1+cu130,bbc46b3,[10],5,"[600, 1400]",100,-1,tyrhyj43,03_128x64_lr7e-3,p8lmbfxj,10,
10,102,20,600,480,0.5,2,0.2,10000,1400,867246825,1165147132,1341611970,"[128, 64]",ReLU,1000,0.0070867660955993,0.0001230006637547,0.2,64,20,adamw,9.070860862731934,2.273255250434733,0.0265067017249528,12.878273000009358,11.921875,207528,34.75,14.75,0.0,cpu,1,2.14.1+cu130,bbc46b3,[10],5,"[600, 1400]",100,-1,tyrhyj43,03_128x64_lr7e-3,p8lmbfxj,10,
10,102,20,1400,1120,0.5,2,0.2,10000,1400,867246825,3245330784,1764884150,"[128, 64]",ReLU,1000,0.0070867660955993,0.0001230006637547,0.2,64,20,adamw,8.962753094732761,1.4001145252413076,0.0180747550590353,26.66624829999637,25.5,207528,33.25,13.25,0.0,cpu,1,2.14.1+cu130,bbc46b3,[10],5,"[600, 1400]",100,-1,tyrhyj43,03_128x64_lr7e-3,p8lmbfxj,10,
10,103,20,600,480,0.5,2,0.2,10000,1400,2652805876,508175840,659098839,"[128, 64]",ReLU,1000,0.0070867660955993,0.0001230006637547,0.2,64,20,adamw,9.687454149127008,2.501768906757425,0.0236857235776266,13.033563400007552,12.171875,207528,34.75,14.75,0.0,cpu,1,2.14.1+cu130,bbc46b3,[10],5,"[600, 1400]",100,-1,tyrhyj43,03_128x64_lr7e-3,p8lmbfxj,10,
10,103,20,1400,1120,0.5,2,0.2,10000,1400,2652805876,566365704,3676659034,"[128, 64]",ReLU,1000,0.0070867660955993,0.0001230006637547,0.2,64,20,adamw,9.154236167669296,1.4444092924860037,0.0199781318357148,28.56588460000057,27.25,207528,36.2,16.2,0.0,cpu,1,2.14.1+cu130,bbc46b3,[10],5,"[600, 1400]",100,-1,tyrhyj43,03_128x64_lr7e-3,p8lmbfxj,10,
10,104,20,600,480,0.5,2,0.2,10000,1400,674317121,1588258083,2086086192,"[128, 64]",ReLU,1000,0.0070867660955993,0.0001230006637547,0.2,64,20,adamw,10.931302964687347,2.865497435752034,0.0221342684079108,12.52216409999528,11.609375,207528,33.5,13.5,0.0,cpu,1,2.14.1+cu130,bbc46b3,[10],5,"[600, 1400]",100,-1,tyrhyj43,03_128x64_lr7e-3,p8lmbfxj,10,
10,104,20,1400,1120,0.5,2,0.2,10000,1400,674317121,2291450975,1832660301,"[128, 64]",ReLU,1000,0.0070867660955993,0.0001230006637547,0.2,64,20,adamw,10.215573370456696,1.9334898668130387,0.0209947252861891,31.75191180000548,30.546875,207528,39.7,19.7,0.0,cpu,1,2.14.1+cu130,bbc46b3,[10],5,"[600, 1400]",100,-1,tyrhyj43,03_128x64_lr7e-3,p8lmbfxj,10,
10,105,20,600,480,0.5,2,0.2,10000,1400,3044021893,3051775249,2145764448,"[128, 64]",ReLU,1000,0.0070867660955993,0.0001230006637547,0.2,64,20,adamw,10.042806193232536,2.370048942498705,0.0229965035173965,12.8814005000022,12.03125,207528,34.25,14.25,0.0,cpu,1,2.14.1+cu130,bbc46b3,[10],5,"[600, 1400]",100,-1,tyrhyj43,03_128x64_lr7e-3,p8lmbfxj,10,
10,105,20,1400,1120,0.5,2,0.2,10000,1400,3044021893,3573492435,1183201969,"[128, 64]",ReLU,1000,0.0070867660955993,0.0001230006637547,0.2,64,20,adamw,8.926764160394669,1.3539676719513392,0.0194758321203041,31.21216039999853,30.375,207528,39.7,19.7,0.0,cpu,1,2.14.1+cu130,bbc46b3,[10],5,"[600, 1400]",100,-1,tyrhyj43,03_128x64_lr7e-3,p8lmbfxj,10,
10,101,20,600,480,0.5,2,0.2,10000,1400,451392222,1886901224,2337876972,[32],ReLU,1000,0.0004398905142903,1.3959458299697156e-05,0.5,64,100,adamw,10.587585777044296,2.51259931927378,0.0157301266449446,114.80316609999863,112.484375,11272,607.25,525.1,0.2,cpu,1,2.14.1+cu130,bbc46b3,[10],5,"[600, 1400]",100,-1,ch1c6rrt,04_32_lr4e-4,p8lmbfxj,10,
10,101,20,1400,1120,0.5,2,0.2,10000,1400,451392222,2918041840,2547735160,[32],ReLU,1000,0.0004398905142903,1.3959458299697156e-05,0.5,64,100,adamw,10.056923300027847,1.9503507158861693,0.0154236176092506,292.8914961999981,289.59375,11272,699.3,622.3,0.3,cpu,1,2.14.1+cu130,bbc46b3,[10],5,"[600, 1400]",100,-1,ch1c6rrt,04_32_lr4e-4,p8lmbfxj,10,
10,102,20,600,480,0.5,2,0.2,10000,1400,867246825,1165147132,1341611970,[32],ReLU,1000,0.0004398905142903,1.3959458299697156e-05,0.5,64,100,adamw,9.423955790698528,2.1377268268228096,0.0195333570151228,111.54617430000508,109.640625,11272,593.9,513.0,0.2,cpu,1,2.14.1+cu130,bbc46b3,[10],5,"[600, 1400]",100,-1,ch1c6rrt,04_32_lr4e-4,p8lmbfxj,10,
10,102,20,1400,1120,0.5,2,0.2,10000,1400,867246825,3245330784,1764884150,[32],ReLU,1000,0.0004398905142903,1.3959458299697156e-05,0.5,64,100,adamw,9.327000726014376,1.6100570138153802,0.0163756500732693,241.86345679999795,238.578125,11272,581.45,496.95,0.2,cpu,1,2.14.1+cu130,bbc46b3,[10],5,"[600, 1400]",100,-1,ch1c6rrt,04_32_lr4e-4,p8lmbfxj,10,
10,103,20,600,480,0.5,2,0.2,10000,1400,2652805876,508175840,659098839,[32],ReLU,1000,0.0004398905142903,1.3959458299697156e-05,0.5,64,100,adamw,9.903404399752617,2.366921722907536,0.0173759453103761,104.59418780000124,102.59375,11272,555.85,455.85,0.0,cpu,1,2.14.1+cu130,bbc46b3,[10],5,"[600, 1400]",100,-1,ch1c6rrt,04_32_lr4e-4,p8lmbfxj,10,
10,103,20,1400,1120,0.5,2,0.2,10000,1400,2652805876,566365704,3676659034,[32],ReLU,1000,0.0004398905142903,1.3959458299697156e-05,0.5,64,100,adamw,9.66010758280754,1.7994299779435885,0.0167537370005896,243.94354790000943,240.734375,11272,586.35,498.05,0.15,cpu,1,2.14.1+cu130,bbc46b3,[10],5,"[600, 1400]",100,-1,ch1c6rrt,04_32_lr4e-4,p8lmbfxj,10,
10,104,20,600,480,0.5,2,0.2,10000,1400,674317121,1588258083,2086086192,[32],ReLU,1000,0.0004398905142903,1.3959458299697156e-05,0.5,64,100,adamw,11.032049506902696,2.782030998746782,0.0188936029212184,103.5620055999898,101.390625,11272,550.15,459.45,0.15,cpu,1,2.14.1+cu130,bbc46b3,[10],5,"[600, 1400]",100,-1,ch1c6rrt,04_32_lr4e-4,p8lmbfxj,10,
10,104,20,1400,1120,0.5,2,0.2,10000,1400,674317121,2291450975,1832660301,[32],ReLU,1000,0.0004398905142903,1.3959458299697156e-05,0.5,64,100,adamw,10.742300748825071,2.176769644233356,0.0166508054276499,238.872157699996,235.5,11272,568.4,468.4,0.0,cpu,1,2.14.1+cu130,bbc46b3,[10],5,"[600, 1400]",100,-1,ch1c6rrt,04_32_lr4e-4,p8lmbfxj,10,
10,105,20,600,480,0.5,2,0.2,10000,1400,3044021893,3051775249,2145764448,[32],ReLU,1000,0.0004398905142903,1.3959458299697156e-05,0.5,64,100,adamw,10.145956829190254,2.2434369522426016,0.0156176941991975,104.0785407999938,102.015625,11272,553.3,469.55,0.2,cpu,1,2.14.1+cu130,bbc46b3,[10],5,"[600, 1400]",100,-1,ch1c6rrt,04_32_lr4e-4,p8lmbfxj,10,
10,105,20,1400,1120,0.5,2,0.2,10000,1400,3044021893,3573492435,1183201969,[32],ReLU,1000,0.0004398905142903,1.3959458299697156e-05,0.5,64,100,adamw,9.516637325286863,1.7274703969929142,0.0142394498086629,286.8922779999993,283.796875,11272,688.5,605.3,0.2,cpu,1,2.14.1+cu130,bbc46b3,[10],5,"[600, 1400]",100,-1,ch1c6rrt,04_32_lr4e-4,p8lmbfxj,10,
10,101,20,600,480,0.5,2,0.2,10000,1400,451392222,1886901224,2337876972,"[256, 128]",ReLU,1000,0.0018047920308158,0.0001619679141587,0.1,128,50,adamw,10.368309319019318,2.5216948811693984,0.0201867758106314,31.59074050000345,30.109375,742696,76.6,26.6,0.0,cpu,1,2.14.1+cu130,bbc46b3,[10],5,"[600, 1400]",100,-1,3l0u1nsr,05_256x128_lr2e-3,p8lmbfxj,10,
10,101,20,1400,1120,0.5,2,0.2,10000,1400,451392222,2918041840,2547735160,"[256, 128]",ReLU,1000,0.0018047920308158,0.0001619679141587,0.1,128,50,adamw,9.60115212202072,1.67410431445188,0.0198296871468209,63.98100559999875,62.640625,742696,80.55,30.55,0.0,cpu,1,2.14.1+cu130,bbc46b3,[10],5,"[600, 1400]",100,-1,3l0u1nsr,05_256x128_lr2e-3,p8lmbfxj,10,
10,102,20,600,480,0.5,2,0.2,10000,1400,867246825,1165147132,1341611970,"[256, 128]",ReLU,1000,0.0018047920308158,0.0001619679141587,0.1,128,50,adamw,9.152772143483162,2.1532176789813144,0.023218362022274,31.62865650000458,30.484375,742696,76.2,26.2,0.0,cpu,1,2.14.1+cu130,bbc46b3,[10],5,"[600, 1400]",100,-1,3l0u1nsr,05_256x128_lr2e-3,p8lmbfxj,10,
10,102,20,1400,1120,0.5,2,0.2,10000,1400,867246825,3245330784,1764884150,"[256, 128]",ReLU,1000,0.0018047920308158,0.0001619679141587,0.1,128,50,adamw,8.957111150026321,1.3240909345262108,0.0187071839162206,71.48008449999907,69.765625,742696,91.95,41.95,0.0,cpu,1,2.14.1+cu130,bbc46b3,[10],5,"[600, 1400]",100,-1,3l0u1nsr,05_256x128_lr2e-3,p8lmbfxj,10,
10,103,20,600,480,0.5,2,0.2,10000,1400,2652805876,508175840,659098839,"[256, 128]",ReLU,1000,0.0018047920308158,0.0001619679141587,0.1,128,50,adamw,9.78289970755577,2.362471923551033,0.019130684892556,31.079232999996748,29.734375,742696,74.6,24.6,0.0,cpu,1,2.14.1+cu130,bbc46b3,[10],5,"[600, 1400]",100,-1,3l0u1nsr,05_256x128_lr2e-3,p8lmbfxj,10,
10,103,20,1400,1120,0.5,2,0.2,10000,1400,2652805876,566365704,3676659034,"[256, 128]",ReLU,1000,0.0018047920308158,0.0001619679141587,0.1,128,50,adamw,9.144246488809586,1.4057184839754917,0.019024418015081,61.17888700000185,59.671875,742696,75.25,25.25,0.0,cpu,1,2.14.1+cu130,bbc46b3,[10],5,"[600, 1400]",100,-1,3l0u1nsr,05_256x128_lr2e-3,p8lmbfxj,10,
10,104,20,600,480,0.5,2,0.2,10000,1400,674317121,1588258083,2086086192,"[256, 128]",ReLU,1000,0.0018047920308158,0.0001619679141587,0.1,128,50,adamw,11.031464010477066,2.688002837293474,0.0202320091352063,29.91430669999681,28.703125,742696,72.2,22.2,0.0,cpu,1,2.14.1+cu130,bbc46b3,[10],5,"[600, 1400]",100,-1,3l0u1nsr,05_256x128_lr2e-3,p8lmbfxj,10,
10,104,20,1400,1120,0.5,2,0.2,10000,1400,674317121,2291450975,1832660301,"[256, 128]",ReLU,1000,0.0018047920308158,0.0001619679141587,0.1,128,50,adamw,10.274609416723251,1.7817136713720327,0.0192479266465049,65.49325460000546,63.75,742696,82.0,32.0,0.0,cpu,1,2.14.1+cu130,bbc46b3,[10],5,"[600, 1400]",100,-1,3l0u1nsr,05_256x128_lr2e-3,p8lmbfxj,10,
10,105,20,600,480,0.5,2,0.2,10000,1400,3044021893,3051775249,2145764448,"[256, 128]",ReLU,1000,0.0018047920308158,0.0001619679141587,0.1,128,50,adamw,10.024694859981537,2.300858617292996,0.0188064074709763,29.126825100000133,27.953125,742696,70.35,20.35,0.0,cpu,1,2.14.1+cu130,bbc46b3,[10],5,"[600, 1400]",100,-1,3l0u1nsr,05_256x128_lr2e-3,p8lmbfxj,10,
10,105,20,1400,1120,0.5,2,0.2,10000,1400,3044021893,3573492435,1183201969,"[256, 128]",ReLU,1000,0.0018047920308158,0.0001619679141587,0.1,128,50,adamw,8.899922356009483,1.3153995342107063,0.0186062058813334,75.03221839999605,73.671875,742696,96.85,46.85,0.0,cpu,1,2.14.1+cu130,bbc46b3,[10],5,"[600, 1400]",100,-1,3l0u1nsr,05_256x128_lr2e-3,p8lmbfxj,10,
10,101,20,600,480,0.5,2,0.2,10000,1400,451392222,1886901224,2337876972,"[256, 128]",ReLU,1000,0.0003197972445039,0.0155200118802417,0.0,128,100,adamw,10.377709150314333,2.351042633765873,0.0195218342801619,61.58979249998811,58.5,742696,190.6,90.6,0.0,cpu,1,2.14.1+cu130,bbc46b3,[10],5,"[600, 1400]",100,-1,p48276bh,06_256x128_lr3e-4,p8lmbfxj,10,
10,101,20,1400,1120,0.5,2,0.2,10000,1400,451392222,2918041840,2547735160,"[256, 128]",ReLU,1000,0.0003197972445039,0.0155200118802417,0.0,128,100,adamw,9.580473154783247,1.5526408228618565,0.017180111144637,110.15755639999406,106.171875,742696,178.2,78.2,0.0,cpu,1,2.14.1+cu130,bbc46b3,[10],5,"[600, 1400]",100,-1,p48276bh,06_256x128_lr3e-4,p8lmbfxj,10,
10,102,20,600,480,0.5,2,0.2,10000,1400,867246825,1165147132,1341611970,"[256, 128]",ReLU,1000,0.0003197972445039,0.0155200118802417,0.0,128,100,adamw,9.170627653598784,2.001436612495385,0.0208638439648673,57.7660923999938,54.4375,742696,179.15,79.15,0.0,cpu,1,2.14.1+cu130,bbc46b3,[10],5,"[600, 1400]",100,-1,p48276bh,06_256x128_lr3e-4,p8lmbfxj,10,
10,102,20,1400,1120,0.5,2,0.2,10000,1400,867246825,3245330784,1764884150,"[256, 128]",ReLU,1000,0.0003197972445039,0.0155200118802417,0.0,128,100,adamw,8.98511777445674,1.2812862799715057,0.0178134412206771,115.70223290000284,110.921875,742696,187.65,87.65,0.0,cpu,1,2.14.1+cu130,bbc46b3,[10],5,"[600, 1400]",100,-1,p48276bh,06_256x128_lr3e-4,p8lmbfxj,10,
10,103,20,600,480,0.5,2,0.2,10000,1400,2652805876,508175840,659098839,"[256, 128]",ReLU,1000,0.0003197972445039,0.0155200118802417,0.0,128,100,adamw,9.728535160422323,2.264472757790197,0.0205127000452154,61.88572400000703,59.125,742696,196.45,96.45,0.0,cpu,1,2.14.1+cu130,bbc46b3,[10],5,"[600, 1400]",100,-1,p48276bh,06_256x128_lr3e-4,p8lmbfxj,10,
10,103,20,1400,1120,0.5,2,0.2,10000,1400,2652805876,566365704,3676659034,"[256, 128]",ReLU,1000,0.0003197972445039,0.0155200118802417,0.0,128,100,adamw,9.16446617245674,1.349009602048329,0.0177645842562327,106.57128099999682,102.703125,742696,170.25,70.25,0.0,cpu,1,2.14.1+cu130,bbc46b3,[10],5,"[600, 1400]",100,-1,p48276bh,06_256x128_lr3e-4,p8lmbfxj,10,
10,104,20,600,480,0.5,2,0.2,10000,1400,674317121,1588258083,2086086192,"[256, 128]",ReLU,1000,0.0003197972445039,0.0155200118802417,0.0,128,100,adamw,10.976420909166336,2.602166062047587,0.0194402665322571,53.993227899991325,51.140625,742696,168.9,68.9,0.0,cpu,1,2.14.1+cu130,bbc46b3,[10],5,"[600, 1400]",100,-1,p48276bh,06_256x128_lr3e-4,p8lmbfxj,10,
10,104,20,1400,1120,0.5,2,0.2,10000,1400,674317121,2291450975,1832660301,"[256, 128]",ReLU,1000,0.0003197972445039,0.0155200118802417,0.0,128,100,adamw,10.310992449522018,1.7425434379965936,0.0200609072437683,129.00458370000706,125.671875,742696,216.05,116.05,0.0,cpu,1,2.14.1+cu130,bbc46b3,[10],5,"[600, 1400]",100,-1,p48276bh,06_256x128_lr3e-4,p8lmbfxj,10,
10,105,20,600,480,0.5,2,0.2,10000,1400,3044021893,3051775249,2145764448,"[256, 128]",ReLU,1000,0.0003197972445039,0.0155200118802417,0.0,128,100,adamw,10.022253766655922,2.140515870501896,0.0169951712439932,57.75892039999599,54.5,742696,181.15,81.15,0.0,cpu,1,2.14.1+cu130,bbc46b3,[10],5,"[600, 1400]",100,-1,p48276bh,06_256x128_lr3e-4,p8lmbfxj,10,
10,105,20,1400,1120,0.5,2,0.2,10000,1400,3044021893,3573492435,1183201969,"[256, 128]",ReLU,1000,0.0003197972445039,0.0155200118802417,0.0,128,100,adamw,8.889478012919426,1.3189795030099574,0.0199533981713303,127.98127219999152,124.0,742696,215.7,115.7,0.0,cpu,1,2.14.1+cu130,bbc46b3,[10],5,"[600, 1400]",100,-1,p48276bh,06_256x128_lr3e-4,p8lmbfxj,10,
10,101,20,600,480,0.5,2,0.2,10000,1400,451392222,1886901224,2337876972,"[256, 128]",ReLU,1000,0.0003066241935747,0.0007312861851286,0.0,128,20,adamw,10.38854929804802,2.3057637492656062,0.0182714633200629,32.202111399994465,30.046875,742696,98.05,78.05,0.0,cpu,1,2.14.1+cu130,bbc46b3,[10],5,"[600, 1400]",100,-1,k6ig9ay5,07_256x128_lr3e-4,p8lmbfxj,10,
10,101,20,1400,1120,0.5,2,0.2,10000,1400,451392222,2918041840,2547735160,"[256, 128]",ReLU,1000,0.0003066241935747,0.0007312861851286,0.0,128,20,adamw,9.574286729097366,1.5625082616737402,0.0174122322763143,55.57431080000242,52.96875,742696,92.9,72.9,0.0,cpu,1,2.14.1+cu130,bbc46b3,[10],5,"[600, 1400]",100,-1,k6ig9ay5,07_256x128_lr3e-4,p8lmbfxj,10,
10,102,20,600,480,0.5,2,0.2,10000,1400,867246825,1165147132,1341611970,"[256, 128]",ReLU,1000,0.0003066241935747,0.0007312861851286,0.0,128,20,adamw,9.180096954107285,1.981689726628049,0.0205093975510235,29.51039049999963,27.484375,742696,87.85,67.85,0.0,cpu,1,2.14.1+cu130,bbc46b3,[10],5,"[600, 1400]",100,-1,k6ig9ay5,07_256x128_lr3e-4,p8lmbfxj,10,
10,102,20,1400,1120,0.5,2,0.2,10000,1400,867246825,3245330784,1764884150,"[256, 128]",ReLU,1000,0.0003066241935747,0.0007312861851286,0.0,128,20,adamw,8.988150581717491,1.283186297157337,0.0174848494596649,51.36886479999521,48.609375,742696,82.8,62.8,0.0,cpu,1,2.14.1+cu130,bbc46b3,[10],5,"[600, 1400]",100,-1,k6ig9ay5,07_256x128_lr3e-4,p8lmbfxj,10,
10,103,20,600,480,0.5,2,0.2,10000,1400,2652805876,508175840,659098839,"[256, 128]",ReLU,1000,0.0003066241935747,0.0007312861851286,0.0,128,20,adamw,9.75464667379856,2.24557459118517,0.0197871311101909,30.29357720000553,27.984375,742696,91.0,71.0,0.0,cpu,1,2.14.1+cu130,bbc46b3,[10],5,"[600, 1400]",100,-1,k6ig9ay5,07_256x128_lr3e-4,p8lmbfxj,10,
10,103,20,1400,1120,0.5,2,0.2,10000,1400,2652805876,566365704,3676659034,"[256, 128]",ReLU,1000,0.0003066241935747,0.0007312861851286,0.0,128,20,adamw,9.1670510917902,1.3578005924941192,0.0178773455709805,50.11520640000526,47.46875,742696,79.75,59.75,0.0,cpu,1,2.14.1+cu130,bbc46b3,[10],5,"[600, 1400]",100,-1,k6ig9ay5,07_256x128_lr3e-4,p8lmbfxj,10,
10,104,20,600,480,0.5,2,0.2,10000,1400,674317121,1588258083,2086086192,"[256, 128]",ReLU,1000,0.0003066241935747,0.0007312861851286,0.0,128,20,adamw,10.977477610111237,2.59122315592238,0.0195410260874136,26.26391399999557,24.453125,742696,77.05,57.05,0.0,cpu,1,2.14.1+cu130,bbc46b3,[10],5,"[600, 1400]",100,-1,k6ig9ay5,07_256x128_lr3e-4,p8lmbfxj,10,
10,104,20,1400,1120,0.5,2,0.2,10000,1400,674317121,2291450975,1832660301,"[256, 128]",ReLU,1000,0.0003066241935747,0.0007312861851286,0.0,128,20,adamw,10.317426443099976,1.7222948441172174,0.0197349765084497,55.85865809999814,52.953125,742696,93.6,73.6,0.0,cpu,1,2.14.1+cu130,bbc46b3,[10],5,"[600, 1400]",100,-1,k6ig9ay5,07_256x128_lr3e-4,p8lmbfxj,10,
10,105,20,600,480,0.5,2,0.2,10000,1400,3044021893,3051775249,2145764448,"[256, 128]",ReLU,1000,0.0003066241935747,0.0007312861851286,0.0,128,20,adamw,10.026468455791472,2.1486458589492106,0.0170044413908535,26.76400800001284,24.609375,742696,78.85,58.85,0.0,cpu,1,2.14.1+cu130,bbc46b3,[10],5,"[600, 1400]",100,-1,k6ig9ay5,07_256x128_lr3e-4,p8lmbfxj,10,
10,105,20,1400,1120,0.5,2,0.2,10000,1400,3044021893,3573492435,1183201969,"[256, 128]",ReLU,1000,0.0003066241935747,0.0007312861851286,0.0,128,20,adamw,8.899180129170418,1.2899987393421182,0.0194484341340552,59.003052899992326,56.375,742696,100.05,80.05,0.0,cpu,1,2.14.1+cu130,bbc46b3,[10],5,"[600, 1400]",100,-1,k6ig9ay5,07_256x128_lr3e-4,p8lmbfxj,10,
10,101,20,600,480,0.5,2,0.2,10000,1400,451392222,1886901224,2337876972,"[256, 128]",ReLU,1000,0.0003575854610841,0.0081113420466216,0.0,64,50,adamw,10.354295194149016,2.360638246822691,0.0189135062592063,56.14570409999578,52.0625,742696,104.95,54.95,0.0,cpu,1,2.14.1+cu130,bbc46b3,[10],5,"[600, 1400]",100,-1,iwdqb26p,08_256x128_lr4e-4,p8lmbfxj,10,
10,101,20,1400,1120,0.5,2,0.2,10000,1400,451392222,2918041840,2547735160,"[256, 128]",ReLU,1000,0.0003575854610841,0.0081113420466216,0.0,64,50,adamw,9.545341342687609,1.5635915680863912,0.0177042214157195,102.95988289998786,98.375,742696,104.55,54.55,0.0,cpu,1,2.14.1+cu130,bbc46b3,[10],5,"[600, 1400]",100,-1,iwdqb26p,08_256x128_lr4e-4,p8lmbfxj,10,
10,102,20,600,480,0.5,2,0.2,10000,1400,867246825,1165147132,1341611970,"[256, 128]",ReLU,1000,0.0003575854610841,0.0081113420466216,0.0,64,50,adamw,9.137795574963093,2.0072518009242883,0.0211864292985568,51.87743730000511,48.171875,742696,95.4,45.4,0.0,cpu,1,2.14.1+cu130,bbc46b3,[10],5,"[600, 1400]",100,-1,iwdqb26p,08_256x128_lr4e-4,p8lmbfxj,10,
10,102,20,1400,1120,0.5,2,0.2,10000,1400,867246825,3245330784,1764884150,"[256, 128]",ReLU,1000,0.0003575854610841,0.0081113420466216,0.0,64,50,adamw,8.965412966907024,1.31518364284164,0.017294525649803,103.56279410001298,99.6875,742696,104.95,54.95,0.0,cpu,1,2.14.1+cu130,bbc46b3,[10],5,"[600, 1400]",100,-1,iwdqb26p,08_256x128_lr4e-4,p8lmbfxj,10,
10,103,20,600,480,0.5,2,0.2,10000,1400,2652805876,508175840,659098839,"[256, 128]",ReLU,1000,0.0003575854610841,0.0081113420466216,0.0,64,50,adamw,9.698132187128069,2.246568734758724,0.0199343390546696,54.40683029999491,50.140625,742696,101.2,51.2,0.0,cpu,1,2.14.1+cu130,bbc46b3,[10],5,"[600, 1400]",100,-1,iwdqb26p,08_256x128_lr4e-4,p8lmbfxj,10,
10,103,20,1400,1120,0.5,2,0.2,10000,1400,2652805876,566365704,3676659034,"[256, 128]",ReLU,1000,0.0003575854610841,0.0081113420466216,0.0,64,50,adamw,9.15153095126152,1.3435852114862854,0.0177891131884976,95.01123180000286,91.125,742696,94.25,44.25,0.0,cpu,1,2.14.1+cu130,bbc46b3,[10],5,"[600, 1400]",100,-1,iwdqb26p,08_256x128_lr4e-4,p8lmbfxj,10,
10,104,20,600,480,0.5,2,0.2,10000,1400,674317121,1588258083,2086086192,"[256, 128]",ReLU,1000,0.0003575854610841,0.0081113420466216,0.0,64,50,adamw,10.961722940206528,2.5819939969228245,0.019087172318397,49.69850270000461,46.515625,742696,91.7,41.7,0.0,cpu,1,2.14.1+cu130,bbc46b3,[10],5,"[600, 1400]",100,-1,iwdqb26p,08_256x128_lr4e-4,p8lmbfxj,10,
10,104,20,1400,1120,0.5,2,0.2,10000,1400,674317121,2291450975,1832660301,"[256, 128]",ReLU,1000,0.0003575854610841,0.0081113420466216,0.0,64,50,adamw,10.281046718358994,1.735825792191073,0.0193707255673152,103.4472941999993,99.15625,742696,104.35,54.35,0.0,cpu,1,2.14.1+cu130,bbc46b3,[10],5,"[600, 1400]",100,-1,iwdqb26p,08_256x128_lr4e-4,p8lmbfxj,10,
10,105,20,600,480,0.5,2,0.2,10000,1400,3044021893,3051775249,2145764448,"[256, 128]",ReLU,1000,0.0003575854610841,0.0081113420466216,0.0,64,50,adamw,10.00800558924675,2.1580525294971493,0.0172261063815464,52.58162060000177,49.09375,742696,96.15,46.15,0.0,cpu,1,2.14.1+cu130,bbc46b3,[10],5,"[600, 1400]",100,-1,iwdqb26p,08_256x128_lr4e-4,p8lmbfxj,10,
10,105,20,1400,1120,0.5,2,0.2,10000,1400,3044021893,3573492435,1183201969,"[256, 128]",ReLU,1000,0.0003575854610841,0.0081113420466216,0.0,64,50,adamw,8.872229814529419,1.3200834472944651,0.0194532337850199,123.89644579999732,119.0625,742696,125.55,75.55,0.0,cpu,1,2.14.1+cu130,bbc46b3,[10],5,"[600, 1400]",100,-1,iwdqb26p,08_256x128_lr4e-4,p8lmbfxj,10,
10,101,20,600,480,0.5,2,0.2,10000,1400,451392222,1886901224,2337876972,"[256, 128]",ReLU,1000,0.0003021385418257,0.0008554858452484,0.0,32,20,adamw,10.339857757091522,2.3210259838487137,0.0185567775125529,46.22818580000603,43.5625,742696,60.4,40.4,0.0,cpu,1,2.14.1+cu130,bbc46b3,[10],5,"[600, 1400]",100,-1,3fiyohnd,09_256x128_lr3e-4,p8lmbfxj,10,
10,101,20,1400,1120,0.5,2,0.2,10000,1400,451392222,2918041840,2547735160,"[256, 128]",ReLU,1000,0.0003021385418257,0.0008554858452484,0.0,32,20,adamw,9.559705764055252,1.572468120062094,0.0176347400565058,76.54166040000564,73.828125,742696,62.45,42.45,0.0,cpu,1,2.14.1+cu130,bbc46b3,[10],5,"[600, 1400]",100,-1,3fiyohnd,09_256x128_lr3e-4,p8lmbfxj,10,
10,102,20,600,480,0.5,2,0.2,10000,1400,867246825,1165147132,1341611970,"[256, 128]",ReLU,1000,0.0003021385418257,0.0008554858452484,0.0,32,20,adamw,9.123063743114471,1.9598180146392443,0.0201925320976614,44.04960140000912,42.046875,742696,55.9,35.9,0.0,cpu,1,2.14.1+cu130,bbc46b3,[10],5,"[600, 1400]",100,-1,3fiyohnd,09_256x128_lr3e-4,p8lmbfxj,10,
10,102,20,1400,1120,0.5,2,0.2,10000,1400,867246825,3245330784,1764884150,"[256, 128]",ReLU,1000,0.0003021385418257,0.0008554858452484,0.0,32,20,adamw,8.958021122962236,1.2878858220506415,0.0181299264817601,76.35567150000134,73.59375,742696,61.6,41.6,0.0,cpu,1,2.14.1+cu130,bbc46b3,[10],5,"[600, 1400]",100,-1,3fiyohnd,09_256x128_lr3e-4,p8lmbfxj,10,
10,103,20,600,480,0.5,2,0.2,10000,1400,2652805876,508175840,659098839,"[256, 128]",ReLU,1000,0.0003021385418257,0.0008554858452484,0.0,32,20,adamw,9.669284671545029,2.2260777524120714,0.0191432333797487,44.71362829999998,42.140625,742696,56.5,36.5,0.0,cpu,1,2.14.1+cu130,bbc46b3,[10],5,"[600, 1400]",100,-1,3fiyohnd,09_256x128_lr3e-4,p8lmbfxj,10,
10,103,20,1400,1120,0.5,2,0.2,10000,1400,2652805876,566365704,3676659034,"[256, 128]",ReLU,1000,0.0003021385418257,0.0008554858452484,0.0,32,20,adamw,9.133846268057823,1.3439888085844405,0.0183310877569282,71.37726150000526,68.5625,742696,56.05,36.05,0.0,cpu,1,2.14.1+cu130,bbc46b3,[10],5,"[600, 1400]",100,-1,3fiyohnd,09_256x128_lr3e-4,p8lmbfxj,10,
10,104,20,600,480,0.5,2,0.2,10000,1400,674317121,1588258083,2086086192,"[256, 128]",ReLU,1000,0.0003021385418257,0.0008554858452484,0.0,32,20,adamw,10.955006808042526,2.5796193097745426,0.0192935492395413,40.82423729999573,38.453125,742696,50.5,30.5,0.0,cpu,1,2.14.1+cu130,bbc46b3,[10],5,"[600, 1400]",100,-1,3fiyohnd,09_256x128_lr3e-4,p8lmbfxj,10,
10,104,20,1400,1120,0.5,2,0.2,10000,1400,674317121,2291450975,1832660301,"[256, 128]",ReLU,1000,0.0003021385418257,0.0008554858452484,0.0,32,20,adamw,10.272814273834229,1.7784716009185613,0.0195378527827172,75.10779639999964,72.46875,742696,61.15,41.15,0.0,cpu,1,2.14.1+cu130,bbc46b3,[10],5,"[600, 1400]",100,-1,3fiyohnd,09_256x128_lr3e-4,p8lmbfxj,10,
10,105,20,600,480,0.5,2,0.2,10000,1400,3044021893,3051775249,2145764448,"[256, 128]",ReLU,1000,0.0003021385418257,0.0008554858452484,0.0,32,20,adamw,9.999836593866348,2.104761101085528,0.0169948291025925,39.548727099987445,37.53125,742696,48.65,28.65,0.0,cpu,1,2.14.1+cu130,bbc46b3,[10],5,"[600, 1400]",100,-1,3fiyohnd,09_256x128_lr3e-4,p8lmbfxj,10,
10,105,20,1400,1120,0.5,2,0.2,10000,1400,3044021893,3573492435,1183201969,"[256, 128]",ReLU,1000,0.0003021385418257,0.0008554858452484,0.0,32,20,adamw,8.897227048873901,1.2730000743766756,0.0185161621904517,79.69636030000402,76.9375,742696,67.15,47.15,0.0,cpu,1,2.14.1+cu130,bbc46b3,[10],5,"[600, 1400]",100,-1,3fiyohnd,09_256x128_lr3e-4,p8lmbfxj,10,
10,101,20,600,480,0.5,2,0.2,10000,1400,451392222,1886901224,2337876972,"[256, 128]",ReLU,1000,0.0003426881685375,0.0422647047903576,0.0,64,20,adamw,10.353999316692352,2.341085095708756,0.018819704555891,33.1812659999996,31.953125,742696,73.95,53.95,0.0,cpu,1,2.14.1+cu130,bbc46b3,[10],5,"[600, 1400]",100,-1,ri4iwcj7,10_256x128_lr3e-4,p8lmbfxj,10,
10,101,20,1400,1120,0.5,2,0.2,10000,1400,451392222,2918041840,2547735160,"[256, 128]",ReLU,1000,0.0003426881685375,0.0422647047903576,0.0,64,20,adamw,9.563967376947405,1.5660921879064362,0.0171221951706526,52.61097850000078,51.0,742696,70.7,50.7,0.0,cpu,1,2.14.1+cu130,bbc46b3,[10],5,"[600, 1400]",100,-1,ri4iwcj7,10_256x128_lr3e-4,p8lmbfxj,10,
10,102,20,600,480,0.5,2,0.2,10000,1400,867246825,1165147132,1341611970,"[256, 128]",ReLU,1000,0.0003426881685375,0.0422647047903576,0.0,64,20,adamw,9.126902975142002,1.9816005771288767,0.0205252233604157,30.376595299996552,29.28125,742696,63.95,43.95,0.0,cpu,1,2.14.1+cu130,bbc46b3,[10],5,"[600, 1400]",100,-1,ri4iwcj7,10_256x128_lr3e-4,p8lmbfxj,10,
10,102,20,1400,1120,0.5,2,0.2,10000,1400,867246825,3245330784,1764884150,"[256, 128]",ReLU,1000,0.0003426881685375,0.0422647047903576,0.0,64,20,adamw,8.972003005445004,1.3134226766245825,0.0174490725301161,49.92955240000447,48.53125,742696,64.0,44.0,0.0,cpu,1,2.14.1+cu130,bbc46b3,[10],5,"[600, 1400]",100,-1,ri4iwcj7,10_256x128_lr3e-4,p8lmbfxj,10,
10,103,20,600,480,0.5,2,0.2,10000,1400,2652805876,508175840,659098839,"[256, 128]",ReLU,1000,0.0003426881685375,0.0422647047903576,0.0,64,20,adamw,9.70994819700718,2.216114440309642,0.0193612935292444,30.601277399997343,29.125,742696,65.05,45.05,0.0,cpu,1,2.14.1+cu130,bbc46b3,[10],5,"[600, 1400]",100,-1,ri4iwcj7,10_256x128_lr3e-4,p8lmbfxj,10,
10,103,20,1400,1120,0.5,2,0.2,10000,1400,2652805876,566365704,3676659034,"[256, 128]",ReLU,1000,0.0003426881685375,0.0422647047903576,0.0,64,20,adamw,9.14577679336071,1.3489804837716948,0.0174850150438472,47.84934719999728,46.359375,742696,59.5,39.5,0.0,cpu,1,2.14.1+cu130,bbc46b3,[10],5,"[600, 1400]",100,-1,ri4iwcj7,10_256x128_lr3e-4,p8lmbfxj,10,
10,104,20,600,480,0.5,2,0.2,10000,1400,674317121,1588258083,2086086192,"[256, 128]",ReLU,1000,0.0003426881685375,0.0422647047903576,0.0,64,20,adamw,10.97502487897873,2.5774159739322453,0.0195964438853031,27.39046349999262,26.1875,742696,57.4,37.4,0.0,cpu,1,2.14.1+cu130,bbc46b3,[10],5,"[600, 1400]",100,-1,ri4iwcj7,10_256x128_lr3e-4,p8lmbfxj,10,
10,104,20,1400,1120,0.5,2,0.2,10000,1400,674317121,2291450975,1832660301,"[256, 128]",ReLU,1000,0.0003426881685375,0.0422647047903576,0.0,64,20,adamw,10.268189668655396,1.7189528859466765,0.0195467414556846,53.09548579998955,51.5,742696,73.0,53.0,0.0,cpu,1,2.14.1+cu130,bbc46b3,[10],5,"[600, 1400]",100,-1,ri4iwcj7,10_256x128_lr3e-4,p8lmbfxj,10,
10,105,20,600,480,0.5,2,0.2,10000,1400,3044021893,3051775249,2145764448,"[256, 128]",ReLU,1000,0.0003426881685375,0.0422647047903576,0.0,64,20,adamw,10.013915091753006,2.157535825878949,0.0167340462968468,26.323670600002515,25.03125,742696,55.1,35.1,0.0,cpu,1,2.14.1+cu130,bbc46b3,[10],5,"[600, 1400]",100,-1,ri4iwcj7,10_256x128_lr3e-4,p8lmbfxj,10,
10,105,20,1400,1120,0.5,2,0.2,10000,1400,3044021893,3573492435,1183201969,"[256, 128]",ReLU,1000,0.0003426881685375,0.0422647047903576,0.0,64,20,adamw,8.88199158012867,1.3105794648161124,0.0191703687540344,54.501982300003874,52.859375,742696,77.45,57.45,0.0,cpu,1,2.14.1+cu130,bbc46b3,[10],5,"[600, 1400]",100,-1,ri4iwcj7,10_256x128_lr3e-4,p8lmbfxj,10,
10,101,20,600,480,0.5,2,0.2,10000,1400,451392222,1886901224,2337876972,"[256, 128]",ReLU,1000,0.0003295566743656,0.0002621118264019,0.0,64,20,adamw,10.3501435816288,2.3234501135704466,0.0185324135765566,32.1626047000027,31.4375,742696,71.65,51.65,0.0,cpu,1,2.14.1+cu130,bbc46b3,[10],5,"[600, 1400]",100,-1,4pswn95r,11_256x128_lr3e-4,p8lmbfxj,10,
10,101,20,1400,1120,0.5,2,0.2,10000,1400,451392222,2918041840,2547735160,"[256, 128]",ReLU,1000,0.0003295566743656,0.0002621118264019,0.0,64,20,adamw,9.55725422501564,1.5653916490823088,0.017196145501209,48.16985979999299,47.21875,742696,68.4,48.4,0.0,cpu,1,2.14.1+cu130,bbc46b3,[10],5,"[600, 1400]",100,-1,4pswn95r,11_256x128_lr3e-4,p8lmbfxj,10,
10,102,20,600,480,0.5,2,0.2,10000,1400,867246825,1165147132,1341611970,"[256, 128]",ReLU,1000,0.0003295566743656,0.0002621118264019,0.0,64,20,adamw,9.144618600606918,1.9865282305624687,0.0207389374500185,29.979944499995327,29.109375,742696,66.05,46.05,0.0,cpu,1,2.14.1+cu130,bbc46b3,[10],5,"[600, 1400]",100,-1,4pswn95r,11_256x128_lr3e-4,p8lmbfxj,10,
10,102,20,1400,1120,0.5,2,0.2,10000,1400,867246825,3245330784,1764884150,"[256, 128]",ReLU,1000,0.0003295566743656,0.0002621118264019,0.0,64,20,adamw,8.975307710468769,1.3047332976389314,0.0174927089629147,45.59519579999324,44.921875,742696,62.0,42.0,0.0,cpu,1,2.14.1+cu130,bbc46b3,[10],5,"[600, 1400]",100,-1,4pswn95r,11_256x128_lr3e-4,p8lmbfxj,10,
10,103,20,600,480,0.5,2,0.2,10000,1400,2652805876,508175840,659098839,"[256, 128]",ReLU,1000,0.0003295566743656,0.0002621118264019,0.0,64,20,adamw,9.70107927918434,2.2379000007931777,0.0201196954048965,30.68860059999861,30.078125,742696,68.45,48.45,0.0,cpu,1,2.14.1+cu130,bbc46b3,[10],5,"[600, 1400]",100,-1,4pswn95r,11_256x128_lr3e-4,p8lmbfxj,10,
10,103,20,1400,1120,0.5,2,0.2,10000,1400,2652805876,566365704,3676659034,"[256, 128]",ReLU,1000,0.0003295566743656,0.0002621118264019,0.0,64,20,adamw,9.151556819677351,1.3625554505499968,0.0181645256584592,46.63895330000378,45.640625,742696,65.0,45.0,0.0,cpu,1,2.14.1+cu130,bbc46b3,[10],5,"[600, 1400]",100,-1,4pswn95r,11_256x128_lr3e-4,p8lmbfxj,10,
10,104,20,600,480,0.5,2,0.2,10000,1400,674317121,1588258083,2086086192,"[256, 128]",ReLU,1000,0.0003295566743656,0.0002621118264019,0.0,64,20,adamw,10.975422352552414,2.5980195475208263,0.019763662632892,25.784669400003622,25.0,742696,56.4,36.4,0.0,cpu,1,2.14.1+cu130,bbc46b3,[10],5,"[600, 1400]",100,-1,4pswn95r,11_256x128_lr3e-4,p8lmbfxj,10,
10,104,20,1400,1120,0.5,2,0.2,10000,1400,674317121,2291450975,1832660301,"[256, 128]",ReLU,1000,0.0003295566743656,0.0002621118264019,0.0,64,20,adamw,10.284659951925278,1.7345267186423836,0.0200132741904506,50.02962509999634,49.390625,742696,74.9,54.9,0.0,cpu,1,2.14.1+cu130,bbc46b3,[10],5,"[600, 1400]",100,-1,4pswn95r,11_256x128_lr3e-4,p8lmbfxj,10,
10,105,20,600,480,0.5,2,0.2,10000,1400,3044021893,3051775249,2145764448,"[256, 128]",ReLU,1000,0.0003295566743656,0.0002621118264019,0.0,64,20,adamw,10.005789548158646,2.1860849775863533,0.0172244918191322,27.232316800000262,26.515625,742696,58.4,38.4,0.0,cpu,1,2.14.1+cu130,bbc46b3,[10],5,"[600, 1400]",100,-1,4pswn95r,11_256x128_lr3e-4,p8lmbfxj,10,
10,105,20,1400,1120,0.5,2,0.2,10000,1400,3044021893,3573492435,1183201969,"[256, 128]",ReLU,1000,0.0003295566743656,0.0002621118264019,0.0,64,20,adamw,8.881167441606522,1.2905417239224448,0.0184731227105495,49.399559400000726,48.734375,742696,72.05,52.05,0.0,cpu,1,2.14.1+cu130,bbc46b3,[10],5,"[600, 1400]",100,-1,4pswn95r,11_256x128_lr3e-4,p8lmbfxj,10,
10,101,20,600,480,0.5,2,0.2,10000,1400,451392222,1886901224,2337876972,"[256, 128]",ReLU,1000,0.0003530429876074,0.0112978905800205,0.0,32,20,adamw,10.340051800012589,2.33021041847703,0.0185340946662324,41.02370040000824,39.421875,742696,54.35,34.35,0.0,cpu,1,2.14.1+cu130,bbc46b3,[10],5,"[600, 1400]",100,-1,4na788k7,12_256x128_lr4e-4,p8lmbfxj,10,
10,101,20,1400,1120,0.5,2,0.2,10000,1400,451392222,2918041840,2547735160,"[256, 128]",ReLU,1000,0.0003530429876074,0.0112978905800205,0.0,32,20,adamw,9.565267324447632,1.5893613563871123,0.0173305154991688,69.92037760000676,67.890625,742696,54.6,34.6,0.0,cpu,1,2.14.1+cu130,bbc46b3,[10],5,"[600, 1400]",100,-1,4na788k7,12_256x128_lr4e-4,p8lmbfxj,10,
10,102,20,600,480,0.5,2,0.2,10000,1400,867246825,1165147132,1341611970,"[256, 128]",ReLU,1000,0.0003530429876074,0.0112978905800205,0.0,32,20,adamw,9.121164694428444,1.988512594130862,0.0208270280777441,38.615116299988586,37.25,742696,50.8,30.8,0.0,cpu,1,2.14.1+cu130,bbc46b3,[10],5,"[600, 1400]",100,-1,4na788k7,12_256x128_lr4e-4,p8lmbfxj,10,
10,102,20,1400,1120,0.5,2,0.2,10000,1400,867246825,3245330784,1764884150,"[256, 128]",ReLU,1000,0.0003530429876074,0.0112978905800205,0.0,32,20,adamw,8.95829128101468,1.307011283229222,0.0177137349512308,70.37913929999922,68.578125,742696,55.75,35.75,0.0,cpu,1,2.14.1+cu130,bbc46b3,[10],5,"[600, 1400]",100,-1,4na788k7,12_256x128_lr4e-4,p8lmbfxj,10,
10,103,20,600,480,0.5,2,0.2,10000,1400,2652805876,508175840,659098839,"[256, 128]",ReLU,1000,0.0003530429876074,0.0112978905800205,0.0,32,20,adamw,9.67486208677292,2.211196618154281,0.0199939726330125,41.77006309998978,40.078125,742696,54.8,34.8,0.0,cpu,1,2.14.1+cu130,bbc46b3,[10],5,"[600, 1400]",100,-1,4na788k7,12_256x128_lr4e-4,p8lmbfxj,10,
10,103,20,1400,1120,0.5,2,0.2,10000,1400,2652805876,566365704,3676659034,"[256, 128]",ReLU,1000,0.0003530429876074,0.0112978905800205,0.0,32,20,adamw,9.102311983704569,1.3507604784999014,0.0175994313758542,66.08026870001049,64.296875,742696,49.85,29.85,0.0,cpu,1,2.14.1+cu130,bbc46b3,[10],5,"[600, 1400]",100,-1,4na788k7,12_256x128_lr4e-4,p8lmbfxj,10,
10,104,20,600,480,0.5,2,0.2,10000,1400,674317121,1588258083,2086086192,"[256, 128]",ReLU,1000,0.0003530429876074,0.0112978905800205,0.0,32,20,adamw,10.958891808986664,2.5910635652097183,0.0195531692345406,36.55942849999701,34.84375,742696,47.65,27.65,0.0,cpu,1,2.14.1+cu130,bbc46b3,[10],5,"[600, 1400]",100,-1,4na788k7,12_256x128_lr4e-4,p8lmbfxj,10,
10,104,20,1400,1120,0.5,2,0.2,10000,1400,674317121,2291450975,1832660301,"[256, 128]",ReLU,1000,0.0003530429876074,0.0112978905800205,0.0,32,20,adamw,10.247705817222595,1.747877450101872,0.0194146506126627,72.67711239999335,70.765625,742696,59.25,39.25,0.0,cpu,1,2.14.1+cu130,bbc46b3,[10],5,"[600, 1400]",100,-1,4na788k7,12_256x128_lr4e-4,p8lmbfxj,10,
10,105,20,600,480,0.5,2,0.2,10000,1400,3044021893,3051775249,2145764448,"[256, 128]",ReLU,1000,0.0003530429876074,0.0112978905800205,0.0,32,20,adamw,10.012400150299072,2.143123925894149,0.0167776871079207,35.69059610000113,34.203125,742696,46.4,26.4,0.0,cpu,1,2.14.1+cu130,bbc46b3,[10],5,"[600, 1400]",100,-1,4na788k7,12_256x128_lr4e-4,p8lmbfxj,10,
10,105,20,1400,1120,0.5,2,0.2,10000,1400,3044021893,3573492435,1183201969,"[256, 128]",ReLU,1000,0.0003530429876074,0.0112978905800205,0.0,32,20,adamw,8.891873836517334,1.3111807943056415,0.0196543177183459,75.02675460001046,73.15625,742696,62.45,42.45,0.0,cpu,1,2.14.1+cu130,bbc46b3,[10],5,"[600, 1400]",100,-1,4na788k7,12_256x128_lr4e-4,p8lmbfxj,10,
10,101,20,600,480,0.5,2,0.2,10000,1400,451392222,1886901224,2337876972,"[256, 128]",ReLU,1000,0.0003051361448378,0.0851589557731354,0.1,128,20,adamw,10.400286436080933,2.357443920482705,0.0185510268490896,39.7094519000093,36.796875,742696,100.9,80.9,0.0,cpu,1,2.14.1+cu130,bbc46b3,[10],5,"[600, 1400]",100,-1,3u2n1lh9,13_256x128_lr3e-4,p8lmbfxj,10,
10,101,20,1400,1120,0.5,2,0.2,10000,1400,451392222,2918041840,2547735160,"[256, 128]",ReLU,1000,0.0003051361448378,0.0851589557731354,0.1,128,20,adamw,9.614231407642365,1.558285119109342,0.016999608261923,65.15236049999658,62.0,742696,99.15,79.15,0.0,cpu,1,2.14.1+cu130,bbc46b3,[10],5,"[600, 1400]",100,-1,3u2n1lh9,13_256x128_lr3e-4,p8lmbfxj,10,
10,102,20,600,480,0.5,2,0.2,10000,1400,867246825,1165147132,1341611970,"[256, 128]",ReLU,1000,0.0003051361448378,0.0851589557731354,0.1,128,20,adamw,9.203808195888996,1.964099688833141,0.0206158811687945,34.986305500002345,32.1875,742696,86.45,66.45,0.0,cpu,1,2.14.1+cu130,bbc46b3,[10],5,"[600, 1400]",100,-1,3u2n1lh9,13_256x128_lr3e-4,p8lmbfxj,10,
10,102,20,1400,1120,0.5,2,0.2,10000,1400,867246825,3245330784,1764884150,"[256, 128]",ReLU,1000,0.0003051361448378,0.0851589557731354,0.1,128,20,adamw,8.99174128100276,1.3015680035973545,0.017652167380977,63.43503750000673,60.265625,742696,95.05,75.05,0.0,cpu,1,2.14.1+cu130,bbc46b3,[10],5,"[600, 1400]",100,-1,3u2n1lh9,13_256x128_lr3e-4,p8lmbfxj,10,
10,103,20,600,480,0.5,2,0.2,10000,1400,2652805876,508175840,659098839,"[256, 128]",ReLU,1000,0.0003051361448378,0.0851589557731354,0.1,128,20,adamw,9.75935435295105,2.262000401442805,0.0184289909995487,37.54643550000037,34.890625,742696,95.0,75.0,0.0,cpu,1,2.14.1+cu130,bbc46b3,[10],5,"[600, 1400]",100,-1,3u2n1lh9,13_256x128_lr3e-4,p8lmbfxj,10,
10,103,20,1400,1120,0.5,2,0.2,10000,1400,2652805876,566365704,3676659034,"[256, 128]",ReLU,1000,0.0003051361448378,0.0851589557731354,0.1,128,20,adamw,9.171267434954643,1.3475802791124358,0.0179572880236376,61.16096449999896,57.953125,742696,90.6,70.6,0.0,cpu,1,2.14.1+cu130,bbc46b3,[10],5,"[600, 1400]",100,-1,3u2n1lh9,13_256x128_lr3e-4,p8lmbfxj,10,
10,104,20,600,480,0.5,2,0.2,10000,1400,674317121,1588258083,2086086192,"[256, 128]",ReLU,1000,0.0003051361448378,0.0851589557731354,0.1,128,20,adamw,11.016269832849504,2.6392236524622805,0.0188714155541455,30.29565340001136,27.828125,742696,75.2,55.2,0.0,cpu,1,2.14.1+cu130,bbc46b3,[10],5,"[600, 1400]",100,-1,3u2n1lh9,13_256x128_lr3e-4,p8lmbfxj,10,
10,104,20,1400,1120,0.5,2,0.2,10000,1400,674317121,2291450975,1832660301,"[256, 128]",ReLU,1000,0.0003051361448378,0.0851589557731354,0.1,128,20,adamw,10.281982451677322,1.7323240122190364,0.019225389429257,64.71928570000455,61.4375,742696,98.55,78.55,0.0,cpu,1,2.14.1+cu130,bbc46b3,[10],5,"[600, 1400]",100,-1,3u2n1lh9,13_256x128_lr3e-4,p8lmbfxj,10,
10,105,20,600,480,0.5,2,0.2,10000,1400,3044021893,3051775249,2145764448,"[256, 128]",ReLU,1000,0.0003051361448378,0.0851589557731354,0.1,128,20,adamw,10.037095949053764,2.12896352835448,0.016967842475877,33.479541100008646,31.03125,742696,82.6,62.6,0.0,cpu,1,2.14.1+cu130,bbc46b3,[10],5,"[600, 1400]",100,-1,3u2n1lh9,13_256x128_lr3e-4,p8lmbfxj,10,
10,105,20,1400,1120,0.5,2,0.2,10000,1400,3044021893,3573492435,1183201969,"[256, 128]",ReLU,1000,0.0003051361448378,0.0851589557731354,0.1,128,20,adamw,8.910225942730904,1.233364543487149,0.0179355690193723,66.4920076999988,63.5625,742696,103.55,83.55,0.0,cpu,1,2.14.1+cu130,bbc46b3,[10],5,"[600, 1400]",100,-1,3u2n1lh9,13_256x128_lr3e-4,p8lmbfxj,10,
10,101,20,600,480,0.5,2,0.2,10000,1400,451392222,1886901224,2337876972,"[256, 128]",ReLU,1000,0.0003465615497712,0.0177883280061139,0.1,128,20,adamw,10.401206403970718,2.3643088926442988,0.0183610631634649,33.06233529999736,31.6875,742696,88.95,68.95,0.0,cpu,1,2.14.1+cu130,bbc46b3,[10],5,"[600, 1400]",100,-1,uayk6beu,14_256x128_lr3e-4,p8lmbfxj,10,
10,101,20,1400,1120,0.5,2,0.2,10000,1400,451392222,2918041840,2547735160,"[256, 128]",ReLU,1000,0.0003465615497712,0.0177883280061139,0.1,128,20,adamw,9.596939325332642,1.555079047973644,0.0171280532790527,55.73677670001052,54.4375,742696,93.55,73.55,0.0,cpu,1,2.14.1+cu130,bbc46b3,[10],5,"[600, 1400]",100,-1,uayk6beu,14_256x128_lr3e-4,p8lmbfxj,10,
10,102,20,600,480,0.5,2,0.2,10000,1400,867246825,1165147132,1341611970,"[256, 128]",ReLU,1000,0.0003465615497712,0.0177883280061139,0.1,128,20,adamw,9.194214656949043,1.9958841184340583,0.0204002742828624,31.56879950000439,30.296875,742696,83.15,63.15,0.0,cpu,1,2.14.1+cu130,bbc46b3,[10],5,"[600, 1400]",100,-1,uayk6beu,14_256x128_lr3e-4,p8lmbfxj,10,
10,102,20,1400,1120,0.5,2,0.2,10000,1400,867246825,3245330784,1764884150,"[256, 128]",ReLU,1000,0.0003465615497712,0.0177883280061139,0.1,128,20,adamw,8.988630559295416,1.298292047744451,0.017765530028435,53.24329260000377,52.015625,742696,86.8,66.8,0.0,cpu,1,2.14.1+cu130,bbc46b3,[10],5,"[600, 1400]",100,-1,uayk6beu,14_256x128_lr3e-4,p8lmbfxj,10,
10,103,20,600,480,0.5,2,0.2,10000,1400,2652805876,508175840,659098839,"[256, 128]",ReLU,1000,0.0003465615497712,0.0177883280061139,0.1,128,20,adamw,9.76961863040924,2.2659478485629254,0.01885633147985,30.59703020000597,29.25,742696,80.25,60.25,0.0,cpu,1,2.14.1+cu130,bbc46b3,[10],5,"[600, 1400]",100,-1,uayk6beu,14_256x128_lr3e-4,p8lmbfxj,10,
10,103,20,1400,1120,0.5,2,0.2,10000,1400,2652805876,566365704,3676659034,"[256, 128]",ReLU,1000,0.0003465615497712,0.0177883280061139,0.1,128,20,adamw,9.171794787049294,1.3588466093217904,0.0184185007341519,53.24233729999105,51.859375,742696,86.9,66.9,0.0,cpu,1,2.14.1+cu130,bbc46b3,[10],5,"[600, 1400]",100,-1,uayk6beu,14_256x128_lr3e-4,p8lmbfxj,10,
10,104,20,600,480,0.5,2,0.2,10000,1400,674317121,1588258083,2086086192,"[256, 128]",ReLU,1000,0.0003465615497712,0.0177883280061139,0.1,128,20,adamw,11.025129288434982,2.650615386549093,0.0194668494187067,27.27244359999895,26.0625,742696,70.2,50.2,0.0,cpu,1,2.14.1+cu130,bbc46b3,[10],5,"[600, 1400]",100,-1,uayk6beu,14_256x128_lr3e-4,p8lmbfxj,10,
10,104,20,1400,1120,0.5,2,0.2,10000,1400,674317121,2291450975,1832660301,"[256, 128]",ReLU,1000,0.0003465615497712,0.0177883280061139,0.1,128,20,adamw,10.281529188156128,1.752375033387704,0.0192040896982451,55.07057940000959,53.875,742696,91.65,71.65,0.0,cpu,1,2.14.1+cu130,bbc46b3,[10],5,"[600, 1400]",100,-1,uayk6beu,14_256x128_lr3e-4,p8lmbfxj,10,
10,105,20,600,480,0.5,2,0.2,10000,1400,3044021893,3051775249,2145764448,"[256, 128]",ReLU,1000,0.0003465615497712,0.0177883280061139,0.1,128,20,adamw,10.038088858127594,2.1637018041691576,0.0168768503253355,28.04965839999204,26.765625,742696,72.75,52.75,0.0,cpu,1,2.14.1+cu130,bbc46b3,[10],5,"[600, 1400]",100,-1,uayk6beu,14_256x128_lr3e-4,p8lmbfxj,10,
10,105,20,1400,1120,0.5,2,0.2,10000,1400,3044021893,3573492435,1183201969,"[256, 128]",ReLU,1000,0.0003465615497712,0.0177883280061139,0.1,128,20,adamw,8.921061396598816,1.2519954086379224,0.0178089594449603,55.14189480000641,53.875,742696,92.1,72.1,0.0,cpu,1,2.14.1+cu130,bbc46b3,[10],5,"[600, 1400]",100,-1,uayk6beu,14_256x128_lr3e-4,p8lmbfxj,10,
10,101,20,600,480,0.5,2,0.2,10000,1400,451392222,1886901224,2337876972,"[256, 128]",ReLU,1000,0.0003171101732881,0.0645621396390832,0.1,128,20,adamw,10.399309992790222,2.3641706964926392,0.0185888523825231,36.21365200000582,35.125,742696,100.25,80.25,0.0,cpu,1,2.14.1+cu130,bbc46b3,[10],5,"[600, 1400]",100,-1,efoa83xg,15_256x128_lr3e-4,p8lmbfxj,10,
10,101,20,1400,1120,0.5,2,0.2,10000,1400,451392222,2918041840,2547735160,"[256, 128]",ReLU,1000,0.0003171101732881,0.0645621396390832,0.1,128,20,adamw,9.6089009642601,1.5666717754653716,0.0172292445027736,60.00296489999164,58.71875,742696,101.45,81.45,0.0,cpu,1,2.14.1+cu130,bbc46b3,[10],5,"[600, 1400]",100,-1,efoa83xg,15_256x128_lr3e-4,p8lmbfxj,10,
10,102,20,600,480,0.5,2,0.2,10000,1400,867246825,1165147132,1341611970,"[256, 128]",ReLU,1000,0.0003171101732881,0.0645621396390832,0.1,128,20,adamw,9.188527278602123,2.024196682512384,0.0202081201349214,31.659222500005853,30.640625,742696,83.85,63.85,0.0,cpu,1,2.14.1+cu130,bbc46b3,[10],5,"[600, 1400]",100,-1,efoa83xg,15_256x128_lr3e-4,p8lmbfxj,10,
10,102,20,1400,1120,0.5,2,0.2,10000,1400,867246825,3245330784,1764884150,"[256, 128]",ReLU,1000,0.0003171101732881,0.0645621396390832,0.1,128,20,adamw,8.982025846838951,1.2923317180441716,0.0178035295518395,59.12071420000575,57.890625,742696,95.05,75.05,0.0,cpu,1,2.14.1+cu130,bbc46b3,[10],5,"[600, 1400]",100,-1,efoa83xg,15_256x128_lr3e-4,p8lmbfxj,10,
10,103,20,600,480,0.5,2,0.2,10000,1400,2652805876,508175840,659098839,"[256, 128]",ReLU,1000,0.0003171101732881,0.0645621396390832,0.1,128,20,adamw,9.771306723356249,2.2471225660327057,0.0187874899593961,33.51948180000181,32.375,742696,90.8,70.8,0.0,cpu,1,2.14.1+cu130,bbc46b3,[10],5,"[600, 1400]",100,-1,efoa83xg,15_256x128_lr3e-4,p8lmbfxj,10,
10,103,20,1400,1120,0.5,2,0.2,10000,1400,2652805876,566365704,3676659034,"[256, 128]",ReLU,1000,0.0003171101732881,0.0645621396390832,0.1,128,20,adamw,9.178867816925049,1.3257614043971178,0.0181439110109015,57.05529609999212,55.640625,742696,91.2,71.2,0.0,cpu,1,2.14.1+cu130,bbc46b3,[10],5,"[600, 1400]",100,-1,efoa83xg,15_256x128_lr3e-4,p8lmbfxj,10,
10,104,20,600,480,0.5,2,0.2,10000,1400,674317121,1588258083,2086086192,"[256, 128]",ReLU,1000,0.0003171101732881,0.0645621396390832,0.1,128,20,adamw,11.011104583740234,2.6393747036884228,0.0192542037288677,30.11678769999708,29.046875,742696,79.5,59.5,0.0,cpu,1,2.14.1+cu130,bbc46b3,[10],5,"[600, 1400]",100,-1,efoa83xg,15_256x128_lr3e-4,p8lmbfxj,10,
10,104,20,1400,1120,0.5,2,0.2,10000,1400,674317121,2291450975,1832660301,"[256, 128]",ReLU,1000,0.0003171101732881,0.0645621396390832,0.1,128,20,adamw,10.265646129846573,1.735395291844734,0.018949582186897,59.92552350000187,58.8125,742696,97.3,77.3,0.0,cpu,1,2.14.1+cu130,bbc46b3,[10],5,"[600, 1400]",100,-1,efoa83xg,15_256x128_lr3e-4,p8lmbfxj,10,
10,105,20,600,480,0.5,2,0.2,10000,1400,3044021893,3051775249,2145764448,"[256, 128]",ReLU,1000,0.0003171101732881,0.0645621396390832,0.1,128,20,adamw,10.045455306768416,2.144501052608402,0.0166343038087796,28.532240099986662,27.4375,742696,75.9,55.9,0.0,cpu,1,2.14.1+cu130,bbc46b3,[10],5,"[600, 1400]",100,-1,efoa83xg,15_256x128_lr3e-4,p8lmbfxj,10,
10,105,20,1400,1120,0.5,2,0.2,10000,1400,3044021893,3573492435,1183201969,"[256, 128]",ReLU,1000,0.0003171101732881,0.0645621396390832,0.1,128,20,adamw,8.907071828842163,1.2495495879330911,0.0180657824617711,60.20493200000783,59.015625,742696,102.0,82.0,0.0,cpu,1,2.14.1+cu130,bbc46b3,[10],5,"[600, 1400]",100,-1,efoa83xg,15_256x128_lr3e-4,p8lmbfxj,10,
10,101,20,600,480,0.5,2,0.2,10000,1400,451392222,1886901224,2337876972,"[256, 128]",ReLU,1000,0.0004513797624872,0.0031219981856768,0.0,32,20,adamw,10.351273775100708,2.3584791914605923,0.0186523757993055,37.80543939999188,35.828125,742696,48.4,28.4,0.0,cpu,1,2.14.1+cu130,bbc46b3,[10],5,"[600, 1400]",100,-1,d8ppbjc8,16_256x128_lr5e-4,p8lmbfxj,10,
10,101,20,1400,1120,0.5,2,0.2,10000,1400,451392222,2918041840,2547735160,"[256, 128]",ReLU,1000,0.0004513797624872,0.0031219981856768,0.0,32,20,adamw,9.564014196395874,1.585791539090555,0.0174259288255619,65.7488422000024,63.59375,742696,51.85,31.85,0.0,cpu,1,2.14.1+cu130,bbc46b3,[10],5,"[600, 1400]",100,-1,d8ppbjc8,16_256x128_lr5e-4,p8lmbfxj,10,
10,102,20,600,480,0.5,2,0.2,10000,1400,867246825,1165147132,1341611970,"[256, 128]",ReLU,1000,0.0004513797624872,0.0031219981856768,0.0,32,20,adamw,9.124900475144386,1.9981677153743664,0.0206105087589133,36.45577420000336,34.40625,742696,46.2,26.2,0.0,cpu,1,2.14.1+cu130,bbc46b3,[10],5,"[600, 1400]",100,-1,d8ppbjc8,16_256x128_lr5e-4,p8lmbfxj,10,
10,102,20,1400,1120,0.5,2,0.2,10000,1400,867246825,3245330784,1764884150,"[256, 128]",ReLU,1000,0.0004513797624872,0.0031219981856768,0.0,32,20,adamw,8.947344094514847,1.2959419301094,0.0180796525802191,66.59236229999806,64.1875,742696,52.55,32.55,0.0,cpu,1,2.14.1+cu130,bbc46b3,[10],5,"[600, 1400]",100,-1,d8ppbjc8,16_256x128_lr5e-4,p8lmbfxj,10,
10,103,20,600,480,0.5,2,0.2,10000,1400,2652805876,508175840,659098839,"[256, 128]",ReLU,1000,0.0004513797624872,0.0031219981856768,0.0,32,20,adamw,9.689686208963394,2.272842463906952,0.0188011296534825,36.53780459999689,34.671875,742696,46.25,26.25,0.0,cpu,1,2.14.1+cu130,bbc46b3,[10],5,"[600, 1400]",100,-1,d8ppbjc8,16_256x128_lr5e-4,p8lmbfxj,10,
10,103,20,1400,1120,0.5,2,0.2,10000,1400,2652805876,566365704,3676659034,"[256, 128]",ReLU,1000,0.0004513797624872,0.0031219981856768,0.0,32,20,adamw,9.117761924862862,1.392153059331437,0.0182219712207538,62.20697440000367,59.8125,742696,47.25,27.25,0.0,cpu,1,2.14.1+cu130,bbc46b3,[10],5,"[600, 1400]",100,-1,d8ppbjc8,16_256x128_lr5e-4,p8lmbfxj,10,
10,104,20,600,480,0.5,2,0.2,10000,1400,674317121,1588258083,2086086192,"[256, 128]",ReLU,1000,0.0004513797624872,0.0031219981856768,0.0,32,20,adamw,10.948543518781662,2.5920846679305534,0.0197445144523494,34.668014299997594,32.75,742696,43.65,23.65,0.0,cpu,1,2.14.1+cu130,bbc46b3,[10],5,"[600, 1400]",100,-1,d8ppbjc8,16_256x128_lr5e-4,p8lmbfxj,10,
10,104,20,1400,1120,0.5,2,0.2,10000,1400,674317121,2291450975,1832660301,"[256, 128]",ReLU,1000,0.0004513797624872,0.0031219981856768,0.0,32,20,adamw,10.256270289421082,1.7695258173682458,0.0193516514145138,64.9324021999928,62.859375,742696,50.45,30.45,0.0,cpu,1,2.14.1+cu130,bbc46b3,[10],5,"[600, 1400]",100,-1,d8ppbjc8,16_256x128_lr5e-4,p8lmbfxj,10,
10,105,20,600,480,0.5,2,0.2,10000,1400,3044021893,3051775249,2145764448,"[256, 128]",ReLU,1000,0.0004513797624872,0.0031219981856768,0.0,32,20,adamw,10.024056643247604,2.1443460100856786,0.0170975393030569,31.73401600000216,30.171875,742696,39.4,19.4,0.0,cpu,1,2.14.1+cu130,bbc46b3,[10],5,"[600, 1400]",100,-1,d8ppbjc8,16_256x128_lr5e-4,p8lmbfxj,10,
10,105,20,1400,1120,0.5,2,0.2,10000,1400,3044021893,3573492435,1183201969,"[256, 128]",ReLU,1000,0.0004513797624872,0.0031219981856768,0.0,32,20,adamw,8.875960007309914,1.3286535966851942,0.0192741683644981,67.45170900000085,65.15625,742696,54.3,34.3,0.0,cpu,1,2.14.1+cu130,bbc46b3,[10],5,"[600, 1400]",100,-1,d8ppbjc8,16_256x128_lr5e-4,p8lmbfxj,10,
10,101,20,600,480,0.5,2,0.2,10000,1400,451392222,1886901224,2337876972,"[256, 128]",ReLU,1000,0.0003499672856333,0.0018603735837672,0.0,32,50,adamw,10.330768525600432,2.3305861786337925,0.0190280054447624,66.49260189999768,64.640625,742696,89.8,39.8,0.0,cpu,1,2.14.1+cu130,bbc46b3,[10],5,"[600, 1400]",100,-1,4wh94aok,17_256x128_lr3e-4,p8lmbfxj,10,
10,101,20,1400,1120,0.5,2,0.2,10000,1400,451392222,2918041840,2547735160,"[256, 128]",ReLU,1000,0.0003499672856333,0.0018603735837672,0.0,32,50,adamw,9.5655138194561,1.596345963745543,0.0181909558217965,112.326859599998,109.65625,742696,95.25,45.25,0.0,cpu,1,2.14.1+cu130,bbc46b3,[10],5,"[600, 1400]",100,-1,4wh94aok,17_256x128_lr3e-4,p8lmbfxj,10,
10,102,20,600,480,0.5,2,0.2,10000,1400,867246825,1165147132,1341611970,"[256, 128]",ReLU,1000,0.0003499672856333,0.0018603735837672,0.0,32,50,adamw,9.1270622164011,1.99712128533012,0.0212127643569713,66.61714269999356,64.71875,742696,88.8,38.8,0.0,cpu,1,2.14.1+cu130,bbc46b3,[10],5,"[600, 1400]",100,-1,4wh94aok,17_256x128_lr3e-4,p8lmbfxj,10,
10,102,20,1400,1120,0.5,2,0.2,10000,1400,867246825,3245330784,1764884150,"[256, 128]",ReLU,1000,0.0003499672856333,0.0018603735837672,0.0,32,50,adamw,8.958600785583258,1.292300698015055,0.0175315086237897,115.19388610000895,112.609375,742696,97.3,47.3,0.0,cpu,1,2.14.1+cu130,bbc46b3,[10],5,"[600, 1400]",100,-1,4wh94aok,17_256x128_lr3e-4,p8lmbfxj,10,
10,103,20,600,480,0.5,2,0.2,10000,1400,2652805876,508175840,659098839,"[256, 128]",ReLU,1000,0.0003499672856333,0.0018603735837672,0.0,32,50,adamw,9.693357601761818,2.230092046406848,0.0204976970612215,64.44848140000249,62.28125,742696,86.1,36.1,0.0,cpu,1,2.14.1+cu130,bbc46b3,[10],5,"[600, 1400]",100,-1,4wh94aok,17_256x128_lr3e-4,p8lmbfxj,10,
10,103,20,1400,1120,0.5,2,0.2,10000,1400,2652805876,566365704,3676659034,"[256, 128]",ReLU,1000,0.0003499672856333,0.0018603735837672,0.0,32,50,adamw,9.129410192370417,1.3794657978076,0.0182272807134558,106.05231490000732,103.203125,742696,85.4,35.4,0.0,cpu,1,2.14.1+cu130,bbc46b3,[10],5,"[600, 1400]",100,-1,4wh94aok,17_256x128_lr3e-4,p8lmbfxj,10,
10,104,20,600,480,0.5,2,0.2,10000,1400,674317121,1588258083,2086086192,"[256, 128]",ReLU,1000,0.0003499672856333,0.0018603735837672,0.0,32,50,adamw,10.956596583127975,2.5800221701788315,0.0193683272296881,65.37223069999891,63.140625,742696,87.55,37.55,0.0,cpu,1,2.14.1+cu130,bbc46b3,[10],5,"[600, 1400]",100,-1,4wh94aok,17_256x128_lr3e-4,p8lmbfxj,10,
10,104,20,1400,1120,0.5,2,0.2,10000,1400,674317121,2291450975,1832660301,"[256, 128]",ReLU,1000,0.0003499672856333,0.0018603735837672,0.0,32,50,adamw,10.262813806533812,1.7573218782060644,0.0194231078803791,116.48128630001156,113.921875,742696,100.95,50.95,0.0,cpu,1,2.14.1+cu130,bbc46b3,[10],5,"[600, 1400]",100,-1,4wh94aok,17_256x128_lr3e-4,p8lmbfxj,10,
10,105,20,600,480,0.5,2,0.2,10000,1400,3044021893,3051775249,2145764448,"[256, 128]",ReLU,1000,0.0003499672856333,0.0018603735837672,0.0,32,50,adamw,10.007222652435305,2.1618062654948766,0.017899532123708,62.38722550000239,60.203125,742696,83.35,33.35,0.0,cpu,1,2.14.1+cu130,bbc46b3,[10],5,"[600, 1400]",100,-1,4wh94aok,17_256x128_lr3e-4,p8lmbfxj,10,
10,105,20,1400,1120,0.5,2,0.2,10000,1400,3044021893,3573492435,1183201969,"[256, 128]",ReLU,1000,0.0003499672856333,0.0018603735837672,0.0,32,50,adamw,8.863779067993164,1.2695649590549376,0.0189437655391295,122.09260180000274,119.515625,742696,107.9,57.9,0.0,cpu,1,2.14.1+cu130,bbc46b3,[10],5,"[600, 1400]",100,-1,4wh94aok,17_256x128_lr3e-4,p8lmbfxj,10,
10,101,20,600,480,0.5,2,0.2,10000,1400,451392222,1886901224,2337876972,"[256, 128]",ReLU,1000,0.0003387941607174,2.4546158750122363e-05,0.0,32,20,adamw,10.344764471054075,2.323603099425489,0.0185749549541424,43.29259909999382,41.328125,742696,57.05,37.05,0.0,cpu,1,2.14.1+cu130,bbc46b3,[10],5,"[600, 1400]",100,-1,5hh0iwsv,18_256x128_lr3e-4,p8lmbfxj,10,
10,101,20,1400,1120,0.5,2,0.2,10000,1400,451392222,2918041840,2547735160,"[256, 128]",ReLU,1000,0.0003387941607174,2.4546158750122363e-05,0.0,32,20,adamw,9.562006026506424,1.6018521953624112,0.0175262407504735,69.2811778000032,67.40625,742696,56.85,36.85,0.0,cpu,1,2.14.1+cu130,bbc46b3,[10],5,"[600, 1400]",100,-1,5hh0iwsv,18_256x128_lr3e-4,p8lmbfxj,10,
10,102,20,600,480,0.5,2,0.2,10000,1400,867246825,1165147132,1341611970,"[256, 128]",ReLU,1000,0.0003387941607174,2.4546158750122363e-05,0.0,32,20,adamw,9.127052813768389,1.9823094469719729,0.0215539287384767,42.60924760000489,40.890625,742696,55.85,35.85,0.0,cpu,1,2.14.1+cu130,bbc46b3,[10],5,"[600, 1400]",100,-1,5hh0iwsv,18_256x128_lr3e-4,p8lmbfxj,10,
10,102,20,1400,1120,0.5,2,0.2,10000,1400,867246825,3245330784,1764884150,"[256, 128]",ReLU,1000,0.0003387941607174,2.4546158750122363e-05,0.0,32,20,adamw,8.95806086808443,1.3084044783999933,0.0175797351382803,68.43714259999979,66.609375,742696,55.2,35.2,0.0,cpu,1,2.14.1+cu130,bbc46b3,[10],5,"[600, 1400]",100,-1,5hh0iwsv,18_256x128_lr3e-4,p8lmbfxj,10,
10,103,20,600,480,0.5,2,0.2,10000,1400,2652805876,508175840,659098839,"[256, 128]",ReLU,1000,0.0003387941607174,2.4546158750122363e-05,0.0,32,20,adamw,9.68303070962429,2.215866212550371,0.019699818361059,43.4354328999907,41.609375,742696,57.3,37.3,0.0,cpu,1,2.14.1+cu130,bbc46b3,[10],5,"[600, 1400]",100,-1,5hh0iwsv,18_256x128_lr3e-4,p8lmbfxj,10,
10,103,20,1400,1120,0.5,2,0.2,10000,1400,2652805876,566365704,3676659034,"[256, 128]",ReLU,1000,0.0003387941607174,2.4546158750122363e-05,0.0,32,20,adamw,9.125045210123062,1.3707808101187249,0.0176851018225639,63.88413669999864,62.109375,742696,49.6,29.6,0.0,cpu,1,2.14.1+cu130,bbc46b3,[10],5,"[600, 1400]",100,-1,5hh0iwsv,18_256x128_lr3e-4,p8lmbfxj,10,
10,104,20,600,480,0.5,2,0.2,10000,1400,674317121,1588258083,2086086192,"[256, 128]",ReLU,1000,0.0003387941607174,2.4546158750122363e-05,0.0,32,20,adamw,10.959533125162125,2.5956833822942307,0.0194940552518867,35.62864520000585,33.8125,742696,44.95,24.95,0.0,cpu,1,2.14.1+cu130,bbc46b3,[10],5,"[600, 1400]",100,-1,5hh0iwsv,18_256x128_lr3e-4,p8lmbfxj,10,
10,104,20,1400,1120,0.5,2,0.2,10000,1400,674317121,2291450975,1832660301,"[256, 128]",ReLU,1000,0.0003387941607174,2.4546158750122363e-05,0.0,32,20,adamw,10.246678173542024,1.7652651965502957,0.0193687183954251,72.98448479999206,70.890625,742696,60.7,40.7,0.0,cpu,1,2.14.1+cu130,bbc46b3,[10],5,"[600, 1400]",100,-1,5hh0iwsv,18_256x128_lr3e-4,p8lmbfxj,10,
10,105,20,600,480,0.5,2,0.2,10000,1400,3044021893,3051775249,2145764448,"[256, 128]",ReLU,1000,0.0003387941607174,2.4546158750122363e-05,0.0,32,20,adamw,10.022328853607178,2.1293624437580774,0.0169075007798641,36.91301390000445,35.03125,742696,46.1,26.1,0.0,cpu,1,2.14.1+cu130,bbc46b3,[10],5,"[600, 1400]",100,-1,5hh0iwsv,18_256x128_lr3e-4,p8lmbfxj,10,
10,105,20,1400,1120,0.5,2,0.2,10000,1400,3044021893,3573492435,1183201969,"[256, 128]",ReLU,1000,0.0003387941607174,2.4546158750122363e-05,0.0,32,20,adamw,8.881589442491531,1.285964773329087,0.0181240375332326,77.64640630000213,75.09375,742696,69.2,49.2,0.0,cpu,1,2.14.1+cu130,bbc46b3,[10],5,"[600, 1400]",100,-1,5hh0iwsv,18_256x128_lr3e-4,p8lmbfxj,10,
10,101,20,600,480,0.5,2,0.2,10000,1400,451392222,1886901224,2337876972,"[256, 128]",ReLU,1000,0.0003084698695932,0.0058220865120883,0.0,32,50,adamw,10.347553104162216,2.3331923319475694,0.0189669172666123,70.87769670000125,68.015625,742696,95.05,45.05,0.0,cpu,1,2.14.1+cu130,bbc46b3,[10],5,"[600, 1400]",100,-1,m9cl6voy,19_256x128_lr3e-4,p8lmbfxj,10,
10,101,20,1400,1120,0.5,2,0.2,10000,1400,451392222,2918041840,2547735160,"[256, 128]",ReLU,1000,0.0003084698695932,0.0058220865120883,0.0,32,50,adamw,9.55191457271576,1.5810494571690272,0.0180542621832623,120.967667600009,117.71875,742696,95.45,45.45,0.0,cpu,1,2.14.1+cu130,bbc46b3,[10],5,"[600, 1400]",100,-1,m9cl6voy,19_256x128_lr3e-4,p8lmbfxj,10,
10,102,20,600,480,0.5,2,0.2,10000,1400,867246825,1165147132,1341611970,"[256, 128]",ReLU,1000,0.0003084698695932,0.0058220865120883,0.0,32,50,adamw,9.12820217013359,1.9967700672287805,0.0222112256265887,68.27164829999674,65.46875,742696,90.25,40.25,0.0,cpu,1,2.14.1+cu130,bbc46b3,[10],5,"[600, 1400]",100,-1,m9cl6voy,19_256x128_lr3e-4,p8lmbfxj,10,
10,102,20,1400,1120,0.5,2,0.2,10000,1400,867246825,3245330784,1764884150,"[256, 128]",ReLU,1000,0.0003084698695932,0.0058220865120883,0.0,32,50,adamw,8.958383526653051,1.2964674648238386,0.017962907098287,124.2303610999952,120.9375,742696,99.4,49.4,0.0,cpu,1,2.14.1+cu130,bbc46b3,[10],5,"[600, 1400]",100,-1,m9cl6voy,19_256x128_lr3e-4,p8lmbfxj,10,
10,103,20,600,480,0.5,2,0.2,10000,1400,2652805876,508175840,659098839,"[256, 128]",ReLU,1000,0.0003084698695932,0.0058220865120883,0.0,32,50,adamw,9.6890859156847,2.2176521212064686,0.0199793349900467,70.10713879999821,67.4375,742696,93.65,43.65,0.0,cpu,1,2.14.1+cu130,bbc46b3,[10],5,"[600, 1400]",100,-1,m9cl6voy,19_256x128_lr3e-4,p8lmbfxj,10,
10,103,20,1400,1120,0.5,2,0.2,10000,1400,2652805876,566365704,3676659034,"[256, 128]",ReLU,1000,0.0003084698695932,0.0058220865120883,0.0,32,50,adamw,9.129922702908516,1.347754058259283,0.0181020412208793,115.79096669999126,112.125,742696,88.3,38.3,0.0,cpu,1,2.14.1+cu130,bbc46b3,[10],5,"[600, 1400]",100,-1,m9cl6voy,19_256x128_lr3e-4,p8lmbfxj,10,
10,104,20,600,480,0.5,2,0.2,10000,1400,674317121,1588258083,2086086192,"[256, 128]",ReLU,1000,0.0003084698695932,0.0058220865120883,0.0,32,50,adamw,10.960294127464294,2.5960637247680265,0.0192013993059083,62.70920909999404,59.875,742696,81.3,31.3,0.0,cpu,1,2.14.1+cu130,bbc46b3,[10],5,"[600, 1400]",100,-1,m9cl6voy,19_256x128_lr3e-4,p8lmbfxj,10,
10,104,20,1400,1120,0.5,2,0.2,10000,1400,674317121,2291450975,1832660301,"[256, 128]",ReLU,1000,0.0003084698695932,0.0058220865120883,0.0,32,50,adamw,10.269506871700289,1.7810222243219451,0.0197957641187439,125.73141459999896,122.375,742696,103.25,53.25,0.0,cpu,1,2.14.1+cu130,bbc46b3,[10],5,"[600, 1400]",100,-1,m9cl6voy,19_256x128_lr3e-4,p8lmbfxj,10,
10,105,20,600,480,0.5,2,0.2,10000,1400,3044021893,3051775249,2145764448,"[256, 128]",ReLU,1000,0.0003084698695932,0.0058220865120883,0.0,32,50,adamw,10.000990569591522,2.1283958618341763,0.0172474838313434,61.89641860000848,59.421875,742696,81.2,31.2,0.0,cpu,1,2.14.1+cu130,bbc46b3,[10],5,"[600, 1400]",100,-1,m9cl6voy,19_256x128_lr3e-4,p8lmbfxj,10,
10,105,20,1400,1120,0.5,2,0.2,10000,1400,3044021893,3573492435,1183201969,"[256, 128]",ReLU,1000,0.0003084698695932,0.0058220865120883,0.0,32,50,adamw,8.872758984565735,1.2901767592805933,0.0193939293519127,131.09473500000604,127.8125,742696,112.15,62.15,0.0,cpu,1,2.14.1+cu130,bbc46b3,[10],5,"[600, 1400]",100,-1,m9cl6voy,19_256x128_lr3e-4,p8lmbfxj,10,
10,101,20,600,480,0.5,2,0.2,10000,1400,451392222,1886901224,2337876972,"[256, 128]",ReLU,1000,0.0003030050204669,0.0015196325804667,0.0,32,20,adamw,10.350533813238144,2.319092094644776,0.0184910480987139,45.05733900000632,43.890625,742696,61.05,41.05,0.0,cpu,1,2.14.1+cu130,bbc46b3,[10],5,"[600, 1400]",100,-1,0wyfsj65,20_256x128_lr3e-4,p8lmbfxj,10,
10,101,20,1400,1120,0.5,2,0.2,10000,1400,451392222,2918041840,2547735160,"[256, 128]",ReLU,1000,0.0003030050204669,0.0015196325804667,0.0,32,20,adamw,9.561106204986572,1.589311173862269,0.0175856398803516,74.88622790000227,73.4375,742696,62.8,42.8,0.0,cpu,1,2.14.1+cu130,bbc46b3,[10],5,"[600, 1400]",100,-1,0wyfsj65,20_256x128_lr3e-4,p8lmbfxj,10,
10,102,20,600,480,0.5,2,0.2,10000,1400,867246825,1165147132,1341611970,"[256, 128]",ReLU,1000,0.0003030050204669,0.0015196325804667,0.0,32,20,adamw,9.11516135185957,1.994769648726759,0.0216244121682134,44.12258199999633,42.875,742696,59.85,39.85,0.0,cpu,1,2.14.1+cu130,bbc46b3,[10],5,"[600, 1400]",100,-1,0wyfsj65,20_256x128_lr3e-4,p8lmbfxj,10,
10,102,20,1400,1120,0.5,2,0.2,10000,1400,867246825,3245330784,1764884150,"[256, 128]",ReLU,1000,0.0003030050204669,0.0015196325804667,0.0,32,20,adamw,8.962863110005856,1.319948043591428,0.0174799330222595,71.93392769999627,70.421875,742696,58.2,38.2,0.0,cpu,1,2.14.1+cu130,bbc46b3,[10],5,"[600, 1400]",100,-1,0wyfsj65,20_256x128_lr3e-4,p8lmbfxj,10,
10,103,20,600,480,0.5,2,0.2,10000,1400,2652805876,508175840,659098839,"[256, 128]",ReLU,1000,0.0003030050204669,0.0015196325804667,0.0,32,20,adamw,9.671062111854551,2.2210048631362573,0.0190792243692765,42.60101620000205,41.3125,742696,56.65,36.65,0.0,cpu,1,2.14.1+cu130,bbc46b3,[10],5,"[600, 1400]",100,-1,0wyfsj65,20_256x128_lr3e-4,p8lmbfxj,10,
10,103,20,1400,1120,0.5,2,0.2,10000,1400,2652805876,566365704,3676659034,"[256, 128]",ReLU,1000,0.0003030050204669,0.0015196325804667,0.0,32,20,adamw,9.126834273338318,1.3346130087381385,0.0183242799857474,72.4012642000016,70.953125,742696,57.05,37.05,0.0,cpu,1,2.14.1+cu130,bbc46b3,[10],5,"[600, 1400]",100,-1,0wyfsj65,20_256x128_lr3e-4,p8lmbfxj,10,
10,104,20,600,480,0.5,2,0.2,10000,1400,674317121,1588258083,2086086192,"[256, 128]",ReLU,1000,0.0003030050204669,0.0015196325804667,0.0,32,20,adamw,10.957829505205154,2.557310740105349,0.019438395846005,36.78938030000427,35.875,742696,49.3,29.3,0.0,cpu,1,2.14.1+cu130,bbc46b3,[10],5,"[600, 1400]",100,-1,0wyfsj65,20_256x128_lr3e-4,p8lmbfxj,10,
10,104,20,1400,1120,0.5,2,0.2,10000,1400,674317121,2291450975,1832660301,"[256, 128]",ReLU,1000,0.0003030050204669,0.0015196325804667,0.0,32,20,adamw,10.269608914852142,1.757123221092546,0.0195665841453754,71.553651299997,70.15625,742696,58.45,38.45,0.0,cpu,1,2.14.1+cu130,bbc46b3,[10],5,"[600, 1400]",100,-1,0wyfsj65,20_256x128_lr3e-4,p8lmbfxj,10,
10,105,20,600,480,0.5,2,0.2,10000,1400,3044021893,3051775249,2145764448,"[256, 128]",ReLU,1000,0.0003030050204669,0.0015196325804667,0.0,32,20,adamw,10.007768124341965,2.114264948475112,0.0165493474087548,36.29216669999005,35.125,742696,48.9,28.9,0.0,cpu,1,2.14.1+cu130,bbc46b3,[10],5,"[600, 1400]",100,-1,0wyfsj65,20_256x128_lr3e-4,p8lmbfxj,10,
10,105,20,1400,1120,0.5,2,0.2,10000,1400,3044021893,3573492435,1183201969,"[256, 128]",ReLU,1000,0.0003030050204669,0.0015196325804667,0.0,32,20,adamw,8.895994916558266,1.2679405040192633,0.018639077523354,78.72209300000395,77.34375,742696,67.7,47.7,0.0,cpu,1,2.14.1+cu130,bbc46b3,[10],5,"[600, 1400]",100,-1,0wyfsj65,20_256x128_lr3e-4,p8lmbfxj,10,
10,101,20,600,480,0.5,2,0.2,10000,1400,451392222,1886901224,2337876972,"[256, 128]",ReLU,1000,0.000318676819356,0.0001616159370378,0.0,32,100,adamw,10.340841203927994,2.324761971521133,0.0190416372346124,117.99450969998723,110.671875,742696,143.65,43.65,0.0,cpu,1,2.14.1+cu130,bbc46b3,[10],5,"[600, 1400]",100,-1,avt1thsf,21_256x128_lr3e-4,p8lmbfxj,10,
10,101,20,1400,1120,0.5,2,0.2,10000,1400,451392222,2918041840,2547735160,"[256, 128]",ReLU,1000,0.000318676819356,0.0001616159370378,0.0,32,100,adamw,9.552887052297592,1.5853550204674007,0.0176596599205404,193.5304371999955,184.921875,742696,146.75,46.75,0.0,cpu,1,2.14.1+cu130,bbc46b3,[10],5,"[600, 1400]",100,-1,avt1thsf,21_256x128_lr3e-4,p8lmbfxj,10,
10,102,20,600,480,0.5,2,0.2,10000,1400,867246825,1165147132,1341611970,"[256, 128]",ReLU,1000,0.000318676819356,0.0001616159370378,0.0,32,100,adamw,9.1195482686162,1.9768208041600164,0.0218815540872099,120.86165679999976,113.59375,742696,144.75,44.75,0.0,cpu,1,2.14.1+cu130,bbc46b3,[10],5,"[600, 1400]",100,-1,avt1thsf,21_256x128_lr3e-4,p8lmbfxj,10,
10,102,20,1400,1120,0.5,2,0.2,10000,1400,867246825,3245330784,1764884150,"[256, 128]",ReLU,1000,0.000318676819356,0.0001616159370378,0.0,32,100,adamw,8.95158613845706,1.31852253445625,0.0177860478028005,204.36719570000423,196.375,742696,160.05,60.05,0.0,cpu,1,2.14.1+cu130,bbc46b3,[10],5,"[600, 1400]",100,-1,avt1thsf,21_256x128_lr3e-4,p8lmbfxj,10,
10,103,20,600,480,0.5,2,0.2,10000,1400,2652805876,508175840,659098839,"[256, 128]",ReLU,1000,0.000318676819356,0.0001616159370378,0.0,32,100,adamw,9.67410497367382,2.2245206944168414,0.0209798239805533,120.7648663999862,113.984375,742696,145.45,45.45,0.0,cpu,1,2.14.1+cu130,bbc46b3,[10],5,"[600, 1400]",100,-1,avt1thsf,21_256x128_lr3e-4,p8lmbfxj,10,
10,103,20,1400,1120,0.5,2,0.2,10000,1400,2652805876,566365704,3676659034,"[256, 128]",ReLU,1000,0.000318676819356,0.0001616159370378,0.0,32,100,adamw,9.127884447574615,1.3476795958489385,0.01802923373866,184.04552200000035,176.453125,742696,133.65,33.65,0.0,cpu,1,2.14.1+cu130,bbc46b3,[10],5,"[600, 1400]",100,-1,avt1thsf,21_256x128_lr3e-4,p8lmbfxj,10,
10,104,20,600,480,0.5,2,0.2,10000,1400,674317121,1588258083,2086086192,"[256, 128]",ReLU,1000,0.000318676819356,0.0001616159370378,0.0,32,100,adamw,10.955374121665956,2.5992113616819146,0.0191652202570826,121.82904169999529,114.9375,742696,145.9,45.9,0.0,cpu,1,2.14.1+cu130,bbc46b3,[10],5,"[600, 1400]",100,-1,avt1thsf,21_256x128_lr3e-4,p8lmbfxj,10,
10,104,20,1400,1120,0.5,2,0.2,10000,1400,674317121,2291450975,1832660301,"[256, 128]",ReLU,1000,0.000318676819356,0.0001616159370378,0.0,32,100,adamw,10.253933370113373,1.7597382586809989,0.0192972192590902,200.2753994999948,192.21875,742696,155.8,55.8,0.0,cpu,1,2.14.1+cu130,bbc46b3,[10],5,"[600, 1400]",100,-1,avt1thsf,21_256x128_lr3e-4,p8lmbfxj,10,
10,105,20,600,480,0.5,2,0.2,10000,1400,3044021893,3051775249,2145764448,"[256, 128]",ReLU,1000,0.000318676819356,0.0001616159370378,0.0,32,100,adamw,10.012449964880943,2.1335119994380105,0.0177705144469133,116.10647020000032,108.828125,742696,140.2,40.2,0.0,cpu,1,2.14.1+cu130,bbc46b3,[10],5,"[600, 1400]",100,-1,avt1thsf,21_256x128_lr3e-4,p8lmbfxj,10,
10,105,20,1400,1120,0.5,2,0.2,10000,1400,3044021893,3573492435,1183201969,"[256, 128]",ReLU,1000,0.000318676819356,0.0001616159370378,0.0,32,100,adamw,8.871965482831001,1.3106689500705782,0.0193972641259492,212.4434903999936,204.625,742696,174.1,74.1,0.0,cpu,1,2.14.1+cu130,bbc46b3,[10],5,"[600, 1400]",100,-1,avt1thsf,21_256x128_lr3e-4,p8lmbfxj,10,
10,101,20,600,480,0.5,2,0.2,10000,1400,451392222,1886901224,2337876972,"[256, 128]",ReLU,1000,0.0003088922730214,0.0002869782629456,0.0,32,20,adamw,10.3281147480011,2.339060163323042,0.0183702697155686,46.63760139999795,43.75,742696,57.55,37.55,0.0,cpu,1,2.14.1+cu130,bbc46b3,[10],5,"[600, 1400]",100,-1,9fi97hjq,22_256x128_lr3e-4,p8lmbfxj,10,
10,101,20,1400,1120,0.5,2,0.2,10000,1400,451392222,2918041840,2547735160,"[256, 128]",ReLU,1000,0.0003088922730214,0.0002869782629456,0.0,32,20,adamw,9.565869390964508,1.579662618659238,0.0174967094089945,77.87071390000347,74.328125,742696,61.95,41.95,0.0,cpu,1,2.14.1+cu130,bbc46b3,[10],5,"[600, 1400]",100,-1,9fi97hjq,22_256x128_lr3e-4,p8lmbfxj,10,
10,102,20,600,480,0.5,2,0.2,10000,1400,867246825,1165147132,1341611970,"[256, 128]",ReLU,1000,0.0003088922730214,0.0002869782629456,0.0,32,20,adamw,9.120447538793089,1.97451692397802,0.0210503865332124,46.34894799999893,43.25,742696,56.75,36.75,0.0,cpu,1,2.14.1+cu130,bbc46b3,[10],5,"[600, 1400]",100,-1,9fi97hjq,22_256x128_lr3e-4,p8lmbfxj,10,
10,102,20,1400,1120,0.5,2,0.2,10000,1400,867246825,3245330784,1764884150,"[256, 128]",ReLU,1000,0.0003088922730214,0.0002869782629456,0.0,32,20,adamw,8.96255199611187,1.2858449838367063,0.0174409781128656,77.52633930000593,74.296875,742696,61.2,41.2,0.0,cpu,1,2.14.1+cu130,bbc46b3,[10],5,"[600, 1400]",100,-1,9fi97hjq,22_256x128_lr3e-4,p8lmbfxj,10,
10,103,20,600,480,0.5,2,0.2,10000,1400,2652805876,508175840,659098839,"[256, 128]",ReLU,1000,0.0003088922730214,0.0002869782629456,0.0,32,20,adamw,9.690324187278748,2.223715390686254,0.0193975066370481,45.32092679999187,42.75,742696,55.2,35.2,0.0,cpu,1,2.14.1+cu130,bbc46b3,[10],5,"[600, 1400]",100,-1,9fi97hjq,22_256x128_lr3e-4,p8lmbfxj,10,
10,103,20,1400,1120,0.5,2,0.2,10000,1400,2652805876,566365704,3676659034,"[256, 128]",ReLU,1000,0.0003088922730214,0.0002869782629456,0.0,32,20,adamw,9.120108753442764,1.3638452367964706,0.0182368479299874,72.71835429999919,69.75,742696,55.4,35.4,0.0,cpu,1,2.14.1+cu130,bbc46b3,[10],5,"[600, 1400]",100,-1,9fi97hjq,22_256x128_lr3e-4,p8lmbfxj,10,
10,104,20,600,480,0.5,2,0.2,10000,1400,674317121,1588258083,2086086192,"[256, 128]",ReLU,1000,0.0003088922730214,0.0002869782629456,0.0,32,20,adamw,10.953980416059494,2.574512155725297,0.019406560081218,42.108783000003314,39.15625,742696,50.5,30.5,0.0,cpu,1,2.14.1+cu130,bbc46b3,[10],5,"[600, 1400]",100,-1,9fi97hjq,22_256x128_lr3e-4,p8lmbfxj,10,
10,104,20,1400,1120,0.5,2,0.2,10000,1400,674317121,2291450975,1832660301,"[256, 128]",ReLU,1000,0.0003088922730214,0.0002869782629456,0.0,32,20,adamw,10.272141575813292,1.7770899314683126,0.0197374972967942,76.47893739999563,73.25,742696,60.7,40.7,0.0,cpu,1,2.14.1+cu130,bbc46b3,[10],5,"[600, 1400]",100,-1,9fi97hjq,22_256x128_lr3e-4,p8lmbfxj,10,
10,105,20,600,480,0.5,2,0.2,10000,1400,3044021893,3051775249,2145764448,"[256, 128]",ReLU,1000,0.0003088922730214,0.0002869782629456,0.0,32,20,adamw,10.012494787573814,2.118206421259265,0.0166505331252044,38.89815090000047,36.0,742696,46.95,26.95,0.0,cpu,1,2.14.1+cu130,bbc46b3,[10],5,"[600, 1400]",100,-1,9fi97hjq,22_256x128_lr3e-4,p8lmbfxj,10,
10,105,20,1400,1120,0.5,2,0.2,10000,1400,3044021893,3573492435,1183201969,"[256, 128]",ReLU,1000,0.0003088922730214,0.0002869782629456,0.0,32,20,adamw,8.889577805995941,1.2844903927457638,0.0180766583465746,82.074380200007,78.890625,742696,69.1,49.1,0.0,cpu,1,2.14.1+cu130,bbc46b3,[10],5,"[600, 1400]",100,-1,9fi97hjq,22_256x128_lr3e-4,p8lmbfxj,10,
10,101,20,600,480,0.5,2,0.2,10000,1400,451392222,1886901224,2337876972,"[256, 128]",ReLU,1000,0.0003250506515156,8.628727029483195e-05,0.0,128,20,adamw,10.375381648540497,2.330715293057476,0.018341398439383,27.597834499989403,26.328125,742696,90.5,70.5,0.0,cpu,1,2.14.1+cu130,bbc46b3,[10],5,"[600, 1400]",100,-1,1bpxz5xr,23_256x128_lr3e-4,p8lmbfxj,10,
10,101,20,1400,1120,0.5,2,0.2,10000,1400,451392222,2918041840,2547735160,"[256, 128]",ReLU,1000,0.0003250506515156,8.628727029483195e-05,0.0,128,20,adamw,9.590360015630722,1.5681886165729986,0.0169640391551053,43.2048652000085,41.09375,742696,88.4,68.4,0.0,cpu,1,2.14.1+cu130,bbc46b3,[10],5,"[600, 1400]",100,-1,1bpxz5xr,23_256x128_lr3e-4,p8lmbfxj,10,
10,102,20,600,480,0.5,2,0.2,10000,1400,867246825,1165147132,1341611970,"[256, 128]",ReLU,1000,0.0003250506515156,8.628727029483195e-05,0.0,128,20,adamw,9.171301566064358,2.010888019539394,0.0208867130035108,26.6143951999984,25.15625,742696,87.75,67.75,0.0,cpu,1,2.14.1+cu130,bbc46b3,[10],5,"[600, 1400]",100,-1,1bpxz5xr,23_256x128_lr3e-4,p8lmbfxj,10,
10,102,20,1400,1120,0.5,2,0.2,10000,1400,867246825,3245330784,1764884150,"[256, 128]",ReLU,1000,0.0003250506515156,8.628727029483195e-05,0.0,128,20,adamw,8.987436685711145,1.2970568925179915,0.0179891096497213,43.23097710000002,41.265625,742696,86.8,66.8,0.0,cpu,1,2.14.1+cu130,bbc46b3,[10],5,"[600, 1400]",100,-1,1bpxz5xr,23_256x128_lr3e-4,p8lmbfxj,10,
10,103,20,600,480,0.5,2,0.2,10000,1400,2652805876,508175840,659098839,"[256, 128]",ReLU,1000,0.0003250506515156,8.628727029483195e-05,0.0,128,20,adamw,9.762466594576836,2.229711993032588,0.0191319309609276,26.215117400002782,25.03125,742696,85.65,65.65,0.0,cpu,1,2.14.1+cu130,bbc46b3,[10],5,"[600, 1400]",100,-1,1bpxz5xr,23_256x128_lr3e-4,p8lmbfxj,10,
10,103,20,1400,1120,0.5,2,0.2,10000,1400,2652805876,566365704,3676659034,"[256, 128]",ReLU,1000,0.0003250506515156,8.628727029483195e-05,0.0,128,20,adamw,9.177392423152924,1.34670852877958,0.0178626537112289,40.53239300000132,38.515625,742696,79.75,59.75,0.0,cpu,1,2.14.1+cu130,bbc46b3,[10],5,"[600, 1400]",100,-1,1bpxz5xr,23_256x128_lr3e-4,p8lmbfxj,10,
10,104,20,600,480,0.5,2,0.2,10000,1400,674317121,1588258083,2086086192,"[256, 128]",ReLU,1000,0.0003250506515156,8.628727029483195e-05,0.0,128,20,adamw,10.97976005077362,2.585484930802558,0.0192193377853571,23.50912850000896,22.125,742696,76.5,56.5,0.0,cpu,1,2.14.1+cu130,bbc46b3,[10],5,"[600, 1400]",100,-1,1bpxz5xr,23_256x128_lr3e-4,p8lmbfxj,10,
10,104,20,1400,1120,0.5,2,0.2,10000,1400,674317121,2291450975,1832660301,"[256, 128]",ReLU,1000,0.0003250506515156,8.628727029483195e-05,0.0,128,20,adamw,10.320518493652344,1.7539930886578556,0.0196664094615647,43.21505210000032,41.265625,742696,87.6,67.6,0.0,cpu,1,2.14.1+cu130,bbc46b3,[10],5,"[600, 1400]",100,-1,1bpxz5xr,23_256x128_lr3e-4,p8lmbfxj,10,
10,105,20,600,480,0.5,2,0.2,10000,1400,3044021893,3051775249,2145764448,"[256, 128]",ReLU,1000,0.0003250506515156,8.628727029483195e-05,0.0,128,20,adamw,10.028590068221092,2.143979410314376,0.0173408101185021,24.02361460000975,22.53125,742696,77.5,57.5,0.0,cpu,1,2.14.1+cu130,bbc46b3,[10],5,"[600, 1400]",100,-1,1bpxz5xr,23_256x128_lr3e-4,p8lmbfxj,10,
10,105,20,1400,1120,0.5,2,0.2,10000,1400,3044021893,3573492435,1183201969,"[256, 128]",ReLU,1000,0.0003250506515156,8.628727029483195e-05,0.0,128,20,adamw,8.90208175778389,1.3054130929781382,0.0191075174433883,46.50176349999674,44.71875,742696,100.85,80.85,0.0,cpu,1,2.14.1+cu130,bbc46b3,[10],5,"[600, 1400]",100,-1,1bpxz5xr,23_256x128_lr3e-4,p8lmbfxj,10,
10,101,20,600,480,0.5,2,0.2,10000,1400,451392222,1886901224,2337876972,"[256, 128]",ReLU,1000,0.0003071330604475,0.0010671190421588,0.0,32,100,adamw,10.33774310350418,2.335214823773164,0.0191051033280516,116.70675689999187,109.5,742696,146.1,46.1,0.0,cpu,1,2.14.1+cu130,bbc46b3,[10],5,"[600, 1400]",100,-1,z7p98fox,24_256x128_lr3e-4,p8lmbfxj,10,
10,101,20,1400,1120,0.5,2,0.2,10000,1400,451392222,2918041840,2547735160,"[256, 128]",ReLU,1000,0.0003071330604475,0.0010671190421588,0.0,32,100,adamw,9.5518696308136,1.5881755307476146,0.0179937948714063,197.90576090000104,189.8125,742696,149.2,49.2,0.0,cpu,1,2.14.1+cu130,bbc46b3,[10],5,"[600, 1400]",100,-1,z7p98fox,24_256x128_lr3e-4,p8lmbfxj,10,
10,102,20,600,480,0.5,2,0.2,10000,1400,867246825,1165147132,1341611970,"[256, 128]",ReLU,1000,0.0003071330604475,0.0010671190421588,0.0,32,100,adamw,9.118283048272133,2.0121026089381675,0.0226093952990922,114.32553260000714,107.5625,742696,143.2,43.2,0.0,cpu,1,2.14.1+cu130,bbc46b3,[10],5,"[600, 1400]",100,-1,z7p98fox,24_256x128_lr3e-4,p8lmbfxj,10,
10,102,20,1400,1120,0.5,2,0.2,10000,1400,867246825,3245330784,1764884150,"[256, 128]",ReLU,1000,0.0003071330604475,0.0010671190421588,0.0,32,100,adamw,8.951692275702953,1.3152320792591436,0.017496817509928,206.91495649999703,199.109375,742696,159.35,59.35,0.0,cpu,1,2.14.1+cu130,bbc46b3,[10],5,"[600, 1400]",100,-1,z7p98fox,24_256x128_lr3e-4,p8lmbfxj,10,
10,103,20,600,480,0.5,2,0.2,10000,1400,2652805876,508175840,659098839,"[256, 128]",ReLU,1000,0.0003071330604475,0.0010671190421588,0.0,32,100,adamw,9.681837245821953,2.202839135910259,0.0203256492483218,114.8821656999935,107.765625,742696,143.95,43.95,0.0,cpu,1,2.14.1+cu130,bbc46b3,[10],5,"[600, 1400]",100,-1,z7p98fox,24_256x128_lr3e-4,p8lmbfxj,10,
10,103,20,1400,1120,0.5,2,0.2,10000,1400,2652805876,566365704,3676659034,"[256, 128]",ReLU,1000,0.0003071330604475,0.0010671190421588,0.0,32,100,adamw,9.112950548529623,1.3394180148127175,0.0185530366117811,186.95948910000152,178.609375,742696,137.5,37.5,0.0,cpu,1,2.14.1+cu130,bbc46b3,[10],5,"[600, 1400]",100,-1,z7p98fox,24_256x128_lr3e-4,p8lmbfxj,10,
10,104,20,600,480,0.5,2,0.2,10000,1400,674317121,1588258083,2086086192,"[256, 128]",ReLU,1000,0.0003071330604475,0.0010671190421588,0.0,32,100,adamw,10.959478855133057,2.5927259879058404,0.0190364002111939,106.2496786999982,99.796875,742696,133.25,33.25,0.0,cpu,1,2.14.1+cu130,bbc46b3,[10],5,"[600, 1400]",100,-1,z7p98fox,24_256x128_lr3e-4,p8lmbfxj,10,
10,104,20,1400,1120,0.5,2,0.2,10000,1400,674317121,2291450975,1832660301,"[256, 128]",ReLU,1000,0.0003071330604475,0.0010671190421588,0.0,32,100,adamw,10.267341643571854,1.7514263945504895,0.0192363503334673,209.42483429999265,201.53125,742696,162.55,62.55,0.0,cpu,1,2.14.1+cu130,bbc46b3,[10],5,"[600, 1400]",100,-1,z7p98fox,24_256x128_lr3e-4,p8lmbfxj,10,
10,105,20,600,480,0.5,2,0.2,10000,1400,3044021893,3051775249,2145764448,"[256, 128]",ReLU,1000,0.0003071330604475,0.0010671190421588,0.0,32,100,adamw,10.000345781445503,2.138480055682982,0.0179624960732751,121.69533869999576,114.3125,742696,157.45,57.45,0.0,cpu,1,2.14.1+cu130,bbc46b3,[10],5,"[600, 1400]",100,-1,z7p98fox,24_256x128_lr3e-4,p8lmbfxj,10,
10,105,20,1400,1120,0.5,2,0.2,10000,1400,3044021893,3573492435,1183201969,"[256, 128]",ReLU,1000,0.0003071330604475,0.0010671190421588,0.0,32,100,adamw,8.877858400344849,1.3306403575485204,0.0198034669382491,223.8330874000094,215.765625,742696,182.65,82.65,0.0,cpu,1,2.14.1+cu130,bbc46b3,[10],5,"[600, 1400]",100,-1,z7p98fox,24_256x128_lr3e-4,p8lmbfxj,10,
10,101,20,600,480,0.5,2,0.2,10000,1400,451392222,1886901224,2337876972,"[256, 128]",ReLU,1000,0.0003119577443266,0.000158094921224,0.0,32,100,adamw,10.33533212542534,2.330245615642448,0.0190379685128516,115.74455849999504,110.734375,742696,148.1,48.1,0.0,cpu,1,2.14.1+cu130,bbc46b3,[10],5,"[600, 1400]",100,-1,9mvxeayn,25_256x128_lr3e-4,p8lmbfxj,10,
10,101,20,1400,1120,0.5,2,0.2,10000,1400,451392222,2918041840,2547735160,"[256, 128]",ReLU,1000,0.0003119577443266,0.000158094921224,0.0,32,100,adamw,9.545066326856611,1.5941453380469026,0.0178693185568336,185.17058180000456,178.890625,742696,147.65,47.65,0.0,cpu,1,2.14.1+cu130,bbc46b3,[10],5,"[600, 1400]",100,-1,9mvxeayn,25_256x128_lr3e-4,p8lmbfxj,10,
10,102,20,600,480,0.5,2,0.2,10000,1400,867246825,1165147132,1341611970,"[256, 128]",ReLU,1000,0.0003119577443266,0.000158094921224,0.0,32,100,adamw,9.118423260748386,1.978206269581365,0.0216801586491545,113.50668560000486,108.28125,742696,144.75,44.75,0.0,cpu,1,2.14.1+cu130,bbc46b3,[10],5,"[600, 1400]",100,-1,9mvxeayn,25_256x128_lr3e-4,p8lmbfxj,10,
10,102,20,1400,1120,0.5,2,0.2,10000,1400,867246825,3245330784,1764884150,"[256, 128]",ReLU,1000,0.0003119577443266,0.000158094921224,0.0,32,100,adamw,8.957779042422771,1.282844918859429,0.0180257292924464,189.53686369999195,183.640625,742696,151.8,51.8,0.0,cpu,1,2.14.1+cu130,bbc46b3,[10],5,"[600, 1400]",100,-1,9mvxeayn,25_256x128_lr3e-4,p8lmbfxj,10,
10,103,20,600,480,0.5,2,0.2,10000,1400,2652805876,508175840,659098839,"[256, 128]",ReLU,1000,0.0003119577443266,0.000158094921224,0.0,32,100,adamw,9.690974712371826,2.204220360533972,0.0204906526331587,116.90827379999972,111.265625,742696,148.95,48.95,0.0,cpu,1,2.14.1+cu130,bbc46b3,[10],5,"[600, 1400]",100,-1,9mvxeayn,25_256x128_lr3e-4,p8lmbfxj,10,
10,103,20,1400,1120,0.5,2,0.2,10000,1400,2652805876,566365704,3676659034,"[256, 128]",ReLU,1000,0.0003119577443266,0.000158094921224,0.0,32,100,adamw,9.11111430823803,1.3555099899968686,0.0185177478693965,176.7718365000037,171.3125,742696,135.7,35.7,0.0,cpu,1,2.14.1+cu130,bbc46b3,[10],5,"[600, 1400]",100,-1,9mvxeayn,25_256x128_lr3e-4,p8lmbfxj,10,
10,104,20,600,480,0.5,2,0.2,10000,1400,674317121,1588258083,2086086192,"[256, 128]",ReLU,1000,0.0003119577443266,0.000158094921224,0.0,32,100,adamw,10.960319101810455,2.5921907399978363,0.0194200134000253,106.39565249999578,101.265625,742696,136.15,36.15,0.0,cpu,1,2.14.1+cu130,bbc46b3,[10],5,"[600, 1400]",100,-1,9mvxeayn,25_256x128_lr3e-4,p8lmbfxj,10,
10,104,20,1400,1120,0.5,2,0.2,10000,1400,674317121,2291450975,1832660301,"[256, 128]",ReLU,1000,0.0003119577443266,0.000158094921224,0.0,32,100,adamw,10.2683387696743,1.7512880547461624,0.0191543752702734,189.0199505999917,182.703125,742696,152.65,52.65,0.0,cpu,1,2.14.1+cu130,bbc46b3,[10],5,"[600, 1400]",100,-1,9mvxeayn,25_256x128_lr3e-4,p8lmbfxj,10,
10,105,20,600,480,0.5,2,0.2,10000,1400,3044021893,3051775249,2145764448,"[256, 128]",ReLU,1000,0.0003119577443266,0.000158094921224,0.0,32,100,adamw,10.002817630767822,2.145752772461295,0.0182350767836528,120.2017263000016,114.765625,742696,157.45,57.45,0.0,cpu,1,2.14.1+cu130,bbc46b3,[10],5,"[600, 1400]",100,-1,9mvxeayn,25_256x128_lr3e-4,p8lmbfxj,10,
10,105,20,1400,1120,0.5,2,0.2,10000,1400,3044021893,3573492435,1183201969,"[256, 128]",ReLU,1000,0.0003119577443266,0.000158094921224,0.0,32,100,adamw,8.881778255105019,1.275477069759423,0.0194559210122236,206.49373190000188,199.703125,742696,180.2,80.2,0.0,cpu,1,2.14.1+cu130,bbc46b3,[10],5,"[600, 1400]",100,-1,9mvxeayn,25_256x128_lr3e-4,p8lmbfxj,10,
10,101,20,600,480,0.5,2,0.2,10000,1400,451392222,1886901224,2337876972,"[256, 128]",ReLU,1000,0.0003296224467307,0.0329446796851238,0.0,128,20,adamw,10.384629368782043,2.333314889182299,0.0183328312304336,26.563602499998524,25.5,742696,92.8,72.8,0.0,cpu,1,2.14.1+cu130,bbc46b3,[10],5,"[600, 1400]",100,-1,o0zxqxw3,26_256x128_lr3e-4,p8lmbfxj,10,
10,101,20,1400,1120,0.5,2,0.2,10000,1400,451392222,2918041840,2547735160,"[256, 128]",ReLU,1000,0.0003296224467307,0.0329446796851238,0.0,128,20,adamw,9.57852429151535,1.5678322690343178,0.0171589355373129,40.37797900001169,39.359375,742696,90.05,70.05,0.0,cpu,1,2.14.1+cu130,bbc46b3,[10],5,"[600, 1400]",100,-1,o0zxqxw3,26_256x128_lr3e-4,p8lmbfxj,10,
10,102,20,600,480,0.5,2,0.2,10000,1400,867246825,1165147132,1341611970,"[256, 128]",ReLU,1000,0.0003296224467307,0.0329446796851238,0.0,128,20,adamw,9.16357335448265,1.982747858086929,0.0206405654041322,25.12578930000018,24.09375,742696,87.4,67.4,0.0,cpu,1,2.14.1+cu130,bbc46b3,[10],5,"[600, 1400]",100,-1,o0zxqxw3,26_256x128_lr3e-4,p8lmbfxj,10,
10,102,20,1400,1120,0.5,2,0.2,10000,1400,867246825,3245330784,1764884150,"[256, 128]",ReLU,1000,0.0003296224467307,0.0329446796851238,0.0,128,20,adamw,9.000529129058123,1.2862033809878417,0.0177093001661431,37.91303949999565,36.53125,742696,80.65,60.65,0.0,cpu,1,2.14.1+cu130,bbc46b3,[10],5,"[600, 1400]",100,-1,o0zxqxw3,26_256x128_lr3e-4,p8lmbfxj,10,
10,103,20,600,480,0.5,2,0.2,10000,1400,2652805876,508175840,659098839,"[256, 128]",ReLU,1000,0.0003296224467307,0.0329446796851238,0.0,128,20,adamw,9.756175264716148,2.234996708667089,0.0194038784476349,25.1785635999986,24.015625,742696,87.0,67.0,0.0,cpu,1,2.14.1+cu130,bbc46b3,[10],5,"[600, 1400]",100,-1,o0zxqxw3,26_256x128_lr3e-4,p8lmbfxj,10,
10,103,20,1400,1120,0.5,2,0.2,10000,1400,2652805876,566365704,3676659034,"[256, 128]",ReLU,1000,0.0003296224467307,0.0329446796851238,0.0,128,20,adamw,9.164406403899193,1.3406921428025202,0.0178747432429391,37.73130479999236,36.4375,742696,79.75,59.75,0.0,cpu,1,2.14.1+cu130,bbc46b3,[10],5,"[600, 1400]",100,-1,o0zxqxw3,26_256x128_lr3e-4,p8lmbfxj,10,
10,104,20,600,480,0.5,2,0.2,10000,1400,674317121,1588258083,2086086192,"[256, 128]",ReLU,1000,0.0003296224467307,0.0329446796851238,0.0,128,20,adamw,10.983533024787905,2.5874187116637515,0.0192519030051395,21.68468789999315,20.65625,742696,72.85,52.85,0.0,cpu,1,2.14.1+cu130,bbc46b3,[10],5,"[600, 1400]",100,-1,o0zxqxw3,26_256x128_lr3e-4,p8lmbfxj,10,
10,104,20,1400,1120,0.5,2,0.2,10000,1400,674317121,2291450975,1832660301,"[256, 128]",ReLU,1000,0.0003296224467307,0.0329446796851238,0.0,128,20,adamw,10.32276451587677,1.752170918054487,0.0196984039849506,39.866099000006216,38.875,742696,87.25,67.25,0.0,cpu,1,2.14.1+cu130,bbc46b3,[10],5,"[600, 1400]",100,-1,o0zxqxw3,26_256x128_lr3e-4,p8lmbfxj,10,
10,105,20,600,480,0.5,2,0.2,10000,1400,3044021893,3051775249,2145764448,"[256, 128]",ReLU,1000,0.0003296224467307,0.0329446796851238,0.0,128,20,adamw,10.021404400467873,2.146821641902793,0.0169982450193893,21.919650000010733,20.9375,742696,73.9,53.9,0.0,cpu,1,2.14.1+cu130,bbc46b3,[10],5,"[600, 1400]",100,-1,o0zxqxw3,26_256x128_lr3e-4,p8lmbfxj,10,
10,105,20,1400,1120,0.5,2,0.2,10000,1400,3044021893,3573492435,1183201969,"[256, 128]",ReLU,1000,0.0003296224467307,0.0329446796851238,0.0,128,20,adamw,8.896697998046875,1.2871914972887633,0.0191381419976112,40.39342760000727,39.015625,742696,90.45,70.45,0.0,cpu,1,2.14.1+cu130,bbc46b3,[10],5,"[600, 1400]",100,-1,o0zxqxw3,26_256x128_lr3e-4,p8lmbfxj,10,
10,101,20,600,480,0.5,2,0.2,10000,1400,451392222,1886901224,2337876972,"[256, 128]",ReLU,1000,0.0003240270002801,0.0193558297823623,0.0,128,20,adamw,10.377074629068376,2.31916983335329,0.0183440797210133,27.68782240001019,26.609375,742696,94.25,74.25,0.0,cpu,1,2.14.1+cu130,bbc46b3,[10],5,"[600, 1400]",100,-1,7rdltasb,27_256x128_lr3e-4,p8lmbfxj,10,
10,101,20,1400,1120,0.5,2,0.2,10000,1400,451392222,2918041840,2547735160,"[256, 128]",ReLU,1000,0.0003240270002801,0.0193558297823623,0.0,128,20,adamw,9.579884111881256,1.557198538347472,0.0173527277247585,41.72707069999888,40.4375,742696,91.4,71.4,0.0,cpu,1,2.14.1+cu130,bbc46b3,[10],5,"[600, 1400]",100,-1,7rdltasb,27_256x128_lr3e-4,p8lmbfxj,10,
10,102,20,600,480,0.5,2,0.2,10000,1400,867246825,1165147132,1341611970,"[256, 128]",ReLU,1000,0.0003240270002801,0.0193558297823623,0.0,128,20,adamw,9.164485439658163,2.003663827597904,0.0207689958522217,25.96947949999594,24.8125,742696,87.3,67.3,0.0,cpu,1,2.14.1+cu130,bbc46b3,[10],5,"[600, 1400]",100,-1,7rdltasb,27_256x128_lr3e-4,p8lmbfxj,10,
10,102,20,1400,1120,0.5,2,0.2,10000,1400,867246825,3245330784,1764884150,"[256, 128]",ReLU,1000,0.0003240270002801,0.0193558297823623,0.0,128,20,adamw,8.996843859553337,1.2799847134989772,0.0177935514590505,39.31765139999334,38.328125,742696,80.65,60.65,0.0,cpu,1,2.14.1+cu130,bbc46b3,[10],5,"[600, 1400]",100,-1,7rdltasb,27_256x128_lr3e-4,p8lmbfxj,10,
10,103,20,600,480,0.5,2,0.2,10000,1400,2652805876,508175840,659098839,"[256, 128]",ReLU,1000,0.0003240270002801,0.0193558297823623,0.0,128,20,adamw,9.758982360363008,2.228621747825298,0.019139267860594,26.15937429999758,24.96875,742696,88.0,68.0,0.0,cpu,1,2.14.1+cu130,bbc46b3,[10],5,"[600, 1400]",100,-1,7rdltasb,27_256x128_lr3e-4,p8lmbfxj,10,
10,103,20,1400,1120,0.5,2,0.2,10000,1400,2652805876,566365704,3676659034,"[256, 128]",ReLU,1000,0.0003240270002801,0.0193558297823623,0.0,128,20,adamw,9.170688077807426,1.3484723006984072,0.0178863162745946,38.81527859999915,37.65625,742696,79.65,59.65,0.0,cpu,1,2.14.1+cu130,bbc46b3,[10],5,"[600, 1400]",100,-1,7rdltasb,27_256x128_lr3e-4,p8lmbfxj,10,
10,104,20,600,480,0.5,2,0.2,10000,1400,674317121,1588258083,2086086192,"[256, 128]",ReLU,1000,0.0003240270002801,0.0193558297823623,0.0,128,20,adamw,10.98029014468193,2.594523992495562,0.0191670613975442,22.247723499996937,21.21875,742696,74.85,54.85,0.0,cpu,1,2.14.1+cu130,bbc46b3,[10],5,"[600, 1400]",100,-1,7rdltasb,27_256x128_lr3e-4,p8lmbfxj,10,
10,104,20,1400,1120,0.5,2,0.2,10000,1400,674317121,2291450975,1832660301,"[256, 128]",ReLU,1000,0.0003240270002801,0.0193558297823623,0.0,128,20,adamw,10.317584991455078,1.755197153091323,0.0196894560175824,40.8705176999938,39.640625,742696,89.4,69.4,0.0,cpu,1,2.14.1+cu130,bbc46b3,[10],5,"[600, 1400]",100,-1,7rdltasb,27_256x128_lr3e-4,p8lmbfxj,10,
10,105,20,600,480,0.5,2,0.2,10000,1400,3044021893,3051775249,2145764448,"[256, 128]",ReLU,1000,0.0003240270002801,0.0193558297823623,0.0,128,20,adamw,10.03421950340271,2.139696244605497,0.0169922522397622,22.7350385000027,21.9375,742696,75.4,55.4,0.0,cpu,1,2.14.1+cu130,bbc46b3,[10],5,"[600, 1400]",100,-1,7rdltasb,27_256x128_lr3e-4,p8lmbfxj,10,
10,105,20,1400,1120,0.5,2,0.2,10000,1400,3044021893,3573492435,1183201969,"[256, 128]",ReLU,1000,0.0003240270002801,0.0193558297823623,0.0,128,20,adamw,8.909426510334015,1.3052488945385738,0.0189208539669015,40.60084859999188,39.234375,742696,86.75,66.75,0.0,cpu,1,2.14.1+cu130,bbc46b3,[10],5,"[600, 1400]",100,-1,7rdltasb,27_256x128_lr3e-4,p8lmbfxj,10,
10,101,20,600,480,0.5,2,0.2,10000,1400,451392222,1886901224,2337876972,"[256, 128]",ReLU,1000,0.0003347280794775,3.07489804703603e-05,0.0,32,50,adamw,10.343010425567629,2.3404350410859363,0.0188928721225401,67.38904110000294,64.546875,742696,88.25,38.25,0.0,cpu,1,2.14.1+cu130,bbc46b3,[10],5,"[600, 1400]",100,-1,n5ja71an,28_256x128_lr3e-4,p8lmbfxj,10,
10,101,20,1400,1120,0.5,2,0.2,10000,1400,451392222,2918041840,2547735160,"[256, 128]",ReLU,1000,0.0003347280794775,3.07489804703603e-05,0.0,32,50,adamw,9.55646386742592,1.5841496167395817,0.0180686890741034,115.55545689999416,112.546875,742696,95.25,45.25,0.0,cpu,1,2.14.1+cu130,bbc46b3,[10],5,"[600, 1400]",100,-1,n5ja71an,28_256x128_lr3e-4,p8lmbfxj,10,
10,102,20,600,480,0.5,2,0.2,10000,1400,867246825,1165147132,1341611970,"[256, 128]",ReLU,1000,0.0003347280794775,3.07489804703603e-05,0.0,32,50,adamw,9.126444011926653,1.9834543372234552,0.0216013313300923,68.37582069999189,65.96875,742696,89.4,39.4,0.0,cpu,1,2.14.1+cu130,bbc46b3,[10],5,"[600, 1400]",100,-1,n5ja71an,28_256x128_lr3e-4,p8lmbfxj,10,
10,102,20,1400,1120,0.5,2,0.2,10000,1400,867246825,3245330784,1764884150,"[256, 128]",ReLU,1000,0.0003347280794775,3.07489804703603e-05,0.0,32,50,adamw,8.94291090592742,1.3138706298505225,0.0178756909981494,117.51677479999488,114.515625,742696,96.05,46.05,0.0,cpu,1,2.14.1+cu130,bbc46b3,[10],5,"[600, 1400]",100,-1,n5ja71an,28_256x128_lr3e-4,p8lmbfxj,10,
10,103,20,600,480,0.5,2,0.2,10000,1400,2652805876,508175840,659098839,"[256, 128]",ReLU,1000,0.0003347280794775,3.07489804703603e-05,0.0,32,50,adamw,9.674947381019592,2.2383419253784944,0.0211984743051193,69.15843729999324,66.546875,742696,90.3,40.3,0.0,cpu,1,2.14.1+cu130,bbc46b3,[10],5,"[600, 1400]",100,-1,n5ja71an,28_256x128_lr3e-4,p8lmbfxj,10,
10,103,20,1400,1120,0.5,2,0.2,10000,1400,2652805876,566365704,3676659034,"[256, 128]",ReLU,1000,0.0003347280794775,3.07489804703603e-05,0.0,32,50,adamw,9.123345106840134,1.3634807859632818,0.0184910225260766,111.52379120000114,108.65625,742696,87.5,37.5,0.0,cpu,1,2.14.1+cu130,bbc46b3,[10],5,"[600, 1400]",100,-1,n5ja71an,28_256x128_lr3e-4,p8lmbfxj,10,
10,104,20,600,480,0.5,2,0.2,10000,1400,674317121,1588258083,2086086192,"[256, 128]",ReLU,1000,0.0003347280794775,3.07489804703603e-05,0.0,32,50,adamw,10.96314775943756,2.6011129287767782,0.0196653644024444,70.56143199998769,67.828125,742696,92.6,42.6,0.0,cpu,1,2.14.1+cu130,bbc46b3,[10],5,"[600, 1400]",100,-1,n5ja71an,28_256x128_lr3e-4,p8lmbfxj,10,
10,104,20,1400,1120,0.5,2,0.2,10000,1400,674317121,2291450975,1832660301,"[256, 128]",ReLU,1000,0.0003347280794775,3.07489804703603e-05,0.0,32,50,adamw,10.25738364458084,1.7626033678540751,0.0191676119293088,119.30212939999184,116.3125,742696,99.85,49.85,0.0,cpu,1,2.14.1+cu130,bbc46b3,[10],5,"[600, 1400]",100,-1,n5ja71an,28_256x128_lr3e-4,p8lmbfxj,10,
10,105,20,600,480,0.5,2,0.2,10000,1400,3044021893,3051775249,2145764448,"[256, 128]",ReLU,1000,0.0003347280794775,3.07489804703603e-05,0.0,32,50,adamw,10.002928271889688,2.13570041116834,0.0177201744765707,64.55499489999784,62.140625,742696,85.05,35.05,0.0,cpu,1,2.14.1+cu130,bbc46b3,[10],5,"[600, 1400]",100,-1,n5ja71an,28_256x128_lr3e-4,p8lmbfxj,10,
10,105,20,1400,1120,0.5,2,0.2,10000,1400,3044021893,3573492435,1183201969,"[256, 128]",ReLU,1000,0.0003347280794775,3.07489804703603e-05,0.0,32,50,adamw,8.879990473389626,1.283406454860241,0.0186099711541651,122.82164999999804,120.109375,742696,104.5,54.5,0.0,cpu,1,2.14.1+cu130,bbc46b3,[10],5,"[600, 1400]",100,-1,n5ja71an,28_256x128_lr3e-4,p8lmbfxj,10,
10,101,20,600,480,0.5,2,0.2,10000,1400,451392222,1886901224,2337876972,"[256, 128]",ReLU,1000,0.0003081558024044,0.001620440184286,0.0,32,20,adamw,10.335523039102554,2.348968041135978,0.0184530239574256,43.11744089999411,41.5625,742696,57.55,37.55,0.0,cpu,1,2.14.1+cu130,bbc46b3,[10],5,"[600, 1400]",100,-1,q1xs3fec,29_256x128_lr3e-4,p8lmbfxj,10,
10,101,20,1400,1120,0.5,2,0.2,10000,1400,451392222,2918041840,2547735160,"[256, 128]",ReLU,1000,0.0003081558024044,0.001620440184286,0.0,32,20,adamw,9.559311330318453,1.5862361303627883,0.017404870911357,72.12982160001411,70.21875,742696,60.85,40.85,0.0,cpu,1,2.14.1+cu130,bbc46b3,[10],5,"[600, 1400]",100,-1,q1xs3fec,29_256x128_lr3e-4,p8lmbfxj,10,
10,102,20,600,480,0.5,2,0.2,10000,1400,867246825,1165147132,1341611970,"[256, 128]",ReLU,1000,0.0003081558024044,0.001620440184286,0.0,32,20,adamw,9.125873856246471,1.9594629537366013,0.0204252759640147,41.5375989000022,40.0625,742696,55.7,35.7,0.0,cpu,1,2.14.1+cu130,bbc46b3,[10],5,"[600, 1400]",100,-1,q1xs3fec,29_256x128_lr3e-4,p8lmbfxj,10,
10,102,20,1400,1120,0.5,2,0.2,10000,1400,867246825,3245330784,1764884150,"[256, 128]",ReLU,1000,0.0003081558024044,0.001620440184286,0.0,32,20,adamw,8.954550672322512,1.3146930647923152,0.0175865416657342,71.70280240000284,69.765625,742696,58.5,38.5,0.0,cpu,1,2.14.1+cu130,bbc46b3,[10],5,"[600, 1400]",100,-1,q1xs3fec,29_256x128_lr3e-4,p8lmbfxj,10,
10,103,20,600,480,0.5,2,0.2,10000,1400,2652805876,508175840,659098839,"[256, 128]",ReLU,1000,0.0003081558024044,0.001620440184286,0.0,32,20,adamw,9.695964857935904,2.2208696818846634,0.0191589838198403,42.1926911000046,40.734375,742696,56.8,36.8,0.0,cpu,1,2.14.1+cu130,bbc46b3,[10],5,"[600, 1400]",100,-1,q1xs3fec,29_256x128_lr3e-4,p8lmbfxj,10,
10,103,20,1400,1120,0.5,2,0.2,10000,1400,2652805876,566365704,3676659034,"[256, 128]",ReLU,1000,0.0003081558024044,0.001620440184286,0.0,32,20,adamw,9.137488976120949,1.3345941150270992,0.0185791529424303,69.41387949998898,67.59375,742696,56.7,36.7,0.0,cpu,1,2.14.1+cu130,bbc46b3,[10],5,"[600, 1400]",100,-1,q1xs3fec,29_256x128_lr3e-4,p8lmbfxj,10,
10,104,20,600,480,0.5,2,0.2,10000,1400,674317121,1588258083,2086086192,"[256, 128]",ReLU,1000,0.0003081558024044,0.001620440184286,0.0,32,20,adamw,10.957686096429825,2.5976467117157767,0.0199240501173844,36.349721799997496,35.046875,742696,48.05,28.05,0.0,cpu,1,2.14.1+cu130,bbc46b3,[10],5,"[600, 1400]",100,-1,q1xs3fec,29_256x128_lr3e-4,p8lmbfxj,10,
10,104,20,1400,1120,0.5,2,0.2,10000,1400,674317121,2291450975,1832660301,"[256, 128]",ReLU,1000,0.0003081558024044,0.001620440184286,0.0,32,20,adamw,10.272914916276932,1.7896006742764206,0.0195715941096429,76.42613549999078,74.765625,742696,64.35,44.35,0.0,cpu,1,2.14.1+cu130,bbc46b3,[10],5,"[600, 1400]",100,-1,q1xs3fec,29_256x128_lr3e-4,p8lmbfxj,10,
10,105,20,600,480,0.5,2,0.2,10000,1400,3044021893,3051775249,2145764448,"[256, 128]",ReLU,1000,0.0003081558024044,0.001620440184286,0.0,32,20,adamw,10.002906888723372,2.115886498173124,0.0174396920513765,37.44716260000132,36.375,742696,49.5,29.5,0.0,cpu,1,2.14.1+cu130,bbc46b3,[10],5,"[600, 1400]",100,-1,q1xs3fec,29_256x128_lr3e-4,p8lmbfxj,10,
10,105,20,1400,1120,0.5,2,0.2,10000,1400,3044021893,3573492435,1183201969,"[256, 128]",ReLU,1000,0.0003081558024044,0.001620440184286,0.0,32,20,adamw,8.89505572617054,1.2699222614667705,0.018339362367228,79.72960269999749,78.09375,742696,69.6,49.6,0.0,cpu,1,2.14.1+cu130,bbc46b3,[10],5,"[600, 1400]",100,-1,q1xs3fec,29_256x128_lr3e-4,p8lmbfxj,10,
10,101,20,600,480,0.5,2,0.2,10000,1400,451392222,1886901224,2337876972,"[256, 128]",ReLU,1000,0.0003102627476158,0.00352322337811,0.0,64,20,adamw,10.340279310941696,2.3316617017400496,0.0185434717417696,34.9728185999993,33.734375,742696,74.25,54.25,0.0,cpu,1,2.14.1+cu130,bbc46b3,[10],5,"[600, 1400]",100,-1,7e1m9ep3,30_256x128_lr3e-4,p8lmbfxj,10,
10,101,20,1400,1120,0.5,2,0.2,10000,1400,451392222,2918041840,2547735160,"[256, 128]",ReLU,1000,0.0003102627476158,0.00352322337811,0.0,64,20,adamw,9.562042444944382,1.567444197631266,0.0169314777004475,52.92075980000664,51.390625,742696,70.7,50.7,0.0,cpu,1,2.14.1+cu130,bbc46b3,[10],5,"[600, 1400]",100,-1,7e1m9ep3,30_256x128_lr3e-4,p8lmbfxj,10,
10,102,20,600,480,0.5,2,0.2,10000,1400,867246825,1165147132,1341611970,"[256, 128]",ReLU,1000,0.0003102627476158,0.00352322337811,0.0,64,20,adamw,9.142642803490162,1.977130810783244,0.0206298101657102,32.44808609999018,31.40625,742696,67.45,47.45,0.0,cpu,1,2.14.1+cu130,bbc46b3,[10],5,"[600, 1400]",100,-1,7e1m9ep3,30_256x128_lr3e-4,p8lmbfxj,10,
10,102,20,1400,1120,0.5,2,0.2,10000,1400,867246825,3245330784,1764884150,"[256, 128]",ReLU,1000,0.0003102627476158,0.00352322337811,0.0,64,20,adamw,8.969070762395859,1.305966715186261,0.017801878845644,51.13350350000837,49.78125,742696,65.7,45.7,0.0,cpu,1,2.14.1+cu130,bbc46b3,[10],5,"[600, 1400]",100,-1,7e1m9ep3,30_256x128_lr3e-4,p8lmbfxj,10,
10,103,20,600,480,0.5,2,0.2,10000,1400,2652805876,508175840,659098839,"[256, 128]",ReLU,1000,0.0003102627476158,0.00352322337811,0.0,64,20,adamw,9.723520934581757,2.2119497556680456,0.019240827402431,33.74883409999893,32.46875,742696,71.2,51.2,0.0,cpu,1,2.14.1+cu130,bbc46b3,[10],5,"[600, 1400]",100,-1,7e1m9ep3,30_256x128_lr3e-4,p8lmbfxj,10,
10,103,20,1400,1120,0.5,2,0.2,10000,1400,2652805876,566365704,3676659034,"[256, 128]",ReLU,1000,0.0003102627476158,0.00352322337811,0.0,64,20,adamw,9.148569911718369,1.3772629162152124,0.0176622382889172,50.124067099997774,48.609375,742696,63.95,43.95,0.0,cpu,1,2.14.1+cu130,bbc46b3,[10],5,"[600, 1400]",100,-1,7e1m9ep3,30_256x128_lr3e-4,p8lmbfxj,10,
10,104,20,600,480,0.5,2,0.2,10000,1400,674317121,1588258083,2086086192,"[256, 128]",ReLU,1000,0.0003102627476158,0.00352322337811,0.0,64,20,adamw,10.97037097811699,2.5917261740528508,0.019588011310518,29.897165700007463,28.828125,742696,61.5,41.5,0.0,cpu,1,2.14.1+cu130,bbc46b3,[10],5,"[600, 1400]",100,-1,7e1m9ep3,30_256x128_lr3e-4,p8lmbfxj,10,
10,104,20,1400,1120,0.5,2,0.2,10000,1400,674317121,2291450975,1832660301,"[256, 128]",ReLU,1000,0.0003102627476158,0.00352322337811,0.0,64,20,adamw,10.293751239776611,1.7131139631813197,0.0196047324023805,53.9103771999944,52.34375,742696,72.95,52.95,0.0,cpu,1,2.14.1+cu130,bbc46b3,[10],5,"[600, 1400]",100,-1,7e1m9ep3,30_256x128_lr3e-4,p8lmbfxj,10,
10,105,20,600,480,0.5,2,0.2,10000,1400,3044021893,3051775249,2145764448,"[256, 128]",ReLU,1000,0.0003102627476158,0.00352322337811,0.0,64,20,adamw,10.00024288892746,2.178772575315891,0.0172932972586079,29.9563058000058,28.78125,742696,61.35,41.35,0.0,cpu,1,2.14.1+cu130,bbc46b3,[10],5,"[600, 1400]",100,-1,7e1m9ep3,30_256x128_lr3e-4,p8lmbfxj,10,
10,105,20,1400,1120,0.5,2,0.2,10000,1400,3044021893,3573492435,1183201969,"[256, 128]",ReLU,1000,0.0003102627476158,0.00352322337811,0.0,64,20,adamw,8.884686782956123,1.3182989398979994,0.01919660418729,55.6040207999904,54.5,742696,78.9,58.9,0.0,cpu,1,2.14.1+cu130,bbc46b3,[10],5,"[600, 1400]",100,-1,7e1m9ep3,30_256x128_lr3e-4,p8lmbfxj,10,
10,101,20,600,480,0.5,2,0.2,10000,1400,451392222,1886901224,2337876972,"[256, 128]",ReLU,1000,0.0004119645102744,0.0085926676600109,0.0,128,20,adamw,10.3728366792202,2.3391256250935824,0.0187838496371045,23.04475869999441,22.078125,742696,80.35,60.35,0.0,cpu,1,2.14.1+cu130,bbc46b3,[10],5,"[600, 1400]",100,-1,e3ymm07w,31_256x128_lr4e-4,p8lmbfxj,10,
10,101,20,1400,1120,0.5,2,0.2,10000,1400,451392222,2918041840,2547735160,"[256, 128]",ReLU,1000,0.0004119645102744,0.0085926676600109,0.0,128,20,adamw,9.574403405189514,1.577953267629755,0.0172757903501091,36.01507719999063,34.8125,742696,81.65,61.65,0.0,cpu,1,2.14.1+cu130,bbc46b3,[10],5,"[600, 1400]",100,-1,e3ymm07w,31_256x128_lr4e-4,p8lmbfxj,10,
10,102,20,600,480,0.5,2,0.2,10000,1400,867246825,1165147132,1341611970,"[256, 128]",ReLU,1000,0.0004119645102744,0.0085926676600109,0.0,128,20,adamw,9.16163432598114,1.9808655864987887,0.0204719969151533,21.74161920000916,20.921875,742696,72.3,52.3,0.0,cpu,1,2.14.1+cu130,bbc46b3,[10],5,"[600, 1400]",100,-1,e3ymm07w,31_256x128_lr4e-4,p8lmbfxj,10,
10,102,20,1400,1120,0.5,2,0.2,10000,1400,867246825,3245330784,1764884150,"[256, 128]",ReLU,1000,0.0004119645102744,0.0085926676600109,0.0,128,20,adamw,8.983840860426426,1.320021272577125,0.0174818988165337,33.6079774999962,32.4375,742696,71.35,51.35,0.0,cpu,1,2.14.1+cu130,bbc46b3,[10],5,"[600, 1400]",100,-1,e3ymm07w,31_256x128_lr4e-4,p8lmbfxj,10,
10,103,20,600,480,0.5,2,0.2,10000,1400,2652805876,508175840,659098839,"[256, 128]",ReLU,1000,0.0004119645102744,0.0085926676600109,0.0,128,20,adamw,9.75067602097988,2.227361596999326,0.0198143420689066,23.066565800007083,22.046875,742696,79.4,59.4,0.0,cpu,1,2.14.1+cu130,bbc46b3,[10],5,"[600, 1400]",100,-1,e3ymm07w,31_256x128_lr4e-4,p8lmbfxj,10,
10,103,20,1400,1120,0.5,2,0.2,10000,1400,2652805876,566365704,3676659034,"[256, 128]",ReLU,1000,0.0004119645102744,0.0085926676600109,0.0,128,20,adamw,9.164081543684006,1.3425716374316563,0.0180662346529632,34.11649909999687,33.171875,742696,72.55,52.55,0.0,cpu,1,2.14.1+cu130,bbc46b3,[10],5,"[600, 1400]",100,-1,e3ymm07w,31_256x128_lr4e-4,p8lmbfxj,10,
10,104,20,600,480,0.5,2,0.2,10000,1400,674317121,1588258083,2086086192,"[256, 128]",ReLU,1000,0.0004119645102744,0.0085926676600109,0.0,128,20,adamw,11.001221656799316,2.5992622171290147,0.0190681422816683,19.047965899997507,18.1875,742696,63.9,43.9,0.0,cpu,1,2.14.1+cu130,bbc46b3,[10],5,"[600, 1400]",100,-1,e3ymm07w,31_256x128_lr4e-4,p8lmbfxj,10,
10,104,20,1400,1120,0.5,2,0.2,10000,1400,674317121,2291450975,1832660301,"[256, 128]",ReLU,1000,0.0004119645102744,0.0085926676600109,0.0,128,20,adamw,10.302952408790588,1.756066598777485,0.0194429408167195,35.15755229999195,34.0,742696,77.1,57.1,0.0,cpu,1,2.14.1+cu130,bbc46b3,[10],5,"[600, 1400]",100,-1,e3ymm07w,31_256x128_lr4e-4,p8lmbfxj,10,
10,105,20,600,480,0.5,2,0.2,10000,1400,3044021893,3051775249,2145764448,"[256, 128]",ReLU,1000,0.0004119645102744,0.0085926676600109,0.0,128,20,adamw,10.023205891251564,2.152623339554973,0.0166351106509983,19.390738099988084,18.46875,742696,64.95,44.95,0.0,cpu,1,2.14.1+cu130,bbc46b3,[10],5,"[600, 1400]",100,-1,e3ymm07w,31_256x128_lr4e-4,p8lmbfxj,10,
10,105,20,1400,1120,0.5,2,0.2,10000,1400,3044021893,3573492435,1183201969,"[256, 128]",ReLU,1000,0.0004119645102744,0.0085926676600109,0.0,128,20,adamw,8.904544666409492,1.2944699096969423,0.0191553273572569,36.87447249999968,35.8125,742696,84.3,64.3,0.0,cpu,1,2.14.1+cu130,bbc46b3,[10],5,"[600, 1400]",100,-1,e3ymm07w,31_256x128_lr4e-4,p8lmbfxj,10,
10,101,20,600,480,0.5,2,0.2,10000,1400,451392222,1886901224,2337876972,"[256, 128]",ReLU,1000,0.0003159732066636,0.0014070481771817,0.2,32,20,adamw,10.367535024881365,2.3777036548028656,0.018607209300363,60.31908519999706,58.265625,742696,72.25,52.25,0.0,cpu,1,2.14.1+cu130,bbc46b3,[10],5,"[600, 1400]",100,-1,rgoybvod,32_256x128_lr3e-4,p8lmbfxj,10,
10,101,20,1400,1120,0.5,2,0.2,10000,1400,451392222,2918041840,2547735160,"[256, 128]",ReLU,1000,0.0003159732066636,0.0014070481771817,0.2,32,20,adamw,9.587309628725052,1.5553837367594854,0.0168408965342307,97.92127299999991,95.625,742696,69.85,49.85,0.0,cpu,1,2.14.1+cu130,bbc46b3,[10],5,"[600, 1400]",100,-1,rgoybvod,32_256x128_lr3e-4,p8lmbfxj,10,
10,102,20,600,480,0.5,2,0.2,10000,1400,867246825,1165147132,1341611970,"[256, 128]",ReLU,1000,0.0003159732066636,0.0014070481771817,0.2,32,20,adamw,9.152026124298573,1.9596291842604847,0.0211736153698258,53.47526140000264,51.6875,742696,60.4,40.4,0.0,cpu,1,2.14.1+cu130,bbc46b3,[10],5,"[600, 1400]",100,-1,rgoybvod,32_256x128_lr3e-4,p8lmbfxj,10,
10,102,20,1400,1120,0.5,2,0.2,10000,1400,867246825,3245330784,1764884150,"[256, 128]",ReLU,1000,0.0003159732066636,0.0014070481771817,0.2,32,20,adamw,8.965965688228607,1.2671441785212596,0.0178576523406715,96.68708479999624,94.234375,742696,68.15,48.15,0.0,cpu,1,2.14.1+cu130,bbc46b3,[10],5,"[600, 1400]",100,-1,rgoybvod,32_256x128_lr3e-4,p8lmbfxj,10,
10,103,20,600,480,0.5,2,0.2,10000,1400,2652805876,508175840,659098839,"[256, 128]",ReLU,1000,0.0003159732066636,0.0014070481771817,0.2,32,20,adamw,9.70595759153366,2.260167050848687,0.0188042441989191,54.04223350000393,52.015625,742696,60.5,40.5,0.0,cpu,1,2.14.1+cu130,bbc46b3,[10],5,"[600, 1400]",100,-1,rgoybvod,32_256x128_lr3e-4,p8lmbfxj,10,
10,103,20,1400,1120,0.5,2,0.2,10000,1400,2652805876,566365704,3676659034,"[256, 128]",ReLU,1000,0.0003159732066636,0.0014070481771817,0.2,32,20,adamw,9.133228242397308,1.336425907381643,0.0174667550535021,92.11448999999266,90.0,742696,63.95,43.95,0.0,cpu,1,2.14.1+cu130,bbc46b3,[10],5,"[600, 1400]",100,-1,rgoybvod,32_256x128_lr3e-4,p8lmbfxj,10,
10,104,20,600,480,0.5,2,0.2,10000,1400,674317121,1588258083,2086086192,"[256, 128]",ReLU,1000,0.0003159732066636,0.0014070481771817,0.2,32,20,adamw,10.9879991710186,2.65221711422077,0.0199800438771361,47.79122230000212,45.828125,742696,53.15,33.15,0.0,cpu,1,2.14.1+cu130,bbc46b3,[10],5,"[600, 1400]",100,-1,rgoybvod,32_256x128_lr3e-4,p8lmbfxj,10,
10,104,20,1400,1120,0.5,2,0.2,10000,1400,674317121,2291450975,1832660301,"[256, 128]",ReLU,1000,0.0003159732066636,0.0014070481771817,0.2,32,20,adamw,10.22324562072754,1.7431481864610625,0.018960075307448,100.84120460000122,98.796875,742696,73.35,53.35,0.0,cpu,1,2.14.1+cu130,bbc46b3,[10],5,"[600, 1400]",100,-1,rgoybvod,32_256x128_lr3e-4,p8lmbfxj,10,
10,105,20,600,480,0.5,2,0.2,10000,1400,3044021893,3051775249,2145764448,"[256, 128]",ReLU,1000,0.0003159732066636,0.0014070481771817,0.2,32,20,adamw,10.002573937177658,2.132011497054945,0.0173532734075972,50.240092399995774,48.3125,742696,55.85,35.85,0.0,cpu,1,2.14.1+cu130,bbc46b3,[10],5,"[600, 1400]",100,-1,rgoybvod,32_256x128_lr3e-4,p8lmbfxj,10,
10,105,20,1400,1120,0.5,2,0.2,10000,1400,3044021893,3573492435,1183201969,"[256, 128]",ReLU,1000,0.0003159732066636,0.0014070481771817,0.2,32,20,adamw,8.91417008638382,1.2354547753027836,0.0172034362644481,103.19072339999548,100.890625,742696,77.05,57.05,0.0,cpu,1,2.14.1+cu130,bbc46b3,[10],5,"[600, 1400]",100,-1,rgoybvod,32_256x128_lr3e-4,p8lmbfxj,10,
10,101,20,600,480,0.5,2,0.2,10000,1400,451392222,1886901224,2337876972,"[256, 128]",ReLU,1000,0.0003640829890551,0.0008483741621653,0.1,32,20,adamw,10.344985842704771,2.353184781782955,0.0193362477289565,53.38054740001098,51.796875,742696,63.95,43.95,0.0,cpu,1,2.14.1+cu130,bbc46b3,[10],5,"[600, 1400]",100,-1,juea0xji,33_256x128_lr4e-4,p8lmbfxj,10,
10,101,20,1400,1120,0.5,2,0.2,10000,1400,451392222,2918041840,2547735160,"[256, 128]",ReLU,1000,0.0003640829890551,0.0008483741621653,0.1,32,20,adamw,9.573396503925323,1.597405385778958,0.0172774256514396,89.05199370000628,86.78125,742696,64.2,44.2,0.0,cpu,1,2.14.1+cu130,bbc46b3,[10],5,"[600, 1400]",100,-1,juea0xji,33_256x128_lr4e-4,p8lmbfxj,10,
10,102,20,600,480,0.5,2,0.2,10000,1400,867246825,1165147132,1341611970,"[256, 128]",ReLU,1000,0.0003640829890551,0.0008483741621653,0.1,32,20,adamw,9.131777413189411,2.005138291753449,0.0212582516007377,47.9368805999984,46.21875,742696,53.45,33.45,0.0,cpu,1,2.14.1+cu130,bbc46b3,[10],5,"[600, 1400]",100,-1,juea0xji,33_256x128_lr4e-4,p8lmbfxj,10,
10,102,20,1400,1120,0.5,2,0.2,10000,1400,867246825,3245330784,1764884150,"[256, 128]",ReLU,1000,0.0003640829890551,0.0008483741621653,0.1,32,20,adamw,8.967736337333918,1.3216086723642169,0.0179047711816854,84.10450830000627,82.0,742696,57.55,37.55,0.0,cpu,1,2.14.1+cu130,bbc46b3,[10],5,"[600, 1400]",100,-1,juea0xji,33_256x128_lr4e-4,p8lmbfxj,10,
10,103,20,600,480,0.5,2,0.2,10000,1400,2652805876,508175840,659098839,"[256, 128]",ReLU,1000,0.0003640829890551,0.0008483741621653,0.1,32,20,adamw,9.693064466118813,2.261202640128952,0.0207667190669426,48.95544439999503,47.515625,742696,54.4,34.4,0.0,cpu,1,2.14.1+cu130,bbc46b3,[10],5,"[600, 1400]",100,-1,juea0xji,33_256x128_lr4e-4,p8lmbfxj,10,
10,103,20,1400,1120,0.5,2,0.2,10000,1400,2652805876,566365704,3676659034,"[256, 128]",ReLU,1000,0.0003640829890551,0.0008483741621653,0.1,32,20,adamw,9.127222925424576,1.351547408020206,0.0177311901491869,83.36148760000651,81.5,742696,56.8,36.8,0.0,cpu,1,2.14.1+cu130,bbc46b3,[10],5,"[600, 1400]",100,-1,juea0xji,33_256x128_lr4e-4,p8lmbfxj,10,
10,104,20,600,480,0.5,2,0.2,10000,1400,674317121,1588258083,2086086192,"[256, 128]",ReLU,1000,0.0003640829890551,0.0008483741621653,0.1,32,20,adamw,10.981005609035492,2.623469703920001,0.0195430227584896,45.23574289999669,43.765625,742696,50.75,30.75,0.0,cpu,1,2.14.1+cu130,bbc46b3,[10],5,"[600, 1400]",100,-1,juea0xji,33_256x128_lr4e-4,p8lmbfxj,10,
10,104,20,1400,1120,0.5,2,0.2,10000,1400,674317121,2291450975,1832660301,"[256, 128]",ReLU,1000,0.0003640829890551,0.0008483741621653,0.1,32,20,adamw,10.241933822631836,1.7464334036870226,0.0190356311458907,85.17657380001037,83.28125,742696,59.85,39.85,0.0,cpu,1,2.14.1+cu130,bbc46b3,[10],5,"[600, 1400]",100,-1,juea0xji,33_256x128_lr4e-4,p8lmbfxj,10,
10,105,20,600,480,0.5,2,0.2,10000,1400,3044021893,3051775249,2145764448,"[256, 128]",ReLU,1000,0.0003640829890551,0.0008483741621653,0.1,32,20,adamw,9.99590426683426,2.1483147368508755,0.0178461637231232,46.992736300002434,45.1875,742696,52.7,32.7,0.0,cpu,1,2.14.1+cu130,bbc46b3,[10],5,"[600, 1400]",100,-1,juea0xji,33_256x128_lr4e-4,p8lmbfxj,10,
10,105,20,1400,1120,0.5,2,0.2,10000,1400,3044021893,3573492435,1183201969,"[256, 128]",ReLU,1000,0.0003640829890551,0.0008483741621653,0.1,32,20,adamw,8.904483944177628,1.262325094663285,0.0176128119627755,92.5381051000004,90.0,742696,69.25,49.25,0.0,cpu,1,2.14.1+cu130,bbc46b3,[10],5,"[600, 1400]",100,-1,juea0xji,33_256x128_lr4e-4,p8lmbfxj,10,
10,101,20,600,480,0.5,2,0.2,10000,1400,451392222,1886901224,2337876972,"[256, 128]",ReLU,1000,0.0004212608581937,0.0304639199246054,0.0,128,20,adamw,10.360346347093582,2.3402869780451026,0.0189828895268736,23.66577820001112,22.46875,742696,81.7,61.7,0.0,cpu,1,2.14.1+cu130,bbc46b3,[10],5,"[600, 1400]",100,-1,6r8am1aa,34_256x128_lr4e-4,p8lmbfxj,10,
10,101,20,1400,1120,0.5,2,0.2,10000,1400,451392222,2918041840,2547735160,"[256, 128]",ReLU,1000,0.0004212608581937,0.0304639199246054,0.0,128,20,adamw,9.572738826274872,1.5781376060773358,0.0173359872553211,36.10973110000487,35.09375,742696,80.65,60.65,0.0,cpu,1,2.14.1+cu130,bbc46b3,[10],5,"[600, 1400]",100,-1,6r8am1aa,34_256x128_lr4e-4,p8lmbfxj,10,
10,102,20,600,480,0.5,2,0.2,10000,1400,867246825,1165147132,1341611970,"[256, 128]",ReLU,1000,0.0004212608581937,0.0304639199246054,0.0,128,20,adamw,9.161685712635515,1.9951164529564085,0.0207061213926292,21.27957480000623,20.53125,742696,71.2,51.2,0.0,cpu,1,2.14.1+cu130,bbc46b3,[10],5,"[600, 1400]",100,-1,6r8am1aa,34_256x128_lr4e-4,p8lmbfxj,10,
10,102,20,1400,1120,0.5,2,0.2,10000,1400,867246825,3245330784,1764884150,"[256, 128]",ReLU,1000,0.0004212608581937,0.0304639199246054,0.0,128,20,adamw,8.982914607971907,1.3157525289330307,0.0178303069055824,33.96665170000051,32.953125,742696,71.7,51.7,0.0,cpu,1,2.14.1+cu130,bbc46b3,[10],5,"[600, 1400]",100,-1,6r8am1aa,34_256x128_lr4e-4,p8lmbfxj,10,
10,103,20,600,480,0.5,2,0.2,10000,1400,2652805876,508175840,659098839,"[256, 128]",ReLU,1000,0.0004212608581937,0.0304639199246054,0.0,128,20,adamw,9.757356703281404,2.2558794074957897,0.0196281135344132,22.675591199993505,21.59375,742696,77.0,57.0,0.0,cpu,1,2.14.1+cu130,bbc46b3,[10],5,"[600, 1400]",100,-1,6r8am1aa,34_256x128_lr4e-4,p8lmbfxj,10,
10,103,20,1400,1120,0.5,2,0.2,10000,1400,2652805876,566365704,3676659034,"[256, 128]",ReLU,1000,0.0004212608581937,0.0304639199246054,0.0,128,20,adamw,9.15676175057888,1.3493751255122557,0.0184603505042459,34.7535407999967,33.828125,742696,74.6,54.6,0.0,cpu,1,2.14.1+cu130,bbc46b3,[10],5,"[600, 1400]",100,-1,6r8am1aa,34_256x128_lr4e-4,p8lmbfxj,10,
10,104,20,600,480,0.5,2,0.2,10000,1400,674317121,1588258083,2086086192,"[256, 128]",ReLU,1000,0.0004212608581937,0.0304639199246054,0.0,128,20,adamw,10.993555426597595,2.596613944180638,0.0195977099369756,18.517926900007296,17.703125,742696,62.75,42.75,0.0,cpu,1,2.14.1+cu130,bbc46b3,[10],5,"[600, 1400]",100,-1,6r8am1aa,34_256x128_lr4e-4,p8lmbfxj,10,
10,104,20,1400,1120,0.5,2,0.2,10000,1400,674317121,2291450975,1832660301,"[256, 128]",ReLU,1000,0.0004212608581937,0.0304639199246054,0.0,128,20,adamw,10.299469590187073,1.739595781622847,0.0194359501069057,35.28772970000864,34.0625,742696,76.3,56.3,0.0,cpu,1,2.14.1+cu130,bbc46b3,[10],5,"[600, 1400]",100,-1,6r8am1aa,34_256x128_lr4e-4,p8lmbfxj,10,
10,105,20,600,480,0.5,2,0.2,10000,1400,3044021893,3051775249,2145764448,"[256, 128]",ReLU,1000,0.0004212608581937,0.0304639199246054,0.0,128,20,adamw,10.023835599422457,2.141835385969863,0.0170318713581373,19.39492540000356,18.5,742696,65.15,45.15,0.0,cpu,1,2.14.1+cu130,bbc46b3,[10],5,"[600, 1400]",100,-1,6r8am1aa,34_256x128_lr4e-4,p8lmbfxj,10,
10,105,20,1400,1120,0.5,2,0.2,10000,1400,3044021893,3573492435,1183201969,"[256, 128]",ReLU,1000,0.0004212608581937,0.0304639199246054,0.0,128,20,adamw,8.89744445681572,1.2951581444509062,0.0188940084723214,36.40825320000295,35.3125,742696,81.45,61.45,0.0,cpu,1,2.14.1+cu130,bbc46b3,[10],5,"[600, 1400]",100,-1,6r8am1aa,34_256x128_lr4e-4,p8lmbfxj,10,
10,101,20,600,480,0.5,2,0.2,10000,1400,451392222,1886901224,2337876972,"[256, 128]",ReLU,1000,0.0003070727949314,0.0114839624202865,0.3,32,50,adamw,10.354053407907486,2.3854189896114693,0.0187513768644626,96.30162889999336,93.671875,742696,111.2,61.2,0.0,cpu,1,2.14.1+cu130,bbc46b3,[10],5,"[600, 1400]",100,-1,ti4083im,35_256x128_lr3e-4,p8lmbfxj,10,
10,101,20,1400,1120,0.5,2,0.2,10000,1400,451392222,2918041840,2547735160,"[256, 128]",ReLU,1000,0.0003070727949314,0.0114839624202865,0.3,32,50,adamw,9.5843166410923,1.542532548742711,0.0170154152922363,171.95093550000456,169.0,742696,126.2,76.2,0.0,cpu,1,2.14.1+cu130,bbc46b3,[10],5,"[600, 1400]",100,-1,ti4083im,35_256x128_lr3e-4,p8lmbfxj,10,
10,102,20,600,480,0.5,2,0.2,10000,1400,867246825,1165147132,1341611970,"[256, 128]",ReLU,1000,0.0003070727949314,0.0114839624202865,0.3,32,50,adamw,9.141305170953274,1.9831493000529328,0.0209380199709806,95.08804230000533,92.140625,742696,109.7,59.7,0.0,cpu,1,2.14.1+cu130,bbc46b3,[10],5,"[600, 1400]",100,-1,ti4083im,35_256x128_lr3e-4,p8lmbfxj,10,
10,102,20,1400,1120,0.5,2,0.2,10000,1400,867246825,3245330784,1764884150,"[256, 128]",ReLU,1000,0.0003070727949314,0.0114839624202865,0.3,32,50,adamw,8.94350566715002,1.2875173091593446,0.017839739679508,166.59454629999527,163.484375,742696,117.3,67.3,0.0,cpu,1,2.14.1+cu130,bbc46b3,[10],5,"[600, 1400]",100,-1,ti4083im,35_256x128_lr3e-4,p8lmbfxj,10,
10,103,20,600,480,0.5,2,0.2,10000,1400,2652805876,508175840,659098839,"[256, 128]",ReLU,1000,0.0003070727949314,0.0114839624202865,0.3,32,50,adamw,9.671569108963013,2.2753605313190053,0.0210887663841789,98.36939169999096,95.453125,742696,113.95,63.95,0.0,cpu,1,2.14.1+cu130,bbc46b3,[10],5,"[600, 1400]",100,-1,ti4083im,35_256x128_lr3e-4,p8lmbfxj,10,
10,103,20,1400,1120,0.5,2,0.2,10000,1400,2652805876,566365704,3676659034,"[256, 128]",ReLU,1000,0.0003070727949314,0.0114839624202865,0.3,32,50,adamw,9.122797593474388,1.3023949526042664,0.0180959781609603,165.26554509998823,162.1875,742696,116.45,66.45,0.0,cpu,1,2.14.1+cu130,bbc46b3,[10],5,"[600, 1400]",100,-1,ti4083im,35_256x128_lr3e-4,p8lmbfxj,10,
10,104,20,600,480,0.5,2,0.2,10000,1400,674317121,1588258083,2086086192,"[256, 128]",ReLU,1000,0.0003070727949314,0.0114839624202865,0.3,32,50,adamw,10.961448699235916,2.644512645127924,0.0197908260614671,90.47640339999634,87.6875,742696,101.75,51.75,0.0,cpu,1,2.14.1+cu130,bbc46b3,[10],5,"[600, 1400]",100,-1,ti4083im,35_256x128_lr3e-4,p8lmbfxj,10,
10,104,20,1400,1120,0.5,2,0.2,10000,1400,674317121,2291450975,1832660301,"[256, 128]",ReLU,1000,0.0003070727949314,0.0114839624202865,0.3,32,50,adamw,10.228151142597198,1.6952620204033402,0.0193010761950717,177.45920939999633,173.953125,742696,133.7,83.7,0.0,cpu,1,2.14.1+cu130,bbc46b3,[10],5,"[600, 1400]",100,-1,ti4083im,35_256x128_lr3e-4,p8lmbfxj,10,
10,105,20,600,480,0.5,2,0.2,10000,1400,3044021893,3051775249,2145764448,"[256, 128]",ReLU,1000,0.0003070727949314,0.0114839624202865,0.3,32,50,adamw,10.017239272594452,2.2026517434054185,0.0170684661608775,83.38741270000173,80.5,742696,93.7,43.7,0.0,cpu,1,2.14.1+cu130,bbc46b3,[10],5,"[600, 1400]",100,-1,ti4083im,35_256x128_lr3e-4,p8lmbfxj,10,
10,105,20,1400,1120,0.5,2,0.2,10000,1400,3044021893,3573492435,1183201969,"[256, 128]",ReLU,1000,0.0003070727949314,0.0114839624202865,0.3,32,50,adamw,8.885443463921547,1.266595618664799,0.0176498866902156,176.25740690001112,173.34375,742696,130.15,80.15,0.0,cpu,1,2.14.1+cu130,bbc46b3,[10],5,"[600, 1400]",100,-1,ti4083im,35_256x128_lr3e-4,p8lmbfxj,10,
10,101,20,600,480,0.5,2,0.2,10000,1400,451392222,1886901224,2337876972,"[256, 128]",ReLU,1000,0.0003935572603259,0.0260031451847962,0.3,32,20,adamw,10.347680062055588,2.3620602168385303,0.0175577709058832,55.57536609999079,53.296875,742696,64.15,44.15,0.0,cpu,1,2.14.1+cu130,bbc46b3,[10],5,"[600, 1400]",100,-1,iapkywx1,36_256x128_lr4e-4,p8lmbfxj,10,
10,101,20,1400,1120,0.5,2,0.2,10000,1400,451392222,2918041840,2547735160,"[256, 128]",ReLU,1000,0.0003935572603259,0.0260031451847962,0.3,32,20,adamw,9.589873105287552,1.556843023471424,0.0164755721108953,101.87604240000655,99.28125,742696,74.65,54.65,0.0,cpu,1,2.14.1+cu130,bbc46b3,[10],5,"[600, 1400]",100,-1,iapkywx1,36_256x128_lr4e-4,p8lmbfxj,10,
10,102,20,600,480,0.5,2,0.2,10000,1400,867246825,1165147132,1341611970,"[256, 128]",ReLU,1000,0.0003935572603259,0.0260031451847962,0.3,32,20,adamw,9.13306075334549,2.001007379866307,0.0206832272374448,53.52329500000633,51.0625,742696,60.15,40.15,0.0,cpu,1,2.14.1+cu130,bbc46b3,[10],5,"[600, 1400]",100,-1,iapkywx1,36_256x128_lr4e-4,p8lmbfxj,10,
10,102,20,1400,1120,0.5,2,0.2,10000,1400,867246825,3245330784,1764884150,"[256, 128]",ReLU,1000,0.0003935572603259,0.0260031451847962,0.3,32,20,adamw,8.953993760049343,1.2708908078456949,0.0177123726141377,100.54176389999338,98.03125,742696,71.8,51.8,0.0,cpu,1,2.14.1+cu130,bbc46b3,[10],5,"[600, 1400]",100,-1,iapkywx1,36_256x128_lr4e-4,p8lmbfxj,10,
10,103,20,600,480,0.5,2,0.2,10000,1400,2652805876,508175840,659098839,"[256, 128]",ReLU,1000,0.0003935572603259,0.0260031451847962,0.3,32,20,adamw,9.678411066532137,2.242367860591936,0.0201672521592789,56.98234840000805,54.90625,742696,66.3,46.3,0.0,cpu,1,2.14.1+cu130,bbc46b3,[10],5,"[600, 1400]",100,-1,iapkywx1,36_256x128_lr4e-4,p8lmbfxj,10,
10,103,20,1400,1120,0.5,2,0.2,10000,1400,2652805876,566365704,3676659034,"[256, 128]",ReLU,1000,0.0003935572603259,0.0260031451847962,0.3,32,20,adamw,9.132659018039703,1.330566396434593,0.0175055324371771,99.66201750001346,97.28125,742696,69.4,49.4,0.0,cpu,1,2.14.1+cu130,bbc46b3,[10],5,"[600, 1400]",100,-1,iapkywx1,36_256x128_lr4e-4,p8lmbfxj,10,
10,104,20,600,480,0.5,2,0.2,10000,1400,674317121,1588258083,2086086192,"[256, 128]",ReLU,1000,0.0003935572603259,0.0260031451847962,0.3,32,20,adamw,10.976047307252884,2.6301897530936524,0.0191335738802445,47.567929099997855,45.71875,742696,53.0,33.0,0.0,cpu,1,2.14.1+cu130,bbc46b3,[10],5,"[600, 1400]",100,-1,iapkywx1,36_256x128_lr4e-4,p8lmbfxj,10,
10,104,20,1400,1120,0.5,2,0.2,10000,1400,674317121,2291450975,1832660301,"[256, 128]",ReLU,1000,0.0003935572603259,0.0260031451847962,0.3,32,20,adamw,10.226085305213928,1.727641775584426,0.0187080821209836,101.37867320000078,98.828125,742696,73.35,53.35,0.0,cpu,1,2.14.1+cu130,bbc46b3,[10],5,"[600, 1400]",100,-1,iapkywx1,36_256x128_lr4e-4,p8lmbfxj,10,
10,105,20,600,480,0.5,2,0.2,10000,1400,3044021893,3051775249,2145764448,"[256, 128]",ReLU,1000,0.0003935572603259,0.0260031451847962,0.3,32,20,adamw,9.986936807632446,2.144278912716608,0.0174575869505194,50.44409059999453,48.234375,742696,56.35,36.35,0.0,cpu,1,2.14.1+cu130,bbc46b3,[10],5,"[600, 1400]",100,-1,iapkywx1,36_256x128_lr4e-4,p8lmbfxj,10,
10,105,20,1400,1120,0.5,2,0.2,10000,1400,3044021893,3573492435,1183201969,"[256, 128]",ReLU,1000,0.0003935572603259,0.0260031451847962,0.3,32,20,adamw,8.89593343436718,1.244924212473023,0.0171961087339456,104.293256200006,101.90625,742696,75.7,55.7,0.0,cpu,1,2.14.1+cu130,bbc46b3,[10],5,"[600, 1400]",100,-1,iapkywx1,36_256x128_lr4e-4,p8lmbfxj,10,
10,101,20,600,480,0.5,2,0.2,10000,1400,451392222,1886901224,2337876972,"[256, 128]",ReLU,1000,0.0004208989881954,0.0240156325072017,0.1,32,20,adamw,10.340199202299118,2.361633153900198,0.0186999852232096,48.71543009999732,47.015625,742696,57.0,37.0,0.0,cpu,1,2.14.1+cu130,bbc46b3,[10],5,"[600, 1400]",100,-1,qftl45rx,37_256x128_lr4e-4,p8lmbfxj,10,
10,101,20,1400,1120,0.5,2,0.2,10000,1400,451392222,2918041840,2547735160,"[256, 128]",ReLU,1000,0.0004208989881954,0.0240156325072017,0.1,32,20,adamw,9.562698781490326,1.581576292016742,0.0173341643624906,79.35172120000061,77.734375,742696,55.7,35.7,0.0,cpu,1,2.14.1+cu130,bbc46b3,[10],5,"[600, 1400]",100,-1,qftl45rx,37_256x128_lr4e-4,p8lmbfxj,10,
10,102,20,600,480,0.5,2,0.2,10000,1400,867246825,1165147132,1341611970,"[256, 128]",ReLU,1000,0.0004208989881954,0.0240156325072017,0.1,32,20,adamw,9.126309864223003,1.975894808520776,0.0213179845732277,45.711370000004536,44.109375,742696,51.4,31.4,0.0,cpu,1,2.14.1+cu130,bbc46b3,[10],5,"[600, 1400]",100,-1,qftl45rx,37_256x128_lr4e-4,p8lmbfxj,10,
10,102,20,1400,1120,0.5,2,0.2,10000,1400,867246825,3245330784,1764884150,"[256, 128]",ReLU,1000,0.0004208989881954,0.0240156325072017,0.1,32,20,adamw,8.946760922670364,1.3109917295576636,0.0178702398975807,76.68262649999815,74.90625,742696,52.2,32.2,0.0,cpu,1,2.14.1+cu130,bbc46b3,[10],5,"[600, 1400]",100,-1,qftl45rx,37_256x128_lr4e-4,p8lmbfxj,10,
10,103,20,600,480,0.5,2,0.2,10000,1400,2652805876,508175840,659098839,"[256, 128]",ReLU,1000,0.0004208989881954,0.0240156325072017,0.1,32,20,adamw,9.714318931102753,2.2963027978079698,0.019584005496648,44.310190000003786,42.78125,742696,49.6,29.6,0.0,cpu,1,2.14.1+cu130,bbc46b3,[10],5,"[600, 1400]",100,-1,qftl45rx,37_256x128_lr4e-4,p8lmbfxj,10,
10,103,20,1400,1120,0.5,2,0.2,10000,1400,2652805876,566365704,3676659034,"[256, 128]",ReLU,1000,0.0004208989881954,0.0240156325072017,0.1,32,20,adamw,9.111622139811516,1.382605130411053,0.0180729922188341,75.71677369999816,74.078125,742696,51.6,31.6,0.0,cpu,1,2.14.1+cu130,bbc46b3,[10],5,"[600, 1400]",100,-1,qftl45rx,37_256x128_lr4e-4,p8lmbfxj,10,
10,104,20,600,480,0.5,2,0.2,10000,1400,674317121,1588258083,2086086192,"[256, 128]",ReLU,1000,0.0004208989881954,0.0240156325072017,0.1,32,20,adamw,10.973177790641785,2.6235847490216684,0.0197631198889127,38.84093179999036,37.578125,742696,43.2,23.2,0.0,cpu,1,2.14.1+cu130,bbc46b3,[10],5,"[600, 1400]",100,-1,qftl45rx,37_256x128_lr4e-4,p8lmbfxj,10,
10,104,20,1400,1120,0.5,2,0.2,10000,1400,674317121,2291450975,1832660301,"[256, 128]",ReLU,1000,0.0004208989881954,0.0240156325072017,0.1,32,20,adamw,10.217272788286207,1.7187985602306843,0.0193569311047468,82.24978399999964,80.34375,742696,59.7,39.7,0.0,cpu,1,2.14.1+cu130,bbc46b3,[10],5,"[600, 1400]",100,-1,qftl45rx,37_256x128_lr4e-4,p8lmbfxj,10,
10,105,20,600,480,0.5,2,0.2,10000,1400,3044021893,3051775249,2145764448,"[256, 128]",ReLU,1000,0.0004208989881954,0.0240156325072017,0.1,32,20,adamw,10.003430053591728,2.129244616461869,0.0174417574918612,42.46548049998819,41.015625,742696,47.05,27.05,0.0,cpu,1,2.14.1+cu130,bbc46b3,[10],5,"[600, 1400]",100,-1,qftl45rx,37_256x128_lr4e-4,p8lmbfxj,10,
10,105,20,1400,1120,0.5,2,0.2,10000,1400,3044021893,3573492435,1183201969,"[256, 128]",ReLU,1000,0.0004208989881954,0.0240156325072017,0.1,32,20,adamw,8.888916045427322,1.2684479154219157,0.0184434123487312,88.89776130000246,87.234375,742696,68.8,48.8,0.0,cpu,1,2.14.1+cu130,bbc46b3,[10],5,"[600, 1400]",100,-1,qftl45rx,37_256x128_lr4e-4,p8lmbfxj,10,
10,101,20,600,480,0.5,2,0.2,10000,1400,451392222,1886901224,2337876972,"[128, 64]",ReLU,1000,0.0003435393291765,0.0160026781897468,0.0,128,20,adamw,10.412074148654938,2.4310037833641567,0.0185156736491696,18.774830599999405,18.203125,207528,137.5,117.5,0.0,cpu,1,2.14.1+cu130,bbc46b3,[10],5,"[600, 1400]",100,-1,k5mp7zkb,38_128x64_lr3e-4,p8lmbfxj,10,
10,101,20,1400,1120,0.5,2,0.2,10000,1400,451392222,2918041840,2547735160,"[128, 64]",ReLU,1000,0.0003435393291765,0.0160026781897468,0.0,128,20,adamw,9.63805142045021,1.5842661543685033,0.0174647559819216,30.08736960000533,29.578125,207528,128.3,108.3,0.0,cpu,1,2.14.1+cu130,bbc46b3,[10],5,"[600, 1400]",100,-1,k5mp7zkb,38_128x64_lr3e-4,p8lmbfxj,10,
10,102,20,600,480,0.5,2,0.2,10000,1400,867246825,1165147132,1341611970,"[128, 64]",ReLU,1000,0.0003435393291765,0.0160026781897468,0.0,128,20,adamw,9.150885716080666,1.95416885187916,0.0208089418277818,17.169275799999014,16.640625,207528,123.3,103.3,0.0,cpu,1,2.14.1+cu130,bbc46b3,[10],5,"[600, 1400]",100,-1,k5mp7zkb,38_128x64_lr3e-4,p8lmbfxj,10,
10,102,20,1400,1120,0.5,2,0.2,10000,1400,867246825,3245330784,1764884150,"[128, 64]",ReLU,1000,0.0003435393291765,0.0160026781897468,0.0,128,20,adamw,8.996096797287464,1.334978247669622,0.0186529275691233,28.080449100001715,27.484375,207528,114.6,94.6,0.0,cpu,1,2.14.1+cu130,bbc46b3,[10],5,"[600, 1400]",100,-1,k5mp7zkb,38_128x64_lr3e-4,p8lmbfxj,10,
10,103,20,600,480,0.5,2,0.2,10000,1400,2652805876,508175840,659098839,"[128, 64]",ReLU,1000,0.0003435393291765,0.0160026781897468,0.0,128,20,adamw,9.891674533486366,2.324481428379647,0.0180770734337066,16.926406300000963,16.453125,207528,120.35,100.35,0.0,cpu,1,2.14.1+cu130,bbc46b3,[10],5,"[600, 1400]",100,-1,k5mp7zkb,38_128x64_lr3e-4,p8lmbfxj,10,
10,103,20,1400,1120,0.5,2,0.2,10000,1400,2652805876,566365704,3676659034,"[128, 64]",ReLU,1000,0.0003435393291765,0.0160026781897468,0.0,128,20,adamw,9.167957544326782,1.348353804464968,0.0184570821265311,28.687404900003457,28.046875,207528,117.25,97.25,0.0,cpu,1,2.14.1+cu130,bbc46b3,[10],5,"[600, 1400]",100,-1,k5mp7zkb,38_128x64_lr3e-4,p8lmbfxj,10,
10,104,20,600,480,0.5,2,0.2,10000,1400,674317121,1588258083,2086086192,"[128, 64]",ReLU,1000,0.0003435393291765,0.0160026781897468,0.0,128,20,adamw,10.99218252301216,2.610086288096424,0.0197042642952094,15.144788200006587,14.8125,207528,105.65,85.65,0.0,cpu,1,2.14.1+cu130,bbc46b3,[10],5,"[600, 1400]",100,-1,k5mp7zkb,38_128x64_lr3e-4,p8lmbfxj,10,
10,104,20,1400,1120,0.5,2,0.2,10000,1400,674317121,2291450975,1832660301,"[128, 64]",ReLU,1000,0.0003435393291765,0.0160026781897468,0.0,128,20,adamw,10.341841131448746,1.7742063688982035,0.019448825187142,30.279307700009667,29.671875,207528,127.7,107.7,0.0,cpu,1,2.14.1+cu130,bbc46b3,[10],5,"[600, 1400]",100,-1,k5mp7zkb,38_128x64_lr3e-4,p8lmbfxj,10,
10,105,20,600,480,0.5,2,0.2,10000,1400,3044021893,3051775249,2145764448,"[128, 64]",ReLU,1000,0.0003435393291765,0.0160026781897468,0.0,128,20,adamw,10.090665325522425,2.214871382136073,0.0173770163469993,14.894861100008711,14.4375,207528,105.35,85.35,0.0,cpu,1,2.14.1+cu130,bbc46b3,[10],5,"[600, 1400]",100,-1,k5mp7zkb,38_128x64_lr3e-4,p8lmbfxj,10,
10,105,20,1400,1120,0.5,2,0.2,10000,1400,3044021893,3573492435,1183201969,"[128, 64]",ReLU,1000,0.0003435393291765,0.0160026781897468,0.0,128,20,adamw,8.978536307811737,1.31329831640185,0.0184013170923558,30.226795499998843,29.578125,207528,129.05,109.05,0.0,cpu,1,2.14.1+cu130,bbc46b3,[10],5,"[600, 1400]",100,-1,k5mp7zkb,38_128x64_lr3e-4,p8lmbfxj,10,
10,101,20,600,480,0.5,2,0.2,10000,1400,451392222,1886901224,2337876972,"[128, 64]",ReLU,1000,0.0003497947038223,0.0055109332000139,0.3,32,20,adamw,10.342108011245728,2.3568974179461364,0.0187767180304635,47.94616859999951,47.125,207528,107.7,87.7,0.0,cpu,1,2.14.1+cu130,bbc46b3,[10],5,"[600, 1400]",100,-1,mjj5vx5v,39_128x64_lr3e-4,p8lmbfxj,10,
10,101,20,1400,1120,0.5,2,0.2,10000,1400,451392222,2918041840,2547735160,"[128, 64]",ReLU,1000,0.0003497947038223,0.0055109332000139,0.3,32,20,adamw,9.600299894809725,1.5915502006944175,0.0157950527583229,90.41972959999111,89.203125,207528,107.45,87.45,0.0,cpu,1,2.14.1+cu130,bbc46b3,[10],5,"[600, 1400]",100,-1,mjj5vx5v,39_128x64_lr3e-4,p8lmbfxj,10,
10,102,20,600,480,0.5,2,0.2,10000,1400,867246825,1165147132,1341611970,"[128, 64]",ReLU,1000,0.0003497947038223,0.0055109332000139,0.3,32,20,adamw,9.173023484647274,1.9800518969597385,0.0206396173740547,42.388816000006045,41.8125,207528,90.25,70.25,0.0,cpu,1,2.14.1+cu130,bbc46b3,[10],5,"[600, 1400]",100,-1,mjj5vx5v,39_128x64_lr3e-4,p8lmbfxj,10,
10,102,20,1400,1120,0.5,2,0.2,10000,1400,867246825,3245330784,1764884150,"[128, 64]",ReLU,1000,0.0003497947038223,0.0055109332000139,0.3,32,20,adamw,8.951810758560896,1.307373465401272,0.0169340141576769,79.86070970000583,78.703125,207528,91.4,71.4,0.0,cpu,1,2.14.1+cu130,bbc46b3,[10],5,"[600, 1400]",100,-1,mjj5vx5v,39_128x64_lr3e-4,p8lmbfxj,10,
10,103,20,600,480,0.5,2,0.2,10000,1400,2652805876,508175840,659098839,"[128, 64]",ReLU,1000,0.0003497947038223,0.0055109332000139,0.3,32,20,adamw,9.747566431760788,2.2790122663023475,0.0187519108339127,40.43093289999524,39.671875,207528,86.95,66.95,0.0,cpu,1,2.14.1+cu130,bbc46b3,[10],5,"[600, 1400]",100,-1,mjj5vx5v,39_128x64_lr3e-4,p8lmbfxj,10,
10,103,20,1400,1120,0.5,2,0.2,10000,1400,2652805876,566365704,3676659034,"[128, 64]",ReLU,1000,0.0003497947038223,0.0055109332000139,0.3,32,20,adamw,9.19517531991005,1.3385790247410738,0.0173255646056025,87.0613980999915,86.203125,207528,98.3,78.3,0.0,cpu,1,2.14.1+cu130,bbc46b3,[10],5,"[600, 1400]",100,-1,mjj5vx5v,39_128x64_lr3e-4,p8lmbfxj,10,
10,104,20,600,480,0.5,2,0.2,10000,1400,674317121,1588258083,2086086192,"[128, 64]",ReLU,1000,0.0003497947038223,0.0055109332000139,0.3,32,20,adamw,10.971251875162125,2.5961142516318017,0.0208852583380528,42.76931820000755,42.125,207528,92.3,72.3,0.0,cpu,1,2.14.1+cu130,bbc46b3,[10],5,"[600, 1400]",100,-1,mjj5vx5v,39_128x64_lr3e-4,p8lmbfxj,10,
10,104,20,1400,1120,0.5,2,0.2,10000,1400,674317121,2291450975,1832660301,"[128, 64]",ReLU,1000,0.0003497947038223,0.0055109332000139,0.3,32,20,adamw,10.277425765991213,1.7418913243542062,0.0182780092284486,93.93383059999906,92.9375,207528,107.8,87.8,0.0,cpu,1,2.14.1+cu130,bbc46b3,[10],5,"[600, 1400]",100,-1,mjj5vx5v,39_128x64_lr3e-4,p8lmbfxj,10,
10,105,20,600,480,0.5,2,0.2,10000,1400,3044021893,3051775249,2145764448,"[128, 64]",ReLU,1000,0.0003497947038223,0.0055109332000139,0.3,32,20,adamw,10.08277814090252,2.226169860460605,0.0168121500248121,36.21191550001095,35.40625,207528,76.65,56.65,0.0,cpu,1,2.14.1+cu130,bbc46b3,[10],5,"[600, 1400]",100,-1,mjj5vx5v,39_128x64_lr3e-4,p8lmbfxj,10,
10,105,20,1400,1120,0.5,2,0.2,10000,1400,3044021893,3573492435,1183201969,"[128, 64]",ReLU,1000,0.0003497947038223,0.0055109332000139,0.3,32,20,adamw,8.98596727848053,1.2650728974795578,0.0160389254517544,91.86405200000443,90.859375,207528,104.35,84.35,0.0,cpu,1,2.14.1+cu130,bbc46b3,[10],5,"[600, 1400]",100,-1,mjj5vx5v,39_128x64_lr3e-4,p8lmbfxj,10,
10,101,20,600,480,0.5,2,0.2,10000,1400,451392222,1886901224,2337876972,"[256, 128]",ReLU,1000,0.0003094712768007,0.005088573055464,0.3,32,50,adamw,10.352319777011871,2.384160068774731,0.0188193842086559,96.54039999999804,93.25,742696,111.2,61.2,0.0,cpu,1,2.14.1+cu130,bbc46b3,[10],5,"[600, 1400]",100,-1,5dnk1pnw,40_256x128_lr3e-4,p8lmbfxj,10,
10,101,20,1400,1120,0.5,2,0.2,10000,1400,451392222,2918041840,2547735160,"[256, 128]",ReLU,1000,0.0003094712768007,0.005088573055464,0.3,32,50,adamw,9.571400195360184,1.560645260654001,0.0171845698348696,174.11960089999775,170.234375,742696,126.75,76.75,0.0,cpu,1,2.14.1+cu130,bbc46b3,[10],5,"[600, 1400]",100,-1,5dnk1pnw,40_256x128_lr3e-4,p8lmbfxj,10,
10,102,20,600,480,0.5,2,0.2,10000,1400,867246825,1165147132,1341611970,"[256, 128]",ReLU,1000,0.0003094712768007,0.005088573055464,0.3,32,50,adamw,9.142657689750196,2.055492479451184,0.0222643571838256,98.21421140000166,94.890625,742696,111.8,61.8,0.0,cpu,1,2.14.1+cu130,bbc46b3,[10],5,"[600, 1400]",100,-1,5dnk1pnw,40_256x128_lr3e-4,p8lmbfxj,10,
10,102,20,1400,1120,0.5,2,0.2,10000,1400,867246825,3245330784,1764884150,"[256, 128]",ReLU,1000,0.0003094712768007,0.005088573055464,0.3,32,50,adamw,8.956015642732382,1.2632500313785149,0.0178363230326117,167.6139853999921,163.5,742696,116.95,66.95,0.0,cpu,1,2.14.1+cu130,bbc46b3,[10],5,"[600, 1400]",100,-1,5dnk1pnw,40_256x128_lr3e-4,p8lmbfxj,10,
10,103,20,600,480,0.5,2,0.2,10000,1400,2652805876,508175840,659098839,"[256, 128]",ReLU,1000,0.0003094712768007,0.005088573055464,0.3,32,50,adamw,9.667278543114662,2.2574176452217096,0.0207679392464916,99.01316459999362,95.28125,742696,113.05,63.05,0.0,cpu,1,2.14.1+cu130,bbc46b3,[10],5,"[600, 1400]",100,-1,5dnk1pnw,40_256x128_lr3e-4,p8lmbfxj,10,
10,103,20,1400,1120,0.5,2,0.2,10000,1400,2652805876,566365704,3676659034,"[256, 128]",ReLU,1000,0.0003094712768007,0.005088573055464,0.3,32,50,adamw,9.119454681873322,1.311137450943051,0.0181821101957248,163.5655637000018,159.5,742696,114.1,64.1,0.0,cpu,1,2.14.1+cu130,bbc46b3,[10],5,"[600, 1400]",100,-1,5dnk1pnw,40_256x128_lr3e-4,p8lmbfxj,10,
10,104,20,600,480,0.5,2,0.2,10000,1400,674317121,1588258083,2086086192,"[256, 128]",ReLU,1000,0.0003094712768007,0.005088573055464,0.3,32,50,adamw,10.964425444602966,2.63449572975454,0.0200133351460818,93.30210869999428,90.0625,742696,105.35,55.35,0.0,cpu,1,2.14.1+cu130,bbc46b3,[10],5,"[600, 1400]",100,-1,5dnk1pnw,40_256x128_lr3e-4,p8lmbfxj,10,
10,104,20,1400,1120,0.5,2,0.2,10000,1400,674317121,2291450975,1832660301,"[256, 128]",ReLU,1000,0.0003094712768007,0.005088573055464,0.3,32,50,adamw,10.23287346959114,1.6924465201764909,0.0193500018584335,181.90175940000336,177.515625,742696,136.75,86.75,0.0,cpu,1,2.14.1+cu130,bbc46b3,[10],5,"[600, 1400]",100,-1,5dnk1pnw,40_256x128_lr3e-4,p8lmbfxj,10,
10,105,20,600,480,0.5,2,0.2,10000,1400,3044021893,3051775249,2145764448,"[256, 128]",ReLU,1000,0.0003094712768007,0.005088573055464,0.3,32,50,adamw,10.01637151837349,2.2005730094802534,0.0171109987115714,83.61725070000102,80.390625,742696,93.7,43.7,0.0,cpu,1,2.14.1+cu130,bbc46b3,[10],5,"[600, 1400]",100,-1,5dnk1pnw,40_256x128_lr3e-4,p8lmbfxj,10,
10,105,20,1400,1120,0.5,2,0.2,10000,1400,3044021893,3573492435,1183201969,"[256, 128]",ReLU,1000,0.0003094712768007,0.005088573055464,0.3,32,50,adamw,8.867462247610092,1.261324503222849,0.0182756572199367,182.4060480000044,178.015625,742696,137.05,87.05,0.0,cpu,1,2.14.1+cu130,bbc46b3,[10],5,"[600, 1400]",100,-1,5dnk1pnw,40_256x128_lr3e-4,p8lmbfxj,10,
10,101,20,600,480,0.5,2,0.2,10000,1400,451392222,1886901224,2337876972,"[256, 128]",ReLU,1000,0.0003351699484873,0.000423319764788,0.2,32,50,adamw,10.353904515504835,2.35617679850798,0.018480343550881,88.12785739998799,84.78125,742696,101.0,51.0,0.0,cpu,1,2.14.1+cu130,bbc46b3,[10],5,"[600, 1400]",100,-1,x8x69yba,41_256x128_lr3e-4,p8lmbfxj,10,
10,101,20,1400,1120,0.5,2,0.2,10000,1400,451392222,2918041840,2547735160,"[256, 128]",ReLU,1000,0.0003351699484873,0.000423319764788,0.2,32,50,adamw,9.568140387535095,1.5787617985421518,0.0174417646375443,157.79284759999427,154.328125,742696,110.4,60.4,0.0,cpu,1,2.14.1+cu130,bbc46b3,[10],5,"[600, 1400]",100,-1,x8x69yba,41_256x128_lr3e-4,p8lmbfxj,10,
10,102,20,600,480,0.5,2,0.2,10000,1400,867246825,1165147132,1341611970,"[256, 128]",ReLU,1000,0.0003351699484873,0.000423319764788,0.2,32,50,adamw,9.141874797642233,1.973042901716148,0.0205087771103254,82.4129130999936,79.609375,742696,91.85,41.85,0.0,cpu,1,2.14.1+cu130,bbc46b3,[10],5,"[600, 1400]",100,-1,x8x69yba,41_256x128_lr3e-4,p8lmbfxj,10,
10,102,20,1400,1120,0.5,2,0.2,10000,1400,867246825,3245330784,1764884150,"[256, 128]",ReLU,1000,0.0003351699484873,0.000423319764788,0.2,32,50,adamw,8.956009570509195,1.262137312737383,0.0183121074579858,166.08796340000117,162.78125,742696,118.85,68.85,0.0,cpu,1,2.14.1+cu130,bbc46b3,[10],5,"[600, 1400]",100,-1,x8x69yba,41_256x128_lr3e-4,p8lmbfxj,10,
10,103,20,600,480,0.5,2,0.2,10000,1400,2652805876,508175840,659098839,"[256, 128]",ReLU,1000,0.0003351699484873,0.000423319764788,0.2,32,50,adamw,9.704477056860924,2.265972273348704,0.020811416841552,86.48771850000776,83.640625,742696,98.25,48.25,0.0,cpu,1,2.14.1+cu130,bbc46b3,[10],5,"[600, 1400]",100,-1,x8x69yba,41_256x128_lr3e-4,p8lmbfxj,10,
10,103,20,1400,1120,0.5,2,0.2,10000,1400,2652805876,566365704,3676659034,"[256, 128]",ReLU,1000,0.0003351699484873,0.000423319764788,0.2,32,50,adamw,9.128534972667694,1.346490852155837,0.0176369054275353,145.0863868000015,142.1875,742696,96.65,46.65,0.0,cpu,1,2.14.1+cu130,bbc46b3,[10],5,"[600, 1400]",100,-1,x8x69yba,41_256x128_lr3e-4,p8lmbfxj,10,
10,104,20,600,480,0.5,2,0.2,10000,1400,674317121,1588258083,2086086192,"[256, 128]",ReLU,1000,0.0003351699484873,0.000423319764788,0.2,32,50,adamw,10.96692818403244,2.653611363331359,0.0203224040976315,81.7932082000043,79.265625,742696,91.5,41.5,0.0,cpu,1,2.14.1+cu130,bbc46b3,[10],5,"[600, 1400]",100,-1,x8x69yba,41_256x128_lr3e-4,p8lmbfxj,10,
10,104,20,1400,1120,0.5,2,0.2,10000,1400,674317121,2291450975,1832660301,"[256, 128]",ReLU,1000,0.0003351699484873,0.000423319764788,0.2,32,50,adamw,10.210387200117111,1.7310317097467214,0.0195354881542157,161.8853284999932,158.515625,742696,116.15,66.15,0.0,cpu,1,2.14.1+cu130,bbc46b3,[10],5,"[600, 1400]",100,-1,x8x69yba,41_256x128_lr3e-4,p8lmbfxj,10,
10,105,20,600,480,0.5,2,0.2,10000,1400,3044021893,3051775249,2145764448,"[256, 128]",ReLU,1000,0.0003351699484873,0.000423319764788,0.2,32,50,adamw,10.016979470849035,2.155305882070572,0.0177540005790979,81.88306210000883,78.9375,742696,91.25,41.25,0.0,cpu,1,2.14.1+cu130,bbc46b3,[10],5,"[600, 1400]",100,-1,x8x69yba,41_256x128_lr3e-4,p8lmbfxj,10,
10,105,20,1400,1120,0.5,2,0.2,10000,1400,3044021893,3573492435,1183201969,"[256, 128]",ReLU,1000,0.0003351699484873,0.000423319764788,0.2,32,50,adamw,8.87073040008545,1.2452333697285798,0.0178121338307811,166.45041859999765,162.703125,742696,128.25,78.25,0.0,cpu,1,2.14.1+cu130,bbc46b3,[10],5,"[600, 1400]",100,-1,x8x69yba,41_256x128_lr3e-4,p8lmbfxj,10,
10,101,20,600,480,0.5,2,0.2,10000,1400,451392222,1886901224,2337876972,"[256, 128]",ReLU,1000,0.0004408091543846,0.0034404122770634,0.1,32,20,adamw,10.324527472257614,2.341404599872542,0.0179832010502031,45.76105249999091,43.328125,742696,49.3,29.3,0.0,cpu,1,2.14.1+cu130,bbc46b3,[10],5,"[600, 1400]",100,-1,reqa7eta,42_256x128_lr4e-4,p8lmbfxj,10,
10,101,20,1400,1120,0.5,2,0.2,10000,1400,451392222,2918041840,2547735160,"[256, 128]",ReLU,1000,0.0004408091543846,0.0034404122770634,0.1,32,20,adamw,9.561804562807083,1.5956403563259904,0.0170138126438716,79.33573750000505,76.984375,742696,54.75,34.75,0.0,cpu,1,2.14.1+cu130,bbc46b3,[10],5,"[600, 1400]",100,-1,reqa7eta,42_256x128_lr4e-4,p8lmbfxj,10,
10,102,20,600,480,0.5,2,0.2,10000,1400,867246825,1165147132,1341611970,"[256, 128]",ReLU,1000,0.0004408091543846,0.0034404122770634,0.1,32,20,adamw,9.140757836401464,2.0114399223213857,0.0216791341798165,44.416994300001534,42.4375,742696,48.35,28.35,0.0,cpu,1,2.14.1+cu130,bbc46b3,[10],5,"[600, 1400]",100,-1,reqa7eta,42_256x128_lr4e-4,p8lmbfxj,10,
10,102,20,1400,1120,0.5,2,0.2,10000,1400,867246825,3245330784,1764884150,"[256, 128]",ReLU,1000,0.0004408091543846,0.0034404122770634,0.1,32,20,adamw,8.948390047997236,1.3157403312892846,0.0180401181816919,76.4960551999975,73.96875,742696,51.55,31.55,0.0,cpu,1,2.14.1+cu130,bbc46b3,[10],5,"[600, 1400]",100,-1,reqa7eta,42_256x128_lr4e-4,p8lmbfxj,10,
10,103,20,600,480,0.5,2,0.2,10000,1400,2652805876,508175840,659098839,"[256, 128]",ReLU,1000,0.0004408091543846,0.0034404122770634,0.1,32,20,adamw,9.71231034398079,2.2981016587294776,0.020116339928487,46.44169120000152,43.90625,742696,50.5,30.5,0.0,cpu,1,2.14.1+cu130,bbc46b3,[10],5,"[600, 1400]",100,-1,reqa7eta,42_256x128_lr4e-4,p8lmbfxj,10,
10,103,20,1400,1120,0.5,2,0.2,10000,1400,2652805876,566365704,3676659034,"[256, 128]",ReLU,1000,0.0004408091543846,0.0034404122770634,0.1,32,20,adamw,9.113319218158722,1.35599394044938,0.0181206137395137,75.83612069999799,73.25,742696,51.5,31.5,0.0,cpu,1,2.14.1+cu130,bbc46b3,[10],5,"[600, 1400]",100,-1,reqa7eta,42_256x128_lr4e-4,p8lmbfxj,10,
10,104,20,600,480,0.5,2,0.2,10000,1400,674317121,1588258083,2086086192,"[256, 128]",ReLU,1000,0.0004408091543846,0.0034404122770634,0.1,32,20,adamw,10.978209882974625,2.6325830054334505,0.0199104619210675,40.33057619999454,38.375,742696,43.8,23.8,0.0,cpu,1,2.14.1+cu130,bbc46b3,[10],5,"[600, 1400]",100,-1,reqa7eta,42_256x128_lr4e-4,p8lmbfxj,10,
10,104,20,1400,1120,0.5,2,0.2,10000,1400,674317121,2291450975,1832660301,"[256, 128]",ReLU,1000,0.0004408091543846,0.0034404122770634,0.1,32,20,adamw,10.230553060770037,1.7485521132778166,0.0198919534372404,83.7187363999983,81.359375,742696,61.1,41.1,0.0,cpu,1,2.14.1+cu130,bbc46b3,[10],5,"[600, 1400]",100,-1,reqa7eta,42_256x128_lr4e-4,p8lmbfxj,10,
10,105,20,600,480,0.5,2,0.2,10000,1400,3044021893,3051775249,2145764448,"[256, 128]",ReLU,1000,0.0004408091543846,0.0034404122770634,0.1,32,20,adamw,10.0175813883543,2.158343402606979,0.0175067298598539,44.38764250000531,41.921875,742696,47.85,27.85,0.0,cpu,1,2.14.1+cu130,bbc46b3,[10],5,"[600, 1400]",100,-1,reqa7eta,42_256x128_lr4e-4,p8lmbfxj,10,
10,105,20,1400,1120,0.5,2,0.2,10000,1400,3044021893,3573492435,1183201969,"[256, 128]",ReLU,1000,0.0004408091543846,0.0034404122770634,0.1,32,20,adamw,8.906860157847404,1.2845389565889875,0.0182507709185564,83.94747189999907,81.140625,742696,61.0,41.0,0.0,cpu,1,2.14.1+cu130,bbc46b3,[10],5,"[600, 1400]",100,-1,reqa7eta,42_256x128_lr4e-4,p8lmbfxj,10,
10,101,20,600,480,0.5,2,0.2,10000,1400,451392222,1886901224,2337876972,"[256, 128]",ReLU,1000,0.0003373860738144,0.01997858612572,0.3,32,20,adamw,10.36431246995926,2.340863364293474,0.0185873743504024,62.42352690000553,60.375,742696,71.6,51.6,0.0,cpu,1,2.14.1+cu130,bbc46b3,[10],5,"[600, 1400]",100,-1,tvbtvieb,43_256x128_lr3e-4,p8lmbfxj,10,
10,101,20,1400,1120,0.5,2,0.2,10000,1400,451392222,2918041840,2547735160,"[256, 128]",ReLU,1000,0.0003373860738144,0.01997858612572,0.3,32,20,adamw,9.606884270906448,1.581126280411916,0.0163231121847954,103.0036328999995,100.84375,742696,72.05,52.05,0.0,cpu,1,2.14.1+cu130,bbc46b3,[10],5,"[600, 1400]",100,-1,tvbtvieb,43_256x128_lr3e-4,p8lmbfxj,10,
10,102,20,600,480,0.5,2,0.2,10000,1400,867246825,1165147132,1341611970,"[256, 128]",ReLU,1000,0.0003373860738144,0.01997858612572,0.3,32,20,adamw,9.144131369888784,1.990909596534188,0.0212852462150693,60.582434199997806,58.84375,742696,68.25,48.25,0.0,cpu,1,2.14.1+cu130,bbc46b3,[10],5,"[600, 1400]",100,-1,tvbtvieb,43_256x128_lr3e-4,p8lmbfxj,10,
10,102,20,1400,1120,0.5,2,0.2,10000,1400,867246825,3245330784,1764884150,"[256, 128]",ReLU,1000,0.0003373860738144,0.01997858612572,0.3,32,20,adamw,8.960861098021269,1.3029534312269613,0.0177443821723781,104.28384960000405,102.046875,742696,72.1,52.1,0.0,cpu,1,2.14.1+cu130,bbc46b3,[10],5,"[600, 1400]",100,-1,tvbtvieb,43_256x128_lr3e-4,p8lmbfxj,10,
10,103,20,600,480,0.5,2,0.2,10000,1400,2652805876,508175840,659098839,"[256, 128]",ReLU,1000,0.0003373860738144,0.01997858612572,0.3,32,20,adamw,9.672224134206772,2.264123606875401,0.0207005880051704,59.33242520000204,57.421875,742696,66.2,46.2,0.0,cpu,1,2.14.1+cu130,bbc46b3,[10],5,"[600, 1400]",100,-1,tvbtvieb,43_256x128_lr3e-4,p8lmbfxj,10,
10,103,20,1400,1120,0.5,2,0.2,10000,1400,2652805876,566365704,3676659034,"[256, 128]",ReLU,1000,0.0003373860738144,0.01997858612572,0.3,32,20,adamw,9.133177563548088,1.3456644792362742,0.0175796083599717,106.98261510000157,104.671875,742696,75.2,55.2,0.0,cpu,1,2.14.1+cu130,bbc46b3,[10],5,"[600, 1400]",100,-1,tvbtvieb,43_256x128_lr3e-4,p8lmbfxj,10,
10,104,20,600,480,0.5,2,0.2,10000,1400,674317121,1588258083,2086086192,"[256, 128]",ReLU,1000,0.0003373860738144,0.01997858612572,0.3,32,20,adamw,10.97758224606514,2.6433117451299,0.0200140662468892,55.44281390000833,53.46875,742696,61.8,41.8,0.0,cpu,1,2.14.1+cu130,bbc46b3,[10],5,"[600, 1400]",100,-1,tvbtvieb,43_256x128_lr3e-4,p8lmbfxj,10,
10,104,20,1400,1120,0.5,2,0.2,10000,1400,674317121,2291450975,1832660301,"[256, 128]",ReLU,1000,0.0003373860738144,0.01997858612572,0.3,32,20,adamw,10.243394494056702,1.7281007080170268,0.0185823175928806,110.24438820000796,108.171875,742696,80.65,60.65,0.0,cpu,1,2.14.1+cu130,bbc46b3,[10],5,"[600, 1400]",100,-1,tvbtvieb,43_256x128_lr3e-4,p8lmbfxj,10,
10,105,20,600,480,0.5,2,0.2,10000,1400,3044021893,3051775249,2145764448,"[256, 128]",ReLU,1000,0.0003373860738144,0.01997858612572,0.3,32,20,adamw,10.007907167077065,2.187770332272573,0.0168613745893636,52.69292269999278,50.90625,742696,58.6,38.6,0.0,cpu,1,2.14.1+cu130,bbc46b3,[10],5,"[600, 1400]",100,-1,tvbtvieb,43_256x128_lr3e-4,p8lmbfxj,10,
10,105,20,1400,1120,0.5,2,0.2,10000,1400,3044021893,3573492435,1183201969,"[256, 128]",ReLU,1000,0.0003373860738144,0.01997858612572,0.3,32,20,adamw,8.888601005077362,1.2466157005325509,0.0177057259816675,117.43134330000612,115.015625,742696,90.2,70.2,0.0,cpu,1,2.14.1+cu130,bbc46b3,[10],5,"[600, 1400]",100,-1,tvbtvieb,43_256x128_lr3e-4,p8lmbfxj,10,
10,101,20,600,480,0.5,2,0.2,10000,1400,451392222,1886901224,2337876972,"[256, 128]",ReLU,1000,0.0010429252195678,0.0567179820380218,0.3,32,50,adamw,10.29481753706932,2.355259419041383,0.0192284890727426,71.46731359999103,68.421875,742696,77.35,27.35,0.0,cpu,1,2.14.1+cu130,bbc46b3,[10],5,"[600, 1400]",100,-1,4q3xj892,44_256x128_lr1e-3,p8lmbfxj,10,
10,101,20,1400,1120,0.5,2,0.2,10000,1400,451392222,2918041840,2547735160,"[256, 128]",ReLU,1000,0.0010429252195678,0.0567179820380218,0.3,32,50,adamw,9.567668586969376,1.606963943723086,0.016581835146664,122.08774280000944,118.1875,742696,82.7,32.7,0.0,cpu,1,2.14.1+cu130,bbc46b3,[10],5,"[600, 1400]",100,-1,4q3xj892,44_256x128_lr1e-3,p8lmbfxj,10,
10,102,20,600,480,0.5,2,0.2,10000,1400,867246825,1165147132,1341611970,"[256, 128]",ReLU,1000,0.0010429252195678,0.0567179820380218,0.3,32,50,adamw,9.139996215701103,2.01463863032567,0.0219329456105294,70.01815489999717,66.6875,742696,75.75,25.75,0.0,cpu,1,2.14.1+cu130,bbc46b3,[10],5,"[600, 1400]",100,-1,4q3xj892,44_256x128_lr1e-3,p8lmbfxj,10,
10,102,20,1400,1120,0.5,2,0.2,10000,1400,867246825,3245330784,1764884150,"[256, 128]",ReLU,1000,0.0010429252195678,0.0567179820380218,0.3,32,50,adamw,8.922366086393595,1.2841004389810955,0.0189088942601953,129.39375489999657,125.703125,742696,90.85,40.85,0.0,cpu,1,2.14.1+cu130,bbc46b3,[10],5,"[600, 1400]",100,-1,4q3xj892,44_256x128_lr1e-3,p8lmbfxj,10,
10,103,20,600,480,0.5,2,0.2,10000,1400,2652805876,508175840,659098839,"[256, 128]",ReLU,1000,0.0010429252195678,0.0567179820380218,0.3,32,50,adamw,9.701780781149864,2.3716240092264447,0.0210748000700541,76.50889270000334,73.34375,742696,85.75,35.75,0.0,cpu,1,2.14.1+cu130,bbc46b3,[10],5,"[600, 1400]",100,-1,4q3xj892,44_256x128_lr1e-3,p8lmbfxj,10,
10,103,20,1400,1120,0.5,2,0.2,10000,1400,2652805876,566365704,3676659034,"[256, 128]",ReLU,1000,0.0010429252195678,0.0567179820380218,0.3,32,50,adamw,9.095868572592735,1.3444139818127574,0.0185074886463285,119.77597070000776,115.96875,742696,79.9,29.9,0.0,cpu,1,2.14.1+cu130,bbc46b3,[10],5,"[600, 1400]",100,-1,4q3xj892,44_256x128_lr1e-3,p8lmbfxj,10,
10,104,20,600,480,0.5,2,0.2,10000,1400,674317121,1588258083,2086086192,"[256, 128]",ReLU,1000,0.0010429252195678,0.0567179820380218,0.3,32,50,adamw,10.974975734949112,2.69473505690585,0.0222034086919893,67.67384820000734,64.796875,742696,72.9,22.9,0.0,cpu,1,2.14.1+cu130,bbc46b3,[10],5,"[600, 1400]",100,-1,4q3xj892,44_256x128_lr1e-3,p8lmbfxj,10,
10,104,20,1400,1120,0.5,2,0.2,10000,1400,674317121,2291450975,1832660301,"[256, 128]",ReLU,1000,0.0010429252195678,0.0567179820380218,0.3,32,50,adamw,10.185276478528976,1.734766075964994,0.0186649139041341,123.39071429999603,119.859375,742696,83.55,33.55,0.0,cpu,1,2.14.1+cu130,bbc46b3,[10],5,"[600, 1400]",100,-1,4q3xj892,44_256x128_lr1e-3,p8lmbfxj,10,
10,105,20,600,480,0.5,2,0.2,10000,1400,3044021893,3051775249,2145764448,"[256, 128]",ReLU,1000,0.0010429252195678,0.0567179820380218,0.3,32,50,adamw,10.012027859687803,2.2823088701947367,0.0197042476087709,68.58881719999772,65.671875,742696,73.7,23.7,0.0,cpu,1,2.14.1+cu130,bbc46b3,[10],5,"[600, 1400]",100,-1,4q3xj892,44_256x128_lr1e-3,p8lmbfxj,10,
10,105,20,1400,1120,0.5,2,0.2,10000,1400,3044021893,3573492435,1183201969,"[256, 128]",ReLU,1000,0.0010429252195678,0.0567179820380218,0.3,32,50,adamw,8.859350234270096,1.2590014583485791,0.0180776789647697,131.66481970000314,127.796875,742696,93.95,43.95,0.0,cpu,1,2.14.1+cu130,bbc46b3,[10],5,"[600, 1400]",100,-1,4q3xj892,44_256x128_lr1e-3,p8lmbfxj,10,
10,101,20,600,480,0.5,2,0.2,10000,1400,451392222,1886901224,2337876972,"[256, 128]",ReLU,1000,0.0006891757812417,0.0113633232980842,0.5,32,20,adamw,10.31668770313263,2.3801092139794773,0.018296230887624,55.54141879999952,53.734375,742696,63.85,43.85,0.0,cpu,1,2.14.1+cu130,bbc46b3,[10],5,"[600, 1400]",100,-1,ezi1zrq9,45_256x128_lr7e-4,p8lmbfxj,10,
10,101,20,1400,1120,0.5,2,0.2,10000,1400,451392222,2918041840,2547735160,"[256, 128]",ReLU,1000,0.0006891757812417,0.0113633232980842,0.5,32,20,adamw,9.606404423713684,1.5788705354354866,0.0166430361304215,100.94708260000334,98.484375,742696,73.0,53.0,0.0,cpu,1,2.14.1+cu130,bbc46b3,[10],5,"[600, 1400]",100,-1,ezi1zrq9,45_256x128_lr7e-4,p8lmbfxj,10,
10,102,20,600,480,0.5,2,0.2,10000,1400,867246825,1165147132,1341611970,"[256, 128]",ReLU,1000,0.0006891757812417,0.0113633232980842,0.5,32,20,adamw,9.140699610114098,2.0196624697545165,0.0207734787262935,54.13224039999477,52.21875,742696,61.2,41.2,0.0,cpu,1,2.14.1+cu130,bbc46b3,[10],5,"[600, 1400]",100,-1,ezi1zrq9,45_256x128_lr7e-4,p8lmbfxj,10,
10,102,20,1400,1120,0.5,2,0.2,10000,1400,867246825,3245330784,1764884150,"[256, 128]",ReLU,1000,0.0006891757812417,0.0113633232980842,0.5,32,20,adamw,8.915080968290567,1.2713809077372011,0.017337911552213,93.71894150000298,91.40625,742696,65.6,45.6,0.0,cpu,1,2.14.1+cu130,bbc46b3,[10],5,"[600, 1400]",100,-1,ezi1zrq9,45_256x128_lr7e-4,p8lmbfxj,10,
10,103,20,600,480,0.5,2,0.2,10000,1400,2652805876,508175840,659098839,"[256, 128]",ReLU,1000,0.0006891757812417,0.0113633232980842,0.5,32,20,adamw,9.723678901791573,2.3269178623354194,0.0200832872996093,52.46049029999995,50.609375,742696,59.15,39.15,0.0,cpu,1,2.14.1+cu130,bbc46b3,[10],5,"[600, 1400]",100,-1,ezi1zrq9,45_256x128_lr7e-4,p8lmbfxj,10,
10,103,20,1400,1120,0.5,2,0.2,10000,1400,2652805876,566365704,3676659034,"[256, 128]",ReLU,1000,0.0006891757812417,0.0113633232980842,0.5,32,20,adamw,9.0875231474638,1.3079879114149555,0.0179355952059368,96.72438289999263,94.34375,742696,68.55,48.55,0.0,cpu,1,2.14.1+cu130,bbc46b3,[10],5,"[600, 1400]",100,-1,ezi1zrq9,45_256x128_lr7e-4,p8lmbfxj,10,
10,104,20,600,480,0.5,2,0.2,10000,1400,674317121,1588258083,2086086192,"[256, 128]",ReLU,1000,0.0006891757812417,0.0113633232980842,0.5,32,20,adamw,10.953764230012894,2.6519189973120447,0.019395132893221,50.20023330001277,48.453125,742696,55.5,35.5,0.0,cpu,1,2.14.1+cu130,bbc46b3,[10],5,"[600, 1400]",100,-1,ezi1zrq9,45_256x128_lr7e-4,p8lmbfxj,10,
10,104,20,1400,1120,0.5,2,0.2,10000,1400,674317121,2291450975,1832660301,"[256, 128]",ReLU,1000,0.0006891757812417,0.0113633232980842,0.5,32,20,adamw,10.241113603115082,1.6984924570684288,0.0185688235616255,103.30677559999458,101.171875,742696,74.45,54.45,0.0,cpu,1,2.14.1+cu130,bbc46b3,[10],5,"[600, 1400]",100,-1,ezi1zrq9,45_256x128_lr7e-4,p8lmbfxj,10,
10,105,20,600,480,0.5,2,0.2,10000,1400,3044021893,3051775249,2145764448,"[256, 128]",ReLU,1000,0.0006891757812417,0.0113633232980842,0.5,32,20,adamw,9.97983330488205,2.07964378828892,0.0176452149207328,48.66932149999775,47.15625,742696,54.05,34.05,0.0,cpu,1,2.14.1+cu130,bbc46b3,[10],5,"[600, 1400]",100,-1,ezi1zrq9,45_256x128_lr7e-4,p8lmbfxj,10,
10,105,20,1400,1120,0.5,2,0.2,10000,1400,3044021893,3573492435,1183201969,"[256, 128]",ReLU,1000,0.0006891757812417,0.0113633232980842,0.5,32,20,adamw,8.902603566646576,1.2498628090649,0.0160667291098851,100.47524339999654,98.046875,742696,71.55,51.55,0.0,cpu,1,2.14.1+cu130,bbc46b3,[10],5,"[600, 1400]",100,-1,ezi1zrq9,45_256x128_lr7e-4,p8lmbfxj,10,
10,101,20,600,480,0.5,2,0.2,10000,1400,451392222,1886901224,2337876972,"[128, 64]",ReLU,1000,0.0003522395894526,5.23835485702941e-05,0.0,32,20,adamw,10.357107788324356,2.3725235946425967,0.0180544947154839,29.065203599995584,28.53125,207528,75.95,55.95,0.0,cpu,1,2.14.1+cu130,bbc46b3,[10],5,"[600, 1400]",100,-1,asz1yrjm,46_128x64_lr4e-4,p8lmbfxj,10,
10,101,20,1400,1120,0.5,2,0.2,10000,1400,451392222,2918041840,2547735160,"[128, 64]",ReLU,1000,0.0003522395894526,5.23835485702941e-05,0.0,32,20,adamw,9.623726487159727,1.5963470067912446,0.0172044256267915,54.471077900001546,53.609375,207528,73.2,53.2,0.0,cpu,1,2.14.1+cu130,bbc46b3,[10],5,"[600, 1400]",100,-1,asz1yrjm,46_128x64_lr4e-4,p8lmbfxj,10,
10,102,20,600,480,0.5,2,0.2,10000,1400,867246825,1165147132,1341611970,"[128, 64]",ReLU,1000,0.0003522395894526,5.23835485702941e-05,0.0,32,20,adamw,9.113732166588306,1.9856099643181275,0.0206965495879775,27.37924270000076,26.5625,207528,70.55,50.55,0.0,cpu,1,2.14.1+cu130,bbc46b3,[10],5,"[600, 1400]",100,-1,asz1yrjm,46_128x64_lr4e-4,p8lmbfxj,10,
10,102,20,1400,1120,0.5,2,0.2,10000,1400,867246825,3245330784,1764884150,"[128, 64]",ReLU,1000,0.0003522395894526,5.23835485702941e-05,0.0,32,20,adamw,8.949651267379522,1.3143679480827462,0.0179733067669986,53.67495669999335,53.015625,207528,71.9,51.9,0.0,cpu,1,2.14.1+cu130,bbc46b3,[10],5,"[600, 1400]",100,-1,asz1yrjm,46_128x64_lr4e-4,p8lmbfxj,10,
10,103,20,600,480,0.5,2,0.2,10000,1400,2652805876,508175840,659098839,"[128, 64]",ReLU,1000,0.0003522395894526,5.23835485702941e-05,0.0,32,20,adamw,9.760419368743896,2.246107552328291,0.0197294309626795,27.59712370000489,27.25,207528,70.0,50.0,0.0,cpu,1,2.14.1+cu130,bbc46b3,[10],5,"[600, 1400]",100,-1,asz1yrjm,46_128x64_lr4e-4,p8lmbfxj,10,
10,103,20,1400,1120,0.5,2,0.2,10000,1400,2652805876,566365704,3676659034,"[128, 64]",ReLU,1000,0.0003522395894526,5.23835485702941e-05,0.0,32,20,adamw,9.143249705433846,1.3722950038460595,0.0186090548789953,51.00784539998858,50.3125,207528,68.95,48.95,0.0,cpu,1,2.14.1+cu130,bbc46b3,[10],5,"[600, 1400]",100,-1,asz1yrjm,46_128x64_lr4e-4,p8lmbfxj,10,
10,104,20,600,480,0.5,2,0.2,10000,1400,674317121,1588258083,2086086192,"[128, 64]",ReLU,1000,0.0003522395894526,5.23835485702941e-05,0.0,32,20,adamw,10.94899109005928,2.6075326399027747,0.0201268867599544,25.265381699995487,24.6875,207528,65.35,45.35,0.0,cpu,1,2.14.1+cu130,bbc46b3,[10],5,"[600, 1400]",100,-1,asz1yrjm,46_128x64_lr4e-4,p8lmbfxj,10,
10,104,20,1400,1120,0.5,2,0.2,10000,1400,674317121,2291450975,1832660301,"[128, 64]",ReLU,1000,0.0003522395894526,5.23835485702941e-05,0.0,32,20,adamw,10.321828156709673,1.784339656568399,0.0194608402083056,54.76641650000238,53.921875,207528,75.3,55.3,0.0,cpu,1,2.14.1+cu130,bbc46b3,[10],5,"[600, 1400]",100,-1,asz1yrjm,46_128x64_lr4e-4,p8lmbfxj,10,
10,105,20,600,480,0.5,2,0.2,10000,1400,3044021893,3051775249,2145764448,"[128, 64]",ReLU,1000,0.0003522395894526,5.23835485702941e-05,0.0,32,20,adamw,10.043824076652529,2.1895783620894944,0.0170739822073427,23.65705280000111,23.234375,207528,59.9,39.9,0.0,cpu,1,2.14.1+cu130,bbc46b3,[10],5,"[600, 1400]",100,-1,asz1yrjm,46_128x64_lr4e-4,p8lmbfxj,10,
10,105,20,1400,1120,0.5,2,0.2,10000,1400,3044021893,3573492435,1183201969,"[128, 64]",ReLU,1000,0.0003522395894526,5.23835485702941e-05,0.0,32,20,adamw,8.927381053566933,1.3109935403076478,0.0187080637431272,58.45258470000408,57.625,207528,83.4,63.4,0.0,cpu,1,2.14.1+cu130,bbc46b3,[10],5,"[600, 1400]",100,-1,asz1yrjm,46_128x64_lr4e-4,p8lmbfxj,10,
10,101,20,600,480,0.5,2,0.2,10000,1400,451392222,1886901224,2337876972,"[256, 128]",ReLU,1000,0.0003936589816854,0.0871875067972257,0.0,32,50,adamw,10.334300935268402,2.372430318254683,0.018515147472531,64.6869630000001,62.890625,742696,83.8,33.8,0.0,cpu,1,2.14.1+cu130,bbc46b3,[10],5,"[600, 1400]",100,-1,ozoxagrf,47_256x128_lr4e-4,p8lmbfxj,10,
10,101,20,1400,1120,0.5,2,0.2,10000,1400,451392222,2918041840,2547735160,"[256, 128]",ReLU,1000,0.0003936589816854,0.0871875067972257,0.0,32,50,adamw,9.55680724978447,1.574190548960513,0.0175197959790329,111.8651116999972,109.265625,742696,90.9,40.9,0.0,cpu,1,2.14.1+cu130,bbc46b3,[10],5,"[600, 1400]",100,-1,ozoxagrf,47_256x128_lr4e-4,p8lmbfxj,10,
10,102,20,600,480,0.5,2,0.2,10000,1400,867246825,1165147132,1341611970,"[256, 128]",ReLU,1000,0.0003936589816854,0.0871875067972257,0.0,32,50,adamw,9.108953677117825,1.983345586175581,0.0221088149772543,63.40811500001291,61.359375,742696,82.65,32.65,0.0,cpu,1,2.14.1+cu130,bbc46b3,[10],5,"[600, 1400]",100,-1,ozoxagrf,47_256x128_lr4e-4,p8lmbfxj,10,
10,102,20,1400,1120,0.5,2,0.2,10000,1400,867246825,3245330784,1764884150,"[256, 128]",ReLU,1000,0.0003936589816854,0.0871875067972257,0.0,32,50,adamw,8.93543241173029,1.2855872740795131,0.0183727191960692,113.46996580000268,110.65625,742696,93.6,43.6,0.0,cpu,1,2.14.1+cu130,bbc46b3,[10],5,"[600, 1400]",100,-1,ozoxagrf,47_256x128_lr4e-4,p8lmbfxj,10,
10,103,20,600,480,0.5,2,0.2,10000,1400,2652805876,508175840,659098839,"[256, 128]",ReLU,1000,0.0003936589816854,0.0871875067972257,0.0,32,50,adamw,9.665767133235931,2.2964307703352684,0.0207904494546306,67.82482389999495,65.53125,742696,89.6,39.6,0.0,cpu,1,2.14.1+cu130,bbc46b3,[10],5,"[600, 1400]",100,-1,ozoxagrf,47_256x128_lr4e-4,p8lmbfxj,10,
10,103,20,1400,1120,0.5,2,0.2,10000,1400,2652805876,566365704,3676659034,"[256, 128]",ReLU,1000,0.0003936589816854,0.0871875067972257,0.0,32,50,adamw,9.119824230670927,1.3415706330753183,0.0179805954467806,104.9275564999989,102.46875,742696,83.0,33.0,0.0,cpu,1,2.14.1+cu130,bbc46b3,[10],5,"[600, 1400]",100,-1,ozoxagrf,47_256x128_lr4e-4,p8lmbfxj,10,
10,104,20,600,480,0.5,2,0.2,10000,1400,674317121,1588258083,2086086192,"[256, 128]",ReLU,1000,0.0003936589816854,0.0871875067972257,0.0,32,50,adamw,10.954173475503922,2.6034253188977288,0.0193102015222179,63.24627110001165,61.0,742696,83.2,33.2,0.0,cpu,1,2.14.1+cu130,bbc46b3,[10],5,"[600, 1400]",100,-1,ozoxagrf,47_256x128_lr4e-4,p8lmbfxj,10,
10,104,20,1400,1120,0.5,2,0.2,10000,1400,674317121,2291450975,1832660301,"[256, 128]",ReLU,1000,0.0003936589816854,0.0871875067972257,0.0,32,50,adamw,10.24157926440239,1.7601501702873752,0.0196647342637163,124.47734959999798,122.03125,742696,110.95,60.95,0.0,cpu,1,2.14.1+cu130,bbc46b3,[10],5,"[600, 1400]",100,-1,ozoxagrf,47_256x128_lr4e-4,p8lmbfxj,10,
10,105,20,600,480,0.5,2,0.2,10000,1400,3044021893,3051775249,2145764448,"[256, 128]",ReLU,1000,0.0003936589816854,0.0871875067972257,0.0,32,50,adamw,10.009150549769402,2.169404817708506,0.0175496790739458,65.1849499999953,62.8125,742696,83.35,33.35,0.0,cpu,1,2.14.1+cu130,bbc46b3,[10],5,"[600, 1400]",100,-1,ozoxagrf,47_256x128_lr4e-4,p8lmbfxj,10,
10,105,20,1400,1120,0.5,2,0.2,10000,1400,3044021893,3573492435,1183201969,"[256, 128]",ReLU,1000,0.0003936589816854,0.0871875067972257,0.0,32,50,adamw,8.844561830163002,1.29266971884216,0.0186451865135399,120.9797921999998,118.234375,742696,105.0,55.0,0.0,cpu,1,2.14.1+cu130,bbc46b3,[10],5,"[600, 1400]",100,-1,ozoxagrf,47_256x128_lr4e-4,p8lmbfxj,10,
10,101,20,600,480,0.5,2,0.2,10000,1400,451392222,1886901224,2337876972,"[256, 128]",ReLU,1000,0.0004703383982102,0.0516904875545981,0.3,64,20,adamw,10.352191269397736,2.355066228874516,0.0186677091577997,44.01452419999987,42.421875,742696,79.0,59.0,0.0,cpu,1,2.14.1+cu130,bbc46b3,[10],5,"[600, 1400]",100,-1,vg0n9vh1,48_256x128_lr5e-4,p8lmbfxj,10,
10,101,20,1400,1120,0.5,2,0.2,10000,1400,451392222,2918041840,2547735160,"[256, 128]",ReLU,1000,0.0004703383982102,0.0516904875545981,0.3,64,20,adamw,9.56675660610199,1.561377345030268,0.0166098649715654,71.89439339999808,70.046875,742696,78.2,58.2,0.0,cpu,1,2.14.1+cu130,bbc46b3,[10],5,"[600, 1400]",100,-1,vg0n9vh1,48_256x128_lr5e-4,p8lmbfxj,10,
10,102,20,600,480,0.5,2,0.2,10000,1400,867246825,1165147132,1341611970,"[256, 128]",ReLU,1000,0.0004703383982102,0.0516904875545981,0.3,64,20,adamw,9.191587589681149,2.041367503283068,0.0209998044767658,39.0343409999914,37.390625,742696,66.2,46.2,0.0,cpu,1,2.14.1+cu130,bbc46b3,[10],5,"[600, 1400]",100,-1,vg0n9vh1,48_256x128_lr5e-4,p8lmbfxj,10,
10,102,20,1400,1120,0.5,2,0.2,10000,1400,867246825,3245330784,1764884150,"[256, 128]",ReLU,1000,0.0004703383982102,0.0516904875545981,0.3,64,20,adamw,8.961414821445942,1.2703931119510214,0.0174660693290409,70.08051349999732,68.296875,742696,73.9,53.9,0.0,cpu,1,2.14.1+cu130,bbc46b3,[10],5,"[600, 1400]",100,-1,vg0n9vh1,48_256x128_lr5e-4,p8lmbfxj,10,
10,103,20,600,480,0.5,2,0.2,10000,1400,2652805876,508175840,659098839,"[256, 128]",ReLU,1000,0.0004703383982102,0.0516904875545981,0.3,64,20,adamw,9.741600975394247,2.282537852319153,0.0195740236027761,37.68502360000275,35.96875,742696,63.6,43.6,0.0,cpu,1,2.14.1+cu130,bbc46b3,[10],5,"[600, 1400]",100,-1,vg0n9vh1,48_256x128_lr5e-4,p8lmbfxj,10,
10,103,20,1400,1120,0.5,2,0.2,10000,1400,2652805876,566365704,3676659034,"[256, 128]",ReLU,1000,0.0004703383982102,0.0516904875545981,0.3,64,20,adamw,9.148639664053915,1.3126800748107446,0.017432123574292,68.85050620000402,66.984375,742696,71.95,51.95,0.0,cpu,1,2.14.1+cu130,bbc46b3,[10],5,"[600, 1400]",100,-1,vg0n9vh1,48_256x128_lr5e-4,p8lmbfxj,10,
10,104,20,600,480,0.5,2,0.2,10000,1400,674317121,1588258083,2086086192,"[256, 128]",ReLU,1000,0.0004703383982102,0.0516904875545981,0.3,64,20,adamw,10.998422414064407,2.685755555312175,0.0191554790157798,39.0402802000026,37.78125,742696,66.75,46.75,0.0,cpu,1,2.14.1+cu130,bbc46b3,[10],5,"[600, 1400]",100,-1,vg0n9vh1,48_256x128_lr5e-4,p8lmbfxj,10,
10,104,20,1400,1120,0.5,2,0.2,10000,1400,674317121,2291450975,1832660301,"[256, 128]",ReLU,1000,0.0004703383982102,0.0516904875545981,0.3,64,20,adamw,10.235878556966782,1.7131427747030292,0.0188234127005547,72.18684639999992,70.546875,742696,78.6,58.6,0.0,cpu,1,2.14.1+cu130,bbc46b3,[10],5,"[600, 1400]",100,-1,vg0n9vh1,48_256x128_lr5e-4,p8lmbfxj,10,
10,105,20,600,480,0.5,2,0.2,10000,1400,3044021893,3051775249,2145764448,"[256, 128]",ReLU,1000,0.0004703383982102,0.0516904875545981,0.3,64,20,adamw,10.019919067621233,2.1725171819847207,0.0174359902016142,37.40683609999542,35.875,742696,63.2,43.2,0.0,cpu,1,2.14.1+cu130,bbc46b3,[10],5,"[600, 1400]",100,-1,vg0n9vh1,48_256x128_lr5e-4,p8lmbfxj,10,
10,105,20,1400,1120,0.5,2,0.2,10000,1400,3044021893,3573492435,1183201969,"[256, 128]",ReLU,1000,0.0004703383982102,0.0516904875545981,0.3,64,20,adamw,8.903980150818825,1.2308212779206846,0.0170352333359425,74.68473819999781,72.921875,742696,83.7,63.7,0.0,cpu,1,2.14.1+cu130,bbc46b3,[10],5,"[600, 1400]",100,-1,vg0n9vh1,48_256x128_lr5e-4,p8lmbfxj,10,
10,101,20,600,480,0.5,2,0.2,10000,1400,451392222,1886901224,2337876972,"[256, 128]",ReLU,1000,0.0006352461576126,0.0577857572401841,0.5,64,20,adamw,10.349681943655014,2.3258664043080493,0.0177198132056487,46.87501899999916,44.765625,742696,83.55,63.55,0.0,cpu,1,2.14.1+cu130,bbc46b3,[10],5,"[600, 1400]",100,-1,b46fhhhc,49_256x128_lr6e-4,p8lmbfxj,10,
10,101,20,1400,1120,0.5,2,0.2,10000,1400,451392222,2918041840,2547735160,"[256, 128]",ReLU,1000,0.0006352461576126,0.0577857572401841,0.5,64,20,adamw,9.58384570479393,1.5808196946397075,0.0158471464828263,76.1546013999905,74.015625,742696,82.85,62.85,0.0,cpu,1,2.14.1+cu130,bbc46b3,[10],5,"[600, 1400]",100,-1,b46fhhhc,49_256x128_lr6e-4,p8lmbfxj,10,
10,102,20,600,480,0.5,2,0.2,10000,1400,867246825,1165147132,1341611970,"[256, 128]",ReLU,1000,0.0006352461576126,0.0577857572401841,0.5,64,20,adamw,9.138448230922222,2.003749591405417,0.0212767849673849,44.91604859998915,43.3125,742696,78.25,58.25,0.0,cpu,1,2.14.1+cu130,bbc46b3,[10],5,"[600, 1400]",100,-1,b46fhhhc,49_256x128_lr6e-4,p8lmbfxj,10,
10,102,20,1400,1120,0.5,2,0.2,10000,1400,867246825,3245330784,1764884150,"[256, 128]",ReLU,1000,0.0006352461576126,0.0577857572401841,0.5,64,20,adamw,8.983959842473269,1.2862234027323567,0.0166582229659447,71.94868990000396,70.203125,742696,75.05,55.05,0.0,cpu,1,2.14.1+cu130,bbc46b3,[10],5,"[600, 1400]",100,-1,b46fhhhc,49_256x128_lr6e-4,p8lmbfxj,10,
10,103,20,600,480,0.5,2,0.2,10000,1400,2652805876,508175840,659098839,"[256, 128]",ReLU,1000,0.0006352461576126,0.0577857572401841,0.5,64,20,adamw,9.71099117398262,2.258457672641588,0.0186643967099863,39.54594959999668,38.21875,742696,67.0,47.0,0.0,cpu,1,2.14.1+cu130,bbc46b3,[10],5,"[600, 1400]",100,-1,b46fhhhc,49_256x128_lr6e-4,p8lmbfxj,10,
10,103,20,1400,1120,0.5,2,0.2,10000,1400,2652805876,566365704,3676659034,"[256, 128]",ReLU,1000,0.0006352461576126,0.0577857572401841,0.5,64,20,adamw,9.122595086693764,1.2861839940744226,0.0172917009028881,75.64711590000661,73.84375,742696,81.55,61.55,0.0,cpu,1,2.14.1+cu130,bbc46b3,[10],5,"[600, 1400]",100,-1,b46fhhhc,49_256x128_lr6e-4,p8lmbfxj,10,
10,104,20,600,480,0.5,2,0.2,10000,1400,674317121,1588258083,2086086192,"[256, 128]",ReLU,1000,0.0006352461576126,0.0577857572401841,0.5,64,20,adamw,10.990554749965668,2.638820399630859,0.0195335401030007,39.357575699992594,37.828125,742696,67.55,47.55,0.0,cpu,1,2.14.1+cu130,bbc46b3,[10],5,"[600, 1400]",100,-1,b46fhhhc,49_256x128_lr6e-4,p8lmbfxj,10,
10,104,20,1400,1120,0.5,2,0.2,10000,1400,674317121,2291450975,1832660301,"[256, 128]",ReLU,1000,0.0006352461576126,0.0577857572401841,0.5,64,20,adamw,10.220910370349884,1.6873515991217043,0.0181145421925591,86.25019079999765,84.484375,742696,99.1,79.1,0.0,cpu,1,2.14.1+cu130,bbc46b3,[10],5,"[600, 1400]",100,-1,b46fhhhc,49_256x128_lr6e-4,p8lmbfxj,10,
10,105,20,600,480,0.5,2,0.2,10000,1400,3044021893,3051775249,2145764448,"[256, 128]",ReLU,1000,0.0006352461576126,0.0577857572401841,0.5,64,20,adamw,10.022886767983437,2.192074933899711,0.0168763866661381,38.72140890000446,37.40625,742696,65.9,45.9,0.0,cpu,1,2.14.1+cu130,bbc46b3,[10],5,"[600, 1400]",100,-1,b46fhhhc,49_256x128_lr6e-4,p8lmbfxj,10,
10,105,20,1400,1120,0.5,2,0.2,10000,1400,3044021893,3573492435,1183201969,"[256, 128]",ReLU,1000,0.0006352461576126,0.0577857572401841,0.5,64,20,adamw,8.89460463821888,1.2222233487729262,0.0160676021595578,83.73000319999119,82.15625,742696,94.05,74.05,0.0,cpu,1,2.14.1+cu130,bbc46b3,[10],5,"[600, 1400]",100,-1,b46fhhhc,49_256x128_lr6e-4,p8lmbfxj,10,
10,101,20,600,480,0.5,2,0.2,10000,1400,451392222,1886901224,2337876972,"[256, 128]",ReLU,1000,0.0007442032736754,0.0292943102537884,0.5,64,20,adamw,10.325624346733091,2.3554669416400875,0.0179135677823379,44.10496099999,41.546875,742696,72.75,52.75,0.0,cpu,1,2.14.1+cu130,bbc46b3,[10],5,"[600, 1400]",100,-1,c8cpbwfb,50_256x128_lr7e-4,p8lmbfxj,10,
10,101,20,1400,1120,0.5,2,0.2,10000,1400,451392222,2918041840,2547735160,"[256, 128]",ReLU,1000,0.0007442032736754,0.0292943102537884,0.5,64,20,adamw,9.555247753858566,1.5764395993395397,0.0163628005589541,74.94142730000021,72.09375,742696,81.6,61.6,0.0,cpu,1,2.14.1+cu130,bbc46b3,[10],5,"[600, 1400]",100,-1,c8cpbwfb,50_256x128_lr7e-4,p8lmbfxj,10,
10,102,20,600,480,0.5,2,0.2,10000,1400,867246825,1165147132,1341611970,"[256, 128]",ReLU,1000,0.0007442032736754,0.0292943102537884,0.5,64,20,adamw,9.134445182979109,1.972202029727235,0.0207638845960435,42.27767779999704,39.828125,742696,67.9,47.9,0.0,cpu,1,2.14.1+cu130,bbc46b3,[10],5,"[600, 1400]",100,-1,c8cpbwfb,50_256x128_lr7e-4,p8lmbfxj,10,
10,102,20,1400,1120,0.5,2,0.2,10000,1400,867246825,3245330784,1764884150,"[256, 128]",ReLU,1000,0.0007442032736754,0.0292943102537884,0.5,64,20,adamw,8.95386890694499,1.2769924145828082,0.0167572035385892,69.67956639999466,66.828125,742696,70.0,50.0,0.0,cpu,1,2.14.1+cu130,bbc46b3,[10],5,"[600, 1400]",100,-1,c8cpbwfb,50_256x128_lr7e-4,p8lmbfxj,10,
10,103,20,600,480,0.5,2,0.2,10000,1400,2652805876,508175840,659098839,"[256, 128]",ReLU,1000,0.0007442032736754,0.0292943102537884,0.5,64,20,adamw,9.696387216448784,2.2502602100727134,0.0189276894107452,41.299998999995296,39.0,742696,67.1,47.1,0.0,cpu,1,2.14.1+cu130,bbc46b3,[10],5,"[600, 1400]",100,-1,c8cpbwfb,50_256x128_lr7e-4,p8lmbfxj,10,
10,103,20,1400,1120,0.5,2,0.2,10000,1400,2652805876,566365704,3676659034,"[256, 128]",ReLU,1000,0.0007442032736754,0.0292943102537884,0.5,64,20,adamw,9.099716693162918,1.2997541120963212,0.0172794797123516,71.33822629999486,68.578125,742696,74.1,54.1,0.0,cpu,1,2.14.1+cu130,bbc46b3,[10],5,"[600, 1400]",100,-1,c8cpbwfb,50_256x128_lr7e-4,p8lmbfxj,10,
10,104,20,600,480,0.5,2,0.2,10000,1400,674317121,1588258083,2086086192,"[256, 128]",ReLU,1000,0.0007442032736754,0.0292943102537884,0.5,64,20,adamw,10.977151930332184,2.6600999878867366,0.0202343903275689,38.87502959999256,36.421875,742696,62.6,42.6,0.0,cpu,1,2.14.1+cu130,bbc46b3,[10],5,"[600, 1400]",100,-1,c8cpbwfb,50_256x128_lr7e-4,p8lmbfxj,10,
10,104,20,1400,1120,0.5,2,0.2,10000,1400,674317121,2291450975,1832660301,"[256, 128]",ReLU,1000,0.0007442032736754,0.0292943102537884,0.5,64,20,adamw,10.204619795084,1.7041101805253414,0.0181551540069645,77.1562697999907,74.578125,742696,83.55,63.55,0.0,cpu,1,2.14.1+cu130,bbc46b3,[10],5,"[600, 1400]",100,-1,c8cpbwfb,50_256x128_lr7e-4,p8lmbfxj,10,
10,105,20,600,480,0.5,2,0.2,10000,1400,3044021893,3051775249,2145764448,"[256, 128]",ReLU,1000,0.0007442032736754,0.0292943102537884,0.5,64,20,adamw,10.024914637207983,2.1397692675640383,0.0180410072864184,41.72360670000489,39.234375,742696,67.85,47.85,0.0,cpu,1,2.14.1+cu130,bbc46b3,[10],5,"[600, 1400]",100,-1,c8cpbwfb,50_256x128_lr7e-4,p8lmbfxj,10,
10,105,20,1400,1120,0.5,2,0.2,10000,1400,3044021893,3573492435,1183201969,"[256, 128]",ReLU,1000,0.0007442032736754,0.0292943102537884,0.5,64,20,adamw,8.938430234789848,1.2314468985162272,0.0161727100933912,76.59560050000437,73.65625,742696,83.25,63.25,0.0,cpu,1,2.14.1+cu130,bbc46b3,[10],5,"[600, 1400]",100,-1,c8cpbwfb,50_256x128_lr7e-4,p8lmbfxj,10,
6,101,20,600,480,0.5,2,0.2,10000,1400,400565534,1297881561,3902606988,"[256, 128]",ReLU,1000,7.667716223070097e-05,0.0001,0.1,256,5,adamw,8.888384833931923,1.2806404933744946,0.0102677106326173,84.07118110000738,80.296875,719144,275.45,270.45,0.0,cpu,1,2.14.1+cu130,bbc46b3,[6],5,"[600, 1400]",100,-1,lkee28ae,01_256x128_lr8e-5,ey794fwc,10,
6,101,20,1400,1120,0.5,2,0.2,10000,1400,400565534,57952099,3217013880,"[256, 128]",ReLU,1000,7.667716223070097e-05,0.0001,0.1,256,5,adamw,8.764139786362648,0.888337293192196,0.0105441749767048,87.68191790000128,83.75,719144,125.9,120.9,0.0,cpu,1,2.14.1+cu130,bbc46b3,[6],5,"[600, 1400]",100,-1,lkee28ae,01_256x128_lr8e-5,ey794fwc,10,
6,102,20,600,480,0.5,2,0.2,10000,1400,3027451771,805638815,1714853501,"[256, 128]",ReLU,1000,7.667716223070097e-05,0.0001,0.1,256,5,adamw,7.342122519388795,0.8567455365932652,0.0141563425619384,82.27167510001163,78.8125,719144,270.05,265.05,0.0,cpu,1,2.14.1+cu130,bbc46b3,[6],5,"[600, 1400]",100,-1,lkee28ae,01_256x128_lr8e-5,ey794fwc,10,
6,102,20,1400,1120,0.5,2,0.2,10000,1400,3027451771,3007771260,996707658,"[256, 128]",ReLU,1000,7.667716223070097e-05,0.0001,0.1,256,5,adamw,7.0689422423020005,0.5410574201851418,0.0107430243014518,95.97310890001243,92.046875,719144,147.3,142.3,0.0,cpu,1,2.14.1+cu130,bbc46b3,[6],5,"[600, 1400]",100,-1,lkee28ae,01_256x128_lr8e-5,ey794fwc,10,
6,103,20,600,480,0.5,2,0.2,10000,1400,2745113127,2869072669,3814619374,"[256, 128]",ReLU,1000,7.667716223070097e-05,0.0001,0.1,256,5,adamw,9.07508321106434,1.3629629851672664,0.0114071302418956,84.64306550000038,80.734375,719144,277.25,272.25,0.0,cpu,1,2.14.1+cu130,bbc46b3,[6],5,"[600, 1400]",100,-1,lkee28ae,01_256x128_lr8e-5,ey794fwc,10,
6,103,20,1400,1120,0.5,2,0.2,10000,1400,2745113127,167850620,2610125679,"[256, 128]",ReLU,1000,7.667716223070097e-05,0.0001,0.1,256,5,adamw,8.257693398743868,0.785480880939616,0.008062242777306,101.5976479999954,97.796875,719144,171.7,166.7,0.0,cpu,1,2.14.1+cu130,bbc46b3,[6],5,"[600, 1400]",100,-1,lkee28ae,01_256x128_lr8e-5,ey794fwc,10,
6,104,20,600,480,0.5,2,0.2,10000,1400,1649339245,35453593,824647377,"[256, 128]",ReLU,1000,7.667716223070097e-05,0.0001,0.1,256,5,adamw,8.241334032034501,1.0385537959655342,0.0114503067509418,92.7156374000042,89.0,719144,321.15,316.15,0.0,cpu,1,2.14.1+cu130,bbc46b3,[6],5,"[600, 1400]",100,-1,lkee28ae,01_256x128_lr8e-5,ey794fwc,10,
6,104,20,1400,1120,0.5,2,0.2,10000,1400,1649339245,3582776475,2597292297,"[256, 128]",ReLU,1000,7.667716223070097e-05,0.0001,0.1,256,5,adamw,8.343316024867818,0.5860153331606698,0.0080823513858295,95.65279789999477,92.1875,719144,148.8,143.8,0.0,cpu,1,2.14.1+cu130,bbc46b3,[6],5,"[600, 1400]",100,-1,lkee28ae,01_256x128_lr8e-5,ey794fwc,10,
6,105,20,600,480,0.5,2,0.2,10000,1400,938589117,230193058,1856038647,"[256, 128]",ReLU,1000,7.667716223070097e-05,0.0001,0.1,256,5,adamw,9.06594666838646,1.0456424270775824,0.0098329708429731,89.87375719999545,86.203125,719144,300.2,295.2,0.0,cpu,1,2.14.1+cu130,bbc46b3,[6],5,"[600, 1400]",100,-1,lkee28ae,01_256x128_lr8e-5,ey794fwc,10,
6,105,20,1400,1120,0.5,2,0.2,10000,1400,938589117,3017667118,3738964825,"[256, 128]",ReLU,1000,7.667716223070097e-05,0.0001,0.1,256,5,adamw,8.816829949617386,0.7275929230309188,0.0081720675561586,98.29921240000112,94.71875,719144,157.25,152.25,0.0,cpu,1,2.14.1+cu130,bbc46b3,[6],5,"[600, 1400]",100,-1,lkee28ae,01_256x128_lr8e-5,ey794fwc,10,
6,101,20,600,480,0.5,2,0.2,10000,1400,400565534,1297881561,3902606988,"[64, 32]",ReLU,1000,0.0007043242037296,0.0001,0.1,128,20,adamw,8.363868474960327,0.8926651390279782,0.0121001277654035,17.387002499992377,16.890625,56936,126.35,106.35,0.0,cpu,1,2.14.1+cu130,bbc46b3,[6],5,"[600, 1400]",100,-1,lb30h9qy,02_64x32_lr7e-4,ey794fwc,10,
6,101,20,1400,1120,0.5,2,0.2,10000,1400,400565534,57952099,3217013880,"[64, 32]",ReLU,1000,0.0007043242037296,0.0001,0.1,128,20,adamw,8.243385314941406,0.4631999792923697,0.0079139079926665,28.805405999999493,28.234375,56936,126.45,106.45,0.0,cpu,1,2.14.1+cu130,bbc46b3,[6],5,"[600, 1400]",100,-1,lb30h9qy,02_64x32_lr7e-4,ey794fwc,10,
6,102,20,600,480,0.5,2,0.2,10000,1400,3027451771,805638815,1714853501,"[64, 32]",ReLU,1000,0.0007043242037296,0.0001,0.1,128,20,adamw,7.07966885343194,0.6400035705222226,0.0147109555179293,17.329791500000283,16.859375,56936,128.9,108.9,0.0,cpu,1,2.14.1+cu130,bbc46b3,[6],5,"[600, 1400]",100,-1,lb30h9qy,02_64x32_lr7e-4,ey794fwc,10,
6,102,20,1400,1120,0.5,2,0.2,10000,1400,3027451771,3007771260,996707658,"[64, 32]",ReLU,1000,0.0007043242037296,0.0001,0.1,128,20,adamw,6.832253689877689,0.3193389957488479,0.0090728028831063,29.13509119999071,28.546875,56936,118.7,98.7,0.0,cpu,1,2.14.1+cu130,bbc46b3,[6],5,"[600, 1400]",100,-1,lb30h9qy,02_64x32_lr7e-4,ey794fwc,10,
6,103,20,600,480,0.5,2,0.2,10000,1400,2745113127,2869072669,3814619374,"[64, 32]",ReLU,1000,0.0007043242037296,0.0001,0.1,128,20,adamw,8.602347701787949,0.9862132395809574,0.0119289329739239,18.894812400001683,18.546875,56936,141.15,121.15,0.0,cpu,1,2.14.1+cu130,bbc46b3,[6],5,"[600, 1400]",100,-1,lb30h9qy,02_64x32_lr7e-4,ey794fwc,10,
6,103,20,1400,1120,0.5,2,0.2,10000,1400,2745113127,167850620,2610125679,"[64, 32]",ReLU,1000,0.0007043242037296,0.0001,0.1,128,20,adamw,7.8862733244895935,0.4499943706856742,0.0066438572209834,28.999120600012247,28.5625,56936,118.55,98.55,0.0,cpu,1,2.14.1+cu130,bbc46b3,[6],5,"[600, 1400]",100,-1,lb30h9qy,02_64x32_lr7e-4,ey794fwc,10,
6,104,20,600,480,0.5,2,0.2,10000,1400,1649339245,35453593,824647377,"[64, 32]",ReLU,1000,0.0007043242037296,0.0001,0.1,128,20,adamw,7.956032850081101,0.7294276344377476,0.0115992410913627,18.779389100003755,18.3125,56936,141.15,121.15,0.0,cpu,1,2.14.1+cu130,bbc46b3,[6],5,"[600, 1400]",100,-1,lb30h9qy,02_64x32_lr7e-4,ey794fwc,10,
6,104,20,1400,1120,0.5,2,0.2,10000,1400,1649339245,3582776475,2597292297,"[64, 32]",ReLU,1000,0.0007043242037296,0.0001,0.1,128,20,adamw,8.055338844656944,0.3704578049334869,0.0074364430115881,25.955068899987964,25.34375,56936,100.15,80.15,0.0,cpu,1,2.14.1+cu130,bbc46b3,[6],5,"[600, 1400]",100,-1,lb30h9qy,02_64x32_lr7e-4,ey794fwc,10,
6,105,20,600,480,0.5,2,0.2,10000,1400,938589117,230193058,1856038647,"[64, 32]",ReLU,1000,0.0007043242037296,0.0001,0.1,128,20,adamw,8.78136733174324,0.8675001698289271,0.0109833658088335,19.219521700011683,18.765625,56936,145.8,125.8,0.0,cpu,1,2.14.1+cu130,bbc46b3,[6],5,"[600, 1400]",100,-1,lb30h9qy,02_64x32_lr7e-4,ey794fwc,10,
6,105,20,1400,1120,0.5,2,0.2,10000,1400,938589117,3017667118,3738964825,"[64, 32]",ReLU,1000,0.0007043242037296,0.0001,0.1,128,20,adamw,8.554740250110626,0.4178929917008268,0.0070711714919615,29.33279090000724,28.875,56936,119.5,99.5,0.0,cpu,1,2.14.1+cu130,bbc46b3,[6],5,"[600, 1400]",100,-1,lb30h9qy,02_64x32_lr7e-4,ey794fwc,10,
6,101,20,600,480,0.5,2,0.2,10000,1400,400565534,1297881561,3902606988,[32],ReLU,1000,5.5158651418470695e-05,0.0001,0.0,128,5,adamw,9.878651186823843,2.2431638148005835,0.0137317032629735,62.21246959999553,61.1875,8328,849.3,847.8,0.7,cpu,1,2.14.1+cu130,bbc46b3,[6],5,"[600, 1400]",100,-1,jvrcwctk,03_32_lr6e-5,ey794fwc,10,
6,101,20,1400,1120,0.5,2,0.2,10000,1400,400565534,57952099,3217013880,[32],ReLU,1000,5.5158651418470695e-05,0.0001,0.0,128,5,adamw,9.09458000957966,1.192973584848226,0.011654501128706,115.796127900001,114.53125,8328,832.7,830.6,0.6,cpu,1,2.14.1+cu130,bbc46b3,[6],5,"[600, 1400]",100,-1,jvrcwctk,03_32_lr6e-5,ey794fwc,10,
6,102,20,600,480,0.5,2,0.2,10000,1400,3027451771,805638815,1714853501,[32],ReLU,1000,5.5158651418470695e-05,0.0001,0.0,128,5,adamw,8.246867798268795,1.6115876996483036,0.0148549916352089,71.64583090000087,70.390625,8328,1000.0,1000.0,1.0,cpu,1,2.14.1+cu130,bbc46b3,[6],5,"[600, 1400]",100,-1,jvrcwctk,03_32_lr6e-5,ey794fwc,10,
6,102,20,1400,1120,0.5,2,0.2,10000,1400,3027451771,3007771260,996707658,[32],ReLU,1000,5.5158651418470695e-05,0.0001,0.0,128,5,adamw,7.499419107101858,0.9243198809633656,0.0130006279646094,118.41475640000137,117.140625,8328,848.75,846.85,0.65,cpu,1,2.14.1+cu130,bbc46b3,[6],5,"[600, 1400]",100,-1,jvrcwctk,03_32_lr6e-5,ey794fwc,10,
6,103,20,600,480,0.5,2,0.2,10000,1400,2745113127,2869072669,3814619374,[32],ReLU,1000,5.5158651418470695e-05,0.0001,0.0,128,5,adamw,10.398737266659737,2.692495012524985,0.0135434406710252,64.72849639999913,63.734375,8328,888.95,888.2,0.85,cpu,1,2.14.1+cu130,bbc46b3,[6],5,"[600, 1400]",100,-1,jvrcwctk,03_32_lr6e-5,ey794fwc,10,
6,103,20,1400,1120,0.5,2,0.2,10000,1400,2745113127,167850620,2610125679,[32],ReLU,1000,5.5158651418470695e-05,0.0001,0.0,128,5,adamw,9.117279946804048,1.5725882372964437,0.010731368357993,118.09810610000568,116.6875,8328,858.55,856.75,0.65,cpu,1,2.14.1+cu130,bbc46b3,[6],5,"[600, 1400]",100,-1,jvrcwctk,03_32_lr6e-5,ey794fwc,10,
6,104,20,600,480,0.5,2,0.2,10000,1400,1649339245,35453593,824647377,[32],ReLU,1000,5.5158651418470695e-05,0.0001,0.0,128,5,adamw,9.6849402859807,2.171295420873845,0.0113833715450841,68.97568269999465,67.859375,8328,943.95,943.2,0.85,cpu,1,2.14.1+cu130,bbc46b3,[6],5,"[600, 1400]",100,-1,jvrcwctk,03_32_lr6e-5,ey794fwc,10,
6,104,20,1400,1120,0.5,2,0.2,10000,1400,1649339245,3582776475,2597292297,[32],ReLU,1000,5.5158651418470695e-05,0.0001,0.0,128,5,adamw,8.741381866391748,0.962124386747478,0.0093470194159709,123.42955410000286,121.734375,8328,904.15,903.1,0.8,cpu,1,2.14.1+cu130,bbc46b3,[6],5,"[600, 1400]",100,-1,jvrcwctk,03_32_lr6e-5,ey794fwc,10,
6,105,20,600,480,0.5,2,0.2,10000,1400,938589117,230193058,1856038647,[32],ReLU,1000,5.5158651418470695e-05,0.0001,0.0,128,5,adamw,10.641180992126465,2.4680620198177574,0.0111438753914499,69.0711941000045,68.140625,8328,951.65,951.15,0.9,cpu,1,2.14.1+cu130,bbc46b3,[6],5,"[600, 1400]",100,-1,jvrcwctk,03_32_lr6e-5,ey794fwc,10,
6,105,20,1400,1120,0.5,2,0.2,10000,1400,938589117,3017667118,3738964825,[32],ReLU,1000,5.5158651418470695e-05,0.0001,0.0,128,5,adamw,9.519578948616982,1.44754558656711,0.0103352845199714,122.94051760000002,121.5625,8328,895.25,894.2,0.8,cpu,1,2.14.1+cu130,bbc46b3,[6],5,"[600, 1400]",100,-1,jvrcwctk,03_32_lr6e-5,ey794fwc,10,
6,101,20,600,480,0.5,2,0.2,10000,1400,400565534,1297881561,3902606988,[32],ReLU,1000,6.10471022427045e-05,0.0001,0.0,128,20,adamw,9.7628563195467,2.105446087748944,0.0136596012740626,66.0445796999993,64.921875,8328,899.9,896.55,0.85,cpu,1,2.14.1+cu130,bbc46b3,[6],5,"[600, 1400]",100,-1,q34are6j,04_32_lr6e-5,ey794fwc,10,
6,101,20,1400,1120,0.5,2,0.2,10000,1400,400565534,57952099,3217013880,[32],ReLU,1000,6.10471022427045e-05,0.0001,0.0,128,20,adamw,8.991643339395523,1.0843421548645544,0.0112688402376888,120.47005390000412,119.25,8328,889.5,884.95,0.8,cpu,1,2.14.1+cu130,bbc46b3,[6],5,"[600, 1400]",100,-1,q34are6j,04_32_lr6e-5,ey794fwc,10,
6,102,20,600,480,0.5,2,0.2,10000,1400,3027451771,805638815,1714853501,[32],ReLU,1000,6.10471022427045e-05,0.0001,0.0,128,20,adamw,8.114975690841675,1.4798734835005392,0.0148539289507783,72.34459430001152,71.34375,8328,1000.0,1000.0,1.0,cpu,1,2.14.1+cu130,bbc46b3,[6],5,"[600, 1400]",100,-1,q34are6j,04_32_lr6e-5,ey794fwc,10,
6,102,20,1400,1120,0.5,2,0.2,10000,1400,3027451771,3007771260,996707658,[32],ReLU,1000,6.10471022427045e-05,0.0001,0.0,128,20,adamw,7.420824583619833,0.8434176288391951,0.012281690802258,119.41584479999436,117.9375,8328,883.75,877.4,0.7,cpu,1,2.14.1+cu130,bbc46b3,[6],5,"[600, 1400]",100,-1,q34are6j,04_32_lr6e-5,ey794fwc,10,
6,103,20,600,480,0.5,2,0.2,10000,1400,2745113127,2869072669,3814619374,[32],ReLU,1000,6.10471022427045e-05,0.0001,0.0,128,20,adamw,10.211045660078526,2.481571803043068,0.0136140316099666,69.9403037000011,68.859375,8328,963.45,962.45,0.95,cpu,1,2.14.1+cu130,bbc46b3,[6],5,"[600, 1400]",100,-1,q34are6j,04_32_lr6e-5,ey794fwc,10,
6,103,20,1400,1120,0.5,2,0.2,10000,1400,2745113127,167850620,2610125679,[32],ReLU,1000,6.10471022427045e-05,0.0001,0.0,128,20,adamw,9.019346855580809,1.4676656971142483,0.0105172422623885,120.74926140000753,119.25,8328,898.7,893.45,0.75,cpu,1,2.14.1+cu130,bbc46b3,[6],5,"[600, 1400]",100,-1,q34are6j,04_32_lr6e-5,ey794fwc,10,
6,104,20,600,480,0.5,2,0.2,10000,1400,1649339245,35453593,824647377,[32],ReLU,1000,6.10471022427045e-05,0.0001,0.0,128,20,adamw,9.528689723461866,2.038809470626428,0.0113312298176005,69.08082859999558,68.234375,8328,942.7,940.5,0.9,cpu,1,2.14.1+cu130,bbc46b3,[6],5,"[600, 1400]",100,-1,q34are6j,04_32_lr6e-5,ey794fwc,10,
6,104,20,1400,1120,0.5,2,0.2,10000,1400,1649339245,3582776475,2597292297,[32],ReLU,1000,6.10471022427045e-05,0.0001,0.0,128,20,adamw,8.64728615200147,0.8743258535449233,0.0091503140672159,124.55258180000236,123.328125,8328,926.3,923.15,0.85,cpu,1,2.14.1+cu130,bbc46b3,[6],5,"[600, 1400]",100,-1,q34are6j,04_32_lr6e-5,ey794fwc,10,
6,105,20,600,480,0.5,2,0.2,10000,1400,938589117,230193058,1856038647,[32],ReLU,1000,6.10471022427045e-05,0.0001,0.0,128,20,adamw,10.521435618400574,2.338095218838973,0.0109845031318505,69.41608539999288,68.359375,8328,955.7,954.4,0.95,cpu,1,2.14.1+cu130,bbc46b3,[6],5,"[600, 1400]",100,-1,q34are6j,04_32_lr6e-5,ey794fwc,10,
6,105,20,1400,1120,0.5,2,0.2,10000,1400,938589117,3017667118,3738964825,[32],ReLU,1000,6.10471022427045e-05,0.0001,0.0,128,20,adamw,9.403372913599014,1.3238246362829846,0.0100419662109688,123.03200839999772,121.5625,8328,912.0,908.95,0.85,cpu,1,2.14.1+cu130,bbc46b3,[6],5,"[600, 1400]",100,-1,q34are6j,04_32_lr6e-5,ey794fwc,10,
6,101,20,600,480,0.5,2,0.2,10000,1400,400565534,1297881561,3902606988,"[128, 64]",ReLU,1000,0.000758852422891,0.0001,0.1,256,20,adamw,8.370751455426216,0.8343229177801109,0.0120417589797806,17.626019300005282,16.953125,195752,124.7,104.7,0.0,cpu,1,2.14.1+cu130,bbc46b3,[6],5,"[600, 1400]",100,-1,lylym9es,05_128x64_lr8e-4,ey794fwc,10,
6,101,20,1400,1120,0.5,2,0.2,10000,1400,400565534,57952099,3217013880,"[128, 64]",ReLU,1000,0.000758852422891,0.0001,0.1,256,20,adamw,8.225577130913734,0.4748190508207907,0.0082696279326263,27.28851460000442,26.53125,195752,107.0,87.0,0.0,cpu,1,2.14.1+cu130,bbc46b3,[6],5,"[600, 1400]",100,-1,lylym9es,05_128x64_lr8e-4,ey794fwc,10,
6,102,20,600,480,0.5,2,0.2,10000,1400,3027451771,805638815,1714853501,"[128, 64]",ReLU,1000,0.000758852422891,0.0001,0.1,256,20,adamw,7.061964144930244,0.6832533082503498,0.0154105376771585,16.380489899995155,15.8125,195752,114.95,94.95,0.0,cpu,1,2.14.1+cu130,bbc46b3,[6],5,"[600, 1400]",100,-1,lylym9es,05_128x64_lr8e-4,ey794fwc,10,
6,102,20,1400,1120,0.5,2,0.2,10000,1400,3027451771,3007771260,996707658,"[128, 64]",ReLU,1000,0.000758852422891,0.0001,0.1,256,20,adamw,6.808436589315534,0.311028117892459,0.008260637812946,25.38398359999701,24.625,195752,95.1,75.1,0.0,cpu,1,2.14.1+cu130,bbc46b3,[6],5,"[600, 1400]",100,-1,lylym9es,05_128x64_lr8e-4,ey794fwc,10,
6,103,20,600,480,0.5,2,0.2,10000,1400,2745113127,2869072669,3814619374,"[128, 64]",ReLU,1000,0.000758852422891,0.0001,0.1,256,20,adamw,8.479936517775059,0.9282901732018528,0.0125575615730986,18.662841399986064,18.0,195752,134.55,114.55,0.0,cpu,1,2.14.1+cu130,bbc46b3,[6],5,"[600, 1400]",100,-1,lylym9es,05_128x64_lr8e-4,ey794fwc,10,
6,103,20,1400,1120,0.5,2,0.2,10000,1400,2745113127,167850620,2610125679,"[128, 64]",ReLU,1000,0.000758852422891,0.0001,0.1,256,20,adamw,7.855403158813715,0.4123835163001838,0.0060045375410647,27.22850899999321,26.53125,195752,105.3,85.3,0.0,cpu,1,2.14.1+cu130,bbc46b3,[6],5,"[600, 1400]",100,-1,lylym9es,05_128x64_lr8e-4,ey794fwc,10,
6,104,20,600,480,0.5,2,0.2,10000,1400,1649339245,35453593,824647377,"[128, 64]",ReLU,1000,0.000758852422891,0.0001,0.1,256,20,adamw,7.895763058098964,0.7070415788966782,0.0123590692636239,19.09161839999433,18.375,195752,136.4,116.4,0.0,cpu,1,2.14.1+cu130,bbc46b3,[6],5,"[600, 1400]",100,-1,lylym9es,05_128x64_lr8e-4,ey794fwc,10,
6,104,20,1400,1120,0.5,2,0.2,10000,1400,1649339245,3582776475,2597292297,"[128, 64]",ReLU,1000,0.000758852422891,0.0001,0.1,256,20,adamw,8.020378220826387,0.3502438764370674,0.0072349162324397,24.30895339998824,23.5625,195752,84.85,64.85,0.0,cpu,1,2.14.1+cu130,bbc46b3,[6],5,"[600, 1400]",100,-1,lylym9es,05_128x64_lr8e-4,ey794fwc,10,
6,105,20,600,480,0.5,2,0.2,10000,1400,938589117,230193058,1856038647,"[128, 64]",ReLU,1000,0.000758852422891,0.0001,0.1,256,20,adamw,8.694869101047516,0.8279010101088937,0.0113036951782095,19.38952700000664,18.5,195752,138.2,118.2,0.0,cpu,1,2.14.1+cu130,bbc46b3,[6],5,"[600, 1400]",100,-1,lylym9es,05_128x64_lr8e-4,ey794fwc,10,
6,105,20,1400,1120,0.5,2,0.2,10000,1400,938589117,3017667118,3738964825,"[128, 64]",ReLU,1000,0.000758852422891,0.0001,0.1,256,20,adamw,8.519638806581497,0.3952364327427288,0.0066008254160248,27.46421239999472,26.65625,195752,104.2,84.2,0.0,cpu,1,2.14.1+cu130,bbc46b3,[6],5,"[600, 1400]",100,-1,lylym9es,05_128x64_lr8e-4,ey794fwc,10,
6,101,20,600,480,0.5,2,0.2,10000,1400,400565534,1297881561,3902606988,"[256, 128]",ReLU,1000,0.0005730226773342,0.0001,0.1,256,20,adamw,8.323725931346416,0.8349244362371264,0.0120069986292576,30.3879775999958,29.203125,719144,102.3,82.3,0.0,cpu,1,2.14.1+cu130,bbc46b3,[6],5,"[600, 1400]",100,-1,n4r6rgmt,06_256x128_lr6e-4,ey794fwc,10,
6,101,20,1400,1120,0.5,2,0.2,10000,1400,400565534,57952099,3217013880,"[256, 128]",ReLU,1000,0.0005730226773342,0.0001,0.1,256,20,adamw,8.214457705616951,0.4471866473984026,0.0077803014125835,46.95971309999004,45.6875,719144,89.55,69.55,0.0,cpu,1,2.14.1+cu130,bbc46b3,[6],5,"[600, 1400]",100,-1,n4r6rgmt,06_256x128_lr6e-4,ey794fwc,10,
6,102,20,600,480,0.5,2,0.2,10000,1400,3027451771,805638815,1714853501,"[256, 128]",ReLU,1000,0.0005730226773342,0.0001,0.1,256,20,adamw,7.043012741953135,0.6715425795871602,0.0164753607329628,29.967954499996267,28.59375,719144,101.45,81.45,0.0,cpu,1,2.14.1+cu130,bbc46b3,[6],5,"[600, 1400]",100,-1,n4r6rgmt,06_256x128_lr6e-4,ey794fwc,10,
6,102,20,1400,1120,0.5,2,0.2,10000,1400,3027451771,3007771260,996707658,"[256, 128]",ReLU,1000,0.0005730226773342,0.0001,0.1,256,20,adamw,6.7983082085847855,0.3031234062504032,0.0086993879944838,45.78587069999776,44.375,719144,84.15,64.15,0.0,cpu,1,2.14.1+cu130,bbc46b3,[6],5,"[600, 1400]",100,-1,n4r6rgmt,06_256x128_lr6e-4,ey794fwc,10,
6,103,20,600,480,0.5,2,0.2,10000,1400,2745113127,2869072669,3814619374,"[256, 128]",ReLU,1000,0.0005730226773342,0.0001,0.1,256,20,adamw,8.472396671772003,0.927934908664307,0.0119494270396695,31.13640220000525,29.796875,719144,105.2,85.2,0.0,cpu,1,2.14.1+cu130,bbc46b3,[6],5,"[600, 1400]",100,-1,n4r6rgmt,06_256x128_lr6e-4,ey794fwc,10,
6,103,20,1400,1120,0.5,2,0.2,10000,1400,2745113127,167850620,2610125679,"[256, 128]",ReLU,1000,0.0005730226773342,0.0001,0.1,256,20,adamw,7.836665071547031,0.40032698086353,0.0061566620228606,47.141130100004375,45.75,719144,89.35,69.35,0.0,cpu,1,2.14.1+cu130,bbc46b3,[6],5,"[600, 1400]",100,-1,n4r6rgmt,06_256x128_lr6e-4,ey794fwc,10,
6,104,20,600,480,0.5,2,0.2,10000,1400,1649339245,35453593,824647377,"[256, 128]",ReLU,1000,0.0005730226773342,0.0001,0.1,256,20,adamw,7.880202399450354,0.7250085145243176,0.0126776520518652,32.29103510000277,31.046875,719144,108.2,88.2,0.0,cpu,1,2.14.1+cu130,bbc46b3,[6],5,"[600, 1400]",100,-1,n4r6rgmt,06_256x128_lr6e-4,ey794fwc,10,
6,104,20,1400,1120,0.5,2,0.2,10000,1400,1649339245,3582776475,2597292297,"[256, 128]",ReLU,1000,0.0005730226773342,0.0001,0.1,256,20,adamw,8.016383107635193,0.3423233625557622,0.0070386114857033,42.4893974000006,41.421875,719144,74.1,54.1,0.0,cpu,1,2.14.1+cu130,bbc46b3,[6],5,"[600, 1400]",100,-1,n4r6rgmt,06_256x128_lr6e-4,ey794fwc,10,
6,105,20,600,480,0.5,2,0.2,10000,1400,938589117,230193058,1856038647,"[256, 128]",ReLU,1000,0.0005730226773342,0.0001,0.1,256,20,adamw,8.647804856300354,0.814001982187785,0.0112984681445836,33.94242900000245,32.578125,719144,118.0,98.0,0.0,cpu,1,2.14.1+cu130,bbc46b3,[6],5,"[600, 1400]",100,-1,n4r6rgmt,06_256x128_lr6e-4,ey794fwc,10,
6,105,20,1400,1120,0.5,2,0.2,10000,1400,938589117,3017667118,3738964825,"[256, 128]",ReLU,1000,0.0005730226773342,0.0001,0.1,256,20,adamw,8.486000910401344,0.4180620658485115,0.0069530070792734,47.0855933999992,45.890625,719144,87.75,67.75,0.0,cpu,1,2.14.1+cu130,bbc46b3,[6],5,"[600, 1400]",100,-1,n4r6rgmt,06_256x128_lr6e-4,ey794fwc,10,
6,101,20,600,480,0.5,2,0.2,10000,1400,400565534,1297881561,3902606988,"[256, 128]",ReLU,1000,0.0009843331003998,0.0001,0.1,128,20,adamw,8.285197250545025,0.8666159983716374,0.0122983481236688,21.28886690000945,20.53125,719144,57.7,37.7,0.0,cpu,1,2.14.1+cu130,bbc46b3,[6],5,"[600, 1400]",100,-1,0q1o71mf,07_256x128_lr1e-3,ey794fwc,10,
6,101,20,1400,1120,0.5,2,0.2,10000,1400,400565534,57952099,3217013880,"[256, 128]",ReLU,1000,0.0009843331003998,0.0001,0.1,128,20,adamw,8.174859344959259,0.4353661618184553,0.0079668851390667,41.21065169999201,40.09375,719144,71.4,51.4,0.0,cpu,1,2.14.1+cu130,bbc46b3,[6],5,"[600, 1400]",100,-1,0q1o71mf,07_256x128_lr1e-3,ey794fwc,10,
6,102,20,600,480,0.5,2,0.2,10000,1400,3027451771,805638815,1714853501,"[256, 128]",ReLU,1000,0.0009843331003998,0.0001,0.1,128,20,adamw,6.994151463732123,0.6833288173898878,0.0182772957557836,23.851834900007816,22.828125,719144,64.6,44.6,0.0,cpu,1,2.14.1+cu130,bbc46b3,[6],5,"[600, 1400]",100,-1,0q1o71mf,07_256x128_lr1e-3,ey794fwc,10,
6,102,20,1400,1120,0.5,2,0.2,10000,1400,3027451771,3007771260,996707658,"[256, 128]",ReLU,1000,0.0009843331003998,0.0001,0.1,128,20,adamw,6.76571137458086,0.3487039502051088,0.0099908842336383,39.38891209999565,38.015625,719144,65.45,45.45,0.0,cpu,1,2.14.1+cu130,bbc46b3,[6],5,"[600, 1400]",100,-1,0q1o71mf,07_256x128_lr1e-3,ey794fwc,10,
6,103,20,600,480,0.5,2,0.2,10000,1400,2745113127,2869072669,3814619374,"[256, 128]",ReLU,1000,0.0009843331003998,0.0001,0.1,128,20,adamw,8.400092281401157,0.9231843614935684,0.0122444391303197,24.60147100000177,23.765625,719144,66.25,46.25,0.0,cpu,1,2.14.1+cu130,bbc46b3,[6],5,"[600, 1400]",100,-1,0q1o71mf,07_256x128_lr1e-3,ey794fwc,10,
6,103,20,1400,1120,0.5,2,0.2,10000,1400,2745113127,167850620,2610125679,"[256, 128]",ReLU,1000,0.0009843331003998,0.0001,0.1,128,20,adamw,7.81804334372282,0.4014999227911718,0.0064183877289591,37.84385030000704,36.671875,719144,60.25,40.25,0.0,cpu,1,2.14.1+cu130,bbc46b3,[6],5,"[600, 1400]",100,-1,0q1o71mf,07_256x128_lr1e-3,ey794fwc,10,
6,104,20,600,480,0.5,2,0.2,10000,1400,1649339245,35453593,824647377,"[256, 128]",ReLU,1000,0.0009843331003998,0.0001,0.1,128,20,adamw,7.841457754431758,0.744671848886397,0.0127579691318675,24.61258080000698,23.609375,719144,65.95,45.95,0.0,cpu,1,2.14.1+cu130,bbc46b3,[6],5,"[600, 1400]",100,-1,0q1o71mf,07_256x128_lr1e-3,ey794fwc,10,
6,104,20,1400,1120,0.5,2,0.2,10000,1400,1649339245,3582776475,2597292297,"[256, 128]",ReLU,1000,0.0009843331003998,0.0001,0.1,128,20,adamw,8.010862016992178,0.3398943173501829,0.0070776990513591,35.56633260000672,34.59375,719144,54.45,34.45,0.0,cpu,1,2.14.1+cu130,bbc46b3,[6],5,"[600, 1400]",100,-1,0q1o71mf,07_256x128_lr1e-3,ey794fwc,10,
6,105,20,600,480,0.5,2,0.2,10000,1400,938589117,230193058,1856038647,"[256, 128]",ReLU,1000,0.0009843331003998,0.0001,0.1,128,20,adamw,8.612130135297775,0.8039050882431807,0.0117344768779155,25.54503530000511,24.359375,719144,67.85,47.85,0.0,cpu,1,2.14.1+cu130,bbc46b3,[6],5,"[600, 1400]",100,-1,0q1o71mf,07_256x128_lr1e-3,ey794fwc,10,
6,105,20,1400,1120,0.5,2,0.2,10000,1400,938589117,3017667118,3738964825,"[256, 128]",ReLU,1000,0.0009843331003998,0.0001,0.1,128,20,adamw,8.478225380182266,0.3908885142657402,0.0071776663479446,36.5733207000012,35.734375,719144,56.6,36.6,0.0,cpu,1,2.14.1+cu130,bbc46b3,[6],5,"[600, 1400]",100,-1,0q1o71mf,07_256x128_lr1e-3,ey794fwc,10,
6,101,20,600,480,0.5,2,0.2,10000,1400,400565534,1297881561,3902606988,"[256, 128]",ReLU,1000,0.0007775908178048,0.0001,0.1,256,5,adamw,8.530189968645573,1.012605528002266,0.0120798221049066,14.10183010000037,13.390625,719144,46.5,41.5,0.0,cpu,1,2.14.1+cu130,bbc46b3,[6],5,"[600, 1400]",100,-1,kz1zlu6p,08_256x128_lr8e-4,ey794fwc,10,
6,101,20,1400,1120,0.5,2,0.2,10000,1400,400565534,57952099,3217013880,"[256, 128]",ReLU,1000,0.0007775908178048,0.0001,0.1,256,5,adamw,8.400432646274567,0.6175069971460522,0.0090598421093417,20.612516799999867,20.0,719144,34.5,29.5,0.0,cpu,1,2.14.1+cu130,bbc46b3,[6],5,"[600, 1400]",100,-1,kz1zlu6p,08_256x128_lr8e-4,ey794fwc,10,
6,102,20,600,480,0.5,2,0.2,10000,1400,3027451771,805638815,1714853501,"[256, 128]",ReLU,1000,0.0007775908178048,0.0001,0.1,256,5,adamw,7.208835735917091,0.8508785808807162,0.0161292830317196,12.514773699993384,12.046875,719144,42.05,37.05,0.0,cpu,1,2.14.1+cu130,bbc46b3,[6],5,"[600, 1400]",100,-1,kz1zlu6p,08_256x128_lr8e-4,ey794fwc,10,
6,102,20,1400,1120,0.5,2,0.2,10000,1400,3027451771,3007771260,996707658,"[256, 128]",ReLU,1000,0.0007775908178048,0.0001,0.1,256,5,adamw,6.87729453202337,0.3990450579234776,0.0095259200853005,20.029130299997632,19.1875,719144,33.0,28.0,0.0,cpu,1,2.14.1+cu130,bbc46b3,[6],5,"[600, 1400]",100,-1,kz1zlu6p,08_256x128_lr8e-4,ey794fwc,10,
6,103,20,600,480,0.5,2,0.2,10000,1400,2745113127,2869072669,3814619374,"[256, 128]",ReLU,1000,0.0007775908178048,0.0001,0.1,256,5,adamw,8.697836928069592,1.1184106071620716,0.0113962703705067,15.481109700005618,14.8125,719144,51.15,46.15,0.0,cpu,1,2.14.1+cu130,bbc46b3,[6],5,"[600, 1400]",100,-1,kz1zlu6p,08_256x128_lr8e-4,ey794fwc,10,
6,103,20,1400,1120,0.5,2,0.2,10000,1400,2745113127,167850620,2610125679,"[256, 128]",ReLU,1000,0.0007775908178048,0.0001,0.1,256,5,adamw,7.999017056077719,0.5354716478570193,0.0069284228709516,21.1344975999964,20.296875,719144,36.3,31.3,0.0,cpu,1,2.14.1+cu130,bbc46b3,[6],5,"[600, 1400]",100,-1,kz1zlu6p,08_256x128_lr8e-4,ey794fwc,10,
6,104,20,600,480,0.5,2,0.2,10000,1400,1649339245,35453593,824647377,"[256, 128]",ReLU,1000,0.0007775908178048,0.0001,0.1,256,5,adamw,8.157099204952829,0.9901358238040416,0.0123610638530699,14.546699700003956,13.921875,719144,48.25,43.25,0.0,cpu,1,2.14.1+cu130,bbc46b3,[6],5,"[600, 1400]",100,-1,kz1zlu6p,08_256x128_lr8e-4,ey794fwc,10,
6,104,20,1400,1120,0.5,2,0.2,10000,1400,1649339245,3582776475,2597292297,"[256, 128]",ReLU,1000,0.0007775908178048,0.0001,0.1,256,5,adamw,8.105633660336025,0.4669382838425905,0.0078819219675957,19.34898399999656,18.484375,719144,31.35,26.35,0.0,cpu,1,2.14.1+cu130,bbc46b3,[6],5,"[600, 1400]",100,-1,kz1zlu6p,08_256x128_lr8e-4,ey794fwc,10,
6,105,20,600,480,0.5,2,0.2,10000,1400,938589117,230193058,1856038647,"[256, 128]",ReLU,1000,0.0007775908178048,0.0001,0.1,256,5,adamw,8.781332612037659,0.8548831753458302,0.0105998754049597,16.416529499998433,15.640625,719144,54.9,49.9,0.0,cpu,1,2.14.1+cu130,bbc46b3,[6],5,"[600, 1400]",100,-1,kz1zlu6p,08_256x128_lr8e-4,ey794fwc,10,
6,105,20,1400,1120,0.5,2,0.2,10000,1400,938589117,3017667118,3738964825,"[256, 128]",ReLU,1000,0.0007775908178048,0.0001,0.1,256,5,adamw,8.589839413762093,0.5236710674212005,0.0073785541137503,20.758925400004955,19.953125,719144,34.8,29.8,0.0,cpu,1,2.14.1+cu130,bbc46b3,[6],5,"[600, 1400]",100,-1,kz1zlu6p,08_256x128_lr8e-4,ey794fwc,10,
6,101,20,600,480,0.5,2,0.2,10000,1400,400565534,1297881561,3902606988,"[128, 64]",ReLU,1000,0.0009971474604872,0.0001,0.1,64,20,adamw,8.322406686842442,0.8630578202835705,0.0122163459335039,18.0938266000012,17.734375,195752,62.05,42.05,0.0,cpu,1,2.14.1+cu130,bbc46b3,[6],5,"[600, 1400]",100,-1,8882d6ma,09_128x64_lr1e-3,ey794fwc,10,
6,101,20,1400,1120,0.5,2,0.2,10000,1400,400565534,57952099,3217013880,"[128, 64]",ReLU,1000,0.0009971474604872,0.0001,0.1,64,20,adamw,8.180714294314384,0.4551093285976483,0.0084034234257451,35.30357390000427,34.625,195752,69.15,49.15,0.0,cpu,1,2.14.1+cu130,bbc46b3,[6],5,"[600, 1400]",100,-1,8882d6ma,09_128x64_lr1e-3,ey794fwc,10,
6,102,20,600,480,0.5,2,0.2,10000,1400,3027451771,805638815,1714853501,"[128, 64]",ReLU,1000,0.0009971474604872,0.0001,0.1,64,20,adamw,6.993672585114837,0.6977683150122452,0.0168108165462183,18.286034799995832,17.875,195752,62.95,42.95,0.0,cpu,1,2.14.1+cu130,bbc46b3,[6],5,"[600, 1400]",100,-1,8882d6ma,09_128x64_lr1e-3,ey794fwc,10,
6,102,20,1400,1120,0.5,2,0.2,10000,1400,3027451771,3007771260,996707658,"[128, 64]",ReLU,1000,0.0009971474604872,0.0001,0.1,64,20,adamw,6.776573919691145,0.3502328030827772,0.0106313412135636,34.200688900004025,33.421875,195752,65.85,45.85,0.0,cpu,1,2.14.1+cu130,bbc46b3,[6],5,"[600, 1400]",100,-1,8882d6ma,09_128x64_lr1e-3,ey794fwc,10,
6,103,20,600,480,0.5,2,0.2,10000,1400,2745113127,2869072669,3814619374,"[128, 64]",ReLU,1000,0.0009971474604872,0.0001,0.1,64,20,adamw,8.406880341470242,0.939690432808366,0.0123513321682543,19.677761900005866,19.0625,195752,67.6,47.6,0.0,cpu,1,2.14.1+cu130,bbc46b3,[6],5,"[600, 1400]",100,-1,8882d6ma,09_128x64_lr1e-3,ey794fwc,10,
6,103,20,1400,1120,0.5,2,0.2,10000,1400,2745113127,167850620,2610125679,"[128, 64]",ReLU,1000,0.0009971474604872,0.0001,0.1,64,20,adamw,7.82164666429162,0.4183421926451274,0.0063533923627502,33.4255004000006,32.875,195752,64.15,44.15,0.0,cpu,1,2.14.1+cu130,bbc46b3,[6],5,"[600, 1400]",100,-1,8882d6ma,09_128x64_lr1e-3,ey794fwc,10,
6,104,20,600,480,0.5,2,0.2,10000,1400,1649339245,35453593,824647377,"[128, 64]",ReLU,1000,0.0009971474604872,0.0001,0.1,64,20,adamw,7.826178340124898,0.7277654599546812,0.012293037397474,20.00430800000322,19.453125,195752,69.3,49.3,0.0,cpu,1,2.14.1+cu130,bbc46b3,[6],5,"[600, 1400]",100,-1,8882d6ma,09_128x64_lr1e-3,ey794fwc,10,
6,104,20,1400,1120,0.5,2,0.2,10000,1400,1649339245,3582776475,2597292297,"[128, 64]",ReLU,1000,0.0009971474604872,0.0001,0.1,64,20,adamw,7.983701352146454,0.347594809981316,0.0076112634305511,32.74411379999947,32.03125,195752,61.45,41.45,0.0,cpu,1,2.14.1+cu130,bbc46b3,[6],5,"[600, 1400]",100,-1,8882d6ma,09_128x64_lr1e-3,ey794fwc,10,
6,105,20,600,480,0.5,2,0.2,10000,1400,938589117,230193058,1856038647,"[128, 64]",ReLU,1000,0.0009971474604872,0.0001,0.1,64,20,adamw,8.645669907331467,0.8670506154190877,0.0119593274100643,21.0767979999946,20.59375,195752,75.45,55.45,0.0,cpu,1,2.14.1+cu130,bbc46b3,[6],5,"[600, 1400]",100,-1,8882d6ma,09_128x64_lr1e-3,ey794fwc,10,
6,105,20,1400,1120,0.5,2,0.2,10000,1400,938589117,3017667118,3738964825,"[128, 64]",ReLU,1000,0.0009971474604872,0.0001,0.1,64,20,adamw,8.487144708633423,0.3809807046827088,0.0066147592243915,33.75943779999216,33.171875,195752,65.0,45.0,0.0,cpu,1,2.14.1+cu130,bbc46b3,[6],5,"[600, 1400]",100,-1,8882d6ma,09_128x64_lr1e-3,ey794fwc,10,
6,101,20,600,480,0.5,2,0.2,10000,1400,400565534,1297881561,3902606988,"[256, 128]",ReLU,1000,0.0008083461478331,0.0001,0.1,64,10,adamw,8.26036424189806,0.8382157619911008,0.0118018972781722,22.30570199999784,21.5625,719144,39.4,29.4,0.0,cpu,1,2.14.1+cu130,bbc46b3,[6],5,"[600, 1400]",100,-1,hqu1ypvo,10_256x128_lr8e-4,ey794fwc,10,
6,101,20,1400,1120,0.5,2,0.2,10000,1400,400565534,57952099,3217013880,"[256, 128]",ReLU,1000,0.0008083461478331,0.0001,0.1,64,10,adamw,8.196426838636398,0.4492689410023776,0.0077140798984316,38.28358390000358,37.375,719144,42.3,32.3,0.0,cpu,1,2.14.1+cu130,bbc46b3,[6],5,"[600, 1400]",100,-1,hqu1ypvo,10_256x128_lr8e-4,ey794fwc,10,
6,102,20,600,480,0.5,2,0.2,10000,1400,3027451771,805638815,1714853501,"[256, 128]",ReLU,1000,0.0008083461478331,0.0001,0.1,64,10,adamw,7.001203829422593,0.6622489689025056,0.0160877736088954,23.26369639999757,22.1875,719144,40.45,30.45,0.0,cpu,1,2.14.1+cu130,bbc46b3,[6],5,"[600, 1400]",100,-1,hqu1ypvo,10_256x128_lr8e-4,ey794fwc,10,
6,102,20,1400,1120,0.5,2,0.2,10000,1400,3027451771,3007771260,996707658,"[256, 128]",ReLU,1000,0.0008083461478331,0.0001,0.1,64,10,adamw,6.789354764856398,0.3431882581668738,0.0089249595640397,34.2683740999928,33.234375,719144,33.85,23.85,0.0,cpu,1,2.14.1+cu130,bbc46b3,[6],5,"[600, 1400]",100,-1,hqu1ypvo,10_256x128_lr8e-4,ey794fwc,10,
6,103,20,600,480,0.5,2,0.2,10000,1400,2745113127,2869072669,3814619374,"[256, 128]",ReLU,1000,0.0008083461478331,0.0001,0.1,64,10,adamw,8.417775370180607,0.9504259244943912,0.0117147670262907,22.289758300001267,21.359375,719144,39.65,29.65,0.0,cpu,1,2.14.1+cu130,bbc46b3,[6],5,"[600, 1400]",100,-1,hqu1ypvo,10_256x128_lr8e-4,ey794fwc,10,
6,103,20,1400,1120,0.5,2,0.2,10000,1400,2745113127,167850620,2610125679,"[256, 128]",ReLU,1000,0.0008083461478331,0.0001,0.1,64,10,adamw,7.84001674503088,0.4642260406319728,0.0067918968596176,36.932488900012686,35.78125,719144,39.1,29.1,0.0,cpu,1,2.14.1+cu130,bbc46b3,[6],5,"[600, 1400]",100,-1,hqu1ypvo,10_256x128_lr8e-4,ey794fwc,10,
6,104,20,600,480,0.5,2,0.2,10000,1400,1649339245,35453593,824647377,"[256, 128]",ReLU,1000,0.0008083461478331,0.0001,0.1,64,10,adamw,7.846675854059868,0.743471015567582,0.0123289738182332,23.375929700006964,22.4375,719144,40.65,30.65,0.0,cpu,1,2.14.1+cu130,bbc46b3,[6],5,"[600, 1400]",100,-1,hqu1ypvo,10_256x128_lr8e-4,ey794fwc,10,
6,104,20,1400,1120,0.5,2,0.2,10000,1400,1649339245,3582776475,2597292297,"[256, 128]",ReLU,1000,0.0008083461478331,0.0001,0.1,64,10,adamw,7.99722306150943,0.3515884074884738,0.0070583824422795,33.13850879999518,31.796875,719144,31.95,21.95,0.0,cpu,1,2.14.1+cu130,bbc46b3,[6],5,"[600, 1400]",100,-1,hqu1ypvo,10_256x128_lr8e-4,ey794fwc,10,
6,105,20,600,480,0.5,2,0.2,10000,1400,938589117,230193058,1856038647,"[256, 128]",ReLU,1000,0.0008083461478331,0.0001,0.1,64,10,adamw,8.652185678482056,0.8178365246126041,0.011668028966206,24.285078000000794,23.25,719144,42.15,32.15,0.0,cpu,1,2.14.1+cu130,bbc46b3,[6],5,"[600, 1400]",100,-1,hqu1ypvo,10_256x128_lr8e-4,ey794fwc,10,
6,105,20,1400,1120,0.5,2,0.2,10000,1400,938589117,3017667118,3738964825,"[256, 128]",ReLU,1000,0.0008083461478331,0.0001,0.1,64,10,adamw,8.48279720544815,0.4039484466253477,0.007069317746842,33.73221360000025,32.6875,719144,33.0,23.0,0.0,cpu,1,2.14.1+cu130,bbc46b3,[6],5,"[600, 1400]",100,-1,hqu1ypvo,10_256x128_lr8e-4,ey794fwc,10,
6,101,20,600,480,0.5,2,0.2,10000,1400,400565534,1297881561,3902606988,"[256, 128]",ReLU,1000,0.0009916914421346,0.0001,0.1,64,20,adamw,8.225727617740631,0.8483937803184223,0.0123445286961757,28.30348239999148,27.390625,719144,51.05,31.05,0.0,cpu,1,2.14.1+cu130,bbc46b3,[6],5,"[600, 1400]",100,-1,6wydo9tc,11_256x128_lr1e-3,ey794fwc,10,
6,101,20,1400,1120,0.5,2,0.2,10000,1400,400565534,57952099,3217013880,"[256, 128]",ReLU,1000,0.0009916914421346,0.0001,0.1,64,20,adamw,8.151886314153671,0.4434843412322036,0.0079721332526332,54.9816193000006,53.859375,719144,65.6,45.6,0.0,cpu,1,2.14.1+cu130,bbc46b3,[6],5,"[600, 1400]",100,-1,6wydo9tc,11_256x128_lr1e-3,ey794fwc,10,
6,102,20,600,480,0.5,2,0.2,10000,1400,3027451771,805638815,1714853501,"[256, 128]",ReLU,1000,0.0009916914421346,0.0001,0.1,64,20,adamw,6.949127789586783,0.6956263360470545,0.0185322795768457,30.79828020000423,29.8125,719144,55.15,35.15,0.0,cpu,1,2.14.1+cu130,bbc46b3,[6],5,"[600, 1400]",100,-1,6wydo9tc,11_256x128_lr1e-3,ey794fwc,10,
6,102,20,1400,1120,0.5,2,0.2,10000,1400,3027451771,3007771260,996707658,"[256, 128]",ReLU,1000,0.0009916914421346,0.0001,0.1,64,20,adamw,6.760619453154504,0.3450572606531992,0.0100899994210793,50.04258789999585,48.640625,719144,54.05,34.05,0.0,cpu,1,2.14.1+cu130,bbc46b3,[6],5,"[600, 1400]",100,-1,6wydo9tc,11_256x128_lr1e-3,ey794fwc,10,
6,103,20,600,480,0.5,2,0.2,10000,1400,2745113127,2869072669,3814619374,"[256, 128]",ReLU,1000,0.0009916914421346,0.0001,0.1,64,20,adamw,8.376582339406013,0.9620521392284842,0.0125555818042707,32.60797919999459,31.1875,719144,58.85,38.85,0.0,cpu,1,2.14.1+cu130,bbc46b3,[6],5,"[600, 1400]",100,-1,6wydo9tc,11_256x128_lr1e-3,ey794fwc,10,
6,103,20,1400,1120,0.5,2,0.2,10000,1400,2745113127,167850620,2610125679,"[256, 128]",ReLU,1000,0.0009916914421346,0.0001,0.1,64,20,adamw,7.801661644130945,0.3959769077785867,0.0064704677491857,48.538305299996864,47.25,719144,50.9,30.9,0.0,cpu,1,2.14.1+cu130,bbc46b3,[6],5,"[600, 1400]",100,-1,6wydo9tc,11_256x128_lr1e-3,ey794fwc,10,
6,104,20,600,480,0.5,2,0.2,10000,1400,1649339245,35453593,824647377,"[256, 128]",ReLU,1000,0.0009916914421346,0.0001,0.1,64,20,adamw,7.811766616010573,0.7547707606814521,0.0131069496523924,31.851311499995063,30.671875,719144,57.25,37.25,0.0,cpu,1,2.14.1+cu130,bbc46b3,[6],5,"[600, 1400]",100,-1,6wydo9tc,11_256x128_lr1e-3,ey794fwc,10,
6,104,20,1400,1120,0.5,2,0.2,10000,1400,1649339245,3582776475,2597292297,"[256, 128]",ReLU,1000,0.0009916914421346,0.0001,0.1,64,20,adamw,7.983672919624951,0.3609334601221886,0.0074440178361124,46.39030490000732,44.75,719144,47.6,27.6,0.0,cpu,1,2.14.1+cu130,bbc46b3,[6],5,"[600, 1400]",100,-1,6wydo9tc,11_256x128_lr1e-3,ey794fwc,10,
6,105,20,600,480,0.5,2,0.2,10000,1400,938589117,230193058,1856038647,"[256, 128]",ReLU,1000,0.0009916914421346,0.0001,0.1,64,20,adamw,8.586103975772858,0.8310245828974064,0.0120659521957464,33.390789900004165,32.09375,719144,61.1,41.1,0.0,cpu,1,2.14.1+cu130,bbc46b3,[6],5,"[600, 1400]",100,-1,6wydo9tc,11_256x128_lr1e-3,ey794fwc,10,
6,105,20,1400,1120,0.5,2,0.2,10000,1400,938589117,3017667118,3738964825,"[256, 128]",ReLU,1000,0.0009916914421346,0.0001,0.1,64,20,adamw,8.467173352837563,0.3718004212363448,0.0071506545016287,47.97797749999154,46.5625,719144,50.95,30.95,0.0,cpu,1,2.14.1+cu130,bbc46b3,[6],5,"[600, 1400]",100,-1,6wydo9tc,11_256x128_lr1e-3,ey794fwc,10,
6,101,20,600,480,0.5,2,0.2,10000,1400,400565534,1297881561,3902606988,"[64, 32]",ReLU,1000,0.0009069641309329,0.0001,0.1,64,5,adamw,8.522835448384285,0.9707558935659704,0.0116759509905072,9.952852699992944,9.734375,56936,44.2,39.2,0.0,cpu,1,2.14.1+cu130,bbc46b3,[6],5,"[600, 1400]",100,-1,4m4ov212,12_64x32_lr9e-4,ey794fwc,10,
6,101,20,1400,1120,0.5,2,0.2,10000,1400,400565534,57952099,3217013880,"[64, 32]",ReLU,1000,0.0009069641309329,0.0001,0.1,64,5,adamw,8.324632570147514,0.5432990661957586,0.0083129917328833,17.23840069999278,17.015625,56936,42.25,37.25,0.0,cpu,1,2.14.1+cu130,bbc46b3,[6],5,"[600, 1400]",100,-1,4m4ov212,12_64x32_lr9e-4,ey794fwc,10,
6,102,20,600,480,0.5,2,0.2,10000,1400,3027451771,805638815,1714853501,"[64, 32]",ReLU,1000,0.0009069641309329,0.0001,0.1,64,5,adamw,7.375473065301776,0.9115779134531444,0.0149994357545426,9.097520900002564,8.828125,56936,41.05,36.05,0.0,cpu,1,2.14.1+cu130,bbc46b3,[6],5,"[600, 1400]",100,-1,4m4ov212,12_64x32_lr9e-4,ey794fwc,10,
6,102,20,1400,1120,0.5,2,0.2,10000,1400,3027451771,3007771260,996707658,"[64, 32]",ReLU,1000,0.0009069641309329,0.0001,0.1,64,5,adamw,6.920262010768056,0.3874571992653505,0.0092941289742798,15.243368499999631,14.96875,56936,35.8,30.8,0.0,cpu,1,2.14.1+cu130,bbc46b3,[6],5,"[600, 1400]",100,-1,4m4ov212,12_64x32_lr9e-4,ey794fwc,10,
6,103,20,600,480,0.5,2,0.2,10000,1400,2745113127,2869072669,3814619374,"[64, 32]",ReLU,1000,0.0009069641309329,0.0001,0.1,64,5,adamw,8.790700182318687,1.212023188793928,0.0118427839925405,10.498835199992754,10.265625,56936,47.85,42.85,0.0,cpu,1,2.14.1+cu130,bbc46b3,[6],5,"[600, 1400]",100,-1,4m4ov212,12_64x32_lr9e-4,ey794fwc,10,
6,103,20,1400,1120,0.5,2,0.2,10000,1400,2745113127,167850620,2610125679,"[64, 32]",ReLU,1000,0.0009069641309329,0.0001,0.1,64,5,adamw,7.976201973855495,0.5551132705572938,0.0071613541328524,17.393013699998846,17.15625,56936,41.8,36.8,0.0,cpu,1,2.14.1+cu130,bbc46b3,[6],5,"[600, 1400]",100,-1,4m4ov212,12_64x32_lr9e-4,ey794fwc,10,
6,104,20,600,480,0.5,2,0.2,10000,1400,1649339245,35453593,824647377,"[64, 32]",ReLU,1000,0.0009069641309329,0.0001,0.1,64,5,adamw,8.204151431331411,1.0185245413041335,0.0115690160001009,9.828002200010816,9.5625,56936,45.0,40.0,0.0,cpu,1,2.14.1+cu130,bbc46b3,[6],5,"[600, 1400]",100,-1,4m4ov212,12_64x32_lr9e-4,ey794fwc,10,
6,104,20,1400,1120,0.5,2,0.2,10000,1400,1649339245,3582776475,2597292297,"[64, 32]",ReLU,1000,0.0009069641309329,0.0001,0.1,64,5,adamw,8.107749925693497,0.4349852764085155,0.0075973872409463,15.40543169999728,15.15625,56936,34.85,29.85,0.0,cpu,1,2.14.1+cu130,bbc46b3,[6],5,"[600, 1400]",100,-1,4m4ov212,12_64x32_lr9e-4,ey794fwc,10,
6,105,20,600,480,0.5,2,0.2,10000,1400,938589117,230193058,1856038647,"[64, 32]",ReLU,1000,0.0009069641309329,0.0001,0.1,64,5,adamw,8.901068836450577,0.9821233344901016,0.0103072411931789,10.908460899998316,10.65625,56936,50.35,45.35,0.0,cpu,1,2.14.1+cu130,bbc46b3,[6],5,"[600, 1400]",100,-1,4m4ov212,12_64x32_lr9e-4,ey794fwc,10,
6,105,20,1400,1120,0.5,2,0.2,10000,1400,938589117,3017667118,3738964825,"[64, 32]",ReLU,1000,0.0009069641309329,0.0001,0.1,64,5,adamw,8.626521989703178,0.5486346357084475,0.0076110255351787,15.524535700009436,15.359375,56936,37.1,32.1,0.0,cpu,1,2.14.1+cu130,bbc46b3,[6],5,"[600, 1400]",100,-1,4m4ov212,12_64x32_lr9e-4,ey794fwc,10,
6,101,20,600,480,0.5,2,0.2,10000,1400,400565534,1297881561,3902606988,"[256, 128]",ReLU,1000,0.0007261982485486,0.0001,0.1,64,5,adamw,8.364782981574535,0.8776940321809307,0.0113460631979801,14.826922000007473,14.359375,719144,26.4,21.4,0.0,cpu,1,2.14.1+cu130,bbc46b3,[6],5,"[600, 1400]",100,-1,n8c9lm0d,13_256x128_lr7e-4,ey794fwc,10,
6,101,20,1400,1120,0.5,2,0.2,10000,1400,400565534,57952099,3217013880,"[256, 128]",ReLU,1000,0.0007261982485486,0.0001,0.1,64,5,adamw,8.311278820037842,0.5320979812878243,0.0075793074891129,23.878817400007392,22.984375,719144,24.45,19.45,0.0,cpu,1,2.14.1+cu130,bbc46b3,[6],5,"[600, 1400]",100,-1,n8c9lm0d,13_256x128_lr7e-4,ey794fwc,10,
6,102,20,600,480,0.5,2,0.2,10000,1400,3027451771,805638815,1714853501,"[256, 128]",ReLU,1000,0.0007261982485486,0.0001,0.1,64,5,adamw,7.072936790063977,0.6987700800767384,0.0154202269198868,15.266236700001173,14.515625,719144,26.95,21.95,0.0,cpu,1,2.14.1+cu130,bbc46b3,[6],5,"[600, 1400]",100,-1,n8c9lm0d,13_256x128_lr7e-4,ey794fwc,10,
6,102,20,1400,1120,0.5,2,0.2,10000,1400,3027451771,3007771260,996707658,"[256, 128]",ReLU,1000,0.0007261982485486,0.0001,0.1,64,5,adamw,6.827878382056952,0.3340082846756285,0.0083650701395074,23.5382329000131,22.953125,719144,23.75,18.75,0.0,cpu,1,2.14.1+cu130,bbc46b3,[6],5,"[600, 1400]",100,-1,n8c9lm0d,13_256x128_lr7e-4,ey794fwc,10,
6,103,20,600,480,0.5,2,0.2,10000,1400,2745113127,2869072669,3814619374,"[256, 128]",ReLU,1000,0.0007261982485486,0.0001,0.1,64,5,adamw,8.521832905709743,1.0294673501359533,0.0114381114674771,16.723532100004377,16.015625,719144,29.3,24.3,0.0,cpu,1,2.14.1+cu130,bbc46b3,[6],5,"[600, 1400]",100,-1,n8c9lm0d,13_256x128_lr7e-4,ey794fwc,10,
6,103,20,1400,1120,0.5,2,0.2,10000,1400,2745113127,167850620,2610125679,"[256, 128]",ReLU,1000,0.0007261982485486,0.0001,0.1,64,5,adamw,7.872895482927561,0.441954521018205,0.0062189955677226,24.81682559999172,24.140625,719144,26.2,21.2,0.0,cpu,1,2.14.1+cu130,bbc46b3,[6],5,"[600, 1400]",100,-1,n8c9lm0d,13_256x128_lr7e-4,ey794fwc,10,
6,104,20,600,480,0.5,2,0.2,10000,1400,1649339245,35453593,824647377,"[256, 128]",ReLU,1000,0.0007261982485486,0.0001,0.1,64,5,adamw,7.89708068955224,0.7584634215235161,0.0121170303860101,15.51481120000244,14.8125,719144,27.95,22.95,0.0,cpu,1,2.14.1+cu130,bbc46b3,[6],5,"[600, 1400]",100,-1,n8c9lm0d,13_256x128_lr7e-4,ey794fwc,10,
6,104,20,1400,1120,0.5,2,0.2,10000,1400,1649339245,3582776475,2597292297,"[256, 128]",ReLU,1000,0.0007261982485486,0.0001,0.1,64,5,adamw,8.0532466879813,0.3812909545227948,0.0068842293115801,21.883842299997923,21.171875,719144,21.3,16.3,0.0,cpu,1,2.14.1+cu130,bbc46b3,[6],5,"[600, 1400]",100,-1,n8c9lm0d,13_256x128_lr7e-4,ey794fwc,10,
6,105,20,600,480,0.5,2,0.2,10000,1400,938589117,230193058,1856038647,"[256, 128]",ReLU,1000,0.0007261982485486,0.0001,0.1,64,5,adamw,8.717926323413849,0.844436193333124,0.0105628346328866,16.62782769999467,16.0,719144,29.55,24.55,0.0,cpu,1,2.14.1+cu130,bbc46b3,[6],5,"[600, 1400]",100,-1,n8c9lm0d,13_256x128_lr7e-4,ey794fwc,10,
6,105,20,1400,1120,0.5,2,0.2,10000,1400,938589117,3017667118,3738964825,"[256, 128]",ReLU,1000,0.0007261982485486,0.0001,0.1,64,5,adamw,8.549992755055428,0.4500347996101515,0.0071831023342538,23.151786000002176,22.40625,719144,23.2,18.2,0.0,cpu,1,2.14.1+cu130,bbc46b3,[6],5,"[600, 1400]",100,-1,n8c9lm0d,13_256x128_lr7e-4,ey794fwc,10,
6,101,20,600,480,0.5,2,0.2,10000,1400,400565534,1297881561,3902606988,"[256, 128]",ReLU,1000,0.000768962543687,0.0001,0.1,64,5,adamw,8.329950101673603,0.8744881311898415,0.0114807938673295,14.991394000011496,14.453125,719144,27.2,22.2,0.0,cpu,1,2.14.1+cu130,bbc46b3,[6],5,"[600, 1400]",100,-1,7wye27yg,14_256x128_lr8e-4,ey794fwc,10,
6,101,20,1400,1120,0.5,2,0.2,10000,1400,400565534,57952099,3217013880,"[256, 128]",ReLU,1000,0.000768962543687,0.0001,0.1,64,5,adamw,8.31328022480011,0.5327164610341902,0.0079004670900378,24.06006140001409,23.25,719144,23.95,18.95,0.0,cpu,1,2.14.1+cu130,bbc46b3,[6],5,"[600, 1400]",100,-1,7wye27yg,14_256x128_lr8e-4,ey794fwc,10,
6,102,20,600,480,0.5,2,0.2,10000,1400,3027451771,805638815,1714853501,"[256, 128]",ReLU,1000,0.000768962543687,0.0001,0.1,64,5,adamw,7.117925005033612,0.752517195967738,0.0159869082840951,13.737030400006915,13.21875,719144,24.6,19.6,0.0,cpu,1,2.14.1+cu130,bbc46b3,[6],5,"[600, 1400]",100,-1,7wye27yg,14_256x128_lr8e-4,ey794fwc,10,
6,102,20,1400,1120,0.5,2,0.2,10000,1400,3027451771,3007771260,996707658,"[256, 128]",ReLU,1000,0.000768962543687,0.0001,0.1,64,5,adamw,6.822777092456818,0.3444419546560685,0.0082296839143743,23.31952619999356,22.578125,719144,22.8,17.8,0.0,cpu,1,2.14.1+cu130,bbc46b3,[6],5,"[600, 1400]",100,-1,7wye27yg,14_256x128_lr8e-4,ey794fwc,10,
6,103,20,600,480,0.5,2,0.2,10000,1400,2745113127,2869072669,3814619374,"[256, 128]",ReLU,1000,0.000768962543687,0.0001,0.1,64,5,adamw,8.484960354864597,0.9944517521706816,0.0112522480704071,16.40422130000661,15.671875,719144,29.2,24.2,0.0,cpu,1,2.14.1+cu130,bbc46b3,[6],5,"[600, 1400]",100,-1,7wye27yg,14_256x128_lr8e-4,ey794fwc,10,
6,103,20,1400,1120,0.5,2,0.2,10000,1400,2745113127,167850620,2610125679,"[256, 128]",ReLU,1000,0.000768962543687,0.0001,0.1,64,5,adamw,7.880842745304108,0.4594263205383471,0.0061035863105282,24.90136899999925,24.140625,719144,25.65,20.65,0.0,cpu,1,2.14.1+cu130,bbc46b3,[6],5,"[600, 1400]",100,-1,7wye27yg,14_256x128_lr8e-4,ey794fwc,10,
6,104,20,600,480,0.5,2,0.2,10000,1400,1649339245,35453593,824647377,"[256, 128]",ReLU,1000,0.000768962543687,0.0001,0.1,64,5,adamw,7.92057812132407,0.7408776719702582,0.0118628208120355,15.467276299998048,14.90625,719144,27.05,22.05,0.0,cpu,1,2.14.1+cu130,bbc46b3,[6],5,"[600, 1400]",100,-1,7wye27yg,14_256x128_lr8e-4,ey794fwc,10,
6,104,20,1400,1120,0.5,2,0.2,10000,1400,1649339245,3582776475,2597292297,"[256, 128]",ReLU,1000,0.000768962543687,0.0001,0.1,64,5,adamw,8.03449057531543,0.3794741875693465,0.0071757583568103,22.516665800008923,21.90625,719144,21.9,16.9,0.0,cpu,1,2.14.1+cu130,bbc46b3,[6],5,"[600, 1400]",100,-1,7wye27yg,14_256x128_lr8e-4,ey794fwc,10,
6,105,20,600,480,0.5,2,0.2,10000,1400,938589117,230193058,1856038647,"[256, 128]",ReLU,1000,0.000768962543687,0.0001,0.1,64,5,adamw,8.675508856773376,0.8280555857736501,0.0108905433870363,17.289203699998325,16.765625,719144,30.15,25.15,0.0,cpu,1,2.14.1+cu130,bbc46b3,[6],5,"[600, 1400]",100,-1,7wye27yg,14_256x128_lr8e-4,ey794fwc,10,
6,105,20,1400,1120,0.5,2,0.2,10000,1400,938589117,3017667118,3738964825,"[256, 128]",ReLU,1000,0.000768962543687,0.0001,0.1,64,5,adamw,8.509734362363815,0.4271436897539948,0.007145611126878,24.373919500008924,23.78125,719144,24.85,19.85,0.0,cpu,1,2.14.1+cu130,bbc46b3,[6],5,"[600, 1400]",100,-1,7wye27yg,14_256x128_lr8e-4,ey794fwc,10,
6,101,20,600,480,0.5,2,0.2,10000,1400,400565534,1297881561,3902606988,"[256, 128]",ReLU,1000,0.0007177359236191,0.0001,0.1,64,20,adamw,8.249889776110649,0.8209068011340444,0.011890096437155,31.60349890000361,30.53125,719144,56.9,36.9,0.0,cpu,1,2.14.1+cu130,bbc46b3,[6],5,"[600, 1400]",100,-1,43dm1alw,15_256x128_lr7e-4,ey794fwc,10,
6,101,20,1400,1120,0.5,2,0.2,10000,1400,400565534,57952099,3217013880,"[256, 128]",ReLU,1000,0.0007177359236191,0.0001,0.1,64,20,adamw,8.179572269320488,0.4470839850451676,0.0081606568621736,59.291484400004265,57.953125,719144,68.1,48.1,0.0,cpu,1,2.14.1+cu130,bbc46b3,[6],5,"[600, 1400]",100,-1,43dm1alw,15_256x128_lr7e-4,ey794fwc,10,
6,102,20,600,480,0.5,2,0.2,10000,1400,3027451771,805638815,1714853501,"[256, 128]",ReLU,1000,0.0007177359236191,0.0001,0.1,64,20,adamw,6.974882032722235,0.6908085757300192,0.0181435878011683,35.23865480000677,34.046875,719144,63.55,43.55,0.0,cpu,1,2.14.1+cu130,bbc46b3,[6],5,"[600, 1400]",100,-1,43dm1alw,15_256x128_lr7e-4,ey794fwc,10,
6,102,20,1400,1120,0.5,2,0.2,10000,1400,3027451771,3007771260,996707658,"[256, 128]",ReLU,1000,0.0007177359236191,0.0001,0.1,64,20,adamw,6.766145628876984,0.3339170063372836,0.0093989801323192,52.807399900004384,51.46875,719144,55.35,35.35,0.0,cpu,1,2.14.1+cu130,bbc46b3,[6],5,"[600, 1400]",100,-1,43dm1alw,15_256x128_lr7e-4,ey794fwc,10,
6,103,20,600,480,0.5,2,0.2,10000,1400,2745113127,2869072669,3814619374,"[256, 128]",ReLU,1000,0.0007177359236191,0.0001,0.1,64,20,adamw,8.363717593252659,0.8882321471775374,0.0121862316270256,37.05219539999962,35.671875,719144,66.6,46.6,0.0,cpu,1,2.14.1+cu130,bbc46b3,[6],5,"[600, 1400]",100,-1,43dm1alw,15_256x128_lr7e-4,ey794fwc,10,
6,103,20,1400,1120,0.5,2,0.2,10000,1400,2745113127,167850620,2610125679,"[256, 128]",ReLU,1000,0.0007177359236191,0.0001,0.1,64,20,adamw,7.812898088246584,0.4154410791134936,0.0064594295671337,56.049599399993895,54.640625,719144,62.1,42.1,0.0,cpu,1,2.14.1+cu130,bbc46b3,[6],5,"[600, 1400]",100,-1,43dm1alw,15_256x128_lr7e-4,ey794fwc,10,
6,104,20,600,480,0.5,2,0.2,10000,1400,1649339245,35453593,824647377,"[256, 128]",ReLU,1000,0.0007177359236191,0.0001,0.1,64,20,adamw,7.829239635844715,0.7585164913041537,0.0127270678437246,37.93873559999338,36.5,719144,68.55,48.55,0.0,cpu,1,2.14.1+cu130,bbc46b3,[6],5,"[600, 1400]",100,-1,43dm1alw,15_256x128_lr7e-4,ey794fwc,10,
6,104,20,1400,1120,0.5,2,0.2,10000,1400,1649339245,3582776475,2597292297,"[256, 128]",ReLU,1000,0.0007177359236191,0.0001,0.1,64,20,adamw,8.002211116370745,0.3565364280017021,0.0072975916401087,49.95190279999224,48.734375,719144,49.65,29.65,0.0,cpu,1,2.14.1+cu130,bbc46b3,[6],5,"[600, 1400]",100,-1,43dm1alw,15_256x128_lr7e-4,ey794fwc,10,
6,105,20,600,480,0.5,2,0.2,10000,1400,938589117,230193058,1856038647,"[256, 128]",ReLU,1000,0.0007177359236191,0.0001,0.1,64,20,adamw,8.589383393526077,0.8082647794534377,0.0115343893119525,36.77493819998927,35.359375,719144,66.0,46.0,0.0,cpu,1,2.14.1+cu130,bbc46b3,[6],5,"[600, 1400]",100,-1,43dm1alw,15_256x128_lr7e-4,ey794fwc,10,
6,105,20,1400,1120,0.5,2,0.2,10000,1400,938589117,3017667118,3738964825,"[256, 128]",ReLU,1000,0.0007177359236191,0.0001,0.1,64,20,adamw,8.471904009580612,0.3938323106836615,0.0071740566411484,54.4438300000038,53.03125,719144,57.85,37.85,0.0,cpu,1,2.14.1+cu130,bbc46b3,[6],5,"[600, 1400]",100,-1,43dm1alw,15_256x128_lr7e-4,ey794fwc,10,
6,101,20,600,480,0.5,2,0.2,10000,1400,400565534,1297881561,3902606988,"[128, 64]",ReLU,1000,0.0009543546730461,0.0001,0.1,128,20,adamw,8.368175953626633,0.8405942845854286,0.0120064349324096,14.742283699990368,14.359375,195752,79.8,59.8,0.0,cpu,1,2.14.1+cu130,bbc46b3,[6],5,"[600, 1400]",100,-1,0dyra6vo,16_128x64_lr1e-3,ey794fwc,10,
6,101,20,1400,1120,0.5,2,0.2,10000,1400,400565534,57952099,3217013880,"[128, 64]",ReLU,1000,0.0009543546730461,0.0001,0.1,128,20,adamw,8.203644126653671,0.4656291034484278,0.0088124780313016,26.506181499993545,26.0625,195752,78.45,58.45,0.0,cpu,1,2.14.1+cu130,bbc46b3,[6],5,"[600, 1400]",100,-1,0dyra6vo,16_128x64_lr1e-3,ey794fwc,10,
6,102,20,600,480,0.5,2,0.2,10000,1400,3027451771,805638815,1714853501,"[128, 64]",ReLU,1000,0.0009543546730461,0.0001,0.1,128,20,adamw,7.018799817189574,0.6942884579547339,0.0168902774003619,15.087499899993418,14.71875,195752,79.6,59.6,0.0,cpu,1,2.14.1+cu130,bbc46b3,[6],5,"[600, 1400]",100,-1,0dyra6vo,16_128x64_lr1e-3,ey794fwc,10,
6,102,20,1400,1120,0.5,2,0.2,10000,1400,3027451771,3007771260,996707658,"[128, 64]",ReLU,1000,0.0009543546730461,0.0001,0.1,128,20,adamw,6.780165914446116,0.3056193367256283,0.0089149200587867,26.28240939999523,25.71875,195752,79.05,59.05,0.0,cpu,1,2.14.1+cu130,bbc46b3,[6],5,"[600, 1400]",100,-1,0dyra6vo,16_128x64_lr1e-3,ey794fwc,10,
6,103,20,600,480,0.5,2,0.2,10000,1400,2745113127,2869072669,3814619374,"[128, 64]",ReLU,1000,0.0009543546730461,0.0001,0.1,128,20,adamw,8.460691414773464,0.9464078322281004,0.0119429325530108,15.3498918999976,14.84375,195752,81.95,61.95,0.0,cpu,1,2.14.1+cu130,bbc46b3,[6],5,"[600, 1400]",100,-1,0dyra6vo,16_128x64_lr1e-3,ey794fwc,10,
6,103,20,1400,1120,0.5,2,0.2,10000,1400,2745113127,167850620,2610125679,"[128, 64]",ReLU,1000,0.0009543546730461,0.0001,0.1,128,20,adamw,7.805236324667931,0.3827050004162222,0.0061255473787687,28.50364300000365,27.90625,195752,90.4,70.4,0.0,cpu,1,2.14.1+cu130,bbc46b3,[6],5,"[600, 1400]",100,-1,0dyra6vo,16_128x64_lr1e-3,ey794fwc,10,
6,104,20,600,480,0.5,2,0.2,10000,1400,1649339245,35453593,824647377,"[128, 64]",ReLU,1000,0.0009543546730461,0.0001,0.1,128,20,adamw,7.868526648497209,0.7276540472934121,0.0124124797906655,16.756768499995815,16.125,195752,90.35,70.35,0.0,cpu,1,2.14.1+cu130,bbc46b3,[6],5,"[600, 1400]",100,-1,0dyra6vo,16_128x64_lr1e-3,ey794fwc,10,
6,104,20,1400,1120,0.5,2,0.2,10000,1400,1649339245,3582776475,2597292297,"[128, 64]",ReLU,1000,0.0009543546730461,0.0001,0.1,128,20,adamw,8.00487369671464,0.3582832087742306,0.0074172734281944,23.24818039999809,22.484375,195752,66.8,46.8,0.0,cpu,1,2.14.1+cu130,bbc46b3,[6],5,"[600, 1400]",100,-1,0dyra6vo,16_128x64_lr1e-3,ey794fwc,10,
6,105,20,600,480,0.5,2,0.2,10000,1400,938589117,230193058,1856038647,"[128, 64]",ReLU,1000,0.0009543546730461,0.0001,0.1,128,20,adamw,8.683084338903427,0.8690162472592401,0.0120267801683928,17.194828899999266,16.65625,195752,96.05,76.05,0.0,cpu,1,2.14.1+cu130,bbc46b3,[6],5,"[600, 1400]",100,-1,0dyra6vo,16_128x64_lr1e-3,ey794fwc,10,
6,105,20,1400,1120,0.5,2,0.2,10000,1400,938589117,3017667118,3738964825,"[128, 64]",ReLU,1000,0.0009543546730461,0.0001,0.1,128,20,adamw,8.49425995349884,0.389729195173827,0.0067970159038587,27.74810090000392,27.09375,195752,86.7,66.7,0.0,cpu,1,2.14.1+cu130,bbc46b3,[6],5,"[600, 1400]",100,-1,0dyra6vo,16_128x64_lr1e-3,ey794fwc,10,
6,101,20,600,480,0.5,2,0.2,10000,1400,400565534,1297881561,3902606988,"[256, 128]",ReLU,1000,0.0005737869580829,0.0001,0.1,64,5,adamw,8.401067644357681,0.8899194233931724,0.011283953334007,16.62185270000191,15.8125,719144,29.6,24.6,0.0,cpu,1,2.14.1+cu130,bbc46b3,[6],5,"[600, 1400]",100,-1,hj0jlt9r,17_256x128_lr6e-4,ey794fwc,10,
6,101,20,1400,1120,0.5,2,0.2,10000,1400,400565534,57952099,3217013880,"[256, 128]",ReLU,1000,0.0005737869580829,0.0001,0.1,64,5,adamw,8.288350000977516,0.4997062955514837,0.0077137753779035,27.356987200008007,26.75,719144,28.35,23.35,0.0,cpu,1,2.14.1+cu130,bbc46b3,[6],5,"[600, 1400]",100,-1,hj0jlt9r,17_256x128_lr6e-4,ey794fwc,10,
6,102,20,600,480,0.5,2,0.2,10000,1400,3027451771,805638815,1714853501,"[256, 128]",ReLU,1000,0.0005737869580829,0.0001,0.1,64,5,adamw,7.102336704730988,0.6956128766554748,0.0149055018476493,15.869642600009684,15.328125,719144,28.2,23.2,0.0,cpu,1,2.14.1+cu130,bbc46b3,[6],5,"[600, 1400]",100,-1,hj0jlt9r,17_256x128_lr6e-4,ey794fwc,10,
6,102,20,1400,1120,0.5,2,0.2,10000,1400,3027451771,3007771260,996707658,"[256, 128]",ReLU,1000,0.0005737869580829,0.0001,0.1,64,5,adamw,6.869301249273121,0.3641162178005184,0.0089537175194161,25.166068800012,24.359375,719144,24.5,19.5,0.0,cpu,1,2.14.1+cu130,bbc46b3,[6],5,"[600, 1400]",100,-1,hj0jlt9r,17_256x128_lr6e-4,ey794fwc,10,
6,103,20,600,480,0.5,2,0.2,10000,1400,2745113127,2869072669,3814619374,"[256, 128]",ReLU,1000,0.0005737869580829,0.0001,0.1,64,5,adamw,8.46182181686163,0.9805385030476038,0.011356642349275,19.70651239999279,18.96875,719144,35.75,30.75,0.0,cpu,1,2.14.1+cu130,bbc46b3,[6],5,"[600, 1400]",100,-1,hj0jlt9r,17_256x128_lr6e-4,ey794fwc,10,
6,103,20,1400,1120,0.5,2,0.2,10000,1400,2745113127,167850620,2610125679,"[256, 128]",ReLU,1000,0.0005737869580829,0.0001,0.1,64,5,adamw,7.898761559277773,0.4724297976033677,0.0064345877416377,27.017892000003485,26.265625,719144,27.75,22.75,0.0,cpu,1,2.14.1+cu130,bbc46b3,[6],5,"[600, 1400]",100,-1,hj0jlt9r,17_256x128_lr6e-4,ey794fwc,10,
6,104,20,600,480,0.5,2,0.2,10000,1400,1649339245,35453593,824647377,"[256, 128]",ReLU,1000,0.0005737869580829,0.0001,0.1,64,5,adamw,7.918152522412129,0.7595100719152262,0.0118752107090387,18.002154999994673,17.171875,719144,32.05,27.05,0.0,cpu,1,2.14.1+cu130,bbc46b3,[6],5,"[600, 1400]",100,-1,hj0jlt9r,17_256x128_lr6e-4,ey794fwc,10,
6,104,20,1400,1120,0.5,2,0.2,10000,1400,1649339245,3582776475,2597292297,"[256, 128]",ReLU,1000,0.0005737869580829,0.0001,0.1,64,5,adamw,8.053511766949669,0.3775948343804803,0.0069321998225448,24.97393459999876,24.203125,719144,24.2,19.2,0.0,cpu,1,2.14.1+cu130,bbc46b3,[6],5,"[600, 1400]",100,-1,hj0jlt9r,17_256x128_lr6e-4,ey794fwc,10,
6,105,20,600,480,0.5,2,0.2,10000,1400,938589117,230193058,1856038647,"[256, 128]",ReLU,1000,0.0005737869580829,0.0001,0.1,64,5,adamw,8.772945493459702,0.8996769761878007,0.0108908969395341,18.475692099993463,17.78125,719144,32.6,27.6,0.0,cpu,1,2.14.1+cu130,bbc46b3,[6],5,"[600, 1400]",100,-1,hj0jlt9r,17_256x128_lr6e-4,ey794fwc,10,
6,105,20,1400,1120,0.5,2,0.2,10000,1400,938589117,3017667118,3738964825,"[256, 128]",ReLU,1000,0.0005737869580829,0.0001,0.1,64,5,adamw,8.539969056844711,0.4827874020848375,0.0075031516801976,26.37991069999407,25.78125,719144,26.65,21.65,0.0,cpu,1,2.14.1+cu130,bbc46b3,[6],5,"[600, 1400]",100,-1,hj0jlt9r,17_256x128_lr6e-4,ey794fwc,10,
6,101,20,600,480,0.5,2,0.2,10000,1400,400565534,1297881561,3902606988,"[256, 128]",ReLU,1000,0.0003193656305032,0.0001,0.1,64,20,adamw,8.287391908466816,0.8280050745774022,0.0117268126683023,44.4092529000045,42.828125,719144,79.6,59.6,0.0,cpu,1,2.14.1+cu130,bbc46b3,[6],5,"[600, 1400]",100,-1,h7277w2k,18_256x128_lr3e-4,ey794fwc,10,
6,101,20,1400,1120,0.5,2,0.2,10000,1400,400565534,57952099,3217013880,"[256, 128]",ReLU,1000,0.0003193656305032,0.0001,0.1,64,20,adamw,8.20734740793705,0.4276908485664799,0.0079932982596106,78.21014369999466,76.59375,719144,91.0,71.0,0.0,cpu,1,2.14.1+cu130,bbc46b3,[6],5,"[600, 1400]",100,-1,h7277w2k,18_256x128_lr3e-4,ey794fwc,10,
6,102,20,600,480,0.5,2,0.2,10000,1400,3027451771,805638815,1714853501,"[256, 128]",ReLU,1000,0.0003193656305032,0.0001,0.1,64,20,adamw,7.016387348994613,0.6524277920904052,0.0162895704528439,44.52220849999867,43.109375,719144,80.45,60.45,0.0,cpu,1,2.14.1+cu130,bbc46b3,[6],5,"[600, 1400]",100,-1,h7277w2k,18_256x128_lr3e-4,ey794fwc,10,
6,102,20,1400,1120,0.5,2,0.2,10000,1400,3027451771,3007771260,996707658,"[256, 128]",ReLU,1000,0.0003193656305032,0.0001,0.1,64,20,adamw,6.802493694238365,0.305644522334816,0.0088014907496887,74.47963180000079,72.546875,719144,82.85,62.85,0.0,cpu,1,2.14.1+cu130,bbc46b3,[6],5,"[600, 1400]",100,-1,h7277w2k,18_256x128_lr3e-4,ey794fwc,10,
6,103,20,600,480,0.5,2,0.2,10000,1400,2745113127,2869072669,3814619374,"[256, 128]",ReLU,1000,0.0003193656305032,0.0001,0.1,64,20,adamw,8.431157402694225,0.9166739223817556,0.0114345646075572,48.30527530000836,46.734375,719144,89.05,69.05,0.0,cpu,1,2.14.1+cu130,bbc46b3,[6],5,"[600, 1400]",100,-1,h7277w2k,18_256x128_lr3e-4,ey794fwc,10,
6,103,20,1400,1120,0.5,2,0.2,10000,1400,2745113127,167850620,2610125679,"[256, 128]",ReLU,1000,0.0003193656305032,0.0001,0.1,64,20,adamw,7.836935225874186,0.4046697173576893,0.0063622133115752,73.74923320001108,71.953125,719144,80.65,60.65,0.0,cpu,1,2.14.1+cu130,bbc46b3,[6],5,"[600, 1400]",100,-1,h7277w2k,18_256x128_lr3e-4,ey794fwc,10,
6,104,20,600,480,0.5,2,0.2,10000,1400,1649339245,35453593,824647377,"[256, 128]",ReLU,1000,0.0003193656305032,0.0001,0.1,64,20,adamw,7.835712948697619,0.720093504970326,0.0123315963879798,50.2539517999976,48.328125,719144,91.95,71.95,0.0,cpu,1,2.14.1+cu130,bbc46b3,[6],5,"[600, 1400]",100,-1,h7277w2k,18_256x128_lr3e-4,ey794fwc,10,
6,104,20,1400,1120,0.5,2,0.2,10000,1400,1649339245,3582776475,2597292297,"[256, 128]",ReLU,1000,0.0003193656305032,0.0001,0.1,64,20,adamw,8.02050430350937,0.3453298554021419,0.0069202935801457,67.49362629999814,65.828125,719144,68.9,48.9,0.0,cpu,1,2.14.1+cu130,bbc46b3,[6],5,"[600, 1400]",100,-1,h7277w2k,18_256x128_lr3e-4,ey794fwc,10,
6,105,20,600,480,0.5,2,0.2,10000,1400,938589117,230193058,1856038647,"[256, 128]",ReLU,1000,0.0003193656305032,0.0001,0.1,64,20,adamw,8.621210485696793,0.8302843596771589,0.0112411649645925,51.27176730000065,49.671875,719144,94.1,74.1,0.0,cpu,1,2.14.1+cu130,bbc46b3,[6],5,"[600, 1400]",100,-1,h7277w2k,18_256x128_lr3e-4,ey794fwc,10,
6,105,20,1400,1120,0.5,2,0.2,10000,1400,938589117,3017667118,3738964825,"[256, 128]",ReLU,1000,0.0003193656305032,0.0001,0.1,64,20,adamw,8.490056723356247,0.3936404471541873,0.0071458963589822,72.23096729999816,70.359375,719144,77.85,57.85,0.0,cpu,1,2.14.1+cu130,bbc46b3,[6],5,"[600, 1400]",100,-1,h7277w2k,18_256x128_lr3e-4,ey794fwc,10,
6,101,20,600,480,0.5,2,0.2,10000,1400,400565534,1297881561,3902606988,"[256, 128]",ReLU,1000,0.0005786066733977,0.0001,0.1,64,10,adamw,8.321462385356426,0.8163465032478849,0.0113045725022728,23.74054429998796,22.96875,719144,41.85,31.85,0.0,cpu,1,2.14.1+cu130,bbc46b3,[6],5,"[600, 1400]",100,-1,j02zwgk9,19_256x128_lr6e-4,ey794fwc,10,
6,101,20,1400,1120,0.5,2,0.2,10000,1400,400565534,57952099,3217013880,"[256, 128]",ReLU,1000,0.0005786066733977,0.0001,0.1,64,10,adamw,8.245111346244812,0.4578369661048233,0.0076382672835978,37.45903099999123,36.28125,719144,38.2,28.2,0.0,cpu,1,2.14.1+cu130,bbc46b3,[6],5,"[600, 1400]",100,-1,j02zwgk9,19_256x128_lr6e-4,ey794fwc,10,
6,102,20,600,480,0.5,2,0.2,10000,1400,3027451771,805638815,1714853501,"[256, 128]",ReLU,1000,0.0005786066733977,0.0001,0.1,64,10,adamw,7.013730121776462,0.7119088578608928,0.0164093636816342,25.77267009999196,24.609375,719144,44.65,34.65,0.0,cpu,1,2.14.1+cu130,bbc46b3,[6],5,"[600, 1400]",100,-1,j02zwgk9,19_256x128_lr6e-4,ey794fwc,10,
6,102,20,1400,1120,0.5,2,0.2,10000,1400,3027451771,3007771260,996707658,"[256, 128]",ReLU,1000,0.0005786066733977,0.0001,0.1,64,10,adamw,6.801659177988768,0.3209683680770256,0.008802086928332,39.26047739999194,38.15625,719144,39.35,29.35,0.0,cpu,1,2.14.1+cu130,bbc46b3,[6],5,"[600, 1400]",100,-1,j02zwgk9,19_256x128_lr6e-4,ey794fwc,10,
6,103,20,600,480,0.5,2,0.2,10000,1400,2745113127,2869072669,3814619374,"[256, 128]",ReLU,1000,0.0005786066733977,0.0001,0.1,64,10,adamw,8.441936001181602,0.9347177696940128,0.0110535987723737,24.852851299991016,23.828125,719144,44.25,34.25,0.0,cpu,1,2.14.1+cu130,bbc46b3,[6],5,"[600, 1400]",100,-1,j02zwgk9,19_256x128_lr6e-4,ey794fwc,10,
6,103,20,1400,1120,0.5,2,0.2,10000,1400,2745113127,167850620,2610125679,"[256, 128]",ReLU,1000,0.0005786066733977,0.0001,0.1,64,10,adamw,7.836941331624985,0.4324410056550613,0.0064374107706602,40.64827590000641,39.390625,719144,43.1,33.1,0.0,cpu,1,2.14.1+cu130,bbc46b3,[6],5,"[600, 1400]",100,-1,j02zwgk9,19_256x128_lr6e-4,ey794fwc,10,
6,104,20,600,480,0.5,2,0.2,10000,1400,1649339245,35453593,824647377,"[256, 128]",ReLU,1000,0.0005786066733977,0.0001,0.1,64,10,adamw,7.877816401189193,0.7358180777104397,0.0118563951605456,25.50334440000006,24.421875,719144,44.5,34.5,0.0,cpu,1,2.14.1+cu130,bbc46b3,[6],5,"[600, 1400]",100,-1,j02zwgk9,19_256x128_lr6e-4,ey794fwc,10,
6,104,20,1400,1120,0.5,2,0.2,10000,1400,1649339245,3582776475,2597292297,"[256, 128]",ReLU,1000,0.0005786066733977,0.0001,0.1,64,10,adamw,8.01491612335667,0.3417486166216394,0.0069996917026366,37.91946099999768,36.734375,719144,37.05,27.05,0.0,cpu,1,2.14.1+cu130,bbc46b3,[6],5,"[600, 1400]",100,-1,j02zwgk9,19_256x128_lr6e-4,ey794fwc,10,
6,105,20,600,480,0.5,2,0.2,10000,1400,938589117,230193058,1856038647,"[256, 128]",ReLU,1000,0.0005786066733977,0.0001,0.1,64,10,adamw,8.6732577085495,0.8421648497087204,0.0110858286855643,27.129346200003056,26.078125,719144,48.3,38.3,0.0,cpu,1,2.14.1+cu130,bbc46b3,[6],5,"[600, 1400]",100,-1,j02zwgk9,19_256x128_lr6e-4,ey794fwc,10,
6,105,20,1400,1120,0.5,2,0.2,10000,1400,938589117,3017667118,3738964825,"[256, 128]",ReLU,1000,0.0005786066733977,0.0001,0.1,64,10,adamw,8.491701245307922,0.4200223593922386,0.0069573944424007,37.99887979999767,36.71875,719144,39.35,29.35,0.0,cpu,1,2.14.1+cu130,bbc46b3,[6],5,"[600, 1400]",100,-1,j02zwgk9,19_256x128_lr6e-4,ey794fwc,10,
6,101,20,600,480,0.5,2,0.2,10000,1400,400565534,1297881561,3902606988,"[256, 128]",ReLU,1000,0.0007806995912989,0.0001,0.1,64,20,adamw,8.242731414735317,0.8653297563750475,0.0130327175211322,31.184750200001872,30.453125,719144,57.45,37.45,0.0,cpu,1,2.14.1+cu130,bbc46b3,[6],5,"[600, 1400]",100,-1,oapmr52a,20_256x128_lr8e-4,ey794fwc,10,
6,101,20,1400,1120,0.5,2,0.2,10000,1400,400565534,57952099,3217013880,"[256, 128]",ReLU,1000,0.0007806995912989,0.0001,0.1,64,20,adamw,8.180375456809998,0.4478149897493939,0.0079678422060559,56.35661390000314,55.171875,719144,61.0,41.0,0.0,cpu,1,2.14.1+cu130,bbc46b3,[6],5,"[600, 1400]",100,-1,oapmr52a,20_256x128_lr8e-4,ey794fwc,10,
6,102,20,600,480,0.5,2,0.2,10000,1400,3027451771,805638815,1714853501,"[256, 128]",ReLU,1000,0.0007806995912989,0.0001,0.1,64,20,adamw,6.975254127755761,0.6744414790638958,0.0166238571358019,32.45756419999816,31.359375,719144,58.2,38.2,0.0,cpu,1,2.14.1+cu130,bbc46b3,[6],5,"[600, 1400]",100,-1,oapmr52a,20_256x128_lr8e-4,ey794fwc,10,
6,102,20,1400,1120,0.5,2,0.2,10000,1400,3027451771,3007771260,996707658,"[256, 128]",ReLU,1000,0.0007806995912989,0.0001,0.1,64,20,adamw,6.764587163925171,0.3475068720684023,0.0102902803796117,55.97244820000196,54.75,719144,61.95,41.95,0.0,cpu,1,2.14.1+cu130,bbc46b3,[6],5,"[600, 1400]",100,-1,oapmr52a,20_256x128_lr8e-4,ey794fwc,10,
6,103,20,600,480,0.5,2,0.2,10000,1400,2745113127,2869072669,3814619374,"[256, 128]",ReLU,1000,0.0007806995912989,0.0001,0.1,64,20,adamw,8.374292843043804,0.8940186921986629,0.0118850527107102,31.311694100004388,30.515625,719144,56.75,36.75,0.0,cpu,1,2.14.1+cu130,bbc46b3,[6],5,"[600, 1400]",100,-1,oapmr52a,20_256x128_lr8e-4,ey794fwc,10,
6,103,20,1400,1120,0.5,2,0.2,10000,1400,2745113127,167850620,2610125679,"[256, 128]",ReLU,1000,0.0007806995912989,0.0001,0.1,64,20,adamw,7.810083854943514,0.3912613357060876,0.0060701412842003,53.69878299999982,52.625,719144,56.95,36.95,0.0,cpu,1,2.14.1+cu130,bbc46b3,[6],5,"[600, 1400]",100,-1,oapmr52a,20_256x128_lr8e-4,ey794fwc,10,
6,104,20,600,480,0.5,2,0.2,10000,1400,1649339245,35453593,824647377,"[256, 128]",ReLU,1000,0.0007806995912989,0.0001,0.1,64,20,adamw,7.797155355219729,0.7407355513012017,0.0128684903435321,34.328244799995446,33.359375,719144,62.15,42.15,0.0,cpu,1,2.14.1+cu130,bbc46b3,[6],5,"[600, 1400]",100,-1,oapmr52a,20_256x128_lr8e-4,ey794fwc,10,
6,104,20,1400,1120,0.5,2,0.2,10000,1400,1649339245,3582776475,2597292297,"[256, 128]",ReLU,1000,0.0007806995912989,0.0001,0.1,64,20,adamw,7.985661349957809,0.3345475201444218,0.0071104322339913,48.54946019999625,47.28125,719144,49.35,29.35,0.0,cpu,1,2.14.1+cu130,bbc46b3,[6],5,"[600, 1400]",100,-1,oapmr52a,20_256x128_lr8e-4,ey794fwc,10,
6,105,20,600,480,0.5,2,0.2,10000,1400,938589117,230193058,1856038647,"[256, 128]",ReLU,1000,0.0007806995912989,0.0001,0.1,64,20,adamw,8.583634972572327,0.8141352167591259,0.0115108909731444,34.15988580000703,33.15625,719144,61.35,41.35,0.0,cpu,1,2.14.1+cu130,bbc46b3,[6],5,"[600, 1400]",100,-1,oapmr52a,20_256x128_lr8e-4,ey794fwc,10,
6,105,20,1400,1120,0.5,2,0.2,10000,1400,938589117,3017667118,3738964825,"[256, 128]",ReLU,1000,0.0007806995912989,0.0001,0.1,64,20,adamw,8.473898336291313,0.39314656878265,0.0071485716330061,51.3792778999923,50.125,719144,55.65,35.65,0.0,cpu,1,2.14.1+cu130,bbc46b3,[6],5,"[600, 1400]",100,-1,oapmr52a,20_256x128_lr8e-4,ey794fwc,10,
6,101,20,600,480,0.5,2,0.2,10000,1400,400565534,1297881561,3902606988,"[256, 128]",ReLU,1000,0.0009916010978475,0.0001,0.1,64,5,adamw,8.33806575089693,0.8964646637782534,0.0113901345035998,13.229929799999807,12.65625,719144,23.35,18.35,0.0,cpu,1,2.14.1+cu130,bbc46b3,[6],5,"[600, 1400]",100,-1,6b93b32d,21_256x128_lr1e-3,ey794fwc,10,
6,101,20,1400,1120,0.5,2,0.2,10000,1400,400565534,57952099,3217013880,"[256, 128]",ReLU,1000,0.0009916010978475,0.0001,0.1,64,5,adamw,8.263209149241447,0.5157486446933687,0.0079534599380915,22.61144989999593,22.0625,719144,23.7,18.7,0.0,cpu,1,2.14.1+cu130,bbc46b3,[6],5,"[600, 1400]",100,-1,6b93b32d,21_256x128_lr1e-3,ey794fwc,10,
6,102,20,600,480,0.5,2,0.2,10000,1400,3027451771,805638815,1714853501,"[256, 128]",ReLU,1000,0.0009916010978475,0.0001,0.1,64,5,adamw,7.041466852650046,0.6878930288980492,0.0159896408052363,13.593615599995246,13.015625,719144,24.2,19.2,0.0,cpu,1,2.14.1+cu130,bbc46b3,[6],5,"[600, 1400]",100,-1,6b93b32d,21_256x128_lr1e-3,ey794fwc,10,
6,102,20,1400,1120,0.5,2,0.2,10000,1400,3027451771,3007771260,996707658,"[256, 128]",ReLU,1000,0.0009916010978475,0.0001,0.1,64,5,adamw,6.833455729298294,0.3700028692444947,0.0088361013839715,20.85732000001008,20.265625,719144,20.05,15.05,0.0,cpu,1,2.14.1+cu130,bbc46b3,[6],5,"[600, 1400]",100,-1,6b93b32d,21_256x128_lr1e-3,ey794fwc,10,
6,103,20,600,480,0.5,2,0.2,10000,1400,2745113127,2869072669,3814619374,"[256, 128]",ReLU,1000,0.0009916010978475,0.0001,0.1,64,5,adamw,8.451662629842758,0.9252901016439656,0.0113408657078361,15.254270000004908,14.875,719144,26.55,21.55,0.0,cpu,1,2.14.1+cu130,bbc46b3,[6],5,"[600, 1400]",100,-1,6b93b32d,21_256x128_lr1e-3,ey794fwc,10,
6,103,20,1400,1120,0.5,2,0.2,10000,1400,2745113127,167850620,2610125679,"[256, 128]",ReLU,1000,0.0009916010978475,0.0001,0.1,64,5,adamw,7.882591027766466,0.4716880468440857,0.0064467621134957,21.74720979999984,21.125,719144,21.5,16.5,0.0,cpu,1,2.14.1+cu130,bbc46b3,[6],5,"[600, 1400]",100,-1,6b93b32d,21_256x128_lr1e-3,ey794fwc,10,
6,104,20,600,480,0.5,2,0.2,10000,1400,1649339245,35453593,824647377,"[256, 128]",ReLU,1000,0.0009916010978475,0.0001,0.1,64,5,adamw,7.862180887663271,0.7239360258067667,0.011891444069347,14.615340800010015,14.015625,719144,25.45,20.45,0.0,cpu,1,2.14.1+cu130,bbc46b3,[6],5,"[600, 1400]",100,-1,6b93b32d,21_256x128_lr1e-3,ey794fwc,10,
6,104,20,1400,1120,0.5,2,0.2,10000,1400,1649339245,3582776475,2597292297,"[256, 128]",ReLU,1000,0.0009916010978475,0.0001,0.1,64,5,adamw,8.034428628976457,0.3808527963463476,0.0069643801467387,20.357534100010525,19.796875,719144,19.4,14.4,0.0,cpu,1,2.14.1+cu130,bbc46b3,[6],5,"[600, 1400]",100,-1,6b93b32d,21_256x128_lr1e-3,ey794fwc,10,
6,105,20,600,480,0.5,2,0.2,10000,1400,938589117,230193058,1856038647,"[256, 128]",ReLU,1000,0.0009916010978475,0.0001,0.1,64,5,adamw,8.726589649915695,0.8584538086428478,0.0106980910976159,14.963954899998498,14.421875,719144,26.0,21.0,0.0,cpu,1,2.14.1+cu130,bbc46b3,[6],5,"[600, 1400]",100,-1,6b93b32d,21_256x128_lr1e-3,ey794fwc,10,
6,105,20,1400,1120,0.5,2,0.2,10000,1400,938589117,3017667118,3738964825,"[256, 128]",ReLU,1000,0.0009916010978475,0.0001,0.1,64,5,adamw,8.541248068213463,0.4842386464474399,0.0077375536096939,20.736314100009626,20.203125,719144,20.2,15.2,0.0,cpu,1,2.14.1+cu130,bbc46b3,[6],5,"[600, 1400]",100,-1,6b93b32d,21_256x128_lr1e-3,ey794fwc,10,
6,101,20,600,480,0.5,2,0.2,10000,1400,400565534,1297881561,3902606988,"[128, 64]",ReLU,1000,0.0005052046691357,0.0001,0.1,64,10,adamw,8.427807047963142,0.8909749923632966,0.0118326020257983,17.751861400000053,17.296875,195752,62.15,52.15,0.0,cpu,1,2.14.1+cu130,bbc46b3,[6],5,"[600, 1400]",100,-1,kehha82r,22_128x64_lr5e-4,ey794fwc,10,
6,101,20,1400,1120,0.5,2,0.2,10000,1400,400565534,57952099,3217013880,"[128, 64]",ReLU,1000,0.0005052046691357,0.0001,0.1,64,10,adamw,8.27055674791336,0.4846322057165586,0.0081595423838947,29.389274799992563,28.90625,195752,54.9,44.9,0.0,cpu,1,2.14.1+cu130,bbc46b3,[6],5,"[600, 1400]",100,-1,kehha82r,22_128x64_lr5e-4,ey794fwc,10,
6,102,20,600,480,0.5,2,0.2,10000,1400,3027451771,805638815,1714853501,"[128, 64]",ReLU,1000,0.0005052046691357,0.0001,0.1,64,10,adamw,7.0826036259531975,0.7034318965176369,0.0156606071720817,17.33234770000854,16.96875,195752,60.5,50.5,0.0,cpu,1,2.14.1+cu130,bbc46b3,[6],5,"[600, 1400]",100,-1,kehha82r,22_128x64_lr5e-4,ey794fwc,10,
6,102,20,1400,1120,0.5,2,0.2,10000,1400,3027451771,3007771260,996707658,"[128, 64]",ReLU,1000,0.0005052046691357,0.0001,0.1,64,10,adamw,6.833881630562246,0.3159031363675877,0.0083843316987965,28.68499239999801,28.1875,195752,53.55,43.55,0.0,cpu,1,2.14.1+cu130,bbc46b3,[6],5,"[600, 1400]",100,-1,kehha82r,22_128x64_lr5e-4,ey794fwc,10,
6,103,20,600,480,0.5,2,0.2,10000,1400,2745113127,2869072669,3814619374,"[128, 64]",ReLU,1000,0.0005052046691357,0.0001,0.1,64,10,adamw,8.54749582707882,0.9865618614792846,0.0115094711810621,19.391002500007744,18.875,195752,68.25,58.25,0.0,cpu,1,2.14.1+cu130,bbc46b3,[6],5,"[600, 1400]",100,-1,kehha82r,22_128x64_lr5e-4,ey794fwc,10,
6,103,20,1400,1120,0.5,2,0.2,10000,1400,2745113127,167850620,2610125679,"[128, 64]",ReLU,1000,0.0005052046691357,0.0001,0.1,64,10,adamw,7.880732074379921,0.4434882610281976,0.0060300728915402,31.391139699990163,30.734375,195752,60.15,50.15,0.0,cpu,1,2.14.1+cu130,bbc46b3,[6],5,"[600, 1400]",100,-1,kehha82r,22_128x64_lr5e-4,ey794fwc,10,
6,104,20,600,480,0.5,2,0.2,10000,1400,1649339245,35453593,824647377,"[128, 64]",ReLU,1000,0.0005052046691357,0.0001,0.1,64,10,adamw,7.927767545101233,0.7136380474165546,0.0111842943054246,18.80715419999615,18.21875,195752,65.5,55.5,0.0,cpu,1,2.14.1+cu130,bbc46b3,[6],5,"[600, 1400]",100,-1,kehha82r,22_128x64_lr5e-4,ey794fwc,10,
6,104,20,1400,1120,0.5,2,0.2,10000,1400,1649339245,3582776475,2597292297,"[128, 64]",ReLU,1000,0.0005052046691357,0.0001,0.1,64,10,adamw,8.04581881663762,0.3676321503047586,0.0072631625201254,28.41461559999152,27.96875,195752,52.4,42.4,0.0,cpu,1,2.14.1+cu130,bbc46b3,[6],5,"[600, 1400]",100,-1,kehha82r,22_128x64_lr5e-4,ey794fwc,10,
6,105,20,600,480,0.5,2,0.2,10000,1400,938589117,230193058,1856038647,"[128, 64]",ReLU,1000,0.0005052046691357,0.0001,0.1,64,10,adamw,8.757761865854263,0.8708625123250218,0.0110889733842995,19.95829140000569,19.5,195752,70.3,60.3,0.0,cpu,1,2.14.1+cu130,bbc46b3,[6],5,"[600, 1400]",100,-1,kehha82r,22_128x64_lr5e-4,ey794fwc,10,
6,105,20,1400,1120,0.5,2,0.2,10000,1400,938589117,3017667118,3738964825,"[128, 64]",ReLU,1000,0.0005052046691357,0.0001,0.1,64,10,adamw,8.549390569329262,0.4284244483937514,0.0068927301024959,30.32005969999591,29.859375,195752,57.55,47.55,0.0,cpu,1,2.14.1+cu130,bbc46b3,[6],5,"[600, 1400]",100,-1,kehha82r,22_128x64_lr5e-4,ey794fwc,10,
6,101,20,600,480,0.5,2,0.2,10000,1400,400565534,1297881561,3902606988,"[256, 128]",ReLU,1000,0.0007184764629378,0.0001,0.1,64,20,adamw,8.258290775120258,0.8354005748646316,0.0120794460455462,32.21558009998989,31.109375,719144,57.35,37.35,0.0,cpu,1,2.14.1+cu130,bbc46b3,[6],5,"[600, 1400]",100,-1,p8yj4w73,23_256x128_lr7e-4,ey794fwc,10,
6,101,20,1400,1120,0.5,2,0.2,10000,1400,400565534,57952099,3217013880,"[256, 128]",ReLU,1000,0.0007184764629378,0.0001,0.1,64,20,adamw,8.177845641970634,0.441985045835908,0.0082530506810313,60.06325639999704,58.484375,719144,69.55,49.55,0.0,cpu,1,2.14.1+cu130,bbc46b3,[6],5,"[600, 1400]",100,-1,p8yj4w73,23_256x128_lr7e-4,ey794fwc,10,
6,102,20,600,480,0.5,2,0.2,10000,1400,3027451771,805638815,1714853501,"[256, 128]",ReLU,1000,0.0007184764629378,0.0001,0.1,64,20,adamw,6.967962060123682,0.6798444471712206,0.01799273816623,33.36743209999986,32.21875,719144,59.9,39.9,0.0,cpu,1,2.14.1+cu130,bbc46b3,[6],5,"[600, 1400]",100,-1,p8yj4w73,23_256x128_lr7e-4,ey794fwc,10,
6,102,20,1400,1120,0.5,2,0.2,10000,1400,3027451771,3007771260,996707658,"[256, 128]",ReLU,1000,0.0007184764629378,0.0001,0.1,64,20,adamw,6.762189553119242,0.3401135214719333,0.0102006728372218,57.637152099996456,56.046875,719144,64.35,44.35,0.0,cpu,1,2.14.1+cu130,bbc46b3,[6],5,"[600, 1400]",100,-1,p8yj4w73,23_256x128_lr7e-4,ey794fwc,10,
6,103,20,600,480,0.5,2,0.2,10000,1400,2745113127,2869072669,3814619374,"[256, 128]",ReLU,1000,0.0007184764629378,0.0001,0.1,64,20,adamw,8.355332717299461,0.8856941037387019,0.0121471648624247,36.8034772999963,35.671875,719144,66.6,46.6,0.0,cpu,1,2.14.1+cu130,bbc46b3,[6],5,"[600, 1400]",100,-1,p8yj4w73,23_256x128_lr7e-4,ey794fwc,10,
6,103,20,1400,1120,0.5,2,0.2,10000,1400,2745113127,167850620,2610125679,"[256, 128]",ReLU,1000,0.0007184764629378,0.0001,0.1,64,20,adamw,7.79057776555419,0.3862472272589795,0.0060088440885685,55.15035559999524,53.78125,719144,58.6,38.6,0.0,cpu,1,2.14.1+cu130,bbc46b3,[6],5,"[600, 1400]",100,-1,p8yj4w73,23_256x128_lr7e-4,ey794fwc,10,
6,104,20,600,480,0.5,2,0.2,10000,1400,1649339245,35453593,824647377,"[256, 128]",ReLU,1000,0.0007184764629378,0.0001,0.1,64,20,adamw,7.820298116537742,0.777813811158052,0.0130049958832414,37.06277259999479,35.875,719144,66.55,46.55,0.0,cpu,1,2.14.1+cu130,bbc46b3,[6],5,"[600, 1400]",100,-1,p8yj4w73,23_256x128_lr7e-4,ey794fwc,10,
6,104,20,1400,1120,0.5,2,0.2,10000,1400,1649339245,3582776475,2597292297,"[256, 128]",ReLU,1000,0.0007184764629378,0.0001,0.1,64,20,adamw,8.000986409024335,0.357012166963211,0.0074170330020224,51.44927949999692,49.921875,719144,51.45,31.45,0.0,cpu,1,2.14.1+cu130,bbc46b3,[6],5,"[600, 1400]",100,-1,p8yj4w73,23_256x128_lr7e-4,ey794fwc,10,
6,105,20,600,480,0.5,2,0.2,10000,1400,938589117,230193058,1856038647,"[256, 128]",ReLU,1000,0.0007184764629378,0.0001,0.1,64,20,adamw,8.578020632266998,0.8369881536014043,0.0118153397297178,36.571703399997205,35.28125,719144,66.75,46.75,0.0,cpu,1,2.14.1+cu130,bbc46b3,[6],5,"[600, 1400]",100,-1,p8yj4w73,23_256x128_lr7e-4,ey794fwc,10,
6,105,20,1400,1120,0.5,2,0.2,10000,1400,938589117,3017667118,3738964825,"[256, 128]",ReLU,1000,0.0007184764629378,0.0001,0.1,64,20,adamw,8.473089262843132,0.3777581032505406,0.0070613962666949,54.874998800005415,53.359375,719144,57.4,37.4,0.0,cpu,1,2.14.1+cu130,bbc46b3,[6],5,"[600, 1400]",100,-1,p8yj4w73,23_256x128_lr7e-4,ey794fwc,10,
6,101,20,600,480,0.5,2,0.2,10000,1400,400565534,1297881561,3902606988,"[256, 128]",ReLU,1000,0.0003391617428469,0.0001,0.1,64,10,adamw,8.330649197101593,0.8566534341815937,0.0113737237086479,33.39271949999966,31.328125,719144,56.1,46.1,0.0,cpu,1,2.14.1+cu130,bbc46b3,[6],5,"[600, 1400]",100,-1,nd1x3bcl,24_256x128_lr3e-4,ey794fwc,10,
6,101,20,1400,1120,0.5,2,0.2,10000,1400,400565534,57952099,3217013880,"[256, 128]",ReLU,1000,0.0003391617428469,0.0001,0.1,64,10,adamw,8.262270957231522,0.4682897183204594,0.0077395778534758,53.95618989999639,51.53125,719144,53.85,43.85,0.0,cpu,1,2.14.1+cu130,bbc46b3,[6],5,"[600, 1400]",100,-1,nd1x3bcl,24_256x128_lr3e-4,ey794fwc,10,
6,102,20,600,480,0.5,2,0.2,10000,1400,3027451771,805638815,1714853501,"[256, 128]",ReLU,1000,0.0003391617428469,0.0001,0.1,64,10,adamw,7.040031099691987,0.6507319239346827,0.0154985944257569,34.69147740000335,32.46875,719144,57.85,47.85,0.0,cpu,1,2.14.1+cu130,bbc46b3,[6],5,"[600, 1400]",100,-1,nd1x3bcl,24_256x128_lr3e-4,ey794fwc,10,
6,102,20,1400,1120,0.5,2,0.2,10000,1400,3027451771,3007771260,996707658,"[256, 128]",ReLU,1000,0.0003391617428469,0.0001,0.1,64,10,adamw,6.82937497086823,0.317053781022694,0.0085795385764625,53.37428160000127,51.296875,719144,53.2,43.2,0.0,cpu,1,2.14.1+cu130,bbc46b3,[6],5,"[600, 1400]",100,-1,nd1x3bcl,24_256x128_lr3e-4,ey794fwc,10,
6,103,20,600,480,0.5,2,0.2,10000,1400,2745113127,2869072669,3814619374,"[256, 128]",ReLU,1000,0.0003391617428469,0.0001,0.1,64,10,adamw,8.462516486644745,0.922326846770467,0.0112952675403482,37.25631130000693,35.21875,719144,64.35,54.35,0.0,cpu,1,2.14.1+cu130,bbc46b3,[6],5,"[600, 1400]",100,-1,nd1x3bcl,24_256x128_lr3e-4,ey794fwc,10,
6,103,20,1400,1120,0.5,2,0.2,10000,1400,2745113127,167850620,2610125679,"[256, 128]",ReLU,1000,0.0003391617428469,0.0001,0.1,64,10,adamw,7.863721150904894,0.4457836296351491,0.0063421429354185,53.16312259998813,50.265625,719144,52.45,42.45,0.0,cpu,1,2.14.1+cu130,bbc46b3,[6],5,"[600, 1400]",100,-1,nd1x3bcl,24_256x128_lr3e-4,ey794fwc,10,
6,104,20,600,480,0.5,2,0.2,10000,1400,1649339245,35453593,824647377,"[256, 128]",ReLU,1000,0.0003391617428469,0.0001,0.1,64,10,adamw,7.891540632001124,0.7519235554908961,0.011931696687028,34.474030999990646,32.125,719144,57.8,47.8,0.0,cpu,1,2.14.1+cu130,bbc46b3,[6],5,"[600, 1400]",100,-1,nd1x3bcl,24_256x128_lr3e-4,ey794fwc,10,
6,104,20,1400,1120,0.5,2,0.2,10000,1400,1649339245,3582776475,2597292297,"[256, 128]",ReLU,1000,0.0003391617428469,0.0001,0.1,64,10,adamw,8.038283532485366,0.3772181995887135,0.0068480259262564,48.63865280000027,46.078125,719144,44.6,34.6,0.0,cpu,1,2.14.1+cu130,bbc46b3,[6],5,"[600, 1400]",100,-1,nd1x3bcl,24_256x128_lr3e-4,ey794fwc,10,
6,105,20,600,480,0.5,2,0.2,10000,1400,938589117,230193058,1856038647,"[256, 128]",ReLU,1000,0.0003391617428469,0.0001,0.1,64,10,adamw,8.703259319067001,0.8486967219660863,0.0106719293775773,37.23566530000244,34.96875,719144,62.95,52.95,0.0,cpu,1,2.14.1+cu130,bbc46b3,[6],5,"[600, 1400]",100,-1,nd1x3bcl,24_256x128_lr3e-4,ey794fwc,10,
6,105,20,1400,1120,0.5,2,0.2,10000,1400,938589117,3017667118,3738964825,"[256, 128]",ReLU,1000,0.0003391617428469,0.0001,0.1,64,10,adamw,8.526490911841393,0.4098252188901959,0.0068583790247503,52.17968770000152,49.34375,719144,50.5,40.5,0.0,cpu,1,2.14.1+cu130,bbc46b3,[6],5,"[600, 1400]",100,-1,nd1x3bcl,24_256x128_lr3e-4,ey794fwc,10,
6,101,20,600,480,0.5,2,0.2,10000,1400,400565534,1297881561,3902606988,"[256, 128]",ReLU,1000,0.0004947282347613,0.0001,0.1,64,20,adamw,8.274759210646152,0.8684809029475473,0.0126321348344654,39.72780419999617,37.96875,719144,70.4,50.4,0.0,cpu,1,2.14.1+cu130,bbc46b3,[6],5,"[600, 1400]",100,-1,cdaw28my,25_256x128_lr5e-4,ey794fwc,10,
6,101,20,1400,1120,0.5,2,0.2,10000,1400,400565534,57952099,3217013880,"[256, 128]",ReLU,1000,0.0004947282347613,0.0001,0.1,64,20,adamw,8.187130764126778,0.4349327764906068,0.0079990218886561,67.14193599999999,65.171875,719144,74.4,54.4,0.0,cpu,1,2.14.1+cu130,bbc46b3,[6],5,"[600, 1400]",100,-1,cdaw28my,25_256x128_lr5e-4,ey794fwc,10,
6,102,20,600,480,0.5,2,0.2,10000,1400,3027451771,805638815,1714853501,"[256, 128]",ReLU,1000,0.0004947282347613,0.0001,0.1,64,20,adamw,6.984481597319245,0.6735551709117792,0.0171506387918659,39.96465470000112,38.25,719144,69.85,49.85,0.0,cpu,1,2.14.1+cu130,bbc46b3,[6],5,"[600, 1400]",100,-1,cdaw28my,25_256x128_lr5e-4,ey794fwc,10,
6,102,20,1400,1120,0.5,2,0.2,10000,1400,3027451771,3007771260,996707658,"[256, 128]",ReLU,1000,0.0004947282347613,0.0001,0.1,64,20,adamw,6.791180150583386,0.3181997649221101,0.0094986273410575,66.23645319999196,64.1875,719144,71.0,51.0,0.0,cpu,1,2.14.1+cu130,bbc46b3,[6],5,"[600, 1400]",100,-1,cdaw28my,25_256x128_lr5e-4,ey794fwc,10,
6,103,20,600,480,0.5,2,0.2,10000,1400,2745113127,2869072669,3814619374,"[256, 128]",ReLU,1000,0.0004947282347613,0.0001,0.1,64,20,adamw,8.379529103636742,0.93393225256116,0.0120525541939554,43.24530869998853,41.125,719144,75.6,55.6,0.0,cpu,1,2.14.1+cu130,bbc46b3,[6],5,"[600, 1400]",100,-1,cdaw28my,25_256x128_lr5e-4,ey794fwc,10,
6,103,20,1400,1120,0.5,2,0.2,10000,1400,2745113127,167850620,2610125679,"[256, 128]",ReLU,1000,0.0004947282347613,0.0001,0.1,64,20,adamw,7.823952812701464,0.422205773762274,0.0067326473682576,63.355904299998656,61.421875,719144,67.05,47.05,0.0,cpu,1,2.14.1+cu130,bbc46b3,[6],5,"[600, 1400]",100,-1,cdaw28my,25_256x128_lr5e-4,ey794fwc,10,
6,104,20,600,480,0.5,2,0.2,10000,1400,1649339245,35453593,824647377,"[256, 128]",ReLU,1000,0.0004947282347613,0.0001,0.1,64,20,adamw,7.817953374120407,0.7342460712543942,0.0126414373143246,43.051587299996754,41.296875,719144,75.9,55.9,0.0,cpu,1,2.14.1+cu130,bbc46b3,[6],5,"[600, 1400]",100,-1,cdaw28my,25_256x128_lr5e-4,ey794fwc,10,
6,104,20,1400,1120,0.5,2,0.2,10000,1400,1649339245,3582776475,2597292297,"[256, 128]",ReLU,1000,0.0004947282347613,0.0001,0.1,64,20,adamw,8.011159794637933,0.3529931162070204,0.0070782537089775,55.63154709999799,53.609375,719144,51.85,31.85,0.0,cpu,1,2.14.1+cu130,bbc46b3,[6],5,"[600, 1400]",100,-1,cdaw28my,25_256x128_lr5e-4,ey794fwc,10,
6,105,20,600,480,0.5,2,0.2,10000,1400,938589117,230193058,1856038647,"[256, 128]",ReLU,1000,0.0004947282347613,0.0001,0.1,64,20,adamw,8.586232900619507,0.8139274508718106,0.0117080532299775,44.74775290000253,42.75,719144,79.45,59.45,0.0,cpu,1,2.14.1+cu130,bbc46b3,[6],5,"[600, 1400]",100,-1,cdaw28my,25_256x128_lr5e-4,ey794fwc,10,
6,105,20,1400,1120,0.5,2,0.2,10000,1400,938589117,3017667118,3738964825,"[256, 128]",ReLU,1000,0.0004947282347613,0.0001,0.1,64,20,adamw,8.477820307016373,0.3919385056223344,0.0071058823559865,63.82968589999655,61.671875,719144,67.6,47.6,0.0,cpu,1,2.14.1+cu130,bbc46b3,[6],5,"[600, 1400]",100,-1,cdaw28my,25_256x128_lr5e-4,ey794fwc,10,
6,101,20,600,480,0.5,2,0.2,10000,1400,400565534,1297881561,3902606988,"[256, 128]",ReLU,1000,0.0005856199364538,0.0001,0.1,64,20,adamw,8.235013984143734,0.8288266192103543,0.0117240952324387,35.597993100003805,34.234375,719144,63.4,43.4,0.0,cpu,1,2.14.1+cu130,bbc46b3,[6],5,"[600, 1400]",100,-1,ynjzo24w,26_256x128_lr6e-4,ey794fwc,10,
6,101,20,1400,1120,0.5,2,0.2,10000,1400,400565534,57952099,3217013880,"[256, 128]",ReLU,1000,0.0005856199364538,0.0001,0.1,64,20,adamw,8.196444854140282,0.4478057702820537,0.0079336741640376,60.53286560000561,59.171875,719144,67.05,47.05,0.0,cpu,1,2.14.1+cu130,bbc46b3,[6],5,"[600, 1400]",100,-1,ynjzo24w,26_256x128_lr6e-4,ey794fwc,10,
6,102,20,600,480,0.5,2,0.2,10000,1400,3027451771,805638815,1714853501,"[256, 128]",ReLU,1000,0.0005856199364538,0.0001,0.1,64,20,adamw,6.9856263771653175,0.6551906771861999,0.0163456696133558,35.54920860000129,34.234375,719144,63.25,43.25,0.0,cpu,1,2.14.1+cu130,bbc46b3,[6],5,"[600, 1400]",100,-1,ynjzo24w,26_256x128_lr6e-4,ey794fwc,10,
6,102,20,1400,1120,0.5,2,0.2,10000,1400,3027451771,3007771260,996707658,"[256, 128]",ReLU,1000,0.0005856199364538,0.0001,0.1,64,20,adamw,6.786905262619257,0.3281037637275257,0.0093252075604968,55.77618359999906,54.171875,719144,57.3,37.3,0.0,cpu,1,2.14.1+cu130,bbc46b3,[6],5,"[600, 1400]",100,-1,ynjzo24w,26_256x128_lr6e-4,ey794fwc,10,
6,103,20,600,480,0.5,2,0.2,10000,1400,2745113127,2869072669,3814619374,"[256, 128]",ReLU,1000,0.0005856199364538,0.0001,0.1,64,20,adamw,8.379966489970684,0.9248640256844436,0.0122035558576996,39.87578499999654,38.5625,719144,71.7,51.7,0.0,cpu,1,2.14.1+cu130,bbc46b3,[6],5,"[600, 1400]",100,-1,ynjzo24w,26_256x128_lr6e-4,ey794fwc,10,
6,103,20,1400,1120,0.5,2,0.2,10000,1400,2745113127,167850620,2610125679,"[256, 128]",ReLU,1000,0.0005856199364538,0.0001,0.1,64,20,adamw,7.794034089893103,0.3937054352680959,0.0063627349150891,59.56138649999048,57.984375,719144,64.0,44.0,0.0,cpu,1,2.14.1+cu130,bbc46b3,[6],5,"[600, 1400]",100,-1,ynjzo24w,26_256x128_lr6e-4,ey794fwc,10,
6,104,20,600,480,0.5,2,0.2,10000,1400,1649339245,35453593,824647377,"[256, 128]",ReLU,1000,0.0005856199364538,0.0001,0.1,64,20,adamw,7.834140017395839,0.7575448293428688,0.0125514280020712,38.47480599999835,37.078125,719144,68.55,48.55,0.0,cpu,1,2.14.1+cu130,bbc46b3,[6],5,"[600, 1400]",100,-1,ynjzo24w,26_256x128_lr6e-4,ey794fwc,10,
6,104,20,1400,1120,0.5,2,0.2,10000,1400,1649339245,3582776475,2597292297,"[256, 128]",ReLU,1000,0.0005856199364538,0.0001,0.1,64,20,adamw,8.003993661957793,0.3435090629396921,0.0073583659645208,56.4260448999994,54.90625,719144,56.05,36.05,0.0,cpu,1,2.14.1+cu130,bbc46b3,[6],5,"[600, 1400]",100,-1,ynjzo24w,26_256x128_lr6e-4,ey794fwc,10,
6,105,20,600,480,0.5,2,0.2,10000,1400,938589117,230193058,1856038647,"[256, 128]",ReLU,1000,0.0005856199364538,0.0001,0.1,64,20,adamw,8.587584406137466,0.8421719829685704,0.0119415280349949,41.12767960000201,39.71875,719144,76.15,56.15,0.0,cpu,1,2.14.1+cu130,bbc46b3,[6],5,"[600, 1400]",100,-1,ynjzo24w,26_256x128_lr6e-4,ey794fwc,10,
6,105,20,1400,1120,0.5,2,0.2,10000,1400,938589117,3017667118,3738964825,"[256, 128]",ReLU,1000,0.0005856199364538,0.0001,0.1,64,20,adamw,8.478508695960045,0.4038472245355528,0.0073292055719391,58.44172869999602,57.09375,719144,60.55,40.55,0.0,cpu,1,2.14.1+cu130,bbc46b3,[6],5,"[600, 1400]",100,-1,ynjzo24w,26_256x128_lr6e-4,ey794fwc,10,
6,101,20,600,480,0.5,2,0.2,10000,1400,400565534,1297881561,3902606988,"[256, 128]",ReLU,1000,0.000703180643634,0.0001,0.1,64,10,adamw,8.259207285940647,0.8428180798209957,0.0119188067065794,23.55165529999067,22.625,719144,41.9,31.9,0.0,cpu,1,2.14.1+cu130,bbc46b3,[6],5,"[600, 1400]",100,-1,o4ldvfu7,27_256x128_lr7e-4,ey794fwc,10,
6,101,20,1400,1120,0.5,2,0.2,10000,1400,400565534,57952099,3217013880,"[256, 128]",ReLU,1000,0.000703180643634,0.0001,0.1,64,10,adamw,8.244155794382095,0.4622732138818015,0.0075970335741961,35.086805200000526,34.296875,719144,34.45,24.45,0.0,cpu,1,2.14.1+cu130,bbc46b3,[6],5,"[600, 1400]",100,-1,o4ldvfu7,27_256x128_lr7e-4,ey794fwc,10,
6,102,20,600,480,0.5,2,0.2,10000,1400,3027451771,805638815,1714853501,"[256, 128]",ReLU,1000,0.000703180643634,0.0001,0.1,64,10,adamw,7.002334613353014,0.6683865057496103,0.0157297693624297,22.412209700007224,21.5625,719144,40.45,30.45,0.0,cpu,1,2.14.1+cu130,bbc46b3,[6],5,"[600, 1400]",100,-1,o4ldvfu7,27_256x128_lr7e-4,ey794fwc,10,
6,102,20,1400,1120,0.5,2,0.2,10000,1400,3027451771,3007771260,996707658,"[256, 128]",ReLU,1000,0.000703180643634,0.0001,0.1,64,10,adamw,6.78710534516722,0.3458539574199155,0.0092812330379506,36.95709440000064,36.0625,719144,38.65,28.65,0.0,cpu,1,2.14.1+cu130,bbc46b3,[6],5,"[600, 1400]",100,-1,o4ldvfu7,27_256x128_lr7e-4,ey794fwc,10,
6,103,20,600,480,0.5,2,0.2,10000,1400,2745113127,2869072669,3814619374,"[256, 128]",ReLU,1000,0.000703180643634,0.0001,0.1,64,10,adamw,8.408200703561306,0.9150183650685038,0.0117024437211397,25.16472149999754,24.21875,719144,44.45,34.45,0.0,cpu,1,2.14.1+cu130,bbc46b3,[6],5,"[600, 1400]",100,-1,o4ldvfu7,27_256x128_lr7e-4,ey794fwc,10,
6,103,20,1400,1120,0.5,2,0.2,10000,1400,2745113127,167850620,2610125679,"[256, 128]",ReLU,1000,0.000703180643634,0.0001,0.1,64,10,adamw,7.838293764740229,0.4353350299340049,0.0064131368975776,37.20112610000069,36.203125,719144,39.15,29.15,0.0,cpu,1,2.14.1+cu130,bbc46b3,[6],5,"[600, 1400]",100,-1,o4ldvfu7,27_256x128_lr7e-4,ey794fwc,10,
6,104,20,600,480,0.5,2,0.2,10000,1400,1649339245,35453593,824647377,"[256, 128]",ReLU,1000,0.000703180643634,0.0001,0.1,64,10,adamw,7.861319016781636,0.7554028806219707,0.0125884706427382,24.54365949999192,23.484375,719144,43.55,33.55,0.0,cpu,1,2.14.1+cu130,bbc46b3,[6],5,"[600, 1400]",100,-1,o4ldvfu7,27_256x128_lr7e-4,ey794fwc,10,
6,104,20,1400,1120,0.5,2,0.2,10000,1400,1649339245,3582776475,2597292297,"[256, 128]",ReLU,1000,0.000703180643634,0.0001,0.1,64,10,adamw,8.014638139051385,0.3683370197688986,0.0070027560296678,32.739221400013776,31.71875,719144,30.8,20.8,0.0,cpu,1,2.14.1+cu130,bbc46b3,[6],5,"[600, 1400]",100,-1,o4ldvfu7,27_256x128_lr7e-4,ey794fwc,10,
6,105,20,600,480,0.5,2,0.2,10000,1400,938589117,230193058,1856038647,"[256, 128]",ReLU,1000,0.000703180643634,0.0001,0.1,64,10,adamw,8.629296034574509,0.8210439502529889,0.0112681800474792,25.888847900001565,24.890625,719144,45.7,35.7,0.0,cpu,1,2.14.1+cu130,bbc46b3,[6],5,"[600, 1400]",100,-1,o4ldvfu7,27_256x128_lr7e-4,ey794fwc,10,
6,105,20,1400,1120,0.5,2,0.2,10000,1400,938589117,3017667118,3738964825,"[256, 128]",ReLU,1000,0.000703180643634,0.0001,0.1,64,10,adamw,8.502079531550407,0.4260469677405984,0.0068859009716045,35.60786399999051,34.71875,719144,35.75,25.75,0.0,cpu,1,2.14.1+cu130,bbc46b3,[6],5,"[600, 1400]",100,-1,o4ldvfu7,27_256x128_lr7e-4,ey794fwc,10,
6,101,20,600,480,0.5,2,0.2,10000,1400,400565534,1297881561,3902606988,"[256, 128]",ReLU,1000,8.004871128610993e-05,0.0001,0.1,64,20,adamw,8.385825365781784,0.8454631116624203,0.0110364674908858,113.05883120000362,109.5,719144,203.25,183.25,0.0,cpu,1,2.14.1+cu130,bbc46b3,[6],5,"[600, 1400]",100,-1,kq6g2wnc,28_256x128_lr8e-5,ey794fwc,10,
6,101,20,1400,1120,0.5,2,0.2,10000,1400,400565534,57952099,3217013880,"[256, 128]",ReLU,1000,8.004871128610993e-05,0.0001,0.1,64,20,adamw,8.296416580677032,0.4647321735304504,0.0078069422142947,173.1372287000122,168.875,719144,184.45,164.45,0.0,cpu,1,2.14.1+cu130,bbc46b3,[6],5,"[600, 1400]",100,-1,kq6g2wnc,28_256x128_lr8e-5,ey794fwc,10,
6,102,20,600,480,0.5,2,0.2,10000,1400,3027451771,805638815,1714853501,"[256, 128]",ReLU,1000,8.004871128610993e-05,0.0001,0.1,64,20,adamw,7.107387371361256,0.6533611006177911,0.0149581115525239,105.40957039999194,101.78125,719144,190.2,170.2,0.0,cpu,1,2.14.1+cu130,bbc46b3,[6],5,"[600, 1400]",100,-1,kq6g2wnc,28_256x128_lr8e-5,ey794fwc,10,
6,102,20,1400,1120,0.5,2,0.2,10000,1400,3027451771,3007771260,996707658,"[256, 128]",ReLU,1000,8.004871128610993e-05,0.0001,0.1,64,20,adamw,6.866742079146206,0.335077676631631,0.0090220299058608,160.08556029999454,155.578125,719144,164.8,144.8,0.0,cpu,1,2.14.1+cu130,bbc46b3,[6],5,"[600, 1400]",100,-1,kq6g2wnc,28_256x128_lr8e-5,ey794fwc,10,
6,103,20,600,480,0.5,2,0.2,10000,1400,2745113127,2869072669,3814619374,"[256, 128]",ReLU,1000,8.004871128610993e-05,0.0001,0.1,64,20,adamw,8.536742888391018,0.9106578118760532,0.0109655962682014,120.67456509999464,117.0625,719144,222.55,202.55,0.0,cpu,1,2.14.1+cu130,bbc46b3,[6],5,"[600, 1400]",100,-1,kq6g2wnc,28_256x128_lr8e-5,ey794fwc,10,
6,103,20,1400,1120,0.5,2,0.2,10000,1400,2745113127,167850620,2610125679,"[256, 128]",ReLU,1000,8.004871128610993e-05,0.0001,0.1,64,20,adamw,7.896510846912861,0.4385420222790041,0.0064908773893254,177.41047030000482,172.984375,719144,194.05,174.05,0.0,cpu,1,2.14.1+cu130,bbc46b3,[6],5,"[600, 1400]",100,-1,kq6g2wnc,28_256x128_lr8e-5,ey794fwc,10,
6,104,20,600,480,0.5,2,0.2,10000,1400,1649339245,35453593,824647377,"[256, 128]",ReLU,1000,8.004871128610993e-05,0.0001,0.1,64,20,adamw,7.909730896586552,0.7088345707725985,0.0117019513509025,119.03912430000491,115.546875,719144,214.95,194.95,0.0,cpu,1,2.14.1+cu130,bbc46b3,[6],5,"[600, 1400]",100,-1,kq6g2wnc,28_256x128_lr8e-5,ey794fwc,10,
6,104,20,1400,1120,0.5,2,0.2,10000,1400,1649339245,3582776475,2597292297,"[256, 128]",ReLU,1000,8.004871128610993e-05,0.0001,0.1,64,20,adamw,8.075357986148447,0.3652300236630223,0.0070628983107356,153.62303449999308,149.25,719144,147.4,127.4,0.0,cpu,1,2.14.1+cu130,bbc46b3,[6],5,"[600, 1400]",100,-1,kq6g2wnc,28_256x128_lr8e-5,ey794fwc,10,
6,105,20,600,480,0.5,2,0.2,10000,1400,938589117,230193058,1856038647,"[256, 128]",ReLU,1000,8.004871128610993e-05,0.0001,0.1,64,20,adamw,8.775701254606247,0.8399604949526012,0.010455061081381,118.80473580000398,115.09375,719144,215.25,195.25,0.0,cpu,1,2.14.1+cu130,bbc46b3,[6],5,"[600, 1400]",100,-1,kq6g2wnc,28_256x128_lr8e-5,ey794fwc,10,
6,105,20,1400,1120,0.5,2,0.2,10000,1400,938589117,3017667118,3738964825,"[256, 128]",ReLU,1000,8.004871128610993e-05,0.0001,0.1,64,20,adamw,8.54122456908226,0.4187892435859343,0.0071114844093101,165.56057540001348,161.59375,719144,174.6,154.6,0.0,cpu,1,2.14.1+cu130,bbc46b3,[6],5,"[600, 1400]",100,-1,kq6g2wnc,28_256x128_lr8e-5,ey794fwc,10,
6,101,20,600,480,0.5,2,0.2,10000,1400,400565534,1297881561,3902606988,"[256, 128]",ReLU,1000,0.0007853443061113,0.0001,0.1,64,10,adamw,8.279619827866554,0.8251804821208989,0.0112496193452248,20.824688199994853,20.0,719144,35.95,25.95,0.0,cpu,1,2.14.1+cu130,bbc46b3,[6],5,"[600, 1400]",100,-1,nju2ygn8,29_256x128_lr8e-4,ey794fwc,10,
6,101,20,1400,1120,0.5,2,0.2,10000,1400,400565534,57952099,3217013880,"[256, 128]",ReLU,1000,0.0007853443061113,0.0001,0.1,64,10,adamw,8.21779115498066,0.4642148182193463,0.007784327539864,37.2146422000078,36.140625,719144,39.85,29.85,0.0,cpu,1,2.14.1+cu130,bbc46b3,[6],5,"[600, 1400]",100,-1,nju2ygn8,29_256x128_lr8e-4,ey794fwc,10,
6,102,20,600,480,0.5,2,0.2,10000,1400,3027451771,805638815,1714853501,"[256, 128]",ReLU,1000,0.0007853443061113,0.0001,0.1,64,10,adamw,7.003690857440233,0.6557286386250183,0.0157430350246398,22.949071399998505,22.140625,719144,39.9,29.9,0.0,cpu,1,2.14.1+cu130,bbc46b3,[6],5,"[600, 1400]",100,-1,nju2ygn8,29_256x128_lr8e-4,ey794fwc,10,
6,102,20,1400,1120,0.5,2,0.2,10000,1400,3027451771,3007771260,996707658,"[256, 128]",ReLU,1000,0.0007853443061113,0.0001,0.1,64,10,adamw,6.78778241481632,0.3311184590042578,0.0086837550397021,34.7593729999935,33.546875,719144,35.05,25.05,0.0,cpu,1,2.14.1+cu130,bbc46b3,[6],5,"[600, 1400]",100,-1,nju2ygn8,29_256x128_lr8e-4,ey794fwc,10,
6,103,20,600,480,0.5,2,0.2,10000,1400,2745113127,2869072669,3814619374,"[256, 128]",ReLU,1000,0.0007853443061113,0.0001,0.1,64,10,adamw,8.430196911096573,0.9504438389889296,0.0116938061930125,23.899310199994943,22.953125,719144,41.05,31.05,0.0,cpu,1,2.14.1+cu130,bbc46b3,[6],5,"[600, 1400]",100,-1,nju2ygn8,29_256x128_lr8e-4,ey794fwc,10,
6,103,20,1400,1120,0.5,2,0.2,10000,1400,2745113127,167850620,2610125679,"[256, 128]",ReLU,1000,0.0007853443061113,0.0001,0.1,64,10,adamw,7.834707994014025,0.4340949411814772,0.0062854574229163,35.11859679999179,33.78125,719144,35.45,25.45,0.0,cpu,1,2.14.1+cu130,bbc46b3,[6],5,"[600, 1400]",100,-1,nju2ygn8,29_256x128_lr8e-4,ey794fwc,10,
6,104,20,600,480,0.5,2,0.2,10000,1400,1649339245,35453593,824647377,"[256, 128]",ReLU,1000,0.0007853443061113,0.0001,0.1,64,10,adamw,7.839822156354785,0.7424627972464255,0.0122268027724364,22.76615139999194,21.859375,719144,39.6,29.6,0.0,cpu,1,2.14.1+cu130,bbc46b3,[6],5,"[600, 1400]",100,-1,nju2ygn8,29_256x128_lr8e-4,ey794fwc,10,
6,104,20,1400,1120,0.5,2,0.2,10000,1400,1649339245,3582776475,2597292297,"[256, 128]",ReLU,1000,0.0007853443061113,0.0001,0.1,64,10,adamw,8.007100172224455,0.3549010524028739,0.0069746982954135,32.90016970000579,31.859375,719144,31.95,21.95,0.0,cpu,1,2.14.1+cu130,bbc46b3,[6],5,"[600, 1400]",100,-1,nju2ygn8,29_256x128_lr8e-4,ey794fwc,10,
6,105,20,600,480,0.5,2,0.2,10000,1400,938589117,230193058,1856038647,"[256, 128]",ReLU,1000,0.0007853443061113,0.0001,0.1,64,10,adamw,8.621871292591095,0.8013209660561456,0.0114621719246097,25.207731299989973,24.078125,719144,44.6,34.6,0.0,cpu,1,2.14.1+cu130,bbc46b3,[6],5,"[600, 1400]",100,-1,nju2ygn8,29_256x128_lr8e-4,ey794fwc,10,
6,105,20,1400,1120,0.5,2,0.2,10000,1400,938589117,3017667118,3738964825,"[256, 128]",ReLU,1000,0.0007853443061113,0.0001,0.1,64,10,adamw,8.481063470244408,0.4047675806901065,0.0070552723823337,35.21028450000449,34.140625,719144,35.75,25.75,0.0,cpu,1,2.14.1+cu130,bbc46b3,[6],5,"[600, 1400]",100,-1,nju2ygn8,29_256x128_lr8e-4,ey794fwc,10,
6,101,20,600,480,0.5,2,0.2,10000,1400,400565534,1297881561,3902606988,"[256, 128]",ReLU,1000,0.0009203711402923,0.0001,0.1,64,5,adamw,8.364319786429405,0.8626335006129746,0.0111687527120269,14.297275799995989,13.5625,719144,24.6,19.6,0.0,cpu,1,2.14.1+cu130,bbc46b3,[6],5,"[600, 1400]",100,-1,wdfnpl0w,30_256x128_lr9e-4,ey794fwc,10,
6,101,20,1400,1120,0.5,2,0.2,10000,1400,400565534,57952099,3217013880,"[256, 128]",ReLU,1000,0.0009203711402923,0.0001,0.1,64,5,adamw,8.25358471274376,0.508678363905734,0.0075610869784823,23.559638599996106,22.625,719144,24.55,19.55,0.0,cpu,1,2.14.1+cu130,bbc46b3,[6],5,"[600, 1400]",100,-1,wdfnpl0w,30_256x128_lr9e-4,ey794fwc,10,
6,102,20,600,480,0.5,2,0.2,10000,1400,3027451771,805638815,1714853501,"[256, 128]",ReLU,1000,0.0009203711402923,0.0001,0.1,64,5,adamw,7.0525285713374615,0.6935577923956182,0.0155797031106408,13.3410511000111,12.734375,719144,23.4,18.4,0.0,cpu,1,2.14.1+cu130,bbc46b3,[6],5,"[600, 1400]",100,-1,wdfnpl0w,30_256x128_lr9e-4,ey794fwc,10,
6,102,20,1400,1120,0.5,2,0.2,10000,1400,3027451771,3007771260,996707658,"[256, 128]",ReLU,1000,0.0009203711402923,0.0001,0.1,64,5,adamw,6.816914391703904,0.3165689665275989,0.0081870033351662,22.304462600004623,21.6875,719144,22.55,17.55,0.0,cpu,1,2.14.1+cu130,bbc46b3,[6],5,"[600, 1400]",100,-1,wdfnpl0w,30_256x128_lr9e-4,ey794fwc,10,
6,103,20,600,480,0.5,2,0.2,10000,1400,2745113127,2869072669,3814619374,"[256, 128]",ReLU,1000,0.0009203711402923,0.0001,0.1,64,5,adamw,8.480703592300415,0.9782495026128532,0.0114979631144926,14.586591600003883,14.015625,719144,25.55,20.55,0.0,cpu,1,2.14.1+cu130,bbc46b3,[6],5,"[600, 1400]",100,-1,wdfnpl0w,30_256x128_lr9e-4,ey794fwc,10,
6,103,20,1400,1120,0.5,2,0.2,10000,1400,2745113127,167850620,2610125679,"[256, 128]",ReLU,1000,0.0009203711402923,0.0001,0.1,64,5,adamw,7.880921609699726,0.4564026567104021,0.0063633631549248,23.1374657000124,22.203125,719144,23.6,18.6,0.0,cpu,1,2.14.1+cu130,bbc46b3,[6],5,"[600, 1400]",100,-1,wdfnpl0w,30_256x128_lr9e-4,ey794fwc,10,
6,104,20,600,480,0.5,2,0.2,10000,1400,1649339245,35453593,824647377,"[256, 128]",ReLU,1000,0.0009203711402923,0.0001,0.1,64,5,adamw,7.88070717046503,0.7435841676932381,0.0118232850218745,14.9858077000099,14.296875,719144,25.85,20.85,0.0,cpu,1,2.14.1+cu130,bbc46b3,[6],5,"[600, 1400]",100,-1,wdfnpl0w,30_256x128_lr9e-4,ey794fwc,10,
6,104,20,1400,1120,0.5,2,0.2,10000,1400,1649339245,3582776475,2597292297,"[256, 128]",ReLU,1000,0.0009203711402923,0.0001,0.1,64,5,adamw,8.030463673290797,0.3734190026601531,0.0067745192989791,21.78409799998917,21.0625,719144,21.0,16.0,0.0,cpu,1,2.14.1+cu130,bbc46b3,[6],5,"[600, 1400]",100,-1,wdfnpl0w,30_256x128_lr9e-4,ey794fwc,10,
6,105,20,600,480,0.5,2,0.2,10000,1400,938589117,230193058,1856038647,"[256, 128]",ReLU,1000,0.0009203711402923,0.0001,0.1,64,5,adamw,8.715497195720673,0.8310457515396269,0.0106887075129582,15.791321400000015,15.171875,719144,27.05,22.05,0.0,cpu,1,2.14.1+cu130,bbc46b3,[6],5,"[600, 1400]",100,-1,wdfnpl0w,30_256x128_lr9e-4,ey794fwc,10,
6,105,20,1400,1120,0.5,2,0.2,10000,1400,938589117,3017667118,3738964825,"[256, 128]",ReLU,1000,0.0009203711402923,0.0001,0.1,64,5,adamw,8.533925563097,0.4530018012371796,0.0070446183535551,21.37722599999688,20.703125,719144,20.8,15.8,0.0,cpu,1,2.14.1+cu130,bbc46b3,[6],5,"[600, 1400]",100,-1,wdfnpl0w,30_256x128_lr9e-4,ey794fwc,10,
6,101,20,600,480,0.5,2,0.2,10000,1400,400565534,1297881561,3902606988,"[256, 128]",ReLU,1000,0.0007657883496159,0.0001,0.0,64,20,adamw,8.246297642588615,0.8548514834259824,0.012751569310812,24.97170389999519,24.03125,719144,52.7,32.7,0.0,cpu,1,2.14.1+cu130,bbc46b3,[6],5,"[600, 1400]",100,-1,j1e1jx5l,31_256x128_lr8e-4,ey794fwc,10,
6,101,20,1400,1120,0.5,2,0.2,10000,1400,400565534,57952099,3217013880,"[256, 128]",ReLU,1000,0.0007657883496159,0.0001,0.0,64,20,adamw,8.159741535782814,0.4563174584106396,0.0085620166625723,47.57865130000573,46.53125,719144,65.85,45.85,0.0,cpu,1,2.14.1+cu130,bbc46b3,[6],5,"[600, 1400]",100,-1,j1e1jx5l,31_256x128_lr8e-4,ey794fwc,10,
6,102,20,600,480,0.5,2,0.2,10000,1400,3027451771,805638815,1714853501,"[256, 128]",ReLU,1000,0.0007657883496159,0.0001,0.0,64,20,adamw,6.956411520019174,0.7001454851859202,0.0182702160840027,27.256612700002734,26.171875,719144,57.05,37.05,0.0,cpu,1,2.14.1+cu130,bbc46b3,[6],5,"[600, 1400]",100,-1,j1e1jx5l,31_256x128_lr8e-4,ey794fwc,10,
6,102,20,1400,1120,0.5,2,0.2,10000,1400,3027451771,3007771260,996707658,"[256, 128]",ReLU,1000,0.0007657883496159,0.0001,0.0,64,20,adamw,6.7710010427981615,0.3316523226559799,0.010084572438012,45.987533799998346,44.796875,719144,62.5,42.5,0.0,cpu,1,2.14.1+cu130,bbc46b3,[6],5,"[600, 1400]",100,-1,j1e1jx5l,31_256x128_lr8e-4,ey794fwc,10,
6,103,20,600,480,0.5,2,0.2,10000,1400,2745113127,2869072669,3814619374,"[256, 128]",ReLU,1000,0.0007657883496159,0.0001,0.0,64,20,adamw,8.346643529832363,0.9491584814202568,0.0129442314299088,28.477092100001755,27.1875,719144,61.6,41.6,0.0,cpu,1,2.14.1+cu130,bbc46b3,[6],5,"[600, 1400]",100,-1,j1e1jx5l,31_256x128_lr8e-4,ey794fwc,10,
6,103,20,1400,1120,0.5,2,0.2,10000,1400,2745113127,167850620,2610125679,"[256, 128]",ReLU,1000,0.0007657883496159,0.0001,0.0,64,20,adamw,7.8045207262039185,0.4209525205520562,0.006369384931624,41.614022099995054,40.390625,719144,49.25,29.25,0.0,cpu,1,2.14.1+cu130,bbc46b3,[6],5,"[600, 1400]",100,-1,j1e1jx5l,31_256x128_lr8e-4,ey794fwc,10,
6,104,20,600,480,0.5,2,0.2,10000,1400,1649339245,35453593,824647377,"[256, 128]",ReLU,1000,0.0007657883496159,0.0001,0.0,64,20,adamw,7.807506047538482,0.7658113501405516,0.0134107052152609,30.818024699998205,29.640625,719144,66.0,46.0,0.0,cpu,1,2.14.1+cu130,bbc46b3,[6],5,"[600, 1400]",100,-1,j1e1jx5l,31_256x128_lr8e-4,ey794fwc,10,
6,104,20,1400,1120,0.5,2,0.2,10000,1400,1649339245,3582776475,2597292297,"[256, 128]",ReLU,1000,0.0007657883496159,0.0001,0.0,64,20,adamw,8.002128701773472,0.3397524958399556,0.0070933537311111,40.46294010001293,39.296875,719144,47.95,27.95,0.0,cpu,1,2.14.1+cu130,bbc46b3,[6],5,"[600, 1400]",100,-1,j1e1jx5l,31_256x128_lr8e-4,ey794fwc,10,
6,105,20,600,480,0.5,2,0.2,10000,1400,938589117,230193058,1856038647,"[256, 128]",ReLU,1000,0.0007657883496159,0.0001,0.0,64,20,adamw,8.558219939470291,0.8470293095614703,0.0122015683819099,29.33724480000092,28.46875,719144,61.95,41.95,0.0,cpu,1,2.14.1+cu130,bbc46b3,[6],5,"[600, 1400]",100,-1,j1e1jx5l,31_256x128_lr8e-4,ey794fwc,10,
6,105,20,1400,1120,0.5,2,0.2,10000,1400,938589117,3017667118,3738964825,"[256, 128]",ReLU,1000,0.0007657883496159,0.0001,0.0,64,20,adamw,8.474886193871498,0.3855453627163716,0.0070774688734291,42.82454329999746,41.828125,719144,55.25,35.25,0.0,cpu,1,2.14.1+cu130,bbc46b3,[6],5,"[600, 1400]",100,-1,j1e1jx5l,31_256x128_lr8e-4,ey794fwc,10,
6,101,20,600,480,0.5,2,0.2,10000,1400,400565534,1297881561,3902606988,"[256, 128]",ReLU,1000,0.0002395889650017,0.0001,0.1,64,20,adamw,8.326012089848518,0.8124045960592894,0.0113307484240574,52.4405587999936,50.453125,719144,93.7,73.7,0.0,cpu,1,2.14.1+cu130,bbc46b3,[6],5,"[600, 1400]",100,-1,am41m7eb,32_256x128_lr2e-4,ey794fwc,10,
6,101,20,1400,1120,0.5,2,0.2,10000,1400,400565534,57952099,3217013880,"[256, 128]",ReLU,1000,0.0002395889650017,0.0001,0.1,64,20,adamw,8.226219594478607,0.4483914465570469,0.0077284970146272,87.91230139999243,85.828125,719144,98.65,78.65,0.0,cpu,1,2.14.1+cu130,bbc46b3,[6],5,"[600, 1400]",100,-1,am41m7eb,32_256x128_lr2e-4,ey794fwc,10,
6,102,20,600,480,0.5,2,0.2,10000,1400,3027451771,805638815,1714853501,"[256, 128]",ReLU,1000,0.0002395889650017,0.0001,0.1,64,20,adamw,7.014269586652517,0.6702480908633095,0.0163297547525873,54.65807950000453,52.796875,719144,97.6,77.6,0.0,cpu,1,2.14.1+cu130,bbc46b3,[6],5,"[600, 1400]",100,-1,am41m7eb,32_256x128_lr2e-4,ey794fwc,10,
6,102,20,1400,1120,0.5,2,0.2,10000,1400,3027451771,3007771260,996707658,"[256, 128]",ReLU,1000,0.0002395889650017,0.0001,0.1,64,20,adamw,6.816522090695798,0.2963776309434668,0.0085098590234869,85.7150360000087,83.640625,719144,94.35,74.35,0.0,cpu,1,2.14.1+cu130,bbc46b3,[6],5,"[600, 1400]",100,-1,am41m7eb,32_256x128_lr2e-4,ey794fwc,10,
6,103,20,600,480,0.5,2,0.2,10000,1400,2745113127,2869072669,3814619374,"[256, 128]",ReLU,1000,0.0002395889650017,0.0001,0.1,64,20,adamw,8.434018671512604,0.9252688217175185,0.0113717292723979,57.80226909999328,55.765625,719144,106.8,86.8,0.0,cpu,1,2.14.1+cu130,bbc46b3,[6],5,"[600, 1400]",100,-1,am41m7eb,32_256x128_lr2e-4,ey794fwc,10,
6,103,20,1400,1120,0.5,2,0.2,10000,1400,2745113127,167850620,2610125679,"[256, 128]",ReLU,1000,0.0002395889650017,0.0001,0.1,64,20,adamw,7.849511314183474,0.4039371219366534,0.006283704978231,87.42917620000662,85.125,719144,95.9,75.9,0.0,cpu,1,2.14.1+cu130,bbc46b3,[6],5,"[600, 1400]",100,-1,am41m7eb,32_256x128_lr2e-4,ey794fwc,10,
6,104,20,600,480,0.5,2,0.2,10000,1400,1649339245,35453593,824647377,"[256, 128]",ReLU,1000,0.0002395889650017,0.0001,0.1,64,20,adamw,7.850958313676529,0.7259383486072936,0.0120209104900858,54.47902949999843,52.53125,719144,97.25,77.25,0.0,cpu,1,2.14.1+cu130,bbc46b3,[6],5,"[600, 1400]",100,-1,am41m7eb,32_256x128_lr2e-4,ey794fwc,10,
6,104,20,1400,1120,0.5,2,0.2,10000,1400,1649339245,3582776475,2597292297,"[256, 128]",ReLU,1000,0.0002395889650017,0.0001,0.1,64,20,adamw,8.032066968735307,0.347564509105868,0.0070292830813112,77.47971530001087,75.53125,719144,77.4,57.4,0.0,cpu,1,2.14.1+cu130,bbc46b3,[6],5,"[600, 1400]",100,-1,am41m7eb,32_256x128_lr2e-4,ey794fwc,10,
6,105,20,600,480,0.5,2,0.2,10000,1400,938589117,230193058,1856038647,"[256, 128]",ReLU,1000,0.0002395889650017,0.0001,0.1,64,20,adamw,8.685055643320084,0.8199597818899872,0.0108693456562102,55.58243160000711,53.578125,719144,99.1,79.1,0.0,cpu,1,2.14.1+cu130,bbc46b3,[6],5,"[600, 1400]",100,-1,am41m7eb,32_256x128_lr2e-4,ey794fwc,10,
6,105,20,1400,1120,0.5,2,0.2,10000,1400,938589117,3017667118,3738964825,"[256, 128]",ReLU,1000,0.0002395889650017,0.0001,0.1,64,20,adamw,8.511397629976273,0.4031220992397479,0.0069940189511168,79.6217045999947,77.21875,719144,83.0,63.0,0.0,cpu,1,2.14.1+cu130,bbc46b3,[6],5,"[600, 1400]",100,-1,am41m7eb,32_256x128_lr2e-4,ey794fwc,10,
6,101,20,600,480,0.5,2,0.2,10000,1400,400565534,1297881561,3902606988,"[256, 128]",ReLU,1000,0.0006361857553645,0.0001,0.1,64,20,adamw,8.245874546468258,0.836602844351983,0.0122642769439175,34.65626659999543,33.265625,719144,61.3,41.3,0.0,cpu,1,2.14.1+cu130,bbc46b3,[6],5,"[600, 1400]",100,-1,55ghpuow,33_256x128_lr6e-4,ey794fwc,10,
6,101,20,1400,1120,0.5,2,0.2,10000,1400,400565534,57952099,3217013880,"[256, 128]",ReLU,1000,0.0006361857553645,0.0001,0.1,64,20,adamw,8.176616355776787,0.4424449837533437,0.0081029150396368,62.33327319999808,60.71875,719144,70.45,50.45,0.0,cpu,1,2.14.1+cu130,bbc46b3,[6],5,"[600, 1400]",100,-1,55ghpuow,33_256x128_lr6e-4,ey794fwc,10,
6,102,20,600,480,0.5,2,0.2,10000,1400,3027451771,805638815,1714853501,"[256, 128]",ReLU,1000,0.0006361857553645,0.0001,0.1,64,20,adamw,6.965702308341861,0.6868435841141032,0.0179680779042165,37.708007000008365,36.203125,719144,66.7,46.7,0.0,cpu,1,2.14.1+cu130,bbc46b3,[6],5,"[600, 1400]",100,-1,55ghpuow,33_256x128_lr6e-4,ey794fwc,10,
6,102,20,1400,1120,0.5,2,0.2,10000,1400,3027451771,3007771260,996707658,"[256, 128]",ReLU,1000,0.0006361857553645,0.0001,0.1,64,20,adamw,6.772317407652736,0.3322568594586318,0.0093302061109578,57.85635989998991,56.171875,719144,61.35,41.35,0.0,cpu,1,2.14.1+cu130,bbc46b3,[6],5,"[600, 1400]",100,-1,55ghpuow,33_256x128_lr6e-4,ey794fwc,10,
6,103,20,600,480,0.5,2,0.2,10000,1400,2745113127,2869072669,3814619374,"[256, 128]",ReLU,1000,0.0006361857553645,0.0001,0.1,64,20,adamw,8.390513263642788,0.9196296010631057,0.0119521141243778,38.97439289999602,37.203125,719144,67.75,47.75,0.0,cpu,1,2.14.1+cu130,bbc46b3,[6],5,"[600, 1400]",100,-1,55ghpuow,33_256x128_lr6e-4,ey794fwc,10,
6,103,20,1400,1120,0.5,2,0.2,10000,1400,2745113127,167850620,2610125679,"[256, 128]",ReLU,1000,0.0006361857553645,0.0001,0.1,64,20,adamw,7.830216877162456,0.4110388879518958,0.0062902397052302,54.83236530001159,53.140625,719144,55.15,35.15,0.0,cpu,1,2.14.1+cu130,bbc46b3,[6],5,"[600, 1400]",100,-1,55ghpuow,33_256x128_lr6e-4,ey794fwc,10,
6,104,20,600,480,0.5,2,0.2,10000,1400,1649339245,35453593,824647377,"[256, 128]",ReLU,1000,0.0006361857553645,0.0001,0.1,64,20,adamw,7.79838738613762,0.7503494219639674,0.0126404985253443,37.51019699999597,35.84375,719144,67.05,47.05,0.0,cpu,1,2.14.1+cu130,bbc46b3,[6],5,"[600, 1400]",100,-1,55ghpuow,33_256x128_lr6e-4,ey794fwc,10,
6,104,20,1400,1120,0.5,2,0.2,10000,1400,1649339245,3582776475,2597292297,"[256, 128]",ReLU,1000,0.0006361857553645,0.0001,0.1,64,20,adamw,8.00133370992262,0.3467639633331807,0.0072215963994457,53.18330889999925,51.25,719144,52.95,32.95,0.0,cpu,1,2.14.1+cu130,bbc46b3,[6],5,"[600, 1400]",100,-1,55ghpuow,33_256x128_lr6e-4,ey794fwc,10,
6,105,20,600,480,0.5,2,0.2,10000,1400,938589117,230193058,1856038647,"[256, 128]",ReLU,1000,0.0006361857553645,0.0001,0.1,64,20,adamw,8.575048178434372,0.8157879719646774,0.0112461803864232,37.79429919998802,36.46875,719144,67.4,47.4,0.0,cpu,1,2.14.1+cu130,bbc46b3,[6],5,"[600, 1400]",100,-1,55ghpuow,33_256x128_lr6e-4,ey794fwc,10,
6,105,20,1400,1120,0.5,2,0.2,10000,1400,938589117,3017667118,3738964825,"[256, 128]",ReLU,1000,0.0006361857553645,0.0001,0.1,64,20,adamw,8.476999372243881,0.4114914372523755,0.0072177044662858,56.627256599997054,54.921875,719144,58.9,38.9,0.0,cpu,1,2.14.1+cu130,bbc46b3,[6],5,"[600, 1400]",100,-1,55ghpuow,33_256x128_lr6e-4,ey794fwc,10,
6,101,20,600,480,0.5,2,0.2,10000,1400,400565534,1297881561,3902606988,"[256, 128]",ReLU,1000,0.0009825956931549,0.0001,0.1,64,10,adamw,8.259312070906162,0.8670203754336869,0.011405386984878,20.81518059999508,20.078125,719144,36.15,26.15,0.0,cpu,1,2.14.1+cu130,bbc46b3,[6],5,"[600, 1400]",100,-1,2eovg9bw,34_256x128_lr1e-3,ey794fwc,10,
6,101,20,1400,1120,0.5,2,0.2,10000,1400,400565534,57952099,3217013880,"[256, 128]",ReLU,1000,0.0009825956931549,0.0001,0.1,64,10,adamw,8.193820476531982,0.4658903134275198,0.0076628452883982,35.09149500000058,34.125,719144,38.9,28.9,0.0,cpu,1,2.14.1+cu130,bbc46b3,[6],5,"[600, 1400]",100,-1,2eovg9bw,34_256x128_lr1e-3,ey794fwc,10,
6,102,20,600,480,0.5,2,0.2,10000,1400,3027451771,805638815,1714853501,"[256, 128]",ReLU,1000,0.0009825956931549,0.0001,0.1,64,10,adamw,6.990761125460267,0.6722935669017582,0.0165185371665907,21.029484099999536,19.890625,719144,36.8,26.8,0.0,cpu,1,2.14.1+cu130,bbc46b3,[6],5,"[600, 1400]",100,-1,2eovg9bw,34_256x128_lr1e-3,ey794fwc,10,
6,102,20,1400,1120,0.5,2,0.2,10000,1400,3027451771,3007771260,996707658,"[256, 128]",ReLU,1000,0.0009825956931549,0.0001,0.1,64,10,adamw,6.780690789222717,0.3282184021395299,0.0090425345732393,31.181619399998453,30.15625,719144,31.3,21.3,0.0,cpu,1,2.14.1+cu130,bbc46b3,[6],5,"[600, 1400]",100,-1,2eovg9bw,34_256x128_lr1e-3,ey794fwc,10,
6,103,20,600,480,0.5,2,0.2,10000,1400,2745113127,2869072669,3814619374,"[256, 128]",ReLU,1000,0.0009825956931549,0.0001,0.1,64,10,adamw,8.436215728521347,0.9563797447571182,0.0115511297861939,21.001019600007567,20.0,719144,37.0,27.0,0.0,cpu,1,2.14.1+cu130,bbc46b3,[6],5,"[600, 1400]",100,-1,2eovg9bw,34_256x128_lr1e-3,ey794fwc,10,
6,103,20,1400,1120,0.5,2,0.2,10000,1400,2745113127,167850620,2610125679,"[256, 128]",ReLU,1000,0.0009825956931549,0.0001,0.1,64,10,adamw,7.831338051706552,0.4189971554041876,0.0062649304723979,33.90420489999815,32.8125,719144,36.4,26.4,0.0,cpu,1,2.14.1+cu130,bbc46b3,[6],5,"[600, 1400]",100,-1,2eovg9bw,34_256x128_lr1e-3,ey794fwc,10,
6,104,20,600,480,0.5,2,0.2,10000,1400,1649339245,35453593,824647377,"[256, 128]",ReLU,1000,0.0009825956931549,0.0001,0.1,64,10,adamw,7.817341205663979,0.7315951707644969,0.0124056941670389,19.87132800000836,19.0,719144,35.0,25.0,0.0,cpu,1,2.14.1+cu130,bbc46b3,[6],5,"[600, 1400]",100,-1,2eovg9bw,34_256x128_lr1e-3,ey794fwc,10,
6,104,20,1400,1120,0.5,2,0.2,10000,1400,1649339245,3582776475,2597292297,"[256, 128]",ReLU,1000,0.0009825956931549,0.0001,0.1,64,10,adamw,7.99951415497344,0.3388567171343716,0.0068736630215843,30.4807812999934,29.734375,719144,29.8,19.8,0.0,cpu,1,2.14.1+cu130,bbc46b3,[6],5,"[600, 1400]",100,-1,2eovg9bw,34_256x128_lr1e-3,ey794fwc,10,
6,105,20,600,480,0.5,2,0.2,10000,1400,938589117,230193058,1856038647,"[256, 128]",ReLU,1000,0.0009825956931549,0.0001,0.1,64,10,adamw,8.64918777346611,0.8409011886682165,0.0110293889044874,21.084356799998204,20.28125,719144,37.35,27.35,0.0,cpu,1,2.14.1+cu130,bbc46b3,[6],5,"[600, 1400]",100,-1,2eovg9bw,34_256x128_lr1e-3,ey794fwc,10,
6,105,20,1400,1120,0.5,2,0.2,10000,1400,938589117,3017667118,3738964825,"[256, 128]",ReLU,1000,0.0009825956931549,0.0001,0.1,64,10,adamw,8.49284639954567,0.3875909057571357,0.0068571015586995,32.405175699997926,31.46875,719144,34.2,24.2,0.0,cpu,1,2.14.1+cu130,bbc46b3,[6],5,"[600, 1400]",100,-1,2eovg9bw,34_256x128_lr1e-3,ey794fwc,10,
6,101,20,600,480,0.5,2,0.2,10000,1400,400565534,1297881561,3902606988,"[256, 128]",ReLU,1000,0.0002055645437802,0.0001,0.1,64,20,adamw,8.321375414729118,0.8332287058495212,0.0115446252313743,60.85243179999816,58.703125,719144,106.5,86.5,0.0,cpu,1,2.14.1+cu130,bbc46b3,[6],5,"[600, 1400]",100,-1,ycrt6hfo,35_256x128_lr2e-4,ey794fwc,10,
6,101,20,1400,1120,0.5,2,0.2,10000,1400,400565534,57952099,3217013880,"[256, 128]",ReLU,1000,0.0002055645437802,0.0001,0.1,64,20,adamw,8.228001415729523,0.4492709260538184,0.0079506601213093,98.72218300000532,95.953125,719144,111.3,91.3,0.0,cpu,1,2.14.1+cu130,bbc46b3,[6],5,"[600, 1400]",100,-1,ycrt6hfo,35_256x128_lr2e-4,ey794fwc,10,
6,102,20,600,480,0.5,2,0.2,10000,1400,3027451771,805638815,1714853501,"[256, 128]",ReLU,1000,0.0002055645437802,0.0001,0.1,64,20,adamw,7.043005757033825,0.6614911829656763,0.0159168249429889,58.69282260000182,56.28125,719144,102.8,82.8,0.0,cpu,1,2.14.1+cu130,bbc46b3,[6],5,"[600, 1400]",100,-1,ycrt6hfo,35_256x128_lr2e-4,ey794fwc,10,
6,102,20,1400,1120,0.5,2,0.2,10000,1400,3027451771,3007771260,996707658,"[256, 128]",ReLU,1000,0.0002055645437802,0.0001,0.1,64,20,adamw,6.8255320293828845,0.2964495184613304,0.0085149706147873,92.13453939999454,89.625,719144,96.95,76.95,0.0,cpu,1,2.14.1+cu130,bbc46b3,[6],5,"[600, 1400]",100,-1,ycrt6hfo,35_256x128_lr2e-4,ey794fwc,10,
6,103,20,600,480,0.5,2,0.2,10000,1400,2745113127,2869072669,3814619374,"[256, 128]",ReLU,1000,0.0002055645437802,0.0001,0.1,64,20,adamw,8.48693709820509,0.9281078285118156,0.0111115571194512,60.56222869998601,58.5625,719144,106.8,86.8,0.0,cpu,1,2.14.1+cu130,bbc46b3,[6],5,"[600, 1400]",100,-1,ycrt6hfo,35_256x128_lr2e-4,ey794fwc,10,
6,103,20,1400,1120,0.5,2,0.2,10000,1400,2745113127,167850620,2610125679,"[256, 128]",ReLU,1000,0.0002055645437802,0.0001,0.1,64,20,adamw,7.857926193624735,0.4138416796381085,0.0064976900883629,96.13168260001112,93.46875,719144,105.95,85.95,0.0,cpu,1,2.14.1+cu130,bbc46b3,[6],5,"[600, 1400]",100,-1,ycrt6hfo,35_256x128_lr2e-4,ey794fwc,10,
6,104,20,600,480,0.5,2,0.2,10000,1400,1649339245,35453593,824647377,"[256, 128]",ReLU,1000,0.0002055645437802,0.0001,0.1,64,20,adamw,7.871427984675392,0.7132513848350165,0.0121622456218723,62.70967699999164,60.015625,719144,110.9,90.9,0.0,cpu,1,2.14.1+cu130,bbc46b3,[6],5,"[600, 1400]",100,-1,ycrt6hfo,35_256x128_lr2e-4,ey794fwc,10,
6,104,20,1400,1120,0.5,2,0.2,10000,1400,1649339245,3582776475,2597292297,"[256, 128]",ReLU,1000,0.0002055645437802,0.0001,0.1,64,20,adamw,8.034625485772267,0.3356035037215575,0.0068871290042267,84.02389609999955,81.21875,719144,83.15,63.15,0.0,cpu,1,2.14.1+cu130,bbc46b3,[6],5,"[600, 1400]",100,-1,ycrt6hfo,35_256x128_lr2e-4,ey794fwc,10,
6,105,20,600,480,0.5,2,0.2,10000,1400,938589117,230193058,1856038647,"[256, 128]",ReLU,1000,0.0002055645437802,0.0001,0.1,64,20,adamw,8.663058340549469,0.8100515354166667,0.0107465306588506,64.93239479999465,62.765625,719144,119.2,99.2,0.0,cpu,1,2.14.1+cu130,bbc46b3,[6],5,"[600, 1400]",100,-1,ycrt6hfo,35_256x128_lr2e-4,ey794fwc,10,
6,105,20,1400,1120,0.5,2,0.2,10000,1400,938589117,3017667118,3738964825,"[256, 128]",ReLU,1000,0.0002055645437802,0.0001,0.1,64,20,adamw,8.50874938070774,0.4104622584888779,0.007108304620611,91.37116870000318,88.765625,719144,95.45,75.45,0.0,cpu,1,2.14.1+cu130,bbc46b3,[6],5,"[600, 1400]",100,-1,ycrt6hfo,35_256x128_lr2e-4,ey794fwc,10,
6,101,20,600,480,0.5,2,0.2,10000,1400,400565534,1297881561,3902606988,"[256, 128]",ReLU,1000,0.0009692935700082,0.0001,0.1,64,20,adamw,8.224280327558517,0.8680448168993112,0.01265016477365,29.21394679999503,28.3125,719144,52.25,32.25,0.0,cpu,1,2.14.1+cu130,bbc46b3,[6],5,"[600, 1400]",100,-1,jodf4znk,36_256x128_lr1e-3,ey794fwc,10,
6,101,20,1400,1120,0.5,2,0.2,10000,1400,400565534,57952099,3217013880,"[256, 128]",ReLU,1000,0.0009692935700082,0.0001,0.1,64,20,adamw,8.168973490595818,0.4566414961021078,0.0076492196328265,52.86836330000369,51.21875,719144,59.3,39.3,0.0,cpu,1,2.14.1+cu130,bbc46b3,[6],5,"[600, 1400]",100,-1,jodf4znk,36_256x128_lr1e-3,ey794fwc,10,
6,102,20,600,480,0.5,2,0.2,10000,1400,3027451771,805638815,1714853501,"[256, 128]",ReLU,1000,0.0009692935700082,0.0001,0.1,64,20,adamw,6.959182972088456,0.6915813365313074,0.0181025664227155,29.9221530000068,28.515625,719144,52.7,32.7,0.0,cpu,1,2.14.1+cu130,bbc46b3,[6],5,"[600, 1400]",100,-1,jodf4znk,36_256x128_lr1e-3,ey794fwc,10,
6,102,20,1400,1120,0.5,2,0.2,10000,1400,3027451771,3007771260,996707658,"[256, 128]",ReLU,1000,0.0009692935700082,0.0001,0.1,64,20,adamw,6.758289385586977,0.358069759956138,0.0104930420664305,52.57007509999676,51.234375,719144,58.7,38.7,0.0,cpu,1,2.14.1+cu130,bbc46b3,[6],5,"[600, 1400]",100,-1,jodf4znk,36_256x128_lr1e-3,ey794fwc,10,
6,103,20,600,480,0.5,2,0.2,10000,1400,2745113127,2869072669,3814619374,"[256, 128]",ReLU,1000,0.0009692935700082,0.0001,0.1,64,20,adamw,8.372096195816994,0.928024821436271,0.0124623395158768,33.22232139999687,32.09375,719144,60.1,40.1,0.0,cpu,1,2.14.1+cu130,bbc46b3,[6],5,"[600, 1400]",100,-1,jodf4znk,36_256x128_lr1e-3,ey794fwc,10,
6,103,20,1400,1120,0.5,2,0.2,10000,1400,2745113127,167850620,2610125679,"[256, 128]",ReLU,1000,0.0009692935700082,0.0001,0.1,64,20,adamw,7.804952040314674,0.4138082184070539,0.0068289455461978,49.70496410000487,48.390625,719144,53.25,33.25,0.0,cpu,1,2.14.1+cu130,bbc46b3,[6],5,"[600, 1400]",100,-1,jodf4znk,36_256x128_lr1e-3,ey794fwc,10,
6,104,20,600,480,0.5,2,0.2,10000,1400,1649339245,35453593,824647377,"[256, 128]",ReLU,1000,0.0009692935700082,0.0001,0.1,64,20,adamw,7.811452318972442,0.7498495451237445,0.0127988300224276,30.00555690001056,28.75,719144,53.95,33.95,0.0,cpu,1,2.14.1+cu130,bbc46b3,[6],5,"[600, 1400]",100,-1,jodf4znk,36_256x128_lr1e-3,ey794fwc,10,
6,104,20,1400,1120,0.5,2,0.2,10000,1400,1649339245,3582776475,2597292297,"[256, 128]",ReLU,1000,0.0009692935700082,0.0001,0.1,64,20,adamw,7.996353960363194,0.3565843409701334,0.007108321067567,44.04753759999585,42.75,719144,43.65,23.65,0.0,cpu,1,2.14.1+cu130,bbc46b3,[6],5,"[600, 1400]",100,-1,jodf4znk,36_256x128_lr1e-3,ey794fwc,10,
6,105,20,600,480,0.5,2,0.2,10000,1400,938589117,230193058,1856038647,"[256, 128]",ReLU,1000,0.0009692935700082,0.0001,0.1,64,20,adamw,8.595655709505081,0.8310328948882754,0.0116881553069556,31.857776300006662,30.796875,719144,57.05,37.05,0.0,cpu,1,2.14.1+cu130,bbc46b3,[6],5,"[600, 1400]",100,-1,jodf4znk,36_256x128_lr1e-3,ey794fwc,10,
6,105,20,1400,1120,0.5,2,0.2,10000,1400,938589117,3017667118,3738964825,"[256, 128]",ReLU,1000,0.0009692935700082,0.0001,0.1,64,20,adamw,8.476957231760025,0.3856189808423384,0.0073034483844508,48.5264962999936,47.171875,719144,51.4,31.4,0.0,cpu,1,2.14.1+cu130,bbc46b3,[6],5,"[600, 1400]",100,-1,jodf4znk,36_256x128_lr1e-3,ey794fwc,10,
6,101,20,600,480,0.5,2,0.2,10000,1400,400565534,1297881561,3902606988,"[256, 128]",ReLU,1000,0.0008564504132838,0.0001,0.1,64,10,adamw,8.284048542380333,0.8589825018909347,0.0120840000099457,22.064180500005023,20.921875,719144,37.7,27.7,0.0,cpu,1,2.14.1+cu130,bbc46b3,[6],5,"[600, 1400]",100,-1,xgve6xwo,37_256x128_lr9e-4,ey794fwc,10,
6,101,20,1400,1120,0.5,2,0.2,10000,1400,400565534,57952099,3217013880,"[256, 128]",ReLU,1000,0.0008564504132838,0.0001,0.1,64,10,adamw,8.208857700228691,0.4639144064707566,0.0074305885617839,41.20696080000198,39.703125,719144,40.15,30.15,0.0,cpu,1,2.14.1+cu130,bbc46b3,[6],5,"[600, 1400]",100,-1,xgve6xwo,37_256x128_lr9e-4,ey794fwc,10,
6,102,20,600,480,0.5,2,0.2,10000,1400,3027451771,805638815,1714853501,"[256, 128]",ReLU,1000,0.0008564504132838,0.0001,0.1,64,10,adamw,6.996000232174993,0.6677062203547628,0.0165956070198163,22.52593830000842,21.328125,719144,38.6,28.6,0.0,cpu,1,2.14.1+cu130,bbc46b3,[6],5,"[600, 1400]",100,-1,xgve6xwo,37_256x128_lr9e-4,ey794fwc,10,
6,102,20,1400,1120,0.5,2,0.2,10000,1400,3027451771,3007771260,996707658,"[256, 128]",ReLU,1000,0.0008564504132838,0.0001,0.1,64,10,adamw,6.790715083479881,0.3481506680144218,0.0093913022434033,34.71634159999667,33.71875,719144,32.3,22.3,0.0,cpu,1,2.14.1+cu130,bbc46b3,[6],5,"[600, 1400]",100,-1,xgve6xwo,37_256x128_lr9e-4,ey794fwc,10,
6,103,20,600,480,0.5,2,0.2,10000,1400,2745113127,2869072669,3814619374,"[256, 128]",ReLU,1000,0.0008564504132838,0.0001,0.1,64,10,adamw,8.403462812304497,0.942114679225201,0.0115501031432586,23.04860939999344,22.078125,719144,39.9,29.9,0.0,cpu,1,2.14.1+cu130,bbc46b3,[6],5,"[600, 1400]",100,-1,xgve6xwo,37_256x128_lr9e-4,ey794fwc,10,
6,103,20,1400,1120,0.5,2,0.2,10000,1400,2745113127,167850620,2610125679,"[256, 128]",ReLU,1000,0.0008564504132838,0.0001,0.1,64,10,adamw,7.824198108166456,0.439183754087756,0.0068744483471644,39.966995099995984,38.15625,719144,37.95,27.95,0.0,cpu,1,2.14.1+cu130,bbc46b3,[6],5,"[600, 1400]",100,-1,xgve6xwo,37_256x128_lr9e-4,ey794fwc,10,
6,104,20,600,480,0.5,2,0.2,10000,1400,1649339245,35453593,824647377,"[256, 128]",ReLU,1000,0.0008564504132838,0.0001,0.1,64,10,adamw,7.865286710555665,0.7352584296355619,0.0118592841175231,19.451367999994545,18.75,719144,33.05,23.05,0.0,cpu,1,2.14.1+cu130,bbc46b3,[6],5,"[600, 1400]",100,-1,xgve6xwo,37_256x128_lr9e-4,ey794fwc,10,
6,104,20,1400,1120,0.5,2,0.2,10000,1400,1649339245,3582776475,2597292297,"[256, 128]",ReLU,1000,0.0008564504132838,0.0001,0.1,64,10,adamw,7.997815253329463,0.346288728337312,0.0070613907112904,35.455825700002606,34.0,719144,32.7,22.7,0.0,cpu,1,2.14.1+cu130,bbc46b3,[6],5,"[600, 1400]",100,-1,xgve6xwo,37_256x128_lr9e-4,ey794fwc,10,
6,105,20,600,480,0.5,2,0.2,10000,1400,938589117,230193058,1856038647,"[256, 128]",ReLU,1000,0.0008564504132838,0.0001,0.1,64,10,adamw,8.609544575214386,0.8214334206208085,0.011312457680917,24.594870500004617,23.46875,719144,41.9,31.9,0.0,cpu,1,2.14.1+cu130,bbc46b3,[6],5,"[600, 1400]",100,-1,xgve6xwo,37_256x128_lr9e-4,ey794fwc,10,
6,105,20,1400,1120,0.5,2,0.2,10000,1400,938589117,3017667118,3738964825,"[256, 128]",ReLU,1000,0.0008564504132838,0.0001,0.1,64,10,adamw,8.47732774913311,0.4193759619982149,0.007012263591813,35.2577886999934,34.109375,719144,32.85,22.85,0.0,cpu,1,2.14.1+cu130,bbc46b3,[6],5,"[600, 1400]",100,-1,xgve6xwo,37_256x128_lr9e-4,ey794fwc,10,
6,101,20,600,480,0.5,2,0.2,10000,1400,400565534,1297881561,3902606988,"[256, 128]",ReLU,1000,0.0007091489683898,0.0001,0.0,64,20,adamw,8.252214029431343,0.8449338100397348,0.0125527473707493,31.82563289999962,27.640625,719144,56.65,36.65,0.0,cpu,1,2.14.1+cu130,bbc46b3,[6],5,"[600, 1400]",100,-1,u16v30oz,38_256x128_lr7e-4,ey794fwc,10,
6,101,20,1400,1120,0.5,2,0.2,10000,1400,400565534,57952099,3217013880,"[256, 128]",ReLU,1000,0.0007091489683898,0.0001,0.0,64,20,adamw,8.173587575554848,0.4494191884458287,0.0086263903992762,53.61416230000032,48.890625,719144,63.0,43.0,0.0,cpu,1,2.14.1+cu130,bbc46b3,[6],5,"[600, 1400]",100,-1,u16v30oz,38_256x128_lr7e-4,ey794fwc,10,
6,102,20,600,480,0.5,2,0.2,10000,1400,3027451771,805638815,1714853501,"[256, 128]",ReLU,1000,0.0007091489683898,0.0001,0.0,64,20,adamw,6.962929958477616,0.7326107894013776,0.0191805629120457,34.19316090000211,30.09375,719144,62.1,42.1,0.0,cpu,1,2.14.1+cu130,bbc46b3,[6],5,"[600, 1400]",100,-1,u16v30oz,38_256x128_lr7e-4,ey794fwc,10,
6,102,20,1400,1120,0.5,2,0.2,10000,1400,3027451771,3007771260,996707658,"[256, 128]",ReLU,1000,0.0007091489683898,0.0001,0.0,64,20,adamw,6.7689250679686666,0.3252916135705415,0.0098198390816255,53.40657079999801,48.46875,719144,61.25,41.25,0.0,cpu,1,2.14.1+cu130,bbc46b3,[6],5,"[600, 1400]",100,-1,u16v30oz,38_256x128_lr7e-4,ey794fwc,10,
6,103,20,600,480,0.5,2,0.2,10000,1400,2745113127,2869072669,3814619374,"[256, 128]",ReLU,1000,0.0007091489683898,0.0001,0.0,64,20,adamw,8.368842713534832,0.9768307783926968,0.0125523723141233,32.717602199991234,28.8125,719144,59.1,39.1,0.0,cpu,1,2.14.1+cu130,bbc46b3,[6],5,"[600, 1400]",100,-1,u16v30oz,38_256x128_lr7e-4,ey794fwc,10,
6,103,20,1400,1120,0.5,2,0.2,10000,1400,2745113127,167850620,2610125679,"[256, 128]",ReLU,1000,0.0007091489683898,0.0001,0.0,64,20,adamw,7.785356417298317,0.4471030286811637,0.0063737218080181,50.6881277999928,46.140625,719144,55.05,35.05,0.0,cpu,1,2.14.1+cu130,bbc46b3,[6],5,"[600, 1400]",100,-1,u16v30oz,38_256x128_lr7e-4,ey794fwc,10,
6,104,20,600,480,0.5,2,0.2,10000,1400,1649339245,35453593,824647377,"[256, 128]",ReLU,1000,0.0007091489683898,0.0001,0.0,64,20,adamw,7.802009142702445,0.7396603709042862,0.0129664499715136,35.1709084000031,31.171875,719144,62.8,42.8,0.0,cpu,1,2.14.1+cu130,bbc46b3,[6],5,"[600, 1400]",100,-1,u16v30oz,38_256x128_lr7e-4,ey794fwc,10,
6,104,20,1400,1120,0.5,2,0.2,10000,1400,1649339245,3582776475,2597292297,"[256, 128]",ReLU,1000,0.0007091489683898,0.0001,0.0,64,20,adamw,8.006849724799395,0.3463441417146499,0.0070226725736101,47.906746200009366,43.359375,719144,48.7,28.7,0.0,cpu,1,2.14.1+cu130,bbc46b3,[6],5,"[600, 1400]",100,-1,u16v30oz,38_256x128_lr7e-4,ey794fwc,10,
6,105,20,600,480,0.5,2,0.2,10000,1400,938589117,230193058,1856038647,"[256, 128]",ReLU,1000,0.0007091489683898,0.0001,0.0,64,20,adamw,8.536029905080795,0.8239974794968228,0.0117637713954492,34.17012559999421,30.140625,719144,61.8,41.8,0.0,cpu,1,2.14.1+cu130,bbc46b3,[6],5,"[600, 1400]",100,-1,u16v30oz,38_256x128_lr7e-4,ey794fwc,10,
6,105,20,1400,1120,0.5,2,0.2,10000,1400,938589117,3017667118,3738964825,"[256, 128]",ReLU,1000,0.0007091489683898,0.0001,0.0,64,20,adamw,8.47127191722393,0.3914873765363431,0.007070793619662,49.97772930000792,45.75,719144,53.6,33.6,0.0,cpu,1,2.14.1+cu130,bbc46b3,[6],5,"[600, 1400]",100,-1,u16v30oz,38_256x128_lr7e-4,ey794fwc,10,
6,101,20,600,480,0.5,2,0.2,10000,1400,400565534,1297881561,3902606988,"[256, 128]",ReLU,1000,0.0006358314135428,0.0001,0.1,64,20,adamw,8.256200604140759,0.8444952035180224,0.0117879934610762,35.771016200000304,34.296875,719144,61.2,41.2,0.0,cpu,1,2.14.1+cu130,bbc46b3,[6],5,"[600, 1400]",100,-1,w2ky0hdq,39_256x128_lr6e-4,ey794fwc,10,
6,101,20,1400,1120,0.5,2,0.2,10000,1400,400565534,57952099,3217013880,"[256, 128]",ReLU,1000,0.0006358314135428,0.0001,0.1,64,20,adamw,8.173400327563286,0.4537222904229254,0.0083019497539131,64.4904283999931,62.5,719144,70.8,50.8,0.0,cpu,1,2.14.1+cu130,bbc46b3,[6],5,"[600, 1400]",100,-1,w2ky0hdq,39_256x128_lr6e-4,ey794fwc,10,
6,102,20,600,480,0.5,2,0.2,10000,1400,3027451771,805638815,1714853501,"[256, 128]",ReLU,1000,0.0006358314135428,0.0001,0.1,64,20,adamw,6.966099286451936,0.693526022574614,0.0180714282125983,38.78501849999884,37.421875,719144,65.75,45.75,0.0,cpu,1,2.14.1+cu130,bbc46b3,[6],5,"[600, 1400]",100,-1,w2ky0hdq,39_256x128_lr6e-4,ey794fwc,10,
6,102,20,1400,1120,0.5,2,0.2,10000,1400,3027451771,3007771260,996707658,"[256, 128]",ReLU,1000,0.0006358314135428,0.0001,0.1,64,20,adamw,6.76963259652257,0.3359495772724055,0.0099001195622358,61.4029220000084,59.484375,719144,64.95,44.95,0.0,cpu,1,2.14.1+cu130,bbc46b3,[6],5,"[600, 1400]",100,-1,w2ky0hdq,39_256x128_lr6e-4,ey794fwc,10,
6,103,20,600,480,0.5,2,0.2,10000,1400,2745113127,2869072669,3814619374,"[256, 128]",ReLU,1000,0.0006358314135428,0.0001,0.1,64,20,adamw,8.387961611151695,0.9246698255244912,0.0118739450926147,39.09565869999642,37.296875,719144,66.75,46.75,0.0,cpu,1,2.14.1+cu130,bbc46b3,[6],5,"[600, 1400]",100,-1,w2ky0hdq,39_256x128_lr6e-4,ey794fwc,10,
6,103,20,1400,1120,0.5,2,0.2,10000,1400,2745113127,167850620,2610125679,"[256, 128]",ReLU,1000,0.0006358314135428,0.0001,0.1,64,20,adamw,7.800103884190321,0.4116792366533621,0.0062370705472828,59.87175260001095,58.15625,719144,62.15,42.15,0.0,cpu,1,2.14.1+cu130,bbc46b3,[6],5,"[600, 1400]",100,-1,w2ky0hdq,39_256x128_lr6e-4,ey794fwc,10,
6,104,20,600,480,0.5,2,0.2,10000,1400,1649339245,35453593,824647377,"[256, 128]",ReLU,1000,0.0006358314135428,0.0001,0.1,64,20,adamw,7.799820116022602,0.7484231103897466,0.0127190476383501,40.41431619999639,38.6875,719144,68.55,48.55,0.0,cpu,1,2.14.1+cu130,bbc46b3,[6],5,"[600, 1400]",100,-1,w2ky0hdq,39_256x128_lr6e-4,ey794fwc,10,
6,104,20,1400,1120,0.5,2,0.2,10000,1400,1649339245,3582776475,2597292297,"[256, 128]",ReLU,1000,0.0006358314135428,0.0001,0.1,64,20,adamw,8.005141789210029,0.356830717715419,0.0072764174288151,54.08388059999561,52.09375,719144,51.55,31.55,0.0,cpu,1,2.14.1+cu130,bbc46b3,[6],5,"[600, 1400]",100,-1,w2ky0hdq,39_256x128_lr6e-4,ey794fwc,10,
6,105,20,600,480,0.5,2,0.2,10000,1400,938589117,230193058,1856038647,"[256, 128]",ReLU,1000,0.0006358314135428,0.0001,0.1,64,20,adamw,8.569543570280075,0.82284843861213,0.01169665805986,41.31281049999234,39.734375,719144,71.05,51.05,0.0,cpu,1,2.14.1+cu130,bbc46b3,[6],5,"[600, 1400]",100,-1,w2ky0hdq,39_256x128_lr6e-4,ey794fwc,10,
6,105,20,1400,1120,0.5,2,0.2,10000,1400,938589117,3017667118,3738964825,"[256, 128]",ReLU,1000,0.0006358314135428,0.0001,0.1,64,20,adamw,8.477524042129517,0.4295532133750527,0.0073340569203582,55.196090500001446,53.140625,719144,53.95,33.95,0.0,cpu,1,2.14.1+cu130,bbc46b3,[6],5,"[600, 1400]",100,-1,w2ky0hdq,39_256x128_lr6e-4,ey794fwc,10,
6,101,20,600,480,0.5,2,0.2,10000,1400,400565534,1297881561,3902606988,"[256, 128]",ReLU,1000,0.0003107758775646,0.0001,0.1,256,20,adamw,8.348758056759834,0.8229804915064826,0.0114690764945725,46.169173599992064,43.46875,719144,147.95,127.95,0.0,cpu,1,2.14.1+cu130,bbc46b3,[6],5,"[600, 1400]",100,-1,3qaxlivy,40_256x128_lr3e-4,ey794fwc,10,
6,101,20,1400,1120,0.5,2,0.2,10000,1400,400565534,57952099,3217013880,"[256, 128]",ReLU,1000,0.0003107758775646,0.0001,0.1,256,20,adamw,8.261160269379616,0.4610835878390383,0.0077825609579144,67.79804009999498,65.078125,719144,124.45,104.45,0.0,cpu,1,2.14.1+cu130,bbc46b3,[6],5,"[600, 1400]",100,-1,3qaxlivy,40_256x128_lr3e-4,ey794fwc,10,
6,102,20,600,480,0.5,2,0.2,10000,1400,3027451771,805638815,1714853501,"[256, 128]",ReLU,1000,0.0003107758775646,0.0001,0.1,256,20,adamw,7.065912514925003,0.6533509844577641,0.0158176462778188,45.08972570000333,42.5,719144,145.65,125.65,0.0,cpu,1,2.14.1+cu130,bbc46b3,[6],5,"[600, 1400]",100,-1,3qaxlivy,40_256x128_lr3e-4,ey794fwc,10,
6,102,20,1400,1120,0.5,2,0.2,10000,1400,3027451771,3007771260,996707658,"[256, 128]",ReLU,1000,0.0003107758775646,0.0001,0.1,256,20,adamw,6.841585510410368,0.3093407649760695,0.0082731298870119,62.81085680000251,59.828125,719144,104.8,84.8,0.0,cpu,1,2.14.1+cu130,bbc46b3,[6],5,"[600, 1400]",100,-1,3qaxlivy,40_256x128_lr3e-4,ey794fwc,10,
6,103,20,600,480,0.5,2,0.2,10000,1400,2745113127,2869072669,3814619374,"[256, 128]",ReLU,1000,0.0003107758775646,0.0001,0.1,256,20,adamw,8.507793754339218,0.9122525651752992,0.0112919272286461,48.87160869999207,46.25,719144,157.65,137.65,0.0,cpu,1,2.14.1+cu130,bbc46b3,[6],5,"[600, 1400]",100,-1,3qaxlivy,40_256x128_lr3e-4,ey794fwc,10,
6,103,20,1400,1120,0.5,2,0.2,10000,1400,2745113127,167850620,2610125679,"[256, 128]",ReLU,1000,0.0003107758775646,0.0001,0.1,256,20,adamw,7.872126035392284,0.4194547806281544,0.006399819674351,68.24040989999776,65.625,719144,124.05,104.05,0.0,cpu,1,2.14.1+cu130,bbc46b3,[6],5,"[600, 1400]",100,-1,3qaxlivy,40_256x128_lr3e-4,ey794fwc,10,
6,104,20,600,480,0.5,2,0.2,10000,1400,1649339245,35453593,824647377,"[256, 128]",ReLU,1000,0.0003107758775646,0.0001,0.1,256,20,adamw,7.889273728826083,0.7054231078248465,0.0120550118409055,47.98027230000298,45.546875,719144,155.4,135.4,0.0,cpu,1,2.14.1+cu130,bbc46b3,[6],5,"[600, 1400]",100,-1,3qaxlivy,40_256x128_lr3e-4,ey794fwc,10,
6,104,20,1400,1120,0.5,2,0.2,10000,1400,1649339245,3582776475,2597292297,"[256, 128]",ReLU,1000,0.0003107758775646,0.0001,0.1,256,20,adamw,8.036684569204226,0.3506067098073608,0.0067996433586098,62.71657810000761,59.84375,719144,103.7,83.7,0.0,cpu,1,2.14.1+cu130,bbc46b3,[6],5,"[600, 1400]",100,-1,3qaxlivy,40_256x128_lr3e-4,ey794fwc,10,
6,105,20,600,480,0.5,2,0.2,10000,1400,938589117,230193058,1856038647,"[256, 128]",ReLU,1000,0.0003107758775646,0.0001,0.1,256,20,adamw,8.679618537425995,0.8089658398657964,0.0110908077189055,51.74155059999612,48.765625,719144,172.1,152.1,0.0,cpu,1,2.14.1+cu130,bbc46b3,[6],5,"[600, 1400]",100,-1,3qaxlivy,40_256x128_lr3e-4,ey794fwc,10,
6,105,20,1400,1120,0.5,2,0.2,10000,1400,938589117,3017667118,3738964825,"[256, 128]",ReLU,1000,0.0003107758775646,0.0001,0.1,256,20,adamw,8.510216191411018,0.4075518639081787,0.006948984131571,64.02330549999897,61.15625,719144,108.4,88.4,0.0,cpu,1,2.14.1+cu130,bbc46b3,[6],5,"[600, 1400]",100,-1,3qaxlivy,40_256x128_lr3e-4,ey794fwc,10,
6,101,20,600,480,0.5,2,0.2,10000,1400,400565534,1297881561,3902606988,"[64, 32]",ReLU,1000,8.240213826279417e-05,0.0001,0.1,256,10,adamw,8.960416540503502,1.37859538842832,0.0107129990890314,68.3245864000055,66.734375,56936,719.85,713.75,0.4,cpu,1,2.14.1+cu130,bbc46b3,[6],5,"[600, 1400]",100,-1,exx5gu9h,41_64x32_lr8e-5,ey794fwc,10,
6,101,20,1400,1120,0.5,2,0.2,10000,1400,400565534,57952099,3217013880,"[64, 32]",ReLU,1000,8.240213826279417e-05,0.0001,0.1,256,10,adamw,8.770990505814552,0.9037176886141172,0.0105249649147323,83.30165530000522,81.421875,56936,405.8,395.8,0.0,cpu,1,2.14.1+cu130,bbc46b3,[6],5,"[600, 1400]",100,-1,exx5gu9h,41_64x32_lr8e-5,ey794fwc,10,
6,102,20,600,480,0.5,2,0.2,10000,1400,3027451771,805638815,1714853501,"[64, 32]",ReLU,1000,8.240213826279417e-05,0.0001,0.1,256,10,adamw,7.49551298469305,0.9502025213532064,0.0145587829717091,69.056851500005,67.375,56936,724.35,716.55,0.25,cpu,1,2.14.1+cu130,bbc46b3,[6],5,"[600, 1400]",100,-1,exx5gu9h,41_64x32_lr8e-5,ey794fwc,10,
6,102,20,1400,1120,0.5,2,0.2,10000,1400,3027451771,3007771260,996707658,"[64, 32]",ReLU,1000,8.240213826279417e-05,0.0001,0.1,256,10,adamw,7.095222622156143,0.5597463749084827,0.0109955079197851,88.46086240001023,86.546875,56936,443.3,433.3,0.0,cpu,1,2.14.1+cu130,bbc46b3,[6],5,"[600, 1400]",100,-1,exx5gu9h,41_64x32_lr8e-5,ey794fwc,10,
6,103,20,600,480,0.5,2,0.2,10000,1400,2745113127,2869072669,3814619374,"[64, 32]",ReLU,1000,8.240213826279417e-05,0.0001,0.1,256,10,adamw,9.19569217413664,1.4690290162069066,0.0124102845503481,73.7305051000003,71.84375,56936,780.35,773.75,0.35,cpu,1,2.14.1+cu130,bbc46b3,[6],5,"[600, 1400]",100,-1,exx5gu9h,41_64x32_lr8e-5,ey794fwc,10,
6,103,20,1400,1120,0.5,2,0.2,10000,1400,2745113127,167850620,2610125679,"[64, 32]",ReLU,1000,8.240213826279417e-05,0.0001,0.1,256,10,adamw,8.282868582755327,0.8173335482962623,0.0085358012156668,96.85847370000556,95.046875,56936,521.05,511.05,0.0,cpu,1,2.14.1+cu130,bbc46b3,[6],5,"[600, 1400]",100,-1,exx5gu9h,41_64x32_lr8e-5,ey794fwc,10,
6,104,20,600,480,0.5,2,0.2,10000,1400,1649339245,35453593,824647377,"[64, 32]",ReLU,1000,8.240213826279417e-05,0.0001,0.1,256,10,adamw,8.338669969933107,1.0863590085049106,0.0113822111212644,75.61089399999764,73.609375,56936,820.05,814.05,0.4,cpu,1,2.14.1+cu130,bbc46b3,[6],5,"[600, 1400]",100,-1,exx5gu9h,41_64x32_lr8e-5,ey794fwc,10,
6,104,20,1400,1120,0.5,2,0.2,10000,1400,1649339245,3582776475,2597292297,"[64, 32]",ReLU,1000,8.240213826279417e-05,0.0001,0.1,256,10,adamw,8.33242917060852,0.6024204239968428,0.0086703200962666,87.81418940000003,85.921875,56936,440.05,430.05,0.0,cpu,1,2.14.1+cu130,bbc46b3,[6],5,"[600, 1400]",100,-1,exx5gu9h,41_64x32_lr8e-5,ey794fwc,10,
6,105,20,600,480,0.5,2,0.2,10000,1400,938589117,230193058,1856038647,"[64, 32]",ReLU,1000,8.240213826279417e-05,0.0001,0.1,256,10,adamw,9.256525486707687,1.216488844962284,0.0103494809657559,73.01860730000772,71.109375,56936,775.95,768.85,0.3,cpu,1,2.14.1+cu130,bbc46b3,[6],5,"[600, 1400]",100,-1,exx5gu9h,41_64x32_lr8e-5,ey794fwc,10,
6,105,20,1400,1120,0.5,2,0.2,10000,1400,938589117,3017667118,3738964825,"[64, 32]",ReLU,1000,8.240213826279417e-05,0.0001,0.1,256,10,adamw,8.879479870200157,0.7610863214886036,0.0088656718826612,94.93666039999516,92.96875,56936,502.5,492.5,0.0,cpu,1,2.14.1+cu130,bbc46b3,[6],5,"[600, 1400]",100,-1,exx5gu9h,41_64x32_lr8e-5,ey794fwc,10,
6,101,20,600,480,0.5,2,0.2,10000,1400,400565534,1297881561,3902606988,[32],ReLU,1000,0.0001250532556883,0.0001,0.1,64,20,adamw,9.101725399494171,1.465298712579098,0.0109855580043294,111.53718149999622,109.625,8328,683.15,668.8,0.3,cpu,1,2.14.1+cu130,bbc46b3,[6],5,"[600, 1400]",100,-1,kn7jzynb,42_32_lr1e-4,ey794fwc,10,
6,101,20,1400,1120,0.5,2,0.2,10000,1400,400565534,57952099,3217013880,[32],ReLU,1000,0.0001250532556883,0.0001,0.1,64,20,adamw,8.664920791983604,0.7932555843808181,0.0102444174328803,179.67285789999005,176.796875,8328,579.85,560.85,0.05,cpu,1,2.14.1+cu130,bbc46b3,[6],5,"[600, 1400]",100,-1,kn7jzynb,42_32_lr1e-4,ey794fwc,10,
6,102,20,600,480,0.5,2,0.2,10000,1400,3027451771,805638815,1714853501,[32],ReLU,1000,0.0001250532556883,0.0001,0.1,64,20,adamw,7.399698270484805,0.8573375492388241,0.0147007771656602,118.48670590000984,115.9375,8328,730.4,715.55,0.3,cpu,1,2.14.1+cu130,bbc46b3,[6],5,"[600, 1400]",100,-1,kn7jzynb,42_32_lr1e-4,ey794fwc,10,
6,102,20,1400,1120,0.5,2,0.2,10000,1400,3027451771,3007771260,996707658,[32],ReLU,1000,0.0001250532556883,0.0001,0.1,64,20,adamw,7.07469086162746,0.5188546375039423,0.0107773678425501,173.94610909999756,171.421875,8328,553.0,534.75,0.1,cpu,1,2.14.1+cu130,bbc46b3,[6],5,"[600, 1400]",100,-1,kn7jzynb,42_32_lr1e-4,ey794fwc,10,
6,103,20,600,480,0.5,2,0.2,10000,1400,2745113127,2869072669,3814619374,[32],ReLU,1000,0.0001250532556883,0.0001,0.1,64,20,adamw,9.219219893217089,1.490470813028783,0.0125329374424685,125.65975230000912,123.609375,8328,788.5,775.1,0.4,cpu,1,2.14.1+cu130,bbc46b3,[6],5,"[600, 1400]",100,-1,kn7jzynb,42_32_lr1e-4,ey794fwc,10,
6,103,20,1400,1120,0.5,2,0.2,10000,1400,2745113127,167850620,2610125679,[32],ReLU,1000,0.0001250532556883,0.0001,0.1,64,20,adamw,8.330906219780445,0.8066910331779238,0.009075883005409,205.8998353999923,203.359375,8328,705.25,691.3,0.35,cpu,1,2.14.1+cu130,bbc46b3,[6],5,"[600, 1400]",100,-1,kn7jzynb,42_32_lr1e-4,ey794fwc,10,
6,104,20,600,480,0.5,2,0.2,10000,1400,1649339245,35453593,824647377,[32],ReLU,1000,0.0001250532556883,0.0001,0.1,64,20,adamw,8.40070677548647,1.165285159941202,0.0125616782925532,130.78351120000298,128.390625,8328,822.2,809.7,0.45,cpu,1,2.14.1+cu130,bbc46b3,[6],5,"[600, 1400]",100,-1,kn7jzynb,42_32_lr1e-4,ey794fwc,10,
6,104,20,1400,1120,0.5,2,0.2,10000,1400,1649339245,3582776475,2597292297,[32],ReLU,1000,0.0001250532556883,0.0001,0.1,64,20,adamw,8.27632250613533,0.5305042589383479,0.0082914313908194,191.0843246000004,188.203125,8328,628.85,611.7,0.15,cpu,1,2.14.1+cu130,bbc46b3,[6],5,"[600, 1400]",100,-1,kn7jzynb,42_32_lr1e-4,ey794fwc,10,
6,105,20,600,480,0.5,2,0.2,10000,1400,938589117,230193058,1856038647,[32],ReLU,1000,0.0001250532556883,0.0001,0.1,64,20,adamw,9.550746738910677,1.4142100996316378,0.0104123164513723,122.34925260000456,119.796875,8328,749.9,737.75,0.4,cpu,1,2.14.1+cu130,bbc46b3,[6],5,"[600, 1400]",100,-1,kn7jzynb,42_32_lr1e-4,ey794fwc,10,
6,105,20,1400,1120,0.5,2,0.2,10000,1400,938589117,3017667118,3738964825,[32],ReLU,1000,0.0001250532556883,0.0001,0.1,64,20,adamw,8.831400156021118,0.7365221526268908,0.0087196899671145,212.4297420000076,209.703125,8328,728.0,713.35,0.3,cpu,1,2.14.1+cu130,bbc46b3,[6],5,"[600, 1400]",100,-1,kn7jzynb,42_32_lr1e-4,ey794fwc,10,
6,101,20,600,480,0.5,2,0.2,10000,1400,400565534,1297881561,3902606988,[32],ReLU,1000,0.0001926233149873,0.0001,0.0,64,10,adamw,9.152992114424706,1.528124311717736,0.0109421431951394,55.68773520000104,54.8125,8328,403.0,393.4,0.05,cpu,1,2.14.1+cu130,bbc46b3,[6],5,"[600, 1400]",100,-1,fzo0tsqu,43_32_lr2e-4,ey794fwc,10,
6,101,20,1400,1120,0.5,2,0.2,10000,1400,400565534,57952099,3217013880,[32],ReLU,1000,0.0001926233149873,0.0001,0.0,64,10,adamw,8.601170629262924,0.7585790645921004,0.0102948616721473,96.87212840000576,95.65625,8328,360.5,350.5,0.0,cpu,1,2.14.1+cu130,bbc46b3,[6],5,"[600, 1400]",100,-1,fzo0tsqu,43_32_lr2e-4,ey794fwc,10,
6,102,20,600,480,0.5,2,0.2,10000,1400,3027451771,805638815,1714853501,[32],ReLU,1000,0.0001926233149873,0.0001,0.0,64,10,adamw,7.352104203775525,0.835871244715863,0.0149753111695468,63.51545089999854,62.515625,8328,471.15,461.15,0.0,cpu,1,2.14.1+cu130,bbc46b3,[6],5,"[600, 1400]",100,-1,fzo0tsqu,43_32_lr2e-4,ey794fwc,10,
6,102,20,1400,1120,0.5,2,0.2,10000,1400,3027451771,3007771260,996707658,[32],ReLU,1000,0.0001926233149873,0.0001,0.0,64,10,adamw,7.051980815827847,0.5021613341163506,0.0108820796569176,92.71749100000306,91.734375,8328,342.95,332.95,0.0,cpu,1,2.14.1+cu130,bbc46b3,[6],5,"[600, 1400]",100,-1,fzo0tsqu,43_32_lr2e-4,ey794fwc,10,
6,103,20,600,480,0.5,2,0.2,10000,1400,2745113127,2869072669,3814619374,[32],ReLU,1000,0.0001926233149873,0.0001,0.0,64,10,adamw,9.14461187273264,1.438784797879493,0.0124117804295281,66.23451380000915,65.234375,8328,487.1,477.55,0.05,cpu,1,2.14.1+cu130,bbc46b3,[6],5,"[600, 1400]",100,-1,fzo0tsqu,43_32_lr2e-4,ey794fwc,10,
6,103,20,1400,1120,0.5,2,0.2,10000,1400,2745113127,167850620,2610125679,[32],ReLU,1000,0.0001926233149873,0.0001,0.0,64,10,adamw,8.215245015919209,0.6963106380111648,0.0088040066314691,114.4459138999955,113.296875,8328,465.15,455.15,0.0,cpu,1,2.14.1+cu130,bbc46b3,[6],5,"[600, 1400]",100,-1,fzo0tsqu,43_32_lr2e-4,ey794fwc,10,
6,104,20,600,480,0.5,2,0.2,10000,1400,1649339245,35453593,824647377,[32],ReLU,1000,0.0001926233149873,0.0001,0.0,64,10,adamw,8.303748611127958,1.1112331207237616,0.013182654732636,71.2928760000068,70.15625,8328,536.45,526.45,0.0,cpu,1,2.14.1+cu130,bbc46b3,[6],5,"[600, 1400]",100,-1,fzo0tsqu,43_32_lr2e-4,ey794fwc,10,
6,104,20,1400,1120,0.5,2,0.2,10000,1400,1649339245,3582776475,2597292297,[32],ReLU,1000,0.0001926233149873,0.0001,0.0,64,10,adamw,8.23375066369772,0.5040727157989,0.0086755737270814,98.31289030000336,97.21875,8328,371.05,361.05,0.0,cpu,1,2.14.1+cu130,bbc46b3,[6],5,"[600, 1400]",100,-1,fzo0tsqu,43_32_lr2e-4,ey794fwc,10,
6,105,20,600,480,0.5,2,0.2,10000,1400,938589117,230193058,1856038647,[32],ReLU,1000,0.0001926233149873,0.0001,0.0,64,10,adamw,9.392637133598328,1.3484137831132956,0.0107653421205829,67.49004819999391,66.5,8328,503.2,493.2,0.0,cpu,1,2.14.1+cu130,bbc46b3,[6],5,"[600, 1400]",100,-1,fzo0tsqu,43_32_lr2e-4,ey794fwc,10,
6,105,20,1400,1120,0.5,2,0.2,10000,1400,938589117,3017667118,3738964825,[32],ReLU,1000,0.0001926233149873,0.0001,0.0,64,10,adamw,8.775123476982117,0.6828323624131282,0.0088590923448481,107.14356300000507,106.109375,8328,417.1,407.1,0.0,cpu,1,2.14.1+cu130,bbc46b3,[6],5,"[600, 1400]",100,-1,fzo0tsqu,43_32_lr2e-4,ey794fwc,10,
6,101,20,600,480,0.5,2,0.2,10000,1400,400565534,1297881561,3902606988,"[64, 32]",ReLU,1000,0.0006067460368248,0.0001,0.0,128,20,adamw,8.352842584252357,0.8720065160915142,0.012468375138651,14.709255900001152,14.421875,56936,142.25,122.25,0.0,cpu,1,2.14.1+cu130,bbc46b3,[6],5,"[600, 1400]",100,-1,mdbji7ed,44_64x32_lr6e-4,ey794fwc,10,
6,101,20,1400,1120,0.5,2,0.2,10000,1400,400565534,57952099,3217013880,"[64, 32]",ReLU,1000,0.0006067460368248,0.0001,0.0,128,20,adamw,8.23374691605568,0.4641812086233103,0.0085364271418809,25.5459220000048,25.109375,56936,132.15,112.15,0.0,cpu,1,2.14.1+cu130,bbc46b3,[6],5,"[600, 1400]",100,-1,mdbji7ed,44_64x32_lr6e-4,ey794fwc,10,
6,102,20,600,480,0.5,2,0.2,10000,1400,3027451771,805638815,1714853501,"[64, 32]",ReLU,1000,0.0006067460368248,0.0001,0.0,128,20,adamw,7.1878677085042,0.7681183986616418,0.0168871548526839,15.342268899999908,15.15625,56936,148.75,128.75,0.0,cpu,1,2.14.1+cu130,bbc46b3,[6],5,"[600, 1400]",100,-1,mdbji7ed,44_64x32_lr6e-4,ey794fwc,10,
6,102,20,1400,1120,0.5,2,0.2,10000,1400,3027451771,3007771260,996707658,"[64, 32]",ReLU,1000,0.0006067460368248,0.0001,0.0,128,20,adamw,6.817524837329984,0.3042971646814358,0.0086774789810862,25.0859291000088,24.609375,56936,128.85,108.85,0.0,cpu,1,2.14.1+cu130,bbc46b3,[6],5,"[600, 1400]",100,-1,mdbji7ed,44_64x32_lr6e-4,ey794fwc,10,
6,103,20,600,480,0.5,2,0.2,10000,1400,2745113127,2869072669,3814619374,"[64, 32]",ReLU,1000,0.0006067460368248,0.0001,0.0,128,20,adamw,8.521904714405537,0.9709200652086284,0.012200568444135,16.882793800003128,16.421875,56936,166.55,146.55,0.0,cpu,1,2.14.1+cu130,bbc46b3,[6],5,"[600, 1400]",100,-1,mdbji7ed,44_64x32_lr6e-4,ey794fwc,10,
6,103,20,1400,1120,0.5,2,0.2,10000,1400,2745113127,167850620,2610125679,"[64, 32]",ReLU,1000,0.0006067460368248,0.0001,0.0,128,20,adamw,7.862216178327799,0.4237173029464398,0.0068993417093357,26.25386850000359,25.765625,56936,139.45,119.45,0.0,cpu,1,2.14.1+cu130,bbc46b3,[6],5,"[600, 1400]",100,-1,mdbji7ed,44_64x32_lr6e-4,ey794fwc,10,
6,104,20,600,480,0.5,2,0.2,10000,1400,1649339245,35453593,824647377,"[64, 32]",ReLU,1000,0.0006067460368248,0.0001,0.0,128,20,adamw,7.934652786469087,0.7530974521736508,0.0121741528064036,16.973757100000512,16.640625,56936,171.1,151.1,0.0,cpu,1,2.14.1+cu130,bbc46b3,[6],5,"[600, 1400]",100,-1,mdbji7ed,44_64x32_lr6e-4,ey794fwc,10,
6,104,20,1400,1120,0.5,2,0.2,10000,1400,1649339245,3582776475,2597292297,"[64, 32]",ReLU,1000,0.0006067460368248,0.0001,0.0,128,20,adamw,8.044309932505712,0.3682373455762169,0.0077845376523056,23.560593000001973,23.25,56936,120.15,100.15,0.0,cpu,1,2.14.1+cu130,bbc46b3,[6],5,"[600, 1400]",100,-1,mdbji7ed,44_64x32_lr6e-4,ey794fwc,10,
6,105,20,600,480,0.5,2,0.2,10000,1400,938589117,230193058,1856038647,"[64, 32]",ReLU,1000,0.0006067460368248,0.0001,0.0,128,20,adamw,8.706618666648865,0.878425466429781,0.0122296641362792,18.776024899998447,18.578125,56936,186.5,166.5,0.0,cpu,1,2.14.1+cu130,bbc46b3,[6],5,"[600, 1400]",100,-1,mdbji7ed,44_64x32_lr6e-4,ey794fwc,10,
6,105,20,1400,1120,0.5,2,0.2,10000,1400,938589117,3017667118,3738964825,"[64, 32]",ReLU,1000,0.0006067460368248,0.0001,0.0,128,20,adamw,8.523733213543892,0.4142702590866727,0.0073313111580328,24.917244700001905,24.453125,56936,126.65,106.65,0.0,cpu,1,2.14.1+cu130,bbc46b3,[6],5,"[600, 1400]",100,-1,mdbji7ed,44_64x32_lr6e-4,ey794fwc,10,
6,101,20,600,480,0.5,2,0.2,10000,1400,400565534,1297881561,3902606988,"[128, 64]",ReLU,1000,0.000561133532601,0.0001,0.1,64,5,adamw,8.511979632079601,0.9782698154583532,0.011694111752018,12.65027060000284,12.375,195752,43.3,38.3,0.0,cpu,1,2.14.1+cu130,bbc46b3,[6],5,"[600, 1400]",100,-1,iiixjlqp,45_128x64_lr6e-4,ey794fwc,10,
6,101,20,1400,1120,0.5,2,0.2,10000,1400,400565534,57952099,3217013880,"[128, 64]",ReLU,1000,0.000561133532601,0.0001,0.1,64,5,adamw,8.363352105021477,0.5573380710836298,0.008411463641233,19.317407299997285,18.96875,195752,35.2,30.2,0.0,cpu,1,2.14.1+cu130,bbc46b3,[6],5,"[600, 1400]",100,-1,iiixjlqp,45_128x64_lr6e-4,ey794fwc,10,
6,102,20,600,480,0.5,2,0.2,10000,1400,3027451771,805638815,1714853501,"[128, 64]",ReLU,1000,0.000561133532601,0.0001,0.1,64,5,adamw,7.293791655451059,0.9093514513721088,0.0151559885258511,10.94244699999399,10.6875,195752,37.8,32.8,0.0,cpu,1,2.14.1+cu130,bbc46b3,[6],5,"[600, 1400]",100,-1,iiixjlqp,45_128x64_lr6e-4,ey794fwc,10,
6,102,20,1400,1120,0.5,2,0.2,10000,1400,3027451771,3007771260,996707658,"[128, 64]",ReLU,1000,0.000561133532601,0.0001,0.1,64,5,adamw,6.891409729607403,0.360638227122371,0.0085935386801434,19.356642799990368,18.984375,195752,34.55,29.55,0.0,cpu,1,2.14.1+cu130,bbc46b3,[6],5,"[600, 1400]",100,-1,iiixjlqp,45_128x64_lr6e-4,ey794fwc,10,
6,103,20,600,480,0.5,2,0.2,10000,1400,2745113127,2869072669,3814619374,"[128, 64]",ReLU,1000,0.000561133532601,0.0001,0.1,64,5,adamw,8.676145233213902,1.1090092609773734,0.0116708303620183,13.40468960000726,13.015625,195752,47.0,42.0,0.0,cpu,1,2.14.1+cu130,bbc46b3,[6],5,"[600, 1400]",100,-1,iiixjlqp,45_128x64_lr6e-4,ey794fwc,10,
6,103,20,1400,1120,0.5,2,0.2,10000,1400,2745113127,167850620,2610125679,"[128, 64]",ReLU,1000,0.000561133532601,0.0001,0.1,64,5,adamw,7.942266594618559,0.5143415270844974,0.0062862969532126,20.81423899999936,20.53125,195752,39.2,34.2,0.0,cpu,1,2.14.1+cu130,bbc46b3,[6],5,"[600, 1400]",100,-1,iiixjlqp,45_128x64_lr6e-4,ey794fwc,10,
6,104,20,600,480,0.5,2,0.2,10000,1400,1649339245,35453593,824647377,"[128, 64]",ReLU,1000,0.000561133532601,0.0001,0.1,64,5,adamw,8.194301377865486,0.980370219309076,0.0112249152786617,13.589131700005964,13.15625,195752,46.75,41.75,0.0,cpu,1,2.14.1+cu130,bbc46b3,[6],5,"[600, 1400]",100,-1,iiixjlqp,45_128x64_lr6e-4,ey794fwc,10,
6,104,20,1400,1120,0.5,2,0.2,10000,1400,1649339245,3582776475,2597292297,"[128, 64]",ReLU,1000,0.000561133532601,0.0001,0.1,64,5,adamw,8.089067596942186,0.4125952284033186,0.0073758184043154,18.050380000000587,17.640625,195752,31.7,26.7,0.0,cpu,1,2.14.1+cu130,bbc46b3,[6],5,"[600, 1400]",100,-1,iiixjlqp,45_128x64_lr6e-4,ey794fwc,10,
6,105,20,600,480,0.5,2,0.2,10000,1400,938589117,230193058,1856038647,"[128, 64]",ReLU,1000,0.000561133532601,0.0001,0.1,64,5,adamw,8.872631877660751,0.9641216526051344,0.010412122115815,14.090231000009226,13.640625,195752,48.95,43.95,0.0,cpu,1,2.14.1+cu130,bbc46b3,[6],5,"[600, 1400]",100,-1,iiixjlqp,45_128x64_lr6e-4,ey794fwc,10,
6,105,20,1400,1120,0.5,2,0.2,10000,1400,938589117,3017667118,3738964825,"[128, 64]",ReLU,1000,0.000561133532601,0.0001,0.1,64,5,adamw,8.581781551241875,0.4836736456305649,0.0072462592565319,20.63444810001237,20.1875,195752,38.45,33.45,0.0,cpu,1,2.14.1+cu130,bbc46b3,[6],5,"[600, 1400]",100,-1,iiixjlqp,45_128x64_lr6e-4,ey794fwc,10,
6,101,20,600,480,0.5,2,0.2,10000,1400,400565534,1297881561,3902606988,"[128, 64]",ReLU,1000,0.0008271445034309,0.0001,0.1,64,5,adamw,8.469313703477383,0.90292237460485,0.011557419974714,10.258216199988963,9.953125,195752,35.5,30.5,0.0,cpu,1,2.14.1+cu130,bbc46b3,[6],5,"[600, 1400]",100,-1,czrk4lsh,46_128x64_lr8e-4,ey794fwc,10,
6,101,20,1400,1120,0.5,2,0.2,10000,1400,400565534,57952099,3217013880,"[128, 64]",ReLU,1000,0.0008271445034309,0.0001,0.1,64,5,adamw,8.321910336613655,0.5252245660863336,0.0082370682391071,15.811931300006108,15.421875,195752,28.45,23.45,0.0,cpu,1,2.14.1+cu130,bbc46b3,[6],5,"[600, 1400]",100,-1,czrk4lsh,46_128x64_lr8e-4,ey794fwc,10,
6,102,20,600,480,0.5,2,0.2,10000,1400,3027451771,805638815,1714853501,"[128, 64]",ReLU,1000,0.0008271445034309,0.0001,0.1,64,5,adamw,7.122291212901473,0.736666784562835,0.0153367980043689,9.377045299988822,9.0,195752,32.95,27.95,0.0,cpu,1,2.14.1+cu130,bbc46b3,[6],5,"[600, 1400]",100,-1,czrk4lsh,46_128x64_lr8e-4,ey794fwc,10,
6,102,20,1400,1120,0.5,2,0.2,10000,1400,3027451771,3007771260,996707658,"[128, 64]",ReLU,1000,0.0008271445034309,0.0001,0.1,64,5,adamw,6.851183228194714,0.3528340223331996,0.0088436372221755,16.156791400004295,15.796875,195752,29.25,24.25,0.0,cpu,1,2.14.1+cu130,bbc46b3,[6],5,"[600, 1400]",100,-1,czrk4lsh,46_128x64_lr8e-4,ey794fwc,10,
6,103,20,600,480,0.5,2,0.2,10000,1400,2745113127,2869072669,3814619374,"[128, 64]",ReLU,1000,0.0008271445034309,0.0001,0.1,64,5,adamw,8.514007352292538,0.9986195494666376,0.0113694673507965,11.902733499999158,11.5,195752,41.25,36.25,0.0,cpu,1,2.14.1+cu130,bbc46b3,[6],5,"[600, 1400]",100,-1,czrk4lsh,46_128x64_lr8e-4,ey794fwc,10,
6,103,20,1400,1120,0.5,2,0.2,10000,1400,2745113127,167850620,2610125679,"[128, 64]",ReLU,1000,0.0008271445034309,0.0001,0.1,64,5,adamw,7.9142295978963375,0.4866759004798032,0.0061929895593262,17.210351300003822,16.890625,195752,32.3,27.3,0.0,cpu,1,2.14.1+cu130,bbc46b3,[6],5,"[600, 1400]",100,-1,czrk4lsh,46_128x64_lr8e-4,ey794fwc,10,
6,104,20,600,480,0.5,2,0.2,10000,1400,1649339245,35453593,824647377,"[128, 64]",ReLU,1000,0.0008271445034309,0.0001,0.1,64,5,adamw,7.960493359947577,0.7371973463939957,0.0113769075887222,11.179503199993633,10.8125,195752,38.9,33.9,0.0,cpu,1,2.14.1+cu130,bbc46b3,[6],5,"[600, 1400]",100,-1,czrk4lsh,46_128x64_lr8e-4,ey794fwc,10,
6,104,20,1400,1120,0.5,2,0.2,10000,1400,1649339245,3582776475,2597292297,"[128, 64]",ReLU,1000,0.0008271445034309,0.0001,0.1,64,5,adamw,8.06313250074163,0.383126980150345,0.0072010100325935,15.377492800005712,14.8125,195752,27.0,22.0,0.0,cpu,1,2.14.1+cu130,bbc46b3,[6],5,"[600, 1400]",100,-1,czrk4lsh,46_128x64_lr8e-4,ey794fwc,10,
6,105,20,600,480,0.5,2,0.2,10000,1400,938589117,230193058,1856038647,"[128, 64]",ReLU,1000,0.0008271445034309,0.0001,0.1,64,5,adamw,8.807268887758255,0.8901545087538151,0.0106519490066479,11.48429279999982,11.109375,195752,40.75,35.75,0.0,cpu,1,2.14.1+cu130,bbc46b3,[6],5,"[600, 1400]",100,-1,czrk4lsh,46_128x64_lr8e-4,ey794fwc,10,
6,105,20,1400,1120,0.5,2,0.2,10000,1400,938589117,3017667118,3738964825,"[128, 64]",ReLU,1000,0.0008271445034309,0.0001,0.1,64,5,adamw,8.57722656428814,0.4763531198007533,0.0071161696779832,16.560923600001843,16.140625,195752,29.9,24.9,0.0,cpu,1,2.14.1+cu130,bbc46b3,[6],5,"[600, 1400]",100,-1,czrk4lsh,46_128x64_lr8e-4,ey794fwc,10,
6,101,20,600,480,0.5,2,0.2,10000,1400,400565534,1297881561,3902606988,"[64, 32]",ReLU,1000,0.0001255441109108,0.0001,0.0,256,5,adamw,8.80766262114048,1.2607615361994284,0.0105142932040568,37.68361940000614,36.921875,56936,567.8,563.2,0.1,cpu,1,2.14.1+cu130,bbc46b3,[6],5,"[600, 1400]",100,-1,7nwbrx57,47_64x32_lr1e-4,ey794fwc,10,
6,101,20,1400,1120,0.5,2,0.2,10000,1400,400565534,57952099,3217013880,"[64, 32]",ReLU,1000,0.0001255441109108,0.0001,0.0,256,5,adamw,8.692380249500275,0.8210160687959703,0.0101347500328926,41.69008020000183,40.984375,56936,279.45,274.45,0.0,cpu,1,2.14.1+cu130,bbc46b3,[6],5,"[600, 1400]",100,-1,7nwbrx57,47_64x32_lr1e-4,ey794fwc,10,
6,102,20,600,480,0.5,2,0.2,10000,1400,3027451771,805638815,1714853501,"[64, 32]",ReLU,1000,0.0001255441109108,0.0001,0.0,256,5,adamw,7.349745510146022,0.811110782329014,0.0143095987482071,40.26996770000551,39.3125,56936,605.5,600.75,0.05,cpu,1,2.14.1+cu130,bbc46b3,[6],5,"[600, 1400]",100,-1,7nwbrx57,47_64x32_lr1e-4,ey794fwc,10,
6,102,20,1400,1120,0.5,2,0.2,10000,1400,3027451771,3007771260,996707658,"[64, 32]",ReLU,1000,0.0001255441109108,0.0001,0.0,256,5,adamw,7.075794544070959,0.5485119991644349,0.0107837252971033,43.50402330000361,42.484375,56936,290.15,285.15,0.0,cpu,1,2.14.1+cu130,bbc46b3,[6],5,"[600, 1400]",100,-1,7nwbrx57,47_64x32_lr1e-4,ey794fwc,10,
6,103,20,600,480,0.5,2,0.2,10000,1400,2745113127,2869072669,3814619374,"[64, 32]",ReLU,1000,0.0001255441109108,0.0001,0.0,256,5,adamw,8.863785088062286,1.1615882412883558,0.0117387324961356,44.34606860000349,43.546875,56936,683.8,679.8,0.2,cpu,1,2.14.1+cu130,bbc46b3,[6],5,"[600, 1400]",100,-1,7nwbrx57,47_64x32_lr1e-4,ey794fwc,10,
6,103,20,1400,1120,0.5,2,0.2,10000,1400,2745113127,167850620,2610125679,"[64, 32]",ReLU,1000,0.0001255441109108,0.0001,0.0,256,5,adamw,8.257925141602755,0.7800698649009187,0.0083399316942503,46.19857239999692,45.28125,56936,325.85,320.85,0.0,cpu,1,2.14.1+cu130,bbc46b3,[6],5,"[600, 1400]",100,-1,7nwbrx57,47_64x32_lr1e-4,ey794fwc,10,
6,104,20,600,480,0.5,2,0.2,10000,1400,1649339245,35453593,824647377,"[64, 32]",ReLU,1000,0.0001255441109108,0.0001,0.0,256,5,adamw,8.250694959657267,1.0156272570056626,0.011673385771362,43.04049310000846,42.15625,56936,652.95,648.2,0.05,cpu,1,2.14.1+cu130,bbc46b3,[6],5,"[600, 1400]",100,-1,7nwbrx57,47_64x32_lr1e-4,ey794fwc,10,
6,104,20,1400,1120,0.5,2,0.2,10000,1400,1649339245,3582776475,2597292297,"[64, 32]",ReLU,1000,0.0001255441109108,0.0001,0.0,256,5,adamw,8.343453206354752,0.5960687519463518,0.0084255755171218,43.3417630999902,42.359375,56936,293.95,288.95,0.0,cpu,1,2.14.1+cu130,bbc46b3,[6],5,"[600, 1400]",100,-1,7nwbrx57,47_64x32_lr1e-4,ey794fwc,10,
6,105,20,600,480,0.5,2,0.2,10000,1400,938589117,230193058,1856038647,"[64, 32]",ReLU,1000,0.0001255441109108,0.0001,0.0,256,5,adamw,8.954566836357117,0.9828197210450326,0.0110271189898785,44.68761710000399,43.671875,56936,686.3,681.95,0.15,cpu,1,2.14.1+cu130,bbc46b3,[6],5,"[600, 1400]",100,-1,7nwbrx57,47_64x32_lr1e-4,ey794fwc,10,
6,105,20,1400,1120,0.5,2,0.2,10000,1400,938589117,3017667118,3738964825,"[64, 32]",ReLU,1000,0.0001255441109108,0.0001,0.0,256,5,adamw,8.850367784500122,0.721794335553302,0.0085733201575662,45.99362569999357,45.09375,56936,317.8,312.8,0.0,cpu,1,2.14.1+cu130,bbc46b3,[6],5,"[600, 1400]",100,-1,7nwbrx57,47_64x32_lr1e-4,ey794fwc,10,
6,101,20,600,480,0.5,2,0.2,10000,1400,400565534,1297881561,3902606988,"[256, 128]",ReLU,1000,0.0004452404710953,0.0001,0.0,256,20,adamw,8.3332264944911,0.8342955851892093,0.0118594599283345,26.32006420000107,25.171875,719144,117.75,97.75,0.0,cpu,1,2.14.1+cu130,bbc46b3,[6],5,"[600, 1400]",100,-1,hce7xwds,48_256x128_lr4e-4,ey794fwc,10,
6,101,20,1400,1120,0.5,2,0.2,10000,1400,400565534,57952099,3217013880,"[256, 128]",ReLU,1000,0.0004452404710953,0.0001,0.0,256,20,adamw,8.21485459804535,0.4523143335561155,0.0081921843706394,39.499356299988,37.71875,719144,99.05,79.05,0.0,cpu,1,2.14.1+cu130,bbc46b3,[6],5,"[600, 1400]",100,-1,hce7xwds,48_256x128_lr4e-4,ey794fwc,10,
6,102,20,600,480,0.5,2,0.2,10000,1400,3027451771,805638815,1714853501,"[256, 128]",ReLU,1000,0.0004452404710953,0.0001,0.0,256,20,adamw,7.047162076458335,0.6650772134309304,0.0171589882731118,27.374555400005192,26.046875,719144,122.85,102.85,0.0,cpu,1,2.14.1+cu130,bbc46b3,[6],5,"[600, 1400]",100,-1,hce7xwds,48_256x128_lr4e-4,ey794fwc,10,
6,102,20,1400,1120,0.5,2,0.2,10000,1400,3027451771,3007771260,996707658,"[256, 128]",ReLU,1000,0.0004452404710953,0.0001,0.0,256,20,adamw,6.807146420702338,0.3054944163909392,0.0086543677014196,39.171068299998296,37.4375,719144,97.3,77.3,0.0,cpu,1,2.14.1+cu130,bbc46b3,[6],5,"[600, 1400]",100,-1,hce7xwds,48_256x128_lr4e-4,ey794fwc,10,
6,103,20,600,480,0.5,2,0.2,10000,1400,2745113127,2869072669,3814619374,"[256, 128]",ReLU,1000,0.0004452404710953,0.0001,0.0,256,20,adamw,8.464469373226166,0.9197655374864756,0.0121409043611702,29.30627010000171,27.859375,719144,133.75,113.75,0.0,cpu,1,2.14.1+cu130,bbc46b3,[6],5,"[600, 1400]",100,-1,hce7xwds,48_256x128_lr4e-4,ey794fwc,10,
6,103,20,1400,1120,0.5,2,0.2,10000,1400,2745113127,167850620,2610125679,"[256, 128]",ReLU,1000,0.0004452404710953,0.0001,0.0,256,20,adamw,7.837976917624474,0.4242247601660462,0.0065658695903047,39.80153199999768,38.0625,719144,100.45,80.45,0.0,cpu,1,2.14.1+cu130,bbc46b3,[6],5,"[600, 1400]",100,-1,hce7xwds,48_256x128_lr4e-4,ey794fwc,10,
6,104,20,600,480,0.5,2,0.2,10000,1400,1649339245,35453593,824647377,"[256, 128]",ReLU,1000,0.0004452404710953,0.0001,0.0,256,20,adamw,7.8570086134132,0.7387028353378429,0.0132451939662024,30.943804799986538,29.46875,719144,141.45,121.45,0.0,cpu,1,2.14.1+cu130,bbc46b3,[6],5,"[600, 1400]",100,-1,hce7xwds,48_256x128_lr4e-4,ey794fwc,10,
6,104,20,1400,1120,0.5,2,0.2,10000,1400,1649339245,3582776475,2597292297,"[256, 128]",ReLU,1000,0.0004452404710953,0.0001,0.0,256,20,adamw,8.02170553454198,0.3325774789112179,0.0070777948190888,36.930764000004274,35.421875,719144,85.8,65.8,0.0,cpu,1,2.14.1+cu130,bbc46b3,[6],5,"[600, 1400]",100,-1,hce7xwds,48_256x128_lr4e-4,ey794fwc,10,
6,105,20,600,480,0.5,2,0.2,10000,1400,938589117,230193058,1856038647,"[256, 128]",ReLU,1000,0.0004452404710953,0.0001,0.0,256,20,adamw,8.666612833738327,0.8361893975522591,0.0119679828623921,30.668904799997108,29.109375,719144,140.55,120.55,0.0,cpu,1,2.14.1+cu130,bbc46b3,[6],5,"[600, 1400]",100,-1,hce7xwds,48_256x128_lr4e-4,ey794fwc,10,
6,105,20,1400,1120,0.5,2,0.2,10000,1400,938589117,3017667118,3738964825,"[256, 128]",ReLU,1000,0.0004452404710953,0.0001,0.0,256,20,adamw,8.474894270300865,0.4012276857956427,0.0069960068178903,38.14620920000016,36.4375,719144,91.65,71.65,0.0,cpu,1,2.14.1+cu130,bbc46b3,[6],5,"[600, 1400]",100,-1,hce7xwds,48_256x128_lr4e-4,ey794fwc,10,
6,101,20,600,480,0.5,2,0.2,10000,1400,400565534,1297881561,3902606988,[32],ReLU,1000,9.011172768233074e-05,0.0001,0.1,64,20,adamw,9.241007834672928,1.5760873290772608,0.0114790344153864,119.42019309999888,117.265625,8328,762.6,750.4,0.45,cpu,1,2.14.1+cu130,bbc46b3,[6],5,"[600, 1400]",100,-1,2bx6snxj,49_32_lr9e-5,ey794fwc,10,
6,101,20,1400,1120,0.5,2,0.2,10000,1400,400565534,57952099,3217013880,[32],ReLU,1000,9.011172768233074e-05,0.0001,0.1,64,20,adamw,8.68942578136921,0.807673419657579,0.0102536255610627,212.0097201000026,209.609375,8328,720.45,707.95,0.45,cpu,1,2.14.1+cu130,bbc46b3,[6],5,"[600, 1400]",100,-1,2bx6snxj,49_32_lr9e-5,ey794fwc,10,
6,102,20,600,480,0.5,2,0.2,10000,1400,3027451771,805638815,1714853501,[32],ReLU,1000,9.011172768233074e-05,0.0001,0.1,64,20,adamw,7.510760592296719,0.9272926294383582,0.0147968962455688,132.67050810001092,130.78125,8328,859.45,848.15,0.45,cpu,1,2.14.1+cu130,bbc46b3,[6],5,"[600, 1400]",100,-1,2bx6snxj,49_32_lr9e-5,ey794fwc,10,
6,102,20,1400,1120,0.5,2,0.2,10000,1400,3027451771,3007771260,996707658,[32],ReLU,1000,9.011172768233074e-05,0.0001,0.1,64,20,adamw,7.1080915397033095,0.5476638136074286,0.0112297899366532,202.3940205000108,199.9375,8328,680.05,665.3,0.3,cpu,1,2.14.1+cu130,bbc46b3,[6],5,"[600, 1400]",100,-1,2bx6snxj,49_32_lr9e-5,ey794fwc,10,
6,103,20,600,480,0.5,2,0.2,10000,1400,2745113127,2869072669,3814619374,[32],ReLU,1000,9.011172768233074e-05,0.0001,0.1,64,20,adamw,9.42223185300827,1.6816422925065195,0.0125314950355893,131.19295240000065,128.84375,8328,853.75,845.35,0.6,cpu,1,2.14.1+cu130,bbc46b3,[6],5,"[600, 1400]",100,-1,2bx6snxj,49_32_lr9e-5,ey794fwc,10,
6,103,20,1400,1120,0.5,2,0.2,10000,1400,2745113127,167850620,2610125679,[32],ReLU,1000,9.011172768233074e-05,0.0001,0.1,64,20,adamw,8.452143236994743,0.9103730841519128,0.0092434509370745,227.81097180000503,224.640625,8328,794.65,782.85,0.45,cpu,1,2.14.1+cu130,bbc46b3,[6],5,"[600, 1400]",100,-1,2bx6snxj,49_32_lr9e-5,ey794fwc,10,
6,104,20,600,480,0.5,2,0.2,10000,1400,1649339245,35453593,824647377,[32],ReLU,1000,9.011172768233074e-05,0.0001,0.1,64,20,adamw,8.57386407116428,1.2830759011538038,0.0120487143389174,135.028241299995,132.625,8328,877.65,872.3,0.75,cpu,1,2.14.1+cu130,bbc46b3,[6],5,"[600, 1400]",100,-1,2bx6snxj,49_32_lr9e-5,ey794fwc,10,
6,104,20,1400,1120,0.5,2,0.2,10000,1400,1649339245,3582776475,2597292297,[32],ReLU,1000,9.011172768233074e-05,0.0001,0.1,64,20,adamw,8.331623869249597,0.5864377279586246,0.0084251392919326,221.2911682999984,218.65625,8328,762.5,748.05,0.3,cpu,1,2.14.1+cu130,bbc46b3,[6],5,"[600, 1400]",100,-1,2bx6snxj,49_32_lr9e-5,ey794fwc,10,
6,105,20,600,480,0.5,2,0.2,10000,1400,938589117,230193058,1856038647,[32],ReLU,1000,9.011172768233074e-05,0.0001,0.1,64,20,adamw,9.789463549852371,1.6171674240440503,0.0103500525991827,126.8171100000036,124.5625,8328,819.2,809.05,0.5,cpu,1,2.14.1+cu130,bbc46b3,[6],5,"[600, 1400]",100,-1,2bx6snxj,49_32_lr9e-5,ey794fwc,10,
6,105,20,1400,1120,0.5,2,0.2,10000,1400,938589117,3017667118,3738964825,[32],ReLU,1000,9.011172768233074e-05,0.0001,0.1,64,20,adamw,8.957598477602005,0.8519463186068879,0.0089790394395162,233.1396123000013,230.171875,8328,819.2,806.1,0.4,cpu,1,2.14.1+cu130,bbc46b3,[6],5,"[600, 1400]",100,-1,2bx6snxj,49_32_lr9e-5,ey794fwc,10,
6,101,20,600,480,0.5,2,0.2,10000,1400,400565534,1297881561,3902606988,[32],ReLU,1000,7.364868362695847e-05,0.0001,0.0,128,10,adamw,9.634291529655457,1.953529665556204,0.013092705861205,64.2164613000059,63.234375,8328,851.75,849.15,0.75,cpu,1,2.14.1+cu130,bbc46b3,[6],5,"[600, 1400]",100,-1,b3t1w1t7,50_32_lr7e-5,ey794fwc,10,
6,101,20,1400,1120,0.5,2,0.2,10000,1400,400565534,57952099,3217013880,[32],ReLU,1000,7.364868362695847e-05,0.0001,0.0,128,10,adamw,8.876071438193321,0.9711020096324936,0.0109128505057041,114.22202359999936,112.640625,8328,829.1,825.25,0.65,cpu,1,2.14.1+cu130,bbc46b3,[6],5,"[600, 1400]",100,-1,b3t1w1t7,50_32_lr7e-5,ey794fwc,10,
6,102,20,600,480,0.5,2,0.2,10000,1400,3027451771,805638815,1714853501,[32],ReLU,1000,7.364868362695847e-05,0.0001,0.0,128,10,adamw,7.897528029978275,1.2673301972501991,0.0147495771530273,73.24221450000186,72.03125,8328,996.85,996.2,0.95,cpu,1,2.14.1+cu130,bbc46b3,[6],5,"[600, 1400]",100,-1,b3t1w1t7,50_32_lr7e-5,ey794fwc,10,
6,102,20,1400,1120,0.5,2,0.2,10000,1400,3027451771,3007771260,996707658,[32],ReLU,1000,7.364868362695847e-05,0.0001,0.0,128,10,adamw,7.327224629931152,0.7642554597002519,0.0120904187725961,113.88460320000011,112.359375,8328,823.8,819.4,0.6,cpu,1,2.14.1+cu130,bbc46b3,[6],5,"[600, 1400]",100,-1,b3t1w1t7,50_32_lr7e-5,ey794fwc,10,
6,103,20,600,480,0.5,2,0.2,10000,1400,2745113127,2869072669,3814619374,[32],ReLU,1000,7.364868362695847e-05,0.0001,0.0,128,10,adamw,10.072257943451405,2.338453999451578,0.0133764468906935,65.7100342999911,64.34375,8328,887.5,885.4,0.8,cpu,1,2.14.1+cu130,bbc46b3,[6],5,"[600, 1400]",100,-1,b3t1w1t7,50_32_lr7e-5,ey794fwc,10,
6,103,20,1400,1120,0.5,2,0.2,10000,1400,2745113127,167850620,2610125679,[32],ReLU,1000,7.364868362695847e-05,0.0001,0.0,128,10,adamw,8.878300990909338,1.331116618095198,0.0101330129720701,116.12876379999216,114.40625,8328,850.15,846.7,0.7,cpu,1,2.14.1+cu130,bbc46b3,[6],5,"[600, 1400]",100,-1,b3t1w1t7,50_32_lr7e-5,ey794fwc,10,
6,104,20,600,480,0.5,2,0.2,10000,1400,1649339245,35453593,824647377,[32],ReLU,1000,7.364868362695847e-05,0.0001,0.0,128,10,adamw,9.244486320763826,1.8018030756714047,0.0112978412897169,68.11985709999863,66.84375,8328,921.45,919.45,0.8,cpu,1,2.14.1+cu130,bbc46b3,[6],5,"[600, 1400]",100,-1,b3t1w1t7,50_32_lr7e-5,ey794fwc,10,
6,104,20,1400,1120,0.5,2,0.2,10000,1400,1649339245,3582776475,2597292297,[32],ReLU,1000,7.364868362695847e-05,0.0001,0.0,128,10,adamw,8.517121273791417,0.7528428041399857,0.0090903574231627,118.68444230000024,117.359375,8328,880.85,877.75,0.75,cpu,1,2.14.1+cu130,bbc46b3,[6],5,"[600, 1400]",100,-1,b3t1w1t7,50_32_lr7e-5,ey794fwc,10,
6,105,20,600,480,0.5,2,0.2,10000,1400,938589117,230193058,1856038647,[32],ReLU,1000,7.364868362695847e-05,0.0001,0.0,128,10,adamw,10.3015076816082,2.1028941762687863,0.0107886704798924,69.1157930999907,68.125,8328,932.8,930.65,0.8,cpu,1,2.14.1+cu130,bbc46b3,[6],5,"[600, 1400]",100,-1,b3t1w1t7,50_32_lr7e-5,ey794fwc,10,
6,105,20,1400,1120,0.5,2,0.2,10000,1400,938589117,3017667118,3738964825,[32],ReLU,1000,7.364868362695847e-05,0.0001,0.0,128,10,adamw,9.22373493015766,1.1368048587623865,0.009668761996926,120.76761739999348,118.859375,8328,899.0,896.8,0.8,cpu,1,2.14.1+cu130,bbc46b3,[6],5,"[600, 1400]",100,-1,b3t1w1t7,50_32_lr7e-5,ey794fwc,10,
6,101,20,600,480,0.5,2,0.2,10000,1400,400565534,1297881561,3902606988,"[256, 128]",ReLU,1000,0.0003,0.01,0.0,128,20,adamw,8.316689476370811,0.8212854428812658,0.01164226739366,41.65625790000195,36.359375,719144,113.85,93.85,0.0,cpu,1,2.14.1+cu130,c9b2dd5,[6],5,"[600, 1400]",100,-1,do7g6na3,07_256x128_lr3e-4,ey794fwc,10,candidates
6,101,20,1400,1120,0.5,2,0.2,10000,1400,400565534,57952099,3217013880,"[256, 128]",ReLU,1000,0.0003,0.01,0.0,128,20,adamw,8.206785827875137,0.4501316349035422,0.008494958602826,65.37970259999565,58.890625,719144,114.1,94.1,0.0,cpu,1,2.14.1+cu130,c9b2dd5,[6],5,"[600, 1400]",100,-1,do7g6na3,07_256x128_lr3e-4,ey794fwc,10,candidates
6,102,20,600,480,0.5,2,0.2,10000,1400,3027451771,805638815,1714853501,"[256, 128]",ReLU,1000,0.0003,0.01,0.0,128,20,adamw,7.022854818031192,0.6592825053502891,0.0163206388894756,44.58792930000345,39.046875,719144,121.95,101.95,0.0,cpu,1,2.14.1+cu130,c9b2dd5,[6],5,"[600, 1400]",100,-1,do7g6na3,07_256x128_lr3e-4,ey794fwc,10,candidates
6,102,20,1400,1120,0.5,2,0.2,10000,1400,3027451771,3007771260,996707658,"[256, 128]",ReLU,1000,0.0003,0.01,0.0,128,20,adamw,6.815243054181337,0.2972220283590213,0.008493081358756,60.09817569999723,54.21875,719144,94.2,74.2,0.0,cpu,1,2.14.1+cu130,c9b2dd5,[6],5,"[600, 1400]",100,-1,do7g6na3,07_256x128_lr3e-4,ey794fwc,10,candidates
6,103,20,600,480,0.5,2,0.2,10000,1400,2745113127,2869072669,3814619374,"[256, 128]",ReLU,1000,0.0003,0.01,0.0,128,20,adamw,8.438659861683846,0.914286174931484,0.0117907976021833,47.72260079999978,42.3125,719144,132.75,112.75,0.0,cpu,1,2.14.1+cu130,c9b2dd5,[6],5,"[600, 1400]",100,-1,do7g6na3,07_256x128_lr3e-4,ey794fwc,10,candidates
6,103,20,1400,1120,0.5,2,0.2,10000,1400,2745113127,167850620,2610125679,"[256, 128]",ReLU,1000,0.0003,0.01,0.0,128,20,adamw,7.855515319854021,0.3902677760031797,0.0065068502046061,62.79863259999547,57.078125,719144,102.4,82.4,0.0,cpu,1,2.14.1+cu130,c9b2dd5,[6],5,"[600, 1400]",100,-1,do7g6na3,07_256x128_lr3e-4,ey794fwc,10,candidates
6,104,20,600,480,0.5,2,0.2,10000,1400,1649339245,35453593,824647377,"[256, 128]",ReLU,1000,0.0003,0.01,0.0,128,20,adamw,7.864481780445203,0.7310893167538828,0.0127626392340032,46.77874000000884,41.390625,719144,128.7,108.7,0.0,cpu,1,2.14.1+cu130,c9b2dd5,[6],5,"[600, 1400]",100,-1,do7g6na3,07_256x128_lr3e-4,ey794fwc,10,candidates
6,104,20,1400,1120,0.5,2,0.2,10000,1400,1649339245,3582776475,2597292297,"[256, 128]",ReLU,1000,0.0003,0.01,0.0,128,20,adamw,8.028994947904721,0.3366595893711489,0.0070635016380457,59.80666480000946,53.890625,719144,92.7,72.7,0.0,cpu,1,2.14.1+cu130,c9b2dd5,[6],5,"[600, 1400]",100,-1,do7g6na3,07_256x128_lr3e-4,ey794fwc,10,candidates
6,105,20,600,480,0.5,2,0.2,10000,1400,938589117,230193058,1856038647,"[256, 128]",ReLU,1000,0.0003,0.01,0.0,128,20,adamw,8.647891879081726,0.8271267639466454,0.0115566414849636,48.197673799993936,42.484375,719144,133.95,113.95,0.0,cpu,1,2.14.1+cu130,c9b2dd5,[6],5,"[600, 1400]",100,-1,do7g6na3,07_256x128_lr3e-4,ey794fwc,10,candidates
6,105,20,1400,1120,0.5,2,0.2,10000,1400,938589117,3017667118,3738964825,"[256, 128]",ReLU,1000,0.0003,0.01,0.0,128,20,adamw,8.495271146297455,0.3905780485674204,0.0070110658314767,56.78650320001179,51.375,719144,85.1,65.1,0.0,cpu,1,2.14.1+cu130,c9b2dd5,[6],5,"[600, 1400]",100,-1,do7g6na3,07_256x128_lr3e-4,ey794fwc,10,candidates
10,101,20,600,480,0.5,2,0.2,10000,1400,451392222,1886901224,2337876972,"[256, 128]",ReLU,1000,0.0003,0.01,0.0,128,20,adamw,10.388846963644028,2.302705966674556,0.0183435507485015,30.526850700000068,27.390625,742696,98.75,78.75,0.0,cpu,1,2.14.1+cu130,c9b2dd5,[10],5,"[600, 1400]",100,-1,6o3j2o4s,07_256x128_lr3e-4,p8lmbfxj,10,candidates
10,101,20,1400,1120,0.5,2,0.2,10000,1400,451392222,2918041840,2547735160,"[256, 128]",ReLU,1000,0.0003,0.01,0.0,128,20,adamw,9.579992353916168,1.5601144687648332,0.0174548664734651,43.59540140000172,40.125,742696,94.9,74.9,0.0,cpu,1,2.14.1+cu130,c9b2dd5,[10],5,"[600, 1400]",100,-1,6o3j2o4s,07_256x128_lr3e-4,p8lmbfxj,10,candidates
10,102,20,600,480,0.5,2,0.2,10000,1400,867246825,1165147132,1341611970,"[256, 128]",ReLU,1000,0.0003,0.01,0.0,128,20,adamw,9.184321783483028,1.988406602511616,0.0206647966003812,30.389108000003034,27.53125,742696,92.65,72.65,0.0,cpu,1,2.14.1+cu130,c9b2dd5,[10],5,"[600, 1400]",100,-1,6o3j2o4s,07_256x128_lr3e-4,p8lmbfxj,10,candidates
10,102,20,1400,1120,0.5,2,0.2,10000,1400,867246825,3245330784,1764884150,"[256, 128]",ReLU,1000,0.0003,0.01,0.0,128,20,adamw,8.992844250053167,1.295939675431761,0.0178754354187212,47.58499309999752,44.171875,742696,87.85,67.85,0.0,cpu,1,2.14.1+cu130,c9b2dd5,[10],5,"[600, 1400]",100,-1,6o3j2o4s,07_256x128_lr3e-4,p8lmbfxj,10,candidates
10,103,20,600,480,0.5,2,0.2,10000,1400,2652805876,508175840,659098839,"[256, 128]",ReLU,1000,0.0003,0.01,0.0,128,20,adamw,9.764515295624731,2.2147648945210445,0.0197003675661964,30.37471270000969,27.34375,742696,91.6,71.6,0.0,cpu,1,2.14.1+cu130,c9b2dd5,[10],5,"[600, 1400]",100,-1,6o3j2o4s,07_256x128_lr3e-4,p8lmbfxj,10,candidates
10,103,20,1400,1120,0.5,2,0.2,10000,1400,2652805876,566365704,3676659034,"[256, 128]",ReLU,1000,0.0003,0.01,0.0,128,20,adamw,9.160879984498024,1.3495493988468357,0.0180703554385412,46.77624510000169,43.015625,742696,85.3,65.3,0.0,cpu,1,2.14.1+cu130,c9b2dd5,[10],5,"[600, 1400]",100,-1,6o3j2o4s,07_256x128_lr3e-4,p8lmbfxj,10,candidates
10,104,20,600,480,0.5,2,0.2,10000,1400,674317121,1588258083,2086086192,"[256, 128]",ReLU,1000,0.0003,0.01,0.0,128,20,adamw,10.972607403993608,2.591618147789357,0.0192846700721713,25.50537549999717,22.78125,742696,77.05,57.05,0.0,cpu,1,2.14.1+cu130,c9b2dd5,[10],5,"[600, 1400]",100,-1,6o3j2o4s,07_256x128_lr3e-4,p8lmbfxj,10,candidates
10,104,20,1400,1120,0.5,2,0.2,10000,1400,674317121,2291450975,1832660301,"[256, 128]",ReLU,1000,0.0003,0.01,0.0,128,20,adamw,10.32158675789833,1.716933432185401,0.019396592391289,48.71747160000086,45.3125,742696,93.2,73.2,0.0,cpu,1,2.14.1+cu130,c9b2dd5,[10],5,"[600, 1400]",100,-1,6o3j2o4s,07_256x128_lr3e-4,p8lmbfxj,10,candidates
10,105,20,600,480,0.5,2,0.2,10000,1400,3044021893,3051775249,2145764448,"[256, 128]",ReLU,1000,0.0003,0.01,0.0,128,20,adamw,10.027897834777832,2.145912423177318,0.0171270948654783,27.469355799999903,24.28125,742696,81.4,61.4,0.0,cpu,1,2.14.1+cu130,c9b2dd5,[10],5,"[600, 1400]",100,-1,6o3j2o4s,07_256x128_lr3e-4,p8lmbfxj,10,candidates
10,105,20,1400,1120,0.5,2,0.2,10000,1400,3044021893,3573492435,1183201969,"[256, 128]",ReLU,1000,0.0003,0.01,0.0,128,20,adamw,8.905752494931221,1.2749211606954225,0.0188402226464353,49.43496569999843,46.078125,742696,95.1,75.1,0.0,cpu,1,2.14.1+cu130,c9b2dd5,[10],5,"[600, 1400]",100,-1,6o3j2o4s,07_256x128_lr3e-4,p8lmbfxj,10,candidates
6,101,20,600,480,0.5,2,0.2,10000,1400,400565534,1297881561,3902606988,"[256, 128]",ReLU,1000,0.0003,0.01,0.0,32,20,adamw,8.262953907251358,0.8250998148848437,0.011720687053237,59.44349899998633,55.84375,719144,72.35,52.35,0.0,cpu,1,2.14.1+cu130,c9b2dd5,[6],5,"[600, 1400]",100,-1,ezmb7nwn,09_256x128_lr3e-4,ey794fwc,10,candidates
6,101,20,1400,1120,0.5,2,0.2,10000,1400,400565534,57952099,3217013880,"[256, 128]",ReLU,1000,0.0003,0.01,0.0,32,20,adamw,8.174628511071205,0.4617165056281064,0.0082127032332428,100.89309579999826,96.3125,719144,72.1,52.1,0.0,cpu,1,2.14.1+cu130,c9b2dd5,[6],5,"[600, 1400]",100,-1,ezmb7nwn,09_256x128_lr3e-4,ey794fwc,10,candidates
6,102,20,600,480,0.5,2,0.2,10000,1400,3027451771,805638815,1714853501,"[256, 128]",ReLU,1000,0.0003,0.01,0.0,32,20,adamw,6.996000979095697,0.675631122884942,0.0175248220511451,66.04456139999093,62.453125,719144,78.95,58.95,0.0,cpu,1,2.14.1+cu130,c9b2dd5,[6],5,"[600, 1400]",100,-1,ezmb7nwn,09_256x128_lr3e-4,ey794fwc,10,candidates
6,102,20,1400,1120,0.5,2,0.2,10000,1400,3027451771,3007771260,996707658,"[256, 128]",ReLU,1000,0.0003,0.01,0.0,32,20,adamw,6.786378498189151,0.3192370081376333,0.0090213436065078,97.1478114999918,92.5625,719144,66.2,46.2,0.0,cpu,1,2.14.1+cu130,c9b2dd5,[6],5,"[600, 1400]",100,-1,ezmb7nwn,09_256x128_lr3e-4,ey794fwc,10,candidates
6,103,20,600,480,0.5,2,0.2,10000,1400,2745113127,2869072669,3814619374,"[256, 128]",ReLU,1000,0.0003,0.01,0.0,32,20,adamw,8.39358939230442,0.901793127165972,0.0120931513405579,64.30270200000086,60.453125,719144,78.3,58.3,0.0,cpu,1,2.14.1+cu130,c9b2dd5,[6],5,"[600, 1400]",100,-1,ezmb7nwn,09_256x128_lr3e-4,ey794fwc,10,candidates
6,103,20,1400,1120,0.5,2,0.2,10000,1400,2745113127,167850620,2610125679,"[256, 128]",ReLU,1000,0.0003,0.01,0.0,32,20,adamw,7.816299956291914,0.4112000066389266,0.0061985055730072,97.13014920000568,91.703125,719144,65.2,45.2,0.0,cpu,1,2.14.1+cu130,c9b2dd5,[6],5,"[600, 1400]",100,-1,ezmb7nwn,09_256x128_lr3e-4,ey794fwc,10,candidates
6,104,20,600,480,0.5,2,0.2,10000,1400,1649339245,35453593,824647377,"[256, 128]",ReLU,1000,0.0003,0.01,0.0,32,20,adamw,7.826618684222922,0.735721713917569,0.0133422408826734,66.24446129999706,62.453125,719144,79.6,59.6,0.0,cpu,1,2.14.1+cu130,c9b2dd5,[6],5,"[600, 1400]",100,-1,ezmb7nwn,09_256x128_lr3e-4,ey794fwc,10,candidates
6,104,20,1400,1120,0.5,2,0.2,10000,1400,1649339245,3582776475,2597292297,"[256, 128]",ReLU,1000,0.0003,0.01,0.0,32,20,adamw,8.006137978285551,0.3565047125877685,0.0071330994485386,88.61194229999091,84.09375,719144,55.8,35.8,0.0,cpu,1,2.14.1+cu130,c9b2dd5,[6],5,"[600, 1400]",100,-1,ezmb7nwn,09_256x128_lr3e-4,ey794fwc,10,candidates
6,105,20,600,480,0.5,2,0.2,10000,1400,938589117,230193058,1856038647,"[256, 128]",ReLU,1000,0.0003,0.01,0.0,32,20,adamw,8.608145833015442,0.8337032109140075,0.0115445735244975,65.76481180000701,61.4375,719144,80.25,60.25,0.0,cpu,1,2.14.1+cu130,c9b2dd5,[6],5,"[600, 1400]",100,-1,ezmb7nwn,09_256x128_lr3e-4,ey794fwc,10,candidates
6,105,20,1400,1120,0.5,2,0.2,10000,1400,938589117,3017667118,3738964825,"[256, 128]",ReLU,1000,0.0003,0.01,0.0,32,20,adamw,8.474913313984871,0.3949683743968546,0.0069079599786813,96.30629440001212,91.734375,719144,65.15,45.15,0.0,cpu,1,2.14.1+cu130,c9b2dd5,[6],5,"[600, 1400]",100,-1,ezmb7nwn,09_256x128_lr3e-4,ey794fwc,10,candidates
10,101,20,600,480,0.5,2,0.2,10000,1400,451392222,1886901224,2337876972,[32],ReLU,1000,0.0006510754734969,0.0380747363117841,0.2,64,20,adamw,10.670841425657272,2.5287714294867745,0.0157530209915959,35.197134899994126,33.40625,11272,211.5,191.5,0.0,cpu,1,2.14.1+cu130,b535b70,[10],5,"[600, 1400]",100,-1,ucbn6k8m,53_32_lr7e-4,p8lmbfxj,10,sweep
10,101,20,1400,1120,0.5,2,0.2,10000,1400,451392222,2918041840,2547735160,[32],ReLU,1000,0.0006510754734969,0.0380747363117841,0.2,64,20,adamw,10.073397517204285,1.9799238266844124,0.014902444309389,60.62766909999482,58.796875,11272,200.95,180.95,0.0,cpu,1,2.14.1+cu130,b535b70,[10],5,"[600, 1400]",100,-1,ucbn6k8m,53_32_lr7e-4,p8lmbfxj,10,sweep
10,102,20,600,480,0.5,2,0.2,10000,1400,867246825,1165147132,1341611970,[32],ReLU,1000,0.0006510754734969,0.0380747363117841,0.2,64,20,adamw,9.392429493367672,2.1453330924738627,0.0187878210315464,36.74745070000063,34.921875,11272,222.9,202.9,0.0,cpu,1,2.14.1+cu130,b535b70,[10],5,"[600, 1400]",100,-1,ucbn6k8m,53_32_lr7e-4,p8lmbfxj,10,sweep
10,102,20,1400,1120,0.5,2,0.2,10000,1400,867246825,3245330784,1764884150,[32],ReLU,1000,0.0006510754734969,0.0380747363117841,0.2,64,20,adamw,9.262183882296084,1.5962972702608829,0.0167648903875528,61.08126500000071,59.21875,11272,198.45,178.45,0.0,cpu,1,2.14.1+cu130,b535b70,[10],5,"[600, 1400]",100,-1,ucbn6k8m,53_32_lr7e-4,p8lmbfxj,10,sweep
10,103,20,600,480,0.5,2,0.2,10000,1400,2652805876,508175840,659098839,[32],ReLU,1000,0.0006510754734969,0.0380747363117841,0.2,64,20,adamw,10.040754348039629,2.4640324236590394,0.0170805530087258,30.496434900007444,29.015625,11272,181.4,161.4,0.0,cpu,1,2.14.1+cu130,b535b70,[10],5,"[600, 1400]",100,-1,ucbn6k8m,53_32_lr7e-4,p8lmbfxj,10,sweep
10,103,20,1400,1120,0.5,2,0.2,10000,1400,2652805876,566365704,3676659034,[32],ReLU,1000,0.0006510754734969,0.0380747363117841,0.2,64,20,adamw,9.665357559919356,1.7766264212411278,0.0163455845756432,60.27296990000468,58.515625,11272,195.3,175.3,0.0,cpu,1,2.14.1+cu130,b535b70,[10],5,"[600, 1400]",100,-1,ucbn6k8m,53_32_lr7e-4,p8lmbfxj,10,sweep
10,104,20,600,480,0.5,2,0.2,10000,1400,674317121,1588258083,2086086192,[32],ReLU,1000,0.0006510754734969,0.0380747363117841,0.2,64,20,adamw,11.161339432001114,2.863041128700461,0.0167963799745796,26.5075238999998,25.328125,11272,154.15,134.15,0.0,cpu,1,2.14.1+cu130,b535b70,[10],5,"[600, 1400]",100,-1,ucbn6k8m,53_32_lr7e-4,p8lmbfxj,10,sweep
10,104,20,1400,1120,0.5,2,0.2,10000,1400,674317121,2291450975,1832660301,[32],ReLU,1000,0.0006510754734969,0.0380747363117841,0.2,64,20,adamw,10.761674374341965,2.1914417800593817,0.0165971611407489,54.62951129999419,52.78125,11272,173.0,153.0,0.0,cpu,1,2.14.1+cu130,b535b70,[10],5,"[600, 1400]",100,-1,ucbn6k8m,53_32_lr7e-4,p8lmbfxj,10,sweep
10,105,20,600,480,0.5,2,0.2,10000,1400,3044021893,3051775249,2145764448,[32],ReLU,1000,0.0006510754734969,0.0380747363117841,0.2,64,20,adamw,10.197055026888847,2.332144587583759,0.0148619595946637,30.36747599999944,28.828125,11272,179.05,159.05,0.0,cpu,1,2.14.1+cu130,b535b70,[10],5,"[600, 1400]",100,-1,ucbn6k8m,53_32_lr7e-4,p8lmbfxj,10,sweep
10,105,20,1400,1120,0.5,2,0.2,10000,1400,3044021893,3573492435,1183201969,[32],ReLU,1000,0.0006510754734969,0.0380747363117841,0.2,64,20,adamw,9.508078277111052,1.6751838134097008,0.0141600404724481,63.56077369999548,61.5,11272,213.2,193.2,0.0,cpu,1,2.14.1+cu130,b535b70,[10],5,"[600, 1400]",100,-1,ucbn6k8m,53_32_lr7e-4,p8lmbfxj,10,sweep
2,101,20,600,480,0.5,2,0.2,10000,1400,3915725715,3053710009,3137685234,"[64, 32]",ReLU,1000,0.0020034354337813,0.0004666302723102,0.5,128,50,adamw,9.26261591911316,0.0703720627238259,0.0004158005199576,15.583437900000716,14.78125,49000,98.8,48.8,0.0,cpu,1,2.14.1+cu130,b535b70,[2],5,"[600, 1400]",100,-1,s1sdoq21,03_64x32_lr2e-3,gqtytopa,10,sweep
2,101,20,1400,1120,0.5,2,0.2,10000,1400,3915725715,4186612432,2172663865,"[64, 32]",ReLU,1000,0.0020034354337813,0.0004666302723102,0.5,128,50,adamw,8.956146091222763,0.0402020568499111,0.0002833494592097,28.336758500008727,27.34375,49000,99.6,49.6,0.0,cpu,1,2.14.1+cu130,b535b70,[2],5,"[600, 1400]",100,-1,s1sdoq21,03_64x32_lr2e-3,gqtytopa,10,sweep
2,102,20,600,480,0.5,2,0.2,10000,1400,81688376,4122121059,385182252,"[64, 32]",ReLU,1000,0.0020034354337813,0.0004666302723102,0.5,128,50,adamw,9.028785854578018,0.2039287462396344,0.0017345928262483,17.50132450000092,16.390625,49000,113.0,63.0,0.0,cpu,1,2.14.1+cu130,b535b70,[2],5,"[600, 1400]",100,-1,s1sdoq21,03_64x32_lr2e-3,gqtytopa,10,sweep
2,102,20,1400,1120,0.5,2,0.2,10000,1400,81688376,2114251203,2229541875,"[64, 32]",ReLU,1000,0.0020034354337813,0.0004666302723102,0.5,128,50,adamw,8.837867930531502,0.0609696864723791,0.0004904162337785,28.1511804000038,27.96875,49000,101.75,51.75,0.0,cpu,1,2.14.1+cu130,b535b70,[2],5,"[600, 1400]",100,-1,s1sdoq21,03_64x32_lr2e-3,gqtytopa,10,sweep
2,103,20,600,480,0.5,2,0.2,10000,1400,3104514175,2286514907,3041948807,"[64, 32]",ReLU,1000,0.0020034354337813,0.0004666302723102,0.5,128,50,adamw,7.475904348539188,0.1609601439942298,0.0008595710187675,18.085984799996368,17.21875,49000,117.75,67.75,0.0,cpu,1,2.14.1+cu130,b535b70,[2],5,"[600, 1400]",100,-1,s1sdoq21,03_64x32_lr2e-3,gqtytopa,10,sweep
2,103,20,1400,1120,0.5,2,0.2,10000,1400,3104514175,3617749280,881824625,"[64, 32]",ReLU,1000,0.0020034354337813,0.0004666302723102,0.5,128,50,adamw,7.435229982947931,0.0600348200407159,0.0003938367540433,24.83517700000084,23.78125,49000,84.3,34.3,0.0,cpu,1,2.14.1+cu130,b535b70,[2],5,"[600, 1400]",100,-1,s1sdoq21,03_64x32_lr2e-3,gqtytopa,10,sweep
2,104,20,600,480,0.5,2,0.2,10000,1400,858388445,3027901652,346730074,"[64, 32]",ReLU,1000,0.0020034354337813,0.0004666302723102,0.5,128,50,adamw,6.007901813834906,0.1573387129310824,0.0016694335072364,17.171240800002124,16.109375,49000,108.95,58.95,0.0,cpu,1,2.14.1+cu130,b535b70,[2],5,"[600, 1400]",100,-1,s1sdoq21,03_64x32_lr2e-3,gqtytopa,10,sweep
2,104,20,1400,1120,0.5,2,0.2,10000,1400,858388445,4176011686,490887775,"[64, 32]",ReLU,1000,0.0020034354337813,0.0004666302723102,0.5,128,50,adamw,6.145523633807898,0.0604528220710168,0.000510787952951,30.675311800005147,29.59375,49000,112.35,62.35,0.0,cpu,1,2.14.1+cu130,b535b70,[2],5,"[600, 1400]",100,-1,s1sdoq21,03_64x32_lr2e-3,gqtytopa,10,sweep
2,105,20,600,480,0.5,2,0.2,10000,1400,937015128,116449958,1340356435,"[64, 32]",ReLU,1000,0.0020034354337813,0.0004666302723102,0.5,128,50,adamw,5.609313321270747,0.2245046069804908,0.00725169444537,16.67548839999654,15.859375,49000,106.65,56.65,0.0,cpu,1,2.14.1+cu130,b535b70,[2],5,"[600, 1400]",100,-1,s1sdoq21,03_64x32_lr2e-3,gqtytopa,10,sweep
2,105,20,1400,1120,0.5,2,0.2,10000,1400,937015128,4002167626,2268781491,"[64, 32]",ReLU,1000,0.0020034354337813,0.0004666302723102,0.5,128,50,adamw,5.833173057064414,0.058749451158235,0.0030663363395614,26.85879019999993,25.84375,49000,93.2,43.2,0.0,cpu,1,2.14.1+cu130,b535b70,[2],5,"[600, 1400]",100,-1,s1sdoq21,03_64x32_lr2e-3,gqtytopa,10,sweep
2,101,20,600,480,0.5,2,0.2,10000,1400,3915725715,3053710009,3137685234,"[64, 32]",ReLU,1000,0.0023502943950474,4.631398636453424e-05,0.2,128,100,adamw,9.246636301279068,0.0641474691002715,0.0004041228871421,21.93413819999841,21.015625,49000,150.15,50.15,0.0,cpu,1,2.14.1+cu130,b535b70,[2],5,"[600, 1400]",100,-1,4pebn496,04_64x32_lr2e-3,gqtytopa,10,sweep
2,101,20,1400,1120,0.5,2,0.2,10000,1400,3915725715,4186612432,2172663865,"[64, 32]",ReLU,1000,0.0023502943950474,4.631398636453424e-05,0.2,128,100,adamw,8.934377819299698,0.0329092338766531,0.0003863126481588,39.41858050000155,38.609375,49000,146.65,46.65,0.0,cpu,1,2.14.1+cu130,b535b70,[2],5,"[600, 1400]",100,-1,4pebn496,04_64x32_lr2e-3,gqtytopa,10,sweep
2,102,20,600,480,0.5,2,0.2,10000,1400,81688376,4122121059,385182252,"[64, 32]",ReLU,1000,0.0023502943950474,4.631398636453424e-05,0.2,128,100,adamw,8.98117010295391,0.1903536290397831,0.0013499116433075,23.860679399993387,23.078125,49000,172.55,72.55,0.0,cpu,1,2.14.1+cu130,b535b70,[2],5,"[600, 1400]",100,-1,4pebn496,04_64x32_lr2e-3,gqtytopa,10,sweep
2,102,20,1400,1120,0.5,2,0.2,10000,1400,81688376,2114251203,2229541875,"[64, 32]",ReLU,1000,0.0023502943950474,4.631398636453424e-05,0.2,128,100,adamw,8.820213630795479,0.0585595480300826,0.0003442664534771,40.12122509999608,39.25,49000,146.05,46.05,0.0,cpu,1,2.14.1+cu130,b535b70,[2],5,"[600, 1400]",100,-1,4pebn496,04_64x32_lr2e-3,gqtytopa,10,sweep
2,103,20,600,480,0.5,2,0.2,10000,1400,3104514175,2286514907,3041948807,"[64, 32]",ReLU,1000,0.0023502943950474,4.631398636453424e-05,0.2,128,100,adamw,7.477259948384017,0.1755721720211837,0.0012335524462476,23.482823199999984,22.640625,49000,169.55,69.55,0.0,cpu,1,2.14.1+cu130,b535b70,[2],5,"[600, 1400]",100,-1,4pebn496,04_64x32_lr2e-3,gqtytopa,10,sweep
2,103,20,1400,1120,0.5,2,0.2,10000,1400,3104514175,3617749280,881824625,"[64, 32]",ReLU,1000,0.0023502943950474,4.631398636453424e-05,0.2,128,100,adamw,7.419400432845578,0.0501171529179254,0.0005762434473337,44.21167439999408,43.171875,49000,166.5,66.5,0.0,cpu,1,2.14.1+cu130,b535b70,[2],5,"[600, 1400]",100,-1,4pebn496,04_64x32_lr2e-3,gqtytopa,10,sweep
2,104,20,600,480,0.5,2,0.2,10000,1400,858388445,3027901652,346730074,"[64, 32]",ReLU,1000,0.0023502943950474,4.631398636453424e-05,0.2,128,100,adamw,5.980974938720465,0.1763123698803364,0.0024028498171033,25.209737299999688,24.25,49000,183.25,83.25,0.0,cpu,1,2.14.1+cu130,b535b70,[2],5,"[600, 1400]",100,-1,4pebn496,04_64x32_lr2e-3,gqtytopa,10,sweep
2,104,20,1400,1120,0.5,2,0.2,10000,1400,858388445,4176011686,490887775,"[64, 32]",ReLU,1000,0.0023502943950474,4.631398636453424e-05,0.2,128,100,adamw,6.141579624265432,0.047592658658091,0.0005379618048438,45.24113880000368,44.109375,49000,170.75,70.75,0.0,cpu,1,2.14.1+cu130,b535b70,[2],5,"[600, 1400]",100,-1,4pebn496,04_64x32_lr2e-3,gqtytopa,10,sweep
2,105,20,600,480,0.5,2,0.2,10000,1400,937015128,116449958,1340356435,"[64, 32]",ReLU,1000,0.0023502943950474,4.631398636453424e-05,0.2,128,100,adamw,5.612892160308547,0.2424602784155088,0.008249451725279,23.23391619999893,22.375,49000,167.5,67.5,0.0,cpu,1,2.14.1+cu130,b535b70,[2],5,"[600, 1400]",100,-1,4pebn496,04_64x32_lr2e-3,gqtytopa,10,sweep
2,105,20,1400,1120,0.5,2,0.2,10000,1400,937015128,4002167626,2268781491,"[64, 32]",ReLU,1000,0.0023502943950474,4.631398636453424e-05,0.2,128,100,adamw,5.820015486329794,0.0669532726178414,0.0047200043534212,42.32511399999203,42.3125,49000,160.95,60.95,0.0,cpu,1,2.14.1+cu130,b535b70,[2],5,"[600, 1400]",100,-1,4pebn496,04_64x32_lr2e-3,gqtytopa,10,sweep
2,101,20,600,480,0.5,2,0.2,10000,1400,3915725715,3053710009,3137685234,"[256, 128]",ReLU,1000,0.0003209608962533,9.87028019003982e-05,0.0,128,20,adamw,9.25766345858574,0.0635619507631991,0.0004287550415607,20.57996089999505,19.109375,687400,68.4,48.4,0.0,cpu,1,2.14.1+cu130,b535b70,[2],5,"[600, 1400]",100,-1,wlopol3f,05_256x128_lr3e-4,gqtytopa,10,sweep
2,101,20,1400,1120,0.5,2,0.2,10000,1400,3915725715,4186612432,2172663865,"[256, 128]",ReLU,1000,0.0003209608962533,9.87028019003982e-05,0.0,128,20,adamw,8.947660893201828,0.0343668644756281,0.0001613954369559,33.19989160000114,31.34375,687400,62.15,42.15,0.0,cpu,1,2.14.1+cu130,b535b70,[2],5,"[600, 1400]",100,-1,wlopol3f,05_256x128_lr3e-4,gqtytopa,10,sweep
2,102,20,600,480,0.5,2,0.2,10000,1400,81688376,4122121059,385182252,"[256, 128]",ReLU,1000,0.0003209608962533,9.87028019003982e-05,0.0,128,20,adamw,9.000366777181625,0.1535718865607642,0.0013395809441945,22.256892499994137,20.765625,687400,73.6,53.6,0.0,cpu,1,2.14.1+cu130,b535b70,[2],5,"[600, 1400]",100,-1,wlopol3f,05_256x128_lr3e-4,gqtytopa,10,sweep
2,102,20,1400,1120,0.5,2,0.2,10000,1400,81688376,2114251203,2229541875,"[256, 128]",ReLU,1000,0.0003209608962533,9.87028019003982e-05,0.0,128,20,adamw,8.830499172210693,0.049656428089228,0.0002669087981253,32.62798739998834,31.15625,687400,60.35,40.35,0.0,cpu,1,2.14.1+cu130,b535b70,[2],5,"[600, 1400]",100,-1,wlopol3f,05_256x128_lr3e-4,gqtytopa,10,sweep
2,103,20,600,480,0.5,2,0.2,10000,1400,3104514175,2286514907,3041948807,"[256, 128]",ReLU,1000,0.0003209608962533,9.87028019003982e-05,0.0,128,20,adamw,7.530319673474878,0.1283450519140226,0.0006720833618781,23.68336060000001,22.21875,687400,78.15,58.15,0.0,cpu,1,2.14.1+cu130,b535b70,[2],5,"[600, 1400]",100,-1,wlopol3f,05_256x128_lr3e-4,gqtytopa,10,sweep
2,103,20,1400,1120,0.5,2,0.2,10000,1400,3104514175,3617749280,881824625,"[256, 128]",ReLU,1000,0.0003209608962533,9.87028019003982e-05,0.0,128,20,adamw,7.424149659927934,0.0376439462630593,0.0002827038448881,30.99425809999229,29.46875,687400,54.35,34.35,0.0,cpu,1,2.14.1+cu130,b535b70,[2],5,"[600, 1400]",100,-1,wlopol3f,05_256x128_lr3e-4,gqtytopa,10,sweep
2,104,20,600,480,0.5,2,0.2,10000,1400,858388445,3027901652,346730074,"[256, 128]",ReLU,1000,0.0003209608962533,9.87028019003982e-05,0.0,128,20,adamw,6.005789626389742,0.1233393385860679,0.0012697845013228,25.28126150000025,23.984375,687400,84.25,64.25,0.0,cpu,1,2.14.1+cu130,b535b70,[2],5,"[600, 1400]",100,-1,wlopol3f,05_256x128_lr3e-4,gqtytopa,10,sweep
2,104,20,1400,1120,0.5,2,0.2,10000,1400,858388445,4176011686,490887775,"[256, 128]",ReLU,1000,0.0003209608962533,9.87028019003982e-05,0.0,128,20,adamw,6.1525173634290695,0.049851296578922,0.0007310043835635,35.4490947000013,33.578125,687400,72.6,52.6,0.0,cpu,1,2.14.1+cu130,b535b70,[2],5,"[600, 1400]",100,-1,wlopol3f,05_256x128_lr3e-4,gqtytopa,10,sweep
2,105,20,600,480,0.5,2,0.2,10000,1400,937015128,116449958,1340356435,"[256, 128]",ReLU,1000,0.0003209608962533,9.87028019003982e-05,0.0,128,20,adamw,5.686596458312124,0.1609064364332788,0.0056854308337279,22.38410300000396,22.34375,687400,83.0,63.0,0.0,cpu,1,2.14.1+cu130,b535b70,[2],5,"[600, 1400]",100,-1,wlopol3f,05_256x128_lr3e-4,gqtytopa,10,sweep
2,105,20,1400,1120,0.5,2,0.2,10000,1400,937015128,4002167626,2268781491,"[256, 128]",ReLU,1000,0.0003209608962533,9.87028019003982e-05,0.0,128,20,adamw,5.826236104592681,0.0494243456965181,0.0028160378384918,36.46009049999702,34.53125,687400,76.35,56.35,0.0,cpu,1,2.14.1+cu130,b535b70,[2],5,"[600, 1400]",100,-1,wlopol3f,05_256x128_lr3e-4,gqtytopa,10,sweep
2,101,20,600,480,0.5,2,0.2,10000,1400,3915725715,3053710009,3137685234,"[256, 128]",ReLU,1000,0.0003,0.01,0.0,128,20,adamw,9.259825706481934,0.0601056649117801,0.0003603278978372,22.70498319999024,20.484375,687400,70.75,50.75,0.0,cpu,1,2.14.1+cu130,b535b70,[2],5,"[600, 1400]",100,-1,fjt1sxyv,01_256x128_lr3e-4,rmhp979u,10,sweep
2,101,20,1400,1120,0.5,2,0.2,10000,1400,3915725715,4186612432,2172663865,"[256, 128]",ReLU,1000,0.0003,0.01,0.0,128,20,adamw,8.951576948165894,0.0322087576778716,0.0001599843926982,33.9880656000023,31.40625,687400,62.65,42.65,0.0,cpu,1,2.14.1+cu130,b535b70,[2],5,"[600, 1400]",100,-1,fjt1sxyv,01_256x128_lr3e-4,rmhp979u,10,sweep
2,102,20,600,480,0.5,2,0.2,10000,1400,81688376,4122121059,385182252,"[256, 128]",ReLU,1000,0.0003,0.01,0.0,128,20,adamw,9.001821458339691,0.1654173736033188,0.0014440051260671,23.431784700005664,20.765625,687400,72.35,52.35,0.0,cpu,1,2.14.1+cu130,b535b70,[2],5,"[600, 1400]",100,-1,fjt1sxyv,01_256x128_lr3e-4,rmhp979u,10,sweep
2,102,20,1400,1120,0.5,2,0.2,10000,1400,81688376,2114251203,2229541875,"[256, 128]",ReLU,1000,0.0003,0.01,0.0,128,20,adamw,8.8363316655159,0.0481604037788213,0.0002906659620846,31.32885520000127,31.375,687400,58.45,38.45,0.0,cpu,1,2.14.1+cu130,b535b70,[2],5,"[600, 1400]",100,-1,fjt1sxyv,01_256x128_lr3e-4,rmhp979u,10,sweep
2,103,20,600,480,0.5,2,0.2,10000,1400,3104514175,2286514907,3041948807,"[256, 128]",ReLU,1000,0.0003,0.01,0.0,128,20,adamw,7.535293000750244,0.1173343884537574,0.0005858793012097,24.97044150000147,22.578125,687400,78.65,58.65,0.0,cpu,1,2.14.1+cu130,b535b70,[2],5,"[600, 1400]",100,-1,fjt1sxyv,01_256x128_lr3e-4,rmhp979u,10,sweep
2,103,20,1400,1120,0.5,2,0.2,10000,1400,3104514175,3617749280,881824625,"[256, 128]",ReLU,1000,0.0003,0.01,0.0,128,20,adamw,7.424094679765403,0.0341282742512362,0.0002621760826559,32.78021169999556,30.25,687400,57.25,37.25,0.0,cpu,1,2.14.1+cu130,b535b70,[2],5,"[600, 1400]",100,-1,fjt1sxyv,01_256x128_lr3e-4,rmhp979u,10,sweep
2,104,20,600,480,0.5,2,0.2,10000,1400,858388445,3027901652,346730074,"[256, 128]",ReLU,1000,0.0003,0.01,0.0,128,20,adamw,6.004083659499884,0.1274897577343126,0.0012949777858137,27.36290680000093,24.671875,687400,88.2,68.2,0.0,cpu,1,2.14.1+cu130,b535b70,[2],5,"[600, 1400]",100,-1,fjt1sxyv,01_256x128_lr3e-4,rmhp979u,10,sweep
2,104,20,1400,1120,0.5,2,0.2,10000,1400,858388445,4176011686,490887775,"[256, 128]",ReLU,1000,0.0003,0.01,0.0,128,20,adamw,6.157403070479631,0.055218708595998,0.0007738091931848,36.122346799995285,33.53125,687400,68.75,48.75,0.0,cpu,1,2.14.1+cu130,b535b70,[2],5,"[600, 1400]",100,-1,fjt1sxyv,01_256x128_lr3e-4,rmhp979u,10,sweep
2,105,20,600,480,0.5,2,0.2,10000,1400,937015128,116449958,1340356435,"[256, 128]",ReLU,1000,0.0003,0.01,0.0,128,20,adamw,5.688648840645328,0.149054016995016,0.0052798214288711,26.068764699986787,23.75,687400,83.0,63.0,0.0,cpu,1,2.14.1+cu130,b535b70,[2],5,"[600, 1400]",100,-1,fjt1sxyv,01_256x128_lr3e-4,rmhp979u,10,sweep
2,105,20,1400,1120,0.5,2,0.2,10000,1400,937015128,4002167626,2268781491,"[256, 128]",ReLU,1000,0.0003,0.01,0.0,128,20,adamw,5.827466305345297,0.0525276922446837,0.0028480339412174,37.90376370000013,35.390625,687400,76.35,56.35,0.0,cpu,1,2.14.1+cu130,b535b70,[2],5,"[600, 1400]",100,-1,fjt1sxyv,01_256x128_lr3e-4,rmhp979u,10,sweep
6,101,20,600,480,0.5,2,0.2,10000,1400,400565534,1297881561,3902606988,"[256, 128]",ReLU,1000,0.0003,0.01,0.0,128,20,adamw,8.316689476370811,0.8212854428812658,0.01164226739366,40.987439500007895,36.5,719144,113.85,93.85,0.0,cpu,1,2.14.1+cu130,b535b70,[6],5,"[600, 1400]",100,-1,ap9bbu6m,01_256x128_lr3e-4,ey794fwc,10,candidates
6,101,20,1400,1120,0.5,2,0.2,10000,1400,400565534,57952099,3217013880,"[256, 128]",ReLU,1000,0.0003,0.01,0.0,128,20,adamw,8.206785827875137,0.4501316349035422,0.008494958602826,64.59737960000348,59.21875,719144,114.1,94.1,0.0,cpu,1,2.14.1+cu130,b535b70,[6],5,"[600, 1400]",100,-1,ap9bbu6m,01_256x128_lr3e-4,ey794fwc,10,candidates
6,102,20,600,480,0.5,2,0.2,10000,1400,3027451771,805638815,1714853501,"[256, 128]",ReLU,1000,0.0003,0.01,0.0,128,20,adamw,7.022854818031192,0.6592825053502891,0.0163206388894756,43.47292129999551,38.484375,719144,121.95,101.95,0.0,cpu,1,2.14.1+cu130,b535b70,[6],5,"[600, 1400]",100,-1,ap9bbu6m,01_256x128_lr3e-4,ey794fwc,10,candidates
6,102,20,1400,1120,0.5,2,0.2,10000,1400,3027451771,3007771260,996707658,"[256, 128]",ReLU,1000,0.0003,0.01,0.0,128,20,adamw,6.815243054181337,0.2972220283590213,0.008493081358756,59.8800074000028,54.578125,719144,94.2,74.2,0.0,cpu,1,2.14.1+cu130,b535b70,[6],5,"[600, 1400]",100,-1,ap9bbu6m,01_256x128_lr3e-4,ey794fwc,10,candidates
6,103,20,600,480,0.5,2,0.2,10000,1400,2745113127,2869072669,3814619374,"[256, 128]",ReLU,1000,0.0003,0.01,0.0,128,20,adamw,8.438659861683846,0.914286174931484,0.0117907976021833,47.23376840000856,42.171875,719144,132.75,112.75,0.0,cpu,1,2.14.1+cu130,b535b70,[6],5,"[600, 1400]",100,-1,ap9bbu6m,01_256x128_lr3e-4,ey794fwc,10,candidates
6,103,20,1400,1120,0.5,2,0.2,10000,1400,2745113127,167850620,2610125679,"[256, 128]",ReLU,1000,0.0003,0.01,0.0,128,20,adamw,7.855515319854021,0.3902677760031797,0.0065068502046061,62.03038939999533,56.765625,719144,102.4,82.4,0.0,cpu,1,2.14.1+cu130,b535b70,[6],5,"[600, 1400]",100,-1,ap9bbu6m,01_256x128_lr3e-4,ey794fwc,10,candidates
6,104,20,600,480,0.5,2,0.2,10000,1400,1649339245,35453593,824647377,"[256, 128]",ReLU,1000,0.0003,0.01,0.0,128,20,adamw,7.864481780445203,0.7310893167538828,0.0127626392340032,46.25501429999713,41.0625,719144,128.7,108.7,0.0,cpu,1,2.14.1+cu130,b535b70,[6],5,"[600, 1400]",100,-1,ap9bbu6m,01_256x128_lr3e-4,ey794fwc,10,candidates
6,104,20,1400,1120,0.5,2,0.2,10000,1400,1649339245,3582776475,2597292297,"[256, 128]",ReLU,1000,0.0003,0.01,0.0,128,20,adamw,8.028994947904721,0.3366595893711489,0.0070635016380457,59.63937580000493,54.078125,719144,92.7,72.7,0.0,cpu,1,2.14.1+cu130,b535b70,[6],5,"[600, 1400]",100,-1,ap9bbu6m,01_256x128_lr3e-4,ey794fwc,10,candidates
6,105,20,600,480,0.5,2,0.2,10000,1400,938589117,230193058,1856038647,"[256, 128]",ReLU,1000,0.0003,0.01,0.0,128,20,adamw,8.647891879081726,0.8271267639466454,0.0115566414849636,48.01227880000079,42.671875,719144,133.95,113.95,0.0,cpu,1,2.14.1+cu130,b535b70,[6],5,"[600, 1400]",100,-1,ap9bbu6m,01_256x128_lr3e-4,ey794fwc,10,candidates
6,105,20,1400,1120,0.5,2,0.2,10000,1400,938589117,3017667118,3738964825,"[256, 128]",ReLU,1000,0.0003,0.01,0.0,128,20,adamw,8.495271146297455,0.3905780485674204,0.0070110658314767,57.06575039999734,51.796875,719144,85.1,65.1,0.0,cpu,1,2.14.1+cu130,b535b70,[6],5,"[600, 1400]",100,-1,ap9bbu6m,01_256x128_lr3e-4,ey794fwc,10,candidates
10,101,20,600,480,0.5,2,0.2,10000,1400,451392222,1886901224,2337876972,"[256, 128]",ReLU,1000,0.0003,0.01,0.0,128,20,adamw,10.388846963644028,2.302705966674556,0.0183435507485015,27.787220999991405,26.09375,742696,98.75,78.75,0.0,cpu,1,2.14.1+cu130,b535b70,[10],5,"[600, 1400]",100,-1,npifl1x6,01_256x128_lr3e-4,p8lmbfxj,10,candidates
10,101,20,1400,1120,0.5,2,0.2,10000,1400,451392222,2918041840,2547735160,"[256, 128]",ReLU,1000,0.0003,0.01,0.0,128,20,adamw,9.579992353916168,1.5601144687648332,0.0174548664734651,40.97135140000319,39.09375,742696,94.9,74.9,0.0,cpu,1,2.14.1+cu130,b535b70,[10],5,"[600, 1400]",100,-1,npifl1x6,01_256x128_lr3e-4,p8lmbfxj,10,candidates
10,102,20,600,480,0.5,2,0.2,10000,1400,867246825,1165147132,1341611970,"[256, 128]",ReLU,1000,0.0003,0.01,0.0,128,20,adamw,9.184321783483028,1.988406602511616,0.0206647966003812,28.81804519999423,26.75,742696,92.65,72.65,0.0,cpu,1,2.14.1+cu130,b535b70,[10],5,"[600, 1400]",100,-1,npifl1x6,01_256x128_lr3e-4,p8lmbfxj,10,candidates
10,102,20,1400,1120,0.5,2,0.2,10000,1400,867246825,3245330784,1764884150,"[256, 128]",ReLU,1000,0.0003,0.01,0.0,128,20,adamw,8.992844250053167,1.295939675431761,0.0178754354187212,45.42605229999754,43.0,742696,87.85,67.85,0.0,cpu,1,2.14.1+cu130,b535b70,[10],5,"[600, 1400]",100,-1,npifl1x6,01_256x128_lr3e-4,p8lmbfxj,10,candidates
10,103,20,600,480,0.5,2,0.2,10000,1400,2652805876,508175840,659098839,"[256, 128]",ReLU,1000,0.0003,0.01,0.0,128,20,adamw,9.764515295624731,2.2147648945210445,0.0197003675661964,28.68121670000255,26.515625,742696,91.6,71.6,0.0,cpu,1,2.14.1+cu130,b535b70,[10],5,"[600, 1400]",100,-1,npifl1x6,01_256x128_lr3e-4,p8lmbfxj,10,candidates
10,103,20,1400,1120,0.5,2,0.2,10000,1400,2652805876,566365704,3676659034,"[256, 128]",ReLU,1000,0.0003,0.01,0.0,128,20,adamw,9.160879984498024,1.3495493988468357,0.0180703554385412,44.73383430000104,42.671875,742696,85.3,65.3,0.0,cpu,1,2.14.1+cu130,b535b70,[10],5,"[600, 1400]",100,-1,npifl1x6,01_256x128_lr3e-4,p8lmbfxj,10,candidates
10,104,20,600,480,0.5,2,0.2,10000,1400,674317121,1588258083,2086086192,"[256, 128]",ReLU,1000,0.0003,0.01,0.0,128,20,adamw,10.972607403993608,2.591618147789357,0.0192846700721713,24.37156140001025,22.359375,742696,77.05,57.05,0.0,cpu,1,2.14.1+cu130,b535b70,[10],5,"[600, 1400]",100,-1,npifl1x6,01_256x128_lr3e-4,p8lmbfxj,10,candidates
10,104,20,1400,1120,0.5,2,0.2,10000,1400,674317121,2291450975,1832660301,"[256, 128]",ReLU,1000,0.0003,0.01,0.0,128,20,adamw,10.32158675789833,1.716933432185401,0.019396592391289,47.36533880000934,45.1875,742696,93.2,73.2,0.0,cpu,1,2.14.1+cu130,b535b70,[10],5,"[600, 1400]",100,-1,npifl1x6,01_256x128_lr3e-4,p8lmbfxj,10,candidates
10,105,20,600,480,0.5,2,0.2,10000,1400,3044021893,3051775249,2145764448,"[256, 128]",ReLU,1000,0.0003,0.01,0.0,128,20,adamw,10.027897834777832,2.145912423177318,0.0171270948654783,25.714121500001056,24.03125,742696,81.4,61.4,0.0,cpu,1,2.14.1+cu130,b535b70,[10],5,"[600, 1400]",100,-1,npifl1x6,01_256x128_lr3e-4,p8lmbfxj,10,candidates
10,105,20,1400,1120,0.5,2,0.2,10000,1400,3044021893,3573492435,1183201969,"[256, 128]",ReLU,1000,0.0003,0.01,0.0,128,20,adamw,8.905752494931221,1.2749211606954225,0.0188402226464353,47.17100170000049,44.71875,742696,95.1,75.1,0.0,cpu,1,2.14.1+cu130,b535b70,[10],5,"[600, 1400]",100,-1,npifl1x6,01_256x128_lr3e-4,p8lmbfxj,10,candidates
10,101,20,600,480,0.5,2,0.2,10000,1400,451392222,1886901224,2337876972,"[256, 128]",ReLU,1000,0.0003,0.01,0.0,32,20,adamw,10.343416303396223,2.3462849201092864,0.018327873998025,45.94270379999944,43.59375,742696,59.05,39.05,0.0,cpu,1,2.14.1+cu130,b535b70,[10],5,"[600, 1400]",100,-1,hxo53rke,09_256x128_lr3e-4,p8lmbfxj,10,candidates
10,101,20,1400,1120,0.5,2,0.2,10000,1400,451392222,2918041840,2547735160,"[256, 128]",ReLU,1000,0.0003,0.01,0.0,32,20,adamw,9.559973120689392,1.5735029409777004,0.0171896867371499,78.36087140000018,76.046875,742696,62.65,42.65,0.0,cpu,1,2.14.1+cu130,b535b70,[10],5,"[600, 1400]",100,-1,hxo53rke,09_256x128_lr3e-4,p8lmbfxj,10,candidates
10,102,20,600,480,0.5,2,0.2,10000,1400,867246825,1165147132,1341611970,"[256, 128]",ReLU,1000,0.0003,0.01,0.0,32,20,adamw,9.125951737165453,2.0068187280115124,0.0217083391574836,46.8483062999876,44.859375,742696,59.05,39.05,0.0,cpu,1,2.14.1+cu130,b535b70,[10],5,"[600, 1400]",100,-1,hxo53rke,09_256x128_lr3e-4,p8lmbfxj,10,candidates
10,102,20,1400,1120,0.5,2,0.2,10000,1400,867246825,3245330784,1764884150,"[256, 128]",ReLU,1000,0.0003,0.01,0.0,32,20,adamw,8.953740630298853,1.2966720067726138,0.0175928494977738,73.32918440000503,71.125,742696,55.2,35.2,0.0,cpu,1,2.14.1+cu130,b535b70,[10],5,"[600, 1400]",100,-1,hxo53rke,09_256x128_lr3e-4,p8lmbfxj,10,candidates
10,103,20,600,480,0.5,2,0.2,10000,1400,2652805876,508175840,659098839,"[256, 128]",ReLU,1000,0.0003,0.01,0.0,32,20,adamw,9.67293506860733,2.2190070935816286,0.0191550036073586,46.76139479999256,44.546875,742696,59.25,39.25,0.0,cpu,1,2.14.1+cu130,b535b70,[10],5,"[600, 1400]",100,-1,hxo53rke,09_256x128_lr3e-4,p8lmbfxj,10,candidates
10,103,20,1400,1120,0.5,2,0.2,10000,1400,2652805876,566365704,3676659034,"[256, 128]",ReLU,1000,0.0003,0.01,0.0,32,20,adamw,9.11590836942196,1.3587205997788006,0.0184617829023553,75.53302479999547,73.28125,742696,57.5,37.5,0.0,cpu,1,2.14.1+cu130,b535b70,[10],5,"[600, 1400]",100,-1,hxo53rke,09_256x128_lr3e-4,p8lmbfxj,10,candidates
10,104,20,600,480,0.5,2,0.2,10000,1400,674317121,1588258083,2086086192,"[256, 128]",ReLU,1000,0.0003,0.01,0.0,32,20,adamw,10.9543414413929,2.5594016798062103,0.0193290268300304,40.15342729999975,38.4375,742696,49.3,29.3,0.0,cpu,1,2.14.1+cu130,b535b70,[10],5,"[600, 1400]",100,-1,hxo53rke,09_256x128_lr3e-4,p8lmbfxj,10,candidates
10,104,20,1400,1120,0.5,2,0.2,10000,1400,674317121,2291450975,1832660301,"[256, 128]",ReLU,1000,0.0003,0.01,0.0,32,20,adamw,10.271417647600174,1.761452942922758,0.0196659716595711,77.9212736999907,75.734375,742696,61.4,41.4,0.0,cpu,1,2.14.1+cu130,b535b70,[10],5,"[600, 1400]",100,-1,hxo53rke,09_256x128_lr3e-4,p8lmbfxj,10,candidates
10,105,20,600,480,0.5,2,0.2,10000,1400,3044021893,3051775249,2145764448,"[256, 128]",ReLU,1000,0.0003,0.01,0.0,32,20,adamw,10.002757579088213,2.105904238677617,0.0167883507824731,39.20596039999509,37.546875,742696,48.45,28.45,0.0,cpu,1,2.14.1+cu130,b535b70,[10],5,"[600, 1400]",100,-1,hxo53rke,09_256x128_lr3e-4,p8lmbfxj,10,candidates
10,105,20,1400,1120,0.5,2,0.2,10000,1400,3044021893,3573492435,1183201969,"[256, 128]",ReLU,1000,0.0003,0.01,0.0,32,20,adamw,8.89216434955597,1.2715440633422266,0.018465209142738,81.08919590000005,78.84375,742696,67.15,47.15,0.0,cpu,1,2.14.1+cu130,b535b70,[10],5,"[600, 1400]",100,-1,hxo53rke,09_256x128_lr3e-4,p8lmbfxj,10,candidates
6,101,20,600,480,0.5,2,0.2,10000,1400,400565534,1297881561,3902606988,"[256, 128]",ReLU,1000,0.0003,0.01,0.1,64,20,adamw,8.298519387841225,0.8340563671266634,0.0114535571858006,49.57049830000324,47.390625,719144,80.35,60.35,0.0,cpu,1,2.14.1+cu130,b535b70,[6],5,"[600, 1400]",100,-1,m3wm9b5c,35_256x128_lr2e-4,ey794fwc,10,candidates
6,101,20,1400,1120,0.5,2,0.2,10000,1400,400565534,57952099,3217013880,"[256, 128]",ReLU,1000,0.0003,0.01,0.1,64,20,adamw,8.211060777306557,0.4308675826618573,0.0078380333892261,84.28329360000498,81.71875,719144,90.85,70.85,0.0,cpu,1,2.14.1+cu130,b535b70,[6],5,"[600, 1400]",100,-1,m3wm9b5c,35_256x128_lr2e-4,ey794fwc,10,candidates
6,102,20,600,480,0.5,2,0.2,10000,1400,3027451771,805638815,1714853501,"[256, 128]",ReLU,1000,0.0003,0.01,0.1,64,20,adamw,7.028446352109313,0.6685550793739218,0.0160349976506459,48.41357860001153,45.640625,719144,80.7,60.7,0.0,cpu,1,2.14.1+cu130,b535b70,[6],5,"[600, 1400]",100,-1,m3wm9b5c,35_256x128_lr2e-4,ey794fwc,10,candidates
6,102,20,1400,1120,0.5,2,0.2,10000,1400,3027451771,3007771260,996707658,"[256, 128]",ReLU,1000,0.0003,0.01,0.1,64,20,adamw,6.79739177133888,0.3105654630833054,0.0088033303521088,82.71129180000571,80.046875,719144,87.9,67.9,0.0,cpu,1,2.14.1+cu130,b535b70,[6],5,"[600, 1400]",100,-1,m3wm9b5c,35_256x128_lr2e-4,ey794fwc,10,candidates
6,103,20,600,480,0.5,2,0.2,10000,1400,2745113127,2869072669,3814619374,"[256, 128]",ReLU,1000,0.0003,0.01,0.1,64,20,adamw,8.442820601165295,0.9403160667019718,0.0114198391236714,53.62788250000449,51.15625,719144,91.7,71.7,0.0,cpu,1,2.14.1+cu130,b535b70,[6],5,"[600, 1400]",100,-1,m3wm9b5c,35_256x128_lr2e-4,ey794fwc,10,candidates
6,103,20,1400,1120,0.5,2,0.2,10000,1400,2745113127,167850620,2610125679,"[256, 128]",ReLU,1000,0.0003,0.01,0.1,64,20,adamw,7.839616391807795,0.4011330227611865,0.0061265569748155,80.35854400000244,77.828125,719144,81.85,61.85,0.0,cpu,1,2.14.1+cu130,b535b70,[6],5,"[600, 1400]",100,-1,m3wm9b5c,35_256x128_lr2e-4,ey794fwc,10,candidates
6,104,20,600,480,0.5,2,0.2,10000,1400,1649339245,35453593,824647377,"[256, 128]",ReLU,1000,0.0003,0.01,0.1,64,20,adamw,7.844791267300025,0.7265510311992351,0.0122531859542619,53.35567240000819,50.828125,719144,89.75,69.75,0.0,cpu,1,2.14.1+cu130,b535b70,[6],5,"[600, 1400]",100,-1,m3wm9b5c,35_256x128_lr2e-4,ey794fwc,10,candidates
6,104,20,1400,1120,0.5,2,0.2,10000,1400,1649339245,3582776475,2597292297,"[256, 128]",ReLU,1000,0.0003,0.01,0.1,64,20,adamw,8.02484312467277,0.3452195217869393,0.0069984185956148,72.0289899000054,69.3125,719144,67.65,47.65,0.0,cpu,1,2.14.1+cu130,b535b70,[6],5,"[600, 1400]",100,-1,m3wm9b5c,35_256x128_lr2e-4,ey794fwc,10,candidates
6,105,20,600,480,0.5,2,0.2,10000,1400,938589117,230193058,1856038647,"[256, 128]",ReLU,1000,0.0003,0.01,0.1,64,20,adamw,8.62006214261055,0.79211884714903,0.0110407875958735,55.70725739999034,53.21875,719144,96.05,76.05,0.0,cpu,1,2.14.1+cu130,b535b70,[6],5,"[600, 1400]",100,-1,m3wm9b5c,35_256x128_lr2e-4,ey794fwc,10,candidates
6,105,20,1400,1120,0.5,2,0.2,10000,1400,938589117,3017667118,3738964825,"[256, 128]",ReLU,1000,0.0003,0.01,0.1,64,20,adamw,8.495409920811653,0.3871956360287771,0.0069728934522398,77.1444530000008,74.40625,719144,76.15,56.15,0.0,cpu,1,2.14.1+cu130,b535b70,[6],5,"[600, 1400]",100,-1,m3wm9b5c,35_256x128_lr2e-4,ey794fwc,10,candidates
10,101,20,600,480,0.5,2,0.2,10000,1400,451392222,1886901224,2337876972,"[256, 128]",ReLU,1000,0.0003,0.01,0.1,64,20,adamw,10.361966282129288,2.3552806843694127,0.0181159873080449,46.84133049999946,44.65625,742696,77.35,57.35,0.0,cpu,1,2.14.1+cu130,b535b70,[10],5,"[600, 1400]",100,-1,8ai802sn,35_256x128_lr2e-4,p8lmbfxj,10,candidates
10,101,20,1400,1120,0.5,2,0.2,10000,1400,451392222,2918041840,2547735160,"[256, 128]",ReLU,1000,0.0003,0.01,0.1,64,20,adamw,9.573577582836151,1.5896414878901357,0.0170746030489276,76.95939380000345,74.328125,742696,79.35,59.35,0.0,cpu,1,2.14.1+cu130,b535b70,[10],5,"[600, 1400]",100,-1,8ai802sn,35_256x128_lr2e-4,p8lmbfxj,10,candidates
10,102,20,600,480,0.5,2,0.2,10000,1400,867246825,1165147132,1341611970,"[256, 128]",ReLU,1000,0.0003,0.01,0.1,64,20,adamw,9.163496986031532,2.003948741309241,0.0203052604599869,43.39750769999228,41.234375,742696,69.2,49.2,0.0,cpu,1,2.14.1+cu130,b535b70,[10],5,"[600, 1400]",100,-1,8ai802sn,35_256x128_lr2e-4,p8lmbfxj,10,candidates
10,102,20,1400,1120,0.5,2,0.2,10000,1400,867246825,3245330784,1764884150,"[256, 128]",ReLU,1000,0.0003,0.01,0.1,64,20,adamw,8.9578906185925,1.2776915551923251,0.0180140093121868,75.90423459999147,73.25,742696,76.65,56.65,0.0,cpu,1,2.14.1+cu130,b535b70,[10],5,"[600, 1400]",100,-1,8ai802sn,35_256x128_lr2e-4,p8lmbfxj,10,candidates
10,103,20,600,480,0.5,2,0.2,10000,1400,2652805876,508175840,659098839,"[256, 128]",ReLU,1000,0.0003,0.01,0.1,64,20,adamw,9.69165188074112,2.241536555998868,0.0200087893299568,46.8829138000001,44.515625,742696,77.2,57.2,0.0,cpu,1,2.14.1+cu130,b535b70,[10],5,"[600, 1400]",100,-1,8ai802sn,35_256x128_lr2e-4,p8lmbfxj,10,candidates
10,103,20,1400,1120,0.5,2,0.2,10000,1400,2652805876,566365704,3676659034,"[256, 128]",ReLU,1000,0.0003,0.01,0.1,64,20,adamw,9.15739692747593,1.3842544622345512,0.0177543849879955,72.69128870000714,70.140625,742696,71.4,51.4,0.0,cpu,1,2.14.1+cu130,b535b70,[10],5,"[600, 1400]",100,-1,8ai802sn,35_256x128_lr2e-4,p8lmbfxj,10,candidates
10,104,20,600,480,0.5,2,0.2,10000,1400,674317121,1588258083,2086086192,"[256, 128]",ReLU,1000,0.0003,0.01,0.1,64,20,adamw,10.971492618322372,2.6345809291084,0.0192503633065444,38.126105699993786,35.90625,742696,61.3,41.3,0.0,cpu,1,2.14.1+cu130,b535b70,[10],5,"[600, 1400]",100,-1,8ai802sn,35_256x128_lr2e-4,p8lmbfxj,10,candidates
10,104,20,1400,1120,0.5,2,0.2,10000,1400,674317121,2291450975,1832660301,"[256, 128]",ReLU,1000,0.0003,0.01,0.1,64,20,adamw,10.241056859493256,1.75707529739316,0.0193919475935464,77.87308019999182,75.359375,742696,80.0,60.0,0.0,cpu,1,2.14.1+cu130,b535b70,[10],5,"[600, 1400]",100,-1,8ai802sn,35_256x128_lr2e-4,p8lmbfxj,10,candidates
10,105,20,600,480,0.5,2,0.2,10000,1400,3044021893,3051775249,2145764448,"[256, 128]",ReLU,1000,0.0003,0.01,0.1,64,20,adamw,10.008667767047882,2.135713347909825,0.0173867213525136,41.44653090000793,39.453125,742696,65.9,45.9,0.0,cpu,1,2.14.1+cu130,b535b70,[10],5,"[600, 1400]",100,-1,8ai802sn,35_256x128_lr2e-4,p8lmbfxj,10,candidates
10,105,20,1400,1120,0.5,2,0.2,10000,1400,3044021893,3573492435,1183201969,"[256, 128]",ReLU,1000,0.0003,0.01,0.1,64,20,adamw,8.907856985926628,1.264095535668846,0.0184603788815051,82.12711590000254,79.578125,742696,89.2,69.2,0.0,cpu,1,2.14.1+cu130,b535b70,[10],5,"[600, 1400]",100,-1,8ai802sn,35_256x128_lr2e-4,p8lmbfxj,10,candidates
6,101,20,600,480,0.5,2,0.2,10000,1400,400565534,1297881561,3902606988,"[256, 128]",ReLU,1000,0.0003,0.01,0.1,128,20,adamw,8.305788584053516,0.8234868809306845,0.0116328171663143,43.77720209999825,42.046875,719144,111.25,91.25,0.0,cpu,1,2.14.1+cu130,b535b70,[6],5,"[600, 1400]",100,-1,p171str6,k6_256_128_25,ey794fwc,10,candidates
6,101,20,1400,1120,0.5,2,0.2,10000,1400,400565534,57952099,3217013880,"[256, 128]",ReLU,1000,0.0003,0.01,0.1,128,20,adamw,8.24316044151783,0.4609485084635635,0.0083398679209021,70.11882740000146,67.765625,719144,105.05,85.05,0.0,cpu,1,2.14.1+cu130,b535b70,[6],5,"[600, 1400]",100,-1,p171str6,k6_256_128_25,ey794fwc,10,candidates
6,102,20,600,480,0.5,2,0.2,10000,1400,3027451771,805638815,1714853501,"[256, 128]",ReLU,1000,0.0003,0.01,0.1,128,20,adamw,7.038995696231723,0.6442227979081978,0.016303891100181,45.08823520000442,43.28125,719144,113.95,93.95,0.0,cpu,1,2.14.1+cu130,b535b70,[6],5,"[600, 1400]",100,-1,p171str6,k6_256_128_25,ey794fwc,10,candidates
6,102,20,1400,1120,0.5,2,0.2,10000,1400,3027451771,3007771260,996707658,"[256, 128]",ReLU,1000,0.0003,0.01,0.1,128,20,adamw,6.815706602297723,0.2933370687793493,0.008406602113668,69.49738339999749,67.203125,719144,104.25,84.25,0.0,cpu,1,2.14.1+cu130,b535b70,[6],5,"[600, 1400]",100,-1,p171str6,k6_256_128_25,ey794fwc,10,candidates
6,103,20,600,480,0.5,2,0.2,10000,1400,2745113127,2869072669,3814619374,"[256, 128]",ReLU,1000,0.0003,0.01,0.1,128,20,adamw,8.463120587170124,0.894005689680184,0.0111976301768725,48.604721299998346,46.640625,719144,124.75,104.75,0.0,cpu,1,2.14.1+cu130,b535b70,[6],5,"[600, 1400]",100,-1,p171str6,k6_256_128_25,ey794fwc,10,candidates
6,103,20,1400,1120,0.5,2,0.2,10000,1400,2745113127,167850620,2610125679,"[256, 128]",ReLU,1000,0.0003,0.01,0.1,128,20,adamw,7.858227711170912,0.4076251000719756,0.0064624353570918,70.53329599999415,68.28125,719144,106.9,86.9,0.0,cpu,1,2.14.1+cu130,b535b70,[6],5,"[600, 1400]",100,-1,p171str6,k6_256_128_25,ey794fwc,10,candidates
6,104,20,600,480,0.5,2,0.2,10000,1400,1649339245,35453593,824647377,"[256, 128]",ReLU,1000,0.0003,0.01,0.1,128,20,adamw,7.855259326985106,0.7308526680882642,0.0122208937535924,49.793898600008106,47.84375,719144,128.4,108.4,0.0,cpu,1,2.14.1+cu130,b535b70,[6],5,"[600, 1400]",100,-1,p171str6,k6_256_128_25,ey794fwc,10,candidates
6,104,20,1400,1120,0.5,2,0.2,10000,1400,1649339245,3582776475,2597292297,"[256, 128]",ReLU,1000,0.0003,0.01,0.1,128,20,adamw,8.02540560439229,0.3357239774355782,0.0070385233055375,65.34995509999862,62.96875,719144,93.45,73.45,0.0,cpu,1,2.14.1+cu130,b535b70,[6],5,"[600, 1400]",100,-1,p171str6,k6_256_128_25,ey794fwc,10,candidates
6,105,20,600,480,0.5,2,0.2,10000,1400,938589117,230193058,1856038647,"[256, 128]",ReLU,1000,0.0003,0.01,0.1,128,20,adamw,8.668883442878723,0.8147545308314162,0.0108954274321656,47.28585020000173,45.03125,719144,120.0,100.0,0.0,cpu,1,2.14.1+cu130,b535b70,[6],5,"[600, 1400]",100,-1,p171str6,k6_256_128_25,ey794fwc,10,candidates
6,105,20,1400,1120,0.5,2,0.2,10000,1400,938589117,3017667118,3738964825,"[256, 128]",ReLU,1000,0.0003,0.01,0.1,128,20,adamw,8.497143045067787,0.4103271809508749,0.0068483827095167,67.25589800000307,64.890625,719144,98.15,78.15,0.0,cpu,1,2.14.1+cu130,b535b70,[6],5,"[600, 1400]",100,-1,p171str6,k6_256_128_25,ey794fwc,10,candidates
10,101,20,600,480,0.5,2,0.2,10000,1400,451392222,1886901224,2337876972,"[256, 128]",ReLU,1000,0.0003,0.01,0.1,128,20,adamw,10.406383246183395,2.3564214009926023,0.0184940430007513,38.9290495999885,37.046875,742696,98.55,78.55,0.0,cpu,1,2.14.1+cu130,b535b70,[10],5,"[600, 1400]",100,-1,yaatevjj,k6_256_128_25,p8lmbfxj,10,candidates
10,101,20,1400,1120,0.5,2,0.2,10000,1400,451392222,2918041840,2547735160,"[256, 128]",ReLU,1000,0.0003,0.01,0.1,128,20,adamw,9.613801419734957,1.5642100901660252,0.0171116474132948,63.80401279999933,61.65625,742696,100.1,80.1,0.0,cpu,1,2.14.1+cu130,b535b70,[10],5,"[600, 1400]",100,-1,yaatevjj,k6_256_128_25,p8lmbfxj,10,candidates
10,102,20,600,480,0.5,2,0.2,10000,1400,867246825,1165147132,1341611970,"[256, 128]",ReLU,1000,0.0003,0.01,0.1,128,20,adamw,9.177147828042507,1.987493253416534,0.0209448879701291,37.29376919999777,35.734375,742696,92.65,72.65,0.0,cpu,1,2.14.1+cu130,b535b70,[10],5,"[600, 1400]",100,-1,yaatevjj,k6_256_128_25,p8lmbfxj,10,candidates
10,102,20,1400,1120,0.5,2,0.2,10000,1400,867246825,3245330784,1764884150,"[256, 128]",ReLU,1000,0.0003,0.01,0.1,128,20,adamw,8.997870590537786,1.313685975605241,0.0175825442510847,58.49402250000276,56.421875,742696,86.6,66.6,0.0,cpu,1,2.14.1+cu130,b535b70,[10],5,"[600, 1400]",100,-1,yaatevjj,k6_256_128_25,p8lmbfxj,10,candidates
10,103,20,600,480,0.5,2,0.2,10000,1400,2652805876,508175840,659098839,"[256, 128]",ReLU,1000,0.0003,0.01,0.1,128,20,adamw,9.765148535370828,2.245280534199862,0.0192373127607692,36.6003492000018,34.96875,742696,91.65,71.65,0.0,cpu,1,2.14.1+cu130,b535b70,[10],5,"[600, 1400]",100,-1,yaatevjj,k6_256_128_25,p8lmbfxj,10,candidates
10,103,20,1400,1120,0.5,2,0.2,10000,1400,2652805876,566365704,3676659034,"[256, 128]",ReLU,1000,0.0003,0.01,0.1,128,20,adamw,9.182982683181764,1.3684406831745448,0.017608989305403,59.08150339999702,57.203125,742696,86.9,66.9,0.0,cpu,1,2.14.1+cu130,b535b70,[10],5,"[600, 1400]",100,-1,yaatevjj,k6_256_128_25,p8lmbfxj,10,candidates
10,104,20,600,480,0.5,2,0.2,10000,1400,674317121,1588258083,2086086192,"[256, 128]",ReLU,1000,0.0003,0.01,0.1,128,20,adamw,11.015776604413986,2.6393467674214857,0.0192041753255178,31.68389999998908,29.890625,742696,77.45,57.45,0.0,cpu,1,2.14.1+cu130,b535b70,[10],5,"[600, 1400]",100,-1,yaatevjj,k6_256_128_25,p8lmbfxj,10,candidates
10,104,20,1400,1120,0.5,2,0.2,10000,1400,674317121,2291450975,1832660301,"[256, 128]",ReLU,1000,0.0003,0.01,0.1,128,20,adamw,10.277760297060013,1.74304868464401,0.019045017487804,63.837372199996025,61.828125,742696,101.0,81.0,0.0,cpu,1,2.14.1+cu130,b535b70,[10],5,"[600, 1400]",100,-1,yaatevjj,k6_256_128_25,p8lmbfxj,10,candidates
10,105,20,600,480,0.5,2,0.2,10000,1400,3044021893,3051775249,2145764448,"[256, 128]",ReLU,1000,0.0003,0.01,0.1,128,20,adamw,10.047025606036186,2.1491488200174453,0.0166477074817073,32.97401240000909,31.265625,742696,81.25,61.25,0.0,cpu,1,2.14.1+cu130,b535b70,[10],5,"[600, 1400]",100,-1,yaatevjj,k6_256_128_25,p8lmbfxj,10,candidates
10,105,20,1400,1120,0.5,2,0.2,10000,1400,3044021893,3573492435,1183201969,"[256, 128]",ReLU,1000,0.0003,0.01,0.1,128,20,adamw,8.913463726639748,1.2461300051954576,0.0183462109376345,65.12162689999968,62.90625,742696,104.3,84.3,0.0,cpu,1,2.14.1+cu130,b535b70,[10],5,"[600, 1400]",100,-1,yaatevjj,k6_256_128_25,p8lmbfxj,10,candidates
6,101,20,600,480,0.5,2,0.2,10000,1400,400565534,1297881561,3902606988,"[256, 128]",ReLU,1000,0.0003,0.01,0.0,64,20,adamw,8.275879696011543,0.8067711956364435,0.0116052619683665,43.61144969999441,41.859375,719144,86.55,66.55,0.0,cpu,1,2.14.1+cu130,b535b70,[6],5,"[600, 1400]",100,-1,ft9wiei5,10_256x128_lr3e-4,ey794fwc,10,candidates
6,101,20,1400,1120,0.5,2,0.2,10000,1400,400565534,57952099,3217013880,"[256, 128]",ReLU,1000,0.0003,0.01,0.0,64,20,adamw,8.203365251421928,0.4646924160149548,0.0086812862950761,66.12095850000333,63.984375,719144,81.8,61.8,0.0,cpu,1,2.14.1+cu130,b535b70,[6],5,"[600, 1400]",100,-1,ft9wiei5,10_256x128_lr3e-4,ey794fwc,10,candidates
6,102,20,600,480,0.5,2,0.2,10000,1400,3027451771,805638815,1714853501,"[256, 128]",ReLU,1000,0.0003,0.01,0.0,64,20,adamw,7.00184828415513,0.6591424488462809,0.0162961329096762,43.17375950000133,41.59375,719144,86.75,66.75,0.0,cpu,1,2.14.1+cu130,b535b70,[6],5,"[600, 1400]",100,-1,ft9wiei5,10_256x128_lr3e-4,ey794fwc,10,candidates
6,102,20,1400,1120,0.5,2,0.2,10000,1400,3027451771,3007771260,996707658,"[256, 128]",ReLU,1000,0.0003,0.01,0.0,64,20,adamw,6.797402770258486,0.3131570162421532,0.0088233279756386,65.59293680000701,63.046875,719144,80.8,60.8,0.0,cpu,1,2.14.1+cu130,b535b70,[6],5,"[600, 1400]",100,-1,ft9wiei5,10_256x128_lr3e-4,ey794fwc,10,candidates
6,103,20,600,480,0.5,2,0.2,10000,1400,2745113127,2869072669,3814619374,"[256, 128]",ReLU,1000,0.0003,0.01,0.0,64,20,adamw,8.415446676313877,0.8989025252432559,0.0117367901595377,46.70381409999391,44.609375,719144,93.35,73.35,0.0,cpu,1,2.14.1+cu130,b535b70,[6],5,"[600, 1400]",100,-1,ft9wiei5,10_256x128_lr3e-4,ey794fwc,10,candidates
6,103,20,1400,1120,0.5,2,0.2,10000,1400,2745113127,167850620,2610125679,"[256, 128]",ReLU,1000,0.0003,0.01,0.0,64,20,adamw,7.831683874130249,0.4197417786969,0.0064203236069483,65.99820529999852,63.921875,719144,79.6,59.6,0.0,cpu,1,2.14.1+cu130,b535b70,[6],5,"[600, 1400]",100,-1,ft9wiei5,10_256x128_lr3e-4,ey794fwc,10,candidates
6,104,20,600,480,0.5,2,0.2,10000,1400,1649339245,35453593,824647377,"[256, 128]",ReLU,1000,0.0003,0.01,0.0,64,20,adamw,7.841552687808871,0.7187308342285053,0.0122700233211898,45.1096630999964,43.5,719144,90.15,70.15,0.0,cpu,1,2.14.1+cu130,b535b70,[6],5,"[600, 1400]",100,-1,ft9wiei5,10_256x128_lr3e-4,ey794fwc,10,candidates
6,104,20,1400,1120,0.5,2,0.2,10000,1400,1649339245,3582776475,2597292297,"[256, 128]",ReLU,1000,0.0003,0.01,0.0,64,20,adamw,8.018786467378959,0.3581734240430777,0.0069535245119761,59.2001220999955,56.921875,719144,65.75,45.75,0.0,cpu,1,2.14.1+cu130,b535b70,[6],5,"[600, 1400]",100,-1,ft9wiei5,10_256x128_lr3e-4,ey794fwc,10,candidates
6,105,20,600,480,0.5,2,0.2,10000,1400,938589117,230193058,1856038647,"[256, 128]",ReLU,1000,0.0003,0.01,0.0,64,20,adamw,8.605612188577652,0.8282049460823943,0.0113123315706782,47.75237610000477,45.640625,719144,96.7,76.7,0.0,cpu,1,2.14.1+cu130,b535b70,[6],5,"[600, 1400]",100,-1,ft9wiei5,10_256x128_lr3e-4,ey794fwc,10,candidates
6,105,20,1400,1120,0.5,2,0.2,10000,1400,938589117,3017667118,3738964825,"[256, 128]",ReLU,1000,0.0003,0.01,0.0,64,20,adamw,8.489776998758316,0.4260922332678202,0.0069620977407897,61.4071893000073,58.921875,719144,69.45,49.45,0.0,cpu,1,2.14.1+cu130,b535b70,[6],5,"[600, 1400]",100,-1,ft9wiei5,10_256x128_lr3e-4,ey794fwc,10,candidates
10,101,20,600,480,0.5,2,0.2,10000,1400,451392222,1886901224,2337876972,"[256, 128]",ReLU,1000,0.0003,0.01,0.0,64,20,adamw,10.341954320669174,2.3296153651960205,0.018710020600868,37.56626410000899,35.6875,742696,77.55,57.55,0.0,cpu,1,2.14.1+cu130,b535b70,[10],5,"[600, 1400]",100,-1,wqosx3n3,10_256x128_lr3e-4,p8lmbfxj,10,candidates
10,101,20,1400,1120,0.5,2,0.2,10000,1400,451392222,2918041840,2547735160,"[256, 128]",ReLU,1000,0.0003,0.01,0.0,64,20,adamw,9.554990202188492,1.5797118912766044,0.0173340875305355,59.308606000005966,57.65625,742696,78.5,58.5,0.0,cpu,1,2.14.1+cu130,b535b70,[10],5,"[600, 1400]",100,-1,wqosx3n3,10_256x128_lr3e-4,p8lmbfxj,10,candidates
10,102,20,600,480,0.5,2,0.2,10000,1400,867246825,1165147132,1341611970,"[256, 128]",ReLU,1000,0.0003,0.01,0.0,64,20,adamw,9.135670252144337,1.9868303761666792,0.0206000503234216,33.37644890000229,31.203125,742696,64.7,44.7,0.0,cpu,1,2.14.1+cu130,b535b70,[10],5,"[600, 1400]",100,-1,wqosx3n3,10_256x128_lr3e-4,p8lmbfxj,10,candidates
10,102,20,1400,1120,0.5,2,0.2,10000,1400,867246825,3245330784,1764884150,"[256, 128]",ReLU,1000,0.0003,0.01,0.0,64,20,adamw,8.972353138029575,1.313360602789854,0.0174948937261113,55.12282389999018,53.046875,742696,67.95,47.95,0.0,cpu,1,2.14.1+cu130,b535b70,[10],5,"[600, 1400]",100,-1,wqosx3n3,10_256x128_lr3e-4,p8lmbfxj,10,candidates
10,103,20,600,480,0.5,2,0.2,10000,1400,2652805876,508175840,659098839,"[256, 128]",ReLU,1000,0.0003,0.01,0.0,64,20,adamw,9.712961494922638,2.2188602776957778,0.0197875638050441,35.20282769999176,33.265625,742696,68.65,48.65,0.0,cpu,1,2.14.1+cu130,b535b70,[10],5,"[600, 1400]",100,-1,wqosx3n3,10_256x128_lr3e-4,p8lmbfxj,10,candidates
10,103,20,1400,1120,0.5,2,0.2,10000,1400,2652805876,566365704,3676659034,"[256, 128]",ReLU,1000,0.0003,0.01,0.0,64,20,adamw,9.147550448775291,1.3561933565747826,0.0175868189602755,53.897457900005975,52.015625,742696,65.6,45.6,0.0,cpu,1,2.14.1+cu130,b535b70,[10],5,"[600, 1400]",100,-1,wqosx3n3,10_256x128_lr3e-4,p8lmbfxj,10,candidates
10,104,20,600,480,0.5,2,0.2,10000,1400,674317121,1588258083,2086086192,"[256, 128]",ReLU,1000,0.0003,0.01,0.0,64,20,adamw,10.96919333934784,2.5641176178802985,0.0198971591480607,31.58557159999328,30.046875,742696,61.4,41.4,0.0,cpu,1,2.14.1+cu130,b535b70,[10],5,"[600, 1400]",100,-1,wqosx3n3,10_256x128_lr3e-4,p8lmbfxj,10,candidates
10,104,20,1400,1120,0.5,2,0.2,10000,1400,674317121,2291450975,1832660301,"[256, 128]",ReLU,1000,0.0003,0.01,0.0,64,20,adamw,10.286806434392927,1.7411694492935923,0.0192900415864443,57.23995020000439,55.390625,742696,74.4,54.4,0.0,cpu,1,2.14.1+cu130,b535b70,[10],5,"[600, 1400]",100,-1,wqosx3n3,10_256x128_lr3e-4,p8lmbfxj,10,candidates
10,105,20,600,480,0.5,2,0.2,10000,1400,3044021893,3051775249,2145764448,"[256, 128]",ReLU,1000,0.0003,0.01,0.0,64,20,adamw,9.999429732561111,2.128308323030413,0.0171578759247449,32.48898900000495,30.59375,742696,63.3,43.3,0.0,cpu,1,2.14.1+cu130,b535b70,[10],5,"[600, 1400]",100,-1,wqosx3n3,10_256x128_lr3e-4,p8lmbfxj,10,candidates
10,105,20,1400,1120,0.5,2,0.2,10000,1400,3044021893,3573492435,1183201969,"[256, 128]",ReLU,1000,0.0003,0.01,0.0,64,20,adamw,8.884140476584435,1.3266769912208114,0.0192016148462381,61.79146989999572,59.453125,742696,86.2,66.2,0.0,cpu,1,2.14.1+cu130,b535b70,[10],5,"[600, 1400]",100,-1,wqosx3n3,10_256x128_lr3e-4,p8lmbfxj,10,candidates
6,101,20,600,480,0.5,2,0.2,10000,1400,400565534,1297881561,3902606988,"[128, 64]",ReLU,1000,0.0003,0.01,0.1,128,50,adamw,8.369189009070396,0.8458017359885976,0.0121193171717838,49.97866409999551,48.21875,195752,247.05,197.05,0.0,cpu,1,2.14.1+cu130,b535b70,[6],5,"[600, 1400]",100,-1,p1s05x2a,k6_128_64_9,ey794fwc,10,candidates
6,101,20,1400,1120,0.5,2,0.2,10000,1400,400565534,57952099,3217013880,"[128, 64]",ReLU,1000,0.0003,0.01,0.1,128,50,adamw,8.21873414516449,0.4451070790653068,0.0085361563984807,85.45764200000849,83.34375,195752,251.85,201.85,0.0,cpu,1,2.14.1+cu130,b535b70,[6],5,"[600, 1400]",100,-1,p1s05x2a,k6_128_64_9,ey794fwc,10,candidates
6,102,20,600,480,0.5,2,0.2,10000,1400,3027451771,805638815,1714853501,"[128, 64]",ReLU,1000,0.0003,0.01,0.1,128,50,adamw,7.039193561300635,0.6819516672303705,0.0174373562711028,47.83161220001057,46.171875,195752,236.95,186.95,0.0,cpu,1,2.14.1+cu130,b535b70,[6],5,"[600, 1400]",100,-1,p1s05x2a,k6_128_64_9,ey794fwc,10,candidates
6,102,20,1400,1120,0.5,2,0.2,10000,1400,3027451771,3007771260,996707658,"[128, 64]",ReLU,1000,0.0003,0.01,0.1,128,50,adamw,6.808805103413761,0.3024718617232874,0.0092181641964641,83.20815100001346,81.328125,195752,239.85,189.85,0.0,cpu,1,2.14.1+cu130,b535b70,[6],5,"[600, 1400]",100,-1,p1s05x2a,k6_128_64_9,ey794fwc,10,candidates
6,103,20,600,480,0.5,2,0.2,10000,1400,2745113127,2869072669,3814619374,"[128, 64]",ReLU,1000,0.0003,0.01,0.1,128,50,adamw,8.499309971928596,0.9340298981437344,0.0122054654506074,47.06550130000687,44.953125,195752,234.6,184.6,0.0,cpu,1,2.14.1+cu130,b535b70,[6],5,"[600, 1400]",100,-1,p1s05x2a,k6_128_64_9,ey794fwc,10,candidates
6,103,20,1400,1120,0.5,2,0.2,10000,1400,2745113127,167850620,2610125679,"[128, 64]",ReLU,1000,0.0003,0.01,0.1,128,50,adamw,7.825164444744587,0.3830279352545211,0.0064926144983526,88.70863660000032,86.78125,195752,269.2,219.2,0.0,cpu,1,2.14.1+cu130,b535b70,[6],5,"[600, 1400]",100,-1,p1s05x2a,k6_128_64_9,ey794fwc,10,candidates
6,104,20,600,480,0.5,2,0.2,10000,1400,1649339245,35453593,824647377,"[128, 64]",ReLU,1000,0.0003,0.01,0.1,128,50,adamw,7.881656760233454,0.7031137855699575,0.0118728721080602,50.50147200000356,48.734375,195752,252.85,202.85,0.0,cpu,1,2.14.1+cu130,b535b70,[6],5,"[600, 1400]",100,-1,p1s05x2a,k6_128_64_9,ey794fwc,10,candidates
6,104,20,1400,1120,0.5,2,0.2,10000,1400,1649339245,3582776475,2597292297,"[128, 64]",ReLU,1000,0.0003,0.01,0.1,128,50,adamw,8.023268092190847,0.3393737811802635,0.0074932781540129,72.96801460000279,71.15625,195752,198.05,148.05,0.0,cpu,1,2.14.1+cu130,b535b70,[6],5,"[600, 1400]",100,-1,p1s05x2a,k6_128_64_9,ey794fwc,10,candidates
6,105,20,600,480,0.5,2,0.2,10000,1400,938589117,230193058,1856038647,"[128, 64]",ReLU,1000,0.0003,0.01,0.1,128,50,adamw,8.717073887586594,0.8687408281609451,0.0119691198549046,52.51709500000288,50.59375,195752,264.5,214.5,0.0,cpu,1,2.14.1+cu130,b535b70,[6],5,"[600, 1400]",100,-1,p1s05x2a,k6_128_64_9,ey794fwc,10,candidates
6,105,20,1400,1120,0.5,2,0.2,10000,1400,938589117,3017667118,3738964825,"[128, 64]",ReLU,1000,0.0003,0.01,0.1,128,50,adamw,8.513803839683533,0.3699936709592404,0.0066621934130365,80.80017109999608,78.875,195752,232.95,182.95,0.0,cpu,1,2.14.1+cu130,b535b70,[6],5,"[600, 1400]",100,-1,p1s05x2a,k6_128_64_9,ey794fwc,10,candidates
10,101,20,600,480,0.5,2,0.2,10000,1400,451392222,1886901224,2337876972,"[128, 64]",ReLU,1000,0.0003,0.01,0.1,128,50,adamw,10.387933284044266,2.4038088935585593,0.019456785430656386,40.42806209999253,38.9375,207528,202.9,152.9,0.0,cpu,1,2.14.1+cu130,b535b70,[10],5,"[600, 1400]",100,-1,u38e6cw9,k6_128_64_9,p8lmbfxj,10,candidates
10,101,20,1400,1120,0.5,2,0.2,10000,1400,451392222,2918041840,2547735160,"[128, 64]",ReLU,1000,0.0003,0.01,0.1,128,50,adamw,9.599152475595474,1.5507298062167747,0.017021175723832337,74.17325659999915,72.421875,207528,221.15,171.15,0.0,cpu,1,2.14.1+cu130,b535b70,[10],5,"[600, 1400]",100,-1,u38e6cw9,k6_128_64_9,p8lmbfxj,10,candidates
10,102,20,600,480,0.5,2,0.2,10000,1400,867246825,1165147132,1341611970,"[128, 64]",ReLU,1000,0.0003,0.01,0.1,128,50,adamw,9.162502124905586,1.9863782034604642,0.021683482349318415,38.54309180000564,37.40625,207528,189.2,139.2,0.0,cpu,1,2.14.1+cu130,b535b70,[10],5,"[600, 1400]",100,-1,u38e6cw9,k6_128_64_9,p8lmbfxj,10,candidates
10,102,20,1400,1120,0.5,2,0.2,10000,1400,867246825,3245330784,1764884150,"[128, 64]",ReLU,1000,0.0003,0.01,0.1,128,50,adamw,8.93947909027338,1.3257283800410569,0.019102803069664973,69.36988209999981,67.75,207528,197.2,147.2,0.0,cpu,1,2.14.1+cu130,b535b70,[10],5,"[600, 1400]",100,-1,u38e6cw9,k6_128_64_9,p8lmbfxj,10,candidates
10,103,20,600,480,0.5,2,0.2,10000,1400,2652805876,508175840,659098839,"[128, 64]",ReLU,1000,0.0003,0.01,0.1,128,50,adamw,9.80976790189743,2.2307477148190125,0.019129779317639536,36.79216810000071,35.6875,207528,179.85,129.85,0.0,cpu,1,2.14.1+cu130,b535b70,[10],5,"[600, 1400]",100,-1,u38e6cw9,k6_128_64_9,p8lmbfxj,10,candidates
10,103,20,1400,1120,0.5,2,0.2,10000,1400,2652805876,566365704,3676659034,"[128, 64]",ReLU,1000,0.0003,0.01,0.1,128,50,adamw,9.193825796246529,1.3178811482376982,0.018013322863160056,68.40418379999755,66.984375,207528,195.0,145.0,0.0,cpu,1,2.14.1+cu130,b535b70,[10],5,"[600, 1400]",100,-1,u38e6cw9,k6_128_64_9,p8lmbfxj,10,candidates
10,104,20,600,480,0.5,2,0.2,10000,1400,674317121,1588258083,2086086192,"[128, 64]",ReLU,1000,0.0003,0.01,0.1,128,50,adamw,10.991332828998566,2.6105934316410044,0.0206503268129769,37.82306360000803,36.5,207528,182.8,132.8,0.0,cpu,1,2.14.1+cu130,b535b70,[10],5,"[600, 1400]",100,-1,u38e6cw9,k6_128_64_9,p8lmbfxj,10,candidates
10,104,20,1400,1120,0.5,2,0.2,10000,1400,674317121,2291450975,1832660301,"[128, 64]",ReLU,1000,0.0003,0.01,0.1,128,50,adamw,10.306202083826065,1.7572012108621635,0.019107498872617167,75.6978359999921,74.046875,207528,215.3,165.3,0.0,cpu,1,2.14.1+cu130,b535b70,[10],5,"[600, 1400]",100,-1,u38e6cw9,k6_128_64_9,p8lmbfxj,10,candidates
10,105,20,600,480,0.5,2,0.2,10000,1400,3044021893,3051775249,2145764448,"[128, 64]",ReLU,1000,0.0003,0.01,0.1,128,50,adamw,10.12368030846119,2.2414003007277317,0.016151618706047643,29.397367500001565,28.46875,207528,142.9,92.9,0.0,cpu,1,2.14.1+cu130,b535b70,[10],5,"[600, 1400]",100,-1,u38e6cw9,k6_128_64_9,p8lmbfxj,10,candidates
10,105,20,1400,1120,0.5,2,0.2,10000,1400,3044021893,3573492435,1183201969,"[128, 64]",ReLU,1000,0.0003,0.01,0.1,128,50,adamw,8.969349667429924,1.2836923774610316,0.01855311393390797,77.58155430000625,76.03125,207528,225.35,175.35,0.0,cpu,1,2.14.1+cu130,b535b70,[10],5,"[600, 1400]",100,-1,u38e6cw9,k6_128_64_9,p8lmbfxj,10,candidates
