estimator,hidden_dims,activation,dag_idx,n_nodes,in_degree,alpha,sample_size,n_fit,density,kl,kl_se,fit_time_s,fit_cpu_s,fit_rss_delta_bytes,stored_params,free_params,memory_bytes,memory_bytes_native,n_jobs,device,torch_threads,torch_version,stop_epoch_mean,frac_at_ceiling
mle,,,1,40,10,1.0,600,600,0.4423076923076923,107.39753084927028,0.327162190046709,0.8190565999975661,0.75,368640,63486,31743,507888,507888,-1,cpu,1,2.14.1+cu130,,
nn_linear,[],linear,1,40,10,1.0,600,480,0.4423076923076923,7.108928059783755,0.0122000662662687,15.60888349999732,14.90625,-45531136,1462,1462,11696,5848,-1,cpu,1,2.14.1+cu130,77.0,0.05
nn_32_relu,[32],ReLU,1,40,10,1.0,600,480,0.4423076923076923,6.358572043191777,0.0117653263800238,16.90374829999928,16.375,-2334720,26032,26032,208256,104128,-1,cpu,1,2.14.1+cu130,54.2,0.05
mle,,,1,40,10,1.0,1000,1000,0.4423076923076923,111.78126103304577,0.3376163011991399,0.7669454999995651,0.75,229376,63486,31743,507888,507888,-1,cpu,1,2.14.1+cu130,,
nn_linear,[],linear,1,40,10,1.0,1000,800,0.4423076923076923,7.038391223830398,0.0119540492739507,21.210741099996085,20.671875,1187840,1462,1462,11696,5848,-1,cpu,1,2.14.1+cu130,64.6,0.0
nn_32_relu,[32],ReLU,1,40,10,1.0,1000,800,0.4423076923076923,6.039110404136407,0.0125166466976385,34.73368780000601,33.5625,-2850816,26032,26032,208256,104128,-1,cpu,1,2.14.1+cu130,69.15,0.075
mle,,,1,40,10,1.0,1400,1400,0.4423076923076923,107.05841277232298,0.3421231432274633,0.7316922000027262,0.671875,159744,63486,31743,507888,507888,-1,cpu,1,2.14.1+cu130,,
nn_linear,[],linear,1,40,10,1.0,1400,1120,0.4423076923076923,6.993002087791558,0.011815242230378,22.13417710000067,21.296875,3260416,1462,1462,11696,5848,-1,cpu,1,2.14.1+cu130,49.4,0.0
nn_32_relu,[32],ReLU,1,40,10,1.0,1400,1120,0.4423076923076923,5.866209940816273,0.0137510413422356,54.65321020000556,52.1875,-761856,26032,26032,208256,104128,-1,cpu,1,2.14.1+cu130,78.45,0.05
mle,,,2,40,10,1.0,600,600,0.4423076923076923,94.27346388722628,0.3216899243807861,0.8767364000013913,0.796875,409600,63486,31743,507888,507888,-1,cpu,1,2.14.1+cu130,,
nn_linear,[],linear,2,40,10,1.0,600,480,0.4423076923076923,6.841883206128985,0.0135130461084672,17.820180300004722,16.765625,-47144960,1462,1462,11696,5848,-1,cpu,1,2.14.1+cu130,87.375,0.175
nn_32_relu,[32],ReLU,2,40,10,1.0,600,480,0.4423076923076923,5.851763115423098,0.016839649490583,25.106428200000664,23.09375,-2957312,26032,26032,208256,104128,-1,cpu,1,2.14.1+cu130,75.7,0.075
mle,,,2,40,10,1.0,1000,1000,0.4423076923076923,84.56686784421893,0.3320819578130056,0.8527872999984538,0.796875,233472,63486,31743,507888,507888,-1,cpu,1,2.14.1+cu130,,
nn_linear,[],linear,2,40,10,1.0,1000,800,0.4423076923076923,6.561320664226735,0.0139539339732698,26.516492700000526,25.4375,339968,1462,1462,11696,5848,-1,cpu,1,2.14.1+cu130,80.0,0.1
nn_32_relu,[32],ReLU,2,40,10,1.0,1000,800,0.4423076923076923,5.55736319076894,0.0182709444988097,45.89344050000364,43.640625,-2785280,26032,26032,208256,104128,-1,cpu,1,2.14.1+cu130,89.175,0.15
mle,,,2,40,10,1.0,1400,1400,0.4423076923076923,75.1214170618959,0.3476911386164774,0.8034076000039931,0.796875,212992,63486,31743,507888,507888,-1,cpu,1,2.14.1+cu130,,
nn_linear,[],linear,2,40,10,1.0,1400,1120,0.4423076923076923,6.516120271044174,0.0138525258663885,33.236625799996546,30.96875,3608576,1462,1462,11696,5848,-1,cpu,1,2.14.1+cu130,71.775,0.1
nn_32_relu,[32],ReLU,2,40,10,1.0,1400,1120,0.4423076923076923,5.035872386183803,0.0180280386586719,64.40276859999722,59.46875,-196608,26032,26032,208256,104128,-1,cpu,1,2.14.1+cu130,87.475,0.05
mle,,,1,40,10,0.5,600,600,0.4423076923076923,69.63483529105173,0.285600871274236,0.8144250000041211,0.75,397312,63486,31743,507888,507888,-1,cpu,1,2.14.1+cu130,,
nn_linear,[],linear,1,40,10,0.5,600,480,0.4423076923076923,10.373615329017325,0.018124167041344,18.82607579999604,18.046875,-21856256,1462,1462,11696,5848,-1,cpu,1,2.14.1+cu130,92.7,0.1
nn_32_relu,[32],ReLU,1,40,10,0.5,600,480,0.4423076923076923,8.679323462368098,0.0263113076049582,29.531971399999748,28.703125,-2547712,26032,26032,208256,104128,-1,cpu,1,2.14.1+cu130,94.0,0.125
mle,,,1,40,10,0.5,1000,1000,0.4423076923076923,65.40185334353421,0.3000204915547294,0.8085408999977517,0.78125,24576,63486,31743,507888,507888,-1,cpu,1,2.14.1+cu130,,
nn_linear,[],linear,1,40,10,0.5,1000,800,0.4423076923076923,10.179766414709292,0.0178939547787271,26.737490100000286,25.90625,2854912,1462,1462,11696,5848,-1,cpu,1,2.14.1+cu130,81.1,0.025
nn_32_relu,[32],ReLU,1,40,10,0.5,1000,800,0.4423076923076923,7.806251104957539,0.0266919353701208,55.23921100000007,53.828125,-1318912,26032,26032,208256,104128,-1,cpu,1,2.14.1+cu130,109.775,0.15
mle,,,1,40,10,0.5,1400,1400,0.4423076923076923,59.447159228979096,0.3067222146269788,0.807679300000018,0.734375,249856,63486,31743,507888,507888,-1,cpu,1,2.14.1+cu130,,
nn_linear,[],linear,1,40,10,0.5,1400,1120,0.4423076923076923,10.165701050828275,0.0174824926614894,29.209005700002308,27.453125,3649536,1462,1462,11696,5848,-1,cpu,1,2.14.1+cu130,62.0,0.0
nn_32_relu,[32],ReLU,1,40,10,0.5,1400,1120,0.4423076923076923,7.487856004784084,0.0283107894202759,88.45922200000496,81.203125,-339968,26032,26032,208256,104128,-1,cpu,1,2.14.1+cu130,118.6,0.25
mle,,,5,40,10,0.5,600,600,0.4423076923076923,68.58706646899374,0.2744047235476984,1.0140314000018409,0.796875,401408,63486,31743,507888,507888,-1,cpu,1,2.14.1+cu130,,
nn_linear,[],linear,5,40,10,0.5,600,480,0.4423076923076923,10.31214951188873,0.0186944827868146,19.24488399999973,16.890625,-33161216,1462,1462,11696,5848,-1,cpu,1,2.14.1+cu130,87.05,0.125
nn_32_relu,[32],ReLU,5,40,10,0.5,600,480,0.4423076923076923,8.517658696836362,0.0259117793825286,31.42876509999769,29.0,-1290240,26032,26032,208256,104128,-1,cpu,1,2.14.1+cu130,94.125,0.075
mle,,,5,40,10,0.5,1000,1000,0.4423076923076923,60.488433916951,0.2797508978831072,0.8509701000002678,0.796875,225280,63486,31743,507888,507888,-1,cpu,1,2.14.1+cu130,,
nn_linear,[],linear,5,40,10,0.5,1000,800,0.4423076923076923,10.15181589629072,0.0188174710045393,26.11896319999505,25.0625,1589248,1462,1462,11696,5848,-1,cpu,1,2.14.1+cu130,79.575,0.025
nn_32_relu,[32],ReLU,5,40,10,0.5,1000,800,0.4423076923076923,7.694589089246114,0.0291011080385322,57.79354009999952,55.953125,-2506752,26032,26032,208256,104128,-1,cpu,1,2.14.1+cu130,114.4,0.125
mle,,,5,40,10,0.5,1400,1400,0.4423076923076923,53.01030970801236,0.288726793633727,0.8075981000001775,0.75,188416,63486,31743,507888,507888,-1,cpu,1,2.14.1+cu130,,
nn_linear,[],linear,5,40,10,0.5,1400,1120,0.4423076923076923,10.06027083224156,0.0189988996131052,35.86135340000328,34.828125,4812800,1462,1462,11696,5848,-1,cpu,1,2.14.1+cu130,80.725,0.05
nn_32_relu,[32],ReLU,5,40,10,0.5,1400,1120,0.4423076923076923,7.07122947488745,0.0300538751496598,91.81883329999982,87.15625,946176,26032,26032,208256,104128,-1,cpu,1,2.14.1+cu130,128.05,0.225
mle,,,2,40,10,0.5,600,600,0.4423076923076923,70.3761549409199,0.2724899534864445,0.9351325999959954,0.78125,409600,63486,31743,507888,507888,-1,cpu,1,2.14.1+cu130,,
nn_linear,[],linear,2,40,10,0.5,600,480,0.4423076923076923,10.361728341332148,0.0181404242953827,21.98744050000096,19.265625,-28155904,1462,1462,11696,5848,-1,cpu,1,2.14.1+cu130,98.4,0.15
nn_32_relu,[32],ReLU,2,40,10,0.5,600,480,0.4423076923076923,8.581686768523074,0.0254477131873271,33.8006458000018,31.265625,-1695744,26032,26032,208256,104128,-1,cpu,1,2.14.1+cu130,102.5,0.175
mle,,,2,40,10,0.5,1000,1000,0.4423076923076923,65.05423311646967,0.2861828737486216,0.8361576000024797,0.765625,319488,63486,31743,507888,507888,-1,cpu,1,2.14.1+cu130,,
nn_linear,[],linear,2,40,10,0.5,1000,800,0.4423076923076923,10.2919899988242,0.017233447075948,28.68319650000194,27.296875,1486848,1462,1462,11696,5848,-1,cpu,1,2.14.1+cu130,85.4,0.075
nn_32_relu,[32],ReLU,2,40,10,0.5,1000,800,0.4423076923076923,7.973504636235832,0.0256295879939352,56.66617179999594,54.3125,-2273280,26032,26032,208256,104128,-1,cpu,1,2.14.1+cu130,112.05,0.225
mle,,,2,40,10,0.5,1400,1400,0.4423076923076923,58.576552160567246,0.2819030701377017,0.7814789999974892,0.765625,151552,63486,31743,507888,507888,-1,cpu,1,2.14.1+cu130,,
nn_linear,[],linear,2,40,10,0.5,1400,1120,0.4423076923076923,10.219767071130116,0.0174940598139717,38.4726937000014,36.359375,3276800,1462,1462,11696,5848,-1,cpu,1,2.14.1+cu130,83.4,0.1
nn_32_relu,[32],ReLU,2,40,10,0.5,1400,1120,0.4423076923076923,7.388195772731542,0.0263829990810238,90.80621599999722,84.015625,-552960,26032,26032,208256,104128,-1,cpu,1,2.14.1+cu130,125.325,0.2
mle,,,4,40,10,0.5,600,600,0.4423076923076923,63.73740700498163,0.2824412298483372,1.052245099999709,0.890625,417792,63486,31743,507888,507888,-1,cpu,1,2.14.1+cu130,,
nn_linear,[],linear,4,40,10,0.5,600,480,0.4423076923076923,9.980918296174208,0.0190511831332482,18.161043100000825,17.34375,-46948352,1462,1462,11696,5848,-1,cpu,1,2.14.1+cu130,90.525,0.1
nn_32_relu,[32],ReLU,4,40,10,0.5,600,480,0.4423076923076923,7.816432291568994,0.0274763971387619,34.50594590000401,32.453125,-2596864,26032,26032,208256,104128,-1,cpu,1,2.14.1+cu130,105.575,0.125
mle,,,4,40,10,0.5,1000,1000,0.4423076923076923,57.600682722647136,0.2936352946556769,0.8561809999955585,0.796875,249856,63486,31743,507888,507888,-1,cpu,1,2.14.1+cu130,,
nn_linear,[],linear,4,40,10,0.5,1000,800,0.4423076923076923,9.850578631157315,0.0178843543001868,28.118196800001897,26.375,1146880,1462,1462,11696,5848,-1,cpu,1,2.14.1+cu130,82.85,0.125
nn_32_relu,[32],ReLU,4,40,10,0.5,1000,800,0.4423076923076923,7.079486489519032,0.0288379001174279,61.97263609999936,58.5625,-2449408,26032,26032,208256,104128,-1,cpu,1,2.14.1+cu130,119.075,0.2
mle,,,4,40,10,0.5,1400,1400,0.4423076923076923,49.97219098698156,0.2938421152537261,0.7901482999950531,0.765625,131072,63486,31743,507888,507888,-1,cpu,1,2.14.1+cu130,,
nn_linear,[],linear,4,40,10,0.5,1400,1120,0.4423076923076923,9.743617287097972,0.018271639459878,33.77245319999929,32.203125,3256320,1462,1462,11696,5848,-1,cpu,1,2.14.1+cu130,74.8,0.05
nn_32_relu,[32],ReLU,4,40,10,0.5,1400,1120,0.4423076923076923,6.313658445315975,0.0314683114012201,110.93505690000164,104.15625,-606208,26032,26032,208256,104128,-1,cpu,1,2.14.1+cu130,152.975,0.475
mle,,,3,40,10,0.5,600,600,0.4423076923076923,46.82850132002064,0.2885684275074846,0.851070400000026,0.84375,393216,63486,31743,507888,507888,-1,cpu,1,2.14.1+cu130,,
nn_linear,[],linear,3,40,10,0.5,600,480,0.4423076923076923,8.894572947386477,0.027115526734354,20.504657999998017,19.484375,-29413376,1462,1462,11696,5848,-1,cpu,1,2.14.1+cu130,102.05,0.25
nn_32_relu,[32],ReLU,3,40,10,0.5,600,480,0.4423076923076923,6.990758960585249,0.0295561021037069,30.11670129999402,29.109375,-2351104,26032,26032,208256,104128,-1,cpu,1,2.14.1+cu130,96.475,0.1
mle,,,3,40,10,0.5,1000,1000,0.4423076923076923,42.41609293295189,0.2977271731960103,0.8476060000029975,0.8125,233472,63486,31743,507888,507888,-1,cpu,1,2.14.1+cu130,,
nn_linear,[],linear,3,40,10,0.5,1000,800,0.4423076923076923,8.675628752551487,0.0272231475429378,29.997383699999773,28.984375,1126400,1462,1462,11696,5848,-1,cpu,1,2.14.1+cu130,92.025,0.15
nn_32_relu,[32],ReLU,3,40,10,0.5,1000,800,0.4423076923076923,6.050180793924077,0.0366208577769694,64.81897120000212,62.875,-2695168,26032,26032,208256,104128,-1,cpu,1,2.14.1+cu130,129.1,0.225
mle,,,3,40,10,0.5,1400,1400,0.4423076923076923,37.08231010739254,0.29986928242212,0.8195278999992297,0.796875,106496,63486,31743,507888,507888,-1,cpu,1,2.14.1+cu130,,
nn_linear,[],linear,3,40,10,0.5,1400,1120,0.4423076923076923,8.567686720053244,0.0262799378394532,43.268542500001786,41.59375,3354624,1462,1462,11696,5848,-1,cpu,1,2.14.1+cu130,96.025,0.225
nn_32_relu,[32],ReLU,3,40,10,0.5,1400,1120,0.4423076923076923,5.353190934226707,0.037958431098,105.6350695000001,98.734375,-618496,26032,26032,208256,104128,-1,cpu,1,2.14.1+cu130,144.7,0.275
mle,,,3,40,10,1.0,600,600,0.4423076923076923,108.01989270143174,0.3174280515679641,0.8217589999985648,0.78125,45056,63486,31743,507888,507888,-1,cpu,1,2.14.1+cu130,,
nn_linear,[],linear,3,40,10,1.0,600,480,0.4423076923076923,6.865652221900039,0.0116821274538328,16.104761800001143,15.609375,-7774208,1462,1462,11696,5848,-1,cpu,1,2.14.1+cu130,78.975,0.05
nn_32_relu,[32],ReLU,3,40,10,1.0,600,480,0.4423076923076923,6.319040957913366,0.0124089140964311,20.693916200005333,18.90625,-2576384,26032,26032,208256,104128,-1,cpu,1,2.14.1+cu130,60.05,0.025
mle,,,3,40,10,1.0,1000,1000,0.4423076923076923,110.89193130945242,0.3138346345474536,0.893306300000404,0.828125,0,63486,31743,507888,507888,-1,cpu,1,2.14.1+cu130,,
nn_linear,[],linear,3,40,10,1.0,1000,800,0.4423076923076923,6.6715698766866,0.0113648991555184,25.046560100003266,23.21875,1216512,1462,1462,11696,5848,-1,cpu,1,2.14.1+cu130,73.125,0.05
nn_32_relu,[32],ReLU,3,40,10,1.0,1000,800,0.4423076923076923,5.897193226305691,0.0131954246208053,35.974277299996174,33.09375,-1687552,26032,26032,208256,104128,-1,cpu,1,2.14.1+cu130,66.725,0.05
mle,,,3,40,10,1.0,1400,1400,0.4423076923076923,106.97755907274885,0.3305452458666392,0.8097175000002608,0.734375,16384,63486,31743,507888,507888,-1,cpu,1,2.14.1+cu130,,
nn_linear,[],linear,3,40,10,1.0,1400,1120,0.4423076923076923,6.618553289959394,0.0111417349884577,31.155285100001493,28.640625,3837952,1462,1462,11696,5848,-1,cpu,1,2.14.1+cu130,64.7,0.05
nn_32_relu,[32],ReLU,3,40,10,1.0,1400,1120,0.4423076923076923,5.738604824799466,0.0140287656931309,54.599483099998906,52.421875,-376832,26032,26032,208256,104128,-1,cpu,1,2.14.1+cu130,78.2,0.025
mle,,,2,40,10,0.1,600,600,0.4423076923076923,5.593710034131992,0.108903423466325,0.8953938000049675,0.8125,524288,63486,31743,507888,507888,-1,cpu,1,2.14.1+cu130,,
nn_linear,[],linear,2,40,10,0.1,600,480,0.4423076923076923,7.857670682467932,0.0735754749622673,34.80893379999907,32.765625,-47296512,1462,1462,11696,5848,-1,cpu,1,2.14.1+cu130,166.95,0.55
nn_32_relu,[32],ReLU,2,40,10,0.1,600,480,0.4423076923076923,3.498595659393888,0.0658583390638784,40.75651839999773,39.578125,-1646592,26032,26032,208256,104128,-1,cpu,1,2.14.1+cu130,130.45,0.225
mle,,,2,40,10,0.1,1000,1000,0.4423076923076923,3.800008840502416,0.0893236719618636,0.9551059000004898,0.9375,315392,63486,31743,507888,507888,-1,cpu,1,2.14.1+cu130,,
nn_linear,[],linear,2,40,10,0.1,1000,800,0.4423076923076923,7.406759802542821,0.0782944644510159,58.20482939999784,56.3125,1331200,1462,1462,11696,5848,-1,cpu,1,2.14.1+cu130,177.725,0.7
nn_32_relu,[32],ReLU,2,40,10,0.1,1000,800,0.4423076923076923,2.200427849079419,0.0584119432224677,79.53807100000267,73.953125,-2883584,26032,26032,208256,104128,-1,cpu,1,2.14.1+cu130,149.9,0.35
mle,,,2,40,10,0.1,1400,1400,0.4423076923076923,2.975275302036426,0.079186611610158,0.965635000000475,0.90625,12288,63486,31743,507888,507888,-1,cpu,1,2.14.1+cu130,,
nn_linear,[],linear,2,40,10,0.1,1400,1120,0.4423076923076923,7.349397736856607,0.0770533488533309,72.98441599999933,69.234375,4132864,1462,1462,11696,5848,-1,cpu,1,2.14.1+cu130,158.325,0.45
nn_32_relu,[32],ReLU,2,40,10,0.1,1400,1120,0.4423076923076923,2.0333114775386414,0.0551960565681959,86.35202560000471,83.328125,-552960,26032,26032,208256,104128,-1,cpu,1,2.14.1+cu130,125.0,0.125
mle,,,4,40,10,0.1,600,600,0.4423076923076923,4.392245981617523,0.0857819287288308,0.8049124000026495,0.765625,548864,63486,31743,507888,507888,-1,cpu,1,2.14.1+cu130,,
nn_linear,[],linear,4,40,10,0.1,600,480,0.4423076923076923,6.807090127254801,0.0587580465286147,36.96146090000548,34.515625,-19152896,1462,1462,11696,5848,-1,cpu,1,2.14.1+cu130,178.875,0.75
nn_32_relu,[32],ReLU,4,40,10,0.1,600,480,0.4423076923076923,2.2811012556439265,0.0449529057259287,48.96952069999679,47.140625,-905216,26032,26032,208256,104128,-1,cpu,1,2.14.1+cu130,154.15,0.475
mle,,,4,40,10,0.1,1000,1000,0.4423076923076923,2.920308781100124,0.064877334962913,0.9316155000051368,0.921875,282624,63486,31743,507888,507888,-1,cpu,1,2.14.1+cu130,,
nn_linear,[],linear,4,40,10,0.1,1000,800,0.4423076923076923,6.22459206255284,0.0571160566899998,55.83836149999843,54.21875,573440,1462,1462,11696,5848,-1,cpu,1,2.14.1+cu130,172.7,0.675
nn_32_relu,[32],ReLU,4,40,10,0.1,1000,800,0.4423076923076923,1.4831355830468291,0.0338259452929178,82.53642360000231,78.015625,-2617344,26032,26032,208256,104128,-1,cpu,1,2.14.1+cu130,160.0,0.45
mle,,,4,40,10,0.1,1400,1400,0.4423076923076923,2.3010559386119582,0.0584989660207176,1.0833657999974091,0.875,8192,63486,31743,507888,507888,-1,cpu,1,2.14.1+cu130,,
nn_linear,[],linear,4,40,10,0.1,1400,1120,0.4423076923076923,5.968932699909273,0.0567790743159548,76.23180440000579,71.90625,3334144,1462,1462,11696,5848,-1,cpu,1,2.14.1+cu130,163.925,0.6
nn_32_relu,[32],ReLU,4,40,10,0.1,1400,1120,0.4423076923076923,1.172853154570638,0.0317954848527096,111.8232472000018,107.109375,-532480,26032,26032,208256,104128,-1,cpu,1,2.14.1+cu130,158.475,0.425
mle,,,1,40,10,0.1,600,600,0.4423076923076923,6.279780597192039,0.1128778356478797,0.9857590000028722,0.890625,679936,63486,31743,507888,507888,-1,cpu,1,2.14.1+cu130,,
nn_linear,[],linear,1,40,10,0.1,600,480,0.4423076923076923,8.459843716612502,0.0763982331586258,35.01680590000615,32.84375,-35364864,1462,1462,11696,5848,-1,cpu,1,2.14.1+cu130,167.2,0.55
nn_32_relu,[32],ReLU,1,40,10,0.1,600,480,0.4423076923076923,3.5147713928372126,0.0648873659495911,45.34631019999506,44.03125,-2093056,26032,26032,208256,104128,-1,cpu,1,2.14.1+cu130,146.225,0.3
mle,,,1,40,10,0.1,1000,1000,0.4423076923076923,4.4347362757513205,0.0940414365899049,0.9123827000003076,0.875,122880,63486,31743,507888,507888,-1,cpu,1,2.14.1+cu130,,
nn_linear,[],linear,1,40,10,0.1,1000,800,0.4423076923076923,7.998762175888747,0.0756017566270616,57.13893960000132,55.296875,1441792,1462,1462,11696,5848,-1,cpu,1,2.14.1+cu130,174.05,0.725
nn_32_relu,[32],ReLU,1,40,10,0.1,1000,800,0.4423076923076923,2.3914963719235733,0.0596927243463958,84.21549539999978,80.421875,-3080192,26032,26032,208256,104128,-1,cpu,1,2.14.1+cu130,164.3,0.575
mle,,,1,40,10,0.1,1400,1400,0.4423076923076923,3.709353159613795,0.0843555555457667,1.0393153999975766,0.875,147456,63486,31743,507888,507888,-1,cpu,1,2.14.1+cu130,,
nn_linear,[],linear,1,40,10,0.1,1400,1120,0.4423076923076923,7.793656175469635,0.0757811622989042,81.92440999999963,77.5625,3457024,1462,1462,11696,5848,-1,cpu,1,2.14.1+cu130,175.975,0.75
nn_32_relu,[32],ReLU,1,40,10,0.1,1400,1120,0.4423076923076923,1.979555189919618,0.0561333420466378,121.53462310000032,115.765625,-569344,26032,26032,208256,104128,-1,cpu,1,2.14.1+cu130,171.425,0.525
mle,,,3,40,10,0.1,600,600,0.4423076923076923,2.2645745905850783,0.0605547217159347,0.8267116999995778,0.8125,995328,63486,31743,507888,507888,-1,cpu,1,2.14.1+cu130,,
nn_linear,[],linear,3,40,10,0.1,600,480,0.4423076923076923,6.002764509353628,0.0361775271409622,38.59224140000151,36.578125,-26017792,1462,1462,11696,5848,-1,cpu,1,2.14.1+cu130,185.875,0.8
nn_32_relu,[32],ReLU,3,40,10,0.1,600,480,0.4423076923076923,0.9475886479500784,0.0289485828050554,54.56281450000097,52.4375,-2379776,26032,26032,208256,104128,-1,cpu,1,2.14.1+cu130,170.4,0.6
mle,,,3,40,10,0.1,1000,1000,0.4423076923076923,1.5585233089436314,0.0496124918049655,0.9917083000036656,0.96875,200704,63486,31743,507888,507888,-1,cpu,1,2.14.1+cu130,,
nn_linear,[],linear,3,40,10,0.1,1000,800,0.4423076923076923,5.726554641381165,0.0383630806784545,59.4616010000027,56.265625,1089536,1462,1462,11696,5848,-1,cpu,1,2.14.1+cu130,173.725,0.725
nn_32_relu,[32],ReLU,3,40,10,0.1,1000,800,0.4423076923076923,0.7923527137503498,0.0284486366663028,82.62297469999612,76.46875,-2375680,26032,26032,208256,104128,-1,cpu,1,2.14.1+cu130,152.925,0.375
mle,,,3,40,10,0.1,1400,1400,0.4423076923076923,1.0360233521977704,0.0379646160185211,1.2293384000004153,0.953125,4096,63486,31743,507888,507888,-1,cpu,1,2.14.1+cu130,,
nn_linear,[],linear,3,40,10,0.1,1400,1120,0.4423076923076923,5.537484842873432,0.0391953785715339,78.95383660000516,75.421875,3313664,1462,1462,11696,5848,-1,cpu,1,2.14.1+cu130,171.275,0.575
nn_32_relu,[32],ReLU,3,40,10,0.1,1400,1120,0.4423076923076923,0.5528051045998483,0.0279713557973027,113.35194849999972,105.65625,446464,26032,26032,208256,104128,-1,cpu,1,2.14.1+cu130,154.35,0.325
mle,,,4,40,10,1.0,600,600,0.4423076923076923,101.18105908966191,0.3199409188405904,0.8238356000001659,0.828125,16384,63486,31743,507888,507888,-1,cpu,1,2.14.1+cu130,,
nn_linear,[],linear,4,40,10,1.0,600,480,0.4423076923076923,6.956167168695172,0.0138529073421083,17.16515039999649,15.84375,-978944,1462,1462,11696,5848,-1,cpu,1,2.14.1+cu130,79.725,0.075
nn_32_relu,[32],ReLU,4,40,10,1.0,600,480,0.4423076923076923,6.2892717809669065,0.0139732414988786,21.79721080000309,19.84375,-3727360,26032,26032,208256,104128,-1,cpu,1,2.14.1+cu130,64.675,0.05
mle,,,4,40,10,1.0,1000,1000,0.4423076923076923,98.92009828299196,0.3435436946954096,0.8440573999978369,0.71875,0,63486,31743,507888,507888,-1,cpu,1,2.14.1+cu130,,
nn_linear,[],linear,4,40,10,1.0,1000,800,0.4423076923076923,6.790484965445094,0.0142195319187681,24.353535499998543,22.65625,839680,1462,1462,11696,5848,-1,cpu,1,2.14.1+cu130,71.05,0.075
nn_32_relu,[32],ReLU,4,40,10,1.0,1000,800,0.4423076923076923,5.851971282314173,0.0156060517519271,44.0937214000005,42.1875,-3051520,26032,26032,208256,104128,-1,cpu,1,2.14.1+cu130,86.075,0.075
mle,,,4,40,10,1.0,1400,1400,0.4423076923076923,90.27095204177505,0.3463538513661657,0.7514995000019553,0.703125,0,63486,31743,507888,507888,-1,cpu,1,2.14.1+cu130,,
nn_linear,[],linear,4,40,10,1.0,1400,1120,0.4423076923076923,6.696183415815519,0.0143665764317847,26.449832600002992,25.46875,4075520,1462,1462,11696,5848,-1,cpu,1,2.14.1+cu130,59.375,0.025
nn_32_relu,[32],ReLU,4,40,10,1.0,1400,1120,0.4423076923076923,5.493258339985395,0.0153276104500439,63.73177399999986,60.140625,-385024,26032,26032,208256,104128,-1,cpu,1,2.14.1+cu130,89.075,0.075
mle,,,5,40,10,0.1,600,600,0.4423076923076923,5.796735892252823,0.0915505196836059,0.8822863000023062,0.875,856064,63486,31743,507888,507888,-1,cpu,1,2.14.1+cu130,,
nn_linear,[],linear,5,40,10,0.1,600,480,0.4423076923076923,10.23956101183028,0.0509247546215624,36.69167400000151,33.75,-25526272,1462,1462,11696,5848,-1,cpu,1,2.14.1+cu130,172.15,0.725
nn_32_relu,[32],ReLU,5,40,10,0.1,600,480,0.4423076923076923,3.0788838834971264,0.0479393696558162,56.15714129999833,54.625,-1458176,26032,26032,208256,104128,-1,cpu,1,2.14.1+cu130,180.525,0.625
mle,,,5,40,10,0.1,1000,1000,0.4423076923076923,4.281563043020134,0.0720484679144149,0.9183258999983082,0.890625,327680,63486,31743,507888,507888,-1,cpu,1,2.14.1+cu130,,
nn_linear,[],linear,5,40,10,0.1,1000,800,0.4423076923076923,9.750722047293308,0.0530831550509251,56.35767420000048,54.25,1118208,1462,1462,11696,5848,-1,cpu,1,2.14.1+cu130,172.35,0.65
nn_32_relu,[32],ReLU,5,40,10,0.1,1000,800,0.4423076923076923,2.4549058536698483,0.0507124979305105,93.3293679999988,87.734375,-3301376,26032,26032,208256,104128,-1,cpu,1,2.14.1+cu130,178.075,0.65
mle,,,5,40,10,0.1,1400,1400,0.4423076923076923,3.5175815533395087,0.0644068756193508,0.959999799997604,0.875,126976,63486,31743,507888,507888,-1,cpu,1,2.14.1+cu130,,
nn_linear,[],linear,5,40,10,0.1,1400,1120,0.4423076923076923,9.572609784133736,0.0529731284881251,73.81317370000033,70.03125,3694592,1462,1462,11696,5848,-1,cpu,1,2.14.1+cu130,160.15,0.5
nn_32_relu,[32],ReLU,5,40,10,0.1,1400,1120,0.4423076923076923,1.876005202654596,0.0415217180635725,125.72054039999784,120.140625,-331776,26032,26032,208256,104128,-1,cpu,1,2.14.1+cu130,177.875,0.55
mle,,,5,40,10,1.0,600,600,0.4423076923076923,96.764011731059,0.318729294343529,0.8912137000006624,0.84375,8192,63486,31743,507888,507888,-1,cpu,1,2.14.1+cu130,,
nn_linear,[],linear,5,40,10,1.0,600,480,0.4423076923076923,6.870675984987043,0.0134365978058398,18.12940279999748,16.703125,-6324224,1462,1462,11696,5848,-1,cpu,1,2.14.1+cu130,82.2,0.125
nn_32_relu,[32],ReLU,5,40,10,1.0,600,480,0.4423076923076923,6.203932874349388,0.0135722400838589,21.380279800003336,19.796875,-2846720,26032,26032,208256,104128,-1,cpu,1,2.14.1+cu130,63.25,0.05
mle,,,5,40,10,1.0,1000,1000,0.4423076923076923,88.82340758583409,0.3343536698317749,0.8772983999951975,0.796875,4096,63486,31743,507888,507888,-1,cpu,1,2.14.1+cu130,,
nn_linear,[],linear,5,40,10,1.0,1000,800,0.4423076923076923,6.675155073102823,0.0129288170221496,25.432063699998253,23.734375,368640,1462,1462,11696,5848,-1,cpu,1,2.14.1+cu130,74.075,0.05
nn_32_relu,[32],ReLU,5,40,10,1.0,1000,800,0.4423076923076923,5.587797448930218,0.0172652897334759,51.84274919999734,48.265625,-1445888,26032,26032,208256,104128,-1,cpu,1,2.14.1+cu130,96.8,0.075
mle,,,5,40,10,1.0,1400,1400,0.4423076923076923,80.34897581023817,0.3464584250632116,0.8305121999947005,0.796875,159744,63486,31743,507888,507888,-1,cpu,1,2.14.1+cu130,,
nn_linear,[],linear,5,40,10,1.0,1400,1120,0.4423076923076923,6.622562089412491,0.012830754878922,30.535450900002616,28.84375,3432448,1462,1462,11696,5848,-1,cpu,1,2.14.1+cu130,66.075,0.05
nn_32_relu,[32],ReLU,5,40,10,1.0,1400,1120,0.4423076923076923,5.391335129337444,0.0162687157031472,57.92993190000561,56.09375,-184320,26032,26032,208256,104128,-1,cpu,1,2.14.1+cu130,83.45,0.075
mle,,,1,40,6,0.1,600,600,0.2807692307692307,3.4246779748757232,0.0685303186132903,0.4288763999938965,0.40625,16384,4478,2239,35824,35824,-1,cpu,1,2.14.1+cu130,,
nn_linear,[],linear,1,40,6,0.1,600,480,0.2807692307692307,9.454521817924885,0.0647687814473863,36.4093744999991,34.78125,-7933952,958,958,7664,3832,-1,cpu,1,2.14.1+cu130,173.25,0.575
nn_32_relu,[32],ReLU,1,40,6,0.1,600,480,0.2807692307692307,1.8678650378281905,0.0389164094256365,50.69158199999947,49.25,-2551808,17968,17968,143744,71872,-1,cpu,1,2.14.1+cu130,162.2,0.5
mle,,,1,40,6,0.1,1000,1000,0.2807692307692307,2.012369429873852,0.0553013867890186,0.4348428000012063,0.421875,49152,4478,2239,35824,35824,-1,cpu,1,2.14.1+cu130,,
nn_linear,[],linear,1,40,6,0.1,1000,800,0.2807692307692307,9.155402399781751,0.0660472666454359,58.26236890000291,53.84375,1024000,958,958,7664,3832,-1,cpu,1,2.14.1+cu130,166.975,0.55
nn_32_relu,[32],ReLU,1,40,6,0.1,1000,800,0.2807692307692307,1.027916518321335,0.0256307413060562,89.652722800005,85.96875,-1224704,17968,17968,143744,71872,-1,cpu,1,2.14.1+cu130,176.775,0.65
mle,,,1,40,6,0.1,1400,1400,0.2807692307692307,1.4581014438296045,0.0419902585020842,0.4723927000013646,0.390625,28672,4478,2239,35824,35824,-1,cpu,1,2.14.1+cu130,,
nn_linear,[],linear,1,40,6,0.1,1400,1120,0.2807692307692307,8.946837073793155,0.0672108362510331,69.64375739999377,66.96875,1286144,958,958,7664,3832,-1,cpu,1,2.14.1+cu130,155.8,0.6
nn_32_relu,[32],ReLU,1,40,6,0.1,1400,1120,0.2807692307692307,0.7122688004206593,0.0247315869942333,115.67883779999828,111.828125,-421888,17968,17968,143744,71872,-1,cpu,1,2.14.1+cu130,167.75,0.575
mle,,,2,40,6,0.1,600,600,0.2807692307692307,4.226195297567197,0.0775791513557917,0.4472674999997252,0.421875,36864,4478,2239,35824,35824,-1,cpu,1,2.14.1+cu130,,
nn_linear,[],linear,2,40,6,0.1,600,480,0.2807692307692307,7.600828430610907,0.0497177033028009,41.63949449999927,38.234375,-9998336,958,958,7664,3832,-1,cpu,1,2.14.1+cu130,191.375,0.875
nn_32_relu,[32],ReLU,2,40,6,0.1,600,480,0.2807692307692307,1.5072324978171578,0.0349077806518655,55.9009944999998,52.953125,-1609728,17968,17968,143744,71872,-1,cpu,1,2.14.1+cu130,173.525,0.625
mle,,,2,40,6,0.1,1000,1000,0.2807692307692307,2.181259040029852,0.0455145055535244,0.4369140999988303,0.421875,102400,4478,2239,35824,35824,-1,cpu,1,2.14.1+cu130,,
nn_linear,[],linear,2,40,6,0.1,1000,800,0.2807692307692307,7.044196274560856,0.0508681346487361,58.58143299999938,55.3125,-335872,958,958,7664,3832,-1,cpu,1,2.14.1+cu130,175.4,0.7
nn_32_relu,[32],ReLU,2,40,6,0.1,1000,800,0.2807692307692307,1.0522979841221605,0.0304525847506499,85.8799177999972,79.03125,-1236992,17968,17968,143744,71872,-1,cpu,1,2.14.1+cu130,159.95,0.375
mle,,,2,40,6,0.1,1400,1400,0.2807692307692307,1.6302645056083218,0.0391000165420887,0.4255396000007749,0.375,0,4478,2239,35824,35824,-1,cpu,1,2.14.1+cu130,,
nn_linear,[],linear,2,40,6,0.1,1400,1120,0.2807692307692307,6.813225629715019,0.0520147370486528,73.882932600005,71.265625,1126400,958,958,7664,3832,-1,cpu,1,2.14.1+cu130,166.4,0.6
nn_32_relu,[32],ReLU,2,40,6,0.1,1400,1120,0.2807692307692307,0.7784924939517032,0.0216030552009374,109.91880300000048,104.46875,-200704,17968,17968,143744,71872,-1,cpu,1,2.14.1+cu130,156.75,0.425
mle,,,3,40,6,0.1,600,600,0.2807692307692307,2.771252707959696,0.0612797412581684,0.4167986000029486,0.421875,12288,4478,2239,35824,35824,-1,cpu,1,2.14.1+cu130,,
nn_linear,[],linear,3,40,6,0.1,600,480,0.2807692307692307,7.997485356743782,0.0605450922627881,37.30828730000212,35.8125,-9261056,958,958,7664,3832,-1,cpu,1,2.14.1+cu130,180.425,0.65
nn_32_relu,[32],ReLU,3,40,6,0.1,600,480,0.2807692307692307,1.489326741716333,0.0396343914796262,51.68262060000416,50.296875,-1671168,17968,17968,143744,71872,-1,cpu,1,2.14.1+cu130,165.15,0.5
mle,,,3,40,6,0.1,1000,1000,0.2807692307692307,1.9339058871890544,0.0481318779621618,0.4170003999970504,0.390625,0,4478,2239,35824,35824,-1,cpu,1,2.14.1+cu130,,
nn_linear,[],linear,3,40,6,0.1,1000,800,0.2807692307692307,7.46747812138374,0.0606577913445042,57.59395800000493,55.3125,495616,958,958,7664,3832,-1,cpu,1,2.14.1+cu130,177.0,0.625
nn_32_relu,[32],ReLU,3,40,6,0.1,1000,800,0.2807692307692307,1.0674573257208688,0.0316015236731536,74.92084090000571,72.375,-1683456,17968,17968,143744,71872,-1,cpu,1,2.14.1+cu130,148.8,0.35
mle,,,3,40,6,0.1,1400,1400,0.2807692307692307,1.3863223216777605,0.0410110606041793,0.4043260999969789,0.40625,53248,4478,2239,35824,35824,-1,cpu,1,2.14.1+cu130,,
nn_linear,[],linear,3,40,6,0.1,1400,1120,0.2807692307692307,7.280017592063246,0.0613704354489425,81.83651580000151,77.25,1536000,958,958,7664,3832,-1,cpu,1,2.14.1+cu130,177.675,0.675
nn_32_relu,[32],ReLU,3,40,6,0.1,1400,1120,0.2807692307692307,0.7915463664669921,0.0299835525014455,108.36659379999764,102.046875,-1380352,17968,17968,143744,71872,-1,cpu,1,2.14.1+cu130,150.925,0.325
mle,,,4,40,6,0.1,600,600,0.2807692307692307,1.5702327962729865,0.03493497387428,0.4071557999996003,0.390625,24576,4478,2239,35824,35824,-1,cpu,1,2.14.1+cu130,,
nn_linear,[],linear,4,40,6,0.1,600,480,0.2807692307692307,8.122964139816409,0.0463840047421009,38.483554899998126,36.34375,-9527296,958,958,7664,3832,-1,cpu,1,2.14.1+cu130,180.8,0.725
nn_32_relu,[32],ReLU,4,40,6,0.1,600,480,0.2807692307692307,1.1643961399797995,0.0303276439200158,55.27763559999585,53.3125,-1703936,17968,17968,143744,71872,-1,cpu,1,2.14.1+cu130,176.3,0.6
mle,,,4,40,6,0.1,1000,1000,0.2807692307692307,1.1407912726969764,0.0283114124921034,0.4193541000058758,0.421875,0,4478,2239,35824,35824,-1,cpu,1,2.14.1+cu130,,
nn_linear,[],linear,4,40,6,0.1,1000,800,0.2807692307692307,7.462714862591602,0.0495121878529345,55.75066199999856,53.125,405504,958,958,7664,3832,-1,cpu,1,2.14.1+cu130,167.125,0.675
nn_32_relu,[32],ReLU,4,40,6,0.1,1000,800,0.2807692307692307,0.7497255558180882,0.0241230448421253,81.58381389999704,77.109375,-978944,17968,17968,143744,71872,-1,cpu,1,2.14.1+cu130,157.375,0.375
mle,,,4,40,6,0.1,1400,1400,0.2807692307692307,0.9802442531727448,0.0262858638617446,0.4169823000047472,0.40625,20480,4478,2239,35824,35824,-1,cpu,1,2.14.1+cu130,,
nn_linear,[],linear,4,40,6,0.1,1400,1120,0.2807692307692307,7.191975484260461,0.0534515683554971,78.36796119999781,74.484375,1642496,958,958,7664,3832,-1,cpu,1,2.14.1+cu130,171.5,0.7
nn_32_relu,[32],ReLU,4,40,6,0.1,1400,1120,0.2807692307692307,0.5046590334003411,0.0240523572953189,113.54071349999867,106.515625,-458752,17968,17968,143744,71872,-1,cpu,1,2.14.1+cu130,158.65,0.4
mle,,,1,40,6,0.5,600,600,0.2807692307692307,17.20350374351832,0.1333315283502902,0.4734895000001415,0.40625,16384,4478,2239,35824,35824,-1,cpu,1,2.14.1+cu130,,
nn_linear,[],linear,1,40,6,0.5,600,480,0.2807692307692307,9.43027898742682,0.0193316000833859,22.672649699998143,21.875,-9367552,958,958,7664,3832,-1,cpu,1,2.14.1+cu130,112.6,0.175
nn_32_relu,[32],ReLU,1,40,6,0.5,600,480,0.2807692307692307,3.4013291983089338,0.0168239761250396,53.47045419999631,50.421875,-2007040,17968,17968,143744,71872,-1,cpu,1,2.14.1+cu130,166.275,0.475
mle,,,1,40,6,0.5,1000,1000,0.2807692307692307,9.325556316996696,0.0969899600351999,0.4437715000021853,0.40625,114688,4478,2239,35824,35824,-1,cpu,1,2.14.1+cu130,,
nn_linear,[],linear,1,40,6,0.5,1000,800,0.2807692307692307,9.304584328950703,0.0191726628544739,30.70976299999893,28.5,-606208,958,958,7664,3832,-1,cpu,1,2.14.1+cu130,89.05,0.1
nn_32_relu,[32],ReLU,1,40,6,0.5,1000,800,0.2807692307692307,2.1344060235965494,0.0128304360387982,93.45319429999654,88.046875,-1028096,17968,17968,143744,71872,-1,cpu,1,2.14.1+cu130,180.075,0.675
mle,,,1,40,6,0.5,1400,1400,0.2807692307692307,5.567946253998763,0.0617909155417527,0.4004315999991377,0.390625,0,4478,2239,35824,35824,-1,cpu,1,2.14.1+cu130,,
nn_linear,[],linear,1,40,6,0.5,1400,1120,0.2807692307692307,9.24390856420592,0.0189839924680113,38.11603370000376,35.859375,1183744,958,958,7664,3832,-1,cpu,1,2.14.1+cu130,82.175,0.05
nn_32_relu,[32],ReLU,1,40,6,0.5,1400,1120,0.2807692307692307,1.4963854201987616,0.0108313937406794,127.976081300003,120.921875,-1114112,17968,17968,143744,71872,-1,cpu,1,2.14.1+cu130,179.9,0.75
mle,,,2,40,6,0.5,600,600,0.2807692307692307,16.314519472409486,0.1706408004906629,0.4185863000020617,0.390625,8192,4478,2239,35824,35824,-1,cpu,1,2.14.1+cu130,,
nn_linear,[],linear,2,40,6,0.5,600,480,0.2807692307692307,8.130850970727376,0.021258299807601,24.60581380000076,23.84375,-9555968,958,958,7664,3832,-1,cpu,1,2.14.1+cu130,119.025,0.175
nn_32_relu,[32],ReLU,2,40,6,0.5,600,480,0.2807692307692307,2.671284490998853,0.0198334398720515,54.05024720000074,52.109375,-1687552,17968,17968,143744,71872,-1,cpu,1,2.14.1+cu130,172.95,0.575
mle,,,2,40,6,0.5,1000,1000,0.2807692307692307,8.994059113724061,0.1167155535050912,0.4328093000003719,0.40625,86016,4478,2239,35824,35824,-1,cpu,1,2.14.1+cu130,,
nn_linear,[],linear,2,40,6,0.5,1000,800,0.2807692307692307,8.050306466620418,0.0230184388308658,31.931531600006565,29.609375,-835584,958,958,7664,3832,-1,cpu,1,2.14.1+cu130,93.275,0.1
nn_32_relu,[32],ReLU,2,40,6,0.5,1000,800,0.2807692307692307,1.8269468103469968,0.0169348929341656,84.47120779999386,81.296875,-811008,17968,17968,143744,71872,-1,cpu,1,2.14.1+cu130,168.425,0.625
mle,,,2,40,6,0.5,1400,1400,0.2807692307692307,5.718058272191033,0.0937962431066801,0.4033096000057412,0.40625,0,4478,2239,35824,35824,-1,cpu,1,2.14.1+cu130,,
nn_linear,[],linear,2,40,6,0.5,1400,1120,0.2807692307692307,7.992586542511662,0.0233570532302346,39.221785000001546,38.4375,1531904,958,958,7664,3832,-1,cpu,1,2.14.1+cu130,88.875,0.1
nn_32_relu,[32],ReLU,2,40,6,0.5,1400,1120,0.2807692307692307,1.383966647586835,0.0129217699559715,114.56659729999956,108.75,-278528,17968,17968,143744,71872,-1,cpu,1,2.14.1+cu130,163.375,0.55
mle,,,1,40,6,1.0,600,600,0.2807692307692307,21.69821185405496,0.1960512707609493,0.4539667999997618,0.4375,0,4478,2239,35824,35824,-1,cpu,1,2.14.1+cu130,,
nn_linear,[],linear,1,40,6,1.0,600,480,0.2807692307692307,5.989441099669918,0.0124740896160879,16.026943500000925,15.3125,-9125888,958,958,7664,3832,-1,cpu,1,2.14.1+cu130,78.25,0.025
nn_32_relu,[32],ReLU,1,40,6,1.0,600,480,0.2807692307692307,3.0365266921566585,0.010524971806894,45.35810170000332,42.84375,-1933312,17968,17968,143744,71872,-1,cpu,1,2.14.1+cu130,140.75,0.375
mle,,,1,40,6,1.0,1000,1000,0.2807692307692307,10.103744653414257,0.1226119105434258,0.4440851999970618,0.40625,118784,4478,2239,35824,35824,-1,cpu,1,2.14.1+cu130,,
nn_linear,[],linear,1,40,6,1.0,1000,800,0.2807692307692307,5.887226178806281,0.01235542967638,27.65743709999515,26.8125,593920,958,958,7664,3832,-1,cpu,1,2.14.1+cu130,85.7,0.0
nn_32_relu,[32],ReLU,1,40,6,1.0,1000,800,0.2807692307692307,1.7052870666152906,0.0086422526190283,82.96458139999595,79.546875,-1347584,17968,17968,143744,71872,-1,cpu,1,2.14.1+cu130,163.425,0.525
mle,,,1,40,6,1.0,1400,1400,0.2807692307692307,5.574748332957002,0.0833731388136182,0.4143688000040129,0.390625,0,4478,2239,35824,35824,-1,cpu,1,2.14.1+cu130,,
nn_linear,[],linear,1,40,6,1.0,1400,1120,0.2807692307692307,5.866160010724245,0.0122147957832649,31.27707119999832,30.046875,2076672,958,958,7664,3832,-1,cpu,1,2.14.1+cu130,69.975,0.0
nn_32_relu,[32],ReLU,1,40,6,1.0,1400,1120,0.2807692307692307,1.302550981646158,0.0073564893762879,120.04481110000052,113.515625,188416,17968,17968,143744,71872,-1,cpu,1,2.14.1+cu130,169.75,0.6
mle,,,3,40,6,0.5,600,600,0.2807692307692307,17.70655075214987,0.1601317421024332,0.4239944000000832,0.40625,4096,4478,2239,35824,35824,-1,cpu,1,2.14.1+cu130,,
nn_linear,[],linear,3,40,6,0.5,600,480,0.2807692307692307,9.225222668453895,0.0207613360276121,22.229947400002857,21.375,-9412608,958,958,7664,3832,-1,cpu,1,2.14.1+cu130,108.225,0.05
nn_32_relu,[32],ReLU,3,40,6,0.5,600,480,0.2807692307692307,3.1620518565908884,0.0207368947362227,52.39985940000042,50.65625,-1597440,17968,17968,143744,71872,-1,cpu,1,2.14.1+cu130,168.25,0.65
mle,,,3,40,6,0.5,1000,1000,0.2807692307692307,10.024179703862409,0.1196813730961125,0.3960561999992933,0.390625,0,4478,2239,35824,35824,-1,cpu,1,2.14.1+cu130,,
nn_linear,[],linear,3,40,6,0.5,1000,800,0.2807692307692307,9.083905947524014,0.0202048131623773,29.803071400005138,28.609375,143360,958,958,7664,3832,-1,cpu,1,2.14.1+cu130,90.925,0.05
nn_32_relu,[32],ReLU,3,40,6,0.5,1000,800,0.2807692307692307,2.042234853865609,0.0155340630250837,87.25262980000116,83.625,-1257472,17968,17968,143744,71872,-1,cpu,1,2.14.1+cu130,172.075,0.675
mle,,,3,40,6,0.5,1400,1400,0.2807692307692307,5.753317044114822,0.0773214396510325,0.4070739000017056,0.40625,0,4478,2239,35824,35824,-1,cpu,1,2.14.1+cu130,,
nn_linear,[],linear,3,40,6,0.5,1400,1120,0.2807692307692307,9.016128157986111,0.0204391834219162,38.42365040000004,37.1875,630784,958,958,7664,3832,-1,cpu,1,2.14.1+cu130,86.725,0.025
nn_32_relu,[32],ReLU,3,40,6,0.5,1400,1120,0.2807692307692307,1.4283994282458317,0.0115509698984149,122.16800520000106,113.96875,-1126400,17968,17968,143744,71872,-1,cpu,1,2.14.1+cu130,168.15,0.55
mle,,,4,40,6,0.5,600,600,0.2807692307692307,14.542734994957964,0.1415079549407444,0.4027858999979798,0.40625,4096,4478,2239,35824,35824,-1,cpu,1,2.14.1+cu130,,
nn_linear,[],linear,4,40,6,0.5,600,480,0.2807692307692307,8.557742926770254,0.0200247950390982,26.86783370000194,25.8125,-9027584,958,958,7664,3832,-1,cpu,1,2.14.1+cu130,129.225,0.2
nn_32_relu,[32],ReLU,4,40,6,0.5,600,480,0.2807692307692307,2.849223863425399,0.0210152665450765,48.021505100005015,46.546875,-1839104,17968,17968,143744,71872,-1,cpu,1,2.14.1+cu130,152.975,0.425
mle,,,4,40,6,0.5,1000,1000,0.2807692307692307,8.509996447911604,0.1107724758235109,0.4308143999951426,0.390625,94208,4478,2239,35824,35824,-1,cpu,1,2.14.1+cu130,,
nn_linear,[],linear,4,40,6,0.5,1000,800,0.2807692307692307,8.322945821462087,0.0205831888560785,34.66488510000636,33.21875,-163840,958,958,7664,3832,-1,cpu,1,2.14.1+cu130,105.725,0.1
nn_32_relu,[32],ReLU,4,40,6,0.5,1000,800,0.2807692307692307,1.6403348460031266,0.0160903159619626,82.49691180000082,77.65625,-1200128,17968,17968,143744,71872,-1,cpu,1,2.14.1+cu130,158.1,0.375
mle,,,4,40,6,0.5,1400,1400,0.2807692307692307,5.959725628478039,0.0913168178339164,0.4243050000004587,0.421875,0,4478,2239,35824,35824,-1,cpu,1,2.14.1+cu130,,
nn_linear,[],linear,4,40,6,0.5,1400,1120,0.2807692307692307,8.256748580092562,0.0200141777557932,43.76453780000156,41.171875,1736704,958,958,7664,3832,-1,cpu,1,2.14.1+cu130,94.975,0.075
nn_32_relu,[32],ReLU,4,40,6,0.5,1400,1120,0.2807692307692307,1.207150407713764,0.0132844648671982,119.41847710000002,112.828125,-1040384,17968,17968,143744,71872,-1,cpu,1,2.14.1+cu130,167.875,0.525
mle,,,2,40,6,1.0,600,600,0.2807692307692307,17.109586733779874,0.1867421135653567,0.4409242999972775,0.40625,0,4478,2239,35824,35824,-1,cpu,1,2.14.1+cu130,,
nn_linear,[],linear,2,40,6,1.0,600,480,0.2807692307692307,5.66748877779397,0.0128876058467525,20.089331700000912,19.59375,-7917568,958,958,7664,3832,-1,cpu,1,2.14.1+cu130,99.5,0.1
nn_32_relu,[32],ReLU,2,40,6,1.0,600,480,0.2807692307692307,2.773950532135862,0.0159547162445701,45.02823199999693,43.390625,-2056192,17968,17968,143744,71872,-1,cpu,1,2.14.1+cu130,143.425,0.35
mle,,,2,40,6,1.0,1000,1000,0.2807692307692307,9.957837624275404,0.1550793578009719,0.402899199994863,0.390625,40960,4478,2239,35824,35824,-1,cpu,1,2.14.1+cu130,,
nn_linear,[],linear,2,40,6,1.0,1000,800,0.2807692307692307,5.517085946884943,0.013144226232085,29.404697300000407,28.25,-679936,958,958,7664,3832,-1,cpu,1,2.14.1+cu130,89.825,0.05
nn_32_relu,[32],ReLU,2,40,6,1.0,1000,800,0.2807692307692307,1.801228210019609,0.0138711549010848,69.81224269999802,68.015625,-1122304,17968,17968,143744,71872,-1,cpu,1,2.14.1+cu130,139.8,0.35
mle,,,2,40,6,1.0,1400,1400,0.2807692307692307,6.405918735319761,0.144314254603972,0.4041704999981448,0.390625,8192,4478,2239,35824,35824,-1,cpu,1,2.14.1+cu130,,
nn_linear,[],linear,2,40,6,1.0,1400,1120,0.2807692307692307,5.401804758356311,0.0134491112114199,38.34892840000248,37.0,1998848,958,958,7664,3832,-1,cpu,1,2.14.1+cu130,85.8,0.075
nn_32_relu,[32],ReLU,2,40,6,1.0,1400,1120,0.2807692307692307,1.2991084515848093,0.0134325997042769,110.87888830000156,104.390625,-438272,17968,17968,143744,71872,-1,cpu,1,2.14.1+cu130,154.8,0.425
mle,,,5,40,6,0.1,600,600,0.2807692307692307,1.4501630230255371,0.0352897109103837,0.4186575999992783,0.390625,32768,4478,2239,35824,35824,-1,cpu,1,2.14.1+cu130,,
nn_linear,[],linear,5,40,6,0.1,600,480,0.2807692307692307,5.605645184772901,0.0313917757410035,34.82134219999716,33.453125,-9011200,958,958,7664,3832,-1,cpu,1,2.14.1+cu130,168.05,0.675
nn_32_relu,[32],ReLU,5,40,6,0.1,600,480,0.2807692307692307,0.7233686453728533,0.0165451214420447,52.60312390000036,49.765625,-2654208,17968,17968,143744,71872,-1,cpu,1,2.14.1+cu130,162.075,0.6
mle,,,5,40,6,0.1,1000,1000,0.2807692307692307,1.0141445294706242,0.031170015366223,0.4355749999958789,0.390625,98304,4478,2239,35824,35824,-1,cpu,1,2.14.1+cu130,,
nn_linear,[],linear,5,40,6,0.1,1000,800,0.2807692307692307,4.977668257997747,0.0342089584922364,64.76308019999851,59.984375,-221184,958,958,7664,3832,-1,cpu,1,2.14.1+cu130,187.175,0.75
nn_32_relu,[32],ReLU,5,40,6,0.1,1000,800,0.2807692307692307,0.3912783769335877,0.0111478661332998,82.15870870000072,78.5,-1216512,17968,17968,143744,71872,-1,cpu,1,2.14.1+cu130,159.925,0.425
mle,,,5,40,6,0.1,1400,1400,0.2807692307692307,0.7773887297408357,0.0242185943289064,0.4153574000010849,0.40625,0,4478,2239,35824,35824,-1,cpu,1,2.14.1+cu130,,
nn_linear,[],linear,5,40,6,0.1,1400,1120,0.2807692307692307,4.816355570055212,0.0349311281324752,81.69727419999981,78.140625,1953792,958,958,7664,3832,-1,cpu,1,2.14.1+cu130,180.675,0.7
nn_32_relu,[32],ReLU,5,40,6,0.1,1400,1120,0.2807692307692307,0.3383704137467049,0.0110564647014188,104.74235220000264,97.5,-237568,17968,17968,143744,71872,-1,cpu,1,2.14.1+cu130,142.75,0.225
mle,,,5,40,6,0.5,600,600,0.2807692307692307,13.869557234311308,0.1591979274914435,0.4020967999967979,0.390625,0,4478,2239,35824,35824,-1,cpu,1,2.14.1+cu130,,
nn_linear,[],linear,5,40,6,0.5,600,480,0.2807692307692307,7.7928986418939825,0.0279598966147587,27.488624400000845,25.828125,-8744960,958,958,7664,3832,-1,cpu,1,2.14.1+cu130,128.325,0.225
nn_32_relu,[32],ReLU,5,40,6,0.5,600,480,0.2807692307692307,2.613414752376815,0.0263701782520771,51.11710630000016,49.25,-1511424,17968,17968,143744,71872,-1,cpu,1,2.14.1+cu130,163.725,0.5
mle,,,5,40,6,0.5,1000,1000,0.2807692307692307,7.291292676836607,0.1027452726066884,0.4104736000008415,0.40625,90112,4478,2239,35824,35824,-1,cpu,1,2.14.1+cu130,,
nn_linear,[],linear,5,40,6,0.5,1000,800,0.2807692307692307,7.660299117597111,0.0268899883560373,39.68457889999991,37.640625,237568,958,958,7664,3832,-1,cpu,1,2.14.1+cu130,118.65,0.2
nn_32_relu,[32],ReLU,5,40,6,0.5,1000,800,0.2807692307692307,1.549945028272851,0.0189423518735188,93.45822639999824,87.984375,-733184,17968,17968,143744,71872,-1,cpu,1,2.14.1+cu130,182.025,0.575
mle,,,5,40,6,0.5,1400,1400,0.2807692307692307,5.421033833337459,0.0922390381908955,0.4478136999969138,0.375,0,4478,2239,35824,35824,-1,cpu,1,2.14.1+cu130,,
nn_linear,[],linear,5,40,6,0.5,1400,1120,0.2807692307692307,7.626255019670664,0.0280402613441094,44.302731499999936,42.359375,970752,958,958,7664,3832,-1,cpu,1,2.14.1+cu130,98.05,0.1
nn_32_relu,[32],ReLU,5,40,6,0.5,1400,1120,0.2807692307692307,1.311687768087683,0.0191594593514867,114.96973799999978,107.703125,-1064960,17968,17968,143744,71872,-1,cpu,1,2.14.1+cu130,157.575,0.4
mle,,,3,40,6,1.0,600,600,0.2807692307692307,24.009807499311343,0.1828271055786618,0.4116693999967538,0.390625,110592,4478,2239,35824,35824,-1,cpu,1,2.14.1+cu130,,
nn_linear,[],linear,3,40,6,1.0,600,480,0.2807692307692307,6.375749178135224,0.011851723950165,22.49057090000133,21.625,-5132288,958,958,7664,3832,-1,cpu,1,2.14.1+cu130,107.875,0.075
nn_32_relu,[32],ReLU,3,40,6,1.0,600,480,0.2807692307692307,3.083075004678817,0.0106237858169353,46.25380870000663,43.515625,-1175552,17968,17968,143744,71872,-1,cpu,1,2.14.1+cu130,143.6,0.4
mle,,,3,40,6,1.0,1000,1000,0.2807692307692307,10.251086290708225,0.0985031008362978,0.4143800000019837,0.421875,4096,4478,2239,35824,35824,-1,cpu,1,2.14.1+cu130,,
nn_linear,[],linear,3,40,6,1.0,1000,800,0.2807692307692307,6.256986149371203,0.0118320121102122,26.34722210000473,25.5625,237568,958,958,7664,3832,-1,cpu,1,2.14.1+cu130,80.6,0.0
nn_32_relu,[32],ReLU,3,40,6,1.0,1000,800,0.2807692307692307,1.9934328267996195,0.0087413746591544,79.34460409999883,77.03125,-1359872,17968,17968,143744,71872,-1,cpu,1,2.14.1+cu130,158.225,0.525
mle,,,3,40,6,1.0,1400,1400,0.2807692307692307,5.947389761839731,0.0669809029675732,0.3961351000034483,0.40625,4096,4478,2239,35824,35824,-1,cpu,1,2.14.1+cu130,,
nn_linear,[],linear,3,40,6,1.0,1400,1120,0.2807692307692307,6.211989455463459,0.0118913309468105,31.24157959999866,30.0625,1564672,958,958,7664,3832,-1,cpu,1,2.14.1+cu130,70.4,0.0
nn_32_relu,[32],ReLU,3,40,6,1.0,1400,1120,0.2807692307692307,1.3428126487758665,0.0072216614013049,120.14342220000252,114.8125,-114688,17968,17968,143744,71872,-1,cpu,1,2.14.1+cu130,171.575,0.575
mle,,,4,40,6,1.0,600,600,0.2807692307692307,18.13960499797228,0.1787717856895622,0.4191290999951889,0.390625,0,4478,2239,35824,35824,-1,cpu,1,2.14.1+cu130,,
nn_linear,[],linear,4,40,6,1.0,600,480,0.2807692307692307,6.222323767362128,0.0132944312940342,19.53310839999904,18.421875,-5365760,958,958,7664,3832,-1,cpu,1,2.14.1+cu130,94.925,0.075
nn_32_relu,[32],ReLU,4,40,6,1.0,600,480,0.2807692307692307,2.938863830081324,0.0132565313994829,45.22772040000564,42.328125,-974848,17968,17968,143744,71872,-1,cpu,1,2.14.1+cu130,137.05,0.375
mle,,,4,40,6,1.0,1000,1000,0.2807692307692307,9.27958700062599,0.1519221911139551,0.422994300002756,0.421875,0,4478,2239,35824,35824,-1,cpu,1,2.14.1+cu130,,
nn_linear,[],linear,4,40,6,1.0,1000,800,0.2807692307692307,6.022185770521573,0.0130180871324001,25.442583500000183,24.53125,344064,958,958,7664,3832,-1,cpu,1,2.14.1+cu130,78.275,0.025
nn_32_relu,[32],ReLU,4,40,6,1.0,1000,800,0.2807692307692307,1.7220963609835716,0.0109607930491247,85.14834600000177,80.0,-1552384,17968,17968,143744,71872,-1,cpu,1,2.14.1+cu130,164.3,0.55
mle,,,4,40,6,1.0,1400,1400,0.2807692307692307,5.790896179972361,0.1216047732016964,0.3935518999933265,0.390625,28672,4478,2239,35824,35824,-1,cpu,1,2.14.1+cu130,,
nn_linear,[],linear,4,40,6,1.0,1400,1120,0.2807692307692307,5.96799139142768,0.0131206115905036,32.53143920000002,31.0625,1011712,958,958,7664,3832,-1,cpu,1,2.14.1+cu130,72.35,0.025
nn_32_relu,[32],ReLU,4,40,6,1.0,1400,1120,0.2807692307692307,1.166113005501826,0.0095180283170396,117.92972450000524,111.71875,-1093632,17968,17968,143744,71872,-1,cpu,1,2.14.1+cu130,167.0,0.6
mle,,,5,40,6,1.0,600,600,0.2807692307692307,21.731751036996545,0.1936260110836046,0.4397020999967935,0.390625,20480,4478,2239,35824,35824,-1,cpu,1,2.14.1+cu130,,
nn_linear,[],linear,5,40,6,1.0,600,480,0.2807692307692307,5.86717229432523,0.0132732474226419,21.093477400005213,20.203125,-5423104,958,958,7664,3832,-1,cpu,1,2.14.1+cu130,103.0,0.075
nn_32_relu,[32],ReLU,5,40,6,1.0,600,480,0.2807692307692307,3.046192771516682,0.0120143023414434,48.196691499993904,45.3125,-1904640,17968,17968,143744,71872,-1,cpu,1,2.14.1+cu130,149.125,0.4
mle,,,5,40,6,1.0,1000,1000,0.2807692307692307,10.246307566182784,0.1085246513842138,0.4080925999951432,0.40625,4096,4478,2239,35824,35824,-1,cpu,1,2.14.1+cu130,,
nn_linear,[],linear,5,40,6,1.0,1000,800,0.2807692307692307,5.71018467191743,0.0134887396683472,30.276220799998555,27.953125,348160,958,958,7664,3832,-1,cpu,1,2.14.1+cu130,87.675,0.05
nn_32_relu,[32],ReLU,5,40,6,1.0,1000,800,0.2807692307692307,1.910517264573012,0.0100659357179833,80.97953029999917,76.703125,-1318912,17968,17968,143744,71872,-1,cpu,1,2.14.1+cu130,158.525,0.45
mle,,,5,40,6,1.0,1400,1400,0.2807692307692307,6.110719550513968,0.0799362843718313,0.4031890999976895,0.390625,0,4478,2239,35824,35824,-1,cpu,1,2.14.1+cu130,,
nn_linear,[],linear,5,40,6,1.0,1400,1120,0.2807692307692307,5.656400163835046,0.0131623152836343,35.26382960000046,33.0,1282048,958,958,7664,3832,-1,cpu,1,2.14.1+cu130,76.225,0.0
nn_32_relu,[32],ReLU,5,40,6,1.0,1400,1120,0.2807692307692307,1.3713381690829098,0.0083346927489504,123.27008449999994,116.078125,-180224,17968,17968,143744,71872,-1,cpu,1,2.14.1+cu130,173.1,0.625
mle,,,1,40,4,0.5,600,600,0.1923076923076923,3.049563409898687,0.0392251967650665,0.3396053000033134,0.34375,0,1182,591,9456,9456,-1,cpu,1,2.14.1+cu130,,
nn_linear,[],linear,1,40,4,0.5,600,480,0.1923076923076923,7.709998725715163,0.0182749504202713,30.409477300003346,29.28125,-7970816,682,682,5456,2728,-1,cpu,1,2.14.1+cu130,148.225,0.35
nn_32_relu,[32],ReLU,1,40,4,0.5,600,480,0.1923076923076923,0.9369456013852144,0.0066717976427,51.90622399999848,49.71875,-1277952,13552,13552,108416,54208,-1,cpu,1,2.14.1+cu130,164.475,0.4
mle,,,1,40,4,0.5,1000,1000,0.1923076923076923,1.4666786624377448,0.0177600056278055,0.3750256999992416,0.34375,0,1182,591,9456,9456,-1,cpu,1,2.14.1+cu130,,
nn_linear,[],linear,1,40,4,0.5,1000,800,0.1923076923076923,7.627403723701584,0.0185090103052235,41.44180530000449,39.53125,569344,682,682,5456,2728,-1,cpu,1,2.14.1+cu130,125.1,0.175
nn_32_relu,[32],ReLU,1,40,4,0.5,1000,800,0.1923076923076923,0.5770074381595849,0.0054291403408275,72.63843679999991,69.890625,-1093632,13552,13552,108416,54208,-1,cpu,1,2.14.1+cu130,144.8,0.3
mle,,,1,40,4,0.5,1400,1400,0.1923076923076923,0.8108915162362519,0.0122154061057976,0.3498104000027524,0.34375,32768,1182,591,9456,9456,-1,cpu,1,2.14.1+cu130,,
nn_linear,[],linear,1,40,4,0.5,1400,1120,0.1923076923076923,7.567133326899956,0.0183789840641726,42.222708900000725,40.609375,712704,682,682,5456,2728,-1,cpu,1,2.14.1+cu130,93.9,0.075
nn_32_relu,[32],ReLU,1,40,4,0.5,1400,1120,0.1923076923076923,0.3427798265476846,0.0027504411315011,103.15295530000004,97.671875,-1200128,13552,13552,108416,54208,-1,cpu,1,2.14.1+cu130,144.0,0.175
mle,,,2,40,4,0.1,600,600,0.1923076923076923,0.6573649177192218,0.0158742340483714,0.3205906000002869,0.328125,16384,1182,591,9456,9456,-1,cpu,1,2.14.1+cu130,,
nn_linear,[],linear,2,40,4,0.1,600,480,0.1923076923076923,3.183342404900735,0.0275970661950562,41.59199150000495,37.609375,-7073792,682,682,5456,2728,-1,cpu,1,2.14.1+cu130,187.55,0.85
nn_32_relu,[32],ReLU,2,40,4,0.1,600,480,0.1923076923076923,0.4390599445360529,0.0138884080853931,44.32449190000625,42.171875,-1355776,13552,13552,108416,54208,-1,cpu,1,2.14.1+cu130,139.675,0.4
mle,,,2,40,4,0.1,1000,1000,0.1923076923076923,0.4532971337635468,0.0132823788951369,0.3132618999952683,0.3125,0,1182,591,9456,9456,-1,cpu,1,2.14.1+cu130,,
nn_linear,[],linear,2,40,4,0.1,1000,800,0.1923076923076923,2.3106529157890137,0.027421854234015,60.27548409999872,58.21875,487424,682,682,5456,2728,-1,cpu,1,2.14.1+cu130,184.7,0.775
nn_32_relu,[32],ReLU,2,40,4,0.1,1000,800,0.1923076923076923,0.2516273912348377,0.009729291119056,75.68713900000148,72.625,-958464,13552,13552,108416,54208,-1,cpu,1,2.14.1+cu130,150.0,0.3
mle,,,2,40,4,0.1,1400,1400,0.1923076923076923,0.2832695376768576,0.0080086066123066,0.3261232000004384,0.3125,8192,1182,591,9456,9456,-1,cpu,1,2.14.1+cu130,,
nn_linear,[],linear,2,40,4,0.1,1400,1120,0.1923076923076923,2.078262664992913,0.027573850760537,82.33494380000047,78.828125,405504,682,682,5456,2728,-1,cpu,1,2.14.1+cu130,184.75,0.8
nn_32_relu,[32],ReLU,2,40,4,0.1,1400,1120,0.1923076923076923,0.1639346191121988,0.0081438987767502,92.20319060000476,89.03125,-774144,13552,13552,108416,54208,-1,cpu,1,2.14.1+cu130,133.025,0.3
mle,,,2,40,4,0.5,600,600,0.1923076923076923,3.125228765811399,0.0515807879546667,0.337994699999399,0.34375,0,1182,591,9456,9456,-1,cpu,1,2.14.1+cu130,,
nn_linear,[],linear,2,40,4,0.5,600,480,0.1923076923076923,7.073916940564664,0.0184820928471212,31.04668259999744,29.125,-7643136,682,682,5456,2728,-1,cpu,1,2.14.1+cu130,147.875,0.3
nn_32_relu,[32],ReLU,2,40,4,0.5,600,480,0.1923076923076923,0.7508742747859667,0.0066587646889393,53.864511700005096,50.984375,-1388544,13552,13552,108416,54208,-1,cpu,1,2.14.1+cu130,168.55,0.525
mle,,,2,40,4,0.5,1000,1000,0.1923076923076923,1.9520100667226727,0.0412641404410953,0.338376599996991,0.34375,12288,1182,591,9456,9456,-1,cpu,1,2.14.1+cu130,,
nn_linear,[],linear,2,40,4,0.5,1000,800,0.1923076923076923,6.950246997693839,0.0192206594237462,36.6969734000013,35.515625,299008,682,682,5456,2728,-1,cpu,1,2.14.1+cu130,112.475,0.15
nn_32_relu,[32],ReLU,2,40,4,0.5,1000,800,0.1923076923076923,0.5519317299212536,0.0061054384930034,74.34190749999834,70.78125,-794624,13552,13552,108416,54208,-1,cpu,1,2.14.1+cu130,145.5,0.2
mle,,,2,40,4,0.5,1400,1400,0.1923076923076923,1.2480316640567428,0.028704066204835,0.3740053000001353,0.34375,0,1182,591,9456,9456,-1,cpu,1,2.14.1+cu130,,
nn_linear,[],linear,2,40,4,0.5,1400,1120,0.1923076923076923,6.78091496000114,0.0195687649020324,53.40690470000118,50.90625,1019904,682,682,5456,2728,-1,cpu,1,2.14.1+cu130,119.375,0.15
nn_32_relu,[32],ReLU,2,40,4,0.5,1400,1120,0.1923076923076923,0.3870136154510234,0.0044148533642004,99.59014990000288,95.75,-974848,13552,13552,108416,54208,-1,cpu,1,2.14.1+cu130,143.525,0.225
mle,,,3,40,4,0.5,600,600,0.1923076923076923,3.2453853898120806,0.0432114609606717,0.3482404000023962,0.34375,0,1182,591,9456,9456,-1,cpu,1,2.14.1+cu130,,
nn_linear,[],linear,3,40,4,0.5,600,480,0.1923076923076923,7.46068378737513,0.0199243049154955,29.92300190000242,28.734375,-7262208,682,682,5456,2728,-1,cpu,1,2.14.1+cu130,147.925,0.425
nn_32_relu,[32],ReLU,3,40,4,0.5,600,480,0.1923076923076923,0.6909652586308425,0.0062319062071711,50.70282269999734,48.921875,-1097728,13552,13552,108416,54208,-1,cpu,1,2.14.1+cu130,163.3,0.325
mle,,,3,40,4,0.5,1000,1000,0.1923076923076923,1.839177231898568,0.0198617246254589,0.3351414999997359,0.328125,0,1182,591,9456,9456,-1,cpu,1,2.14.1+cu130,,
nn_linear,[],linear,3,40,4,0.5,1000,800,0.1923076923076923,7.354593429114245,0.0209719008699108,40.37713399999484,39.109375,348160,682,682,5456,2728,-1,cpu,1,2.14.1+cu130,125.45,0.15
nn_32_relu,[32],ReLU,3,40,4,0.5,1000,800,0.1923076923076923,0.4515360291618864,0.0045631599644636,75.51422110000567,72.0,-819200,13552,13552,108416,54208,-1,cpu,1,2.14.1+cu130,147.1,0.225
mle,,,3,40,4,0.5,1400,1400,0.1923076923076923,1.2266050429228854,0.0116930740262192,0.3525729000029969,0.328125,0,1182,591,9456,9456,-1,cpu,1,2.14.1+cu130,,
nn_linear,[],linear,3,40,4,0.5,1400,1120,0.1923076923076923,7.29764883300728,0.0223541252870212,52.9602717999951,49.265625,-409600,682,682,5456,2728,-1,cpu,1,2.14.1+cu130,113.85,0.125
nn_32_relu,[32],ReLU,3,40,4,0.5,1400,1120,0.1923076923076923,0.3243830024447331,0.0040172440977186,96.52022050000232,90.421875,-1101824,13552,13552,108416,54208,-1,cpu,1,2.14.1+cu130,133.275,0.25
mle,,,1,40,4,0.1,600,600,0.1923076923076923,1.1991248467387765,0.0182739928535103,0.334224099999119,0.3125,8192,1182,591,9456,9456,-1,cpu,1,2.14.1+cu130,,
nn_linear,[],linear,1,40,4,0.1,600,480,0.1923076923076923,6.59682386458976,0.0526668460153389,42.431240300000354,39.734375,-7647232,682,682,5456,2728,-1,cpu,1,2.14.1+cu130,197.875,0.95
nn_32_relu,[32],ReLU,1,40,4,0.1,600,480,0.1923076923076923,0.4626098808531084,0.0157758118051424,56.58835579999868,54.078125,-1323008,13552,13552,108416,54208,-1,cpu,1,2.14.1+cu130,178.8,0.625
mle,,,1,40,4,0.1,1000,1000,0.1923076923076923,0.8949087855092824,0.0150523351412353,0.3230596999928821,0.328125,0,1182,591,9456,9456,-1,cpu,1,2.14.1+cu130,,
nn_linear,[],linear,1,40,4,0.1,1000,800,0.1923076923076923,5.916700755835493,0.061466003140724,60.91256940000312,59.0625,20480,682,682,5456,2728,-1,cpu,1,2.14.1+cu130,187.75,0.825
nn_32_relu,[32],ReLU,1,40,4,0.1,1000,800,0.1923076923076923,0.3299431372374958,0.0127416395607896,83.19408580000163,80.03125,-974848,13552,13552,108416,54208,-1,cpu,1,2.14.1+cu130,165.125,0.45
mle,,,1,40,4,0.1,1400,1400,0.1923076923076923,0.561624436459715,0.0159437039895679,0.3428830999982892,0.328125,4096,1182,591,9456,9456,-1,cpu,1,2.14.1+cu130,,
nn_linear,[],linear,1,40,4,0.1,1400,1120,0.1923076923076923,5.763109853785156,0.0601939445145211,81.21104329999798,77.796875,1200128,682,682,5456,2728,-1,cpu,1,2.14.1+cu130,180.85,0.675
nn_32_relu,[32],ReLU,1,40,4,0.1,1400,1120,0.1923076923076923,0.3133287359671139,0.0123995492662864,95.83786210000108,91.859375,-991232,13552,13552,108416,54208,-1,cpu,1,2.14.1+cu130,137.05,0.3
mle,,,4,40,4,0.5,600,600,0.1923076923076923,3.4225590753712694,0.0468311984260846,0.3350342999983695,0.3125,4096,1182,591,9456,9456,-1,cpu,1,2.14.1+cu130,,
nn_linear,[],linear,4,40,4,0.5,600,480,0.1923076923076923,6.603198287549659,0.0264555729771397,32.58025330000237,31.5625,-7790592,682,682,5456,2728,-1,cpu,1,2.14.1+cu130,162.0,0.475
nn_32_relu,[32],ReLU,4,40,4,0.5,600,480,0.1923076923076923,0.993362978652147,0.0078224754842483,45.14663279999513,43.75,-1622016,13552,13552,108416,54208,-1,cpu,1,2.14.1+cu130,146.05,0.3
mle,,,4,40,4,0.5,1000,1000,0.1923076923076923,1.7341625633031152,0.0286565180648539,0.3438569999998435,0.34375,0,1182,591,9456,9456,-1,cpu,1,2.14.1+cu130,,
nn_linear,[],linear,4,40,4,0.5,1000,800,0.1923076923076923,6.4228884486238105,0.0252835663569713,46.77253139999812,44.9375,614400,682,682,5456,2728,-1,cpu,1,2.14.1+cu130,144.925,0.275
nn_32_relu,[32],ReLU,4,40,4,0.5,1000,800,0.1923076923076923,0.5353313397994718,0.0046737973810065,72.44045289999485,70.03125,-1339392,13552,13552,108416,54208,-1,cpu,1,2.14.1+cu130,146.1,0.225
mle,,,4,40,4,0.5,1400,1400,0.1923076923076923,1.0634398134411716,0.0122548047213303,0.350449400000798,0.359375,0,1182,591,9456,9456,-1,cpu,1,2.14.1+cu130,,
nn_linear,[],linear,4,40,4,0.5,1400,1120,0.1923076923076923,6.421871693970884,0.0262524996981812,52.69925019999937,49.390625,1040384,682,682,5456,2728,-1,cpu,1,2.14.1+cu130,115.9,0.1
nn_32_relu,[32],ReLU,4,40,4,0.5,1400,1120,0.1923076923076923,0.3855670659114474,0.0035789003824667,91.330129199996,85.546875,-507904,13552,13552,108416,54208,-1,cpu,1,2.14.1+cu130,127.95,0.125
mle,,,5,40,4,0.1,600,600,0.1923076923076923,1.0568308927168335,0.0390061368317441,0.3528767000025254,0.28125,36864,1182,591,9456,9456,-1,cpu,1,2.14.1+cu130,,
nn_linear,[],linear,5,40,4,0.1,600,480,0.1923076923076923,3.993427515641777,0.0347705160621313,40.41983349999646,37.015625,-8302592,682,682,5456,2728,-1,cpu,1,2.14.1+cu130,187.225,0.825
nn_32_relu,[32],ReLU,5,40,4,0.1,600,480,0.1923076923076923,0.3848981628557079,0.0127466582086109,50.14283699999942,47.921875,-1445888,13552,13552,108416,54208,-1,cpu,1,2.14.1+cu130,157.325,0.5
mle,,,5,40,4,0.1,1000,1000,0.1923076923076923,0.6023932810740208,0.0241857664495032,0.321431999997003,0.3125,28672,1182,591,9456,9456,-1,cpu,1,2.14.1+cu130,,
nn_linear,[],linear,5,40,4,0.1,1000,800,0.1923076923076923,3.35304609450896,0.034879162994845,60.68572729999869,57.21875,827392,682,682,5456,2728,-1,cpu,1,2.14.1+cu130,180.95,0.775
nn_32_relu,[32],ReLU,5,40,4,0.1,1000,800,0.1923076923076923,0.3020804772046157,0.0110783246799211,61.59688190000452,59.296875,-1236992,13552,13552,108416,54208,-1,cpu,1,2.14.1+cu130,121.7,0.175
mle,,,5,40,4,0.1,1400,1400,0.1923076923076923,0.4577382758060459,0.0172403936925376,0.3381980000049225,0.328125,0,1182,591,9456,9456,-1,cpu,1,2.14.1+cu130,,
nn_linear,[],linear,5,40,4,0.1,1400,1120,0.1923076923076923,3.119478621105547,0.0351780488225432,80.9682541000002,76.859375,-77824,682,682,5456,2728,-1,cpu,1,2.14.1+cu130,178.375,0.7
nn_32_relu,[32],ReLU,5,40,4,0.1,1400,1120,0.1923076923076923,0.2468993487441797,0.0097538248211481,84.95948589999898,81.90625,-1101824,13552,13552,108416,54208,-1,cpu,1,2.14.1+cu130,121.35,0.2
mle,,,3,40,4,0.1,600,600,0.1923076923076923,1.3977375045405824,0.0327039101391692,0.3241277999986778,0.296875,12288,1182,591,9456,9456,-1,cpu,1,2.14.1+cu130,,
nn_linear,[],linear,3,40,4,0.1,600,480,0.1923076923076923,3.19180970657716,0.0429494085795864,39.88781650000601,37.515625,-7888896,682,682,5456,2728,-1,cpu,1,2.14.1+cu130,190.0,0.925
nn_32_relu,[32],ReLU,3,40,4,0.1,600,480,0.1923076923076923,0.7110816560744496,0.0344359303240154,51.80213899999944,48.0625,-1060864,13552,13552,108416,54208,-1,cpu,1,2.14.1+cu130,158.275,0.45
mle,,,3,40,4,0.1,1000,1000,0.1923076923076923,0.6769157495834887,0.0179989659830635,0.3605833000037819,0.328125,0,1182,591,9456,9456,-1,cpu,1,2.14.1+cu130,,
nn_linear,[],linear,3,40,4,0.1,1000,800,0.1923076923076923,2.5506447446712293,0.0435021985967117,59.839789999998175,56.5625,217088,682,682,5456,2728,-1,cpu,1,2.14.1+cu130,179.475,0.825
nn_32_relu,[32],ReLU,3,40,4,0.1,1000,800,0.1923076923076923,0.3661191037273265,0.0204980127033474,69.09592749999865,67.09375,-1085440,13552,13552,108416,54208,-1,cpu,1,2.14.1+cu130,138.025,0.35
mle,,,3,40,4,0.1,1400,1400,0.1923076923076923,0.453340926792605,0.0159239141357209,0.3313832999992883,0.3125,0,1182,591,9456,9456,-1,cpu,1,2.14.1+cu130,,
nn_linear,[],linear,3,40,4,0.1,1400,1120,0.1923076923076923,2.260054376086672,0.0445666736505208,88.08244340000238,82.296875,880640,682,682,5456,2728,-1,cpu,1,2.14.1+cu130,189.25,0.85
nn_32_relu,[32],ReLU,3,40,4,0.1,1400,1120,0.1923076923076923,0.279352771249943,0.0223908713577986,93.9968555000014,90.0625,-1040384,13552,13552,108416,54208,-1,cpu,1,2.14.1+cu130,135.45,0.225
mle,,,4,40,4,0.1,600,600,0.1923076923076923,1.629511830308934,0.0441168428971723,0.3243650000003981,0.328125,0,1182,591,9456,9456,-1,cpu,1,2.14.1+cu130,,
nn_linear,[],linear,4,40,4,0.1,600,480,0.1923076923076923,7.8338970639013885,0.0560498455276728,37.94014430000243,35.4375,-9068544,682,682,5456,2728,-1,cpu,1,2.14.1+cu130,177.9,0.75
nn_32_relu,[32],ReLU,4,40,4,0.1,600,480,0.1923076923076923,0.8262531950888928,0.0263938394586303,48.53169440000056,46.515625,-1331200,13552,13552,108416,54208,-1,cpu,1,2.14.1+cu130,154.525,0.525
mle,,,4,40,4,0.1,1000,1000,0.1923076923076923,0.765604809659445,0.0189848487100262,0.3450107000026037,0.328125,8192,1182,591,9456,9456,-1,cpu,1,2.14.1+cu130,,
nn_linear,[],linear,4,40,4,0.1,1000,800,0.1923076923076923,7.220222007852679,0.0580548049729266,57.47222909999982,55.109375,503808,682,682,5456,2728,-1,cpu,1,2.14.1+cu130,175.375,0.625
nn_32_relu,[32],ReLU,4,40,4,0.1,1000,800,0.1923076923076923,0.3666295873061825,0.0103597420405659,83.75855350000347,78.125,-1396736,13552,13552,108416,54208,-1,cpu,1,2.14.1+cu130,161.075,0.425
mle,,,4,40,4,0.1,1400,1400,0.1923076923076923,0.4970823826821042,0.0125140455166226,0.3385504999969271,0.328125,8192,1182,591,9456,9456,-1,cpu,1,2.14.1+cu130,,
nn_linear,[],linear,4,40,4,0.1,1400,1120,0.1923076923076923,7.004297171997087,0.056250661255157,79.37551130000065,76.265625,-458752,682,682,5456,2728,-1,cpu,1,2.14.1+cu130,176.1,0.6
nn_32_relu,[32],ReLU,4,40,4,0.1,1400,1120,0.1923076923076923,0.2355043273417702,0.0087913621688189,110.25693650000176,104.703125,-1277952,13552,13552,108416,54208,-1,cpu,1,2.14.1+cu130,157.075,0.3
mle,,,1,40,4,1.0,600,600,0.1923076923076923,2.245410947957723,0.0672480000988115,0.3273315000042203,0.3125,0,1182,591,9456,9456,-1,cpu,1,2.14.1+cu130,,
nn_linear,[],linear,1,40,4,1.0,600,480,0.1923076923076923,4.052903526901135,0.0130903039770929,24.175913999999462,22.6875,-7798784,682,682,5456,2728,-1,cpu,1,2.14.1+cu130,115.65,0.125
nn_32_relu,[32],ReLU,1,40,4,1.0,600,480,0.1923076923076923,0.8257219947619259,0.0090933666124776,42.87440240000433,41.046875,-1069056,13552,13552,108416,54208,-1,cpu,1,2.14.1+cu130,135.975,0.225
mle,,,1,40,4,1.0,1000,1000,0.1923076923076923,1.2528520952735405,0.0583488548197551,0.340395899998839,0.328125,0,1182,591,9456,9456,-1,cpu,1,2.14.1+cu130,,
nn_linear,[],linear,1,40,4,1.0,1000,800,0.1923076923076923,3.868677241593976,0.0129672656196419,34.08906669999851,32.296875,811008,682,682,5456,2728,-1,cpu,1,2.14.1+cu130,101.975,0.05
nn_32_relu,[32],ReLU,1,40,4,1.0,1000,800,0.1923076923076923,0.4527497170811312,0.006479973075962,66.79163749999861,63.25,-741376,13552,13552,108416,54208,-1,cpu,1,2.14.1+cu130,129.3,0.15
mle,,,1,40,4,1.0,1400,1400,0.1923076923076923,0.6982261344291594,0.0456611103929244,0.3454822999992757,0.328125,0,1182,591,9456,9456,-1,cpu,1,2.14.1+cu130,,
nn_linear,[],linear,1,40,4,1.0,1400,1120,0.1923076923076923,3.872359045933551,0.0136476946651216,40.25729490000231,38.25,-233472,682,682,5456,2728,-1,cpu,1,2.14.1+cu130,88.775,0.05
nn_32_relu,[32],ReLU,1,40,4,1.0,1400,1120,0.1923076923076923,0.3798482426644649,0.0054982447893325,82.25161519999529,78.25,-790528,13552,13552,108416,54208,-1,cpu,1,2.14.1+cu130,116.925,0.075
mle,,,2,40,4,1.0,600,600,0.1923076923076923,2.3167533952358803,0.0288729040510401,0.3810984999945503,0.359375,0,1182,591,9456,9456,-1,cpu,1,2.14.1+cu130,,
nn_linear,[],linear,2,40,4,1.0,600,480,0.1923076923076923,4.733780348654462,0.0124696783386713,22.85207409999566,21.765625,-8605696,682,682,5456,2728,-1,cpu,1,2.14.1+cu130,111.675,0.125
nn_32_relu,[32],ReLU,2,40,4,1.0,600,480,0.1923076923076923,0.7382676208059389,0.0037172942199966,45.568973199995526,44.0625,-1114112,13552,13552,108416,54208,-1,cpu,1,2.14.1+cu130,146.525,0.3
mle,,,2,40,4,1.0,1000,1000,0.1923076923076923,1.1164540007879853,0.0154658033006927,0.3474348000017926,0.3125,20480,1182,591,9456,9456,-1,cpu,1,2.14.1+cu130,,
nn_linear,[],linear,2,40,4,1.0,1000,800,0.1923076923076923,4.536711941050017,0.013024353712332,33.851544999997714,32.0,401408,682,682,5456,2728,-1,cpu,1,2.14.1+cu130,101.7,0.025
nn_32_relu,[32],ReLU,2,40,4,1.0,1000,800,0.1923076923076923,0.4585038578747358,0.0022949669573923,72.62376609999774,69.390625,-1310720,13552,13552,108416,54208,-1,cpu,1,2.14.1+cu130,143.05,0.275
mle,,,2,40,4,1.0,1400,1400,0.1923076923076923,0.6886648068947401,0.011031263670848,0.3381290000033914,0.328125,0,1182,591,9456,9456,-1,cpu,1,2.14.1+cu130,,
nn_linear,[],linear,2,40,4,1.0,1400,1120,0.1923076923076923,4.4902700812071314,0.0132047665623764,38.10555550000572,37.171875,327680,682,682,5456,2728,-1,cpu,1,2.14.1+cu130,86.65,0.0
nn_32_relu,[32],ReLU,2,40,4,1.0,1400,1120,0.1923076923076923,0.3707053761570532,0.0021426013376962,86.68850630000088,78.25,-327180288,13552,13552,108416,54208,-1,cpu,1,2.14.1+cu130,115.825,0.125
mle,,,5,40,4,0.5,600,600,0.1923076923076923,3.9657643678172434,0.0757894027108346,0.347019699998782,0.265625,0,1182,591,9456,9456,-1,cpu,1,2.14.1+cu130,,
nn_linear,[],linear,5,40,4,0.5,600,480,0.1923076923076923,4.975295426715906,0.0240511778701549,32.90676969999913,31.453125,-7421952,682,682,5456,2728,-1,cpu,1,2.14.1+cu130,160.275,0.45
nn_32_relu,[32],ReLU,5,40,4,0.5,600,480,0.1923076923076923,0.8117599971202405,0.0092323038064756,46.63873829999648,44.984375,-786432,13552,13552,108416,54208,-1,cpu,1,2.14.1+cu130,150.15,0.35
mle,,,5,40,4,0.5,1000,1000,0.1923076923076923,1.6944581557541198,0.027456907443029,0.3452354999972158,0.34375,40960,1182,591,9456,9456,-1,cpu,1,2.14.1+cu130,,
nn_linear,[],linear,5,40,4,0.5,1000,800,0.1923076923076923,4.872470147399553,0.0251898588820744,42.66830270000355,40.15625,929792,682,682,5456,2728,-1,cpu,1,2.14.1+cu130,126.0,0.275
nn_32_relu,[32],ReLU,5,40,4,0.5,1000,800,0.1923076923076923,0.461743670813692,0.0062214020933601,68.6770289000051,66.203125,-614400,13552,13552,108416,54208,-1,cpu,1,2.14.1+cu130,136.5,0.275
mle,,,5,40,4,0.5,1400,1400,0.1923076923076923,0.861897983680902,0.0200735256831653,0.3433408999990206,0.34375,8192,1182,591,9456,9456,-1,cpu,1,2.14.1+cu130,,
nn_linear,[],linear,5,40,4,0.5,1400,1120,0.1923076923076923,4.752487719331142,0.0266350096110456,54.32238949999737,52.046875,274432,682,682,5456,2728,-1,cpu,1,2.14.1+cu130,122.275,0.125
nn_32_relu,[32],ReLU,5,40,4,0.5,1400,1120,0.1923076923076923,0.2974334826217621,0.0038004771107989,104.48983009999938,98.0625,-331268096,13552,13552,108416,54208,-1,cpu,1,2.14.1+cu130,145.85,0.3
mle,,,4,40,4,1.0,600,600,0.1923076923076923,2.6324313588211066,0.0397740323176478,0.355166499997722,0.328125,0,1182,591,9456,9456,-1,cpu,1,2.14.1+cu130,,
nn_linear,[],linear,4,40,4,1.0,600,480,0.1923076923076923,4.953399626881287,0.0127199699165665,27.797205900002155,25.21875,-4034560,682,682,5456,2728,-1,cpu,1,2.14.1+cu130,129.6,0.125
nn_32_relu,[32],ReLU,4,40,4,1.0,600,480,0.1923076923076923,0.9240954751179162,0.0047191089466927,49.02924880000501,46.109375,-581632,13552,13552,108416,54208,-1,cpu,1,2.14.1+cu130,152.975,0.4
mle,,,4,40,4,1.0,1000,1000,0.1923076923076923,0.9755564295730615,0.0178480593167843,0.3369138999987626,0.328125,24576,1182,591,9456,9456,-1,cpu,1,2.14.1+cu130,,
nn_linear,[],linear,4,40,4,1.0,1000,800,0.1923076923076923,4.891781680056987,0.012238265447472,31.85347190000175,30.890625,-36864,682,682,5456,2728,-1,cpu,1,2.14.1+cu130,98.6,0.05
nn_32_relu,[32],ReLU,4,40,4,1.0,1000,800,0.1923076923076923,0.4739525082328791,0.0022673971362459,70.24834109999938,67.625,-884736,13552,13552,108416,54208,-1,cpu,1,2.14.1+cu130,139.875,0.175
mle,,,4,40,4,1.0,1400,1400,0.1923076923076923,0.6114084163572132,0.0105817333462333,0.350390999999945,0.359375,0,1182,591,9456,9456,-1,cpu,1,2.14.1+cu130,,
nn_linear,[],linear,4,40,4,1.0,1400,1120,0.1923076923076923,4.826867512392877,0.0121069722752211,35.53656510000292,33.984375,114688,682,682,5456,2728,-1,cpu,1,2.14.1+cu130,79.275,0.0
nn_32_relu,[32],ReLU,4,40,4,1.0,1400,1120,0.1923076923076923,0.3867849842958814,0.0023355883185325,87.36442210000678,82.703125,-348160,13552,13552,108416,54208,-1,cpu,1,2.14.1+cu130,125.125,0.175
mle,,,5,40,4,1.0,600,600,0.1923076923076923,3.137246328621469,0.0525819792992144,0.3146868000039831,0.296875,0,1182,591,9456,9456,-1,cpu,1,2.14.1+cu130,,
nn_linear,[],linear,5,40,4,1.0,600,480,0.1923076923076923,5.008552291884494,0.0135646509011884,27.55432219999784,26.359375,-4874240,682,682,5456,2728,-1,cpu,1,2.14.1+cu130,133.75,0.175
nn_32_relu,[32],ReLU,5,40,4,1.0,600,480,0.1923076923076923,0.8706944324583805,0.0062646829862662,45.31379000000016,43.9375,-1691648,13552,13552,108416,54208,-1,cpu,1,2.14.1+cu130,146.175,0.225
mle,,,5,40,4,1.0,1000,1000,0.1923076923076923,1.017549467066673,0.0190971209581879,0.4063631000026362,0.359375,0,1182,591,9456,9456,-1,cpu,1,2.14.1+cu130,,
nn_linear,[],linear,5,40,4,1.0,1000,800,0.1923076923076923,4.922670145197755,0.0135341345015035,35.130616599999485,34.0,86016,682,682,5456,2728,-1,cpu,1,2.14.1+cu130,108.3,0.1
nn_32_relu,[32],ReLU,5,40,4,1.0,1000,800,0.1923076923076923,0.5275554740998266,0.0036817231433389,69.48698770000192,62.859375,-376832,13552,13552,108416,54208,-1,cpu,1,2.14.1+cu130,127.8,0.1
mle,,,5,40,4,1.0,1400,1400,0.1923076923076923,0.4484275723685699,0.0066498962659705,0.4721556000004057,0.3125,0,1182,591,9456,9456,-1,cpu,1,2.14.1+cu130,,
nn_linear,[],linear,5,40,4,1.0,1400,1120,0.1923076923076923,4.865440340561968,0.0128851875002358,38.75049739999668,36.09375,-204247040,682,682,5456,2728,-1,cpu,1,2.14.1+cu130,83.525,0.0
nn_32_relu,[32],ReLU,5,40,4,1.0,1400,1120,0.1923076923076923,0.3705449762308335,0.0028146572211655,88.88617589999922,82.8125,-909312,13552,13552,108416,54208,-1,cpu,1,2.14.1+cu130,123.825,0.15
mle,,,3,40,4,1.0,600,600,0.1923076923076923,2.5015807257601024,0.0450741401541666,0.3329212000026018,0.34375,8192,1182,591,9456,9456,-1,cpu,1,2.14.1+cu130,,
nn_linear,[],linear,3,40,4,1.0,600,480,0.1923076923076923,4.583708349320098,0.0123413424475264,25.839239299995825,24.328125,-4399104,682,682,5456,2728,-1,cpu,1,2.14.1+cu130,123.05,0.175
nn_32_relu,[32],ReLU,3,40,4,1.0,600,480,0.1923076923076923,0.9111352821887048,0.0044483437834814,46.08841080000275,43.1875,-999424,13552,13552,108416,54208,-1,cpu,1,2.14.1+cu130,142.45,0.325
mle,,,3,40,4,1.0,1000,1000,0.1923076923076923,1.3259231743253748,0.0325107730607478,0.3436521999974502,0.328125,32768,1182,591,9456,9456,-1,cpu,1,2.14.1+cu130,,
nn_linear,[],linear,3,40,4,1.0,1000,800,0.1923076923076923,4.444090888234404,0.0125374369615431,37.937584100000095,36.90625,-598016,682,682,5456,2728,-1,cpu,1,2.14.1+cu130,118.1,0.075
nn_32_relu,[32],ReLU,3,40,4,1.0,1000,800,0.1923076923076923,0.5000853247569763,0.0033760716994067,80.83920779999607,72.015625,-364544,13552,13552,108416,54208,-1,cpu,1,2.14.1+cu130,145.775,0.275
mle,,,3,40,4,1.0,1400,1400,0.1923076923076923,0.8226605085770984,0.0258608323712373,0.3592166000016732,0.328125,0,1182,591,9456,9456,-1,cpu,1,2.14.1+cu130,,
nn_linear,[],linear,3,40,4,1.0,1400,1120,0.1923076923076923,4.406283908978544,0.0123238969151117,42.70922289999726,39.609375,-461398016,682,682,5456,2728,-1,cpu,1,2.14.1+cu130,89.725,0.0
nn_32_relu,[32],ReLU,3,40,4,1.0,1400,1120,0.1923076923076923,0.3373291035765909,0.0026063160181482,95.14455129999988,90.875,-847872,13552,13552,108416,54208,-1,cpu,1,2.14.1+cu130,134.8,0.125
mle,,,1,40,2,0.5,600,600,0.0987179487179487,0.6144523986789542,0.0061293359380392,0.251425599999493,0.25,0,310,155,2480,2480,-1,cpu,1,2.14.1+cu130,,
nn_linear,[],linear,1,40,2,0.5,600,480,0.0987179487179487,2.3456381583853223,0.0195300523453417,35.46153410000261,34.09375,-5681152,390,390,3120,1560,-1,cpu,1,2.14.1+cu130,172.725,0.6
nn_32_relu,[32],ReLU,1,40,2,0.5,600,480,0.0987179487179487,0.2390872274084392,0.0013774120702509,36.37460550000105,35.109375,-49152,8880,8880,71040,35520,-1,cpu,1,2.14.1+cu130,118.05,0.075
mle,,,1,40,2,0.5,1000,1000,0.0987179487179487,0.4199008634022499,0.0057240432353295,0.2469364999997196,0.25,28672,310,155,2480,2480,-1,cpu,1,2.14.1+cu130,,
nn_linear,[],linear,1,40,2,0.5,1000,800,0.0987179487179487,2.0376291079943747,0.0172773713092599,47.04781679999724,45.234375,-147456,390,390,3120,1560,-1,cpu,1,2.14.1+cu130,145.6,0.375
nn_32_relu,[32],ReLU,1,40,2,0.5,1000,800,0.0987179487179487,0.110067727743661,0.0007013343812828,52.26176300000225,48.5,-410865664,8880,8880,71040,35520,-1,cpu,1,2.14.1+cu130,99.475,0.0
mle,,,1,40,2,0.5,1400,1400,0.0987179487179487,0.1123719809261763,0.0013988066905278,0.2466135999929974,0.234375,0,310,155,2480,2480,-1,cpu,1,2.14.1+cu130,,
nn_linear,[],linear,1,40,2,0.5,1400,1120,0.0987179487179487,1.980657304229364,0.0173407724150504,56.747413199998846,55.125,-778240,390,390,3120,1560,-1,cpu,1,2.14.1+cu130,128.45,0.15
nn_32_relu,[32],ReLU,1,40,2,0.5,1400,1120,0.0987179487179487,0.0748328338241109,0.0005658936525448,57.0234014000016,54.328125,-622592,8880,8880,71040,35520,-1,cpu,1,2.14.1+cu130,81.95,0.025
mle,,,2,40,2,0.1,600,600,0.0987179487179487,0.2242740703800599,0.0103543934846448,0.2547253999946406,0.21875,0,310,155,2480,2480,-1,cpu,1,2.14.1+cu130,,
nn_linear,[],linear,2,40,2,0.1,600,480,0.0987179487179487,1.0494618361674275,0.0109170238827502,38.4846314000024,37.0625,-4935680,390,390,3120,1560,-1,cpu,1,2.14.1+cu130,188.425,0.825
nn_32_relu,[32],ReLU,2,40,2,0.1,600,480,0.0987179487179487,0.1559932639970731,0.0113893090718927,44.51666770000156,43.1875,-385024,8880,8880,71040,35520,-1,cpu,1,2.14.1+cu130,142.95,0.425
mle,,,2,40,2,0.1,1000,1000,0.0987179487179487,0.1640268269184935,0.0151372724088063,0.2612016999992193,0.234375,8192,310,155,2480,2480,-1,cpu,1,2.14.1+cu130,,
nn_linear,[],linear,2,40,2,0.1,1000,800,0.0987179487179487,0.412384968538542,0.0099254279448381,68.11996319999889,61.984375,-233472,390,390,3120,1560,-1,cpu,1,2.14.1+cu130,193.475,0.875
nn_32_relu,[32],ReLU,2,40,2,0.1,1000,800,0.0987179487179487,0.115506169816447,0.0080062459860206,60.18613520000508,55.890625,-463777792,8880,8880,71040,35520,-1,cpu,1,2.14.1+cu130,114.75,0.275
mle,,,2,40,2,0.1,1400,1400,0.0987179487179487,0.0837730556405534,0.0066296308515908,0.2578902000022935,0.25,28672,310,155,2480,2480,-1,cpu,1,2.14.1+cu130,,
nn_linear,[],linear,2,40,2,0.1,1400,1120,0.0987179487179487,0.299861402710826,0.0058013878204353,78.486665299999,76.0625,4096,390,390,3120,1560,-1,cpu,1,2.14.1+cu130,176.025,0.75
nn_32_relu,[32],ReLU,2,40,2,0.1,1400,1120,0.0987179487179487,0.0411411602248355,0.0024154753940918,79.73232450000069,76.828125,-593920,8880,8880,71040,35520,-1,cpu,1,2.14.1+cu130,114.575,0.175
mle,,,3,40,2,0.1,600,600,0.0987179487179487,0.2366929226120565,0.0061494156091095,0.2485431000022799,0.234375,12288,310,155,2480,2480,-1,cpu,1,2.14.1+cu130,,
nn_linear,[],linear,3,40,2,0.1,600,480,0.0987179487179487,1.731578189307888,0.0152024283898851,39.262260600000445,37.390625,-5107712,390,390,3120,1560,-1,cpu,1,2.14.1+cu130,191.225,0.875
nn_32_relu,[32],ReLU,3,40,2,0.1,600,480,0.0987179487179487,0.1315650139812878,0.0029469859981727,47.55736500000057,45.015625,-778240,8880,8880,71040,35520,-1,cpu,1,2.14.1+cu130,149.475,0.4
mle,,,3,40,2,0.1,1000,1000,0.0987179487179487,0.1220177238740382,0.0014095168906636,0.3464978999982122,0.234375,0,310,155,2480,2480,-1,cpu,1,2.14.1+cu130,,
nn_linear,[],linear,3,40,2,0.1,1000,800,0.0987179487179487,0.9832628366657236,0.0108525569601819,62.98400720000063,59.09375,8192,390,390,3120,1560,-1,cpu,1,2.14.1+cu130,188.675,0.9
nn_32_relu,[32],ReLU,3,40,2,0.1,1000,800,0.0987179487179487,0.0535674169695618,0.0020389435488022,72.19772109999758,69.34375,-368328704,8880,8880,71040,35520,-1,cpu,1,2.14.1+cu130,143.325,0.3
mle,,,3,40,2,0.1,1400,1400,0.0987179487179487,0.1108684977132291,0.0013830045923375,0.2545623999976669,0.234375,0,310,155,2480,2480,-1,cpu,1,2.14.1+cu130,,
nn_linear,[],linear,3,40,2,0.1,1400,1120,0.0987179487179487,0.7118955757535237,0.0080250263988757,85.72937540000567,81.1875,-544768,390,390,3120,1560,-1,cpu,1,2.14.1+cu130,186.875,0.825
nn_32_relu,[32],ReLU,3,40,2,0.1,1400,1120,0.0987179487179487,0.0402751054513834,0.0015107308981379,89.11376390000078,83.9375,-393216,8880,8880,71040,35520,-1,cpu,1,2.14.1+cu130,125.1,0.1
mle,,,1,40,2,0.1,600,600,0.0987179487179487,0.481377683374843,0.0141190685355275,0.2583135000022594,0.25,0,310,155,2480,2480,-1,cpu,1,2.14.1+cu130,,
nn_linear,[],linear,1,40,2,0.1,600,480,0.0987179487179487,1.9683372322202253,0.0091723681899301,40.23730349999824,38.703125,-5623808,390,390,3120,1560,-1,cpu,1,2.14.1+cu130,196.3,0.975
nn_32_relu,[32],ReLU,1,40,2,0.1,600,480,0.0987179487179487,0.1497446838820839,0.004967002056837,52.11441920000652,49.515625,-1028096,8880,8880,71040,35520,-1,cpu,1,2.14.1+cu130,161.525,0.425
mle,,,1,40,2,0.1,1000,1000,0.0987179487179487,0.2679897497422842,0.0137777819567971,0.2525450000030105,0.25,0,310,155,2480,2480,-1,cpu,1,2.14.1+cu130,,
nn_linear,[],linear,1,40,2,0.1,1000,800,0.0987179487179487,0.8549988426440907,0.0067095512351429,64.68799310000031,62.5,200704,390,390,3120,1560,-1,cpu,1,2.14.1+cu130,198.975,0.95
nn_32_relu,[32],ReLU,1,40,2,0.1,1000,800,0.0987179487179487,0.0928528548973006,0.0051888654876955,69.55342490000476,65.875,-362770432,8880,8880,71040,35520,-1,cpu,1,2.14.1+cu130,135.25,0.275
mle,,,1,40,2,0.1,1400,1400,0.0987179487179487,0.140116256375,0.0054025892968881,0.265021399995021,0.265625,0,310,155,2480,2480,-1,cpu,1,2.14.1+cu130,,
nn_linear,[],linear,1,40,2,0.1,1400,1120,0.0987179487179487,0.4960328081599057,0.0058923668343091,87.83477899999707,84.65625,-458752,390,390,3120,1560,-1,cpu,1,2.14.1+cu130,197.475,0.9
nn_32_relu,[32],ReLU,1,40,2,0.1,1400,1120,0.0987179487179487,0.0484872266275533,0.0041930160430036,89.6749706000046,84.25,-634880,8880,8880,71040,35520,-1,cpu,1,2.14.1+cu130,124.95,0.225
mle,,,4,40,2,0.1,600,600,0.0987179487179487,0.2800389665784097,0.0039237435310844,0.2477782999994815,0.25,0,310,155,2480,2480,-1,cpu,1,2.14.1+cu130,,
nn_linear,[],linear,4,40,2,0.1,600,480,0.0987179487179487,1.597520863196174,0.0088351540503083,42.3077953999964,38.96875,-5885952,390,390,3120,1560,-1,cpu,1,2.14.1+cu130,197.225,0.95
nn_32_relu,[32],ReLU,4,40,2,0.1,600,480,0.0987179487179487,0.1035020311995334,0.0038626802860775,50.06515080000099,47.328125,-708608,8880,8880,71040,35520,-1,cpu,1,2.14.1+cu130,154.35,0.45
mle,,,4,40,2,0.1,1000,1000,0.0987179487179487,0.1432907696273613,0.0014646095157425,0.241201099997852,0.25,0,310,155,2480,2480,-1,cpu,1,2.14.1+cu130,,
nn_linear,[],linear,4,40,2,0.1,1000,800,0.0987179487179487,0.6834649178624924,0.0055118672722106,65.39979660000245,62.421875,-77824,390,390,3120,1560,-1,cpu,1,2.14.1+cu130,199.65,0.975
nn_32_relu,[32],ReLU,4,40,2,0.1,1000,800,0.0987179487179487,0.0730984891909908,0.0031984506552183,69.7868266000005,65.453125,-340189184,8880,8880,71040,35520,-1,cpu,1,2.14.1+cu130,135.325,0.2
mle,,,4,40,2,0.1,1400,1400,0.0987179487179487,0.1275013910998682,0.0014134979067754,0.2420983999982127,0.234375,0,310,155,2480,2480,-1,cpu,1,2.14.1+cu130,,
nn_linear,[],linear,4,40,2,0.1,1400,1120,0.0987179487179487,0.4231350423838567,0.0057825584263281,87.62629169999855,83.5,-352256,390,390,3120,1560,-1,cpu,1,2.14.1+cu130,194.25,0.925
nn_32_relu,[32],ReLU,4,40,2,0.1,1400,1120,0.0987179487179487,0.065326958874246,0.0038043000914196,81.26725989999977,76.796875,-417792,8880,8880,71040,35520,-1,cpu,1,2.14.1+cu130,114.625,0.1
mle,,,5,40,2,0.1,600,600,0.0987179487179487,0.1948291508629562,0.0065961921959219,0.235786500001268,0.234375,0,310,155,2480,2480,-1,cpu,1,2.14.1+cu130,,
nn_linear,[],linear,5,40,2,0.1,600,480,0.0987179487179487,1.284835542585799,0.0115366482030195,41.83110889999807,39.328125,-6189056,390,390,3120,1560,-1,cpu,1,2.14.1+cu130,200.0,1.0
nn_32_relu,[32],ReLU,5,40,2,0.1,600,480,0.0987179487179487,0.0827031772818318,0.0023902682768746,58.26391010000225,52.78125,-704512,8880,8880,71040,35520,-1,cpu,1,2.14.1+cu130,173.8,0.6
mle,,,5,40,2,0.1,1000,1000,0.0987179487179487,0.1183915160264539,0.00644288574996,0.2533253000001423,0.234375,0,310,155,2480,2480,-1,cpu,1,2.14.1+cu130,,
nn_linear,[],linear,5,40,2,0.1,1000,800,0.0987179487179487,0.6305330657391872,0.0071913073724237,69.28981309999654,62.703125,-147456,390,390,3120,1560,-1,cpu,1,2.14.1+cu130,196.4,0.925
nn_32_relu,[32],ReLU,5,40,2,0.1,1000,800,0.0987179487179487,0.059171760260583,0.0020371613177788,74.18096720000176,69.9375,-495616,8880,8880,71040,35520,-1,cpu,1,2.14.1+cu130,144.175,0.375
mle,,,5,40,2,0.1,1400,1400,0.0987179487179487,0.1047257669564319,0.0065506303726022,0.2680796999993617,0.25,28672,310,155,2480,2480,-1,cpu,1,2.14.1+cu130,,
nn_linear,[],linear,5,40,2,0.1,1400,1120,0.0987179487179487,0.3479782306061583,0.0048864986109568,90.78374320000148,85.15625,-495616,390,390,3120,1560,-1,cpu,1,2.14.1+cu130,197.575,0.975
nn_32_relu,[32],ReLU,5,40,2,0.1,1400,1120,0.0987179487179487,0.027227155565801,0.0024716674343768,92.82588440000109,88.53125,-544768,8880,8880,71040,35520,-1,cpu,1,2.14.1+cu130,132.225,0.125
mle,,,2,40,2,0.5,600,600,0.0987179487179487,0.7393511135031414,0.0104051206425443,0.2484557000061613,0.21875,0,310,155,2480,2480,-1,cpu,1,2.14.1+cu130,,
nn_linear,[],linear,2,40,2,0.5,600,480,0.0987179487179487,2.346196071022152,0.0134389618588126,35.041191600001184,33.40625,-5611520,390,390,3120,1560,-1,cpu,1,2.14.1+cu130,168.975,0.675
nn_32_relu,[32],ReLU,2,40,2,0.5,600,480,0.0987179487179487,0.2454006787429937,0.0017312083272976,37.411603900000046,35.0625,-540672,8880,8880,71040,35520,-1,cpu,1,2.14.1+cu130,116.475,0.125
mle,,,2,40,2,0.5,1000,1000,0.0987179487179487,0.2714898426808367,0.0044373494208521,0.2517993999936152,0.21875,8192,310,155,2480,2480,-1,cpu,1,2.14.1+cu130,,
nn_linear,[],linear,2,40,2,0.5,1000,800,0.0987179487179487,2.1881883842503043,0.0150581255751567,51.81485650000104,49.875,-208896,390,390,3120,1560,-1,cpu,1,2.14.1+cu130,161.3,0.425
nn_32_relu,[32],ReLU,2,40,2,0.5,1000,800,0.0987179487179487,0.1194420331243788,0.0006435910605923,57.35155859999941,53.984375,-634880,8880,8880,71040,35520,-1,cpu,1,2.14.1+cu130,110.475,0.075
mle,,,2,40,2,0.5,1400,1400,0.0987179487179487,0.1937766828076412,0.0043829864748939,0.2438203999990946,0.234375,16384,310,155,2480,2480,-1,cpu,1,2.14.1+cu130,,
nn_linear,[],linear,2,40,2,0.5,1400,1120,0.0987179487179487,2.138232103975748,0.0151891474738747,64.23828530000173,60.671875,61440,390,390,3120,1560,-1,cpu,1,2.14.1+cu130,139.65,0.325
nn_32_relu,[32],ReLU,2,40,2,0.5,1400,1120,0.0987179487179487,0.068363582166741,0.0002889316407484,71.50858020000305,68.359375,88133632,8880,8880,71040,35520,-1,cpu,1,2.14.1+cu130,101.7,0.025
mle,,,3,40,2,0.5,600,600,0.0987179487179487,0.3706085915615099,0.0032167276272399,0.2469940000009955,0.25,0,310,155,2480,2480,-1,cpu,1,2.14.1+cu130,,
nn_linear,[],linear,3,40,2,0.5,600,480,0.0987179487179487,1.6272541235132136,0.0102529658358473,34.32028929999797,33.140625,-6098944,390,390,3120,1560,-1,cpu,1,2.14.1+cu130,169.0,0.675
nn_32_relu,[32],ReLU,3,40,2,0.5,600,480,0.0987179487179487,0.210056734867294,0.0012752802524364,35.804346899996744,34.78125,-364544,8880,8880,71040,35520,-1,cpu,1,2.14.1+cu130,116.1,0.175
mle,,,3,40,2,0.5,1000,1000,0.0987179487179487,0.247388824109923,0.0027388862995472,0.2410308000035002,0.25,0,310,155,2480,2480,-1,cpu,1,2.14.1+cu130,,
nn_linear,[],linear,3,40,2,0.5,1000,800,0.0987179487179487,1.371771111070338,0.0106221420937038,50.3978769000023,48.875,-565248,390,390,3120,1560,-1,cpu,1,2.14.1+cu130,156.75,0.475
nn_32_relu,[32],ReLU,3,40,2,0.5,1000,800,0.0987179487179487,0.1408766352318732,0.001294781915207,44.05806470000243,41.984375,143360,8880,8880,71040,35520,-1,cpu,1,2.14.1+cu130,87.475,0.025
mle,,,3,40,2,0.5,1400,1400,0.0987179487179487,0.1504749084383123,0.0010173681931287,0.3004978999961167,0.234375,0,310,155,2480,2480,-1,cpu,1,2.14.1+cu130,,
nn_linear,[],linear,3,40,2,0.5,1400,1120,0.0987179487179487,1.2358742561741412,0.011538981236746,69.59772130000056,67.125,-704512,390,390,3120,1560,-1,cpu,1,2.14.1+cu130,157.4,0.5
nn_32_relu,[32],ReLU,3,40,2,0.5,1400,1120,0.0987179487179487,0.0732809073230134,0.0005107021626229,61.42152720000013,58.359375,-77873152,8880,8880,71040,35520,-1,cpu,1,2.14.1+cu130,87.325,0.0
mle,,,4,40,2,0.5,600,600,0.0987179487179487,0.2184352115805328,0.0015267374978858,0.2452917999980854,0.21875,4096,310,155,2480,2480,-1,cpu,1,2.14.1+cu130,,
nn_linear,[],linear,4,40,2,0.5,600,480,0.0987179487179487,1.9333176982792324,0.0054666700486309,36.50242789999902,35.453125,-5963776,390,390,3120,1560,-1,cpu,1,2.14.1+cu130,181.375,0.65
nn_32_relu,[32],ReLU,4,40,2,0.5,600,480,0.0987179487179487,0.1871326400336719,0.0006136107488203,31.770138699997915,30.5625,116084736,8880,8880,71040,35520,-1,cpu,1,2.14.1+cu130,101.325,0.05
mle,,,4,40,2,0.5,1000,1000,0.0987179487179487,0.16004834865427,0.0013870850800443,0.2549908000000869,0.234375,0,310,155,2480,2480,-1,cpu,1,2.14.1+cu130,,
nn_linear,[],linear,4,40,2,0.5,1000,800,0.0987179487179487,1.651092134762299,0.0050041775306677,49.7863728999946,47.640625,-106496,390,390,3120,1560,-1,cpu,1,2.14.1+cu130,152.675,0.4
nn_32_relu,[32],ReLU,4,40,2,0.5,1000,800,0.0987179487179487,0.1243071926918171,0.0005983252248238,45.22852439999406,43.359375,-446464,8880,8880,71040,35520,-1,cpu,1,2.14.1+cu130,89.375,0.05
mle,,,4,40,2,0.5,1400,1400,0.0987179487179487,0.1506185076238637,0.0013774529062765,0.238731600002211,0.25,0,310,155,2480,2480,-1,cpu,1,2.14.1+cu130,,
nn_linear,[],linear,4,40,2,0.5,1400,1120,0.0987179487179487,1.565700031570211,0.005121415933721,65.73948089999612,61.03125,16384,390,390,3120,1560,-1,cpu,1,2.14.1+cu130,141.35,0.325
nn_32_relu,[32],ReLU,4,40,2,0.5,1400,1120,0.0987179487179487,0.0938711498767758,0.0003723971656363,55.7698606000049,52.09375,-175210496,8880,8880,71040,35520,-1,cpu,1,2.14.1+cu130,78.025,0.025
mle,,,2,40,2,1.0,600,600,0.0987179487179487,0.2976622552082782,0.0026168847613946,0.2527270999999018,0.25,0,310,155,2480,2480,-1,cpu,1,2.14.1+cu130,,
nn_linear,[],linear,2,40,2,1.0,600,480,0.0987179487179487,1.3479882105692218,0.0043424902887863,31.04589320000377,29.96875,144314368,390,390,3120,1560,-1,cpu,1,2.14.1+cu130,150.8,0.4
nn_32_relu,[32],ReLU,2,40,2,1.0,600,480,0.0987179487179487,0.2152524376319895,0.0005878521535012,26.81490810000105,26.0,-704512,8880,8880,71040,35520,-1,cpu,1,2.14.1+cu130,86.225,0.025
mle,,,2,40,2,1.0,1000,1000,0.0987179487179487,0.1556692086479663,0.0017298671197057,0.2466138999952818,0.25,0,310,155,2480,2480,-1,cpu,1,2.14.1+cu130,,
nn_linear,[],linear,2,40,2,1.0,1000,800,0.0987179487179487,1.2294088223367687,0.0058116660329469,42.0887767000022,40.8125,-163840,390,390,3120,1560,-1,cpu,1,2.14.1+cu130,130.625,0.2
nn_32_relu,[32],ReLU,2,40,2,1.0,1000,800,0.0987179487179487,0.117708973048028,0.0004236755311216,36.71542279999994,35.859375,-655360,8880,8880,71040,35520,-1,cpu,1,2.14.1+cu130,74.725,0.025
mle,,,2,40,2,1.0,1400,1400,0.0987179487179487,0.0743200748696574,0.001210655355331,0.2588605000055395,0.265625,0,310,155,2480,2480,-1,cpu,1,2.14.1+cu130,,
nn_linear,[],linear,2,40,2,1.0,1400,1120,0.0987179487179487,1.2048064373275436,0.0050757507471929,47.51238590000139,45.46875,-90341376,390,390,3120,1560,-1,cpu,1,2.14.1+cu130,105.8,0.125
nn_32_relu,[32],ReLU,2,40,2,1.0,1400,1120,0.0987179487179487,0.0944142645124179,0.000378666443447,42.317308600002434,40.359375,-417792,8880,8880,71040,35520,-1,cpu,1,2.14.1+cu130,60.65,0.0
mle,,,1,40,2,1.0,600,600,0.0987179487179487,0.4196588650614608,0.0210276293342333,0.2404597999993711,0.234375,0,310,155,2480,2480,-1,cpu,1,2.14.1+cu130,,
nn_linear,[],linear,1,40,2,1.0,600,480,0.0987179487179487,1.564254231987288,0.0065788716212712,32.76802369999496,30.921875,-5304320,390,390,3120,1560,-1,cpu,1,2.14.1+cu130,157.5,0.475
nn_32_relu,[32],ReLU,1,40,2,1.0,600,480,0.0987179487179487,0.229516674917532,0.0018005414508249,30.3155293000018,28.953125,-200704,8880,8880,71040,35520,-1,cpu,1,2.14.1+cu130,95.625,0.0
mle,,,1,40,2,1.0,1000,1000,0.0987179487179487,0.1664765845990553,0.0088135914994016,0.2661582000000635,0.234375,0,310,155,2480,2480,-1,cpu,1,2.14.1+cu130,,
nn_linear,[],linear,1,40,2,1.0,1000,800,0.0987179487179487,1.3768087353693366,0.0064640873079415,45.66007549999631,44.15625,-143360,390,390,3120,1560,-1,cpu,1,2.14.1+cu130,140.575,0.25
nn_32_relu,[32],ReLU,1,40,2,1.0,1000,800,0.0987179487179487,0.1500392196618981,0.0013774365246379,40.32646730000124,38.84375,-663552,8880,8880,71040,35520,-1,cpu,1,2.14.1+cu130,81.625,0.0
mle,,,1,40,2,1.0,1400,1400,0.0987179487179487,0.0622931804486939,0.0005253106048635,0.2396135000017238,0.234375,0,310,155,2480,2480,-1,cpu,1,2.14.1+cu130,,
nn_linear,[],linear,1,40,2,1.0,1400,1120,0.0987179487179487,1.3049561277378323,0.0065713422878186,59.06871130000218,56.984375,-191651840,390,390,3120,1560,-1,cpu,1,2.14.1+cu130,132.6,0.225
nn_32_relu,[32],ReLU,1,40,2,1.0,1400,1120,0.0987179487179487,0.084124788298474,0.0007372081959023,53.87908420000167,51.6875,-626688,8880,8880,71040,35520,-1,cpu,1,2.14.1+cu130,77.975,0.025
mle,,,3,40,2,1.0,600,600,0.0987179487179487,0.4046921887655719,0.0076564451443472,0.2527889999983017,0.25,0,310,155,2480,2480,-1,cpu,1,2.14.1+cu130,,
nn_linear,[],linear,3,40,2,1.0,600,480,0.0987179487179487,2.0501483973311325,0.0062443644405524,30.41276360000484,29.15625,-4796416,390,390,3120,1560,-1,cpu,1,2.14.1+cu130,146.15,0.425
nn_32_relu,[32],ReLU,3,40,2,1.0,600,480,0.0987179487179487,0.2407577379907436,0.0009847626132906,30.30586059999769,29.328125,-118784,8880,8880,71040,35520,-1,cpu,1,2.14.1+cu130,96.575,0.025
mle,,,3,40,2,1.0,1000,1000,0.0987179487179487,0.1565533911017301,0.0019872637350076,0.24908279999363,0.25,16384,310,155,2480,2480,-1,cpu,1,2.14.1+cu130,,
nn_linear,[],linear,3,40,2,1.0,1000,800,0.0987179487179487,1.7510263611647627,0.0060324507792967,42.368685199995525,41.234375,94208,390,390,3120,1560,-1,cpu,1,2.14.1+cu130,132.3,0.275
nn_32_relu,[32],ReLU,3,40,2,1.0,1000,800,0.0987179487179487,0.1549045280438333,0.0006220946569304,40.25322849999793,38.84375,107683840,8880,8880,71040,35520,-1,cpu,1,2.14.1+cu130,81.375,0.0
mle,,,3,40,2,1.0,1400,1400,0.0987179487179487,0.1387263947759704,0.0019208885195558,0.2433396999986143,0.21875,0,310,155,2480,2480,-1,cpu,1,2.14.1+cu130,,
nn_linear,[],linear,3,40,2,1.0,1400,1120,0.0987179487179487,1.6633820743769994,0.0060700293060766,56.86719580000499,53.84375,-89325568,390,390,3120,1560,-1,cpu,1,2.14.1+cu130,124.85,0.225
nn_32_relu,[32],ReLU,3,40,2,1.0,1400,1120,0.0987179487179487,0.0896140014345414,0.0005145846033062,56.02391869999701,52.09375,-516096,8880,8880,71040,35520,-1,cpu,1,2.14.1+cu130,77.3,0.05
mle,,,5,40,2,0.5,600,600,0.0987179487179487,0.5708094708803328,0.0144517795894227,0.2950170000040089,0.265625,0,310,155,2480,2480,-1,cpu,1,2.14.1+cu130,,
nn_linear,[],linear,5,40,2,0.5,600,480,0.0987179487179487,1.2059494374211377,0.0068920087376137,35.80249220000405,34.078125,-5095424,390,390,3120,1560,-1,cpu,1,2.14.1+cu130,174.4,0.675
nn_32_relu,[32],ReLU,5,40,2,0.5,600,480,0.0987179487179487,0.2189848819331676,0.0018578330275263,35.60385210000095,34.28125,-339968,8880,8880,71040,35520,-1,cpu,1,2.14.1+cu130,114.125,0.1
mle,,,5,40,2,0.5,1000,1000,0.0987179487179487,0.2862183947125806,0.010442804649779,0.2836095000020577,0.265625,0,310,155,2480,2480,-1,cpu,1,2.14.1+cu130,,
nn_linear,[],linear,5,40,2,0.5,1000,800,0.0987179487179487,0.9793833592378506,0.006578139709516,54.775470000000496,51.09375,221184,390,390,3120,1560,-1,cpu,1,2.14.1+cu130,161.7,0.575
nn_32_relu,[32],ReLU,5,40,2,0.5,1000,800,0.0987179487179487,0.1506555052704607,0.0016269932735101,40.65780789999553,38.1875,-589824,8880,8880,71040,35520,-1,cpu,1,2.14.1+cu130,78.85,0.0
mle,,,5,40,2,0.5,1400,1400,0.0987179487179487,0.2363171991884391,0.0111187808619583,0.2487718000047607,0.25,0,310,155,2480,2480,-1,cpu,1,2.14.1+cu130,,
nn_linear,[],linear,5,40,2,0.5,1400,1120,0.0987179487179487,0.919483465336178,0.0072169827121296,68.20338440000342,64.140625,-327680,390,390,3120,1560,-1,cpu,1,2.14.1+cu130,149.075,0.275
nn_32_relu,[32],ReLU,5,40,2,0.5,1400,1120,0.0987179487179487,0.0769049156155418,0.0012404980531869,62.14890400000149,57.921875,-368640,8880,8880,71040,35520,-1,cpu,1,2.14.1+cu130,85.525,0.025
mle,,,5,40,2,1.0,600,600,0.0987179487179487,0.5137480424447138,0.021100162050879,0.240420100002666,0.25,0,310,155,2480,2480,-1,cpu,1,2.14.1+cu130,,
nn_linear,[],linear,5,40,2,1.0,600,480,0.0987179487179487,0.9105758609762428,0.0049438551118559,33.679551999994146,32.3125,-5279744,390,390,3120,1560,-1,cpu,1,2.14.1+cu130,168.3,0.575
nn_32_relu,[32],ReLU,5,40,2,1.0,600,480,0.0987179487179487,0.2359462380740354,0.0015740135422609,25.328677999998035,24.4375,-745472,8880,8880,71040,35520,-1,cpu,1,2.14.1+cu130,82.15,0.025
mle,,,5,40,2,1.0,1000,1000,0.0987179487179487,0.2158334627358982,0.0122350626783069,0.2501149000017904,0.25,0,310,155,2480,2480,-1,cpu,1,2.14.1+cu130,,
nn_linear,[],linear,5,40,2,1.0,1000,800,0.0987179487179487,0.8105226709042053,0.0036545033003871,46.48680969999987,44.625,-31272960,390,390,3120,1560,-1,cpu,1,2.14.1+cu130,142.125,0.35
nn_32_relu,[32],ReLU,5,40,2,1.0,1000,800,0.0987179487179487,0.1398650566434701,0.0011325448570046,32.55163079999329,31.15625,-102400,8880,8880,71040,35520,-1,cpu,1,2.14.1+cu130,65.525,0.0
mle,,,5,40,2,1.0,1400,1400,0.0987179487179487,0.0715088605785943,0.0004203177608532,0.2448146999959135,0.25,0,310,155,2480,2480,-1,cpu,1,2.14.1+cu130,,
nn_linear,[],linear,5,40,2,1.0,1400,1120,0.0987179487179487,0.7843906499485329,0.0041798584466403,52.56154349999997,50.546875,-499712,390,390,3120,1560,-1,cpu,1,2.14.1+cu130,117.1,0.15
nn_32_relu,[32],ReLU,5,40,2,1.0,1400,1120,0.0987179487179487,0.0907542566276049,0.0008004506349559,40.05179769999813,38.609375,-692224,8880,8880,71040,35520,-1,cpu,1,2.14.1+cu130,58.1,0.0
mle,,,4,40,2,1.0,600,600,0.0987179487179487,0.4229322965447774,0.0074978797951545,0.2569199999998091,0.25,0,310,155,2480,2480,-1,cpu,1,2.14.1+cu130,,
nn_linear,[],linear,4,40,2,1.0,600,480,0.0987179487179487,1.75413105812739,0.010610687082614,34.15147530000104,32.015625,-5054464,390,390,3120,1560,-1,cpu,1,2.14.1+cu130,162.175,0.4
nn_32_relu,[32],ReLU,4,40,2,1.0,600,480,0.0987179487179487,0.1945326774869786,0.0010052383170917,31.344823400002497,30.515625,-57344,8880,8880,71040,35520,-1,cpu,1,2.14.1+cu130,102.15,0.0
mle,,,4,40,2,1.0,1000,1000,0.0987179487179487,0.287170233372439,0.0068255450697983,0.2491791000065859,0.234375,20480,310,155,2480,2480,-1,cpu,1,2.14.1+cu130,,
nn_linear,[],linear,4,40,2,1.0,1000,800,0.0987179487179487,1.6380312393049947,0.0104484921911411,43.682454199995846,41.78125,12288,390,390,3120,1560,-1,cpu,1,2.14.1+cu130,133.325,0.25
nn_32_relu,[32],ReLU,4,40,2,1.0,1000,800,0.0987179487179487,0.1084340547252012,0.0005345722161907,42.18454899999779,39.375,-111947776,8880,8880,71040,35520,-1,cpu,1,2.14.1+cu130,81.225,0.0
mle,,,4,40,2,1.0,1400,1400,0.0987179487179487,0.0943928022285036,0.0009092108040784,0.2567052999947918,0.21875,0,310,155,2480,2480,-1,cpu,1,2.14.1+cu130,,
nn_linear,[],linear,4,40,2,1.0,1400,1120,0.0987179487179487,1.600509064586807,0.0107678360485889,54.16098890000285,51.25,176013312,390,390,3120,1560,-1,cpu,1,2.14.1+cu130,116.225,0.1
nn_32_relu,[32],ReLU,4,40,2,1.0,1400,1120,0.0987179487179487,0.067602644082365,0.0002959638490713,56.1805131000001,51.6875,-352256,8880,8880,71040,35520,-1,cpu,1,2.14.1+cu130,76.45,0.0
mle,,,2,30,10,0.1,600,600,0.5632183908045977,2.048328891301152,0.0608415956014881,0.7018664000061108,0.625,20480,43006,21503,344048,344048,-1,cpu,1,2.14.1+cu130,,
nn_linear,[],linear,2,30,10,0.1,600,480,0.5632183908045977,4.622231126055914,0.0533592392385988,29.41601250000531,28.71875,-1495040,1042,1042,8336,4168,-1,cpu,1,2.14.1+cu130,194.6,0.9333333333333332
nn_32_relu,[32],ReLU,2,30,10,0.1,600,480,0.5632183908045977,1.3572103326910343,0.0460574505965731,36.42764859999443,35.015625,-2322432,18652,18652,149216,74608,-1,cpu,1,2.14.1+cu130,154.36666666666667,0.4333333333333333
mle,,,2,30,10,0.1,1000,1000,0.5632183908045977,1.6647915027296722,0.0511962677495065,0.6763168000034057,0.625,0,43006,21503,344048,344048,-1,cpu,1,2.14.1+cu130,,
nn_linear,[],linear,2,30,10,0.1,1000,800,0.5632183908045977,4.1934221465861485,0.0560586896271719,46.86444180000399,43.265625,-53047296,1042,1042,8336,4168,-1,cpu,1,2.14.1+cu130,181.36666666666667,0.7
nn_32_relu,[32],ReLU,2,30,10,0.1,1000,800,0.5632183908045977,0.9520060971680424,0.0356413337165462,55.94157579999592,52.484375,-3633152,18652,18652,149216,74608,-1,cpu,1,2.14.1+cu130,139.83333333333334,0.2
mle,,,2,30,10,0.1,1400,1400,0.5632183908045977,1.393187625583706,0.0468610149803118,0.7116533999942476,0.65625,-4096,43006,21503,344048,344048,-1,cpu,1,2.14.1+cu130,,
nn_linear,[],linear,2,30,10,0.1,1400,1120,0.5632183908045977,4.14121865074535,0.0563466336582186,59.21879260000424,54.625,2285568,1042,1042,8336,4168,-1,cpu,1,2.14.1+cu130,163.86666666666667,0.4666666666666667
nn_32_relu,[32],ReLU,2,30,10,0.1,1400,1120,0.5632183908045977,1.0020866316126142,0.0382149629629001,62.15433140000096,57.65625,-876544,18652,18652,149216,74608,-1,cpu,1,2.14.1+cu130,112.26666666666668,0.1333333333333333
mle,,,1,30,10,0.1,600,600,0.5632183908045977,3.045006962825705,0.0709320768281088,0.6971801000036066,0.65625,4096,43006,21503,344048,344048,-1,cpu,1,2.14.1+cu130,,
nn_linear,[],linear,1,30,10,0.1,600,480,0.5632183908045977,6.146343206358235,0.0379727563143459,26.72085069999593,25.71875,-995328,1042,1042,8336,4168,-1,cpu,1,2.14.1+cu130,174.43333333333334,0.7
nn_32_relu,[32],ReLU,1,30,10,0.1,600,480,0.5632183908045977,1.3615151315055238,0.0339171296611938,39.4117305999971,38.359375,-2498560,18652,18652,149216,74608,-1,cpu,1,2.14.1+cu130,167.36666666666667,0.5333333333333333
mle,,,1,30,10,0.1,1000,1000,0.5632183908045977,1.8525409257391472,0.0455941138947626,0.6522270000059507,0.65625,4096,43006,21503,344048,344048,-1,cpu,1,2.14.1+cu130,,
nn_linear,[],linear,1,30,10,0.1,1000,800,0.5632183908045977,5.675430057387282,0.0380782285423674,41.4269787000012,39.40625,-41881600,1042,1042,8336,4168,-1,cpu,1,2.14.1+cu130,166.36666666666667,0.6
nn_32_relu,[32],ReLU,1,30,10,0.1,1000,800,0.5632183908045977,1.0704365699015947,0.0340207077069579,60.72500480000599,57.734375,-3076096,18652,18652,149216,74608,-1,cpu,1,2.14.1+cu130,156.46666666666667,0.4333333333333333
mle,,,1,30,10,0.1,1400,1400,0.5632183908045977,1.4723494305131903,0.0385504521781745,0.672071799999685,0.65625,8192,43006,21503,344048,344048,-1,cpu,1,2.14.1+cu130,,
nn_linear,[],linear,1,30,10,0.1,1400,1120,0.5632183908045977,5.586143368398139,0.0401331644354287,58.59492010000395,56.140625,2392064,1042,1042,8336,4168,-1,cpu,1,2.14.1+cu130,173.0,0.6333333333333333
nn_32_relu,[32],ReLU,1,30,10,0.1,1400,1120,0.5632183908045977,0.8901587457034944,0.0355716134580737,88.17951950000133,83.265625,-1630208,18652,18652,149216,74608,-1,cpu,1,2.14.1+cu130,163.63333333333333,0.3666666666666666
mle,,,1,30,10,0.5,600,600,0.5632183908045977,33.3645507333352,0.2286011935406622,0.6244556000019656,0.59375,24576,43006,21503,344048,344048,-1,cpu,1,2.14.1+cu130,,
nn_linear,[],linear,1,30,10,0.5,600,480,0.5632183908045977,6.376977814606173,0.0186560490598703,17.185921500000404,16.53125,-1540096,1042,1042,8336,4168,-1,cpu,1,2.14.1+cu130,111.53333333333332,0.2
nn_32_relu,[32],ReLU,1,30,10,0.5,600,480,0.5632183908045977,4.575214974158163,0.0275444427802386,29.9763746000026,28.640625,-3018752,18652,18652,149216,74608,-1,cpu,1,2.14.1+cu130,127.2,0.2
mle,,,1,30,10,0.5,1000,1000,0.5632183908045977,25.31938366085636,0.2140340105469749,0.6060302999976557,0.59375,0,43006,21503,344048,344048,-1,cpu,1,2.14.1+cu130,,
nn_linear,[],linear,1,30,10,0.5,1000,800,0.5632183908045977,6.209466825544932,0.0186168397748166,24.593512100000225,23.265625,1347584,1042,1042,8336,4168,-1,cpu,1,2.14.1+cu130,98.2,0.2666666666666666
nn_32_relu,[32],ReLU,1,30,10,0.5,1000,800,0.5632183908045977,4.042031487489266,0.0273168398613029,44.17590399999608,42.75,-3182592,18652,18652,149216,74608,-1,cpu,1,2.14.1+cu130,115.83333333333331,0.1666666666666666
mle,,,1,30,10,0.5,1400,1400,0.5632183908045977,21.31620875103437,0.2009913834249508,0.6847225000019534,0.5625,24576,43006,21503,344048,344048,-1,cpu,1,2.14.1+cu130,,
nn_linear,[],linear,1,30,10,0.5,1400,1120,0.5632183908045977,6.105186855813998,0.0194638382502722,36.05234960000234,34.703125,1957888,1042,1042,8336,4168,-1,cpu,1,2.14.1+cu130,106.46666666666668,0.2333333333333333
nn_32_relu,[32],ReLU,1,30,10,0.5,1400,1120,0.5632183908045977,3.4497759876539376,0.0304484729291461,76.2385873999956,72.75,-1564672,18652,18652,149216,74608,-1,cpu,1,2.14.1+cu130,144.06666666666666,0.3333333333333333
mle,,,3,30,10,0.1,600,600,0.5632183908045977,1.0706469854157743,0.0395155486372114,0.7222776999988127,0.609375,-8192,43006,21503,344048,344048,-1,cpu,1,2.14.1+cu130,,
nn_linear,[],linear,3,30,10,0.1,600,480,0.5632183908045977,3.5808209961311004,0.0376528464258071,30.76821289999497,29.03125,-950272,1042,1042,8336,4168,-1,cpu,1,2.14.1+cu130,191.13333333333333,0.8666666666666667
nn_32_relu,[32],ReLU,3,30,10,0.1,600,480,0.5632183908045977,0.7220756054072899,0.0335330433165022,41.84069349999481,38.59375,-2338816,18652,18652,149216,74608,-1,cpu,1,2.14.1+cu130,170.23333333333332,0.5666666666666667
mle,,,3,30,10,0.1,1000,1000,0.5632183908045977,0.8862301410991166,0.0404748405589093,0.6586430000024848,0.609375,20480,43006,21503,344048,344048,-1,cpu,1,2.14.1+cu130,,
nn_linear,[],linear,3,30,10,0.1,1000,800,0.5632183908045977,3.058216126530853,0.0372987243878149,47.1978237000003,45.015625,557056,1042,1042,8336,4168,-1,cpu,1,2.14.1+cu130,188.1,0.8666666666666667
nn_32_relu,[32],ReLU,3,30,10,0.1,1000,800,0.5632183908045977,0.4966896073442345,0.027573695103781,56.3025523000033,54.046875,-3084288,18652,18652,149216,74608,-1,cpu,1,2.14.1+cu130,147.8,0.3333333333333333
mle,,,3,30,10,0.1,1400,1400,0.5632183908045977,0.774738940534025,0.0388267628038031,0.6553798999957507,0.640625,0,43006,21503,344048,344048,-1,cpu,1,2.14.1+cu130,,
nn_linear,[],linear,3,30,10,0.1,1400,1120,0.5632183908045977,2.8197453176488767,0.0418657796248997,63.361365299999306,59.859375,2576384,1042,1042,8336,4168,-1,cpu,1,2.14.1+cu130,186.06666666666663,0.7333333333333333
nn_32_relu,[32],ReLU,3,30,10,0.1,1400,1120,0.5632183908045977,0.545140042202584,0.0270185198861003,63.25757799999701,60.859375,-1089536,18652,18652,149216,74608,-1,cpu,1,2.14.1+cu130,120.2,0.2333333333333333
mle,,,2,30,10,0.5,600,600,0.5632183908045977,35.25284397315439,0.2379291723737256,0.6157010000024457,0.59375,61440,43006,21503,344048,344048,-1,cpu,1,2.14.1+cu130,,
nn_linear,[],linear,2,30,10,0.5,600,480,0.5632183908045977,6.845189872040795,0.0203877364467978,19.15304660000401,18.46875,-937984,1042,1042,8336,4168,-1,cpu,1,2.14.1+cu130,124.93333333333334,0.3
nn_32_relu,[32],ReLU,2,30,10,0.5,600,480,0.5632183908045977,4.784832145165592,0.0262122275595679,30.185447299998486,28.984375,-2543616,18652,18652,149216,74608,-1,cpu,1,2.14.1+cu130,125.63333333333334,0.2
mle,,,2,30,10,0.5,1000,1000,0.5632183908045977,29.568084894305382,0.2429133086520818,0.6090769000002183,0.59375,24576,43006,21503,344048,344048,-1,cpu,1,2.14.1+cu130,,
nn_linear,[],linear,2,30,10,0.5,1000,800,0.5632183908045977,6.711694083367921,0.0195967805884573,22.634716799999296,21.5625,634880,1042,1042,8336,4168,-1,cpu,1,2.14.1+cu130,91.16666666666669,0.1
nn_32_relu,[32],ReLU,2,30,10,0.5,1000,800,0.5632183908045977,4.106813805413755,0.0271288679158099,50.3250079999998,48.796875,-3117056,18652,18652,149216,74608,-1,cpu,1,2.14.1+cu130,132.03333333333333,0.1333333333333333
mle,,,2,30,10,0.5,1400,1400,0.5632183908045977,25.20658758603077,0.2323757678318107,0.5958352000016021,0.59375,106496,43006,21503,344048,344048,-1,cpu,1,2.14.1+cu130,,
nn_linear,[],linear,2,30,10,0.5,1400,1120,0.5632183908045977,6.688429880664393,0.0202791474198697,26.24047679999785,25.109375,2113536,1042,1042,8336,4168,-1,cpu,1,2.14.1+cu130,77.2,0.0666666666666666
nn_32_relu,[32],ReLU,2,30,10,0.5,1400,1120,0.5632183908045977,3.777443305166336,0.0273413341530869,73.56860500000039,69.78125,-749568,18652,18652,149216,74608,-1,cpu,1,2.14.1+cu130,138.53333333333333,0.3333333333333333
mle,,,5,30,10,0.1,600,600,0.5632183908045977,1.0805250496378211,0.0319739754285675,0.6488672999985283,0.625,16384,43006,21503,344048,344048,-1,cpu,1,2.14.1+cu130,,
nn_linear,[],linear,5,30,10,0.1,600,480,0.5632183908045977,2.736815319816247,0.0375250110819428,30.219993900005647,28.875,-987136,1042,1042,8336,4168,-1,cpu,1,2.14.1+cu130,195.76666666666668,0.9
nn_32_relu,[32],ReLU,5,30,10,0.1,600,480,0.5632183908045977,0.6104617394566062,0.031026408586312,37.70070960000157,36.0625,-2678784,18652,18652,149216,74608,-1,cpu,1,2.14.1+cu130,158.73333333333332,0.3666666666666666
mle,,,5,30,10,0.1,1000,1000,0.5632183908045977,0.724963427688285,0.0289239754774935,0.6536558999941917,0.625,8192,43006,21503,344048,344048,-1,cpu,1,2.14.1+cu130,,
nn_linear,[],linear,5,30,10,0.1,1000,800,0.5632183908045977,2.2366489925226145,0.0359066145571609,46.971695200001705,44.1875,430080,1042,1042,8336,4168,-1,cpu,1,2.14.1+cu130,186.8,0.8666666666666667
nn_32_relu,[32],ReLU,5,30,10,0.1,1000,800,0.5632183908045977,0.5258421011465536,0.0264055518925309,47.12796859999799,44.03125,-2052096,18652,18652,149216,74608,-1,cpu,1,2.14.1+cu130,118.33333333333331,0.2
mle,,,5,30,10,0.1,1400,1400,0.5632183908045977,0.5656094792734495,0.027933170065494,0.6629867000010563,0.640625,0,43006,21503,344048,344048,-1,cpu,1,2.14.1+cu130,,
nn_linear,[],linear,5,30,10,0.1,1400,1120,0.5632183908045977,1.9967081962580555,0.0350431453996192,64.31211279999843,61.40625,1961984,1042,1042,8336,4168,-1,cpu,1,2.14.1+cu130,187.13333333333333,0.8
nn_32_relu,[32],ReLU,5,30,10,0.1,1400,1120,0.5632183908045977,0.4130929741390215,0.022865141162699,55.78039230000286,52.71875,-696320,18652,18652,149216,74608,-1,cpu,1,2.14.1+cu130,104.56666666666666,0.1666666666666666
mle,,,1,30,10,1.0,600,600,0.5632183908045977,69.90765266439465,0.2664441053212772,0.5823836999988998,0.578125,49152,43006,21503,344048,344048,-1,cpu,1,2.14.1+cu130,,
nn_linear,[],linear,1,30,10,1.0,600,480,0.5632183908045977,4.955843643130084,0.0104981584219942,13.684710800000175,13.15625,-1130496,1042,1042,8336,4168,-1,cpu,1,2.14.1+cu130,89.26666666666667,0.1
nn_32_relu,[32],ReLU,1,30,10,1.0,600,480,0.5632183908045977,4.426779356641541,0.011015936589695,14.831292499999108,14.21875,-3039232,18652,18652,149216,74608,-1,cpu,1,2.14.1+cu130,63.266666666666666,0.0666666666666666
mle,,,1,30,10,1.0,1000,1000,0.5632183908045977,68.64705838723407,0.2760407201695123,0.5648577000029036,0.53125,0,43006,21503,344048,344048,-1,cpu,1,2.14.1+cu130,,
nn_linear,[],linear,1,30,10,1.0,1000,800,0.5632183908045977,4.839324337141121,0.0100711296972673,18.733402199999546,17.984375,507904,1042,1042,8336,4168,-1,cpu,1,2.14.1+cu130,76.16666666666667,0.0333333333333333
nn_32_relu,[32],ReLU,1,30,10,1.0,1000,800,0.5632183908045977,4.136971391154959,0.0115057946531729,30.4234215999968,29.140625,-2863104,18652,18652,149216,74608,-1,cpu,1,2.14.1+cu130,80.1,0.1
mle,,,1,30,10,1.0,1400,1400,0.5632183908045977,63.9224052423581,0.2788871611433751,0.5519093999973848,0.5,49152,43006,21503,344048,344048,-1,cpu,1,2.14.1+cu130,,
nn_linear,[],linear,1,30,10,1.0,1400,1120,0.5632183908045977,4.809589796226626,0.0099876867000841,22.85744110000087,22.046875,2228224,1042,1042,8336,4168,-1,cpu,1,2.14.1+cu130,68.43333333333334,0.0
nn_32_relu,[32],ReLU,1,30,10,1.0,1400,1120,0.5632183908045977,3.9173151259132255,0.0118387184171212,54.97790279999754,51.671875,-819200,18652,18652,149216,74608,-1,cpu,1,2.14.1+cu130,102.6,0.1
mle,,,3,30,10,0.5,600,600,0.5632183908045977,33.542415064260425,0.2436939676535705,0.6689727999983006,0.609375,-8192,43006,21503,344048,344048,-1,cpu,1,2.14.1+cu130,,
nn_linear,[],linear,3,30,10,0.5,600,480,0.5632183908045977,6.535798454916312,0.0203966317273662,18.44308959999762,17.78125,-1314816,1042,1042,8336,4168,-1,cpu,1,2.14.1+cu130,120.53333333333332,0.2666666666666666
nn_32_relu,[32],ReLU,3,30,10,0.5,600,480,0.5632183908045977,4.880539986890114,0.0279143382235497,27.76145600000018,26.890625,-2347008,18652,18652,149216,74608,-1,cpu,1,2.14.1+cu130,117.76666666666668,0.1333333333333333
mle,,,3,30,10,0.5,1000,1000,0.5632183908045977,27.92151682281492,0.2317598925955328,0.5997435000026599,0.578125,40960,43006,21503,344048,344048,-1,cpu,1,2.14.1+cu130,,
nn_linear,[],linear,3,30,10,0.5,1000,800,0.5632183908045977,6.465499668987806,0.021117006434156,27.72558790000039,26.8125,1163264,1042,1042,8336,4168,-1,cpu,1,2.14.1+cu130,112.63333333333334,0.1
nn_32_relu,[32],ReLU,3,30,10,0.5,1000,800,0.5632183908045977,4.194929489556983,0.0308523041652057,52.41186819999712,50.25,-2932736,18652,18652,149216,74608,-1,cpu,1,2.14.1+cu130,137.3,0.2333333333333333
mle,,,3,30,10,0.5,1400,1400,0.5632183908045977,24.207743296756373,0.2341949862287936,0.5885099000006448,0.578125,0,43006,21503,344048,344048,-1,cpu,1,2.14.1+cu130,,
nn_linear,[],linear,3,30,10,0.5,1400,1120,0.5632183908045977,6.397114534759033,0.0209790094960305,34.186431499998434,31.1875,2789376,1042,1042,8336,4168,-1,cpu,1,2.14.1+cu130,94.7,0.0666666666666666
nn_32_relu,[32],ReLU,3,30,10,0.5,1400,1120,0.5632183908045977,3.832130176812929,0.0310779661012517,70.114963299995,65.828125,-3117056,18652,18652,149216,74608,-1,cpu,1,2.14.1+cu130,129.86666666666667,0.1666666666666666
mle,,,2,30,10,1.0,600,600,0.5632183908045977,62.19381872288084,0.2778998476850772,0.6167462000012165,0.609375,24576,43006,21503,344048,344048,-1,cpu,1,2.14.1+cu130,,
nn_linear,[],linear,2,30,10,1.0,600,480,0.5632183908045977,4.945449812511524,0.0115830659595875,14.917983399995135,13.65625,-1314816,1042,1042,8336,4168,-1,cpu,1,2.14.1+cu130,89.4,0.1
nn_32_relu,[32],ReLU,2,30,10,1.0,600,480,0.5632183908045977,4.236317184260106,0.0137662203468684,20.482419400002986,18.953125,-2273280,18652,18652,149216,74608,-1,cpu,1,2.14.1+cu130,82.86666666666666,0.1
mle,,,2,30,10,1.0,1000,1000,0.5632183908045977,59.72781186666348,0.2991941280736054,0.6345339999970747,0.5625,28672,43006,21503,344048,344048,-1,cpu,1,2.14.1+cu130,,
nn_linear,[],linear,2,30,10,1.0,1000,800,0.5632183908045977,4.829077574607069,0.0105096802545095,20.1239104999986,17.78125,1097728,1042,1042,8336,4168,-1,cpu,1,2.14.1+cu130,74.0,0.0333333333333333
nn_32_relu,[32],ReLU,2,30,10,1.0,1000,800,0.5632183908045977,3.8944015852354505,0.015054415005084,38.410905900003854,34.875,-3428352,18652,18652,149216,74608,-1,cpu,1,2.14.1+cu130,93.46666666666668,0.1
mle,,,2,30,10,1.0,1400,1400,0.5632183908045977,54.296057337727255,0.3040297349201373,0.5626422999994247,0.53125,28672,43006,21503,344048,344048,-1,cpu,1,2.14.1+cu130,,
nn_linear,[],linear,2,30,10,1.0,1400,1120,0.5632183908045977,4.786069047157107,0.0103341435026958,24.564321500001824,22.96875,2240512,1042,1042,8336,4168,-1,cpu,1,2.14.1+cu130,69.0,0.0333333333333333
nn_32_relu,[32],ReLU,2,30,10,1.0,1400,1120,0.5632183908045977,3.673140179877105,0.0141050770238434,48.20019529999991,45.109375,-1658880,18652,18652,149216,74608,-1,cpu,1,2.14.1+cu130,89.06666666666666,0.0666666666666666
mle,,,4,30,10,0.5,600,600,0.5632183908045977,34.39395099879913,0.2214430318589019,0.653835799996159,0.625,12288,43006,21503,344048,344048,-1,cpu,1,2.14.1+cu130,,
nn_linear,[],linear,4,30,10,0.5,600,480,0.5632183908045977,6.636591019790219,0.0154576536933969,19.39952940000512,18.453125,-860160,1042,1042,8336,4168,-1,cpu,1,2.14.1+cu130,121.83333333333331,0.2333333333333333
nn_32_relu,[32],ReLU,4,30,10,0.5,600,480,0.5632183908045977,5.054683690427792,0.0276263776156675,30.67380000000412,29.875,-2318336,18652,18652,149216,74608,-1,cpu,1,2.14.1+cu130,130.8,0.2666666666666666
mle,,,4,30,10,0.5,1000,1000,0.5632183908045977,28.294179462423845,0.2165902220557288,0.6123412000015378,0.578125,32768,43006,21503,344048,344048,-1,cpu,1,2.14.1+cu130,,
nn_linear,[],linear,4,30,10,0.5,1000,800,0.5632183908045977,6.561388463386937,0.0143277975537274,21.76526130000275,20.890625,479232,1042,1042,8336,4168,-1,cpu,1,2.14.1+cu130,89.66666666666667,0.1
nn_32_relu,[32],ReLU,4,30,10,0.5,1000,800,0.5632183908045977,4.266051595187966,0.0286726550570257,51.87109420000343,49.828125,-2863104,18652,18652,149216,74608,-1,cpu,1,2.14.1+cu130,134.1,0.2
mle,,,4,30,10,0.5,1400,1400,0.5632183908045977,24.94715357273685,0.2174034566618411,0.5975770000004559,0.578125,122880,43006,21503,344048,344048,-1,cpu,1,2.14.1+cu130,,
nn_linear,[],linear,4,30,10,0.5,1400,1120,0.5632183908045977,6.413552429305135,0.0156171959965082,32.20669119999366,31.28125,2355200,1042,1042,8336,4168,-1,cpu,1,2.14.1+cu130,94.76666666666668,0.2
nn_32_relu,[32],ReLU,4,30,10,0.5,1400,1120,0.5632183908045977,3.605978242498732,0.0287211049980043,82.55936789999396,77.359375,-2424832,18652,18652,149216,74608,-1,cpu,1,2.14.1+cu130,154.03333333333333,0.3666666666666666
mle,,,4,30,10,0.1,600,600,0.5632183908045977,1.3817622825125542,0.0486766259640614,0.6932851000019582,0.625,8192,43006,21503,344048,344048,-1,cpu,1,2.14.1+cu130,,
nn_linear,[],linear,4,30,10,0.1,600,480,0.5632183908045977,2.880215113234188,0.0374990755731279,29.26853839999967,27.734375,-1269760,1042,1042,8336,4168,-1,cpu,1,2.14.1+cu130,185.3,0.7333333333333333
nn_32_relu,[32],ReLU,4,30,10,0.1,600,480,0.5632183908045977,0.894087448818257,0.0362134284129089,35.44531780000398,33.90625,-2613248,18652,18652,149216,74608,-1,cpu,1,2.14.1+cu130,147.43333333333334,0.3666666666666666
mle,,,4,30,10,0.1,1000,1000,0.5632183908045977,1.0507427929036683,0.044049709518109,0.6869621000005282,0.640625,8192,43006,21503,344048,344048,-1,cpu,1,2.14.1+cu130,,
nn_linear,[],linear,4,30,10,0.1,1000,800,0.5632183908045977,2.464191779370261,0.039494756644658,49.26980960000219,46.5625,536576,1042,1042,8336,4168,-1,cpu,1,2.14.1+cu130,194.1,0.9
nn_32_relu,[32],ReLU,4,30,10,0.1,1000,800,0.5632183908045977,0.5373252250434573,0.0283192973137512,62.29765529999713,57.53125,-2875392,18652,18652,149216,74608,-1,cpu,1,2.14.1+cu130,154.5,0.3666666666666666
mle,,,4,30,10,0.1,1400,1400,0.5632183908045977,0.8496737148123994,0.0335278959118614,0.7026781000022311,0.65625,0,43006,21503,344048,344048,-1,cpu,1,2.14.1+cu130,,
nn_linear,[],linear,4,30,10,0.1,1400,1120,0.5632183908045977,2.3124965047091623,0.0395835903171677,67.83823770000163,63.28125,4149248,1042,1042,8336,4168,-1,cpu,1,2.14.1+cu130,193.1,0.8666666666666667
nn_32_relu,[32],ReLU,4,30,10,0.1,1400,1120,0.5632183908045977,0.4051733670485934,0.0259516912447917,87.46102599999722,82.453125,-5054464,18652,18652,149216,74608,-1,cpu,1,2.14.1+cu130,161.8,0.4
mle,,,5,30,10,0.5,600,600,0.5632183908045977,33.492480044812055,0.2180573780586108,0.620114299999841,0.609375,12288,43006,21503,344048,344048,-1,cpu,1,2.14.1+cu130,,
nn_linear,[],linear,5,30,10,0.5,600,480,0.5632183908045977,6.489950101851049,0.0150865785671245,15.04936489999818,14.5625,-1687552,1042,1042,8336,4168,-1,cpu,1,2.14.1+cu130,98.03333333333332,0.1666666666666666
nn_32_relu,[32],ReLU,5,30,10,0.5,600,480,0.5632183908045977,4.700511253548977,0.024657974221056,30.33344709999801,29.28125,-2617344,18652,18652,149216,74608,-1,cpu,1,2.14.1+cu130,128.6,0.2333333333333333
mle,,,5,30,10,0.5,1000,1000,0.5632183908045977,24.61343954802163,0.1984366913225518,0.6286247000025469,0.609375,0,43006,21503,344048,344048,-1,cpu,1,2.14.1+cu130,,
nn_linear,[],linear,5,30,10,0.5,1000,800,0.5632183908045977,6.282467559664051,0.0157295817279993,23.69754900000408,22.5625,344064,1042,1042,8336,4168,-1,cpu,1,2.14.1+cu130,95.46666666666668,0.1
nn_32_relu,[32],ReLU,5,30,10,0.5,1000,800,0.5632183908045977,3.825428422304343,0.0259851136193879,51.47465509999893,46.75,-2490368,18652,18652,149216,74608,-1,cpu,1,2.14.1+cu130,124.23333333333332,0.1666666666666666
mle,,,5,30,10,0.5,1400,1400,0.5632183908045977,21.821631950028515,0.1948057495331978,0.6200143000023672,0.59375,-8192,43006,21503,344048,344048,-1,cpu,1,2.14.1+cu130,,
nn_linear,[],linear,5,30,10,0.5,1400,1120,0.5632183908045977,6.256161777781735,0.016388023331561,31.96430959999998,29.265625,1998848,1042,1042,8336,4168,-1,cpu,1,2.14.1+cu130,88.13333333333334,0.1666666666666666
nn_32_relu,[32],ReLU,5,30,10,0.5,1400,1120,0.5632183908045977,3.310736147083354,0.0284874129830774,81.80426490000536,77.09375,-1773568,18652,18652,149216,74608,-1,cpu,1,2.14.1+cu130,151.8,0.3666666666666666
mle,,,3,30,10,1.0,600,600,0.5632183908045977,64.99564020645545,0.279215346075656,0.5919369999974151,0.578125,28672,43006,21503,344048,344048,-1,cpu,1,2.14.1+cu130,,
nn_linear,[],linear,3,30,10,1.0,600,480,0.5632183908045977,5.023384843725965,0.0120532860564695,14.758544399999664,14.03125,-7426048,1042,1042,8336,4168,-1,cpu,1,2.14.1+cu130,94.66666666666669,0.1
nn_32_relu,[32],ReLU,3,30,10,1.0,600,480,0.5632183908045977,4.244273860882573,0.0124901720563753,19.084571700004744,18.40625,-3129344,18652,18652,149216,74608,-1,cpu,1,2.14.1+cu130,80.83333333333333,0.0666666666666666
mle,,,3,30,10,1.0,1000,1000,0.5632183908045977,59.90173639216202,0.2894989081462983,0.5828522000010707,0.5625,77824,43006,21503,344048,344048,-1,cpu,1,2.14.1+cu130,,
nn_linear,[],linear,3,30,10,1.0,1000,800,0.5632183908045977,4.921019332715692,0.0119890123207229,17.492086099999142,16.46875,323584,1042,1042,8336,4168,-1,cpu,1,2.14.1+cu130,70.1,0.0333333333333333
nn_32_relu,[32],ReLU,3,30,10,1.0,1000,800,0.5632183908045977,3.9956449392903983,0.0125728565877206,30.497328799996467,27.984375,-4632576,18652,18652,149216,74608,-1,cpu,1,2.14.1+cu130,75.53333333333333,0.0666666666666666
mle,,,3,30,10,1.0,1400,1400,0.5632183908045977,54.341753868191965,0.2937387776215991,0.5436666999958106,0.53125,69632,43006,21503,344048,344048,-1,cpu,1,2.14.1+cu130,,
nn_linear,[],linear,3,30,10,1.0,1400,1120,0.5632183908045977,4.857018472747662,0.0116454891204515,19.609475800003565,19.046875,2543616,1042,1042,8336,4168,-1,cpu,1,2.14.1+cu130,58.86666666666667,0.0
nn_32_relu,[32],ReLU,3,30,10,1.0,1400,1120,0.5632183908045977,3.738308760996012,0.0157692603317449,53.8868780000048,52.46875,-1150976,18652,18652,149216,74608,-1,cpu,1,2.14.1+cu130,104.56666666666666,0.1
mle,,,4,30,10,1.0,600,600,0.5632183908045977,69.45217253099334,0.2524535060586976,0.6726130000024568,0.578125,32768,43006,21503,344048,344048,-1,cpu,1,2.14.1+cu130,,
nn_linear,[],linear,4,30,10,1.0,600,480,0.5632183908045977,4.736614852441032,0.0107085415842524,14.670240500003274,13.734375,-7647232,1042,1042,8336,4168,-1,cpu,1,2.14.1+cu130,93.03333333333332,0.2
nn_32_relu,[32],ReLU,4,30,10,1.0,600,480,0.5632183908045977,4.201151115063208,0.012009374721588,20.08725639999465,18.34375,-3428352,18652,18652,149216,74608,-1,cpu,1,2.14.1+cu130,80.73333333333333,0.1
mle,,,4,30,10,1.0,1000,1000,0.5632183908045977,64.6441382763075,0.2567611221246033,0.6040971999973408,0.5,4096,43006,21503,344048,344048,-1,cpu,1,2.14.1+cu130,,
nn_linear,[],linear,4,30,10,1.0,1000,800,0.5632183908045977,4.670490874587241,0.0110087241432388,17.754395599993586,16.296875,696320,1042,1042,8336,4168,-1,cpu,1,2.14.1+cu130,67.56666666666666,0.0666666666666666
nn_32_relu,[32],ReLU,4,30,10,1.0,1000,800,0.5632183908045977,3.993167865480727,0.0121599697749601,31.531099699997867,29.3125,-2433024,18652,18652,149216,74608,-1,cpu,1,2.14.1+cu130,80.4,0.0666666666666666
mle,,,4,30,10,1.0,1400,1400,0.5632183908045977,59.70113148483701,0.2647879382912261,0.5253862000026857,0.515625,8192,43006,21503,344048,344048,-1,cpu,1,2.14.1+cu130,,
nn_linear,[],linear,4,30,10,1.0,1400,1120,0.5632183908045977,4.615617789770804,0.0108504367365089,26.12321200000588,24.859375,2322432,1042,1042,8336,4168,-1,cpu,1,2.14.1+cu130,77.06666666666666,0.0333333333333333
nn_32_relu,[32],ReLU,4,30,10,1.0,1400,1120,0.5632183908045977,3.7284845271748974,0.0130624737140668,50.16952780000429,48.34375,-839680,18652,18652,149216,74608,-1,cpu,1,2.14.1+cu130,96.5,0.1333333333333333
mle,,,5,30,10,1.0,600,600,0.5632183908045977,67.16829265744397,0.2651511355122134,0.7482974000013201,0.546875,36864,43006,21503,344048,344048,-1,cpu,1,2.14.1+cu130,,
nn_linear,[],linear,5,30,10,1.0,600,480,0.5632183908045977,5.201353064727553,0.0125462863355615,10.799055600000427,9.78125,-6541312,1042,1042,8336,4168,-1,cpu,1,2.14.1+cu130,64.8,0.0
nn_32_relu,[32],ReLU,5,30,10,1.0,600,480,0.5632183908045977,4.376358868998413,0.0122746326932115,15.60033719999774,14.5625,-2908160,18652,18652,149216,74608,-1,cpu,1,2.14.1+cu130,63.23333333333333,0.0333333333333333
mle,,,5,30,10,1.0,1000,1000,0.5632183908045977,67.15444654174158,0.2776983028978609,0.5562608999971417,0.53125,12288,43006,21503,344048,344048,-1,cpu,1,2.14.1+cu130,,
nn_linear,[],linear,5,30,10,1.0,1000,800,0.5632183908045977,5.055568055870282,0.0117211790294848,15.93681579999975,15.6875,-1695744,1042,1042,8336,4168,-1,cpu,1,2.14.1+cu130,66.2,0.0
nn_32_relu,[32],ReLU,5,30,10,1.0,1000,800,0.5632183908045977,4.127114335985299,0.0129405788745398,27.095821399998385,26.25,-3227648,18652,18652,149216,74608,-1,cpu,1,2.14.1+cu130,72.46666666666667,0.0666666666666666
mle,,,5,30,10,1.0,1400,1400,0.5632183908045977,62.40714551114207,0.2876868359751714,0.5122721999941859,0.5,4096,43006,21503,344048,344048,-1,cpu,1,2.14.1+cu130,,
nn_linear,[],linear,5,30,10,1.0,1400,1120,0.5632183908045977,5.02104096726267,0.0114696575332206,22.066651799999818,21.046875,2527232,1042,1042,8336,4168,-1,cpu,1,2.14.1+cu130,63.96666666666667,0.0
nn_32_relu,[32],ReLU,5,30,10,1.0,1400,1120,0.5632183908045977,3.923646011957521,0.0140092012736092,47.44309120000253,45.484375,-1245184,18652,18652,149216,74608,-1,cpu,1,2.14.1+cu130,91.56666666666666,0.0
mle,,,1,30,6,0.1,600,600,0.3655172413793103,2.0810271306919903,0.0578421999727067,0.3108721999960835,0.3125,32768,3198,1599,25584,25584,-1,cpu,1,2.14.1+cu130,,
nn_linear,[],linear,1,30,6,0.1,600,480,0.3655172413793103,4.422518777287724,0.0410012062107086,31.25013420000323,29.40625,-8728576,698,698,5584,2792,-1,cpu,1,2.14.1+cu130,195.1,0.9333333333333332
nn_32_relu,[32],ReLU,1,30,6,0.1,600,480,0.3655172413793103,0.9295234171586352,0.0344031086407391,42.6797299999962,40.71875,-2035712,13148,13148,105184,52592,-1,cpu,1,2.14.1+cu130,180.26666666666668,0.5666666666666667
mle,,,1,30,6,0.1,1000,1000,0.3655172413793103,1.3551801809078663,0.0471027600758708,0.3100239999985206,0.296875,0,3198,1599,25584,25584,-1,cpu,1,2.14.1+cu130,,
nn_linear,[],linear,1,30,6,0.1,1000,800,0.3655172413793103,3.904042183978164,0.043793104500949,45.74907600000006,44.078125,-724992,698,698,5584,2792,-1,cpu,1,2.14.1+cu130,188.56666666666663,0.8
nn_32_relu,[32],ReLU,1,30,6,0.1,1000,800,0.3655172413793103,0.7245362615528642,0.0287679855849455,55.2898423000006,54.046875,-1904640,13148,13148,105184,52592,-1,cpu,1,2.14.1+cu130,152.1,0.3666666666666666
mle,,,1,30,6,0.1,1400,1400,0.3655172413793103,0.901810766367136,0.034124085809992,0.3184020999979111,0.3125,0,3198,1599,25584,25584,-1,cpu,1,2.14.1+cu130,,
nn_linear,[],linear,1,30,6,0.1,1400,1120,0.3655172413793103,3.708953127541181,0.0475438194417706,61.67088009999861,60.65625,897024,698,698,5584,2792,-1,cpu,1,2.14.1+cu130,188.56666666666663,0.8333333333333334
nn_32_relu,[32],ReLU,1,30,6,0.1,1400,1120,0.3655172413793103,0.5620527672637794,0.024584963058799,74.58015739999973,71.84375,-622592,13148,13148,105184,52592,-1,cpu,1,2.14.1+cu130,145.2,0.3
mle,,,1,30,6,0.5,600,600,0.3655172413793103,13.90728626824746,0.1634015769516622,0.2834733999989112,0.28125,4096,3198,1599,25584,25584,-1,cpu,1,2.14.1+cu130,,
nn_linear,[],linear,1,30,6,0.5,600,480,0.3655172413793103,6.152558987438063,0.017844501833975,24.309528099998715,22.90625,-8695808,698,698,5584,2792,-1,cpu,1,2.14.1+cu130,155.7,0.3666666666666666
nn_32_relu,[32],ReLU,1,30,6,0.5,600,480,0.3655172413793103,1.8519256151137824,0.0166595351354191,40.82888730000559,38.875,-2170880,13148,13148,105184,52592,-1,cpu,1,2.14.1+cu130,171.03333333333333,0.6666666666666666
mle,,,1,30,6,0.5,1000,1000,0.3655172413793103,8.341378638469736,0.1130464256873369,0.2967975999999908,0.28125,0,3198,1599,25584,25584,-1,cpu,1,2.14.1+cu130,,
nn_linear,[],linear,1,30,6,0.5,1000,800,0.3655172413793103,6.070433059753969,0.0176562037067077,29.06055840000045,28.078125,45056,698,698,5584,2792,-1,cpu,1,2.14.1+cu130,120.36666666666666,0.1
nn_32_relu,[32],ReLU,1,30,6,0.5,1000,800,0.3655172413793103,1.3057149915051849,0.0140708335801884,62.133095299999695,61.015625,-2424832,13148,13148,105184,52592,-1,cpu,1,2.14.1+cu130,169.4,0.5666666666666667
mle,,,1,30,6,0.5,1400,1400,0.3655172413793103,5.5302177054934525,0.0860583226380124,0.2999524000042584,0.28125,0,3198,1599,25584,25584,-1,cpu,1,2.14.1+cu130,,
nn_linear,[],linear,1,30,6,0.5,1400,1120,0.3655172413793103,6.050100880186692,0.0177609771366237,29.8430490000028,28.796875,770048,698,698,5584,2792,-1,cpu,1,2.14.1+cu130,89.16666666666667,0.0666666666666666
nn_32_relu,[32],ReLU,1,30,6,0.5,1400,1120,0.3655172413793103,0.9897129135177524,0.0114725944076846,92.5405541,87.5625,-18075648,13148,13148,105184,52592,-1,cpu,1,2.14.1+cu130,174.86666666666667,0.6
mle,,,2,30,6,0.1,600,600,0.3655172413793103,1.178755069924855,0.0353838463336476,0.3080064999958267,0.296875,0,3198,1599,25584,25584,-1,cpu,1,2.14.1+cu130,,
nn_linear,[],linear,2,30,6,0.1,600,480,0.3655172413793103,5.85322238957257,0.0433241521270838,30.209694299999683,28.484375,-12988416,698,698,5584,2792,-1,cpu,1,2.14.1+cu130,192.7,0.9333333333333332
nn_32_relu,[32],ReLU,2,30,6,0.1,600,480,0.3655172413793103,0.5955032386481657,0.026257381408527,40.12575040000229,39.109375,-1810432,13148,13148,105184,52592,-1,cpu,1,2.14.1+cu130,172.06666666666666,0.5666666666666667
mle,,,2,30,6,0.1,1000,1000,0.3655172413793103,0.8344132106459274,0.0256775525269265,0.2969242000035592,0.296875,0,3198,1599,25584,25584,-1,cpu,1,2.14.1+cu130,,
nn_linear,[],linear,2,30,6,0.1,1000,800,0.3655172413793103,5.284302094308267,0.047141208056478,43.26170880000427,41.90625,-577536,698,698,5584,2792,-1,cpu,1,2.14.1+cu130,178.63333333333333,0.7333333333333333
nn_32_relu,[32],ReLU,2,30,6,0.1,1000,800,0.3655172413793103,0.3655315085070038,0.0179448308776694,61.68860799999675,60.453125,-2031616,13148,13148,105184,52592,-1,cpu,1,2.14.1+cu130,167.6,0.5333333333333333
mle,,,2,30,6,0.1,1400,1400,0.3655172413793103,0.7284627378759214,0.0252715875389289,0.3106626999942818,0.296875,0,3198,1599,25584,25584,-1,cpu,1,2.14.1+cu130,,
nn_linear,[],linear,2,30,6,0.1,1400,1120,0.3655172413793103,5.032288163410607,0.0493622484612819,61.47617110000283,58.875,471040,698,698,5584,2792,-1,cpu,1,2.14.1+cu130,179.83333333333334,0.7333333333333333
nn_32_relu,[32],ReLU,2,30,6,0.1,1400,1120,0.3655172413793103,0.3273938671769755,0.0204547107148,82.1622425999958,79.0625,-8884224,13148,13148,105184,52592,-1,cpu,1,2.14.1+cu130,157.8,0.3666666666666666
mle,,,3,30,6,0.1,600,600,0.3655172413793103,0.8424244894455003,0.017325143023919,0.3036300000021583,0.296875,0,3198,1599,25584,25584,-1,cpu,1,2.14.1+cu130,,
nn_linear,[],linear,3,30,6,0.1,600,480,0.3655172413793103,3.2990947832371,0.0278243003204346,28.724497200004407,27.40625,-9510912,698,698,5584,2792,-1,cpu,1,2.14.1+cu130,185.0,0.8666666666666667
nn_32_relu,[32],ReLU,3,30,6,0.1,600,480,0.3655172413793103,0.508868930913807,0.019888208269256,34.853932899997744,32.9375,-2076672,13148,13148,105184,52592,-1,cpu,1,2.14.1+cu130,145.1,0.4
mle,,,3,30,6,0.1,1000,1000,0.3655172413793103,0.569478882223743,0.0190188804956643,0.2917653000040445,0.296875,0,3198,1599,25584,25584,-1,cpu,1,2.14.1+cu130,,
nn_linear,[],linear,3,30,6,0.1,1000,800,0.3655172413793103,2.800832126442376,0.0272674500116556,43.65650330000062,42.140625,-749568,698,698,5584,2792,-1,cpu,1,2.14.1+cu130,180.4333333333333,0.8
nn_32_relu,[32],ReLU,3,30,6,0.1,1000,800,0.3655172413793103,0.2986939228408824,0.0197333531703542,58.32676029999857,55.375,-2629632,13148,13148,105184,52592,-1,cpu,1,2.14.1+cu130,152.46666666666667,0.3333333333333333
mle,,,3,30,6,0.1,1400,1400,0.3655172413793103,0.4941660094526647,0.0178854252343304,0.3092240999976638,0.28125,0,3198,1599,25584,25584,-1,cpu,1,2.14.1+cu130,,
nn_linear,[],linear,3,30,6,0.1,1400,1120,0.3655172413793103,2.6456348035236967,0.0283587635659571,59.27403279999999,57.140625,450560,698,698,5584,2792,-1,cpu,1,2.14.1+cu130,177.2,0.7
nn_32_relu,[32],ReLU,3,30,6,0.1,1400,1120,0.3655172413793103,0.2685384885088342,0.0196006446850195,79.34942569999839,76.21875,-16044032,13148,13148,105184,52592,-1,cpu,1,2.14.1+cu130,151.96666666666667,0.2666666666666666
mle,,,2,30,6,0.5,600,600,0.3655172413793103,13.144963203399374,0.1896114888226981,0.2942545999976573,0.28125,20480,3198,1599,25584,25584,-1,cpu,1,2.14.1+cu130,,
nn_linear,[],linear,2,30,6,0.5,600,480,0.3655172413793103,6.512218709066905,0.0193178597244275,18.71863959999609,17.359375,-8704000,698,698,5584,2792,-1,cpu,1,2.14.1+cu130,115.9,0.1333333333333333
nn_32_relu,[32],ReLU,2,30,6,0.5,600,480,0.3655172413793103,2.1625946187178475,0.0211676346600733,37.111144599999534,36.234375,-3321856,13148,13148,105184,52592,-1,cpu,1,2.14.1+cu130,162.13333333333333,0.4666666666666667
mle,,,2,30,6,0.5,1000,1000,0.3655172413793103,7.977210356706293,0.1333302361336279,0.2836010999963037,0.28125,4096,3198,1599,25584,25584,-1,cpu,1,2.14.1+cu130,,
nn_linear,[],linear,2,30,6,0.5,1000,800,0.3655172413793103,6.353648215693148,0.0201978399656019,29.8521688999972,28.71875,-278528,698,698,5584,2792,-1,cpu,1,2.14.1+cu130,119.9,0.0666666666666666
nn_32_relu,[32],ReLU,2,30,6,0.5,1000,800,0.3655172413793103,1.3532461688375523,0.015857084527599,62.47136369999498,61.28125,-1073152,13148,13148,105184,52592,-1,cpu,1,2.14.1+cu130,169.5,0.6333333333333333
mle,,,2,30,6,0.5,1400,1400,0.3655172413793103,5.27464004896395,0.096025242012891,0.3157659999997122,0.296875,4096,3198,1599,25584,25584,-1,cpu,1,2.14.1+cu130,,
nn_linear,[],linear,2,30,6,0.5,1400,1120,0.3655172413793103,6.351087612181074,0.0204586589359752,31.43785609999759,31.109375,503808,698,698,5584,2792,-1,cpu,1,2.14.1+cu130,96.33333333333331,0.0
nn_32_relu,[32],ReLU,2,30,6,0.5,1400,1120,0.3655172413793103,1.0184777044493611,0.0131091710053283,83.81314440000278,81.15625,-15900672,13148,13148,105184,52592,-1,cpu,1,2.14.1+cu130,163.46666666666667,0.5333333333333333
mle,,,3,30,6,0.5,600,600,0.3655172413793103,11.568301514090091,0.1469028587713586,0.3230656000014278,0.28125,4096,3198,1599,25584,25584,-1,cpu,1,2.14.1+cu130,,
nn_linear,[],linear,3,30,6,0.5,600,480,0.3655172413793103,6.268941437346298,0.0194815058890983,20.781065600000147,19.90625,-7467008,698,698,5584,2792,-1,cpu,1,2.14.1+cu130,137.7,0.2666666666666666
nn_32_relu,[32],ReLU,3,30,6,0.5,600,480,0.3655172413793103,2.0909418161611835,0.0172994008308185,37.13035769999988,35.65625,-1601536,13148,13148,105184,52592,-1,cpu,1,2.14.1+cu130,159.03333333333333,0.6
mle,,,3,30,6,0.5,1000,1000,0.3655172413793103,6.684788880834664,0.1053465795300464,0.2881378000020049,0.28125,0,3198,1599,25584,25584,-1,cpu,1,2.14.1+cu130,,
nn_linear,[],linear,3,30,6,0.5,1000,800,0.3655172413793103,6.019959579133219,0.0201206190119338,31.26456809999945,30.21875,532480,698,698,5584,2792,-1,cpu,1,2.14.1+cu130,130.66666666666666,0.2
nn_32_relu,[32],ReLU,3,30,6,0.5,1000,800,0.3655172413793103,1.2153196586535182,0.0149966969203559,62.62759409999853,61.5625,-2154496,13148,13148,105184,52592,-1,cpu,1,2.14.1+cu130,172.0,0.5333333333333333
mle,,,3,30,6,0.5,1400,1400,0.3655172413793103,4.65498125307744,0.0867998316158567,0.2942821999968146,0.296875,0,3198,1599,25584,25584,-1,cpu,1,2.14.1+cu130,,
nn_linear,[],linear,3,30,6,0.5,1400,1120,0.3655172413793103,5.993075969102086,0.0199065698630181,35.22871450000093,34.296875,917504,698,698,5584,2792,-1,cpu,1,2.14.1+cu130,108.43333333333334,0.2
nn_32_relu,[32],ReLU,3,30,6,0.5,1400,1120,0.3655172413793103,0.9646321469374184,0.013293701935873,82.5120442999978,78.234375,-10989568,13148,13148,105184,52592,-1,cpu,1,2.14.1+cu130,158.9,0.4666666666666667
mle,,,4,30,6,0.1,600,600,0.3655172413793103,2.1569207666244483,0.0761636494651703,0.3038393999959226,0.296875,4096,3198,1599,25584,25584,-1,cpu,1,2.14.1+cu130,,
nn_linear,[],linear,4,30,6,0.1,600,480,0.3655172413793103,4.815929214706446,0.0474523958615625,28.603895100000955,27.890625,-8511488,698,698,5584,2792,-1,cpu,1,2.14.1+cu130,190.56666666666663,0.9
nn_32_relu,[32],ReLU,4,30,6,0.1,600,480,0.3655172413793103,1.0911212784267137,0.0418657118414272,38.76083220000146,37.640625,-2224128,13148,13148,105184,52592,-1,cpu,1,2.14.1+cu130,167.96666666666667,0.5
mle,,,4,30,6,0.1,1000,1000,0.3655172413793103,1.2156169604931586,0.0488975993676054,0.2937848000001395,0.28125,0,3198,1599,25584,25584,-1,cpu,1,2.14.1+cu130,,
nn_linear,[],linear,4,30,6,0.1,1000,800,0.3655172413793103,4.275422218845211,0.0465120434114834,48.97813809999934,46.8125,-442368,698,698,5584,2792,-1,cpu,1,2.14.1+cu130,200.0,1.0
nn_32_relu,[32],ReLU,4,30,6,0.1,1000,800,0.3655172413793103,0.6009657736765394,0.0294183553085148,60.36496430000261,59.015625,-1859584,13148,13148,105184,52592,-1,cpu,1,2.14.1+cu130,166.1,0.5333333333333333
mle,,,4,30,6,0.1,1400,1400,0.3655172413793103,0.9311960547938756,0.0410472447838124,0.3076902000029804,0.296875,0,3198,1599,25584,25584,-1,cpu,1,2.14.1+cu130,,
nn_linear,[],linear,4,30,6,0.1,1400,1120,0.3655172413793103,4.123181196915467,0.0460192117688888,60.041902400000254,58.96875,643072,698,698,5584,2792,-1,cpu,1,2.14.1+cu130,185.63333333333333,0.8333333333333334
nn_32_relu,[32],ReLU,4,30,6,0.1,1400,1120,0.3655172413793103,0.4891430897242118,0.0257287182586649,77.95182139999815,74.6875,-15634432,13148,13148,105184,52592,-1,cpu,1,2.14.1+cu130,150.73333333333332,0.3333333333333333
mle,,,5,30,6,0.1,600,600,0.3655172413793103,1.2282208490627466,0.0399975415276826,0.312464299997373,0.28125,0,3198,1599,25584,25584,-1,cpu,1,2.14.1+cu130,,
nn_linear,[],linear,5,30,6,0.1,600,480,0.3655172413793103,3.6626776186798735,0.038329898064487,30.628050999999687,29.015625,-8871936,698,698,5584,2792,-1,cpu,1,2.14.1+cu130,194.1,0.8666666666666667
nn_32_relu,[32],ReLU,5,30,6,0.1,600,480,0.3655172413793103,0.665503277552905,0.0276445197286308,39.79489169999579,38.484375,-2383872,13148,13148,105184,52592,-1,cpu,1,2.14.1+cu130,170.96666666666667,0.6
mle,,,5,30,6,0.1,1000,1000,0.3655172413793103,0.9124490230550688,0.0317373651380942,0.2997482999999192,0.296875,0,3198,1599,25584,25584,-1,cpu,1,2.14.1+cu130,,
nn_linear,[],linear,5,30,6,0.1,1000,800,0.3655172413793103,3.257797008411614,0.0370923390058294,47.07635550000123,45.203125,-425984,698,698,5584,2792,-1,cpu,1,2.14.1+cu130,194.13333333333333,0.9
nn_32_relu,[32],ReLU,5,30,6,0.1,1000,800,0.3655172413793103,0.422195654479937,0.0205363468870841,60.94031549999636,59.234375,-1253376,13148,13148,105184,52592,-1,cpu,1,2.14.1+cu130,164.93333333333334,0.3333333333333333
mle,,,5,30,6,0.1,1400,1400,0.3655172413793103,0.5869086399654583,0.0234215124898256,0.300405200003297,0.296875,0,3198,1599,25584,25584,-1,cpu,1,2.14.1+cu130,,
nn_linear,[],linear,5,30,6,0.1,1400,1120,0.3655172413793103,3.1147018355296647,0.0387738411831012,55.62177149999479,54.546875,1622016,698,698,5584,2792,-1,cpu,1,2.14.1+cu130,171.4,0.6666666666666666
nn_32_relu,[32],ReLU,5,30,6,0.1,1400,1120,0.3655172413793103,0.2789332592074531,0.0153085182027286,78.16053300000203,74.046875,-10940416,13148,13148,105184,52592,-1,cpu,1,2.14.1+cu130,148.66666666666666,0.3
mle,,,1,30,6,1.0,600,600,0.3655172413793103,14.162959941032396,0.166608340837021,0.2974811000021873,0.28125,0,3198,1599,25584,25584,-1,cpu,1,2.14.1+cu130,,
nn_linear,[],linear,1,30,6,1.0,600,480,0.3655172413793103,4.036985225305157,0.0133335239165165,17.485065199995006,17.0625,-8876032,698,698,5584,2792,-1,cpu,1,2.14.1+cu130,116.96666666666668,0.1666666666666666
nn_32_relu,[32],ReLU,1,30,6,1.0,600,480,0.3655172413793103,1.777557701191293,0.0125738554795741,34.77489699999569,33.640625,-3112960,13148,13148,105184,52592,-1,cpu,1,2.14.1+cu130,148.86666666666667,0.2666666666666666
mle,,,1,30,6,1.0,1000,1000,0.3655172413793103,6.738052977690735,0.1036211807978216,0.2989195999980438,0.296875,0,3198,1599,25584,25584,-1,cpu,1,2.14.1+cu130,,
nn_linear,[],linear,1,30,6,1.0,1000,800,0.3655172413793103,3.9891119198330287,0.0135589456092349,23.17476610000449,22.171875,110592,698,698,5584,2792,-1,cpu,1,2.14.1+cu130,93.93333333333334,0.1
nn_32_relu,[32],ReLU,1,30,6,1.0,1000,800,0.3655172413793103,1.2716235010987604,0.0093282203077927,48.00202989999525,46.421875,-1712128,13148,13148,105184,52592,-1,cpu,1,2.14.1+cu130,130.56666666666666,0.3333333333333333
mle,,,1,30,6,1.0,1400,1400,0.3655172413793103,4.024206219705085,0.0826350012998401,0.2962041999999201,0.296875,4096,3198,1599,25584,25584,-1,cpu,1,2.14.1+cu130,,
nn_linear,[],linear,1,30,6,1.0,1400,1120,0.3655172413793103,3.913754945951018,0.0132984830478782,26.10257390000333,25.640625,258048,698,698,5584,2792,-1,cpu,1,2.14.1+cu130,80.7,0.0666666666666666
nn_32_relu,[32],ReLU,1,30,6,1.0,1400,1120,0.3655172413793103,0.8745614184169695,0.007829706210534,83.95933859999786,78.84375,-13938688,13148,13148,105184,52592,-1,cpu,1,2.14.1+cu130,158.03333333333333,0.4666666666666667
mle,,,4,30,6,0.5,600,600,0.3655172413793103,10.970060780039743,0.1376842637843917,0.3333388999963063,0.28125,0,3198,1599,25584,25584,-1,cpu,1,2.14.1+cu130,,
nn_linear,[],linear,4,30,6,0.5,600,480,0.3655172413793103,6.034386623607055,0.0199601020461678,18.706984399999783,18.109375,-9560064,698,698,5584,2792,-1,cpu,1,2.14.1+cu130,125.06666666666666,0.2666666666666666
nn_32_relu,[32],ReLU,4,30,6,0.5,600,480,0.3655172413793103,1.905342297340994,0.0195591237233868,39.6167551000035,37.828125,-1867776,13148,13148,105184,52592,-1,cpu,1,2.14.1+cu130,167.26666666666668,0.6333333333333333
mle,,,4,30,6,0.5,1000,1000,0.3655172413793103,6.246162813354408,0.098469408984123,0.2954899000033038,0.28125,0,3198,1599,25584,25584,-1,cpu,1,2.14.1+cu130,,
nn_linear,[],linear,4,30,6,0.5,1000,800,0.3655172413793103,5.863069109692511,0.022019850716759,34.40264300000126,33.3125,-892928,698,698,5584,2792,-1,cpu,1,2.14.1+cu130,143.53333333333333,0.3
nn_32_relu,[32],ReLU,4,30,6,0.5,1000,800,0.3655172413793103,1.2668465172175314,0.0142170169630633,65.77161799999885,63.859375,-1720320,13148,13148,105184,52592,-1,cpu,1,2.14.1+cu130,178.93333333333334,0.5666666666666667
mle,,,4,30,6,0.5,1400,1400,0.3655172413793103,4.494852139290902,0.0817299646618696,0.3020324999961303,0.28125,0,3198,1599,25584,25584,-1,cpu,1,2.14.1+cu130,,
nn_linear,[],linear,4,30,6,0.5,1400,1120,0.3655172413793103,5.819364255336138,0.0221015574100688,37.25685250000242,35.953125,790528,698,698,5584,2792,-1,cpu,1,2.14.1+cu130,112.56666666666666,0.1666666666666666
nn_32_relu,[32],ReLU,4,30,6,0.5,1400,1120,0.3655172413793103,0.8539994832328605,0.0105455831233395,91.84560350000538,86.484375,-231956480,13148,13148,105184,52592,-1,cpu,1,2.14.1+cu130,174.33333333333334,0.6333333333333333
mle,,,2,30,6,1.0,600,600,0.3655172413793103,17.70968829876299,0.1856973820934726,0.2845168999992893,0.28125,4096,3198,1599,25584,25584,-1,cpu,1,2.14.1+cu130,,
nn_linear,[],linear,2,30,6,1.0,600,480,0.3655172413793103,4.219948431989158,0.0105338441729126,14.38142749999679,13.96875,-8511488,698,698,5584,2792,-1,cpu,1,2.14.1+cu130,96.36666666666666,0.0666666666666666
nn_32_relu,[32],ReLU,2,30,6,1.0,600,480,0.3655172413793103,2.298150265158622,0.011115502118393,28.095257499997388,27.484375,-2228224,13148,13148,105184,52592,-1,cpu,1,2.14.1+cu130,124.26666666666668,0.3666666666666666
mle,,,2,30,6,1.0,1000,1000,0.3655172413793103,8.47503391197116,0.1104704478284681,0.2901772999975947,0.265625,0,3198,1599,25584,25584,-1,cpu,1,2.14.1+cu130,,
nn_linear,[],linear,2,30,6,1.0,1000,800,0.3655172413793103,4.1993409469926455,0.0104941292882771,19.014034400002856,18.484375,-454656,698,698,5584,2792,-1,cpu,1,2.14.1+cu130,80.4,0.0666666666666666
nn_32_relu,[32],ReLU,2,30,6,1.0,1000,800,0.3655172413793103,1.213423703165831,0.0079031146696569,55.50669860000198,53.9375,-1691648,13148,13148,105184,52592,-1,cpu,1,2.14.1+cu130,150.66666666666666,0.2666666666666666
mle,,,2,30,6,1.0,1400,1400,0.3655172413793103,4.565501652395307,0.0681159996790562,0.3833896999931312,0.28125,4096,3198,1599,25584,25584,-1,cpu,1,2.14.1+cu130,,
nn_linear,[],linear,2,30,6,1.0,1400,1120,0.3655172413793103,4.135662829707142,0.0104968045296663,23.05643090000376,22.359375,593920,698,698,5584,2792,-1,cpu,1,2.14.1+cu130,70.2,0.0
nn_32_relu,[32],ReLU,2,30,6,1.0,1400,1120,0.3655172413793103,0.8762282103935876,0.0070482051641874,89.62429279999924,83.296875,-19570688,13148,13148,105184,52592,-1,cpu,1,2.14.1+cu130,166.73333333333332,0.6333333333333333
mle,,,5,30,6,0.5,600,600,0.3655172413793103,12.812559634970414,0.1543305670298451,0.296646700000565,0.28125,0,3198,1599,25584,25584,-1,cpu,1,2.14.1+cu130,,
nn_linear,[],linear,5,30,6,0.5,600,480,0.3655172413793103,6.088368452621889,0.0221474912862472,20.354685899998003,19.65625,-8339456,698,698,5584,2792,-1,cpu,1,2.14.1+cu130,134.76666666666668,0.3
nn_32_relu,[32],ReLU,5,30,6,0.5,600,480,0.3655172413793103,1.9390904841746883,0.0190718292950857,38.75893910000013,36.859375,-1536000,13148,13148,105184,52592,-1,cpu,1,2.14.1+cu130,162.3,0.5666666666666667
mle,,,5,30,6,0.5,1000,1000,0.3655172413793103,7.610774122635123,0.112511003277364,0.3222795000037877,0.3125,0,3198,1599,25584,25584,-1,cpu,1,2.14.1+cu130,,
nn_linear,[],linear,5,30,6,0.5,1000,800,0.3655172413793103,6.010925313610097,0.0236182111806619,25.111887800005206,24.46875,-114688,698,698,5584,2792,-1,cpu,1,2.14.1+cu130,104.0,0.1333333333333333
nn_32_relu,[32],ReLU,5,30,6,0.5,1000,800,0.3655172413793103,1.334053053375534,0.0152620825828408,59.8999541000012,58.546875,-1466368,13148,13148,105184,52592,-1,cpu,1,2.14.1+cu130,163.13333333333333,0.6333333333333333
mle,,,5,30,6,0.5,1400,1400,0.3655172413793103,5.552319014158777,0.0938773944942303,0.2875139999960083,0.28125,0,3198,1599,25584,25584,-1,cpu,1,2.14.1+cu130,,
nn_linear,[],linear,5,30,6,0.5,1400,1120,0.3655172413793103,5.946558287398814,0.0236357935424042,33.88614080000116,32.9375,827392,698,698,5584,2792,-1,cpu,1,2.14.1+cu130,103.2,0.0666666666666666
nn_32_relu,[32],ReLU,5,30,6,0.5,1400,1120,0.3655172413793103,0.9956580372359424,0.0122109126282151,90.4175097000043,85.625,-18165760,13148,13148,105184,52592,-1,cpu,1,2.14.1+cu130,171.16666666666666,0.5666666666666667
mle,,,3,30,6,1.0,600,600,0.3655172413793103,15.501370379443603,0.193004744523617,0.3278097000002162,0.3125,0,3198,1599,25584,25584,-1,cpu,1,2.14.1+cu130,,
nn_linear,[],linear,3,30,6,1.0,600,480,0.3655172413793103,4.471523566472829,0.0139786659483151,20.681118200001947,18.46875,-239144960,698,698,5584,2792,-1,cpu,1,2.14.1+cu130,123.56666666666666,0.1666666666666666
nn_32_relu,[32],ReLU,3,30,6,1.0,600,480,0.3655172413793103,2.104991647657525,0.0117425332803884,28.32064009999885,25.765625,-2158592,13148,13148,105184,52592,-1,cpu,1,2.14.1+cu130,113.4,0.2
mle,,,3,30,6,1.0,1000,1000,0.3655172413793103,8.268549164101252,0.1293619431394249,0.3251691000041319,0.328125,86016,3198,1599,25584,25584,-1,cpu,1,2.14.1+cu130,,
nn_linear,[],linear,3,30,6,1.0,1000,800,0.3655172413793103,4.395985926620268,0.0151151184271654,27.29675020000286,25.84375,-479232,698,698,5584,2792,-1,cpu,1,2.14.1+cu130,110.3,0.0666666666666666
nn_32_relu,[32],ReLU,3,30,6,1.0,1000,800,0.3655172413793103,1.2328985006831306,0.009981054455262,56.41799549999996,55.390625,-1351680,13148,13148,105184,52592,-1,cpu,1,2.14.1+cu130,153.36666666666667,0.4333333333333333
mle,,,3,30,6,1.0,1400,1400,0.3655172413793103,4.641209778408056,0.0861622981033481,0.3054197000019485,0.265625,16384,3198,1599,25584,25584,-1,cpu,1,2.14.1+cu130,,
nn_linear,[],linear,3,30,6,1.0,1400,1120,0.3655172413793103,4.348292478857159,0.0148039483099323,30.295181300003605,29.5,499712,698,698,5584,2792,-1,cpu,1,2.14.1+cu130,91.66666666666669,0.0
nn_32_relu,[32],ReLU,3,30,6,1.0,1400,1120,0.3655172413793103,0.9348391385855708,0.0082839296789346,83.1217833999981,81.453125,-2129920,13148,13148,105184,52592,-1,cpu,1,2.14.1+cu130,164.96666666666667,0.5333333333333333
mle,,,4,30,6,1.0,600,600,0.3655172413793103,14.27290821891697,0.1695863718365381,0.2970700999940163,0.265625,12288,3198,1599,25584,25584,-1,cpu,1,2.14.1+cu130,,
nn_linear,[],linear,4,30,6,1.0,600,480,0.3655172413793103,4.356293117751003,0.0113468094841282,16.360871900003986,15.546875,-5431296,698,698,5584,2792,-1,cpu,1,2.14.1+cu130,107.53333333333332,0.2
nn_32_relu,[32],ReLU,4,30,6,1.0,600,480,0.3655172413793103,2.004636000195976,0.0136878617163105,29.637243700002728,28.078125,-2301952,13148,13148,105184,52592,-1,cpu,1,2.14.1+cu130,123.36666666666666,0.2
mle,,,4,30,6,1.0,1000,1000,0.3655172413793103,7.411364294502193,0.1119909346818594,0.3298720000020694,0.28125,45056,3198,1599,25584,25584,-1,cpu,1,2.14.1+cu130,,
nn_linear,[],linear,4,30,6,1.0,1000,800,0.3655172413793103,4.2330392342376015,0.011541947142218,24.77924560000247,23.421875,-413696,698,698,5584,2792,-1,cpu,1,2.14.1+cu130,99.9,0.0666666666666666
nn_32_relu,[32],ReLU,4,30,6,1.0,1000,800,0.3655172413793103,1.229926887680182,0.0105461307892775,54.619506700000784,52.609375,-1671168,13148,13148,105184,52592,-1,cpu,1,2.14.1+cu130,146.33333333333334,0.3333333333333333
mle,,,4,30,6,1.0,1400,1400,0.3655172413793103,4.400326431742013,0.0843164904757144,0.3158168000009027,0.3125,0,3198,1599,25584,25584,-1,cpu,1,2.14.1+cu130,,
nn_linear,[],linear,4,30,6,1.0,1400,1120,0.3655172413793103,4.13491227673108,0.0116779945003904,33.11513859999832,31.46875,720896,698,698,5584,2792,-1,cpu,1,2.14.1+cu130,96.93333333333334,0.1
nn_32_relu,[32],ReLU,4,30,6,1.0,1400,1120,0.3655172413793103,0.891324056086145,0.0080245031000839,79.11143010000524,75.875,-999424,13148,13148,105184,52592,-1,cpu,1,2.14.1+cu130,151.43333333333334,0.3333333333333333
mle,,,5,30,6,1.0,600,600,0.3655172413793103,17.430742324701423,0.1785486647425224,0.2854029000009177,0.28125,4096,3198,1599,25584,25584,-1,cpu,1,2.14.1+cu130,,
nn_linear,[],linear,5,30,6,1.0,600,480,0.3655172413793103,4.40102355125734,0.0108757546365132,16.77141020000272,16.375,-5713920,698,698,5584,2792,-1,cpu,1,2.14.1+cu130,110.33333333333331,0.1666666666666666
nn_32_relu,[32],ReLU,5,30,6,1.0,600,480,0.3655172413793103,2.104465813099438,0.0106579278871218,36.6094338000039,34.265625,-1576960,13148,13148,105184,52592,-1,cpu,1,2.14.1+cu130,152.23333333333332,0.4333333333333333
mle,,,5,30,6,1.0,1000,1000,0.3655172413793103,8.83970205972388,0.120047554630828,0.2963767000037478,0.296875,16384,3198,1599,25584,25584,-1,cpu,1,2.14.1+cu130,,
nn_linear,[],linear,5,30,6,1.0,1000,800,0.3655172413793103,4.29826462627737,0.0107287042376007,19.098082099997555,18.125,-684032,698,698,5584,2792,-1,cpu,1,2.14.1+cu130,76.43333333333334,0.0666666666666666
nn_32_relu,[32],ReLU,5,30,6,1.0,1000,800,0.3655172413793103,1.2964698114938569,0.008300804698442,61.65973059999669,59.59375,-1724416,13148,13148,105184,52592,-1,cpu,1,2.14.1+cu130,163.6,0.4666666666666667
mle,,,5,30,6,1.0,1400,1400,0.3655172413793103,5.261466433557178,0.0833065195668013,0.2975402000010945,0.3125,0,3198,1599,25584,25584,-1,cpu,1,2.14.1+cu130,,
nn_linear,[],linear,5,30,6,1.0,1400,1120,0.3655172413793103,4.240409776946842,0.0110226815112906,29.5138306000008,28.53125,847872,698,698,5584,2792,-1,cpu,1,2.14.1+cu130,87.96666666666667,0.0666666666666666
nn_32_relu,[32],ReLU,5,30,6,1.0,1400,1120,0.3655172413793103,0.9445174930786318,0.0062815994238799,87.8644123999984,84.953125,-1622016,13148,13148,105184,52592,-1,cpu,1,2.14.1+cu130,172.13333333333333,0.6333333333333333
mle,,,3,30,4,0.5,600,600,0.2528735632183908,2.687041695550999,0.0573802054135002,0.2599401999977999,0.234375,0,862,431,6896,6896,-1,cpu,1,2.14.1+cu130,,
nn_linear,[],linear,3,30,4,0.5,600,480,0.2528735632183908,3.5140904472148584,0.0248282092439488,22.64496930000314,22.234375,-6975488,502,502,4016,2008,-1,cpu,1,2.14.1+cu130,151.66666666666666,0.5
nn_32_relu,[32],ReLU,3,30,4,0.5,600,480,0.2528735632183908,0.6330187750741637,0.0068648789755419,31.6999599999981,31.203125,-1515520,10012,10012,80096,40048,-1,cpu,1,2.14.1+cu130,140.8,0.3333333333333333
mle,,,3,30,4,0.5,1000,1000,0.2528735632183908,1.0330947597544728,0.0317130370955692,0.2466781000039191,0.234375,4096,862,431,6896,6896,-1,cpu,1,2.14.1+cu130,,
nn_linear,[],linear,3,30,4,0.5,1000,800,0.2528735632183908,3.3554756915092163,0.0236480438395493,28.518918800000392,28.21875,90112,502,502,4016,2008,-1,cpu,1,2.14.1+cu130,122.36666666666666,0.2
nn_32_relu,[32],ReLU,3,30,4,0.5,1000,800,0.2528735632183908,0.4221465466437688,0.0054619890333875,44.73209810000117,43.84375,-720896,10012,10012,80096,40048,-1,cpu,1,2.14.1+cu130,122.7,0.1666666666666666
mle,,,3,30,4,0.5,1400,1400,0.2528735632183908,0.8541243264275051,0.0301198496316989,0.2523032999961287,0.25,0,862,431,6896,6896,-1,cpu,1,2.14.1+cu130,,
nn_linear,[],linear,3,30,4,0.5,1400,1120,0.2528735632183908,3.274431797837256,0.0236093463459881,42.55626810000104,42.078125,-704512,502,502,4016,2008,-1,cpu,1,2.14.1+cu130,132.86666666666667,0.2
nn_32_relu,[32],ReLU,3,30,4,0.5,1400,1120,0.2528735632183908,0.2367650233137171,0.0034752026291817,72.6344448000018,71.203125,-1191936,10012,10012,80096,40048,-1,cpu,1,2.14.1+cu130,143.7,0.2
mle,,,1,30,4,0.5,600,600,0.2528735632183908,1.7819988133374864,0.0349311329450082,0.2619467999975313,0.25,4096,862,431,6896,6896,-1,cpu,1,2.14.1+cu130,,
nn_linear,[],linear,1,30,4,0.5,600,480,0.2528735632183908,4.684627765668036,0.0168477461891003,24.690419600003224,24.234375,-7720960,502,502,4016,2008,-1,cpu,1,2.14.1+cu130,166.6,0.3666666666666666
nn_32_relu,[32],ReLU,1,30,4,0.5,600,480,0.2528735632183908,0.6506040842550267,0.0058603567623728,32.172025899999426,31.484375,-1552384,10012,10012,80096,40048,-1,cpu,1,2.14.1+cu130,140.9,0.3333333333333333
mle,,,1,30,4,0.5,1000,1000,0.2528735632183908,0.8207415952208832,0.0140915722075307,0.2441588000001502,0.25,0,862,431,6896,6896,-1,cpu,1,2.14.1+cu130,,
nn_linear,[],linear,1,30,4,0.5,1000,800,0.2528735632183908,4.5859805760797565,0.016089452394702,33.2685230000061,32.03125,-167936,502,502,4016,2008,-1,cpu,1,2.14.1+cu130,138.13333333333333,0.2666666666666666
nn_32_relu,[32],ReLU,1,30,4,0.5,1000,800,0.2528735632183908,0.355991087866023,0.004086939852071,50.87843129999965,50.140625,-1417216,10012,10012,80096,40048,-1,cpu,1,2.14.1+cu130,140.46666666666667,0.2
mle,,,1,30,4,0.5,1400,1400,0.2528735632183908,0.600530921246391,0.0119796743891947,0.2456489999967743,0.25,0,862,431,6896,6896,-1,cpu,1,2.14.1+cu130,,
nn_linear,[],linear,1,30,4,0.5,1400,1120,0.2528735632183908,4.547507882595232,0.016673362113455,39.68746200000169,39.03125,-471040,502,502,4016,2008,-1,cpu,1,2.14.1+cu130,122.93333333333334,0.1666666666666666
nn_32_relu,[32],ReLU,1,30,4,0.5,1400,1120,0.2528735632183908,0.2752224944861581,0.0034138561501061,67.51743680000072,66.140625,-1200128,10012,10012,80096,40048,-1,cpu,1,2.14.1+cu130,134.26666666666668,0.2333333333333333
mle,,,2,30,4,0.1,600,600,0.2528735632183908,0.8380282929009111,0.0398960545130445,0.2459906000003684,0.234375,4096,862,431,6896,6896,-1,cpu,1,2.14.1+cu130,,
nn_linear,[],linear,2,30,4,0.1,600,480,0.2528735632183908,3.646752379304314,0.0326921330420997,29.18943020000006,28.25,-5959680,502,502,4016,2008,-1,cpu,1,2.14.1+cu130,192.7333333333333,0.9333333333333332
nn_32_relu,[32],ReLU,2,30,4,0.1,600,480,0.2528735632183908,0.5397605388714736,0.0252330324481528,33.717121299996506,31.53125,-1978368,10012,10012,80096,40048,-1,cpu,1,2.14.1+cu130,138.13333333333333,0.3333333333333333
mle,,,2,30,4,0.1,1000,1000,0.2528735632183908,0.5473789213828782,0.0297912145679056,0.2464196000000811,0.25,0,862,431,6896,6896,-1,cpu,1,2.14.1+cu130,,
nn_linear,[],linear,2,30,4,0.1,1000,800,0.2528735632183908,3.078413699336747,0.0327289880793669,44.02402040000016,43.046875,73728,502,502,4016,2008,-1,cpu,1,2.14.1+cu130,185.46666666666667,0.8333333333333334
nn_32_relu,[32],ReLU,2,30,4,0.1,1000,800,0.2528735632183908,0.245168299931185,0.0126716562719232,46.52085319999605,45.515625,-1294336,10012,10012,80096,40048,-1,cpu,1,2.14.1+cu130,127.66666666666669,0.1
mle,,,2,30,4,0.1,1400,1400,0.2528735632183908,0.389663647896906,0.0227678781836287,0.271726499995566,0.265625,0,862,431,6896,6896,-1,cpu,1,2.14.1+cu130,,
nn_linear,[],linear,2,30,4,0.1,1400,1120,0.2528735632183908,2.9241676687872467,0.0333219444398031,62.260677999998734,59.421875,-196608,502,502,4016,2008,-1,cpu,1,2.14.1+cu130,183.96666666666667,0.7333333333333333
nn_32_relu,[32],ReLU,2,30,4,0.1,1400,1120,0.2528735632183908,0.19057184566535,0.0130804384796162,62.78877189999912,60.359375,-1511424,10012,10012,80096,40048,-1,cpu,1,2.14.1+cu130,121.63333333333334,0.1333333333333333
mle,,,3,30,4,0.1,600,600,0.2528735632183908,0.3320916396967376,0.0115477608333513,0.2316062000027159,0.21875,4096,862,431,6896,6896,-1,cpu,1,2.14.1+cu130,,
nn_linear,[],linear,3,30,4,0.1,600,480,0.2528735632183908,1.7411113878923414,0.0171461202578869,29.55682230000093,28.421875,-7733248,502,502,4016,2008,-1,cpu,1,2.14.1+cu130,195.53333333333333,0.8666666666666667
nn_32_relu,[32],ReLU,3,30,4,0.1,600,480,0.2528735632183908,0.2795726242354599,0.0151314757420488,33.81726480000361,33.1875,-3051520,10012,10012,80096,40048,-1,cpu,1,2.14.1+cu130,148.06666666666666,0.4333333333333333
mle,,,3,30,4,0.1,1000,1000,0.2528735632183908,0.2371258520594904,0.0096858274515442,0.2256500000003143,0.21875,0,862,431,6896,6896,-1,cpu,1,2.14.1+cu130,,
nn_linear,[],linear,3,30,4,0.1,1000,800,0.2528735632183908,1.240651662520118,0.0189562432927641,46.21041680000053,44.625,-282624,502,502,4016,2008,-1,cpu,1,2.14.1+cu130,193.3,0.9333333333333332
nn_32_relu,[32],ReLU,3,30,4,0.1,1000,800,0.2528735632183908,0.1653985372519601,0.0147716548831265,45.99082379999891,44.765625,-884736,10012,10012,80096,40048,-1,cpu,1,2.14.1+cu130,126.13333333333334,0.2333333333333333
mle,,,3,30,4,0.1,1400,1400,0.2528735632183908,0.1948405858080403,0.0085820258673432,0.2443178999965312,0.25,0,862,431,6896,6896,-1,cpu,1,2.14.1+cu130,,
nn_linear,[],linear,3,30,4,0.1,1400,1120,0.2528735632183908,1.0322558761890104,0.0181505938824968,61.79557019999629,59.953125,-557056,502,502,4016,2008,-1,cpu,1,2.14.1+cu130,187.4,0.8333333333333334
nn_32_relu,[32],ReLU,3,30,4,0.1,1400,1120,0.2528735632183908,0.1733314295207882,0.013719283956646,65.17165769999701,62.21875,-1355776,10012,10012,80096,40048,-1,cpu,1,2.14.1+cu130,124.43333333333334,0.1666666666666666
mle,,,2,30,4,0.5,600,600,0.2528735632183908,3.0949435087882304,0.0638796953727046,0.2498277999984566,0.203125,0,862,431,6896,6896,-1,cpu,1,2.14.1+cu130,,
nn_linear,[],linear,2,30,4,0.5,600,480,0.2528735632183908,3.5503047342272542,0.0245245238676208,25.663320699997712,25.21875,-6598656,502,502,4016,2008,-1,cpu,1,2.14.1+cu130,173.43333333333334,0.5333333333333333
nn_32_relu,[32],ReLU,2,30,4,0.5,600,480,0.2528735632183908,0.67544393020971,0.0108882550600344,33.71096369999577,32.71875,-1880064,10012,10012,80096,40048,-1,cpu,1,2.14.1+cu130,146.86666666666667,0.2666666666666666
mle,,,2,30,4,0.5,1000,1000,0.2528735632183908,1.1787834926087677,0.0343803194509529,0.2495210999986739,0.25,0,862,431,6896,6896,-1,cpu,1,2.14.1+cu130,,
nn_linear,[],linear,2,30,4,0.5,1000,800,0.2528735632183908,3.437290222625605,0.0244138875754049,37.60096570000314,36.75,-49152,502,502,4016,2008,-1,cpu,1,2.14.1+cu130,158.0,0.3666666666666666
nn_32_relu,[32],ReLU,2,30,4,0.5,1000,800,0.2528735632183908,0.4459892065891957,0.0066889096927043,49.63956219999818,48.640625,-1167360,10012,10012,80096,40048,-1,cpu,1,2.14.1+cu130,136.1,0.3
mle,,,2,30,4,0.5,1400,1400,0.2528735632183908,0.8320434447937076,0.0285232868447584,0.2471369999984745,0.21875,0,862,431,6896,6896,-1,cpu,1,2.14.1+cu130,,
nn_linear,[],linear,2,30,4,0.5,1400,1120,0.2528735632183908,3.400647834510792,0.0246106297600463,44.80116000000271,44.046875,-229376,502,502,4016,2008,-1,cpu,1,2.14.1+cu130,138.83333333333334,0.3
nn_32_relu,[32],ReLU,2,30,4,0.5,1400,1120,0.2528735632183908,0.2803268126135624,0.0050302286961016,70.79815419999795,68.765625,-185405440,10012,10012,80096,40048,-1,cpu,1,2.14.1+cu130,139.56666666666666,0.2
mle,,,1,30,4,0.1,600,600,0.2528735632183908,0.6929650292888906,0.0254403200664913,0.2429451999996672,0.25,0,862,431,6896,6896,-1,cpu,1,2.14.1+cu130,,
nn_linear,[],linear,1,30,4,0.1,600,480,0.2528735632183908,3.7278094146127887,0.0277180539389036,29.018906700002844,28.09375,-7454720,502,502,4016,2008,-1,cpu,1,2.14.1+cu130,192.4,0.9
nn_32_relu,[32],ReLU,1,30,4,0.1,600,480,0.2528735632183908,0.4822546603175098,0.0176117065745616,33.28283190000366,32.640625,-2285568,10012,10012,80096,40048,-1,cpu,1,2.14.1+cu130,145.5,0.4666666666666667
mle,,,1,30,4,0.1,1000,1000,0.2528735632183908,0.4242431038384597,0.0151743903087,0.2361738999970839,0.234375,0,862,431,6896,6896,-1,cpu,1,2.14.1+cu130,,
nn_linear,[],linear,1,30,4,0.1,1000,800,0.2528735632183908,2.9442709244039973,0.0301232216682776,46.238377300003776,45.328125,659456,502,502,4016,2008,-1,cpu,1,2.14.1+cu130,194.46666666666667,0.9
nn_32_relu,[32],ReLU,1,30,4,0.1,1000,800,0.2528735632183908,0.1511195821565212,0.0075571519266639,59.53437720000511,58.734375,-1060864,10012,10012,80096,40048,-1,cpu,1,2.14.1+cu130,164.8,0.5
mle,,,1,30,4,0.1,1400,1400,0.2528735632183908,0.3788401991143854,0.0123932446060906,0.2395933999941917,0.25,0,862,431,6896,6896,-1,cpu,1,2.14.1+cu130,,
nn_linear,[],linear,1,30,4,0.1,1400,1120,0.2528735632183908,2.6327895259424023,0.0312062989796692,62.7207333999977,61.078125,-589824,502,502,4016,2008,-1,cpu,1,2.14.1+cu130,191.7333333333333,0.9
nn_32_relu,[32],ReLU,1,30,4,0.1,1400,1120,0.2528735632183908,0.1451019211467537,0.0075480059360032,79.12208180000016,76.25,-6295552,10012,10012,80096,40048,-1,cpu,1,2.14.1+cu130,153.53333333333333,0.4666666666666667
mle,,,4,30,4,0.5,600,600,0.2528735632183908,2.44617311178132,0.0714787905472315,0.2792485999962082,0.21875,4096,862,431,6896,6896,-1,cpu,1,2.14.1+cu130,,
nn_linear,[],linear,4,30,4,0.5,600,480,0.2528735632183908,3.456805336633582,0.0168646742449368,24.096182299996144,23.359375,-7569408,502,502,4016,2008,-1,cpu,1,2.14.1+cu130,159.6,0.5
nn_32_relu,[32],ReLU,4,30,4,0.5,600,480,0.2528735632183908,0.4317846883587251,0.0065653094266507,36.32730089999677,35.6875,-1298432,10012,10012,80096,40048,-1,cpu,1,2.14.1+cu130,160.4,0.3333333333333333
mle,,,4,30,4,0.5,1000,1000,0.2528735632183908,1.483083780835045,0.0506862727964531,0.2344736000013654,0.234375,0,862,431,6896,6896,-1,cpu,1,2.14.1+cu130,,
nn_linear,[],linear,4,30,4,0.5,1000,800,0.2528735632183908,3.406147111820098,0.0177887995253414,36.34796970000025,35.640625,98304,502,502,4016,2008,-1,cpu,1,2.14.1+cu130,154.2,0.4
nn_32_relu,[32],ReLU,4,30,4,0.5,1000,800,0.2528735632183908,0.3005104649497357,0.0061818003454533,52.47731580000254,51.65625,-774144,10012,10012,80096,40048,-1,cpu,1,2.14.1+cu130,143.73333333333332,0.3
mle,,,4,30,4,0.5,1400,1400,0.2528735632183908,0.9690253699572065,0.0341101683105606,0.2455088999995496,0.25,0,862,431,6896,6896,-1,cpu,1,2.14.1+cu130,,
nn_linear,[],linear,4,30,4,0.5,1400,1120,0.2528735632183908,3.3176108503155874,0.0167017637492552,41.509460199995374,39.40625,172032,502,502,4016,2008,-1,cpu,1,2.14.1+cu130,123.0,0.2333333333333333
nn_32_relu,[32],ReLU,4,30,4,0.5,1400,1120,0.2528735632183908,0.2150270069697193,0.0034362753921984,73.92089130000386,68.890625,-9080832,10012,10012,80096,40048,-1,cpu,1,2.14.1+cu130,138.13333333333333,0.1666666666666666
mle,,,5,30,4,0.1,600,600,0.2528735632183908,0.7712120448700521,0.0328674125920023,0.255918599999859,0.234375,16384,862,431,6896,6896,-1,cpu,1,2.14.1+cu130,,
nn_linear,[],linear,5,30,4,0.1,600,480,0.2528735632183908,3.936348356515976,0.031386078191334,28.06857209999725,27.046875,-5996544,502,502,4016,2008,-1,cpu,1,2.14.1+cu130,184.66666666666663,0.8666666666666667
nn_32_relu,[32],ReLU,5,30,4,0.1,600,480,0.2528735632183908,0.1949881299106046,0.0075121371887699,39.10922920000303,37.484375,-1536000,10012,10012,80096,40048,-1,cpu,1,2.14.1+cu130,166.96666666666667,0.5333333333333333
mle,,,5,30,4,0.1,1000,1000,0.2528735632183908,0.2672887712766988,0.0083873460746799,0.2352887000015471,0.234375,4096,862,431,6896,6896,-1,cpu,1,2.14.1+cu130,,
nn_linear,[],linear,5,30,4,0.1,1000,800,0.2528735632183908,3.1556548695447244,0.0296982133436603,45.02473820000159,44.078125,139264,502,502,4016,2008,-1,cpu,1,2.14.1+cu130,188.63333333333333,0.8333333333333334
nn_32_relu,[32],ReLU,5,30,4,0.1,1000,800,0.2528735632183908,0.1101741478979999,0.0048036078382746,56.25479240000277,53.8125,-995328,10012,10012,80096,40048,-1,cpu,1,2.14.1+cu130,149.6,0.2666666666666666
mle,,,5,30,4,0.1,1400,1400,0.2528735632183908,0.2111407624871952,0.0067206089234796,0.2374213000002782,0.21875,0,862,431,6896,6896,-1,cpu,1,2.14.1+cu130,,
nn_linear,[],linear,5,30,4,0.1,1400,1120,0.2528735632183908,2.9366941818454952,0.0324376222868681,63.50706470000296,61.0,-307200,502,502,4016,2008,-1,cpu,1,2.14.1+cu130,190.86666666666667,0.8
nn_32_relu,[32],ReLU,5,30,4,0.1,1400,1120,0.2528735632183908,0.0584726694009624,0.0040720208390659,76.7585312999945,72.625,-36081664,10012,10012,80096,40048,-1,cpu,1,2.14.1+cu130,144.33333333333334,0.2
mle,,,4,30,4,0.1,600,600,0.2528735632183908,0.6663942482806201,0.0138035696896072,0.2466981999968993,0.25,8192,862,431,6896,6896,-1,cpu,1,2.14.1+cu130,,
nn_linear,[],linear,4,30,4,0.1,600,480,0.2528735632183908,3.2935517870995232,0.0295342633496801,28.155124600001727,26.78125,-6553600,502,502,4016,2008,-1,cpu,1,2.14.1+cu130,184.63333333333333,0.7666666666666667
nn_32_relu,[32],ReLU,4,30,4,0.1,600,480,0.2528735632183908,0.2676063942507706,0.0107006596149086,37.38224040000205,36.921875,-1474560,10012,10012,80096,40048,-1,cpu,1,2.14.1+cu130,167.26666666666668,0.6333333333333333
mle,,,4,30,4,0.1,1000,1000,0.2528735632183908,0.4473260706835814,0.0123598246236007,0.2286785000032978,0.234375,0,862,431,6896,6896,-1,cpu,1,2.14.1+cu130,,
nn_linear,[],linear,4,30,4,0.1,1000,800,0.2528735632183908,2.849404337266477,0.0307509537382011,45.16101759999583,43.890625,-339968,502,502,4016,2008,-1,cpu,1,2.14.1+cu130,190.53333333333333,0.8
nn_32_relu,[32],ReLU,4,30,4,0.1,1000,800,0.2528735632183908,0.1506936756936774,0.0077590306236264,62.51142480000272,60.578125,-1093632,10012,10012,80096,40048,-1,cpu,1,2.14.1+cu130,166.96666666666667,0.5666666666666667
mle,,,4,30,4,0.1,1400,1400,0.2528735632183908,0.2538374226734645,0.0062259640402406,0.2335032000046339,0.234375,0,862,431,6896,6896,-1,cpu,1,2.14.1+cu130,,
nn_linear,[],linear,4,30,4,0.1,1400,1120,0.2528735632183908,2.610673949374984,0.0319260234793111,62.427836300004856,60.34375,430080,502,502,4016,2008,-1,cpu,1,2.14.1+cu130,188.3,0.7
nn_32_relu,[32],ReLU,4,30,4,0.1,1400,1120,0.2528735632183908,0.1150515832825949,0.0067487635306902,78.48428920000151,75.578125,-9531392,10012,10012,80096,40048,-1,cpu,1,2.14.1+cu130,151.43333333333334,0.4
mle,,,1,30,4,1.0,600,600,0.2528735632183908,1.9120766386374264,0.0405045330123946,0.2576179000025149,0.234375,0,862,431,6896,6896,-1,cpu,1,2.14.1+cu130,,
nn_linear,[],linear,1,30,4,1.0,600,480,0.2528735632183908,3.2878267008808195,0.0116686005010354,21.1138845999958,20.265625,-6361088,502,502,4016,2008,-1,cpu,1,2.14.1+cu130,138.06666666666666,0.2
nn_32_relu,[32],ReLU,1,30,4,1.0,600,480,0.2528735632183908,0.5671437635926484,0.0043852729229752,32.84650519999559,30.75,-1826816,10012,10012,80096,40048,-1,cpu,1,2.14.1+cu130,136.03333333333333,0.2666666666666666
mle,,,1,30,4,1.0,1000,1000,0.2528735632183908,0.7696633117315725,0.0119295151151429,0.2838216999953147,0.25,0,862,431,6896,6896,-1,cpu,1,2.14.1+cu130,,
nn_linear,[],linear,1,30,4,1.0,1000,800,0.2528735632183908,3.220558989139522,0.0117569455604161,26.26900410000235,25.140625,-4722688,502,502,4016,2008,-1,cpu,1,2.14.1+cu130,107.46666666666668,0.1
nn_32_relu,[32],ReLU,1,30,4,1.0,1000,800,0.2528735632183908,0.334283222302392,0.0024495185642496,52.14798290000181,48.1875,-1155072,10012,10012,80096,40048,-1,cpu,1,2.14.1+cu130,131.53333333333333,0.1666666666666666
mle,,,1,30,4,1.0,1400,1400,0.2528735632183908,0.5643251867540783,0.015526168967219,0.2594131000005291,0.25,0,862,431,6896,6896,-1,cpu,1,2.14.1+cu130,,
nn_linear,[],linear,1,30,4,1.0,1400,1120,0.2528735632183908,3.1882535366467746,0.0121090210460304,31.837974699999904,30.671875,651264,502,502,4016,2008,-1,cpu,1,2.14.1+cu130,95.66666666666669,0.0666666666666666
nn_32_relu,[32],ReLU,1,30,4,1.0,1400,1120,0.2528735632183908,0.2331630496714765,0.0019261781509493,62.15310139999929,60.484375,-1675264,10012,10012,80096,40048,-1,cpu,1,2.14.1+cu130,121.4,0.1
mle,,,2,30,4,1.0,600,600,0.2528735632183908,1.6930875039660611,0.0302318795299417,0.261605799998506,0.234375,0,862,431,6896,6896,-1,cpu,1,2.14.1+cu130,,
nn_linear,[],linear,2,30,4,1.0,600,480,0.2528735632183908,3.3125875062772017,0.0091222255356135,20.27807809999649,19.9375,-7987200,502,502,4016,2008,-1,cpu,1,2.14.1+cu130,136.3,0.1
nn_32_relu,[32],ReLU,2,30,4,1.0,600,480,0.2528735632183908,0.7497813325263495,0.004131559371796,27.547574399999576,26.5,-8081408,10012,10012,80096,40048,-1,cpu,1,2.14.1+cu130,118.36666666666666,0.2
mle,,,2,30,4,1.0,1000,1000,0.2528735632183908,0.6445866051291199,0.0131080920703188,0.2389175000062096,0.25,0,862,431,6896,6896,-1,cpu,1,2.14.1+cu130,,
nn_linear,[],linear,2,30,4,1.0,1000,800,0.2528735632183908,3.199858446020956,0.0086145101472591,27.40741200000048,25.921875,-114688,502,502,4016,2008,-1,cpu,1,2.14.1+cu130,110.33333333333331,0.0666666666666666
nn_32_relu,[32],ReLU,2,30,4,1.0,1000,800,0.2528735632183908,0.413622805347615,0.0026569708915712,43.633733499998925,40.296875,-1064960,10012,10012,80096,40048,-1,cpu,1,2.14.1+cu130,109.86666666666666,0.0333333333333333
mle,,,2,30,4,1.0,1400,1400,0.2528735632183908,0.353051438424575,0.0076454713442872,0.2577275000003283,0.25,0,862,431,6896,6896,-1,cpu,1,2.14.1+cu130,,
nn_linear,[],linear,2,30,4,1.0,1400,1120,0.2528735632183908,3.192882322139202,0.0088135673155451,32.305674800001725,30.890625,-90112,502,502,4016,2008,-1,cpu,1,2.14.1+cu130,94.6,0.0
nn_32_relu,[32],ReLU,2,30,4,1.0,1400,1120,0.2528735632183908,0.2412998898330463,0.0014109355144247,70.6628647999969,65.546875,-1052672,10012,10012,80096,40048,-1,cpu,1,2.14.1+cu130,129.53333333333333,0.2333333333333333
mle,,,5,30,4,0.5,600,600,0.2528735632183908,2.0321567592103933,0.03988790210704,0.2596774999983609,0.234375,0,862,431,6896,6896,-1,cpu,1,2.14.1+cu130,,
nn_linear,[],linear,5,30,4,0.5,600,480,0.2528735632183908,4.106659849875744,0.0133155071499834,23.019144799996862,22.6875,-6586368,502,502,4016,2008,-1,cpu,1,2.14.1+cu130,154.56666666666666,0.3666666666666666
nn_32_relu,[32],ReLU,5,30,4,0.5,600,480,0.2528735632183908,0.6637379716285959,0.0057751505581331,32.98692999999912,31.671875,-1609728,10012,10012,80096,40048,-1,cpu,1,2.14.1+cu130,141.26666666666668,0.1666666666666666
mle,,,5,30,4,0.5,1000,1000,0.2528735632183908,1.2058969310429488,0.0392017665916942,0.2676926999993156,0.21875,0,862,431,6896,6896,-1,cpu,1,2.14.1+cu130,,
nn_linear,[],linear,5,30,4,0.5,1000,800,0.2528735632183908,3.9951025705807073,0.0144159999308561,34.14928090000467,30.734375,-177872896,502,502,4016,2008,-1,cpu,1,2.14.1+cu130,130.46666666666667,0.1666666666666666
nn_32_relu,[32],ReLU,5,30,4,0.5,1000,800,0.2528735632183908,0.3290450765685667,0.0043759093607624,56.40533770000184,51.859375,-1437696,10012,10012,80096,40048,-1,cpu,1,2.14.1+cu130,140.7,0.1333333333333333
mle,,,5,30,4,0.5,1400,1400,0.2528735632183908,0.6951538637491134,0.034992554272546,0.293003700004192,0.25,0,862,431,6896,6896,-1,cpu,1,2.14.1+cu130,,
nn_linear,[],linear,5,30,4,0.5,1400,1120,0.2528735632183908,3.969744358787099,0.0151080999687543,42.69854209999903,40.578125,-659456,502,502,4016,2008,-1,cpu,1,2.14.1+cu130,125.0,0.1
nn_32_relu,[32],ReLU,5,30,4,0.5,1400,1120,0.2528735632183908,0.2366174230730609,0.0038283126755501,77.60874279999553,72.140625,-1220608,10012,10012,80096,40048,-1,cpu,1,2.14.1+cu130,142.1,0.2333333333333333
mle,,,4,30,4,1.0,600,600,0.2528735632183908,1.467478705376231,0.0218780854567152,0.2583102999997209,0.21875,0,862,431,6896,6896,-1,cpu,1,2.14.1+cu130,,
nn_linear,[],linear,4,30,4,1.0,600,480,0.2528735632183908,3.1640237387036323,0.0093983838443022,18.25177529999928,17.28125,-5988352,502,502,4016,2008,-1,cpu,1,2.14.1+cu130,117.63333333333334,0.1
nn_32_relu,[32],ReLU,4,30,4,1.0,600,480,0.2528735632183908,0.618134044376915,0.0033360976996351,30.82133769999928,29.125,-2215936,10012,10012,80096,40048,-1,cpu,1,2.14.1+cu130,129.7,0.3
mle,,,4,30,4,1.0,1000,1000,0.2528735632183908,0.7911184999752616,0.0163383406304983,0.2660253000067314,0.25,0,862,431,6896,6896,-1,cpu,1,2.14.1+cu130,,
nn_linear,[],linear,4,30,4,1.0,1000,800,0.2528735632183908,3.030087165737454,0.0089310005462059,26.91690779999772,25.734375,28672,502,502,4016,2008,-1,cpu,1,2.14.1+cu130,109.73333333333332,0.0333333333333333
nn_32_relu,[32],ReLU,4,30,4,1.0,1000,800,0.2528735632183908,0.27783432641049,0.0017135229847478,46.98627269999997,45.015625,-634880,10012,10012,80096,40048,-1,cpu,1,2.14.1+cu130,123.53333333333332,0.1
mle,,,4,30,4,1.0,1400,1400,0.2528735632183908,0.4504227657308455,0.0138051475578572,0.2595178999981726,0.25,0,862,431,6896,6896,-1,cpu,1,2.14.1+cu130,,
nn_linear,[],linear,4,30,4,1.0,1400,1120,0.2528735632183908,3.0331010573186146,0.0090318165268328,24.94540780000534,24.34375,-507904,502,502,4016,2008,-1,cpu,1,2.14.1+cu130,75.63333333333334,0.0
nn_32_relu,[32],ReLU,4,30,4,1.0,1400,1120,0.2528735632183908,0.1951183953115737,0.0014071361699937,61.31325810000271,59.34375,-376832,10012,10012,80096,40048,-1,cpu,1,2.14.1+cu130,119.66666666666669,0.0666666666666666
mle,,,3,30,4,1.0,600,600,0.2528735632183908,1.5233321433381344,0.0302031528429977,0.2871242000037455,0.25,4096,862,431,6896,6896,-1,cpu,1,2.14.1+cu130,,
nn_linear,[],linear,3,30,4,1.0,600,480,0.2528735632183908,3.0802613805115344,0.0095174537030099,22.60942320000322,20.9375,-14827520,502,502,4016,2008,-1,cpu,1,2.14.1+cu130,142.36666666666667,0.2666666666666666
nn_32_relu,[32],ReLU,3,30,4,1.0,600,480,0.2528735632183908,0.676257684384035,0.0042706869716052,28.08047450000595,26.546875,-2228224,10012,10012,80096,40048,-1,cpu,1,2.14.1+cu130,117.0,0.1333333333333333
mle,,,3,30,4,1.0,1000,1000,0.2528735632183908,0.7629396338102707,0.0209701530069511,0.2528540000057546,0.234375,0,862,431,6896,6896,-1,cpu,1,2.14.1+cu130,,
nn_linear,[],linear,3,30,4,1.0,1000,800,0.2528735632183908,3.01462305621565,0.0097461652769315,28.81846519999817,27.765625,0,502,502,4016,2008,-1,cpu,1,2.14.1+cu130,118.0,0.1666666666666666
nn_32_relu,[32],ReLU,3,30,4,1.0,1000,800,0.2528735632183908,0.3258578699094541,0.002578192429307,49.11724800000229,46.953125,-1204224,10012,10012,80096,40048,-1,cpu,1,2.14.1+cu130,128.9,0.1
mle,,,3,30,4,1.0,1400,1400,0.2528735632183908,0.3225691084175606,0.0054565171422739,0.2493164000043179,0.25,0,862,431,6896,6896,-1,cpu,1,2.14.1+cu130,,
nn_linear,[],linear,3,30,4,1.0,1400,1120,0.2528735632183908,2.9968154837416843,0.0099991542785025,32.280018700002984,31.5,-221184,502,502,4016,2008,-1,cpu,1,2.14.1+cu130,97.6,0.0
nn_32_relu,[32],ReLU,3,30,4,1.0,1400,1120,0.2528735632183908,0.2842425825052183,0.0020860238114481,59.609289300002274,56.40625,-1470464,10012,10012,80096,40048,-1,cpu,1,2.14.1+cu130,113.33333333333331,0.0666666666666666
mle,,,5,30,4,1.0,600,600,0.2528735632183908,1.30247087257437,0.0135900939464014,0.2599112000025343,0.25,0,862,431,6896,6896,-1,cpu,1,2.14.1+cu130,,
nn_linear,[],linear,5,30,4,1.0,600,480,0.2528735632183908,3.3101157827467773,0.0087335242501964,17.966747999998915,16.71875,-16277504,502,502,4016,2008,-1,cpu,1,2.14.1+cu130,114.13333333333334,0.1
nn_32_relu,[32],ReLU,5,30,4,1.0,600,480,0.2528735632183908,0.5996157395547249,0.0029389216619132,35.677092199999606,32.328125,-1859584,10012,10012,80096,40048,-1,cpu,1,2.14.1+cu130,140.3,0.3666666666666666
mle,,,5,30,4,1.0,1000,1000,0.2528735632183908,0.5344491551716339,0.0068813903375748,0.314226200003759,0.25,0,862,431,6896,6896,-1,cpu,1,2.14.1+cu130,,
nn_linear,[],linear,5,30,4,1.0,1000,800,0.2528735632183908,3.30098454922862,0.0082698621667657,24.369296500000928,22.359375,831488,502,502,4016,2008,-1,cpu,1,2.14.1+cu130,94.03333333333332,0.0
nn_32_relu,[32],ReLU,5,30,4,1.0,1000,800,0.2528735632183908,0.3599311144976126,0.001845398309536,49.706543199994485,47.703125,-786432,10012,10012,80096,40048,-1,cpu,1,2.14.1+cu130,131.16666666666666,0.1333333333333333
mle,,,5,30,4,1.0,1400,1400,0.2528735632183908,0.4188560823685942,0.006711365110839,0.2526858999990509,0.234375,8192,862,431,6896,6896,-1,cpu,1,2.14.1+cu130,,
nn_linear,[],linear,5,30,4,1.0,1400,1120,0.2528735632183908,3.2474229128329464,0.0085308161266222,23.72500589999981,22.90625,-540672,502,502,4016,2008,-1,cpu,1,2.14.1+cu130,71.83333333333333,0.0
nn_32_relu,[32],ReLU,5,30,4,1.0,1400,1120,0.2528735632183908,0.2513803106873113,0.0015434750852447,70.7907172999985,67.546875,-958464,10012,10012,80096,40048,-1,cpu,1,2.14.1+cu130,135.8,0.1666666666666666
mle,,,1,30,2,0.5,600,600,0.1310344827586207,0.3266497870419785,0.0041812631500455,0.1840671000027214,0.1875,0,230,115,1840,1840,-1,cpu,1,2.14.1+cu130,,
nn_linear,[],linear,1,30,2,0.5,600,480,0.1310344827586207,1.2888587275947372,0.0085775664436256,27.341360900005384,26.375,-6193152,290,290,2320,1160,-1,cpu,1,2.14.1+cu130,179.93333333333334,0.8333333333333334
nn_32_relu,[32],ReLU,1,30,2,0.5,600,480,0.1310344827586207,0.1256742361776383,0.0005989986289089,26.231513399994583,24.546875,-630784,6620,6620,52960,26480,-1,cpu,1,2.14.1+cu130,110.86666666666666,0.1
mle,,,1,30,2,0.5,1000,1000,0.1310344827586207,0.143394056221071,0.0012410683603553,0.1813362000029883,0.1875,0,230,115,1840,1840,-1,cpu,1,2.14.1+cu130,,
nn_linear,[],linear,1,30,2,0.5,1000,800,0.1310344827586207,1.100687419734673,0.0087938704439373,39.349944000001415,38.265625,-417792,290,290,2320,1160,-1,cpu,1,2.14.1+cu130,164.36666666666667,0.5
nn_32_relu,[32],ReLU,1,30,2,0.5,1000,800,0.1310344827586207,0.0975100014561527,0.0006729550215072,31.533432000003813,30.75,-782336,6620,6620,52960,26480,-1,cpu,1,2.14.1+cu130,85.76666666666667,0.0
mle,,,1,30,2,0.5,1400,1400,0.1310344827586207,0.1272746246843865,0.0011990429266553,0.1835518000007141,0.171875,0,230,115,1840,1840,-1,cpu,1,2.14.1+cu130,,
nn_linear,[],linear,1,30,2,0.5,1400,1120,0.1310344827586207,1.0486670401472982,0.0085166084752548,49.28517100000317,47.734375,-65536,290,290,2320,1160,-1,cpu,1,2.14.1+cu130,150.03333333333333,0.3333333333333333
nn_32_relu,[32],ReLU,1,30,2,0.5,1400,1120,0.1310344827586207,0.0823604873117893,0.0006817089354359,43.83058329999767,41.0625,-544768,6620,6620,52960,26480,-1,cpu,1,2.14.1+cu130,82.06666666666666,0.0333333333333333
mle,,,1,30,2,0.1,600,600,0.1310344827586207,0.0933912822941274,0.0027054965550947,0.2065603999944869,0.203125,0,230,115,1840,1840,-1,cpu,1,2.14.1+cu130,,
nn_linear,[],linear,1,30,2,0.1,600,480,0.1310344827586207,1.6915012598883186,0.0092422846298062,29.048166799999308,27.4375,-6012928,290,290,2320,1160,-1,cpu,1,2.14.1+cu130,188.6,0.9
nn_32_relu,[32],ReLU,1,30,2,0.1,600,480,0.1310344827586207,0.0807833183786345,0.009839293362069,35.54304160000174,34.0625,-733184,6620,6620,52960,26480,-1,cpu,1,2.14.1+cu130,150.56666666666666,0.4
mle,,,1,30,2,0.1,1000,1000,0.1310344827586207,0.0782789398617511,0.0101427312642835,0.1961449999944307,0.171875,0,230,115,1840,1840,-1,cpu,1,2.14.1+cu130,,
nn_linear,[],linear,1,30,2,0.1,1000,800,0.1310344827586207,1.2154379614020108,0.008179771663952,43.056963399998494,41.625,49152,290,290,2320,1160,-1,cpu,1,2.14.1+cu130,179.3,0.8
nn_32_relu,[32],ReLU,1,30,2,0.1,1000,800,0.1310344827586207,0.0466413236729024,0.0059490108739013,53.149978499997815,51.625,-913408,6620,6620,52960,26480,-1,cpu,1,2.14.1+cu130,142.56666666666666,0.3333333333333333
mle,,,1,30,2,0.1,1400,1400,0.1310344827586207,0.0724073749161971,0.0101428088780313,0.1877229999954579,0.1875,0,230,115,1840,1840,-1,cpu,1,2.14.1+cu130,,
nn_linear,[],linear,1,30,2,0.1,1400,1120,0.1310344827586207,0.905554566411018,0.0087558519692676,62.080303099995945,59.890625,-659456,290,290,2320,1160,-1,cpu,1,2.14.1+cu130,186.6,0.8333333333333334
nn_32_relu,[32],ReLU,1,30,2,0.1,1400,1120,0.1310344827586207,0.037361109408739,0.0052100819943203,65.31286890000047,62.125,-290816,6620,6620,52960,26480,-1,cpu,1,2.14.1+cu130,124.2,0.2
mle,,,3,30,2,0.1,600,600,0.1310344827586207,0.126266775694761,0.0039005472886063,0.2118219999974826,0.203125,0,230,115,1840,1840,-1,cpu,1,2.14.1+cu130,,
nn_linear,[],linear,3,30,2,0.1,600,480,0.1310344827586207,1.2105687257713849,0.0074874246912469,30.369274799995765,28.53125,-6336512,290,290,2320,1160,-1,cpu,1,2.14.1+cu130,195.9,0.9333333333333332
nn_32_relu,[32],ReLU,3,30,2,0.1,600,480,0.1310344827586207,0.0713105580711742,0.0077098541628308,34.676953900001536,33.140625,-782336,6620,6620,52960,26480,-1,cpu,1,2.14.1+cu130,148.73333333333332,0.3333333333333333
mle,,,3,30,2,0.1,1000,1000,0.1310344827586207,0.0707718076172601,0.0027760359245684,0.2004782000003615,0.171875,0,230,115,1840,1840,-1,cpu,1,2.14.1+cu130,,
nn_linear,[],linear,3,30,2,0.1,1000,800,0.1310344827586207,0.6235981630050614,0.0075417948306808,48.91143400000146,45.6875,110592,290,290,2320,1160,-1,cpu,1,2.14.1+cu130,192.86666666666667,0.9333333333333332
nn_32_relu,[32],ReLU,3,30,2,0.1,1000,800,0.1310344827586207,0.0582213837849165,0.0081121912304011,51.96771699999954,49.5,-847872,6620,6620,52960,26480,-1,cpu,1,2.14.1+cu130,135.36666666666667,0.2
mle,,,3,30,2,0.1,1400,1400,0.1310344827586207,0.0588587992949204,0.0041271816046439,0.2032400999960373,0.1875,0,230,115,1840,1840,-1,cpu,1,2.14.1+cu130,,
nn_linear,[],linear,3,30,2,0.1,1400,1120,0.1310344827586207,0.5096700221296478,0.007500890447462,63.91185399999813,61.265625,-602112,290,290,2320,1160,-1,cpu,1,2.14.1+cu130,191.46666666666667,0.8666666666666667
nn_32_relu,[32],ReLU,3,30,2,0.1,1400,1120,0.1310344827586207,0.0507265778615021,0.0056209403922942,51.03226120000181,47.734375,-450560,6620,6620,52960,26480,-1,cpu,1,2.14.1+cu130,95.46666666666668,0.1666666666666666
mle,,,2,30,2,0.1,600,600,0.1310344827586207,0.3734149053344182,0.0136224610329606,0.2009123000025283,0.171875,0,230,115,1840,1840,-1,cpu,1,2.14.1+cu130,,
nn_linear,[],linear,2,30,2,0.1,600,480,0.1310344827586207,1.7602415768107014,0.0114836678268398,30.882110000005923,28.84375,-5353472,290,290,2320,1160,-1,cpu,1,2.14.1+cu130,194.9,0.9666666666666668
nn_32_relu,[32],ReLU,2,30,2,0.1,600,480,0.1310344827586207,0.1100439647522901,0.003381870743264,36.78380509999988,35.34375,-774144,6620,6620,52960,26480,-1,cpu,1,2.14.1+cu130,157.43333333333334,0.4333333333333333
mle,,,2,30,2,0.1,1000,1000,0.1310344827586207,0.2633126394384707,0.012754603756549,0.1984873999972478,0.1875,0,230,115,1840,1840,-1,cpu,1,2.14.1+cu130,,
nn_linear,[],linear,2,30,2,0.1,1000,800,0.1310344827586207,0.9892085067770072,0.0127966768027757,46.417718899996544,45.1875,147456,290,290,2320,1160,-1,cpu,1,2.14.1+cu130,192.96666666666667,0.9333333333333332
nn_32_relu,[32],ReLU,2,30,2,0.1,1000,800,0.1310344827586207,0.0665755373670027,0.0026341179816368,55.063068499999645,53.25,-761856,6620,6620,52960,26480,-1,cpu,1,2.14.1+cu130,148.23333333333332,0.3333333333333333
mle,,,2,30,2,0.1,1400,1400,0.1310344827586207,0.2037812015225737,0.0088476095588012,0.205291300000681,0.203125,0,230,115,1840,1840,-1,cpu,1,2.14.1+cu130,,
nn_linear,[],linear,2,30,2,0.1,1400,1120,0.1310344827586207,0.56418232009657,0.0137687726568288,64.90485529999569,62.21875,-258048,290,290,2320,1160,-1,cpu,1,2.14.1+cu130,194.63333333333333,0.9
nn_32_relu,[32],ReLU,2,30,2,0.1,1400,1120,0.1310344827586207,0.0619073389044028,0.0026098894687825,68.96838800000114,65.140625,-638976,6620,6620,52960,26480,-1,cpu,1,2.14.1+cu130,129.83333333333334,0.2
mle,,,5,30,2,0.1,600,600,0.1310344827586207,0.3113893917577936,0.004149787258331,0.2226204999969923,0.203125,0,230,115,1840,1840,-1,cpu,1,2.14.1+cu130,,
nn_linear,[],linear,5,30,2,0.1,600,480,0.1310344827586207,2.1324997626075985,0.0116444728545866,28.86796210000466,27.765625,-5373952,290,290,2320,1160,-1,cpu,1,2.14.1+cu130,188.46666666666667,0.8666666666666667
nn_32_relu,[32],ReLU,5,30,2,0.1,600,480,0.1310344827586207,0.13534911218932,0.0016383661682808,33.30214559999877,31.984375,-704512,6620,6620,52960,26480,-1,cpu,1,2.14.1+cu130,140.8,0.3
mle,,,5,30,2,0.1,1000,1000,0.1310344827586207,0.082021084447722,0.0006399661613455,0.193908500004909,0.1875,0,230,115,1840,1840,-1,cpu,1,2.14.1+cu130,,
nn_linear,[],linear,5,30,2,0.1,1000,800,0.1310344827586207,1.4638536746973012,0.0094939739099223,44.8372301000054,43.15625,-208896,290,290,2320,1160,-1,cpu,1,2.14.1+cu130,183.7,0.8333333333333334
nn_32_relu,[32],ReLU,5,30,2,0.1,1000,800,0.1310344827586207,0.0687093974954479,0.0012795255056796,50.94396960000449,48.21875,-815104,6620,6620,52960,26480,-1,cpu,1,2.14.1+cu130,131.26666666666668,0.2666666666666666
mle,,,5,30,2,0.1,1400,1400,0.1310344827586207,0.041759992103549,0.0007453902935739,0.1878255999981775,0.1875,4096,230,115,1840,1840,-1,cpu,1,2.14.1+cu130,,
nn_linear,[],linear,5,30,2,0.1,1400,1120,0.1310344827586207,1.2062446837266116,0.0092170101355702,62.54305800000293,59.90625,40960,290,290,2320,1160,-1,cpu,1,2.14.1+cu130,187.1,0.8333333333333334
nn_32_relu,[32],ReLU,5,30,2,0.1,1400,1120,0.1310344827586207,0.0400565856685401,0.0009324805457472,67.25889029999962,62.8125,-937984,6620,6620,52960,26480,-1,cpu,1,2.14.1+cu130,124.46666666666668,0.2
mle,,,4,30,2,0.1,600,600,0.1310344827586207,0.1820534753958628,0.00700054990828,0.1876680000059423,0.1875,4096,230,115,1840,1840,-1,cpu,1,2.14.1+cu130,,
nn_linear,[],linear,4,30,2,0.1,600,480,0.1310344827586207,1.366786087083394,0.0113128952598486,29.703198899995183,28.40625,-5533696,290,290,2320,1160,-1,cpu,1,2.14.1+cu130,194.13333333333333,0.9
nn_32_relu,[32],ReLU,4,30,2,0.1,600,480,0.1310344827586207,0.1516321534577129,0.0097776189555988,36.0349755999996,34.296875,-765952,6620,6620,52960,26480,-1,cpu,1,2.14.1+cu130,149.7,0.4
mle,,,4,30,2,0.1,1000,1000,0.1310344827586207,0.1678683933713085,0.0132441470023427,0.1920585999978357,0.1875,0,230,115,1840,1840,-1,cpu,1,2.14.1+cu130,,
nn_linear,[],linear,4,30,2,0.1,1000,800,0.1310344827586207,0.621581725618067,0.008913399617868,49.628961499998695,46.34375,-323584,290,290,2320,1160,-1,cpu,1,2.14.1+cu130,195.4333333333333,0.9333333333333332
nn_32_relu,[32],ReLU,4,30,2,0.1,1000,800,0.1310344827586207,0.0587450122986178,0.0070619958742284,58.29293329999928,55.34375,-659456,6620,6620,52960,26480,-1,cpu,1,2.14.1+cu130,151.43333333333334,0.4666666666666667
mle,,,4,30,2,0.1,1400,1400,0.1310344827586207,0.1386296826784822,0.0127130710596968,0.1883185999977286,0.1875,0,230,115,1840,1840,-1,cpu,1,2.14.1+cu130,,
nn_linear,[],linear,4,30,2,0.1,1400,1120,0.1310344827586207,0.3824779602496341,0.0084931937795362,64.53634429999511,62.234375,-540672,290,290,2320,1160,-1,cpu,1,2.14.1+cu130,195.03333333333333,0.9333333333333332
nn_32_relu,[32],ReLU,4,30,2,0.1,1400,1120,0.1310344827586207,0.0558453043590527,0.0064381315154993,70.86612520000199,67.578125,151552,6620,6620,52960,26480,-1,cpu,1,2.14.1+cu130,134.7,0.2666666666666666
mle,,,1,30,2,1.0,600,600,0.1310344827586207,0.2015454442975175,0.00399977859657,0.1770108999990043,0.171875,0,230,115,1840,1840,-1,cpu,1,2.14.1+cu130,,
nn_linear,[],linear,1,30,2,1.0,600,480,0.1310344827586207,0.8007716710316514,0.0032912163239,23.13543539999955,22.109375,-6766592,290,290,2320,1160,-1,cpu,1,2.14.1+cu130,151.13333333333333,0.4333333333333333
nn_32_relu,[32],ReLU,1,30,2,1.0,600,480,0.1310344827586207,0.142687240110914,0.0009282256766015,19.833837799997127,19.21875,-921600,6620,6620,52960,26480,-1,cpu,1,2.14.1+cu130,86.23333333333333,0.0
mle,,,1,30,2,1.0,1000,1000,0.1310344827586207,0.1288120197900724,0.0022508937917918,0.1813175999996019,0.171875,0,230,115,1840,1840,-1,cpu,1,2.14.1+cu130,,
nn_linear,[],linear,1,30,2,1.0,1000,800,0.1310344827586207,0.7237648189926346,0.0032600413962616,30.19621249999909,29.0,-278528,290,290,2320,1160,-1,cpu,1,2.14.1+cu130,123.6,0.1666666666666666
nn_32_relu,[32],ReLU,1,30,2,1.0,1000,800,0.1310344827586207,0.1356156281581639,0.0005458788936029,26.23275529999956,24.25,-925696,6620,6620,52960,26480,-1,cpu,1,2.14.1+cu130,65.36666666666666,0.0
mle,,,1,30,2,1.0,1400,1400,0.1310344827586207,0.0726908494720619,0.0014612243130433,0.1891284999946947,0.171875,0,230,115,1840,1840,-1,cpu,1,2.14.1+cu130,,
nn_linear,[],linear,1,30,2,1.0,1400,1120,0.1310344827586207,0.6581427839153096,0.0034134058990908,37.03325649999897,34.359375,-450560,290,290,2320,1160,-1,cpu,1,2.14.1+cu130,104.46666666666668,0.0666666666666666
nn_32_relu,[32],ReLU,1,30,2,1.0,1400,1120,0.1310344827586207,0.0549019082150279,0.0002262364986205,32.85170759999892,30.9375,-802816,6620,6620,52960,26480,-1,cpu,1,2.14.1+cu130,61.36666666666667,0.0
mle,,,2,30,2,1.0,600,600,0.1310344827586207,0.1603389080686435,0.001297478535939,0.1835200999994413,0.1875,0,230,115,1840,1840,-1,cpu,1,2.14.1+cu130,,
nn_linear,[],linear,2,30,2,1.0,600,480,0.1310344827586207,1.257376321534494,0.0075949385355049,25.591307800001232,24.046875,-5910528,290,290,2320,1160,-1,cpu,1,2.14.1+cu130,160.66666666666666,0.4333333333333333
nn_32_relu,[32],ReLU,2,30,2,1.0,600,480,0.1310344827586207,0.208810125044164,0.0013441645756506,18.4293089999992,17.59375,-1445888,6620,6620,52960,26480,-1,cpu,1,2.14.1+cu130,78.46666666666667,0.0333333333333333
mle,,,2,30,2,1.0,1000,1000,0.1310344827586207,0.1104428502491217,0.0010589776945062,0.1952208999937283,0.203125,0,230,115,1840,1840,-1,cpu,1,2.14.1+cu130,,
nn_linear,[],linear,2,30,2,1.0,1000,800,0.1310344827586207,1.2198681766605042,0.0072873719566917,32.32066119999945,30.8125,-28672,290,290,2320,1160,-1,cpu,1,2.14.1+cu130,131.93333333333334,0.2666666666666666
nn_32_relu,[32],ReLU,2,30,2,1.0,1000,800,0.1310344827586207,0.0826387838453041,0.0004459781869809,30.350070100001176,28.65625,-757760,6620,6620,52960,26480,-1,cpu,1,2.14.1+cu130,79.26666666666667,0.0
mle,,,2,30,2,1.0,1400,1400,0.1310344827586207,0.0521621236850406,0.0003437192835936,0.1803676999988965,0.1875,0,230,115,1840,1840,-1,cpu,1,2.14.1+cu130,,
nn_linear,[],linear,2,30,2,1.0,1400,1120,0.1310344827586207,1.2095861107277066,0.0078317475147969,38.11772130000463,36.8125,-389120,290,290,2320,1160,-1,cpu,1,2.14.1+cu130,114.36666666666666,0.2
nn_32_relu,[32],ReLU,2,30,2,1.0,1400,1120,0.1310344827586207,0.0992811678051703,0.0005978637052345,36.94290739999997,35.1875,106496,6620,6620,52960,26480,-1,cpu,1,2.14.1+cu130,70.66666666666667,0.0333333333333333
mle,,,2,30,2,0.5,600,600,0.1310344827586207,0.2923589015174102,0.0023818764883428,0.1814768999975058,0.1875,4096,230,115,1840,1840,-1,cpu,1,2.14.1+cu130,,
nn_linear,[],linear,2,30,2,0.5,600,480,0.1310344827586207,1.7941526095697191,0.008817386656295,25.34848339999735,23.84375,-6656000,290,290,2320,1160,-1,cpu,1,2.14.1+cu130,160.96666666666667,0.5
nn_32_relu,[32],ReLU,2,30,2,0.5,600,480,0.1310344827586207,0.1373451845771309,0.0007143360875085,25.10255469999538,23.765625,-790528,6620,6620,52960,26480,-1,cpu,1,2.14.1+cu130,104.53333333333332,0.0333333333333333
mle,,,2,30,2,0.5,1000,1000,0.1310344827586207,0.1287546351668384,0.0011382698184738,0.1881944000051589,0.1875,0,230,115,1840,1840,-1,cpu,1,2.14.1+cu130,,
nn_linear,[],linear,2,30,2,0.5,1000,800,0.1310344827586207,1.5620040881218975,0.0084665821957203,39.07094070000312,36.75,-233472,290,290,2320,1160,-1,cpu,1,2.14.1+cu130,155.1,0.4666666666666667
nn_32_relu,[32],ReLU,2,30,2,0.5,1000,800,0.1310344827586207,0.079919283668828,0.0004070432778593,35.5019714999944,32.96875,-811008,6620,6620,52960,26480,-1,cpu,1,2.14.1+cu130,90.16666666666669,0.0
mle,,,2,30,2,0.5,1400,1400,0.1310344827586207,0.1041669146746067,0.0005483277837238,0.1974556999994092,0.1875,0,230,115,1840,1840,-1,cpu,1,2.14.1+cu130,,
nn_linear,[],linear,2,30,2,0.5,1400,1120,0.1310344827586207,1.5504215601561857,0.0095591685476679,48.38680220000242,45.65625,-720896,290,290,2320,1160,-1,cpu,1,2.14.1+cu130,140.93333333333334,0.3666666666666666
nn_32_relu,[32],ReLU,2,30,2,0.5,1400,1120,0.1310344827586207,0.0641098519776053,0.0002836974083215,52.87307580000197,49.390625,-577536,6620,6620,52960,26480,-1,cpu,1,2.14.1+cu130,98.06666666666666,0.0666666666666666
mle,,,4,30,2,0.5,600,600,0.1310344827586207,0.2511713775546884,0.0076192971984277,0.1858414000016637,0.1875,0,230,115,1840,1840,-1,cpu,1,2.14.1+cu130,,
nn_linear,[],linear,4,30,2,0.5,600,480,0.1310344827586207,2.669541137371028,0.0116548985092719,26.493583000003127,24.484375,-6402048,290,290,2320,1160,-1,cpu,1,2.14.1+cu130,165.23333333333332,0.5
nn_32_relu,[32],ReLU,4,30,2,0.5,600,480,0.1310344827586207,0.2157590461505592,0.0017051165405435,23.73516749999544,23.171875,-1032192,6620,6620,52960,26480,-1,cpu,1,2.14.1+cu130,103.03333333333332,0.0333333333333333
mle,,,4,30,2,0.5,1000,1000,0.1310344827586207,0.155564676362757,0.0074140986140409,0.1859270000059041,0.1875,0,230,115,1840,1840,-1,cpu,1,2.14.1+cu130,,
nn_linear,[],linear,4,30,2,0.5,1000,800,0.1310344827586207,2.2899703449684874,0.0122888854668639,36.52396320000116,34.1875,-282624,290,290,2320,1160,-1,cpu,1,2.14.1+cu130,145.63333333333333,0.3333333333333333
nn_32_relu,[32],ReLU,4,30,2,0.5,1000,800,0.1310344827586207,0.1336442355206796,0.0024123480746521,32.56072629999835,30.796875,-684032,6620,6620,52960,26480,-1,cpu,1,2.14.1+cu130,84.93333333333334,0.0666666666666666
mle,,,4,30,2,0.5,1400,1400,0.1310344827586207,0.0985949187216802,0.0050879844507249,0.2136417000001529,0.1875,0,230,115,1840,1840,-1,cpu,1,2.14.1+cu130,,
nn_linear,[],linear,4,30,2,0.5,1400,1120,0.1310344827586207,2.197681433048999,0.0148970275281714,44.47360009999829,42.8125,-110592,290,290,2320,1160,-1,cpu,1,2.14.1+cu130,134.3,0.3333333333333333
nn_32_relu,[32],ReLU,4,30,2,0.5,1400,1120,0.1310344827586207,0.0722335142644798,0.0011556701856817,43.67774179999833,41.734375,-802816,6620,6620,52960,26480,-1,cpu,1,2.14.1+cu130,83.63333333333334,0.0
mle,,,3,30,2,0.5,600,600,0.1310344827586207,0.4481564915623248,0.0052934833165874,0.2029395999998087,0.1875,0,230,115,1840,1840,-1,cpu,1,2.14.1+cu130,,
nn_linear,[],linear,3,30,2,0.5,600,480,0.1310344827586207,2.076498389341418,0.0109450869422777,27.949991400004365,25.875,-6692864,290,290,2320,1160,-1,cpu,1,2.14.1+cu130,174.33333333333334,0.6666666666666666
nn_32_relu,[32],ReLU,3,30,2,0.5,600,480,0.1310344827586207,0.1689200139479599,0.0008258278998237,28.84675609999977,26.953125,-1196032,6620,6620,52960,26480,-1,cpu,1,2.14.1+cu130,117.36666666666666,0.1
mle,,,3,30,2,0.5,1000,1000,0.1310344827586207,0.1873803098991898,0.0020559251602312,0.19515980000142,0.171875,0,230,115,1840,1840,-1,cpu,1,2.14.1+cu130,,
nn_linear,[],linear,3,30,2,0.5,1000,800,0.1310344827586207,1.84115040822738,0.0103414259297301,40.15589719999844,37.078125,-471040,290,290,2320,1160,-1,cpu,1,2.14.1+cu130,155.3,0.3666666666666666
nn_32_relu,[32],ReLU,3,30,2,0.5,1000,800,0.1310344827586207,0.0867331224449054,0.0006528525631613,38.44138419999945,35.09375,-602112,6620,6620,52960,26480,-1,cpu,1,2.14.1+cu130,94.33333333333331,0.0666666666666666
mle,,,3,30,2,0.5,1400,1400,0.1310344827586207,0.1251603774492035,0.0011536634574637,0.1953539999958593,0.15625,0,230,115,1840,1840,-1,cpu,1,2.14.1+cu130,,
nn_linear,[],linear,3,30,2,0.5,1400,1120,0.1310344827586207,1.785831020690498,0.0109825835523227,52.431630200000654,49.28125,-2916352,290,290,2320,1160,-1,cpu,1,2.14.1+cu130,152.06666666666666,0.3
nn_32_relu,[32],ReLU,3,30,2,0.5,1400,1120,0.1310344827586207,0.0595616548205172,0.0002938157676621,42.3295711000028,40.765625,-401408,6620,6620,52960,26480,-1,cpu,1,2.14.1+cu130,81.1,0.0333333333333333
mle,,,5,30,2,0.5,600,600,0.1310344827586207,0.2361409222854678,0.0019516943086304,0.1835716999994474,0.171875,0,230,115,1840,1840,-1,cpu,1,2.14.1+cu130,,
nn_linear,[],linear,5,30,2,0.5,600,480,0.1310344827586207,1.9568637747556925,0.0101751471373819,27.92293630000495,26.5625,-5722112,290,290,2320,1160,-1,cpu,1,2.14.1+cu130,181.86666666666667,0.6666666666666666
nn_32_relu,[32],ReLU,5,30,2,0.5,600,480,0.1310344827586207,0.2332402897335844,0.0012236387184365,24.147862600002554,23.25,-696320,6620,6620,52960,26480,-1,cpu,1,2.14.1+cu130,104.16666666666669,0.0666666666666666
mle,,,5,30,2,0.5,1000,1000,0.1310344827586207,0.0935722908276733,0.000646083748066,0.179385600000387,0.1875,0,230,115,1840,1840,-1,cpu,1,2.14.1+cu130,,
nn_linear,[],linear,5,30,2,0.5,1000,800,0.1310344827586207,1.7968622986119176,0.0098945219366975,39.059136700001545,36.09375,4096,290,290,2320,1160,-1,cpu,1,2.14.1+cu130,155.03333333333333,0.3333333333333333
nn_32_relu,[32],ReLU,5,30,2,0.5,1000,800,0.1310344827586207,0.1434678657021092,0.0010910095822693,37.62698220000311,34.609375,-929792,6620,6620,52960,26480,-1,cpu,1,2.14.1+cu130,95.83333333333331,0.0666666666666666
mle,,,5,30,2,0.5,1400,1400,0.1310344827586207,0.0822849559219013,0.0005758660342056,0.1920423999981722,0.171875,0,230,115,1840,1840,-1,cpu,1,2.14.1+cu130,,
nn_linear,[],linear,5,30,2,0.5,1400,1120,0.1310344827586207,1.7378152226232473,0.0100567859740586,51.8119852000018,49.65625,-61591552,290,290,2320,1160,-1,cpu,1,2.14.1+cu130,154.13333333333333,0.4333333333333333
nn_32_relu,[32],ReLU,5,30,2,0.5,1400,1120,0.1310344827586207,0.0603093890817337,0.0004777775047503,45.814619500000845,43.578125,-1093632,6620,6620,52960,26480,-1,cpu,1,2.14.1+cu130,87.73333333333333,0.0333333333333333
mle,,,3,30,2,1.0,600,600,0.1310344827586207,0.3482779083599462,0.0160683288916494,0.1817881000024499,0.171875,0,230,115,1840,1840,-1,cpu,1,2.14.1+cu130,,
nn_linear,[],linear,3,30,2,1.0,600,480,0.1310344827586207,1.12446888752607,0.0052099829574028,25.113155799997912,22.4375,-4960256,290,290,2320,1160,-1,cpu,1,2.14.1+cu130,150.4,0.4
nn_32_relu,[32],ReLU,3,30,2,1.0,600,480,0.1310344827586207,0.111645830911415,0.0005822545149063,17.83709409999574,17.015625,-1155072,6620,6620,52960,26480,-1,cpu,1,2.14.1+cu130,76.2,0.0
mle,,,3,30,2,1.0,1000,1000,0.1310344827586207,0.1459726675679859,0.0036344544287831,0.186576200001582,0.1875,0,230,115,1840,1840,-1,cpu,1,2.14.1+cu130,,
nn_linear,[],linear,3,30,2,1.0,1000,800,0.1310344827586207,1.0734050879997907,0.0060591470133941,31.903145199998107,30.5,-45039616,290,290,2320,1160,-1,cpu,1,2.14.1+cu130,131.16666666666666,0.2
nn_32_relu,[32],ReLU,3,30,2,1.0,1000,800,0.1310344827586207,0.0911128005315229,0.0004668393081225,25.61162309999781,24.296875,-897024,6620,6620,52960,26480,-1,cpu,1,2.14.1+cu130,68.7,0.0
mle,,,3,30,2,1.0,1400,1400,0.1310344827586207,0.0864984766057693,0.0033283240526504,0.1849262999967322,0.1875,0,230,115,1840,1840,-1,cpu,1,2.14.1+cu130,,
nn_linear,[],linear,3,30,2,1.0,1400,1120,0.1310344827586207,1.039223207233885,0.0060681665584572,39.47092219999468,36.828125,-524288,290,290,2320,1160,-1,cpu,1,2.14.1+cu130,115.7,0.1
nn_32_relu,[32],ReLU,3,30,2,1.0,1400,1120,0.1310344827586207,0.0560816005056422,0.0002921963252598,33.47872309999366,30.53125,155648,6620,6620,52960,26480,-1,cpu,1,2.14.1+cu130,60.43333333333333,0.0
mle,,,4,30,2,1.0,600,600,0.1310344827586207,0.1141370588442464,0.0026757557037618,0.1806967000011354,0.171875,0,230,115,1840,1840,-1,cpu,1,2.14.1+cu130,,
nn_linear,[],linear,4,30,2,1.0,600,480,0.1310344827586207,1.2018783754071245,0.0034982260589168,24.869557600002736,23.703125,-4833280,290,290,2320,1160,-1,cpu,1,2.14.1+cu130,161.26666666666668,0.4
nn_32_relu,[32],ReLU,4,30,2,1.0,600,480,0.1310344827586207,0.1969847330899198,0.0009822653380208,18.81313650000084,17.59375,-921600,6620,6620,52960,26480,-1,cpu,1,2.14.1+cu130,78.56666666666666,0.0
mle,,,4,30,2,1.0,1000,1000,0.1310344827586207,0.0627101509769113,0.0003696205078485,0.1891506999963894,0.1875,0,230,115,1840,1840,-1,cpu,1,2.14.1+cu130,,
nn_linear,[],linear,4,30,2,1.0,1000,800,0.1310344827586207,1.1000981238323866,0.0035711501645574,33.71993870000006,32.59375,-90112,290,290,2320,1160,-1,cpu,1,2.14.1+cu130,140.4,0.2
nn_32_relu,[32],ReLU,4,30,2,1.0,1000,800,0.1310344827586207,0.0897133995858692,0.0003251517807323,30.98712439999508,29.015625,-843776,6620,6620,52960,26480,-1,cpu,1,2.14.1+cu130,80.16666666666667,0.0
mle,,,4,30,2,1.0,1400,1400,0.1310344827586207,0.0443987667166404,0.0003482929974544,0.1857708000025013,0.1875,0,230,115,1840,1840,-1,cpu,1,2.14.1+cu130,,
nn_linear,[],linear,4,30,2,1.0,1400,1120,0.1310344827586207,1.069646662035071,0.0032413384691358,44.41718409999885,40.109375,-430080,290,290,2320,1160,-1,cpu,1,2.14.1+cu130,122.7,0.1666666666666666
nn_32_relu,[32],ReLU,4,30,2,1.0,1400,1120,0.1310344827586207,0.0499680246235658,0.000155821168591,37.39226320000307,35.78125,-151552,6620,6620,52960,26480,-1,cpu,1,2.14.1+cu130,71.9,0.0
mle,,,5,30,2,1.0,600,600,0.1310344827586207,0.271861950094292,0.0033664321190593,0.1885506000035093,0.15625,0,230,115,1840,1840,-1,cpu,1,2.14.1+cu130,,
nn_linear,[],linear,5,30,2,1.0,600,480,0.1310344827586207,1.071206612395477,0.0066521946975317,26.47421039999608,25.1875,-4378624,290,290,2320,1160,-1,cpu,1,2.14.1+cu130,170.96666666666667,0.5333333333333333
nn_32_relu,[32],ReLU,5,30,2,1.0,600,480,0.1310344827586207,0.1503903598756912,0.0014724856945124,20.74976940000488,20.03125,-45236224,6620,6620,52960,26480,-1,cpu,1,2.14.1+cu130,88.43333333333334,0.0
mle,,,5,30,2,1.0,1000,1000,0.1310344827586207,0.1871011626279922,0.0026417594364685,0.1801619000034406,0.171875,4096,230,115,1840,1840,-1,cpu,1,2.14.1+cu130,,
nn_linear,[],linear,5,30,2,1.0,1000,800,0.1310344827586207,1.01986372366552,0.0065894147105676,36.124183499996434,34.75,184320,290,290,2320,1160,-1,cpu,1,2.14.1+cu130,147.83333333333334,0.3666666666666666
nn_32_relu,[32],ReLU,5,30,2,1.0,1000,800,0.1310344827586207,0.1107558009151172,0.0005653226917778,33.21739080000407,31.734375,-864256,6620,6620,52960,26480,-1,cpu,1,2.14.1+cu130,87.3,0.0
mle,,,5,30,2,1.0,1400,1400,0.1310344827586207,0.1700450307494865,0.0026659173346566,0.1931718999985605,0.171875,0,230,115,1840,1840,-1,cpu,1,2.14.1+cu130,,
nn_linear,[],linear,5,30,2,1.0,1400,1120,0.1310344827586207,0.9711098819143794,0.0066082553987947,45.49513080000179,42.59375,-458752,290,290,2320,1160,-1,cpu,1,2.14.1+cu130,130.76666666666668,0.2333333333333333
nn_32_relu,[32],ReLU,5,30,2,1.0,1400,1120,0.1310344827586207,0.0826781624140141,0.000797227819268,40.65064780000103,38.515625,-663552,6620,6620,52960,26480,-1,cpu,1,2.14.1+cu130,76.86666666666666,0.0333333333333333
mle,,,1,20,10,0.1,600,600,0.7631578947368421,0.579527632141741,0.0215783744522062,0.3955659999992349,0.359375,8192,22526,11263,180208,180208,-1,cpu,1,2.14.1+cu130,,
nn_linear,[],linear,1,20,10,0.1,600,480,0.7631578947368421,2.315295958837561,0.0245103814357495,19.393196800003352,18.484375,-1601536,622,622,4976,2488,-1,cpu,1,2.14.1+cu130,188.1,0.9
nn_32_relu,[32],ReLU,1,20,10,0.1,600,480,0.7631578947368421,0.4308862002973717,0.0174698493242604,25.57347390000359,24.078125,-6508544,11272,11272,90176,45088,-1,cpu,1,2.14.1+cu130,161.2,0.55
mle,,,1,20,10,0.1,1000,1000,0.7631578947368421,0.3941066823089394,0.0150248467480509,0.4130828000052133,0.40625,20480,22526,11263,180208,180208,-1,cpu,1,2.14.1+cu130,,
nn_linear,[],linear,1,20,10,0.1,1000,800,0.7631578947368421,1.7376801636971957,0.0259893397567262,32.18056939999951,30.015625,69632,622,622,4976,2488,-1,cpu,1,2.14.1+cu130,188.8,0.85
nn_32_relu,[32],ReLU,1,20,10,0.1,1000,800,0.7631578947368421,0.2669156771008215,0.0154324901278061,36.37050550000277,34.59375,-3710976,11272,11272,90176,45088,-1,cpu,1,2.14.1+cu130,142.7,0.25
mle,,,1,20,10,0.1,1400,1400,0.7631578947368421,0.3309332381358343,0.0150404305474327,0.3854136000009021,0.34375,8192,22526,11263,180208,180208,-1,cpu,1,2.14.1+cu130,,
nn_linear,[],linear,1,20,10,0.1,1400,1120,0.7631578947368421,1.507340884706552,0.0271845282767326,42.46945950000372,41.109375,1126400,622,622,4976,2488,-1,cpu,1,2.14.1+cu130,190.95,0.9
nn_32_relu,[32],ReLU,1,20,10,0.1,1400,1120,0.7631578947368421,0.2669945549363861,0.0180426620821946,50.18719750000309,48.4375,-2281472,11272,11272,90176,45088,-1,cpu,1,2.14.1+cu130,144.7,0.25
mle,,,3,20,10,0.1,600,600,0.7631578947368421,1.093976261116378,0.0363171375583143,0.3723903999998583,0.375,0,22526,11263,180208,180208,-1,cpu,1,2.14.1+cu130,,
nn_linear,[],linear,3,20,10,0.1,600,480,0.7631578947368421,2.4698677177705264,0.0292942261043006,18.63505989999976,17.90625,-1290240,622,622,4976,2488,-1,cpu,1,2.14.1+cu130,181.95,0.8
nn_32_relu,[32],ReLU,3,20,10,0.1,600,480,0.7631578947368421,0.6865787218185203,0.0266978289221596,21.81296020000445,21.203125,-3506176,11272,11272,90176,45088,-1,cpu,1,2.14.1+cu130,141.3,0.4
mle,,,3,20,10,0.1,1000,1000,0.7631578947368421,0.8063593861190866,0.0350425685321417,0.3804258000018308,0.375,8192,22526,11263,180208,180208,-1,cpu,1,2.14.1+cu130,,
nn_linear,[],linear,3,20,10,0.1,1000,800,0.7631578947368421,2.0535131713700814,0.0327127509017494,32.584304999996675,30.9375,-40960,622,622,4976,2488,-1,cpu,1,2.14.1+cu130,195.95,0.9
nn_32_relu,[32],ReLU,3,20,10,0.1,1000,800,0.7631578947368421,0.480849430819915,0.0222768543454277,32.14848699999857,31.015625,-3399680,11272,11272,90176,45088,-1,cpu,1,2.14.1+cu130,127.2,0.2
mle,,,3,20,10,0.1,1400,1400,0.7631578947368421,0.7275481295662232,0.0326912791245176,0.3914048000006005,0.375,4096,22526,11263,180208,180208,-1,cpu,1,2.14.1+cu130,,
nn_linear,[],linear,3,20,10,0.1,1400,1120,0.7631578947368421,1.8788344914413144,0.033925174190232,40.66057359999832,38.578125,835584,622,622,4976,2488,-1,cpu,1,2.14.1+cu130,178.1,0.75
nn_32_relu,[32],ReLU,3,20,10,0.1,1400,1120,0.7631578947368421,0.5223235045379991,0.0256458571835473,39.48719659999915,37.359375,-2007040,11272,11272,90176,45088,-1,cpu,1,2.14.1+cu130,111.85,0.1
mle,,,2,20,10,0.1,600,600,0.7631578947368421,0.4304662281971019,0.0215412726546629,0.3773364000007859,0.390625,4096,22526,11263,180208,180208,-1,cpu,1,2.14.1+cu130,,
nn_linear,[],linear,2,20,10,0.1,600,480,0.7631578947368421,1.6138323066052138,0.0167807888473207,20.09298829999898,18.953125,-757760,622,622,4976,2488,-1,cpu,1,2.14.1+cu130,192.3,0.9
nn_32_relu,[32],ReLU,2,20,10,0.1,600,480,0.7631578947368421,0.41090946316475,0.0172285945707001,24.49379480000061,23.34375,-3018752,11272,11272,90176,45088,-1,cpu,1,2.14.1+cu130,150.8,0.45
mle,,,2,20,10,0.1,1000,1000,0.7631578947368421,0.2478668755475391,0.0128485829793787,0.3860570999968331,0.359375,8192,22526,11263,180208,180208,-1,cpu,1,2.14.1+cu130,,
nn_linear,[],linear,2,20,10,0.1,1000,800,0.7631578947368421,1.3636062446091994,0.0182452255770943,32.84635810000327,30.296875,45056,622,622,4976,2488,-1,cpu,1,2.14.1+cu130,188.3,0.85
nn_32_relu,[32],ReLU,2,20,10,0.1,1000,800,0.7631578947368421,0.28510365670806,0.0175269637029548,36.46966429999884,35.140625,-2961408,11272,11272,90176,45088,-1,cpu,1,2.14.1+cu130,143.55,0.3
mle,,,2,20,10,0.1,1400,1400,0.7631578947368421,0.2731528124883166,0.023823249336912,0.3751743000029819,0.375,0,22526,11263,180208,180208,-1,cpu,1,2.14.1+cu130,,
nn_linear,[],linear,2,20,10,0.1,1400,1120,0.7631578947368421,1.192989559157454,0.0177673656816431,44.86677829999826,43.296875,1568768,622,622,4976,2488,-1,cpu,1,2.14.1+cu130,199.5,0.95
nn_32_relu,[32],ReLU,2,20,10,0.1,1400,1120,0.7631578947368421,0.1682733154193928,0.0107365613906495,44.5397512999989,42.84375,-1957888,11272,11272,90176,45088,-1,cpu,1,2.14.1+cu130,125.95,0.15
mle,,,1,20,10,0.5,600,600,0.7631578947368421,14.866082813977355,0.1680907171676856,0.3675674999976763,0.34375,73728,22526,11263,180208,180208,-1,cpu,1,2.14.1+cu130,,
nn_linear,[],linear,1,20,10,0.5,600,480,0.7631578947368421,3.802617572718265,0.0186296940338185,12.025523299998897,11.546875,-1302528,622,622,4976,2488,-1,cpu,1,2.14.1+cu130,116.65,0.2
nn_32_relu,[32],ReLU,1,20,10,0.5,600,480,0.7631578947368421,2.428132372255734,0.0244903500946247,19.19684000000416,18.34375,-3117056,11272,11272,90176,45088,-1,cpu,1,2.14.1+cu130,121.05,0.1
mle,,,1,20,10,0.5,1000,1000,0.7631578947368421,12.38049706723231,0.1600201040607512,0.3555683000013232,0.359375,69632,22526,11263,180208,180208,-1,cpu,1,2.14.1+cu130,,
nn_linear,[],linear,1,20,10,0.5,1000,800,0.7631578947368421,3.771152224287488,0.0184531857794112,15.604780000001483,14.9375,-49152,622,622,4976,2488,-1,cpu,1,2.14.1+cu130,95.85,0.1
nn_32_relu,[32],ReLU,1,20,10,0.5,1000,800,0.7631578947368421,1.966452276781741,0.0201682560219896,30.802280199997767,29.09375,-3489792,11272,11272,90176,45088,-1,cpu,1,2.14.1+cu130,118.75,0.1
mle,,,1,20,10,0.5,1400,1400,0.7631578947368421,10.769339617153738,0.1504118882886057,0.3744628999993438,0.34375,32768,22526,11263,180208,180208,-1,cpu,1,2.14.1+cu130,,
nn_linear,[],linear,1,20,10,0.5,1400,1120,0.7631578947368421,3.74147837224621,0.0190145891865296,24.59013299999788,22.390625,1142784,622,622,4976,2488,-1,cpu,1,2.14.1+cu130,101.5,0.05
nn_32_relu,[32],ReLU,1,20,10,0.5,1400,1120,0.7631578947368421,1.641139257932041,0.021685448982542,55.02365719999944,52.34375,-2510848,11272,11272,90176,45088,-1,cpu,1,2.14.1+cu130,154.4,0.4
mle,,,4,20,10,0.1,600,600,0.7631578947368421,0.691290646603699,0.0302422648109908,0.4017834999976912,0.34375,4096,22526,11263,180208,180208,-1,cpu,1,2.14.1+cu130,,
nn_linear,[],linear,4,20,10,0.1,600,480,0.7631578947368421,1.7120399367808203,0.0240155289242737,20.36533520000376,19.03125,-974848,622,622,4976,2488,-1,cpu,1,2.14.1+cu130,192.2,0.9
nn_32_relu,[32],ReLU,4,20,10,0.1,600,480,0.7631578947368421,0.4584134565177189,0.0239355045181768,18.82158590000472,17.796875,-3244032,11272,11272,90176,45088,-1,cpu,1,2.14.1+cu130,116.2,0.05
mle,,,4,20,10,0.1,1000,1000,0.7631578947368421,0.5114149914098303,0.0267456008771075,0.3791878999982145,0.375,8192,22526,11263,180208,180208,-1,cpu,1,2.14.1+cu130,,
nn_linear,[],linear,4,20,10,0.1,1000,800,0.7631578947368421,1.4446446493060208,0.02362083934752,32.67449409999972,31.453125,626688,622,622,4976,2488,-1,cpu,1,2.14.1+cu130,196.15,0.9
nn_32_relu,[32],ReLU,4,20,10,0.1,1000,800,0.7631578947368421,0.3385535950162995,0.022565910716804,35.887560099996335,34.71875,-3088384,11272,11272,90176,45088,-1,cpu,1,2.14.1+cu130,142.95,0.3
mle,,,4,20,10,0.1,1400,1400,0.7631578947368421,0.3675724738499092,0.0227793779938132,0.3799079000018537,0.359375,4096,22526,11263,180208,180208,-1,cpu,1,2.14.1+cu130,,
nn_linear,[],linear,4,20,10,0.1,1400,1120,0.7631578947368421,1.2319675489865252,0.0250766270390645,40.00697950000176,38.84375,950272,622,622,4976,2488,-1,cpu,1,2.14.1+cu130,178.6,0.75
nn_32_relu,[32],ReLU,4,20,10,0.1,1400,1120,0.7631578947368421,0.2583291930298712,0.0172799929260071,40.88574130000052,37.96875,-2899968,11272,11272,90176,45088,-1,cpu,1,2.14.1+cu130,112.1,0.1
mle,,,2,20,10,0.5,600,600,0.7631578947368421,16.81936394888069,0.1659437409161801,0.3740504000015789,0.359375,204800,22526,11263,180208,180208,-1,cpu,1,2.14.1+cu130,,
nn_linear,[],linear,2,20,10,0.5,600,480,0.7631578947368421,3.592129754369684,0.0145171148685316,14.20710589999362,13.796875,-929792,622,622,4976,2488,-1,cpu,1,2.14.1+cu130,138.2,0.4
nn_32_relu,[32],ReLU,2,20,10,0.5,600,480,0.7631578947368421,2.1331788218146,0.0191867602445903,22.408288500002527,21.671875,-3121152,11272,11272,90176,45088,-1,cpu,1,2.14.1+cu130,143.4,0.35
mle,,,2,20,10,0.5,1000,1000,0.7631578947368421,12.575648574548634,0.1478039163487819,0.3674470000041765,0.34375,131072,22526,11263,180208,180208,-1,cpu,1,2.14.1+cu130,,
nn_linear,[],linear,2,20,10,0.5,1000,800,0.7631578947368421,3.487849332989302,0.0140124370792724,20.80795889999717,20.0625,49152,622,622,4976,2488,-1,cpu,1,2.14.1+cu130,127.4,0.35
nn_32_relu,[32],ReLU,2,20,10,0.5,1000,800,0.7631578947368421,1.744575362179594,0.0188900454290889,35.86295070000051,33.421875,-3858432,11272,11272,90176,45088,-1,cpu,1,2.14.1+cu130,136.1,0.15
mle,,,2,20,10,0.5,1400,1400,0.7631578947368421,9.399729703842816,0.1273917676214584,0.3726284000003943,0.34375,110592,22526,11263,180208,180208,-1,cpu,1,2.14.1+cu130,,
nn_linear,[],linear,2,20,10,0.5,1400,1120,0.7631578947368421,3.43450139314325,0.0138161350023586,23.02981539999746,21.984375,1040384,622,622,4976,2488,-1,cpu,1,2.14.1+cu130,100.15,0.2
nn_32_relu,[32],ReLU,2,20,10,0.5,1400,1120,0.7631578947368421,1.548235721857443,0.0170196168450541,44.449545199997374,42.28125,-2187264,11272,11272,90176,45088,-1,cpu,1,2.14.1+cu130,124.45,0.25
mle,,,3,20,10,0.5,600,600,0.7631578947368421,16.340701939388794,0.1589716153121388,0.3920214999961899,0.34375,28672,22526,11263,180208,180208,-1,cpu,1,2.14.1+cu130,,
nn_linear,[],linear,3,20,10,0.5,600,480,0.7631578947368421,3.648336625274746,0.0135302868367885,13.62223929999891,13.15625,-1167360,622,622,4976,2488,-1,cpu,1,2.14.1+cu130,132.25,0.4
nn_32_relu,[32],ReLU,3,20,10,0.5,600,480,0.7631578947368421,2.343559932559604,0.018691581643222,21.89540259999921,20.40625,-3133440,11272,11272,90176,45088,-1,cpu,1,2.14.1+cu130,134.35,0.2
mle,,,3,20,10,0.5,1000,1000,0.7631578947368421,12.976125680135524,0.1431288771316461,0.3451796000008471,0.359375,45056,22526,11263,180208,180208,-1,cpu,1,2.14.1+cu130,,
nn_linear,[],linear,3,20,10,0.5,1000,800,0.7631578947368421,3.606403754177172,0.013334007438512,18.59717549999914,17.546875,200704,622,622,4976,2488,-1,cpu,1,2.14.1+cu130,109.65,0.25
nn_32_relu,[32],ReLU,3,20,10,0.5,1000,800,0.7631578947368421,2.064287412207788,0.0190754617185538,28.81335530000069,26.53125,-3002368,11272,11272,90176,45088,-1,cpu,1,2.14.1+cu130,107.3,0.05
mle,,,3,20,10,0.5,1400,1400,0.7631578947368421,10.490767212385638,0.1356343107620978,0.3484911999985343,0.328125,28672,22526,11263,180208,180208,-1,cpu,1,2.14.1+cu130,,
nn_linear,[],linear,3,20,10,0.5,1400,1120,0.7631578947368421,3.5602708822693754,0.0133685432441291,25.410718799998,23.1875,1183744,622,622,4976,2488,-1,cpu,1,2.14.1+cu130,104.95,0.15
nn_32_relu,[32],ReLU,3,20,10,0.5,1400,1120,0.7631578947368421,1.6772228344083877,0.0189437593441759,51.14130859999568,48.484375,-2551808,11272,11272,90176,45088,-1,cpu,1,2.14.1+cu130,142.5,0.4
mle,,,4,20,10,0.5,600,600,0.7631578947368421,20.783785016837182,0.1672326188283935,0.3745276999979978,0.34375,69632,22526,11263,180208,180208,-1,cpu,1,2.14.1+cu130,,
nn_linear,[],linear,4,20,10,0.5,600,480,0.7631578947368421,4.168915718157993,0.0117088367083182,11.259671699997853,10.6875,-1077248,622,622,4976,2488,-1,cpu,1,2.14.1+cu130,109.65,0.2
nn_32_relu,[32],ReLU,4,20,10,0.5,600,480,0.7631578947368421,2.908129135614961,0.016334465798556,17.107430199997907,16.609375,-3129344,11272,11272,90176,45088,-1,cpu,1,2.14.1+cu130,111.0,0.25
mle,,,4,20,10,0.5,1000,1000,0.7631578947368421,15.48044907750226,0.1517385877578254,0.3506428999971831,0.34375,73728,22526,11263,180208,180208,-1,cpu,1,2.14.1+cu130,,
nn_linear,[],linear,4,20,10,0.5,1000,800,0.7631578947368421,4.075408151370559,0.0115690735860821,18.23890499999834,17.546875,303104,622,622,4976,2488,-1,cpu,1,2.14.1+cu130,113.45,0.25
nn_32_relu,[32],ReLU,4,20,10,0.5,1000,800,0.7631578947368421,2.287392546724212,0.0178939494058333,38.07421949999844,36.234375,-3481600,11272,11272,90176,45088,-1,cpu,1,2.14.1+cu130,150.25,0.3
mle,,,4,20,10,0.5,1400,1400,0.7631578947368421,12.698201866554212,0.1408131686792934,0.3562003999977605,0.34375,32768,22526,11263,180208,180208,-1,cpu,1,2.14.1+cu130,,
nn_linear,[],linear,4,20,10,0.5,1400,1120,0.7631578947368421,4.046069299918229,0.0115229812656297,22.52080080000451,20.953125,876544,622,622,4976,2488,-1,cpu,1,2.14.1+cu130,96.5,0.1
nn_32_relu,[32],ReLU,4,20,10,0.5,1400,1120,0.7631578947368421,2.085410502507224,0.016805338093938,46.93911970000045,45.3125,-2658304,11272,11272,90176,45088,-1,cpu,1,2.14.1+cu130,135.8,0.35
mle,,,5,20,10,0.1,600,600,0.7631578947368421,0.3940359262329891,0.0199330054587411,0.3901283999948646,0.359375,12288,22526,11263,180208,180208,-1,cpu,1,2.14.1+cu130,,
nn_linear,[],linear,5,20,10,0.1,600,480,0.7631578947368421,1.3520374372556525,0.0153981469791911,20.463813700000173,18.296875,-958464,622,622,4976,2488,-1,cpu,1,2.14.1+cu130,181.3,0.8
nn_32_relu,[32],ReLU,5,20,10,0.1,600,480,0.7631578947368421,0.263555976980599,0.0157213612342485,23.49517399999604,21.421875,-3121152,11272,11272,90176,45088,-1,cpu,1,2.14.1+cu130,139.05,0.4
mle,,,5,20,10,0.1,1000,1000,0.7631578947368421,0.2730856495013403,0.0179157740645265,0.4155555999968783,0.40625,24576,22526,11263,180208,180208,-1,cpu,1,2.14.1+cu130,,
nn_linear,[],linear,5,20,10,0.1,1000,800,0.7631578947368421,0.864246971418614,0.0152628855540924,31.27388109999447,30.0,532480,622,622,4976,2488,-1,cpu,1,2.14.1+cu130,189.95,0.9
nn_32_relu,[32],ReLU,5,20,10,0.1,1000,800,0.7631578947368421,0.1408108534649742,0.0092635420476378,34.71692780000012,33.59375,-3821568,11272,11272,90176,45088,-1,cpu,1,2.14.1+cu130,136.15,0.25
mle,,,5,20,10,0.1,1400,1400,0.7631578947368421,0.2661340626271415,0.0179062438248145,0.3821085000017774,0.375,0,22526,11263,180208,180208,-1,cpu,1,2.14.1+cu130,,
nn_linear,[],linear,5,20,10,0.1,1400,1120,0.7631578947368421,0.6654783136531146,0.0147943829651728,44.96824439999909,42.90625,1499136,622,622,4976,2488,-1,cpu,1,2.14.1+cu130,198.1,0.95
nn_32_relu,[32],ReLU,5,20,10,0.1,1400,1120,0.7631578947368421,0.1497656531413995,0.0104630775085804,46.73413440000149,45.09375,-2482176,11272,11272,90176,45088,-1,cpu,1,2.14.1+cu130,134.25,0.15
mle,,,1,20,10,1.0,600,600,0.7631578947368421,29.52778868618279,0.2082866164627706,0.3564999000009266,0.359375,294912,22526,11263,180208,180208,-1,cpu,1,2.14.1+cu130,,
nn_linear,[],linear,1,20,10,1.0,600,480,0.7631578947368421,2.831961740999376,0.0099551275057099,9.425474200004828,8.984375,-987136,622,622,4976,2488,-1,cpu,1,2.14.1+cu130,91.5,0.1
nn_32_relu,[32],ReLU,1,20,10,1.0,600,480,0.7631578947368421,2.3284723818286546,0.0098601568630232,13.043517500002054,12.296875,-3239936,11272,11272,90176,45088,-1,cpu,1,2.14.1+cu130,82.0,0.1
mle,,,1,20,10,1.0,1000,1000,0.7631578947368421,24.993644865966328,0.2051353149252752,0.3422067000064999,0.328125,172032,22526,11263,180208,180208,-1,cpu,1,2.14.1+cu130,,
nn_linear,[],linear,1,20,10,1.0,1000,800,0.7631578947368421,2.77117486119359,0.0099129624211437,14.61703000000125,13.65625,-131072,622,622,4976,2488,-1,cpu,1,2.14.1+cu130,87.1,0.05
nn_32_relu,[32],ReLU,1,20,10,1.0,1000,800,0.7631578947368421,1.8954217596269145,0.0115257663888881,27.511423999996623,26.390625,-3837952,11272,11272,90176,45088,-1,cpu,1,2.14.1+cu130,110.55,0.25
mle,,,1,20,10,1.0,1400,1400,0.7631578947368421,20.631935377904373,0.1947097188438494,0.3459815000023809,0.328125,126976,22526,11263,180208,180208,-1,cpu,1,2.14.1+cu130,,
nn_linear,[],linear,1,20,10,1.0,1400,1120,0.7631578947368421,2.752146137453953,0.0097347941110609,16.770649199999752,16.15625,1359872,622,622,4976,2488,-1,cpu,1,2.14.1+cu130,74.95,0.05
nn_32_relu,[32],ReLU,1,20,10,1.0,1400,1120,0.7631578947368421,1.7198238506888723,0.0103088040049766,33.56564300000173,31.6875,-2637824,11272,11272,90176,45088,-1,cpu,1,2.14.1+cu130,94.95,0.15
mle,,,5,20,10,0.5,600,600,0.7631578947368421,11.714949729628758,0.1341244476403222,0.3648141000012401,0.34375,65536,22526,11263,180208,180208,-1,cpu,1,2.14.1+cu130,,
nn_linear,[],linear,5,20,10,0.5,600,480,0.7631578947368421,3.3138564063401907,0.0154872685926471,14.450166100003116,13.75,-548864,622,622,4976,2488,-1,cpu,1,2.14.1+cu130,140.2,0.25
nn_32_relu,[32],ReLU,5,20,10,0.5,600,480,0.7631578947368421,1.8045649806167487,0.0213263489624524,24.396017899998697,22.796875,-3203072,11272,11272,90176,45088,-1,cpu,1,2.14.1+cu130,150.1,0.3
mle,,,5,20,10,0.5,1000,1000,0.7631578947368421,8.077388072914056,0.1116839786573812,0.3660814999966533,0.34375,61440,22526,11263,180208,180208,-1,cpu,1,2.14.1+cu130,,
nn_linear,[],linear,5,20,10,0.5,1000,800,0.7631578947368421,2.9767840661174927,0.0142323984676393,18.63122950000252,17.859375,94208,622,622,4976,2488,-1,cpu,1,2.14.1+cu130,114.1,0.15
nn_32_relu,[32],ReLU,5,20,10,0.5,1000,800,0.7631578947368421,1.3817636400919018,0.0186893474295168,30.46701269999903,28.71875,-3170304,11272,11272,90176,45088,-1,cpu,1,2.14.1+cu130,118.0,0.1
mle,,,5,20,10,0.5,1400,1400,0.7631578947368421,6.594053479589719,0.104367128257633,0.3742999999958556,0.359375,36864,22526,11263,180208,180208,-1,cpu,1,2.14.1+cu130,,
nn_linear,[],linear,5,20,10,0.5,1400,1120,0.7631578947368421,2.912339454735907,0.014167172377473,25.600571499999205,23.609375,1245184,622,622,4976,2488,-1,cpu,1,2.14.1+cu130,108.65,0.2
nn_32_relu,[32],ReLU,5,20,10,0.5,1400,1120,0.7631578947368421,1.2345334446326393,0.0199185422002694,51.758276199994725,47.828125,-2019328,11272,11272,90176,45088,-1,cpu,1,2.14.1+cu130,141.6,0.2
mle,,,2,20,10,1.0,600,600,0.7631578947368421,28.45682943377921,0.2011387005815757,0.4021354999931645,0.390625,249856,22526,11263,180208,180208,-1,cpu,1,2.14.1+cu130,,
nn_linear,[],linear,2,20,10,1.0,600,480,0.7631578947368421,2.81844884706466,0.0094833651933882,12.371906699998362,11.09375,-647168,622,622,4976,2488,-1,cpu,1,2.14.1+cu130,112.15,0.2
nn_32_relu,[32],ReLU,2,20,10,1.0,600,480,0.7631578947368421,2.170422184042939,0.0105079697446632,14.790108599998348,14.375,-3207168,11272,11272,90176,45088,-1,cpu,1,2.14.1+cu130,94.75,0.15
mle,,,2,20,10,1.0,1000,1000,0.7631578947368421,24.74205778128628,0.202437798459172,0.3368611999976565,0.328125,303104,22526,11263,180208,180208,-1,cpu,1,2.14.1+cu130,,
nn_linear,[],linear,2,20,10,1.0,1000,800,0.7631578947368421,2.8006248032071985,0.0090900603985135,12.967179499995837,12.515625,135168,622,622,4976,2488,-1,cpu,1,2.14.1+cu130,79.8,0.1
nn_32_relu,[32],ReLU,2,20,10,1.0,1000,800,0.7631578947368421,1.9555530776621688,0.0109343237480386,22.792477900002268,22.15625,-3756032,11272,11272,90176,45088,-1,cpu,1,2.14.1+cu130,90.8,0.0
mle,,,2,20,10,1.0,1400,1400,0.7631578947368421,21.06831534370371,0.192617985953608,0.3397781000021496,0.328125,118784,22526,11263,180208,180208,-1,cpu,1,2.14.1+cu130,,
nn_linear,[],linear,2,20,10,1.0,1400,1120,0.7631578947368421,2.7658146664945726,0.008808005095491,19.086212500005782,17.84375,1101824,622,622,4976,2488,-1,cpu,1,2.14.1+cu130,80.9,0.05
nn_32_relu,[32],ReLU,2,20,10,1.0,1400,1120,0.7631578947368421,1.7106462925656354,0.0121984388460422,35.628058500005864,34.28125,-2011136,11272,11272,90176,45088,-1,cpu,1,2.14.1+cu130,102.35,0.05
mle,,,3,20,10,1.0,600,600,0.7631578947368421,29.95966384565772,0.1919867419798466,0.3410463999971398,0.34375,24576,22526,11263,180208,180208,-1,cpu,1,2.14.1+cu130,,
nn_linear,[],linear,3,20,10,1.0,600,480,0.7631578947368421,2.8280231696485765,0.0097580334501591,10.912756900004752,10.28125,-6311936,622,622,4976,2488,-1,cpu,1,2.14.1+cu130,105.9,0.15
nn_32_relu,[32],ReLU,3,20,10,1.0,600,480,0.7631578947368421,2.2140552243751968,0.009576036929994,13.595527700003004,12.75,-4358144,11272,11272,90176,45088,-1,cpu,1,2.14.1+cu130,84.55,0.25
mle,,,3,20,10,1.0,1000,1000,0.7631578947368421,22.880114817569,0.1759555035050722,0.3642045000015059,0.34375,45056,22526,11263,180208,180208,-1,cpu,1,2.14.1+cu130,,
nn_linear,[],linear,3,20,10,1.0,1000,800,0.7631578947368421,2.733285896906044,0.0100315185719719,17.73280109999905,16.59375,-172032,622,622,4976,2488,-1,cpu,1,2.14.1+cu130,103.7,0.15
nn_32_relu,[32],ReLU,3,20,10,1.0,1000,800,0.7631578947368421,1.8980258500587617,0.0117625730073558,25.64469130000361,24.03125,-2981888,11272,11272,90176,45088,-1,cpu,1,2.14.1+cu130,99.6,0.1
mle,,,3,20,10,1.0,1400,1400,0.7631578947368421,19.10575038434377,0.1759636249649819,0.3309533999999985,0.328125,40960,22526,11263,180208,180208,-1,cpu,1,2.14.1+cu130,,
nn_linear,[],linear,3,20,10,1.0,1400,1120,0.7631578947368421,2.7430557155631234,0.0105143778973969,15.763434000000416,15.15625,950272,622,622,4976,2488,-1,cpu,1,2.14.1+cu130,70.6,0.05
nn_32_relu,[32],ReLU,3,20,10,1.0,1400,1120,0.7631578947368421,1.7374472397882057,0.0116483827962472,34.449458900002355,33.484375,-2768896,11272,11272,90176,45088,-1,cpu,1,2.14.1+cu130,99.85,0.1
mle,,,4,20,10,1.0,600,600,0.7631578947368421,34.4419460423083,0.2095669966882883,0.3629994000002625,0.34375,81920,22526,11263,180208,180208,-1,cpu,1,2.14.1+cu130,,
nn_linear,[],linear,4,20,10,1.0,600,480,0.7631578947368421,2.770622806257562,0.0078309042956519,10.838765599997714,10.609375,-6213632,622,622,4976,2488,-1,cpu,1,2.14.1+cu130,107.4,0.2
nn_32_relu,[32],ReLU,4,20,10,1.0,600,480,0.7631578947368421,2.279992577545664,0.0091573789708386,12.557525800002622,11.921875,-4091904,11272,11272,90176,45088,-1,cpu,1,2.14.1+cu130,79.25,0.0
mle,,,4,20,10,1.0,1000,1000,0.7631578947368421,30.71495808491011,0.2093171814789399,0.3347715999989304,0.3125,65536,22526,11263,180208,180208,-1,cpu,1,2.14.1+cu130,,
nn_linear,[],linear,4,20,10,1.0,1000,800,0.7631578947368421,2.747239435523344,0.0076822760926099,15.32999689999997,15.015625,-98304,622,622,4976,2488,-1,cpu,1,2.14.1+cu130,95.55,0.1
nn_32_relu,[32],ReLU,4,20,10,1.0,1000,800,0.7631578947368421,2.0174377586365724,0.0094604631158881,24.305397200005245,23.1875,-3268608,11272,11272,90176,45088,-1,cpu,1,2.14.1+cu130,95.85,0.1
mle,,,4,20,10,1.0,1400,1400,0.7631578947368421,27.64251124389164,0.208633496972458,0.3260627999989083,0.328125,40960,22526,11263,180208,180208,-1,cpu,1,2.14.1+cu130,,
nn_linear,[],linear,4,20,10,1.0,1400,1120,0.7631578947368421,2.7108550727779392,0.0076168940132626,15.167884900001807,14.453125,704512,622,622,4976,2488,-1,cpu,1,2.14.1+cu130,67.9,0.05
nn_32_relu,[32],ReLU,4,20,10,1.0,1400,1120,0.7631578947368421,1.8954602223685848,0.010149945004054,41.515082499994605,38.609375,-2400256,11272,11272,90176,45088,-1,cpu,1,2.14.1+cu130,114.55,0.1
mle,,,5,20,10,1.0,600,600,0.7631578947368421,27.37417726484873,0.2052518818716288,0.4107626000040909,0.390625,57344,22526,11263,180208,180208,-1,cpu,1,2.14.1+cu130,,
nn_linear,[],linear,5,20,10,1.0,600,480,0.7631578947368421,2.821498344279884,0.0110227177694904,10.642087299995184,10.09375,-6205440,622,622,4976,2488,-1,cpu,1,2.14.1+cu130,102.55,0.25
nn_32_relu,[32],ReLU,5,20,10,1.0,600,480,0.7631578947368421,2.089382902412413,0.0120575704085368,14.40201320000051,13.71875,-3481600,11272,11272,90176,45088,-1,cpu,1,2.14.1+cu130,88.9,0.15
mle,,,5,20,10,1.0,1000,1000,0.7631578947368421,22.95080516865171,0.1924582068016858,0.38269460000447,0.34375,32768,22526,11263,180208,180208,-1,cpu,1,2.14.1+cu130,,
nn_linear,[],linear,5,20,10,1.0,1000,800,0.7631578947368421,2.6804743323815416,0.0112896130718595,19.13280980000127,18.125,-143360,622,622,4976,2488,-1,cpu,1,2.14.1+cu130,113.3,0.35
nn_32_relu,[32],ReLU,5,20,10,1.0,1000,800,0.7631578947368421,1.777256558421468,0.012016608856019,28.626065099997504,26.4375,-3358720,11272,11272,90176,45088,-1,cpu,1,2.14.1+cu130,108.35,0.15
mle,,,5,20,10,1.0,1400,1400,0.7631578947368421,19.56042188932693,0.1849453415807569,0.3883464999962598,0.359375,126976,22526,11263,180208,180208,-1,cpu,1,2.14.1+cu130,,
nn_linear,[],linear,5,20,10,1.0,1400,1120,0.7631578947368421,2.6721460214534227,0.0113020978849847,21.288741399999708,20.1875,966656,622,622,4976,2488,-1,cpu,1,2.14.1+cu130,93.25,0.1
nn_32_relu,[32],ReLU,5,20,10,1.0,1400,1120,0.7631578947368421,1.6159867566139512,0.0117653758374018,41.54510740000114,40.0,-5931008,11272,11272,90176,45088,-1,cpu,1,2.14.1+cu130,119.25,0.2
mle,,,2,20,6,0.5,600,600,0.5210526315789473,4.906684335111623,0.0816902008263648,0.1876386999938404,0.1875,8192,1918,959,15344,15344,-1,cpu,1,2.14.1+cu130,,
nn_linear,[],linear,2,20,6,0.5,600,480,0.5210526315789473,3.170575275386183,0.0151969323061125,13.952581500001545,13.25,-9179136,438,438,3504,1752,-1,cpu,1,2.14.1+cu130,136.8,0.2
nn_32_relu,[32],ReLU,2,20,6,0.5,600,480,0.5210526315789473,0.7872355325266647,0.0120602723888007,25.650201199998264,24.484375,-2510848,8328,8328,66624,33312,-1,cpu,1,2.14.1+cu130,164.95,0.55
mle,,,2,20,6,0.5,1000,1000,0.5210526315789473,2.8185519899023146,0.0644518721433646,0.2040584000060334,0.1875,0,1918,959,15344,15344,-1,cpu,1,2.14.1+cu130,,
nn_linear,[],linear,2,20,6,0.5,1000,800,0.5210526315789473,3.1178341183487617,0.0158430024035037,17.7555424999955,17.28125,-1097728,438,438,3504,1752,-1,cpu,1,2.14.1+cu130,110.75,0.15
nn_32_relu,[32],ReLU,2,20,6,0.5,1000,800,0.5210526315789473,0.7143666803871082,0.0110063182653878,32.13654810000298,31.015625,-1789952,8328,8328,66624,33312,-1,cpu,1,2.14.1+cu130,128.35,0.35
mle,,,2,20,6,0.5,1400,1400,0.5210526315789473,1.9307694627210017,0.0533062443527252,0.1862673999930848,0.1875,36864,1918,959,15344,15344,-1,cpu,1,2.14.1+cu130,,
nn_linear,[],linear,2,20,6,0.5,1400,1120,0.5210526315789473,3.0269029761686066,0.0163116989578728,24.790712999994867,23.828125,925696,438,438,3504,1752,-1,cpu,1,2.14.1+cu130,112.8,0.15
nn_32_relu,[32],ReLU,2,20,6,0.5,1400,1120,0.5210526315789473,0.4512028838915934,0.0083671341929882,50.96262480000587,49.546875,-2367488,8328,8328,66624,33312,-1,cpu,1,2.14.1+cu130,150.55,0.5
mle,,,3,20,6,0.1,600,600,0.5210526315789473,0.8643146238502651,0.0331738974294825,0.1993444999970961,0.203125,0,1918,959,15344,15344,-1,cpu,1,2.14.1+cu130,,
nn_linear,[],linear,3,20,6,0.1,600,480,0.5210526315789473,2.307208396713314,0.0235772288688092,19.79498070000409,19.0,-8556544,438,438,3504,1752,-1,cpu,1,2.14.1+cu130,191.45,0.95
nn_32_relu,[32],ReLU,3,20,6,0.1,600,480,0.5210526315789473,0.3166437005010451,0.0117659140934135,25.62180349999835,24.1875,-2224128,8328,8328,66624,33312,-1,cpu,1,2.14.1+cu130,158.5,0.5
mle,,,3,20,6,0.1,1000,1000,0.5210526315789473,0.6284399292147193,0.0218806300944728,0.1994866000022739,0.1875,0,1918,959,15344,15344,-1,cpu,1,2.14.1+cu130,,
nn_linear,[],linear,3,20,6,0.1,1000,800,0.5210526315789473,1.909006227939436,0.0245378819803406,31.78651450000325,30.109375,-417792,438,438,3504,1752,-1,cpu,1,2.14.1+cu130,191.15,0.8
nn_32_relu,[32],ReLU,3,20,6,0.1,1000,800,0.5210526315789473,0.2333206988538809,0.0126151391106222,35.01886039999954,33.125,-2113536,8328,8328,66624,33312,-1,cpu,1,2.14.1+cu130,137.7,0.35
mle,,,3,20,6,0.1,1400,1400,0.5210526315789473,0.5458701889368157,0.0242758922622333,0.1951635000004898,0.203125,0,1918,959,15344,15344,-1,cpu,1,2.14.1+cu130,,
nn_linear,[],linear,3,20,6,0.1,1400,1120,0.5210526315789473,1.792639887450925,0.0250831411192741,42.14355880000221,40.203125,921600,438,438,3504,1752,-1,cpu,1,2.14.1+cu130,185.5,0.8
nn_32_relu,[32],ReLU,3,20,6,0.1,1400,1120,0.5210526315789473,0.172904809055874,0.0092184115029817,48.60207220000302,46.765625,-2224128,8328,8328,66624,33312,-1,cpu,1,2.14.1+cu130,139.3,0.25
mle,,,1,20,6,0.1,600,600,0.5210526315789473,0.896190453397884,0.032213275794738,0.1909917000011773,0.1875,4096,1918,959,15344,15344,-1,cpu,1,2.14.1+cu130,,
nn_linear,[],linear,1,20,6,0.1,600,480,0.5210526315789473,2.0867067146912177,0.0242682880010092,20.818037899996853,19.484375,-8323072,438,438,3504,1752,-1,cpu,1,2.14.1+cu130,198.05,0.95
nn_32_relu,[32],ReLU,1,20,6,0.1,600,480,0.5210526315789473,0.2845995253824239,0.0111810098644828,28.56103189999704,26.875,-2170880,8328,8328,66624,33312,-1,cpu,1,2.14.1+cu130,175.75,0.6
mle,,,1,20,6,0.1,1000,1000,0.5210526315789473,0.6030433548408914,0.0257688935977809,0.2033556999958818,0.1875,0,1918,959,15344,15344,-1,cpu,1,2.14.1+cu130,,
nn_linear,[],linear,1,20,6,0.1,1000,800,0.5210526315789473,1.878309994522608,0.025121212601476,33.02181980000023,30.703125,-462848,438,438,3504,1752,-1,cpu,1,2.14.1+cu130,192.35,0.9
nn_32_relu,[32],ReLU,1,20,6,0.1,1000,800,0.5210526315789473,0.2547786983799466,0.0112050746920189,40.16756470000109,38.59375,-2854912,8328,8328,66624,33312,-1,cpu,1,2.14.1+cu130,158.75,0.4
mle,,,1,20,6,0.1,1400,1400,0.5210526315789473,0.4136859039424523,0.0134649653955117,0.2031385000009322,0.171875,4096,1918,959,15344,15344,-1,cpu,1,2.14.1+cu130,,
nn_linear,[],linear,1,20,6,0.1,1400,1120,0.5210526315789473,1.676841705861636,0.0258268470920426,41.8374468999973,40.546875,270336,438,438,3504,1752,-1,cpu,1,2.14.1+cu130,188.55,0.8
nn_32_relu,[32],ReLU,1,20,6,0.1,1400,1120,0.5210526315789473,0.1619031799757576,0.0078941296289181,50.98607330000232,48.625,-1822720,8328,8328,66624,33312,-1,cpu,1,2.14.1+cu130,144.55,0.25
mle,,,1,20,6,0.5,600,600,0.5210526315789473,4.675831095549671,0.0885940157496813,0.1933273999966331,0.1875,0,1918,959,15344,15344,-1,cpu,1,2.14.1+cu130,,
nn_linear,[],linear,1,20,6,0.5,600,480,0.5210526315789473,2.8814601461210883,0.0171515263606908,15.988694099993154,14.9375,-8581120,438,438,3504,1752,-1,cpu,1,2.14.1+cu130,147.4,0.4
nn_32_relu,[32],ReLU,1,20,6,0.5,600,480,0.5210526315789473,1.0318945918996485,0.0122464508818827,21.654108499998983,20.015625,-2306048,8328,8328,66624,33312,-1,cpu,1,2.14.1+cu130,129.9,0.25
mle,,,1,20,6,0.5,1000,1000,0.5210526315789473,2.986571042298982,0.0664848218665567,0.2139607999997679,0.171875,0,1918,959,15344,15344,-1,cpu,1,2.14.1+cu130,,
nn_linear,[],linear,1,20,6,0.5,1000,800,0.5210526315789473,2.8673353368498646,0.0172912781015361,21.97034999999596,20.609375,-524288,438,438,3504,1752,-1,cpu,1,2.14.1+cu130,128.8,0.25
nn_32_relu,[32],ReLU,1,20,6,0.5,1000,800,0.5210526315789473,0.7408716163446466,0.0129048583371618,33.67082919999666,32.625,-1880064,8328,8328,66624,33312,-1,cpu,1,2.14.1+cu130,135.4,0.3
mle,,,1,20,6,0.5,1400,1400,0.5210526315789473,1.9391438893053647,0.053719346352294,0.1914403999981004,0.1875,0,1918,959,15344,15344,-1,cpu,1,2.14.1+cu130,,
nn_linear,[],linear,1,20,6,0.5,1400,1120,0.5210526315789473,2.713378111977476,0.0175526585931083,27.42520140000124,26.78125,704512,438,438,3504,1752,-1,cpu,1,2.14.1+cu130,124.9,0.25
nn_32_relu,[32],ReLU,1,20,6,0.5,1400,1120,0.5210526315789473,0.4076860412376339,0.0084220205908117,55.371223199996166,53.296875,-2093056,8328,8328,66624,33312,-1,cpu,1,2.14.1+cu130,160.55,0.4
mle,,,3,20,6,0.5,600,600,0.5210526315789473,4.793585224270979,0.1190033863831982,0.1991527999998652,0.203125,8192,1918,959,15344,15344,-1,cpu,1,2.14.1+cu130,,
nn_linear,[],linear,3,20,6,0.5,600,480,0.5210526315789473,2.61088201678858,0.0165895055760183,16.312215999998443,15.21875,-7921664,438,438,3504,1752,-1,cpu,1,2.14.1+cu130,155.75,0.5
nn_32_relu,[32],ReLU,3,20,6,0.5,600,480,0.5210526315789473,0.8154605864656731,0.0131644675602385,20.544235299996217,18.65625,-2523136,8328,8328,66624,33312,-1,cpu,1,2.14.1+cu130,123.4,0.15
mle,,,3,20,6,0.5,1000,1000,0.5210526315789473,2.9567743507017528,0.0959317832564116,0.2455773999972734,0.1875,0,1918,959,15344,15344,-1,cpu,1,2.14.1+cu130,,
nn_linear,[],linear,3,20,6,0.5,1000,800,0.5210526315789473,2.453143489236143,0.0164184369693591,23.38833159999922,21.703125,-198774784,438,438,3504,1752,-1,cpu,1,2.14.1+cu130,138.95,0.25
nn_32_relu,[32],ReLU,3,20,6,0.5,1000,800,0.5210526315789473,0.511770464299968,0.0119643050437033,37.649091999999655,34.609375,-1380352,8328,8328,66624,33312,-1,cpu,1,2.14.1+cu130,143.85,0.25
mle,,,3,20,6,0.5,1400,1400,0.5210526315789473,2.400428064739542,0.0832803846082543,0.19622199999867,0.203125,16384,1918,959,15344,15344,-1,cpu,1,2.14.1+cu130,,
nn_linear,[],linear,3,20,6,0.5,1400,1120,0.5210526315789473,2.430868366141468,0.0164226163574949,30.16548979999789,28.21875,270336,438,438,3504,1752,-1,cpu,1,2.14.1+cu130,130.2,0.35
nn_32_relu,[32],ReLU,3,20,6,0.5,1400,1120,0.5210526315789473,0.3959617425172169,0.0101232773900929,48.85205960000167,45.296875,-2183168,8328,8328,66624,33312,-1,cpu,1,2.14.1+cu130,135.25,0.3
mle,,,2,20,6,0.1,600,600,0.5210526315789473,0.4208914881464016,0.0214299561728704,0.2043383000054746,0.203125,0,1918,959,15344,15344,-1,cpu,1,2.14.1+cu130,,
nn_linear,[],linear,2,20,6,0.1,600,480,0.5210526315789473,1.650320575478681,0.0195003639443761,20.986014000001887,19.3125,-8232960,438,438,3504,1752,-1,cpu,1,2.14.1+cu130,190.9,0.9
nn_32_relu,[32],ReLU,2,20,6,0.1,600,480,0.5210526315789473,0.216717116318902,0.0126259353981315,26.72857150000345,25.109375,-2256896,8328,8328,66624,33312,-1,cpu,1,2.14.1+cu130,163.0,0.35
mle,,,2,20,6,0.1,1000,1000,0.5210526315789473,0.2931625022680484,0.0226907202432793,0.1938779999982216,0.1875,0,1918,959,15344,15344,-1,cpu,1,2.14.1+cu130,,
nn_linear,[],linear,2,20,6,0.1,1000,800,0.5210526315789473,1.1984331864212483,0.0161160304647678,31.84034209999664,30.515625,-83988480,438,438,3504,1752,-1,cpu,1,2.14.1+cu130,193.85,0.95
nn_32_relu,[32],ReLU,2,20,6,0.1,1000,800,0.5210526315789473,0.1418666422752596,0.0122807096351478,41.03665949999413,39.453125,-2158592,8328,8328,66624,33312,-1,cpu,1,2.14.1+cu130,162.3,0.45
mle,,,2,20,6,0.1,1400,1400,0.5210526315789473,0.2522334319707541,0.019607851990727,0.1966515999956755,0.1875,0,1918,959,15344,15344,-1,cpu,1,2.14.1+cu130,,
nn_linear,[],linear,2,20,6,0.1,1400,1120,0.5210526315789473,1.0463697059583323,0.0162227599402743,43.16463559999829,40.671875,86016,438,438,3504,1752,-1,cpu,1,2.14.1+cu130,185.7,0.8
nn_32_relu,[32],ReLU,2,20,6,0.1,1400,1120,0.5210526315789473,0.1143559799683852,0.01078907245647,46.48807370000577,43.015625,-2392064,8328,8328,66624,33312,-1,cpu,1,2.14.1+cu130,127.8,0.15
mle,,,4,20,6,0.5,600,600,0.5210526315789473,6.107979833074258,0.1049796530475425,0.1949132999943685,0.203125,28672,1918,959,15344,15344,-1,cpu,1,2.14.1+cu130,,
nn_linear,[],linear,4,20,6,0.5,600,480,0.5210526315789473,3.54551704634456,0.0177498580636766,16.374066099997435,15.15625,-7602176,438,438,3504,1752,-1,cpu,1,2.14.1+cu130,150.75,0.45
nn_32_relu,[32],ReLU,4,20,6,0.5,600,480,0.5210526315789473,1.083420171068309,0.0148071604177553,24.845306600000185,22.90625,-208818176,8328,8328,66624,33312,-1,cpu,1,2.14.1+cu130,150.5,0.4
mle,,,4,20,6,0.5,1000,1000,0.5210526315789473,3.5501148750376395,0.0786823605468067,0.1950705000053858,0.1875,32768,1918,959,15344,15344,-1,cpu,1,2.14.1+cu130,,
nn_linear,[],linear,4,20,6,0.5,1000,800,0.5210526315789473,3.486556816185764,0.0181615994684275,18.86854189999576,18.046875,-1073152,438,438,3504,1752,-1,cpu,1,2.14.1+cu130,114.05,0.2
nn_32_relu,[32],ReLU,4,20,6,0.5,1000,800,0.5210526315789473,0.7430707117988115,0.0147150547326874,37.782655299997714,36.546875,-1548288,8328,8328,66624,33312,-1,cpu,1,2.14.1+cu130,151.7,0.35
mle,,,4,20,6,0.5,1400,1400,0.5210526315789473,2.4523692704770657,0.060116400202589,0.1844369999962509,0.171875,40960,1918,959,15344,15344,-1,cpu,1,2.14.1+cu130,,
nn_linear,[],linear,4,20,6,0.5,1400,1120,0.5210526315789473,3.4418775941985325,0.0180312148687235,25.45926569999574,24.84375,393216,438,438,3504,1752,-1,cpu,1,2.14.1+cu130,115.05,0.05
nn_32_relu,[32],ReLU,4,20,6,0.5,1400,1120,0.5210526315789473,0.6253006960725089,0.01192975876285,46.24742489999335,44.65625,-2195456,8328,8328,66624,33312,-1,cpu,1,2.14.1+cu130,134.8,0.25
mle,,,4,20,6,0.1,600,600,0.5210526315789473,0.4939826074287703,0.0293490656161318,0.1977681999997003,0.203125,16384,1918,959,15344,15344,-1,cpu,1,2.14.1+cu130,,
nn_linear,[],linear,4,20,6,0.1,600,480,0.5210526315789473,1.3917417398147736,0.0210640331488979,19.909526000003098,19.078125,-8159232,438,438,3504,1752,-1,cpu,1,2.14.1+cu130,192.6,0.9
nn_32_relu,[32],ReLU,4,20,6,0.1,600,480,0.5210526315789473,0.2881047883217851,0.0141931536577842,26.07806430000346,24.40625,-2875392,8328,8328,66624,33312,-1,cpu,1,2.14.1+cu130,159.05,0.6
mle,,,4,20,6,0.1,1000,1000,0.5210526315789473,0.3781627262645942,0.0248240179146279,0.2006777999995392,0.203125,4096,1918,959,15344,15344,-1,cpu,1,2.14.1+cu130,,
nn_linear,[],linear,4,20,6,0.1,1000,800,0.5210526315789473,1.149522403462232,0.0228263489693548,32.67442270000174,30.703125,-133664768,438,438,3504,1752,-1,cpu,1,2.14.1+cu130,192.3,0.9
nn_32_relu,[32],ReLU,4,20,6,0.1,1000,800,0.5210526315789473,0.2194850630453592,0.011188029237332,40.53638140000112,38.328125,-2121728,8328,8328,66624,33312,-1,cpu,1,2.14.1+cu130,154.3,0.4
mle,,,4,20,6,0.1,1400,1400,0.5210526315789473,0.1972850958357906,0.0107368661595851,0.2027445999992778,0.1875,4096,1918,959,15344,15344,-1,cpu,1,2.14.1+cu130,,
nn_linear,[],linear,4,20,6,0.1,1400,1120,0.5210526315789473,1.012838242902563,0.0236606725546974,44.50377480000316,41.625,475136,438,438,3504,1752,-1,cpu,1,2.14.1+cu130,188.95,0.9
nn_32_relu,[32],ReLU,4,20,6,0.1,1400,1120,0.5210526315789473,0.1114423858778338,0.0061633267306834,56.23092089999409,54.515625,-2355200,8328,8328,66624,33312,-1,cpu,1,2.14.1+cu130,161.05,0.4
mle,,,5,20,6,0.1,600,600,0.5210526315789473,0.6819368811728462,0.0217089661259082,0.2065654000034555,0.203125,0,1918,959,15344,15344,-1,cpu,1,2.14.1+cu130,,
nn_linear,[],linear,5,20,6,0.1,600,480,0.5210526315789473,2.33224564468318,0.0331725214388525,20.15731109999615,19.28125,-8904704,438,438,3504,1752,-1,cpu,1,2.14.1+cu130,193.95,0.85
nn_32_relu,[32],ReLU,5,20,6,0.1,600,480,0.5210526315789473,0.3382050204599439,0.0106478532673538,25.178604799999448,23.375,-2584576,8328,8328,66624,33312,-1,cpu,1,2.14.1+cu130,153.2,0.5
mle,,,5,20,6,0.1,1000,1000,0.5210526315789473,0.5656555492457663,0.0189907235957215,0.2090564999962225,0.1875,12288,1918,959,15344,15344,-1,cpu,1,2.14.1+cu130,,
nn_linear,[],linear,5,20,6,0.1,1000,800,0.5210526315789473,2.083331284670079,0.0381478338762174,32.712701900003594,30.59375,-178659328,438,438,3504,1752,-1,cpu,1,2.14.1+cu130,191.45,0.85
nn_32_relu,[32],ReLU,5,20,6,0.1,1000,800,0.5210526315789473,0.293104162114104,0.0129837280399078,39.37297789999866,37.375,-1564672,8328,8328,66624,33312,-1,cpu,1,2.14.1+cu130,153.75,0.35
mle,,,5,20,6,0.1,1400,1400,0.5210526315789473,0.297190928798148,0.0117308287042201,0.1950794000003952,0.203125,0,1918,959,15344,15344,-1,cpu,1,2.14.1+cu130,,
nn_linear,[],linear,5,20,6,0.1,1400,1120,0.5210526315789473,1.910352161979784,0.035119010988516,42.36576379999315,40.875,929792,438,438,3504,1752,-1,cpu,1,2.14.1+cu130,191.55,0.9
nn_32_relu,[32],ReLU,5,20,6,0.1,1400,1120,0.5210526315789473,0.1463635916157614,0.0078893107250803,55.34132070001215,52.109375,-1613824,8328,8328,66624,33312,-1,cpu,1,2.14.1+cu130,155.2,0.35
mle,,,1,20,6,1.0,600,600,0.5210526315789473,8.385071348125717,0.1108187451907748,0.1941425999975763,0.1875,8192,1918,959,15344,15344,-1,cpu,1,2.14.1+cu130,,
nn_linear,[],linear,1,20,6,1.0,600,480,0.5210526315789473,2.421025309961503,0.0123867686694519,13.52964009999414,12.640625,-214491136,438,438,3504,1752,-1,cpu,1,2.14.1+cu130,128.65,0.25
nn_32_relu,[32],ReLU,1,20,6,1.0,600,480,0.5210526315789473,1.0539749282999114,0.0083309206747646,22.074670900001365,20.90625,-2777088,8328,8328,66624,33312,-1,cpu,1,2.14.1+cu130,136.8,0.15
mle,,,1,20,6,1.0,1000,1000,0.5210526315789473,4.398914626240239,0.0831920962651965,0.1982571999978972,0.203125,16384,1918,959,15344,15344,-1,cpu,1,2.14.1+cu130,,
nn_linear,[],linear,1,20,6,1.0,1000,800,0.5210526315789473,2.2948150986467266,0.0115880238802907,16.505415300001914,15.984375,-446464,438,438,3504,1752,-1,cpu,1,2.14.1+cu130,102.15,0.1
nn_32_relu,[32],ReLU,1,20,6,1.0,1000,800,0.5210526315789473,0.686235475496833,0.0065169668458742,38.32457669999712,36.703125,-2273280,8328,8328,66624,33312,-1,cpu,1,2.14.1+cu130,151.85,0.5
mle,,,1,20,6,1.0,1400,1400,0.5210526315789473,2.689643434557719,0.0556988004143154,0.2058104000025196,0.1875,45056,1918,959,15344,15344,-1,cpu,1,2.14.1+cu130,,
nn_linear,[],linear,1,20,6,1.0,1400,1120,0.5210526315789473,2.2282453561749254,0.0115137332335169,25.84862929999508,24.125,389120,438,438,3504,1752,-1,cpu,1,2.14.1+cu130,109.75,0.2
nn_32_relu,[32],ReLU,1,20,6,1.0,1400,1120,0.5210526315789473,0.5021249234796836,0.0056384571080307,50.32426199999463,47.515625,-1736704,8328,8328,66624,33312,-1,cpu,1,2.14.1+cu130,141.45,0.3
mle,,,5,20,6,0.5,600,600,0.5210526315789473,4.230016156170156,0.0735621738361028,0.2006273000006331,0.1875,0,1918,959,15344,15344,-1,cpu,1,2.14.1+cu130,,
nn_linear,[],linear,5,20,6,0.5,600,480,0.5210526315789473,2.997898501327876,0.0151547987168406,15.116872799997507,14.265625,-42708992,438,438,3504,1752,-1,cpu,1,2.14.1+cu130,146.45,0.3
nn_32_relu,[32],ReLU,5,20,6,0.5,600,480,0.5210526315789473,0.8167744743562619,0.0099949711735902,23.06326059999992,22.203125,-2367488,8328,8328,66624,33312,-1,cpu,1,2.14.1+cu130,147.0,0.4
mle,,,5,20,6,0.5,1000,1000,0.5210526315789473,2.8567313805876213,0.059085396785168,0.1998237000007066,0.15625,0,1918,959,15344,15344,-1,cpu,1,2.14.1+cu130,,
nn_linear,[],linear,5,20,6,0.5,1000,800,0.5210526315789473,2.959971405742664,0.0149129553253583,22.496190200006826,21.0,12288,438,438,3504,1752,-1,cpu,1,2.14.1+cu130,132.5,0.3
nn_32_relu,[32],ReLU,5,20,6,0.5,1000,800,0.5210526315789473,0.5035951735707663,0.008078951353446,38.08382659999188,36.109375,-696320,8328,8328,66624,33312,-1,cpu,1,2.14.1+cu130,149.55,0.35
mle,,,5,20,6,0.5,1400,1400,0.5210526315789473,2.0959036893762715,0.0505928026610648,0.1945775000058347,0.1875,28672,1918,959,15344,15344,-1,cpu,1,2.14.1+cu130,,
nn_linear,[],linear,5,20,6,0.5,1400,1120,0.5210526315789473,2.8822545159959496,0.0155070706995829,26.66930660000071,25.78125,16384,438,438,3504,1752,-1,cpu,1,2.14.1+cu130,120.6,0.25
nn_32_relu,[32],ReLU,5,20,6,0.5,1400,1120,0.5210526315789473,0.3876688419846284,0.0066500177946279,50.13412139999855,48.171875,-2125824,8328,8328,66624,33312,-1,cpu,1,2.14.1+cu130,144.75,0.25
mle,,,2,20,6,1.0,600,600,0.5210526315789473,8.19337516978427,0.1156298301130044,0.1851657000006525,0.1875,98304,1918,959,15344,15344,-1,cpu,1,2.14.1+cu130,,
nn_linear,[],linear,2,20,6,1.0,600,480,0.5210526315789473,2.187583859716831,0.0090232606531008,11.48031230000197,11.171875,-8089600,438,438,3504,1752,-1,cpu,1,2.14.1+cu130,113.9,0.2
nn_32_relu,[32],ReLU,2,20,6,1.0,600,480,0.5210526315789473,0.9911601878753664,0.0071423816267154,21.80413869999757,21.265625,-2228224,8328,8328,66624,33312,-1,cpu,1,2.14.1+cu130,140.4,0.4
mle,,,2,20,6,1.0,1000,1000,0.5210526315789473,4.927248394959424,0.0860025984500207,0.1854492999991634,0.1875,49152,1918,959,15344,15344,-1,cpu,1,2.14.1+cu130,,
nn_linear,[],linear,2,20,6,1.0,1000,800,0.5210526315789473,2.0593340316378,0.0093473286708065,16.68221660000563,16.140625,-397312,438,438,3504,1752,-1,cpu,1,2.14.1+cu130,102.2,0.1
nn_32_relu,[32],ReLU,2,20,6,1.0,1000,800,0.5210526315789473,0.6573773602395088,0.0065855165678657,32.78276310000365,31.484375,-1859584,8328,8328,66624,33312,-1,cpu,1,2.14.1+cu130,130.9,0.2
mle,,,2,20,6,1.0,1400,1400,0.5210526315789473,3.024939846404057,0.0636578741783633,0.1970699000085005,0.171875,16384,1918,959,15344,15344,-1,cpu,1,2.14.1+cu130,,
nn_linear,[],linear,2,20,6,1.0,1400,1120,0.5210526315789473,1.9817418866087515,0.0089893140685091,19.664685700001428,18.71875,421888,438,438,3504,1752,-1,cpu,1,2.14.1+cu130,87.75,0.1
nn_32_relu,[32],ReLU,2,20,6,1.0,1400,1120,0.5210526315789473,0.4956786221023556,0.0057182780539743,48.71560690000479,46.71875,-2265088,8328,8328,66624,33312,-1,cpu,1,2.14.1+cu130,140.0,0.15
mle,,,3,20,6,1.0,600,600,0.5210526315789473,8.878840736610755,0.1108774781419874,0.1928685999882873,0.1875,4096,1918,959,15344,15344,-1,cpu,1,2.14.1+cu130,,
nn_linear,[],linear,3,20,6,1.0,600,480,0.5210526315789473,2.632683205642046,0.009372180527547,11.725146800003133,11.03125,-5054464,438,438,3504,1752,-1,cpu,1,2.14.1+cu130,113.15,0.1
nn_32_relu,[32],ReLU,3,20,6,1.0,600,480,0.5210526315789473,1.145197260901741,0.0076016685169389,21.041111600003205,19.859375,-2260992,8328,8328,66624,33312,-1,cpu,1,2.14.1+cu130,134.95,0.3
mle,,,3,20,6,1.0,1000,1000,0.5210526315789473,4.400759199982791,0.0697508655293972,0.1865652999986196,0.1875,16384,1918,959,15344,15344,-1,cpu,1,2.14.1+cu130,,
nn_linear,[],linear,3,20,6,1.0,1000,800,0.5210526315789473,2.572871511217021,0.009991203364306,14.568979899995613,14.09375,-53248,438,438,3504,1752,-1,cpu,1,2.14.1+cu130,89.3,0.1
nn_32_relu,[32],ReLU,3,20,6,1.0,1000,800,0.5210526315789473,0.769668379355882,0.0070816922814727,41.469654000000446,40.28125,-1171456,8328,8328,66624,33312,-1,cpu,1,2.14.1+cu130,166.5,0.6
mle,,,3,20,6,1.0,1400,1400,0.5210526315789473,2.869874887922645,0.0544804927827101,0.1906704000139143,0.1875,0,1918,959,15344,15344,-1,cpu,1,2.14.1+cu130,,
nn_linear,[],linear,3,20,6,1.0,1400,1120,0.5210526315789473,2.5468918842259387,0.0098882075005992,16.275180800003,15.828125,155648,438,438,3504,1752,-1,cpu,1,2.14.1+cu130,73.4,0.0
nn_32_relu,[32],ReLU,3,20,6,1.0,1400,1120,0.5210526315789473,0.6192202756094641,0.0054273254142345,45.50130090001039,43.515625,-1658880,8328,8328,66624,33312,-1,cpu,1,2.14.1+cu130,130.9,0.25
mle,,,4,20,6,1.0,600,600,0.5210526315789473,8.971415584520814,0.1314114769379333,0.1863921000040136,0.171875,8192,1918,959,15344,15344,-1,cpu,1,2.14.1+cu130,,
nn_linear,[],linear,4,20,6,1.0,600,480,0.5210526315789473,2.2537265799425565,0.008656328440169,13.63375009999436,12.890625,-5853184,438,438,3504,1752,-1,cpu,1,2.14.1+cu130,131.35,0.3
nn_32_relu,[32],ReLU,4,20,6,1.0,600,480,0.5210526315789473,0.9841020125022364,0.0086769090507699,21.04238100000657,20.140625,-2904064,8328,8328,66624,33312,-1,cpu,1,2.14.1+cu130,133.0,0.45
mle,,,4,20,6,1.0,1000,1000,0.5210526315789473,5.357679007550608,0.1028905677675488,0.1848858000012114,0.1875,8192,1918,959,15344,15344,-1,cpu,1,2.14.1+cu130,,
nn_linear,[],linear,4,20,6,1.0,1000,800,0.5210526315789473,2.2014952642347336,0.0089187754746896,16.896815100000822,16.015625,-700416,438,438,3504,1752,-1,cpu,1,2.14.1+cu130,103.35,0.2
nn_32_relu,[32],ReLU,4,20,6,1.0,1000,800,0.5210526315789473,0.7254312458608494,0.0073737872490598,35.80919759999961,34.4375,-1200128,8328,8328,66624,33312,-1,cpu,1,2.14.1+cu130,143.05,0.4
mle,,,4,20,6,1.0,1400,1400,0.5210526315789473,3.588415407295914,0.0768345608728446,0.1930263999965973,0.1875,4096,1918,959,15344,15344,-1,cpu,1,2.14.1+cu130,,
nn_linear,[],linear,4,20,6,1.0,1400,1120,0.5210526315789473,2.154620467233864,0.0087431515212303,22.19205739999597,21.359375,860160,438,438,3504,1752,-1,cpu,1,2.14.1+cu130,99.8,0.1
nn_32_relu,[32],ReLU,4,20,6,1.0,1400,1120,0.5210526315789473,0.4895204185150204,0.005449946294628,50.726150099988445,48.6875,-2260992,8328,8328,66624,33312,-1,cpu,1,2.14.1+cu130,147.05,0.5
mle,,,5,20,6,1.0,600,600,0.5210526315789473,7.699621231407969,0.1112605875347258,0.2005843999941134,0.171875,4096,1918,959,15344,15344,-1,cpu,1,2.14.1+cu130,,
nn_linear,[],linear,5,20,6,1.0,600,480,0.5210526315789473,2.5208281266365544,0.00845581054737,15.139657199993962,13.5625,-4759552,438,438,3504,1752,-1,cpu,1,2.14.1+cu130,137.85,0.3
nn_32_relu,[32],ReLU,5,20,6,1.0,600,480,0.5210526315789473,1.1320504870308044,0.0082018836932562,21.717438399995444,19.65625,-2052096,8328,8328,66624,33312,-1,cpu,1,2.14.1+cu130,127.45,0.3
mle,,,5,20,6,1.0,1000,1000,0.5210526315789473,4.5684246606107175,0.0949630961226732,0.1980800000019371,0.171875,0,1918,959,15344,15344,-1,cpu,1,2.14.1+cu130,,
nn_linear,[],linear,5,20,6,1.0,1000,800,0.5210526315789473,2.456518222207172,0.0098215820918366,21.74783609999577,19.9375,-372736,438,438,3504,1752,-1,cpu,1,2.14.1+cu130,125.65,0.3
nn_32_relu,[32],ReLU,5,20,6,1.0,1000,800,0.5210526315789473,0.7928027454634754,0.0075326311873345,34.22545839998929,32.359375,-1568768,8328,8328,66624,33312,-1,cpu,1,2.14.1+cu130,131.65,0.2
mle,,,5,20,6,1.0,1400,1400,0.5210526315789473,3.451985804006029,0.0870489722489786,0.2025946999929146,0.15625,4096,1918,959,15344,15344,-1,cpu,1,2.14.1+cu130,,
nn_linear,[],linear,5,20,6,1.0,1400,1120,0.5210526315789473,2.3941313010737697,0.0101082619951191,27.621598300000187,25.8125,655360,438,438,3504,1752,-1,cpu,1,2.14.1+cu130,120.6,0.2
nn_32_relu,[32],ReLU,5,20,6,1.0,1400,1120,0.5210526315789473,0.5608705096145322,0.006022828930057,50.27867070000502,48.71875,-1994752,8328,8328,66624,33312,-1,cpu,1,2.14.1+cu130,146.15,0.35
mle,,,1,20,4,0.5,600,600,0.3684210526315789,1.7299327746802118,0.054854721830051,0.1593072000105166,0.140625,0,542,271,4336,4336,-1,cpu,1,2.14.1+cu130,,
nn_linear,[],linear,1,20,4,0.5,600,480,0.3684210526315789,2.34077668619738,0.0157125376187244,16.257338499999605,15.5625,-6983680,322,322,2576,1288,-1,cpu,1,2.14.1+cu130,157.4,0.5
nn_32_relu,[32],ReLU,1,20,4,0.5,600,480,0.3684210526315789,0.4225703774654077,0.0079979395512083,20.739387599998736,18.890625,-2154496,6472,6472,51776,25888,-1,cpu,1,2.14.1+cu130,125.25,0.3
mle,,,1,20,4,0.5,1000,1000,0.3684210526315789,0.8499714875159771,0.0264922357490195,0.1766309000086039,0.15625,8192,542,271,4336,4336,-1,cpu,1,2.14.1+cu130,,
nn_linear,[],linear,1,20,4,0.5,1000,800,0.3684210526315789,2.19369361686719,0.0168888707356769,24.56119559999206,23.015625,-602112,322,322,2576,1288,-1,cpu,1,2.14.1+cu130,145.45,0.35
nn_32_relu,[32],ReLU,1,20,4,0.5,1000,800,0.3684210526315789,0.2396657461805045,0.0050755232834477,32.48090130000492,30.15625,-1511424,6472,6472,51776,25888,-1,cpu,1,2.14.1+cu130,124.55,0.1
mle,,,1,20,4,0.5,1400,1400,0.3684210526315789,0.4733274790898314,0.0132783877221277,0.1593161000055261,0.15625,8192,542,271,4336,4336,-1,cpu,1,2.14.1+cu130,,
nn_linear,[],linear,1,20,4,0.5,1400,1120,0.3684210526315789,2.1829982427586785,0.0182636560938842,28.69089209999948,28.03125,-135168,322,322,2576,1288,-1,cpu,1,2.14.1+cu130,130.0,0.2
nn_32_relu,[32],ReLU,1,20,4,0.5,1400,1120,0.3684210526315789,0.1911666173558535,0.0043383047250476,43.66876260000572,40.25,-6197248,6472,6472,51776,25888,-1,cpu,1,2.14.1+cu130,120.45,0.15
mle,,,2,20,4,0.1,600,600,0.3684210526315789,0.1183870380444414,0.0172385664806026,0.1581474999984493,0.140625,8192,542,271,4336,4336,-1,cpu,1,2.14.1+cu130,,
nn_linear,[],linear,2,20,4,0.1,600,480,0.3684210526315789,0.4728567002013129,0.0092111828489274,21.185570400004508,19.09375,-7016448,322,322,2576,1288,-1,cpu,1,2.14.1+cu130,193.8,0.95
nn_32_relu,[32],ReLU,2,20,4,0.1,600,480,0.3684210526315789,0.131510217936238,0.0136725469701794,22.0411410000088,20.0625,-1470464,6472,6472,51776,25888,-1,cpu,1,2.14.1+cu130,131.9,0.25
mle,,,2,20,4,0.1,1000,1000,0.3684210526315789,0.1154694859336346,0.0172394030126655,0.1588703000015812,0.15625,4096,542,271,4336,4336,-1,cpu,1,2.14.1+cu130,,
nn_linear,[],linear,2,20,4,0.1,1000,800,0.3684210526315789,0.253819052290581,0.0105680054651593,32.05037260000245,29.703125,-200704,322,322,2576,1288,-1,cpu,1,2.14.1+cu130,189.6,0.9
nn_32_relu,[32],ReLU,2,20,4,0.1,1000,800,0.3684210526315789,0.1167636737001668,0.0142872433536318,24.87822149999556,22.984375,-1409024,6472,6472,51776,25888,-1,cpu,1,2.14.1+cu130,95.3,0.1
mle,,,2,20,4,0.1,1400,1400,0.3684210526315789,0.0808386656338567,0.0104691708790041,0.1616355000005569,0.15625,8192,542,271,4336,4336,-1,cpu,1,2.14.1+cu130,,
nn_linear,[],linear,2,20,4,0.1,1400,1120,0.3684210526315789,0.1282246857706415,0.0057878234285385,44.700702399990405,41.59375,-905216,322,322,2576,1288,-1,cpu,1,2.14.1+cu130,191.3,0.9
nn_32_relu,[32],ReLU,2,20,4,0.1,1400,1120,0.3684210526315789,0.0343877551190119,0.0054394601343704,46.608202799994615,43.0625,-12451840,6472,6472,51776,25888,-1,cpu,1,2.14.1+cu130,128.75,0.2
mle,,,3,20,4,0.5,600,600,0.3684210526315789,0.8617323801027249,0.0253015298460305,0.1716912999982014,0.171875,0,542,271,4336,4336,-1,cpu,1,2.14.1+cu130,,
nn_linear,[],linear,3,20,4,0.5,600,480,0.3684210526315789,1.833329093354182,0.0106996738977816,16.56109459999425,15.765625,-7757824,322,322,2576,1288,-1,cpu,1,2.14.1+cu130,162.15,0.5
nn_32_relu,[32],ReLU,3,20,4,0.5,600,480,0.3684210526315789,0.2903591999319334,0.0031738828640031,20.46087300000363,19.6875,-1781760,6472,6472,51776,25888,-1,cpu,1,2.14.1+cu130,132.5,0.25
mle,,,3,20,4,0.5,1000,1000,0.3684210526315789,0.6290221487849782,0.0239216349504551,0.1663436000089859,0.171875,4096,542,271,4336,4336,-1,cpu,1,2.14.1+cu130,,
nn_linear,[],linear,3,20,4,0.5,1000,800,0.3684210526315789,1.7456022924584118,0.011079710582253,21.16081010000198,20.265625,-155648,322,322,2576,1288,-1,cpu,1,2.14.1+cu130,132.15,0.2
nn_32_relu,[32],ReLU,3,20,4,0.5,1000,800,0.3684210526315789,0.2144014031149307,0.0029898599771378,30.22241380000196,29.234375,-1388544,6472,6472,51776,25888,-1,cpu,1,2.14.1+cu130,121.9,0.1
mle,,,3,20,4,0.5,1400,1400,0.3684210526315789,0.4668540461109516,0.0232956781264172,0.1672263999935239,0.171875,0,542,271,4336,4336,-1,cpu,1,2.14.1+cu130,,
nn_linear,[],linear,3,20,4,0.5,1400,1120,0.3684210526315789,1.7281115941550378,0.0113069743333124,28.53727000000072,27.859375,-557056,322,322,2576,1288,-1,cpu,1,2.14.1+cu130,129.35,0.25
nn_32_relu,[32],ReLU,3,20,4,0.5,1400,1120,0.3684210526315789,0.1232630559235343,0.0024860449478665,40.0802621999901,38.828125,-214265856,6472,6472,51776,25888,-1,cpu,1,2.14.1+cu130,118.3,0.2
mle,,,3,20,4,0.1,600,600,0.3684210526315789,0.077308553416509,0.0045159896073443,0.1599965999921551,0.15625,49152,542,271,4336,4336,-1,cpu,1,2.14.1+cu130,,
nn_linear,[],linear,3,20,4,0.1,600,480,0.3684210526315789,0.7508065370780285,0.0088032754503175,20.79023149999557,19.046875,-5615616,322,322,2576,1288,-1,cpu,1,2.14.1+cu130,189.8,0.9
nn_32_relu,[32],ReLU,3,20,4,0.1,600,480,0.3684210526315789,0.0966781358054112,0.0088843229980729,26.25974489998771,24.140625,-1683456,6472,6472,51776,25888,-1,cpu,1,2.14.1+cu130,157.2,0.4
mle,,,3,20,4,0.1,1000,1000,0.3684210526315789,0.0270280209160386,0.0015486378209278,0.1825206999928923,0.15625,0,542,271,4336,4336,-1,cpu,1,2.14.1+cu130,,
nn_linear,[],linear,3,20,4,0.1,1000,800,0.3684210526315789,0.5104973218552721,0.0080062779996535,30.075097200009623,28.046875,-204800,322,322,2576,1288,-1,cpu,1,2.14.1+cu130,178.05,0.8
nn_32_relu,[32],ReLU,3,20,4,0.1,1000,800,0.3684210526315789,0.0567878191803859,0.0025789976300769,33.36869619999197,32.125,-1318912,6472,6472,51776,25888,-1,cpu,1,2.14.1+cu130,132.55,0.3
mle,,,3,20,4,0.1,1400,1400,0.3684210526315789,0.0716312345086418,0.0117671305722645,0.1514328000048408,0.15625,0,542,271,4336,4336,-1,cpu,1,2.14.1+cu130,,
nn_linear,[],linear,3,20,4,0.1,1400,1120,0.3684210526315789,0.3829455771468456,0.0091670386796054,40.80704409998725,39.5625,-593920,322,322,2576,1288,-1,cpu,1,2.14.1+cu130,184.6,0.75
nn_32_relu,[32],ReLU,3,20,4,0.1,1400,1120,0.3684210526315789,0.0289609578392858,0.0015563437476446,44.44484139999258,42.4375,-168132608,6472,6472,51776,25888,-1,cpu,1,2.14.1+cu130,128.8,0.2
mle,,,2,20,4,0.5,600,600,0.3684210526315789,2.1842781020490003,0.0786855390701663,0.170013499999186,0.171875,0,542,271,4336,4336,-1,cpu,1,2.14.1+cu130,,
nn_linear,[],linear,2,20,4,0.5,600,480,0.3684210526315789,1.556582928906033,0.0138988883648027,16.77334649999102,16.03125,-5591040,322,322,2576,1288,-1,cpu,1,2.14.1+cu130,163.45,0.55
nn_32_relu,[32],ReLU,2,20,4,0.5,600,480,0.3684210526315789,0.3877788143724691,0.0085103201695405,18.96776200000022,18.34375,-2125824,6472,6472,51776,25888,-1,cpu,1,2.14.1+cu130,120.8,0.3
mle,,,2,20,4,0.5,1000,1000,0.3684210526315789,1.2177953008834128,0.0603623302761744,0.1560871000110637,0.15625,0,542,271,4336,4336,-1,cpu,1,2.14.1+cu130,,
nn_linear,[],linear,2,20,4,0.5,1000,800,0.3684210526315789,1.3636552603498258,0.0144451035354282,26.27639800000179,25.265625,-204800,322,322,2576,1288,-1,cpu,1,2.14.1+cu130,160.15,0.5
nn_32_relu,[32],ReLU,2,20,4,0.5,1000,800,0.3684210526315789,0.1901666237287003,0.0044432181346565,32.1208908999979,30.875,-1150976,6472,6472,51776,25888,-1,cpu,1,2.14.1+cu130,128.45,0.05
mle,,,2,20,4,0.5,1400,1400,0.3684210526315789,0.9264197729084904,0.0420996592581893,0.1586614999978337,0.15625,0,542,271,4336,4336,-1,cpu,1,2.14.1+cu130,,
nn_linear,[],linear,2,20,4,0.5,1400,1120,0.3684210526315789,1.3326333196029705,0.0141148064680214,32.680340800012345,30.59375,-528384,322,322,2576,1288,-1,cpu,1,2.14.1+cu130,140.55,0.25
nn_32_relu,[32],ReLU,2,20,4,0.5,1400,1120,0.3684210526315789,0.1863036438972531,0.0055330413742521,40.670662099990295,37.921875,-48046080,6472,6472,51776,25888,-1,cpu,1,2.14.1+cu130,113.25,0.25
mle,,,1,20,4,0.1,600,600,0.3684210526315789,0.5199457741902699,0.0187220086710543,0.1614103999891085,0.171875,4096,542,271,4336,4336,-1,cpu,1,2.14.1+cu130,,
nn_linear,[],linear,1,20,4,0.1,600,480,0.3684210526315789,1.0269593970418656,0.0112837096986133,20.51954700000352,19.3125,-5910528,322,322,2576,1288,-1,cpu,1,2.14.1+cu130,197.6,0.95
nn_32_relu,[32],ReLU,1,20,4,0.1,600,480,0.3684210526315789,0.1464696880565988,0.0085759690156545,24.763855999990483,23.5,-2015232,6472,6472,51776,25888,-1,cpu,1,2.14.1+cu130,155.9,0.45
mle,,,1,20,4,0.1,1000,1000,0.3684210526315789,0.2715583749259467,0.0105462314329631,0.1576859000051627,0.125,0,542,271,4336,4336,-1,cpu,1,2.14.1+cu130,,
nn_linear,[],linear,1,20,4,0.1,1000,800,0.3684210526315789,0.5417157010441856,0.0124879621191444,32.5791523999942,31.296875,-196608,322,322,2576,1288,-1,cpu,1,2.14.1+cu130,200.0,1.0
nn_32_relu,[32],ReLU,1,20,4,0.1,1000,800,0.3684210526315789,0.0809025649564969,0.0063948852891602,35.860829600002035,34.984375,-811008,6472,6472,51776,25888,-1,cpu,1,2.14.1+cu130,144.15,0.3
mle,,,1,20,4,0.1,1400,1400,0.3684210526315789,0.1324319195407088,0.009095365798807,0.1604308999958448,0.171875,0,542,271,4336,4336,-1,cpu,1,2.14.1+cu130,,
nn_linear,[],linear,1,20,4,0.1,1400,1120,0.3684210526315789,0.4057989279994594,0.0130002016755306,42.67533519999415,41.359375,-1097728,322,322,2576,1288,-1,cpu,1,2.14.1+cu130,193.85,0.95
nn_32_relu,[32],ReLU,1,20,4,0.1,1400,1120,0.3684210526315789,0.0580266494486866,0.007110363533424,47.31011340000259,45.734375,-251752448,6472,6472,51776,25888,-1,cpu,1,2.14.1+cu130,137.2,0.25
mle,,,4,20,4,0.5,600,600,0.3684210526315789,1.8233602509195308,0.0326136593002734,0.1632754999882308,0.171875,0,542,271,4336,4336,-1,cpu,1,2.14.1+cu130,,
nn_linear,[],linear,4,20,4,0.5,600,480,0.3684210526315789,2.5925691282966232,0.0165946343691913,17.839560399996117,17.140625,-6828032,322,322,2576,1288,-1,cpu,1,2.14.1+cu130,175.35,0.7
nn_32_relu,[32],ReLU,4,20,4,0.5,600,480,0.3684210526315789,0.3339720113730142,0.0046028532168409,23.65580210000917,22.8125,-2273280,6472,6472,51776,25888,-1,cpu,1,2.14.1+cu130,152.25,0.5
mle,,,4,20,4,0.5,1000,1000,0.3684210526315789,0.8332901361010517,0.0284267004006289,0.1663681000063661,0.140625,12288,542,271,4336,4336,-1,cpu,1,2.14.1+cu130,,
nn_linear,[],linear,4,20,4,0.5,1000,800,0.3684210526315789,2.456940764549039,0.0152243339610408,25.0087133999914,23.90625,-585728,322,322,2576,1288,-1,cpu,1,2.14.1+cu130,151.05,0.35
nn_32_relu,[32],ReLU,4,20,4,0.5,1000,800,0.3684210526315789,0.2176546460923345,0.0029295088200228,31.477877199999057,30.21875,-1265664,6472,6472,51776,25888,-1,cpu,1,2.14.1+cu130,124.15,0.1
mle,,,4,20,4,0.5,1400,1400,0.3684210526315789,0.5033092416454293,0.0201294409594351,0.1643378000007942,0.15625,0,542,271,4336,4336,-1,cpu,1,2.14.1+cu130,,
nn_linear,[],linear,4,20,4,0.5,1400,1120,0.3684210526315789,2.411462557767205,0.0153266594809646,33.866967199996,32.15625,-1093632,322,322,2576,1288,-1,cpu,1,2.14.1+cu130,150.0,0.4
nn_32_relu,[32],ReLU,4,20,4,0.5,1400,1120,0.3684210526315789,0.1797945450583155,0.003067618929318,44.49324899999192,41.640625,-1695744,6472,6472,51776,25888,-1,cpu,1,2.14.1+cu130,123.05,0.1
mle,,,5,20,4,0.1,600,600,0.3684210526315789,0.6333484002955967,0.0265161807695348,0.1696957999956794,0.140625,0,542,271,4336,4336,-1,cpu,1,2.14.1+cu130,,
nn_linear,[],linear,5,20,4,0.1,600,480,0.3684210526315789,1.9357932836060123,0.0267767427863882,19.70461169999908,18.921875,-6680576,322,322,2576,1288,-1,cpu,1,2.14.1+cu130,190.4,0.85
nn_32_relu,[32],ReLU,5,20,4,0.1,600,480,0.3684210526315789,0.3301363584515203,0.0110516442790371,23.16632559998834,22.171875,-2105344,6472,6472,51776,25888,-1,cpu,1,2.14.1+cu130,146.6,0.4
mle,,,5,20,4,0.1,1000,1000,0.3684210526315789,0.40664392485078,0.0149854756591363,0.1531312000006437,0.140625,0,542,271,4336,4336,-1,cpu,1,2.14.1+cu130,,
nn_linear,[],linear,5,20,4,0.1,1000,800,0.3684210526315789,1.5171057007330897,0.0294689938317138,28.95992419999675,27.625,-159744,322,322,2576,1288,-1,cpu,1,2.14.1+cu130,177.65,0.8
nn_32_relu,[32],ReLU,5,20,4,0.1,1000,800,0.3684210526315789,0.1385807328093271,0.0043114223586285,40.847139399993466,39.71875,-1413120,6472,6472,51776,25888,-1,cpu,1,2.14.1+cu130,162.7,0.3
mle,,,5,20,4,0.1,1400,1400,0.3684210526315789,0.354909579634077,0.0140819174819769,0.1583939999982249,0.140625,0,542,271,4336,4336,-1,cpu,1,2.14.1+cu130,,
nn_linear,[],linear,5,20,4,0.1,1400,1120,0.3684210526315789,1.3942992147147837,0.0293365277910681,43.72543079999741,40.015625,-888832,322,322,2576,1288,-1,cpu,1,2.14.1+cu130,182.5,0.75
nn_32_relu,[32],ReLU,5,20,4,0.1,1400,1120,0.3684210526315789,0.0977202494016035,0.003342020334937,54.0818314000062,49.46875,-110784512,6472,6472,51776,25888,-1,cpu,1,2.14.1+cu130,144.45,0.2
mle,,,4,20,4,0.1,600,600,0.3684210526315789,0.3496764469972858,0.0142126375947773,0.1527736000134609,0.140625,24576,542,271,4336,4336,-1,cpu,1,2.14.1+cu130,,
nn_linear,[],linear,4,20,4,0.1,600,480,0.3684210526315789,1.7224779655915288,0.0167823976616561,20.656067299991264,18.828125,-6295552,322,322,2576,1288,-1,cpu,1,2.14.1+cu130,190.25,0.9
nn_32_relu,[32],ReLU,4,20,4,0.1,600,480,0.3684210526315789,0.2302824894365119,0.012814337485364,25.707979699989664,24.5625,-2215936,6472,6472,51776,25888,-1,cpu,1,2.14.1+cu130,164.6,0.55
mle,,,4,20,4,0.1,1000,1000,0.3684210526315789,0.3622470858094282,0.0151899362223429,0.1533539999945787,0.15625,0,542,271,4336,4336,-1,cpu,1,2.14.1+cu130,,
nn_linear,[],linear,4,20,4,0.1,1000,800,0.3684210526315789,1.3787609033758512,0.0182975253493398,31.180744800003595,29.921875,-221184,322,322,2576,1288,-1,cpu,1,2.14.1+cu130,190.9,0.85
nn_32_relu,[32],ReLU,4,20,4,0.1,1000,800,0.3684210526315789,0.1564399910617642,0.0121513610864352,41.35194809999666,38.328125,-1687552,6472,6472,51776,25888,-1,cpu,1,2.14.1+cu130,157.6,0.45
mle,,,4,20,4,0.1,1400,1400,0.3684210526315789,0.3255047594389088,0.0178380986297285,0.1635241000039968,0.15625,0,542,271,4336,4336,-1,cpu,1,2.14.1+cu130,,
nn_linear,[],linear,4,20,4,0.1,1400,1120,0.3684210526315789,1.2219505473409704,0.0195108385334468,42.77309969998896,39.421875,-442368,322,322,2576,1288,-1,cpu,1,2.14.1+cu130,182.6,0.85
nn_32_relu,[32],ReLU,4,20,4,0.1,1400,1120,0.3684210526315789,0.1144350025126976,0.0080556207174649,51.3510368999996,48.453125,-2248704,6472,6472,51776,25888,-1,cpu,1,2.14.1+cu130,144.45,0.3
mle,,,5,20,4,0.5,600,600,0.3684210526315789,0.9613104037134104,0.0280001289135468,0.1549817999912193,0.140625,0,542,271,4336,4336,-1,cpu,1,2.14.1+cu130,,
nn_linear,[],linear,5,20,4,0.5,600,480,0.3684210526315789,2.18333964394215,0.0122215302978643,14.719135599996662,14.40625,-8507392,322,322,2576,1288,-1,cpu,1,2.14.1+cu130,148.15,0.3
nn_32_relu,[32],ReLU,5,20,4,0.5,600,480,0.3684210526315789,0.2973897181184425,0.0045434161856084,19.64923310000449,18.3125,-2035712,6472,6472,51776,25888,-1,cpu,1,2.14.1+cu130,122.05,0.2
mle,,,5,20,4,0.5,1000,1000,0.3684210526315789,0.6527445818578596,0.0258569630317152,0.1642566000082297,0.15625,0,542,271,4336,4336,-1,cpu,1,2.14.1+cu130,,
nn_linear,[],linear,5,20,4,0.5,1000,800,0.3684210526315789,2.1179202643838,0.0121636149290555,24.790528800003813,22.53125,-222928896,322,322,2576,1288,-1,cpu,1,2.14.1+cu130,142.9,0.25
nn_32_relu,[32],ReLU,5,20,4,0.5,1000,800,0.3684210526315789,0.2149346213340769,0.0050679278331045,30.37481399999524,28.5625,-1646592,6472,6472,51776,25888,-1,cpu,1,2.14.1+cu130,118.6,0.05
mle,,,5,20,4,0.5,1400,1400,0.3684210526315789,0.5603281192731927,0.0233116139935676,0.1605305999983102,0.171875,0,542,271,4336,4336,-1,cpu,1,2.14.1+cu130,,
nn_linear,[],linear,5,20,4,0.5,1400,1120,0.3684210526315789,2.101987115079709,0.0108834843529086,26.060749700001907,25.4375,-352256,322,322,2576,1288,-1,cpu,1,2.14.1+cu130,118.75,0.1
nn_32_relu,[32],ReLU,5,20,4,0.5,1400,1120,0.3684210526315789,0.1275439514900679,0.0026803961462997,44.73840709999786,42.671875,-1159168,6472,6472,51776,25888,-1,cpu,1,2.14.1+cu130,128.7,0.1
mle,,,1,20,4,1.0,600,600,0.3684210526315789,1.01430806230776,0.0291672781749389,0.1708244000037666,0.171875,0,542,271,4336,4336,-1,cpu,1,2.14.1+cu130,,
nn_linear,[],linear,1,20,4,1.0,600,480,0.3684210526315789,1.700375206753415,0.0077508819158331,15.174219099993934,14.46875,-6057984,322,322,2576,1288,-1,cpu,1,2.14.1+cu130,147.5,0.45
nn_32_relu,[32],ReLU,1,20,4,1.0,600,480,0.3684210526315789,0.3345745524743522,0.0031907166623513,19.30051599998842,18.796875,-5890048,6472,6472,51776,25888,-1,cpu,1,2.14.1+cu130,124.75,0.15
mle,,,1,20,4,1.0,1000,1000,0.3684210526315789,0.6382746388748909,0.0208367935428446,0.1596269000001484,0.15625,20480,542,271,4336,4336,-1,cpu,1,2.14.1+cu130,,
nn_linear,[],linear,1,20,4,1.0,1000,800,0.3684210526315789,1.6663003608070568,0.0075056940088607,17.729119299998274,17.203125,-233472,322,322,2576,1288,-1,cpu,1,2.14.1+cu130,109.35,0.1
nn_32_relu,[32],ReLU,1,20,4,1.0,1000,800,0.3684210526315789,0.2249660586369085,0.0025659663489306,28.166511399991577,27.28125,-1253376,6472,6472,51776,25888,-1,cpu,1,2.14.1+cu130,112.6,0.05
mle,,,1,20,4,1.0,1400,1400,0.3684210526315789,0.3724862976108549,0.0123061851090674,0.166709199998877,0.15625,4096,542,271,4336,4336,-1,cpu,1,2.14.1+cu130,,
nn_linear,[],linear,1,20,4,1.0,1400,1120,0.3684210526315789,1.6460810443195169,0.0074925309341838,24.66790420000325,23.484375,-589824,322,322,2576,1288,-1,cpu,1,2.14.1+cu130,106.5,0.05
nn_32_relu,[32],ReLU,1,20,4,1.0,1400,1120,0.3684210526315789,0.1139341841855254,0.0011234580693741,45.28985879999527,42.625,-1658880,6472,6472,51776,25888,-1,cpu,1,2.14.1+cu130,125.05,0.15
mle,,,2,20,4,1.0,600,600,0.3684210526315789,1.4135539769070962,0.0230461239412867,0.1637114000041037,0.171875,4096,542,271,4336,4336,-1,cpu,1,2.14.1+cu130,,
nn_linear,[],linear,2,20,4,1.0,600,480,0.3684210526315789,1.9478098408142388,0.0100653762680552,11.993162099999608,11.390625,-191037440,322,322,2576,1288,-1,cpu,1,2.14.1+cu130,116.2,0.15
nn_32_relu,[32],ReLU,2,20,4,1.0,600,480,0.3684210526315789,0.5295997048459965,0.0041151383280844,17.65325109999685,16.984375,-1605632,6472,6472,51776,25888,-1,cpu,1,2.14.1+cu130,112.75,0.15
mle,,,2,20,4,1.0,1000,1000,0.3684210526315789,0.8566930954423333,0.0218159640325867,0.1658368000062182,0.140625,0,542,271,4336,4336,-1,cpu,1,2.14.1+cu130,,
nn_linear,[],linear,2,20,4,1.0,1000,800,0.3684210526315789,1.8550663288721403,0.0106719715741468,16.540038299994194,15.765625,-495616,322,322,2576,1288,-1,cpu,1,2.14.1+cu130,102.2,0.05
nn_32_relu,[32],ReLU,2,20,4,1.0,1000,800,0.3684210526315789,0.2081375529558063,0.0024109236158174,28.22998600000573,27.125,-1785856,6472,6472,51776,25888,-1,cpu,1,2.14.1+cu130,111.8,0.1
mle,,,2,20,4,1.0,1400,1400,0.3684210526315789,0.4799749219037071,0.0154713314676994,0.1764375000057043,0.15625,0,542,271,4336,4336,-1,cpu,1,2.14.1+cu130,,
nn_linear,[],linear,2,20,4,1.0,1400,1120,0.3684210526315789,1.8016416982572825,0.010839728409337,22.873465800003032,21.59375,-167936,322,322,2576,1288,-1,cpu,1,2.14.1+cu130,100.7,0.0
nn_32_relu,[32],ReLU,2,20,4,1.0,1400,1120,0.3684210526315789,0.1331492397057612,0.0020431852473751,41.98561139999947,40.21875,-1536000,6472,6472,51776,25888,-1,cpu,1,2.14.1+cu130,121.15,0.2
mle,,,3,20,4,1.0,600,600,0.3684210526315789,1.213738767680323,0.0288900046408625,0.1780703000113135,0.171875,0,542,271,4336,4336,-1,cpu,1,2.14.1+cu130,,
nn_linear,[],linear,3,20,4,1.0,600,480,0.3684210526315789,2.382195546001383,0.0089731032963661,15.434175999995205,14.453125,-4997120,322,322,2576,1288,-1,cpu,1,2.14.1+cu130,146.7,0.25
nn_32_relu,[32],ReLU,3,20,4,1.0,600,480,0.3684210526315789,0.3337434621452376,0.0026017786937445,22.17129650000425,21.21875,-1646592,6472,6472,51776,25888,-1,cpu,1,2.14.1+cu130,142.4,0.3
mle,,,3,20,4,1.0,1000,1000,0.3684210526315789,0.483249121968593,0.0186832179327608,0.1658970999997109,0.15625,20480,542,271,4336,4336,-1,cpu,1,2.14.1+cu130,,
nn_linear,[],linear,3,20,4,1.0,1000,800,0.3684210526315789,2.366446587013325,0.0084785801006777,16.360887699993327,15.34375,-483328,322,322,2576,1288,-1,cpu,1,2.14.1+cu130,96.35,0.0
nn_32_relu,[32],ReLU,3,20,4,1.0,1000,800,0.3684210526315789,0.2187327143694417,0.0020127221993439,32.750888399998075,30.984375,-1380352,6472,6472,51776,25888,-1,cpu,1,2.14.1+cu130,128.5,0.15
mle,,,3,20,4,1.0,1400,1400,0.3684210526315789,0.3536112797581953,0.0183340311864032,0.1740180000051623,0.15625,8192,542,271,4336,4336,-1,cpu,1,2.14.1+cu130,,
nn_linear,[],linear,3,20,4,1.0,1400,1120,0.3684210526315789,2.337637307653447,0.0086140078213637,22.038116499999887,20.828125,-471040,322,322,2576,1288,-1,cpu,1,2.14.1+cu130,94.95,0.05
nn_32_relu,[32],ReLU,3,20,4,1.0,1400,1120,0.3684210526315789,0.153153637160624,0.0014655419699552,41.39413879999484,38.34375,-1220608,6472,6472,51776,25888,-1,cpu,1,2.14.1+cu130,113.8,0.0
mle,,,4,20,4,1.0,600,600,0.3684210526315789,1.40405116122175,0.0294184054946373,0.1773821000097086,0.15625,0,542,271,4336,4336,-1,cpu,1,2.14.1+cu130,,
nn_linear,[],linear,4,20,4,1.0,600,480,0.3684210526315789,2.063401412154994,0.0076488712253198,12.274937900001532,11.65625,-4005888,322,322,2576,1288,-1,cpu,1,2.14.1+cu130,117.95,0.2
nn_32_relu,[32],ReLU,4,20,4,1.0,600,480,0.3684210526315789,0.424783925071202,0.0029730119630029,20.481969999993453,19.375,-2027520,6472,6472,51776,25888,-1,cpu,1,2.14.1+cu130,129.65,0.2
mle,,,4,20,4,1.0,1000,1000,0.3684210526315789,0.5950798247128177,0.0152434989025119,0.1725621000077808,0.15625,0,542,271,4336,4336,-1,cpu,1,2.14.1+cu130,,
nn_linear,[],linear,4,20,4,1.0,1000,800,0.3684210526315789,1.979214765470138,0.0078739941414236,17.547807900002226,16.78125,-495616,322,322,2576,1288,-1,cpu,1,2.14.1+cu130,108.85,0.1
nn_32_relu,[32],ReLU,4,20,4,1.0,1000,800,0.3684210526315789,0.2000380525895045,0.0013741335979969,36.80033709999407,35.453125,-1626112,6472,6472,51776,25888,-1,cpu,1,2.14.1+cu130,147.3,0.3
mle,,,4,20,4,1.0,1400,1400,0.3684210526315789,0.3448331576260416,0.0089876902732993,0.1905791000026511,0.171875,0,542,271,4336,4336,-1,cpu,1,2.14.1+cu130,,
nn_linear,[],linear,4,20,4,1.0,1400,1120,0.3684210526315789,1.950904216707873,0.0082382430420651,20.11623519999557,18.8125,-548864,322,322,2576,1288,-1,cpu,1,2.14.1+cu130,88.15,0.05
nn_32_relu,[32],ReLU,4,20,4,1.0,1400,1120,0.3684210526315789,0.1617716134012974,0.0014235709920867,41.32791340000404,38.53125,-1503232,6472,6472,51776,25888,-1,cpu,1,2.14.1+cu130,116.9,0.2
mle,,,5,20,4,1.0,600,600,0.3684210526315789,1.557418158307753,0.0722250375497851,0.1657384000136517,0.15625,0,542,271,4336,4336,-1,cpu,1,2.14.1+cu130,,
nn_linear,[],linear,5,20,4,1.0,600,480,0.3684210526315789,1.805142015264177,0.0096366816805411,14.752644099993631,14.203125,-3985408,322,322,2576,1288,-1,cpu,1,2.14.1+cu130,145.9,0.35
nn_32_relu,[32],ReLU,5,20,4,1.0,600,480,0.3684210526315789,0.4273390762571005,0.0072842733090952,22.437443800008623,20.59375,-3014656,6472,6472,51776,25888,-1,cpu,1,2.14.1+cu130,136.05,0.15
mle,,,5,20,4,1.0,1000,1000,0.3684210526315789,1.1339488413520895,0.0662620866585285,0.1943583999964175,0.1875,0,542,271,4336,4336,-1,cpu,1,2.14.1+cu130,,
nn_linear,[],linear,5,20,4,1.0,1000,800,0.3684210526315789,1.7108667674972384,0.0098571248833429,20.320668000000296,19.03125,-622592,322,322,2576,1288,-1,cpu,1,2.14.1+cu130,120.05,0.25
nn_32_relu,[32],ReLU,5,20,4,1.0,1000,800,0.3684210526315789,0.2644601771829987,0.0050604065997171,30.39964850000979,28.390625,-1380352,6472,6472,51776,25888,-1,cpu,1,2.14.1+cu130,117.6,0.1
mle,,,5,20,4,1.0,1400,1400,0.3684210526315789,0.3749294109405162,0.0241237665607612,0.1736393000028329,0.171875,24576,542,271,4336,4336,-1,cpu,1,2.14.1+cu130,,
nn_linear,[],linear,5,20,4,1.0,1400,1120,0.3684210526315789,1.6697848381955096,0.00957846147497,27.019512300001225,24.96875,-610304,322,322,2576,1288,-1,cpu,1,2.14.1+cu130,116.85,0.2
nn_32_relu,[32],ReLU,5,20,4,1.0,1400,1120,0.3684210526315789,0.166397614567976,0.0023087145060644,36.64161350000359,35.0625,-1982464,6472,6472,51776,25888,-1,cpu,1,2.14.1+cu130,105.6,0.05
mle,,,1,20,2,0.5,600,600,0.1947368421052631,0.077929151762253,0.0006811035034058,0.1227262000029441,0.109375,0,150,75,1200,1200,-1,cpu,1,2.14.1+cu130,,
nn_linear,[],linear,1,20,2,0.5,600,480,0.1947368421052631,0.901731689040666,0.0043544681944663,16.125172500003828,15.578125,-5312512,190,190,1520,760,-1,cpu,1,2.14.1+cu130,161.05,0.5
nn_32_relu,[32],ReLU,1,20,2,0.5,600,480,0.1947368421052631,0.0846348975304834,0.0004562329846792,16.664869499989436,16.125,-1007616,4360,4360,34880,17440,-1,cpu,1,2.14.1+cu130,108.6,0.05
mle,,,1,20,2,0.5,1000,1000,0.1947368421052631,0.0623863186935139,0.000599725769641,0.1250345000007655,0.125,0,150,75,1200,1200,-1,cpu,1,2.14.1+cu130,,
nn_linear,[],linear,1,20,2,0.5,1000,800,0.1947368421052631,0.8385087985150572,0.0041494402683933,22.019721599994227,20.9375,-4157440,190,190,1520,760,-1,cpu,1,2.14.1+cu130,133.3,0.35
nn_32_relu,[32],ReLU,1,20,2,0.5,1000,800,0.1947368421052631,0.066877097739261,0.0004165527443245,19.26596869999776,18.359375,-913408,4360,4360,34880,17440,-1,cpu,1,2.14.1+cu130,77.0,0.0
mle,,,1,20,2,0.5,1400,1400,0.1947368421052631,0.0313011195977804,0.0001588461901579,0.1392389999964507,0.140625,0,150,75,1200,1200,-1,cpu,1,2.14.1+cu130,,
nn_linear,[],linear,1,20,2,0.5,1400,1120,0.1947368421052631,0.8225645777526417,0.0041168263339624,28.39932260000205,26.734375,-4374528,190,190,1520,760,-1,cpu,1,2.14.1+cu130,125.35,0.3
nn_32_relu,[32],ReLU,1,20,2,0.5,1400,1120,0.1947368421052631,0.0437157150479461,0.0004551529237859,24.68530420000025,23.28125,-835584,4360,4360,34880,17440,-1,cpu,1,2.14.1+cu130,69.75,0.0
mle,,,1,20,2,0.1,600,600,0.1947368421052631,0.196088781133969,0.0049228082249813,0.1210488000069744,0.109375,12288,150,75,1200,1200,-1,cpu,1,2.14.1+cu130,,
nn_linear,[],linear,1,20,2,0.1,600,480,0.1947368421052631,0.9892897410762784,0.0050084219074205,17.96570869999414,17.359375,-4976640,190,190,1520,760,-1,cpu,1,2.14.1+cu130,176.95,0.75
nn_32_relu,[32],ReLU,1,20,2,0.1,600,480,0.1947368421052631,0.0743320803951629,0.0009617925846962,21.192402899992885,20.375,-667648,4360,4360,34880,17440,-1,cpu,1,2.14.1+cu130,135.1,0.35
mle,,,1,20,2,0.1,1000,1000,0.1947368421052631,0.1525871645453458,0.0031025619733414,0.1230510000023059,0.125,0,150,75,1200,1200,-1,cpu,1,2.14.1+cu130,,
nn_linear,[],linear,1,20,2,0.1,1000,800,0.1947368421052631,0.599850756522948,0.0049236037929005,30.153372399989166,29.21875,-4296704,190,190,1520,760,-1,cpu,1,2.14.1+cu130,185.1,0.8
nn_32_relu,[32],ReLU,1,20,2,0.1,1000,800,0.1947368421052631,0.0368345850953366,0.0006590764729304,33.054020000010496,32.171875,-712704,4360,4360,34880,17440,-1,cpu,1,2.14.1+cu130,132.35,0.15
mle,,,1,20,2,0.1,1400,1400,0.1947368421052631,0.0578746354661039,0.0029709497134384,0.1276089000020874,0.109375,4096,150,75,1200,1200,-1,cpu,1,2.14.1+cu130,,
nn_linear,[],linear,1,20,2,0.1,1400,1120,0.1947368421052631,0.4956219680532347,0.005033473088066,40.885748800006695,38.0625,-3629056,190,190,1520,760,-1,cpu,1,2.14.1+cu130,174.2,0.7
nn_32_relu,[32],ReLU,1,20,2,0.1,1400,1120,0.1947368421052631,0.0334667617247534,0.000772078053508,42.28703520000272,39.09375,-827392,4360,4360,34880,17440,-1,cpu,1,2.14.1+cu130,115.85,0.2
mle,,,3,20,2,0.1,600,600,0.1947368421052631,0.1295677813893212,0.0064429775139916,0.1218494999920949,0.109375,0,150,75,1200,1200,-1,cpu,1,2.14.1+cu130,,
nn_linear,[],linear,3,20,2,0.1,600,480,0.1947368421052631,0.5437339184830131,0.0050752701539127,18.97876030000043,18.25,-5156864,190,190,1520,760,-1,cpu,1,2.14.1+cu130,186.45,0.9
nn_32_relu,[32],ReLU,3,20,2,0.1,600,480,0.1947368421052631,0.0347239779997857,0.0024649406144991,25.14465640000708,24.0625,-1073152,4360,4360,34880,17440,-1,cpu,1,2.14.1+cu130,159.4,0.6
mle,,,3,20,2,0.1,1000,1000,0.1947368421052631,0.0911251251989429,0.0016610313101481,0.114381699997466,0.09375,4096,150,75,1200,1200,-1,cpu,1,2.14.1+cu130,,
nn_linear,[],linear,3,20,2,0.1,1000,800,0.1947368421052631,0.2196709079411033,0.0028783051882587,29.328562700000475,28.265625,-3973120,190,190,1520,760,-1,cpu,1,2.14.1+cu130,182.35,0.8
nn_32_relu,[32],ReLU,3,20,2,0.1,1000,800,0.1947368421052631,0.0276717869331763,0.0028723790715769,33.27727710000181,32.125,-827392,4360,4360,34880,17440,-1,cpu,1,2.14.1+cu130,132.35,0.3
mle,,,3,20,2,0.1,1400,1400,0.1947368421052631,0.0545810062125575,0.001525733742197,0.1169158999982755,0.109375,0,150,75,1200,1200,-1,cpu,1,2.14.1+cu130,,
nn_linear,[],linear,3,20,2,0.1,1400,1120,0.1947368421052631,0.1314042928800529,0.0024277292447934,41.622255599999335,39.578125,-4583424,190,190,1520,760,-1,cpu,1,2.14.1+cu130,184.5,0.85
nn_32_relu,[32],ReLU,3,20,2,0.1,1400,1120,0.1947368421052631,0.0331922162790149,0.0029988119198577,46.82840509999369,43.875,-876544,4360,4360,34880,17440,-1,cpu,1,2.14.1+cu130,128.85,0.2
mle,,,2,20,2,0.1,600,600,0.1947368421052631,0.0380423033965323,0.0061066536942792,0.120072199992137,0.109375,0,150,75,1200,1200,-1,cpu,1,2.14.1+cu130,,
nn_linear,[],linear,2,20,2,0.1,600,480,0.1947368421052631,0.4086417721012697,0.0031289273025426,20.96128020000469,19.796875,-5369856,190,190,1520,760,-1,cpu,1,2.14.1+cu130,200.0,1.0
nn_32_relu,[32],ReLU,2,20,2,0.1,600,480,0.1947368421052631,0.0239841479440991,0.0014943541003757,26.62670839999919,25.671875,-970752,4360,4360,34880,17440,-1,cpu,1,2.14.1+cu130,170.0,0.6
mle,,,2,20,2,0.1,1000,1000,0.1947368421052631,0.0364373836291027,0.0060735367054223,0.1235048999951686,0.125,0,150,75,1200,1200,-1,cpu,1,2.14.1+cu130,,
nn_linear,[],linear,2,20,2,0.1,1000,800,0.1947368421052631,0.1970859568387402,0.0022539767265161,31.577440200009733,30.578125,-4837376,190,190,1520,760,-1,cpu,1,2.14.1+cu130,195.95,0.95
nn_32_relu,[32],ReLU,2,20,2,0.1,1000,800,0.1947368421052631,0.013974874781836,0.0015708822124417,44.07549540000037,40.34375,-774144,4360,4360,34880,17440,-1,cpu,1,2.14.1+cu130,163.95,0.35
mle,,,2,20,2,0.1,1400,1400,0.1947368421052631,0.0341299965857,0.0060689060115325,0.133489500003634,0.109375,0,150,75,1200,1200,-1,cpu,1,2.14.1+cu130,,
nn_linear,[],linear,2,20,2,0.1,1400,1120,0.1947368421052631,0.0841150678462554,0.0021102723849224,46.60154950000288,42.515625,-3846144,190,190,1520,760,-1,cpu,1,2.14.1+cu130,195.05,0.9
nn_32_relu,[32],ReLU,2,20,2,0.1,1400,1120,0.1947368421052631,0.0099131737525445,0.0016059635236656,51.154661200009286,48.21875,-987136,4360,4360,34880,17440,-1,cpu,1,2.14.1+cu130,143.3,0.2
mle,,,5,20,2,0.1,600,600,0.1947368421052631,0.1407389019699212,0.0018848494562364,0.1238012999965576,0.109375,20480,150,75,1200,1200,-1,cpu,1,2.14.1+cu130,,
nn_linear,[],linear,5,20,2,0.1,600,480,0.1947368421052631,0.4879051121211422,0.003032068607148,19.312252099989564,18.421875,-5332992,190,190,1520,760,-1,cpu,1,2.14.1+cu130,182.95,0.9
nn_32_relu,[32],ReLU,5,20,2,0.1,600,480,0.1947368421052631,0.0414900856588145,0.0028819051042545,25.01022550000925,24.28125,-794624,4360,4360,34880,17440,-1,cpu,1,2.14.1+cu130,162.05,0.5
mle,,,5,20,2,0.1,1000,1000,0.1947368421052631,0.0271352971736226,0.0010354117862368,0.1125682999991113,0.078125,8192,150,75,1200,1200,-1,cpu,1,2.14.1+cu130,,
nn_linear,[],linear,5,20,2,0.1,1000,800,0.1947368421052631,0.2645954395931715,0.0025053595404887,31.41502980000223,30.1875,-4165632,190,190,1520,760,-1,cpu,1,2.14.1+cu130,190.7,0.9
nn_32_relu,[32],ReLU,5,20,2,0.1,1000,800,0.1947368421052631,0.0206276281566702,0.003083210008111,35.13272550000693,33.28125,-839680,4360,4360,34880,17440,-1,cpu,1,2.14.1+cu130,135.2,0.2
mle,,,5,20,2,0.1,1400,1400,0.1947368421052631,0.02316442295933,0.0010356187871612,0.1265480000001844,0.109375,0,150,75,1200,1200,-1,cpu,1,2.14.1+cu130,,
nn_linear,[],linear,5,20,2,0.1,1400,1120,0.1947368421052631,0.1140264303755078,0.0022258300134122,42.79118709999602,40.890625,-3956736,190,190,1520,760,-1,cpu,1,2.14.1+cu130,187.25,0.9
nn_32_relu,[32],ReLU,5,20,2,0.1,1400,1120,0.1947368421052631,0.0195179661275895,0.0031021633168028,38.73063239999465,37.28125,-798720,4360,4360,34880,17440,-1,cpu,1,2.14.1+cu130,110.75,0.1
mle,,,4,20,2,0.1,600,600,0.1947368421052631,0.2015981573533988,0.0057646405772707,0.1282633999944664,0.140625,20480,150,75,1200,1200,-1,cpu,1,2.14.1+cu130,,
nn_linear,[],linear,4,20,2,0.1,600,480,0.1947368421052631,0.8421843892278069,0.0062093136809108,21.326459000003524,19.609375,-4820992,190,190,1520,760,-1,cpu,1,2.14.1+cu130,196.2,0.9
nn_32_relu,[32],ReLU,4,20,2,0.1,600,480,0.1947368421052631,0.0606400731599046,0.0026787646473862,24.29294469999149,23.5,-888832,4360,4360,34880,17440,-1,cpu,1,2.14.1+cu130,154.8,0.45
mle,,,4,20,2,0.1,1000,1000,0.1947368421052631,0.1519210723550219,0.0116960924301564,0.1219236999895656,0.125,0,150,75,1200,1200,-1,cpu,1,2.14.1+cu130,,
nn_linear,[],linear,4,20,2,0.1,1000,800,0.1947368421052631,0.4182853769395354,0.0060215984366961,30.85961940001289,29.875,-3616768,190,190,1520,760,-1,cpu,1,2.14.1+cu130,190.8,0.9
nn_32_relu,[32],ReLU,4,20,2,0.1,1000,800,0.1947368421052631,0.0429999555890549,0.0022884925160081,38.042457699993975,35.625,-946176,4360,4360,34880,17440,-1,cpu,1,2.14.1+cu130,146.75,0.4
mle,,,4,20,2,0.1,1400,1400,0.1947368421052631,0.0581087628385767,0.0057716170654294,0.1228105999907711,0.125,4096,150,75,1200,1200,-1,cpu,1,2.14.1+cu130,,
nn_linear,[],linear,4,20,2,0.1,1400,1120,0.1947368421052631,0.2329106403526377,0.005703636977147,45.5414402000024,40.71875,-4239360,190,190,1520,760,-1,cpu,1,2.14.1+cu130,185.9,0.9
nn_32_relu,[32],ReLU,4,20,2,0.1,1400,1120,0.1947368421052631,0.0344345366143279,0.0024349278072155,45.44541420000314,42.078125,-757760,4360,4360,34880,17440,-1,cpu,1,2.14.1+cu130,124.05,0.2
mle,,,2,20,2,0.5,600,600,0.1947368421052631,0.1607679116968869,0.0054176636507593,0.125987300009001,0.09375,0,150,75,1200,1200,-1,cpu,1,2.14.1+cu130,,
nn_linear,[],linear,2,20,2,0.5,600,480,0.1947368421052631,1.1443746488013262,0.0093612421893269,17.381892200006405,15.71875,-5414912,190,190,1520,760,-1,cpu,1,2.14.1+cu130,157.4,0.55
nn_32_relu,[32],ReLU,2,20,2,0.5,600,480,0.1947368421052631,0.1268247133544115,0.0028273280180567,16.027693300013198,14.953125,-1126400,4360,4360,34880,17440,-1,cpu,1,2.14.1+cu130,98.45,0.05
mle,,,2,20,2,0.5,1000,1000,0.1947368421052631,0.130754837838186,0.0051916924065212,0.1338321000075666,0.140625,0,150,75,1200,1200,-1,cpu,1,2.14.1+cu130,,
nn_linear,[],linear,2,20,2,0.5,1000,800,0.1947368421052631,0.9843484015830758,0.0085888208105268,26.31011249999574,23.375,-3649536,190,190,1520,760,-1,cpu,1,2.14.1+cu130,145.4,0.4
nn_32_relu,[32],ReLU,2,20,2,0.5,1000,800,0.1947368421052631,0.0567304002006151,0.0007701568157519,21.490906499995617,20.390625,-823296,4360,4360,34880,17440,-1,cpu,1,2.14.1+cu130,84.6,0.05
mle,,,2,20,2,0.5,1400,1400,0.1947368421052631,0.0541293974294051,0.0012904335794761,0.1297278999991249,0.140625,0,150,75,1200,1200,-1,cpu,1,2.14.1+cu130,,
nn_linear,[],linear,2,20,2,0.5,1400,1120,0.1947368421052631,0.9433610544931332,0.0091048367284465,26.99334459999227,25.703125,-3850240,190,190,1520,760,-1,cpu,1,2.14.1+cu130,119.8,0.35
nn_32_relu,[32],ReLU,2,20,2,0.5,1400,1120,0.1947368421052631,0.0624996956906109,0.0013633072510673,23.62827899999684,21.8125,-1032192,4360,4360,34880,17440,-1,cpu,1,2.14.1+cu130,65.95,0.0
mle,,,4,20,2,0.5,600,600,0.1947368421052631,0.248519084429963,0.0043149512993998,0.1225512999953934,0.125,4096,150,75,1200,1200,-1,cpu,1,2.14.1+cu130,,
nn_linear,[],linear,4,20,2,0.5,600,480,0.1947368421052631,0.7904056401486789,0.0097135674129196,17.92773290000332,17.390625,-5111808,190,190,1520,760,-1,cpu,1,2.14.1+cu130,176.7,0.7
nn_32_relu,[32],ReLU,4,20,2,0.5,600,480,0.1947368421052631,0.1264135317890177,0.0012050037838778,19.100123500000336,18.34375,-839680,4360,4360,34880,17440,-1,cpu,1,2.14.1+cu130,122.6,0.25
mle,,,4,20,2,0.5,1000,1000,0.1947368421052631,0.1561677058699023,0.0029349426525516,0.1259645999962231,0.125,4096,150,75,1200,1200,-1,cpu,1,2.14.1+cu130,,
nn_linear,[],linear,4,20,2,0.5,1000,800,0.1947368421052631,0.7003774168640701,0.0101918403674267,25.44679490000999,23.953125,-4132864,190,190,1520,760,-1,cpu,1,2.14.1+cu130,152.75,0.45
nn_32_relu,[32],ReLU,4,20,2,0.5,1000,800,0.1947368421052631,0.0865674133334519,0.0007628381534467,25.07683520000137,24.4375,-638976,4360,4360,34880,17440,-1,cpu,1,2.14.1+cu130,101.85,0.05
mle,,,4,20,2,0.5,1400,1400,0.1947368421052631,0.0789220132895886,0.0027942398077869,0.1306769000075291,0.125,0,150,75,1200,1200,-1,cpu,1,2.14.1+cu130,,
nn_linear,[],linear,4,20,2,0.5,1400,1120,0.1947368421052631,0.6674131933937903,0.0098633002266055,34.25083990000712,32.5,-4399104,190,190,1520,760,-1,cpu,1,2.14.1+cu130,151.35,0.2
nn_32_relu,[32],ReLU,4,20,2,0.5,1400,1120,0.1947368421052631,0.0457995375847016,0.000412910256943,22.54275779999444,21.578125,-819200,4360,4360,34880,17440,-1,cpu,1,2.14.1+cu130,64.35,0.0
mle,,,1,20,2,1.0,600,600,0.1947368421052631,0.1943472577014522,0.0150373404372457,0.1183543999941321,0.109375,0,150,75,1200,1200,-1,cpu,1,2.14.1+cu130,,
nn_linear,[],linear,1,20,2,1.0,600,480,0.1947368421052631,0.4385054435498939,0.0030280837137441,16.938569100006134,15.5625,-5963776,190,190,1520,760,-1,cpu,1,2.14.1+cu130,158.6,0.5
nn_32_relu,[32],ReLU,1,20,2,1.0,600,480,0.1947368421052631,0.1447394059635921,0.0025587389746611,12.84178439999232,12.203125,-1044480,4360,4360,34880,17440,-1,cpu,1,2.14.1+cu130,81.45,0.0
mle,,,1,20,2,1.0,1000,1000,0.1947368421052631,0.1722485833882312,0.015020758639052,0.1247589999984484,0.125,4096,150,75,1200,1200,-1,cpu,1,2.14.1+cu130,,
nn_linear,[],linear,1,20,2,1.0,1000,800,0.1947368421052631,0.3893345817583646,0.0032494033082318,20.018107800002326,18.625,-4112384,190,190,1520,760,-1,cpu,1,2.14.1+cu130,119.0,0.1
nn_32_relu,[32],ReLU,1,20,2,1.0,1000,800,0.1947368421052631,0.105412248289677,0.001274087493176,15.32838519998768,14.234375,-942080,4360,4360,34880,17440,-1,cpu,1,2.14.1+cu130,58.35,0.0
mle,,,1,20,2,1.0,1400,1400,0.1947368421052631,0.0309305073904433,0.0003256492477605,0.1250800999987404,0.109375,0,150,75,1200,1200,-1,cpu,1,2.14.1+cu130,,
nn_linear,[],linear,1,20,2,1.0,1400,1120,0.1947368421052631,0.3605211939453933,0.003230952946107,26.66214480000781,24.265625,-4296704,190,190,1520,760,-1,cpu,1,2.14.1+cu130,111.95,0.15
nn_32_relu,[32],ReLU,1,20,2,1.0,1400,1120,0.1947368421052631,0.0583498809867099,0.0008147225244942,24.649862400008715,23.0,-860160,4360,4360,34880,17440,-1,cpu,1,2.14.1+cu130,69.35,0.0
mle,,,3,20,2,0.5,600,600,0.1947368421052631,0.9115300217686948,0.0729205045200295,0.14029290000326,0.140625,0,150,75,1200,1200,-1,cpu,1,2.14.1+cu130,,
nn_linear,[],linear,3,20,2,0.5,600,480,0.1947368421052631,0.4886195837754023,0.0043718111039458,18.94358920000377,17.921875,-4956160,190,190,1520,760,-1,cpu,1,2.14.1+cu130,181.45,0.8
nn_32_relu,[32],ReLU,3,20,2,0.5,600,480,0.1947368421052631,0.1350180245807121,0.007392798085117,18.66953569999896,17.71875,-999424,4360,4360,34880,17440,-1,cpu,1,2.14.1+cu130,117.2,0.15
mle,,,3,20,2,0.5,1000,1000,0.1947368421052631,0.368267688219095,0.0228114979126541,0.1260662999993655,0.109375,0,150,75,1200,1200,-1,cpu,1,2.14.1+cu130,,
nn_linear,[],linear,3,20,2,0.5,1000,800,0.1947368421052631,0.2693016950320226,0.0044336493191007,27.957184200000484,26.71875,-4100096,190,190,1520,760,-1,cpu,1,2.14.1+cu130,168.85,0.6
nn_32_relu,[32],ReLU,3,20,2,0.5,1000,800,0.1947368421052631,0.0840504303613894,0.0035169498523614,19.014758899997105,18.4375,-880640,4360,4360,34880,17440,-1,cpu,1,2.14.1+cu130,76.25,0.0
mle,,,3,20,2,0.5,1400,1400,0.1947368421052631,0.1830896668950999,0.0140276692616242,0.1282530999887967,0.109375,0,150,75,1200,1200,-1,cpu,1,2.14.1+cu130,,
nn_linear,[],linear,3,20,2,0.5,1400,1120,0.1947368421052631,0.151660367199222,0.0043972161444304,41.50686520000454,38.28125,-3932160,190,190,1520,760,-1,cpu,1,2.14.1+cu130,177.55,0.7
nn_32_relu,[32],ReLU,3,20,2,0.5,1400,1120,0.1947368421052631,0.0578628781962597,0.0025982210169197,35.43216890000622,32.703125,-888832,4360,4360,34880,17440,-1,cpu,1,2.14.1+cu130,95.65,0.1
mle,,,2,20,2,1.0,600,600,0.1947368421052631,0.1181174000481616,0.0025740151999382,0.125337399993441,0.125,0,150,75,1200,1200,-1,cpu,1,2.14.1+cu130,,
nn_linear,[],linear,2,20,2,1.0,600,480,0.1947368421052631,0.5525400519889888,0.0021010149368689,16.99541319999844,14.765625,-4960256,190,190,1520,760,-1,cpu,1,2.14.1+cu130,151.55,0.55
nn_32_relu,[32],ReLU,2,20,2,1.0,600,480,0.1947368421052631,0.0778377736373144,0.0003430678886777,12.429553199996008,11.578125,-843776,4360,4360,34880,17440,-1,cpu,1,2.14.1+cu130,76.75,0.05
mle,,,2,20,2,1.0,1000,1000,0.1947368421052631,0.0826590976733359,0.0024121196684406,0.1291439000051468,0.140625,0,150,75,1200,1200,-1,cpu,1,2.14.1+cu130,,
nn_linear,[],linear,2,20,2,1.0,1000,800,0.1947368421052631,0.4993017594601963,0.0021813156546735,24.250502100010635,22.234375,-4100096,190,190,1520,760,-1,cpu,1,2.14.1+cu130,141.2,0.35
nn_32_relu,[32],ReLU,2,20,2,1.0,1000,800,0.1947368421052631,0.0725727957065366,0.0005732724195199,16.83675669999502,15.515625,-765952,4360,4360,34880,17440,-1,cpu,1,2.14.1+cu130,64.4,0.0
mle,,,2,20,2,1.0,1400,1400,0.1947368421052631,0.028758657490434,0.0001565793571605,0.1212347999971825,0.109375,4096,150,75,1200,1200,-1,cpu,1,2.14.1+cu130,,
nn_linear,[],linear,2,20,2,1.0,1400,1120,0.1947368421052631,0.4811776541677389,0.0024553602269261,33.55398350000905,30.65625,-5439488,190,190,1520,760,-1,cpu,1,2.14.1+cu130,140.8,0.15
nn_32_relu,[32],ReLU,2,20,2,1.0,1400,1120,0.1947368421052631,0.041531827534969,0.0003280431673081,21.39073849999113,19.4375,-892928,4360,4360,34880,17440,-1,cpu,1,2.14.1+cu130,58.05,0.0
mle,,,3,20,2,1.0,600,600,0.1947368421052631,0.1362921891975172,0.0065194530922497,0.1295543000014731,0.125,0,150,75,1200,1200,-1,cpu,1,2.14.1+cu130,,
nn_linear,[],linear,3,20,2,1.0,600,480,0.1947368421052631,0.8012392737386789,0.0034526110982353,18.577758600004017,17.765625,-4911104,190,190,1520,760,-1,cpu,1,2.14.1+cu130,179.2,0.6
nn_32_relu,[32],ReLU,3,20,2,1.0,600,480,0.1947368421052631,0.0883377790109443,0.0011959269532131,14.322606200003063,13.46875,-987136,4360,4360,34880,17440,-1,cpu,1,2.14.1+cu130,90.05,0.05
mle,,,3,20,2,1.0,1000,1000,0.1947368421052631,0.1125445489000906,0.0063779884252297,0.1179096999985631,0.125,0,150,75,1200,1200,-1,cpu,1,2.14.1+cu130,,
nn_linear,[],linear,3,20,2,1.0,1000,800,0.1947368421052631,0.7037484832805005,0.004080438990127,22.57097650000651,21.75,-3956736,190,190,1520,760,-1,cpu,1,2.14.1+cu130,140.3,0.3
nn_32_relu,[32],ReLU,3,20,2,1.0,1000,800,0.1947368421052631,0.0585707972757291,0.0003787001676181,19.64473889999499,18.640625,-671744,4360,4360,34880,17440,-1,cpu,1,2.14.1+cu130,77.85,0.0
mle,,,3,20,2,1.0,1400,1400,0.1947368421052631,0.1006138397905188,0.0063893656084877,0.1374920000089332,0.140625,0,150,75,1200,1200,-1,cpu,1,2.14.1+cu130,,
nn_linear,[],linear,3,20,2,1.0,1400,1120,0.1947368421052631,0.6785429894070285,0.0034992951799925,29.71412999999302,28.21875,-4567040,190,190,1520,760,-1,cpu,1,2.14.1+cu130,131.1,0.15
nn_32_relu,[32],ReLU,3,20,2,1.0,1400,1120,0.1947368421052631,0.0322547073361767,0.000482808865299,29.430187699996168,27.84375,-913408,4360,4360,34880,17440,-1,cpu,1,2.14.1+cu130,82.85,0.0
mle,,,5,20,2,0.5,600,600,0.1947368421052631,0.1264149519180235,0.0051625748763103,0.1293250000016996,0.109375,0,150,75,1200,1200,-1,cpu,1,2.14.1+cu130,,
nn_linear,[],linear,5,20,2,0.5,600,480,0.1947368421052631,1.1542396846551852,0.0085681058144267,20.06336830000509,17.734375,-5070848,190,190,1520,760,-1,cpu,1,2.14.1+cu130,180.7,0.75
nn_32_relu,[32],ReLU,5,20,2,0.5,600,480,0.1947368421052631,0.1208773067274323,0.0023618337792055,17.050395499987644,15.46875,-876544,4360,4360,34880,17440,-1,cpu,1,2.14.1+cu130,102.45,0.05
mle,,,5,20,2,0.5,1000,1000,0.1947368421052631,0.106586488609046,0.0051334490520925,0.1284979000047315,0.109375,4096,150,75,1200,1200,-1,cpu,1,2.14.1+cu130,,
nn_linear,[],linear,5,20,2,0.5,1000,800,0.1947368421052631,0.9787121963631557,0.0082551538110379,29.14642239999376,26.609375,-3579904,190,190,1520,760,-1,cpu,1,2.14.1+cu130,168.95,0.6
nn_32_relu,[32],ReLU,5,20,2,0.5,1000,800,0.1947368421052631,0.059724604463714,0.0007697481565808,25.712838200008264,24.03125,-880640,4360,4360,34880,17440,-1,cpu,1,2.14.1+cu130,100.85,0.15
mle,,,5,20,2,0.5,1400,1400,0.1947368421052631,0.0990060003465978,0.0051749389262506,0.1232760999992024,0.125,0,150,75,1200,1200,-1,cpu,1,2.14.1+cu130,,
nn_linear,[],linear,5,20,2,0.5,1400,1120,0.1947368421052631,0.9058640780769596,0.0088420962028746,35.06177810000372,33.421875,-4231168,190,190,1520,760,-1,cpu,1,2.14.1+cu130,154.85,0.4
nn_32_relu,[32],ReLU,5,20,2,0.5,1400,1120,0.1947368421052631,0.0615847899094025,0.0021998425647755,28.111152800003765,26.453125,-925696,4360,4360,34880,17440,-1,cpu,1,2.14.1+cu130,79.6,0.0
mle,,,4,20,2,1.0,600,600,0.1947368421052631,0.0863741222294969,0.0007670471212152,0.1185398000088753,0.125,0,150,75,1200,1200,-1,cpu,1,2.14.1+cu130,,
nn_linear,[],linear,4,20,2,1.0,600,480,0.1947368421052631,1.1142770031436893,0.0048565801514694,15.827628700004423,15.21875,-4378624,190,190,1520,760,-1,cpu,1,2.14.1+cu130,155.7,0.25
nn_32_relu,[32],ReLU,4,20,2,1.0,600,480,0.1947368421052631,0.0753328177388536,0.0002157450279139,15.941569700007676,15.3125,-901120,4360,4360,34880,17440,-1,cpu,1,2.14.1+cu130,102.2,0.0
mle,,,4,20,2,1.0,1000,1000,0.1947368421052631,0.0661827241694256,0.000772473180188,0.1211806999926921,0.125,0,150,75,1200,1200,-1,cpu,1,2.14.1+cu130,,
nn_linear,[],linear,4,20,2,1.0,1000,800,0.1947368421052631,1.0559274753794965,0.004822155168119,21.417101499988348,20.0625,-3796992,190,190,1520,760,-1,cpu,1,2.14.1+cu130,128.25,0.1
nn_32_relu,[32],ReLU,4,20,2,1.0,1000,800,0.1947368421052631,0.0454270243264803,0.0001161509100601,22.06286140000157,20.421875,-864256,4360,4360,34880,17440,-1,cpu,1,2.14.1+cu130,84.6,0.1
mle,,,4,20,2,1.0,1400,1400,0.1947368421052631,0.0564511843542739,0.0007465768287733,0.1289649000100325,0.109375,0,150,75,1200,1200,-1,cpu,1,2.14.1+cu130,,
nn_linear,[],linear,4,20,2,1.0,1400,1120,0.1947368421052631,1.0436752863910317,0.0053355440528135,23.44448020000709,21.84375,-3284992,190,190,1520,760,-1,cpu,1,2.14.1+cu130,99.55,0.05
nn_32_relu,[32],ReLU,4,20,2,1.0,1400,1120,0.1947368421052631,0.0264589267557368,0.0001078079426031,24.32177850000153,23.25,-831488,4360,4360,34880,17440,-1,cpu,1,2.14.1+cu130,70.0,0.0
mle,,,2,10,10,0.1,600,600,1.0,0.113747597809731,0.0066990851128881,0.1009538000071188,0.078125,0,2046,1023,16368,16368,-1,cpu,1,2.14.1+cu130,,
nn_linear,[],linear,2,10,10,0.1,600,480,1.0,0.4689711985008916,0.0056371697301722,9.888494600003469,9.421875,-3031040,202,202,1616,808,-1,cpu,1,2.14.1+cu130,187.3,0.9
nn_32_relu,[32],ReLU,2,10,10,0.1,600,480,1.0,0.0924867220860151,0.0057355274046618,11.040323099994566,10.40625,-1847296,3892,3892,31136,15568,-1,cpu,1,2.14.1+cu130,135.6,0.4
mle,,,2,10,10,0.1,1000,1000,1.0,0.1005218046307888,0.0067973590245413,0.0985555999941425,0.09375,0,2046,1023,16368,16368,-1,cpu,1,2.14.1+cu130,,
nn_linear,[],linear,2,10,10,0.1,1000,800,1.0,0.203362409089939,0.0036809716783488,15.799955899987252,14.859375,-2904064,202,202,1616,808,-1,cpu,1,2.14.1+cu130,189.0,0.8
nn_32_relu,[32],ReLU,2,10,10,0.1,1000,800,1.0,0.0356790611013,0.0044417061971228,17.589416200004052,16.546875,-2707456,3892,3892,31136,15568,-1,cpu,1,2.14.1+cu130,136.1,0.3
mle,,,2,10,10,0.1,1400,1400,1.0,0.0614916131859927,0.0068357867948112,0.0994175000087125,0.078125,0,2046,1023,16368,16368,-1,cpu,1,2.14.1+cu130,,
nn_linear,[],linear,2,10,10,0.1,1400,1120,1.0,0.103467138740068,0.003794899558153,19.961699099992984,18.984375,-5050368,202,202,1616,808,-1,cpu,1,2.14.1+cu130,174.0,0.7
nn_32_relu,[32],ReLU,2,10,10,0.1,1400,1120,1.0,0.0453882535863158,0.0048643146583286,18.45687650000036,17.53125,-3178496,3892,3892,31136,15568,-1,cpu,1,2.14.1+cu130,102.9,0.0
mle,,,5,20,2,1.0,600,600,0.1947368421052631,0.0573340145812856,0.0002922000901094,0.1216869999916525,0.125,0,150,75,1200,1200,-1,cpu,1,2.14.1+cu130,,
nn_linear,[],linear,5,20,2,1.0,600,480,0.1947368421052631,0.8048655417688707,0.0041783896205831,14.972623200010275,14.421875,-4923392,190,190,1520,760,-1,cpu,1,2.14.1+cu130,148.15,0.55
nn_32_relu,[32],ReLU,5,20,2,1.0,600,480,0.1947368421052631,0.1433862339415102,0.0003067293145685,13.949774999986404,13.359375,-913408,4360,4360,34880,17440,-1,cpu,1,2.14.1+cu130,89.0,0.0
mle,,,5,20,2,1.0,1000,1000,0.1947368421052631,0.0381731993910216,0.0002035813233435,0.1188277999899583,0.09375,0,150,75,1200,1200,-1,cpu,1,2.14.1+cu130,,
nn_linear,[],linear,5,20,2,1.0,1000,800,0.1947368421052631,0.7237146124970357,0.0031440897060774,18.605157800004235,17.53125,-4493312,190,190,1520,760,-1,cpu,1,2.14.1+cu130,113.0,0.15
nn_32_relu,[32],ReLU,5,20,2,1.0,1000,800,0.1947368421052631,0.0651292575189465,0.0003383945733965,20.52774840001075,18.765625,-602112,4360,4360,34880,17440,-1,cpu,1,2.14.1+cu130,77.0,0.0
mle,,,5,20,2,1.0,1400,1400,0.1947368421052631,0.0266684952678385,0.0001557810881181,0.1244028999935835,0.109375,0,150,75,1200,1200,-1,cpu,1,2.14.1+cu130,,
nn_linear,[],linear,5,20,2,1.0,1400,1120,0.1947368421052631,0.662944350753448,0.0040325480026445,31.4368558999995,29.34375,-4800512,190,190,1520,760,-1,cpu,1,2.14.1+cu130,135.4,0.05
nn_32_relu,[32],ReLU,5,20,2,1.0,1400,1120,0.1947368421052631,0.0362018658881943,0.0001314948069416,24.425437800004147,22.296875,-5656576,4360,4360,34880,17440,-1,cpu,1,2.14.1+cu130,66.5,0.0
mle,,,1,10,10,0.1,600,600,1.0,0.3331553350505768,0.0223091139666961,0.1028337000025203,0.109375,0,2046,1023,16368,16368,-1,cpu,1,2.14.1+cu130,,
nn_linear,[],linear,1,10,10,0.1,600,480,1.0,0.7230212634311816,0.0089035023370573,9.96101230000204,9.34375,-2805760,202,202,1616,808,-1,cpu,1,2.14.1+cu130,193.2,0.9
nn_32_relu,[32],ReLU,1,10,10,0.1,600,480,1.0,0.1576238497854393,0.0060213921431359,10.80063889999292,10.265625,-2351104,3892,3892,31136,15568,-1,cpu,1,2.14.1+cu130,134.5,0.2
mle,,,1,10,10,0.1,1000,1000,1.0,0.1698066540067082,0.0116303500753231,0.1050446000008378,0.109375,0,2046,1023,16368,16368,-1,cpu,1,2.14.1+cu130,,
nn_linear,[],linear,1,10,10,0.1,1000,800,1.0,0.5796795161410512,0.0105171318846841,15.719150500008254,14.53125,-4452352,202,202,1616,808,-1,cpu,1,2.14.1+cu130,183.5,0.8
nn_32_relu,[32],ReLU,1,10,10,0.1,1000,800,1.0,0.0738228816510101,0.0047828355479318,18.49930470000254,17.234375,-2707456,3892,3892,31136,15568,-1,cpu,1,2.14.1+cu130,143.0,0.2
mle,,,1,10,10,0.1,1400,1400,1.0,0.132141288159685,0.0102757596521011,0.1094450000091455,0.078125,0,2046,1023,16368,16368,-1,cpu,1,2.14.1+cu130,,
nn_linear,[],linear,1,10,10,0.1,1400,1120,1.0,0.5454329878726688,0.0109914253101162,23.003756099991733,21.21875,-4608000,202,202,1616,808,-1,cpu,1,2.14.1+cu130,192.6,0.8
nn_32_relu,[32],ReLU,1,10,10,0.1,1400,1120,1.0,0.0507544865509314,0.0045836761603159,26.07326340000145,23.171875,-5111808,3892,3892,31136,15568,-1,cpu,1,2.14.1+cu130,138.4,0.2
mle,,,4,10,10,0.1,600,600,1.0,0.1621026190171065,0.0072424825339854,0.1004775000037625,0.09375,4096,2046,1023,16368,16368,-1,cpu,1,2.14.1+cu130,,
nn_linear,[],linear,4,10,10,0.1,600,480,1.0,0.3887318018505252,0.0041711974302903,10.154190699991888,9.484375,-626688,202,202,1616,808,-1,cpu,1,2.14.1+cu130,187.9,0.9
nn_32_relu,[32],ReLU,4,10,10,0.1,600,480,1.0,0.0587270907589865,0.0060339650736019,12.815055699989898,12.15625,-2658304,3892,3892,31136,15568,-1,cpu,1,2.14.1+cu130,159.3,0.4
mle,,,4,10,10,0.1,1000,1000,1.0,0.0479450253802729,0.0066245394851789,0.0927068000019062,0.09375,0,2046,1023,16368,16368,-1,cpu,1,2.14.1+cu130,,
nn_linear,[],linear,4,10,10,0.1,1000,800,1.0,0.2612787547292294,0.0042153120310826,15.825826200001757,14.90625,-4870144,202,202,1616,808,-1,cpu,1,2.14.1+cu130,190.2,0.9
nn_32_relu,[32],ReLU,4,10,10,0.1,1000,800,1.0,0.0302664587546456,0.0031021624177816,18.01093970000511,16.921875,-3465216,3892,3892,31136,15568,-1,cpu,1,2.14.1+cu130,137.5,0.4
mle,,,4,10,10,0.1,1400,1400,1.0,0.0476778070557315,0.0066225338465748,0.0988169000047491,0.09375,0,2046,1023,16368,16368,-1,cpu,1,2.14.1+cu130,,
nn_linear,[],linear,4,10,10,0.1,1400,1120,1.0,0.1517771514340073,0.0042741520546478,21.562487899995176,19.578125,-6664192,202,202,1616,808,-1,cpu,1,2.14.1+cu130,178.6,0.6
nn_32_relu,[32],ReLU,4,10,10,0.1,1400,1120,1.0,0.0365651240373886,0.0029468161164307,15.763447000004817,14.265625,-35217408,3892,3892,31136,15568,-1,cpu,1,2.14.1+cu130,84.7,0.1
mle,,,3,10,10,0.1,600,600,1.0,0.1150072584210959,0.0085287854443593,0.1022234999982174,0.09375,8192,2046,1023,16368,16368,-1,cpu,1,2.14.1+cu130,,
nn_linear,[],linear,3,10,10,0.1,600,480,1.0,0.6380276310186027,0.0132025366891199,9.766488200009915,9.0,-774144,202,202,1616,808,-1,cpu,1,2.14.1+cu130,182.1,0.9
nn_32_relu,[32],ReLU,3,10,10,0.1,600,480,1.0,0.0986854588626872,0.0046916979294443,11.644250599987572,11.140625,-2453504,3892,3892,31136,15568,-1,cpu,1,2.14.1+cu130,145.9,0.4
mle,,,3,10,10,0.1,1000,1000,1.0,0.1156855129320876,0.0083566274363885,0.1014825000020209,0.109375,0,2046,1023,16368,16368,-1,cpu,1,2.14.1+cu130,,
nn_linear,[],linear,3,10,10,0.1,1000,800,1.0,0.4375178390997809,0.0148867101762137,16.19064950000029,15.3125,-4816896,202,202,1616,808,-1,cpu,1,2.14.1+cu130,194.8,0.9
nn_32_relu,[32],ReLU,3,10,10,0.1,1000,800,1.0,0.0456061739392528,0.0045999132989006,20.193170200000168,18.71875,-2666496,3892,3892,31136,15568,-1,cpu,1,2.14.1+cu130,154.6,0.3
mle,,,3,10,10,0.1,1400,1400,1.0,0.1122712717669387,0.0083334743987684,0.1079988999990746,0.078125,0,2046,1023,16368,16368,-1,cpu,1,2.14.1+cu130,,
nn_linear,[],linear,3,10,10,0.1,1400,1120,1.0,0.4012721678182155,0.0149138439170036,22.15695109999797,20.6875,-5029888,202,202,1616,808,-1,cpu,1,2.14.1+cu130,190.9,0.8
nn_32_relu,[32],ReLU,3,10,10,0.1,1400,1120,1.0,0.0607042667629177,0.0044158743697181,22.28744780000125,20.578125,-4849664,3892,3892,31136,15568,-1,cpu,1,2.14.1+cu130,120.9,0.1
mle,,,5,10,10,0.1,600,600,1.0,0.0681351794811698,0.0017506886676352,0.0935759999993024,0.09375,0,2046,1023,16368,16368,-1,cpu,1,2.14.1+cu130,,
nn_linear,[],linear,5,10,10,0.1,600,480,1.0,0.3904347154672943,0.0031083259732475,10.31543239999155,9.609375,-2830336,202,202,1616,808,-1,cpu,1,2.14.1+cu130,194.6,0.9
nn_32_relu,[32],ReLU,5,10,10,0.1,600,480,1.0,0.0301464065784154,0.0021283947845012,13.358944000006886,12.546875,-2043904,3892,3892,31136,15568,-1,cpu,1,2.14.1+cu130,167.3,0.4
mle,,,5,10,10,0.1,1000,1000,1.0,0.027333324551068,0.0004533321906458,0.0971351999905891,0.09375,8192,2046,1023,16368,16368,-1,cpu,1,2.14.1+cu130,,
nn_linear,[],linear,5,10,10,0.1,1000,800,1.0,0.2432499740309781,0.0033002930251476,15.748828600000708,14.75,-4669440,202,202,1616,808,-1,cpu,1,2.14.1+cu130,188.8,0.9
nn_32_relu,[32],ReLU,5,10,10,0.1,1000,800,1.0,0.0217622057267085,0.0015619032661325,18.46491940000851,17.546875,-2551808,3892,3892,31136,15568,-1,cpu,1,2.14.1+cu130,143.2,0.3
mle,,,5,10,10,0.1,1400,1400,1.0,0.0132340903799753,0.0002318930864362,0.1179683999944245,0.078125,0,2046,1023,16368,16368,-1,cpu,1,2.14.1+cu130,,
nn_linear,[],linear,5,10,10,0.1,1400,1120,1.0,0.1594887350064911,0.0034661962188881,20.913874500009115,19.65625,-74063872,202,202,1616,808,-1,cpu,1,2.14.1+cu130,184.0,0.9
nn_32_relu,[32],ReLU,5,10,10,0.1,1400,1120,1.0,0.020843643749756,0.0016610826942162,17.78103079998982,17.3125,-2863104,3892,3892,31136,15568,-1,cpu,1,2.14.1+cu130,102.8,0.0
mle,,,1,10,10,0.5,600,600,1.0,2.128399942852901,0.0585768052341259,0.1005837999982759,0.09375,0,2046,1023,16368,16368,-1,cpu,1,2.14.1+cu130,,
nn_linear,[],linear,1,10,10,0.5,600,480,1.0,1.0734530819232675,0.0108715908866522,9.08532600000035,8.453125,-2891776,202,202,1616,808,-1,cpu,1,2.14.1+cu130,173.4,0.6
nn_32_relu,[32],ReLU,1,10,10,0.5,600,480,1.0,0.3798011922683557,0.0077029236241493,8.703789499995764,8.140625,-2076672,3892,3892,31136,15568,-1,cpu,1,2.14.1+cu130,107.7,0.0
mle,,,1,10,10,0.5,1000,1000,1.0,1.4367125430974232,0.0413924659118558,0.1032966000057058,0.09375,0,2046,1023,16368,16368,-1,cpu,1,2.14.1+cu130,,
nn_linear,[],linear,1,10,10,0.5,1000,800,1.0,1.035793990600219,0.0109926109178889,11.485587799994391,11.09375,-2920448,202,202,1616,808,-1,cpu,1,2.14.1+cu130,142.7,0.4
nn_32_relu,[32],ReLU,1,10,10,0.5,1000,800,1.0,0.2374711571092057,0.0053850041584919,14.050837200004024,13.234375,-2740224,3892,3892,31136,15568,-1,cpu,1,2.14.1+cu130,111.2,0.2
mle,,,1,10,10,0.5,1400,1400,1.0,1.1250155649622626,0.0359659587939948,0.0979018999933032,0.09375,4096,2046,1023,16368,16368,-1,cpu,1,2.14.1+cu130,,
nn_linear,[],linear,1,10,10,0.5,1400,1120,1.0,0.9636238344434638,0.0134097097173718,21.20424530000309,19.96875,-7802880,202,202,1616,808,-1,cpu,1,2.14.1+cu130,182.9,0.6
nn_32_relu,[32],ReLU,1,10,10,0.5,1400,1120,1.0,0.1652847360639993,0.0046127050437243,24.623000499996124,22.515625,-2994176,3892,3892,31136,15568,-1,cpu,1,2.14.1+cu130,132.6,0.2
mle,,,3,10,10,0.5,600,600,1.0,2.6441286621166467,0.0535744882795213,0.1034896000055596,0.0625,8192,2046,1023,16368,16368,-1,cpu,1,2.14.1+cu130,,
nn_linear,[],linear,3,10,10,0.5,600,480,1.0,1.5175404085547557,0.0078569507389642,6.835043500002939,6.15625,-1609728,202,202,1616,808,-1,cpu,1,2.14.1+cu130,125.7,0.2
nn_32_relu,[32],ReLU,3,10,10,0.5,600,480,1.0,0.4822586695603833,0.0063543014502721,9.334128099988448,8.625,-2613248,3892,3892,31136,15568,-1,cpu,1,2.14.1+cu130,113.7,0.2
mle,,,3,10,10,0.5,1000,1000,1.0,1.4183542865761056,0.0394417606328426,0.0999110999982804,0.09375,4096,2046,1023,16368,16368,-1,cpu,1,2.14.1+cu130,,
nn_linear,[],linear,3,10,10,0.5,1000,800,1.0,1.4887104457983429,0.0078642275543375,10.212968099993304,9.21875,-2834432,202,202,1616,808,-1,cpu,1,2.14.1+cu130,115.9,0.1
nn_32_relu,[32],ReLU,3,10,10,0.5,1000,800,1.0,0.3146517812863373,0.0059147573760942,17.05508109999937,15.296875,-2838528,3892,3892,31136,15568,-1,cpu,1,2.14.1+cu130,125.5,0.3
mle,,,3,10,10,0.5,1400,1400,1.0,1.0946086705889202,0.0321670801954615,0.1344210000097518,0.09375,0,2046,1023,16368,16368,-1,cpu,1,2.14.1+cu130,,
nn_linear,[],linear,3,10,10,0.5,1400,1120,1.0,1.4783800380094416,0.0083149560033455,13.541488499991829,12.453125,-9228288,202,202,1616,808,-1,cpu,1,2.14.1+cu130,116.0,0.1
nn_32_relu,[32],ReLU,3,10,10,0.5,1400,1120,1.0,0.2387320603680605,0.0056344641378556,22.733844699992915,22.03125,-2736128,3892,3892,31136,15568,-1,cpu,1,2.14.1+cu130,132.0,0.2
mle,,,2,10,10,0.5,600,600,1.0,1.8329960309067408,0.0465935746696252,0.103327699995134,0.109375,0,2046,1023,16368,16368,-1,cpu,1,2.14.1+cu130,,
nn_linear,[],linear,2,10,10,0.5,600,480,1.0,0.8236904095334048,0.0108893383115972,10.101173800008835,8.90625,-983040,202,202,1616,808,-1,cpu,1,2.14.1+cu130,181.4,0.7
nn_32_relu,[32],ReLU,2,10,10,0.5,600,480,1.0,0.314560759974745,0.0077129917325542,11.04842259999714,10.34375,-2433024,3892,3892,31136,15568,-1,cpu,1,2.14.1+cu130,135.5,0.2
mle,,,2,10,10,0.5,1000,1000,1.0,1.38459851049655,0.0435030613122768,0.0993123999942326,0.078125,8192,2046,1023,16368,16368,-1,cpu,1,2.14.1+cu130,,
nn_linear,[],linear,2,10,10,0.5,1000,800,1.0,0.7648700815812608,0.0114214058133167,11.906762700004036,10.6875,-2985984,202,202,1616,808,-1,cpu,1,2.14.1+cu130,135.1,0.4
nn_32_relu,[32],ReLU,2,10,10,0.5,1000,800,1.0,0.2731587048028294,0.0082266724293026,16.95176120000542,15.25,-213532672,3892,3892,31136,15568,-1,cpu,1,2.14.1+cu130,123.9,0.0
mle,,,2,10,10,0.5,1400,1400,1.0,1.12925334718391,0.0410744414672183,0.1041582000034395,0.109375,4096,2046,1023,16368,16368,-1,cpu,1,2.14.1+cu130,,
nn_linear,[],linear,2,10,10,0.5,1400,1120,1.0,0.7441655567649963,0.0126667757480399,15.824783600008232,14.71875,-5423104,202,202,1616,808,-1,cpu,1,2.14.1+cu130,134.0,0.4
nn_32_relu,[32],ReLU,2,10,10,0.5,1400,1120,1.0,0.2030183145664355,0.0063755551739558,22.553439600000274,20.625,-3084288,3892,3892,31136,15568,-1,cpu,1,2.14.1+cu130,122.4,0.2
mle,,,4,10,10,0.5,600,600,1.0,2.179961305199223,0.0445486298600881,0.1029416999954264,0.078125,8192,2046,1023,16368,16368,-1,cpu,1,2.14.1+cu130,,
nn_linear,[],linear,4,10,10,0.5,600,480,1.0,1.201391164140546,0.0091089404863149,7.396868399999221,6.84375,-3055616,202,202,1616,808,-1,cpu,1,2.14.1+cu130,139.7,0.4
nn_32_relu,[32],ReLU,4,10,10,0.5,600,480,1.0,0.3343960266549479,0.0068196986186381,10.755077100009656,10.359375,-1839104,3892,3892,31136,15568,-1,cpu,1,2.14.1+cu130,136.0,0.2
mle,,,4,10,10,0.5,1000,1000,1.0,1.5158730069874269,0.0398841956522662,0.110941199993249,0.109375,4096,2046,1023,16368,16368,-1,cpu,1,2.14.1+cu130,,
nn_linear,[],linear,4,10,10,0.5,1000,800,1.0,1.095382282503909,0.0081929876225189,12.878207400004612,12.03125,-4116480,202,202,1616,808,-1,cpu,1,2.14.1+cu130,153.4,0.5
nn_32_relu,[32],ReLU,4,10,10,0.5,1000,800,1.0,0.2346242733162028,0.0050437540764831,17.94028619999881,16.875,-3145728,3892,3892,31136,15568,-1,cpu,1,2.14.1+cu130,137.8,0.3
mle,,,4,10,10,0.5,1400,1400,1.0,1.0817385424965351,0.0336628039428444,0.0993388999922899,0.09375,40960,2046,1023,16368,16368,-1,cpu,1,2.14.1+cu130,,
nn_linear,[],linear,4,10,10,0.5,1400,1120,1.0,1.0766330880521309,0.008405973552635,14.71544780000113,13.796875,-5292032,202,202,1616,808,-1,cpu,1,2.14.1+cu130,129.2,0.3
nn_32_relu,[32],ReLU,4,10,10,0.5,1400,1120,1.0,0.2070970934610972,0.0049616509629662,20.3376763999986,19.390625,-3264512,3892,3892,31136,15568,-1,cpu,1,2.14.1+cu130,115.4,0.4
mle,,,1,10,10,1.0,600,600,1.0,3.479480724360232,0.0677144433211232,0.1052096000057645,0.078125,0,2046,1023,16368,16368,-1,cpu,1,2.14.1+cu130,,
nn_linear,[],linear,1,10,10,1.0,600,480,1.0,0.7232007174752665,0.0062587481315084,7.320681800003513,6.546875,-770048,202,202,1616,808,-1,cpu,1,2.14.1+cu130,129.8,0.5
nn_32_relu,[32],ReLU,1,10,10,1.0,600,480,1.0,0.3622333853736965,0.0057234472618241,10.060202200009371,8.90625,-6774784,3892,3892,31136,15568,-1,cpu,1,2.14.1+cu130,116.4,0.2
mle,,,1,10,10,1.0,1000,1000,1.0,2.566957012394171,0.0583641624903478,0.1044918999978108,0.109375,36864,2046,1023,16368,16368,-1,cpu,1,2.14.1+cu130,,
nn_linear,[],linear,1,10,10,1.0,1000,800,1.0,0.6938841403254968,0.0067495226808092,10.93917079998937,10.15625,-3223552,202,202,1616,808,-1,cpu,1,2.14.1+cu130,124.3,0.3
nn_32_relu,[32],ReLU,1,10,10,1.0,1000,800,1.0,0.2846492194539725,0.0050576603876079,12.714329299997187,12.0625,-3334144,3892,3892,31136,15568,-1,cpu,1,2.14.1+cu130,99.1,0.1
mle,,,1,10,10,1.0,1400,1400,1.0,1.997182578106704,0.053180377300916,0.097478299998329,0.09375,28672,2046,1023,16368,16368,-1,cpu,1,2.14.1+cu130,,
nn_linear,[],linear,1,10,10,1.0,1400,1120,1.0,0.6727904689448571,0.0066351559286353,12.67098540000734,12.015625,-5558272,202,202,1616,808,-1,cpu,1,2.14.1+cu130,110.3,0.1
nn_32_relu,[32],ReLU,1,10,10,1.0,1400,1120,1.0,0.2206988666939524,0.0040967913894227,19.521444800004247,18.6875,-3399680,3892,3892,31136,15568,-1,cpu,1,2.14.1+cu130,112.0,0.3
mle,,,5,10,10,0.5,600,600,1.0,1.8236855294927856,0.0445788339256974,0.1051474000123562,0.09375,0,2046,1023,16368,16368,-1,cpu,1,2.14.1+cu130,,
nn_linear,[],linear,5,10,10,0.5,600,480,1.0,1.0198585484596898,0.0101408010142055,9.67746449999686,9.15625,-2998272,202,202,1616,808,-1,cpu,1,2.14.1+cu130,184.5,0.6
nn_32_relu,[32],ReLU,5,10,10,0.5,600,480,1.0,0.2862220103647208,0.0076683649120412,11.614574300008826,10.59375,-2043904,3892,3892,31136,15568,-1,cpu,1,2.14.1+cu130,136.5,0.3
mle,,,5,10,10,0.5,1000,1000,1.0,1.1114790306904734,0.0398189481251743,0.1677014000015333,0.078125,4096,2046,1023,16368,16368,-1,cpu,1,2.14.1+cu130,,
nn_linear,[],linear,5,10,10,0.5,1000,800,1.0,0.9741016300041572,0.010133932906702,13.92554260000179,12.796875,-9912320,202,202,1616,808,-1,cpu,1,2.14.1+cu130,162.9,0.7
nn_32_relu,[32],ReLU,5,10,10,0.5,1000,800,1.0,0.2291329969604548,0.0075054205251974,16.717685099996743,15.59375,-3194880,3892,3892,31136,15568,-1,cpu,1,2.14.1+cu130,127.8,0.1
mle,,,5,10,10,0.5,1400,1400,1.0,0.7844025610296396,0.0307048974319957,0.1119871999981114,0.09375,20480,2046,1023,16368,16368,-1,cpu,1,2.14.1+cu130,,
nn_linear,[],linear,5,10,10,0.5,1400,1120,1.0,0.9278172261730848,0.0100215469464724,18.520870199994533,17.28125,-5074944,202,202,1616,808,-1,cpu,1,2.14.1+cu130,159.5,0.4
nn_32_relu,[32],ReLU,5,10,10,0.5,1400,1120,1.0,0.1589095772775823,0.0057193640607119,18.646599700005027,17.65625,-3379200,3892,3892,31136,15568,-1,cpu,1,2.14.1+cu130,106.0,0.0
mle,,,3,10,10,1.0,600,600,1.0,5.85708534426003,0.0810051838275498,0.099110399998608,0.109375,40960,2046,1023,16368,16368,-1,cpu,1,2.14.1+cu130,,
nn_linear,[],linear,3,10,10,1.0,600,480,1.0,1.10201047307402,0.0043097643458486,5.5865302000020165,5.21875,-3174400,202,202,1616,808,-1,cpu,1,2.14.1+cu130,107.2,0.0
nn_32_relu,[32],ReLU,3,10,10,1.0,600,480,1.0,0.5706878790794839,0.0048194041678193,7.830160199999227,7.578125,-2129920,3892,3892,31136,15568,-1,cpu,1,2.14.1+cu130,98.1,0.1
mle,,,3,10,10,1.0,1000,1000,1.0,3.4250360059016463,0.0664690079388543,0.1022557000105734,0.09375,24576,2046,1023,16368,16368,-1,cpu,1,2.14.1+cu130,,
nn_linear,[],linear,3,10,10,1.0,1000,800,1.0,1.0614197668896417,0.0046798248095355,7.197809999997844,6.71875,-4251648,202,202,1616,808,-1,cpu,1,2.14.1+cu130,84.7,0.0
nn_32_relu,[32],ReLU,3,10,10,1.0,1000,800,1.0,0.3428025149593081,0.0047101171426654,15.361149700009264,14.515625,-2551808,3892,3892,31136,15568,-1,cpu,1,2.14.1+cu130,119.7,0.3
mle,,,3,10,10,1.0,1400,1400,1.0,2.625842703434804,0.0552228301244523,0.1057657000055769,0.109375,20480,2046,1023,16368,16368,-1,cpu,1,2.14.1+cu130,,
nn_linear,[],linear,3,10,10,1.0,1400,1120,1.0,1.0537685823721905,0.0046284877071092,8.093657800010988,7.421875,-4784128,202,202,1616,808,-1,cpu,1,2.14.1+cu130,67.8,0.1
nn_32_relu,[32],ReLU,3,10,10,1.0,1400,1120,1.0,0.2972998775113682,0.004206251340811,20.825818700002856,19.21875,-2965504,3892,3892,31136,15568,-1,cpu,1,2.14.1+cu130,114.6,0.1
mle,,,2,10,10,1.0,600,600,1.0,5.201757005147897,0.0792655373062475,0.1234332000021822,0.09375,0,2046,1023,16368,16368,-1,cpu,1,2.14.1+cu130,,
nn_linear,[],linear,2,10,10,1.0,600,480,1.0,1.144003513366697,0.0056356000971805,6.185550399997737,5.328125,-16523264,202,202,1616,808,-1,cpu,1,2.14.1+cu130,108.7,0.2
nn_32_relu,[32],ReLU,2,10,10,1.0,600,480,1.0,0.4900578899749467,0.0060626560734617,8.041456299994024,7.5625,-2465792,3892,3892,31136,15568,-1,cpu,1,2.14.1+cu130,99.3,0.1
mle,,,2,10,10,1.0,1000,1000,1.0,3.5938079771824865,0.0644832661461011,0.1302949000091757,0.109375,12288,2046,1023,16368,16368,-1,cpu,1,2.14.1+cu130,,
nn_linear,[],linear,2,10,10,1.0,1000,800,1.0,1.093136458898152,0.0050628705183167,10.728430800008937,9.890625,-3153920,202,202,1616,808,-1,cpu,1,2.14.1+cu130,122.9,0.1
nn_32_relu,[32],ReLU,2,10,10,1.0,1000,800,1.0,0.353372494209544,0.0043070329914577,16.23491080000531,14.703125,-2859008,3892,3892,31136,15568,-1,cpu,1,2.14.1+cu130,118.5,0.0
mle,,,2,10,10,1.0,1400,1400,1.0,2.6218418273716297,0.0540189938465744,0.1013955999951576,0.109375,0,2046,1023,16368,16368,-1,cpu,1,2.14.1+cu130,,
nn_linear,[],linear,2,10,10,1.0,1400,1120,1.0,1.0699222027338453,0.0055966562075497,10.848546299996087,10.171875,-5013504,202,202,1616,808,-1,cpu,1,2.14.1+cu130,94.0,0.0
nn_32_relu,[32],ReLU,2,10,10,1.0,1400,1120,1.0,0.2682894041402817,0.004060033719662,22.43339989999368,21.359375,-2949120,3892,3892,31136,15568,-1,cpu,1,2.14.1+cu130,127.8,0.1
mle,,,4,10,10,1.0,600,600,1.0,4.6123449734672,0.0690977783079916,0.0974865000025602,0.09375,24576,2046,1023,16368,16368,-1,cpu,1,2.14.1+cu130,,
nn_linear,[],linear,4,10,10,1.0,600,480,1.0,1.0271296063781246,0.0064224599552901,7.199239399997168,6.984375,-6225920,202,202,1616,808,-1,cpu,1,2.14.1+cu130,141.3,0.2
nn_32_relu,[32],ReLU,4,10,10,1.0,600,480,1.0,0.4406414323949897,0.0053512711192766,9.6740112999978,9.21875,-2584576,3892,3892,31136,15568,-1,cpu,1,2.14.1+cu130,122.0,0.2
mle,,,4,10,10,1.0,1000,1000,1.0,3.079632154482584,0.0528378877271476,0.0936674000113271,0.09375,20480,2046,1023,16368,16368,-1,cpu,1,2.14.1+cu130,,
nn_linear,[],linear,4,10,10,1.0,1000,800,1.0,1.0137093842896916,0.0058328109112748,9.73293559999729,8.984375,-5210112,202,202,1616,808,-1,cpu,1,2.14.1+cu130,115.1,0.2
nn_32_relu,[32],ReLU,4,10,10,1.0,1000,800,1.0,0.3556818015035469,0.004489762492013,13.465812000009464,12.46875,-2756608,3892,3892,31136,15568,-1,cpu,1,2.14.1+cu130,102.4,0.1
mle,,,4,10,10,1.0,1400,1400,1.0,2.456947034467998,0.049745727062022,0.101575499997125,0.09375,8192,2046,1023,16368,16368,-1,cpu,1,2.14.1+cu130,,
nn_linear,[],linear,4,10,10,1.0,1400,1120,1.0,0.9953479880148784,0.005977252572669,11.343905100002305,10.609375,-5341184,202,202,1616,808,-1,cpu,1,2.14.1+cu130,99.6,0.0
nn_32_relu,[32],ReLU,4,10,10,1.0,1400,1120,1.0,0.283335339586,0.0044745143660722,20.924314799995045,19.984375,-3112960,3892,3892,31136,15568,-1,cpu,1,2.14.1+cu130,119.5,0.2
mle,,,5,10,10,1.0,600,600,1.0,2.4691754479099344,0.0591787532336137,0.1144629000045824,0.078125,4096,2046,1023,16368,16368,-1,cpu,1,2.14.1+cu130,,
nn_linear,[],linear,5,10,10,1.0,600,480,1.0,0.6775892621714965,0.0046777785049181,6.72294089999923,6.21875,-4997120,202,202,1616,808,-1,cpu,1,2.14.1+cu130,123.2,0.4
nn_32_relu,[32],ReLU,5,10,10,1.0,600,480,1.0,0.3444053191401296,0.0045270563222792,8.269907199995941,7.578125,-3067904,3892,3892,31136,15568,-1,cpu,1,2.14.1+cu130,100.5,0.0
mle,,,5,10,10,1.0,1000,1000,1.0,1.829086244324602,0.0511157721259076,0.1081745999981649,0.09375,0,2046,1023,16368,16368,-1,cpu,1,2.14.1+cu130,,
nn_linear,[],linear,5,10,10,1.0,1000,800,1.0,0.6348726076645261,0.0042524601201882,11.253757599988605,10.296875,-6520832,202,202,1616,808,-1,cpu,1,2.14.1+cu130,130.2,0.5
nn_32_relu,[32],ReLU,5,10,10,1.0,1000,800,1.0,0.2533846050391954,0.0049401151934303,11.400791499996558,10.75,-2691072,3892,3892,31136,15568,-1,cpu,1,2.14.1+cu130,90.1,0.1
mle,,,5,10,10,1.0,1400,1400,1.0,1.4066088351799266,0.0456216927221763,0.1023438999982317,0.09375,0,2046,1023,16368,16368,-1,cpu,1,2.14.1+cu130,,
nn_linear,[],linear,5,10,10,1.0,1400,1120,1.0,0.5748088416497558,0.0045224360552302,15.453266399999848,14.75,-5328896,202,202,1616,808,-1,cpu,1,2.14.1+cu130,138.9,0.4
nn_32_relu,[32],ReLU,5,10,10,1.0,1400,1120,1.0,0.1809401626088648,0.0040319114356533,19.933432400008314,18.90625,-2998272,3892,3892,31136,15568,-1,cpu,1,2.14.1+cu130,114.5,0.2
mle,,,1,10,6,0.1,600,600,0.8666666666666667,0.1426843687660975,0.0071413255993368,0.0947241999965626,0.078125,0,638,319,5104,5104,-1,cpu,1,2.14.1+cu130,,
nn_linear,[],linear,1,10,6,0.1,600,480,0.8666666666666667,0.4833515839274532,0.0068545686381906,10.08702180000546,9.21875,-7041024,178,178,1424,712,-1,cpu,1,2.14.1+cu130,186.8,0.8
nn_32_relu,[32],ReLU,1,10,6,0.1,600,480,0.8666666666666667,0.0591850973301802,0.0029250763059245,12.52435819999664,11.390625,-2441216,3508,3508,28064,14032,-1,cpu,1,2.14.1+cu130,148.5,0.3
mle,,,1,10,6,0.1,1000,1000,0.8666666666666667,0.0411066845564832,0.0028752219212513,0.0912313999870093,0.09375,0,638,319,5104,5104,-1,cpu,1,2.14.1+cu130,,
nn_linear,[],linear,1,10,6,0.1,1000,800,0.8666666666666667,0.3462895720449249,0.0077402970161484,16.600147999997716,15.765625,-4775936,178,178,1424,712,-1,cpu,1,2.14.1+cu130,200.0,1.0
nn_32_relu,[32],ReLU,1,10,6,0.1,1000,800,0.8666666666666667,0.0221821922336384,0.0018518135302766,17.96212799999921,17.109375,-2379776,3508,3508,28064,14032,-1,cpu,1,2.14.1+cu130,140.5,0.2
mle,,,1,10,6,0.1,1400,1400,0.8666666666666667,0.0367794360417425,0.0028692379382391,0.0891413999925134,0.09375,0,638,319,5104,5104,-1,cpu,1,2.14.1+cu130,,
nn_linear,[],linear,1,10,6,0.1,1400,1120,0.8666666666666667,0.2410350274466177,0.0070468973028842,23.73711970000295,21.703125,-5070848,178,178,1424,712,-1,cpu,1,2.14.1+cu130,200.0,1.0
nn_32_relu,[32],ReLU,1,10,6,0.1,1400,1120,0.8666666666666667,0.0277527761783713,0.0022591717597447,23.97624070000893,22.078125,-1994752,3508,3508,28064,14032,-1,cpu,1,2.14.1+cu130,132.1,0.1
mle,,,2,10,6,0.1,600,600,0.8666666666666667,0.0968158838348742,0.0011862976269521,0.0831636000075377,0.09375,0,638,319,5104,5104,-1,cpu,1,2.14.1+cu130,,
nn_linear,[],linear,2,10,6,0.1,600,480,0.8666666666666667,0.2451678153511011,0.0028858552854043,10.918032099987611,9.984375,-6209536,178,178,1424,712,-1,cpu,1,2.14.1+cu130,200.0,1.0
nn_32_relu,[32],ReLU,2,10,6,0.1,600,480,0.8666666666666667,0.0214898333257529,0.0022055653429826,14.12430179999501,12.953125,-2543616,3508,3508,28064,14032,-1,cpu,1,2.14.1+cu130,170.6,0.7
mle,,,2,10,6,0.1,1000,1000,0.8666666666666667,0.0580045047653772,0.0008974547903581,0.0812450999947032,0.09375,0,638,319,5104,5104,-1,cpu,1,2.14.1+cu130,,
nn_linear,[],linear,2,10,6,0.1,1000,800,0.8666666666666667,0.0646824069469299,0.002210412684015,14.720363899992662,13.890625,-4280320,178,178,1424,712,-1,cpu,1,2.14.1+cu130,175.8,0.8
nn_32_relu,[32],ReLU,2,10,6,0.1,1000,800,0.8666666666666667,0.0282955672945245,0.0022361106274872,15.045119299989892,14.15625,-1974272,3508,3508,28064,14032,-1,cpu,1,2.14.1+cu130,117.2,0.0
mle,,,2,10,6,0.1,1400,1400,0.8666666666666667,0.0568890479442527,0.0008350348236015,0.0853269000072032,0.09375,0,638,319,5104,5104,-1,cpu,1,2.14.1+cu130,,
nn_linear,[],linear,2,10,6,0.1,1400,1120,0.8666666666666667,0.0767413116585709,0.0026387698427969,19.74162559999968,18.953125,-3403776,178,178,1424,712,-1,cpu,1,2.14.1+cu130,176.3,0.8
nn_32_relu,[32],ReLU,2,10,6,0.1,1400,1120,0.8666666666666667,0.0274462633903087,0.0027985529991453,21.67492790000688,20.953125,-2310144,3508,3508,28064,14032,-1,cpu,1,2.14.1+cu130,124.6,0.3
mle,,,4,10,6,0.1,600,600,0.8666666666666667,0.098486623782296,0.0062517854303145,0.0873701999953482,0.078125,0,638,319,5104,5104,-1,cpu,1,2.14.1+cu130,,
nn_linear,[],linear,4,10,6,0.1,600,480,0.8666666666666667,0.3625797292408193,0.0062194986695701,9.471032300003571,8.859375,-8388608,178,178,1424,712,-1,cpu,1,2.14.1+cu130,179.9,0.8
nn_32_relu,[32],ReLU,4,10,6,0.1,600,480,0.8666666666666667,0.0818604457401961,0.0035830943366479,11.238894699999946,10.765625,-2433024,3508,3508,28064,14032,-1,cpu,1,2.14.1+cu130,142.9,0.4
mle,,,4,10,6,0.1,1000,1000,0.8666666666666667,0.0864140489508449,0.0062477384445791,0.0863222000043606,0.078125,4096,638,319,5104,5104,-1,cpu,1,2.14.1+cu130,,
nn_linear,[],linear,4,10,6,0.1,1000,800,0.8666666666666667,0.2077606767348247,0.0056894739711422,16.247329100006027,14.5625,-4349952,178,178,1424,712,-1,cpu,1,2.14.1+cu130,182.1,0.8
nn_32_relu,[32],ReLU,4,10,6,0.1,1000,800,0.8666666666666667,0.061833333553957,0.0036713933946912,18.527494199996,16.890625,-1724416,3508,3508,28064,14032,-1,cpu,1,2.14.1+cu130,136.3,0.4
mle,,,4,10,6,0.1,1400,1400,0.8666666666666667,0.0816680634177738,0.0062514979541285,0.086576600006083,0.078125,0,638,319,5104,5104,-1,cpu,1,2.14.1+cu130,,
nn_linear,[],linear,4,10,6,0.1,1400,1120,0.8666666666666667,0.1609133376474374,0.005072425600395,21.22358689999965,19.609375,-4354048,178,178,1424,712,-1,cpu,1,2.14.1+cu130,182.1,0.8
nn_32_relu,[32],ReLU,4,10,6,0.1,1400,1120,0.8666666666666667,0.0493848664917121,0.0041463738775699,22.00242820000858,20.296875,-1998848,3508,3508,28064,14032,-1,cpu,1,2.14.1+cu130,119.9,0.2
mle,,,3,10,6,0.1,600,600,0.8666666666666667,0.0665958801922911,0.0021298532380638,0.0949545000039506,0.078125,0,638,319,5104,5104,-1,cpu,1,2.14.1+cu130,,
nn_linear,[],linear,3,10,6,0.1,600,480,0.8666666666666667,0.4208639225926056,0.0050454935904672,10.747195199990529,9.5625,-7667712,178,178,1424,712,-1,cpu,1,2.14.1+cu130,194.2,0.9
nn_32_relu,[32],ReLU,3,10,6,0.1,600,480,0.8666666666666667,0.0631601571965979,0.0040042955670528,11.542026299997817,10.765625,-2568192,3508,3508,28064,14032,-1,cpu,1,2.14.1+cu130,138.9,0.4
mle,,,3,10,6,0.1,1000,1000,0.8666666666666667,0.0570353519839895,0.0021322954425114,0.0867469999939203,0.078125,4096,638,319,5104,5104,-1,cpu,1,2.14.1+cu130,,
nn_linear,[],linear,3,10,6,0.1,1000,800,0.8666666666666667,0.2820857883143112,0.0054997388239778,16.538573700003326,14.921875,-4841472,178,178,1424,712,-1,cpu,1,2.14.1+cu130,188.5,0.9
nn_32_relu,[32],ReLU,3,10,6,0.1,1000,800,0.8666666666666667,0.0719765468842915,0.0054052269905562,17.073850700006005,15.390625,-2195456,3508,3508,28064,14032,-1,cpu,1,2.14.1+cu130,123.3,0.3
mle,,,3,10,6,0.1,1400,1400,0.8666666666666667,0.0543748102542144,0.0021027435219999,0.0920611999899847,0.09375,4096,638,319,5104,5104,-1,cpu,1,2.14.1+cu130,,
nn_linear,[],linear,3,10,6,0.1,1400,1120,0.8666666666666667,0.1559497406544683,0.0051044573458983,22.94244189999881,21.375,-3416064,178,178,1424,712,-1,cpu,1,2.14.1+cu130,200.0,1.0
nn_32_relu,[32],ReLU,3,10,6,0.1,1400,1120,0.8666666666666667,0.0323111176632643,0.0076948653521806,25.4421610999998,23.0625,-2449408,3508,3508,28064,14032,-1,cpu,1,2.14.1+cu130,137.8,0.4
mle,,,2,10,6,0.5,600,600,0.8666666666666667,1.5651717057688437,0.0550322103927697,0.0863060999981826,0.0625,16384,638,319,5104,5104,-1,cpu,1,2.14.1+cu130,,
nn_linear,[],linear,2,10,6,0.5,600,480,0.8666666666666667,0.6777702591962945,0.0112522118713808,8.965687699994305,8.515625,-8740864,178,178,1424,712,-1,cpu,1,2.14.1+cu130,168.4,0.7
nn_32_relu,[32],ReLU,2,10,6,0.5,600,480,0.8666666666666667,0.2941710274054591,0.0072526768176945,8.430763399999705,7.90625,-2973696,3508,3508,28064,14032,-1,cpu,1,2.14.1+cu130,105.8,0.1
mle,,,2,10,6,0.5,1000,1000,0.8666666666666667,1.0578853184453043,0.0429076541928752,0.0992712000006577,0.09375,4096,638,319,5104,5104,-1,cpu,1,2.14.1+cu130,,
nn_linear,[],linear,2,10,6,0.5,1000,800,0.8666666666666667,0.5636535617968506,0.0116326028366756,12.821220300000276,11.671875,-7614464,178,178,1424,712,-1,cpu,1,2.14.1+cu130,149.2,0.4
nn_32_relu,[32],ReLU,2,10,6,0.5,1000,800,0.8666666666666667,0.1822810807804299,0.0061323698921521,11.853969600007986,11.296875,-1683456,3508,3508,28064,14032,-1,cpu,1,2.14.1+cu130,92.1,0.1
mle,,,2,10,6,0.5,1400,1400,0.8666666666666667,0.594320216564463,0.0295012994334939,0.091424400001415,0.078125,8192,638,319,5104,5104,-1,cpu,1,2.14.1+cu130,,
nn_linear,[],linear,2,10,6,0.5,1400,1120,0.8666666666666667,0.5388641713621737,0.0112854679930047,19.488872999994783,18.515625,-3330048,178,178,1424,712,-1,cpu,1,2.14.1+cu130,172.3,0.7
nn_32_relu,[32],ReLU,2,10,6,0.5,1400,1120,0.8666666666666667,0.1366444483323396,0.0058807282068257,17.493534699999145,16.78125,-2347008,3508,3508,28064,14032,-1,cpu,1,2.14.1+cu130,100.2,0.2
mle,,,5,10,6,0.1,600,600,0.8666666666666667,0.0420145117391988,0.0033288781087405,0.0868328999931691,0.078125,20480,638,319,5104,5104,-1,cpu,1,2.14.1+cu130,,
nn_linear,[],linear,5,10,6,0.1,600,480,0.8666666666666667,0.5862770653621134,0.0086209632196039,10.311046000002534,9.53125,-8237056,178,178,1424,712,-1,cpu,1,2.14.1+cu130,190.9,0.9
nn_32_relu,[32],ReLU,5,10,6,0.1,600,480,0.8666666666666667,0.023274610546663,0.0017779511225128,12.04344019999553,11.125,-2265088,3508,3508,28064,14032,-1,cpu,1,2.14.1+cu130,145.3,0.3
mle,,,5,10,6,0.1,1000,1000,0.8666666666666667,0.0406058871506025,0.0033479844240496,0.0891449000046122,0.078125,8192,638,319,5104,5104,-1,cpu,1,2.14.1+cu130,,
nn_linear,[],linear,5,10,6,0.1,1000,800,0.8666666666666667,0.3342785703045066,0.007989590190094,17.03864660000545,15.5625,-6295552,178,178,1424,712,-1,cpu,1,2.14.1+cu130,193.9,0.8
nn_32_relu,[32],ReLU,5,10,6,0.1,1000,800,0.8666666666666667,0.0184478132658825,0.0017347239033515,17.440896500003873,15.8125,-2379776,3508,3508,28064,14032,-1,cpu,1,2.14.1+cu130,128.0,0.3
mle,,,5,10,6,0.1,1400,1400,0.8666666666666667,0.0324150486715854,0.0030862031873582,0.0884553999931085,0.0625,4096,638,319,5104,5104,-1,cpu,1,2.14.1+cu130,,
nn_linear,[],linear,5,10,6,0.1,1400,1120,0.8666666666666667,0.2738863816553895,0.00858962459027,19.97025589999976,18.515625,-4968448,178,178,1424,712,-1,cpu,1,2.14.1+cu130,171.3,0.8
nn_32_relu,[32],ReLU,5,10,6,0.1,1400,1120,0.8666666666666667,0.0101733303634788,0.001652160067388,27.40229719999479,25.15625,-2297856,3508,3508,28064,14032,-1,cpu,1,2.14.1+cu130,147.0,0.3
mle,,,1,10,6,1.0,600,600,0.8666666666666667,2.187781802666246,0.0574051056531286,0.08378490000905,0.078125,4096,638,319,5104,5104,-1,cpu,1,2.14.1+cu130,,
nn_linear,[],linear,1,10,6,1.0,600,480,0.8666666666666667,0.622677825758007,0.0043044459969022,8.332146699991426,7.734375,-6471680,178,178,1424,712,-1,cpu,1,2.14.1+cu130,158.2,0.6
nn_32_relu,[32],ReLU,1,10,6,1.0,600,480,0.8666666666666667,0.2224952224251555,0.0031984797452666,9.40285589999985,9.125,-2510848,3508,3508,28064,14032,-1,cpu,1,2.14.1+cu130,122.9,0.2
mle,,,1,10,6,1.0,1000,1000,0.8666666666666667,1.3464881944619724,0.0459340713203508,0.0829404999967664,0.09375,8192,638,319,5104,5104,-1,cpu,1,2.14.1+cu130,,
nn_linear,[],linear,1,10,6,1.0,1000,800,0.8666666666666667,0.6233701535030793,0.0045484863235674,7.924544800000149,7.578125,-3809280,178,178,1424,712,-1,cpu,1,2.14.1+cu130,98.7,0.2
nn_32_relu,[32],ReLU,1,10,6,1.0,1000,800,0.8666666666666667,0.1590783383051032,0.003833703984728,14.00685479999811,13.453125,-1671168,3508,3508,28064,14032,-1,cpu,1,2.14.1+cu130,111.1,0.2
mle,,,1,10,6,1.0,1400,1400,0.8666666666666667,0.8750435637494626,0.0344574696342878,0.0857494999945629,0.09375,4096,638,319,5104,5104,-1,cpu,1,2.14.1+cu130,,
nn_linear,[],linear,1,10,6,1.0,1400,1120,0.8666666666666667,0.5903238991542566,0.0046406041279732,14.446120199994766,13.828125,-4059136,178,178,1424,712,-1,cpu,1,2.14.1+cu130,127.2,0.2
nn_32_relu,[32],ReLU,1,10,6,1.0,1400,1120,0.8666666666666667,0.117340157140223,0.0024808739382522,14.390420099996843,13.578125,-2023424,3508,3508,28064,14032,-1,cpu,1,2.14.1+cu130,81.4,0.0
mle,,,1,10,6,0.5,600,600,0.8666666666666667,0.8426058038055838,0.0293319929407518,0.0823433000041404,0.078125,0,638,319,5104,5104,-1,cpu,1,2.14.1+cu130,,
nn_linear,[],linear,1,10,6,0.5,600,480,0.8666666666666667,0.8170527833519402,0.0080318530520945,10.335513099998934,9.6875,-7327744,178,178,1424,712,-1,cpu,1,2.14.1+cu130,188.6,0.7
nn_32_relu,[32],ReLU,1,10,6,0.5,600,480,0.8666666666666667,0.2298582162205245,0.009478878873611,11.158204499995918,10.171875,-3407872,3508,3508,28064,14032,-1,cpu,1,2.14.1+cu130,132.7,0.4
mle,,,1,10,6,0.5,1000,1000,0.8666666666666667,0.5841409272080269,0.0178487544638596,0.0835590999922715,0.078125,4096,638,319,5104,5104,-1,cpu,1,2.14.1+cu130,,
nn_linear,[],linear,1,10,6,0.5,1000,800,0.8666666666666667,0.7608105516139257,0.0089298482186347,16.39848059999349,15.65625,-4603904,178,178,1424,712,-1,cpu,1,2.14.1+cu130,200.0,1.0
nn_32_relu,[32],ReLU,1,10,6,0.5,1000,800,0.8666666666666667,0.1415491987583234,0.0061877131726898,17.716930400012643,17.21875,-2031616,3508,3508,28064,14032,-1,cpu,1,2.14.1+cu130,142.4,0.4
mle,,,1,10,6,0.5,1400,1400,0.8666666666666667,0.3529791703992166,0.0152839215738612,0.0828547999990405,0.09375,4096,638,319,5104,5104,-1,cpu,1,2.14.1+cu130,,
nn_linear,[],linear,1,10,6,0.5,1400,1120,0.8666666666666667,0.7267402808023685,0.0082700898980803,19.483698500000173,18.8125,-5144576,178,178,1424,712,-1,cpu,1,2.14.1+cu130,175.6,0.6
nn_32_relu,[32],ReLU,1,10,6,0.5,1400,1120,0.8666666666666667,0.0744272444827204,0.0027839773134673,21.903018800003338,20.671875,-2437120,3508,3508,28064,14032,-1,cpu,1,2.14.1+cu130,122.3,0.1
mle,,,3,10,6,0.5,600,600,0.8666666666666667,1.1728626646649718,0.037474025945557,0.0822193999920273,0.078125,0,638,319,5104,5104,-1,cpu,1,2.14.1+cu130,,
nn_linear,[],linear,3,10,6,0.5,600,480,0.8666666666666667,0.9478387590363572,0.0065105369148337,8.543087099998957,8.09375,-7520256,178,178,1424,712,-1,cpu,1,2.14.1+cu130,166.8,0.5
nn_32_relu,[32],ReLU,3,10,6,0.5,600,480,0.8666666666666667,0.195516588046078,0.003695683109278,10.459659200001624,9.796875,-2940928,3508,3508,28064,14032,-1,cpu,1,2.14.1+cu130,131.0,0.1
mle,,,3,10,6,0.5,1000,1000,0.8666666666666667,0.7565499869369473,0.0349369722252038,0.0834308000048622,0.078125,4096,638,319,5104,5104,-1,cpu,1,2.14.1+cu130,,
nn_linear,[],linear,3,10,6,0.5,1000,800,0.8666666666666667,0.910644901187397,0.006814082329877,13.181211300005089,12.421875,-6389760,178,178,1424,712,-1,cpu,1,2.14.1+cu130,156.9,0.6
nn_32_relu,[32],ReLU,3,10,6,0.5,1000,800,0.8666666666666667,0.1250737907782479,0.003466475322625,18.33326950001356,17.9375,-2039808,3508,3508,28064,14032,-1,cpu,1,2.14.1+cu130,149.1,0.3
mle,,,3,10,6,0.5,1400,1400,0.8666666666666667,0.6384251812204056,0.0327070948999823,0.0846799999999348,0.078125,4096,638,319,5104,5104,-1,cpu,1,2.14.1+cu130,,
nn_linear,[],linear,3,10,6,0.5,1400,1120,0.8666666666666667,0.8540440875915094,0.0068826077520158,18.34948990000703,17.71875,-3710976,178,178,1424,712,-1,cpu,1,2.14.1+cu130,165.6,0.4
nn_32_relu,[32],ReLU,3,10,6,0.5,1400,1120,0.8666666666666667,0.1129500996081943,0.0038854888300876,20.37379589999909,18.625,-2338816,3508,3508,28064,14032,-1,cpu,1,2.14.1+cu130,109.5,0.2
mle,,,4,10,6,0.5,600,600,0.8666666666666667,1.3026291412648148,0.0358976347195415,0.0858446999918669,0.078125,0,638,319,5104,5104,-1,cpu,1,2.14.1+cu130,,
nn_linear,[],linear,4,10,6,0.5,600,480,0.8666666666666667,0.563690506616655,0.0091083492556194,9.796229700004917,9.28125,-6979584,178,178,1424,712,-1,cpu,1,2.14.1+cu130,188.0,0.7
nn_32_relu,[32],ReLU,4,10,6,0.5,600,480,0.8666666666666667,0.2441808143857756,0.0062002797461253,9.11657670000568,8.375,-2334720,3508,3508,28064,14032,-1,cpu,1,2.14.1+cu130,111.7,0.3
mle,,,4,10,6,0.5,1000,1000,0.8666666666666667,0.836785035911168,0.0295280852651201,0.0909662000049138,0.078125,0,638,319,5104,5104,-1,cpu,1,2.14.1+cu130,,
nn_linear,[],linear,4,10,6,0.5,1000,800,0.8666666666666667,0.5303119752905237,0.0086261264707001,12.3986189999996,11.65625,-4333568,178,178,1424,712,-1,cpu,1,2.14.1+cu130,146.7,0.5
nn_32_relu,[32],ReLU,4,10,6,0.5,1000,800,0.8666666666666667,0.1185529745228748,0.0044036311122017,15.273757899994962,14.375,-2592768,3508,3508,28064,14032,-1,cpu,1,2.14.1+cu130,120.5,0.2
mle,,,4,10,6,0.5,1400,1400,0.8666666666666667,0.6287917834140786,0.0290569225722625,0.0872630000085337,0.078125,4096,638,319,5104,5104,-1,cpu,1,2.14.1+cu130,,
nn_linear,[],linear,4,10,6,0.5,1400,1120,0.8666666666666667,0.5069905309274162,0.009011216720686,18.76972769999702,17.265625,-3497984,178,178,1424,712,-1,cpu,1,2.14.1+cu130,159.0,0.4
nn_32_relu,[32],ReLU,4,10,6,0.5,1400,1120,0.8666666666666667,0.1129902246522994,0.004283826410363,22.94036040001083,21.09375,-1994752,3508,3508,28064,14032,-1,cpu,1,2.14.1+cu130,122.2,0.3
mle,,,2,10,6,1.0,600,600,0.8666666666666667,2.019212599132657,0.0452667723655565,0.08191499998793,0.078125,12288,638,319,5104,5104,-1,cpu,1,2.14.1+cu130,,
nn_linear,[],linear,2,10,6,1.0,600,480,0.8666666666666667,0.8709172219955368,0.0056934785271504,6.102043500010041,5.6875,-6361088,178,178,1424,712,-1,cpu,1,2.14.1+cu130,115.5,0.3
nn_32_relu,[32],ReLU,2,10,6,1.0,600,480,0.8666666666666667,0.2885778792293047,0.0039667945862949,11.77098549999937,10.921875,-3772416,3508,3508,28064,14032,-1,cpu,1,2.14.1+cu130,144.1,0.3
mle,,,2,10,6,1.0,1000,1000,0.8666666666666667,1.0469311966615695,0.0304588774248724,0.0838468000001739,0.078125,4096,638,319,5104,5104,-1,cpu,1,2.14.1+cu130,,
nn_linear,[],linear,2,10,6,1.0,1000,800,0.8666666666666667,0.818945554165745,0.0054066684952681,9.352212300000248,8.78125,-6696960,178,178,1424,712,-1,cpu,1,2.14.1+cu130,111.0,0.2
nn_32_relu,[32],ReLU,2,10,6,1.0,1000,800,0.8666666666666667,0.1951020634771007,0.0027900361724097,14.648392199989758,13.4375,-2281472,3508,3508,28064,14032,-1,cpu,1,2.14.1+cu130,110.6,0.1
mle,,,2,10,6,1.0,1400,1400,0.8666666666666667,0.8711643679246599,0.0286660321631705,0.0824124999926425,0.09375,8192,638,319,5104,5104,-1,cpu,1,2.14.1+cu130,,
nn_linear,[],linear,2,10,6,1.0,1400,1120,0.8666666666666667,0.816826148015033,0.0051960547198393,11.531464400002733,10.390625,-4202496,178,178,1424,712,-1,cpu,1,2.14.1+cu130,95.7,0.0
nn_32_relu,[32],ReLU,2,10,6,1.0,1400,1120,0.8666666666666667,0.1685055630985292,0.0027020582200593,19.69251819999772,17.859375,-2564096,3508,3508,28064,14032,-1,cpu,1,2.14.1+cu130,105.6,0.2
mle,,,5,10,6,0.5,600,600,0.8666666666666667,1.0111357019531486,0.0353201786926054,0.0939893000031588,0.09375,8192,638,319,5104,5104,-1,cpu,1,2.14.1+cu130,,
nn_linear,[],linear,5,10,6,0.5,600,480,0.8666666666666667,0.8736018794302405,0.0091529536096305,9.369253500000925,9.03125,-8617984,178,178,1424,712,-1,cpu,1,2.14.1+cu130,182.7,0.7
nn_32_relu,[32],ReLU,5,10,6,0.5,600,480,0.8666666666666667,0.2590547118512057,0.0062294156914384,9.533668300005957,8.78125,-2392064,3508,3508,28064,14032,-1,cpu,1,2.14.1+cu130,116.8,0.1
mle,,,5,10,6,0.5,1000,1000,0.8666666666666667,0.8303954179878786,0.0309288827220647,0.0850217000115662,0.09375,4096,638,319,5104,5104,-1,cpu,1,2.14.1+cu130,,
nn_linear,[],linear,5,10,6,0.5,1000,800,0.8666666666666667,0.7660006770514531,0.0104800169767001,12.623112400004176,12.203125,-4423680,178,178,1424,712,-1,cpu,1,2.14.1+cu130,157.8,0.4
nn_32_relu,[32],ReLU,5,10,6,0.5,1000,800,0.8666666666666667,0.1677215588435906,0.006432406799074,19.33349350000208,18.421875,-1191936,3508,3508,28064,14032,-1,cpu,1,2.14.1+cu130,150.8,0.3
mle,,,5,10,6,0.5,1400,1400,0.8666666666666667,0.6813077648439528,0.0253448109917423,0.1038963000028161,0.109375,0,638,319,5104,5104,-1,cpu,1,2.14.1+cu130,,
nn_linear,[],linear,5,10,6,0.5,1400,1120,0.8666666666666667,0.741682976210035,0.0097114623193988,17.64752810000209,16.34375,-3608576,178,178,1424,712,-1,cpu,1,2.14.1+cu130,152.3,0.6
nn_32_relu,[32],ReLU,5,10,6,0.5,1400,1120,0.8666666666666667,0.1317437627171662,0.0049115268410626,22.71979800000554,21.03125,-2080768,3508,3508,28064,14032,-1,cpu,1,2.14.1+cu130,123.7,0.3
mle,,,3,10,6,1.0,600,600,0.8666666666666667,2.315572618029651,0.0598251606305362,0.0913793000072473,0.0625,8192,638,319,5104,5104,-1,cpu,1,2.14.1+cu130,,
nn_linear,[],linear,3,10,6,1.0,600,480,0.8666666666666667,0.8769318993702618,0.0055461000069698,7.860997600000701,7.140625,-5824512,178,178,1424,712,-1,cpu,1,2.14.1+cu130,146.7,0.2
nn_32_relu,[32],ReLU,3,10,6,1.0,600,480,0.8666666666666667,0.3540240549744852,0.0061520015622583,9.042539499991108,8.359375,-2543616,3508,3508,28064,14032,-1,cpu,1,2.14.1+cu130,111.0,0.1
mle,,,3,10,6,1.0,1000,1000,0.8666666666666667,1.3744794827565134,0.0473588051179308,0.0832078000094043,0.078125,4096,638,319,5104,5104,-1,cpu,1,2.14.1+cu130,,
nn_linear,[],linear,3,10,6,1.0,1000,800,0.8666666666666667,0.8502101983020166,0.0054305278116243,8.965293200002634,8.5625,-5656576,178,178,1424,712,-1,cpu,1,2.14.1+cu130,108.8,0.2
nn_32_relu,[32],ReLU,3,10,6,1.0,1000,800,0.8666666666666667,0.2078614346435017,0.0037231252485668,17.696416500009946,16.78125,-2007040,3508,3508,28064,14032,-1,cpu,1,2.14.1+cu130,137.8,0.4
mle,,,3,10,6,1.0,1400,1400,0.8666666666666667,0.9223796917666705,0.0387307911696533,0.0821422000008169,0.078125,40960,638,319,5104,5104,-1,cpu,1,2.14.1+cu130,,
nn_linear,[],linear,3,10,6,1.0,1400,1120,0.8666666666666667,0.8167501187376552,0.0056715445360761,11.58002249999845,10.671875,-2953216,178,178,1424,712,-1,cpu,1,2.14.1+cu130,100.3,0.0
nn_32_relu,[32],ReLU,3,10,6,1.0,1400,1120,0.8666666666666667,0.1915474237130425,0.0033971287307092,19.447048100002576,18.28125,-2048000,3508,3508,28064,14032,-1,cpu,1,2.14.1+cu130,109.8,0.2
mle,,,4,10,6,1.0,600,600,0.8666666666666667,2.0412405509069367,0.0584353008344691,0.0851925000024493,0.078125,12288,638,319,5104,5104,-1,cpu,1,2.14.1+cu130,,
nn_linear,[],linear,4,10,6,1.0,600,480,0.8666666666666667,0.7401464049877547,0.0045338116886867,6.814009900001111,6.3125,-6389760,178,178,1424,712,-1,cpu,1,2.14.1+cu130,129.5,0.3
nn_32_relu,[32],ReLU,4,10,6,1.0,600,480,0.8666666666666667,0.2481558671054719,0.0040378452101093,6.843538999994053,6.125,-2592768,3508,3508,28064,14032,-1,cpu,1,2.14.1+cu130,82.4,0.0
mle,,,4,10,6,1.0,1000,1000,0.8666666666666667,1.489515461720699,0.0512337919741907,0.0874433999997563,0.078125,4096,638,319,5104,5104,-1,cpu,1,2.14.1+cu130,,
nn_linear,[],linear,4,10,6,1.0,1000,800,0.8666666666666667,0.6941858465263223,0.004384312426855,11.360313799988944,10.65625,-5521408,178,178,1424,712,-1,cpu,1,2.14.1+cu130,134.9,0.3
nn_32_relu,[32],ReLU,4,10,6,1.0,1000,800,0.8666666666666667,0.1499354795546681,0.0033739844562181,15.658714699995471,14.40625,-1634304,3508,3508,28064,14032,-1,cpu,1,2.14.1+cu130,118.1,0.2
mle,,,4,10,6,1.0,1400,1400,0.8666666666666667,1.2666350989190118,0.0473625846307202,0.0865272999944863,0.078125,0,638,319,5104,5104,-1,cpu,1,2.14.1+cu130,,
nn_linear,[],linear,4,10,6,1.0,1400,1120,0.8666666666666667,0.6779977391069347,0.0042476738155147,14.214825599992764,13.296875,-4808704,178,178,1424,712,-1,cpu,1,2.14.1+cu130,122.7,0.2
nn_32_relu,[32],ReLU,4,10,6,1.0,1400,1120,0.8666666666666667,0.1545200690222059,0.0033637069019481,16.03784099999757,14.765625,-2064384,3508,3508,28064,14032,-1,cpu,1,2.14.1+cu130,88.0,0.1
mle,,,5,10,6,1.0,600,600,0.8666666666666667,2.3167832096955405,0.0593180046338233,0.0881723999918904,0.078125,4096,638,319,5104,5104,-1,cpu,1,2.14.1+cu130,,
nn_linear,[],linear,5,10,6,1.0,600,480,0.8666666666666667,0.8473955913966169,0.0060387071531492,7.835495699997409,7.359375,-6299648,178,178,1424,712,-1,cpu,1,2.14.1+cu130,146.6,0.6
nn_32_relu,[32],ReLU,5,10,6,1.0,600,480,0.8666666666666667,0.2678940357561443,0.0043234672546687,10.947164799988968,10.375,-2580480,3508,3508,28064,14032,-1,cpu,1,2.14.1+cu130,137.7,0.3
mle,,,5,10,6,1.0,1000,1000,0.8666666666666667,1.1317011977819202,0.0448048288397052,0.0946603000047616,0.078125,0,638,319,5104,5104,-1,cpu,1,2.14.1+cu130,,
nn_linear,[],linear,5,10,6,1.0,1000,800,0.8666666666666667,0.7833749519931804,0.0068436520652039,12.869093400004203,11.84375,-4440064,178,178,1424,712,-1,cpu,1,2.14.1+cu130,152.2,0.5
nn_32_relu,[32],ReLU,5,10,6,1.0,1000,800,0.8666666666666667,0.2640425841800695,0.003738277614102,14.2280591000017,13.765625,-2068480,3508,3508,28064,14032,-1,cpu,1,2.14.1+cu130,114.0,0.2
mle,,,5,10,6,1.0,1400,1400,0.8666666666666667,0.6960161920529135,0.0270958719388021,0.0826150999928359,0.09375,4096,638,319,5104,5104,-1,cpu,1,2.14.1+cu130,,
nn_linear,[],linear,5,10,6,1.0,1400,1120,0.8666666666666667,0.7394551711424711,0.0073108247976088,14.54728129999421,13.984375,-4583424,178,178,1424,712,-1,cpu,1,2.14.1+cu130,131.3,0.4
nn_32_relu,[32],ReLU,5,10,6,1.0,1400,1120,0.8666666666666667,0.1537999671698675,0.0030425980025287,19.333935200003907,18.09375,-2629632,3508,3508,28064,14032,-1,cpu,1,2.14.1+cu130,108.0,0.0
mle,,,1,10,4,0.1,600,600,0.6666666666666666,0.166917312868408,0.0141542349784065,0.0923149000009289,0.0625,0,222,111,1776,1776,-1,cpu,1,2.14.1+cu130,,
nn_linear,[],linear,1,10,4,0.1,600,480,0.6666666666666666,0.2928338140063606,0.0055885332961113,10.24658529998851,9.359375,-6533120,142,142,1136,568,-1,cpu,1,2.14.1+cu130,191.3,0.8
nn_32_relu,[32],ReLU,1,10,4,0.1,600,480,0.6666666666666666,0.0506185238765306,0.0012412132553303,9.951728200001526,8.828125,-1978368,2932,2932,23456,11728,-1,cpu,1,2.14.1+cu130,117.3,0.2
mle,,,1,10,4,0.1,1000,1000,0.6666666666666666,0.0414119587247427,0.0020913169429374,0.0744512999954167,0.0625,0,222,111,1776,1776,-1,cpu,1,2.14.1+cu130,,
nn_linear,[],linear,1,10,4,0.1,1000,800,0.6666666666666666,0.1918040606070306,0.0051297610537275,16.383969800008344,15.015625,-3993600,142,142,1136,568,-1,cpu,1,2.14.1+cu130,189.9,0.9
nn_32_relu,[32],ReLU,1,10,4,0.1,1000,800,0.6666666666666666,0.041057507929206,0.0021796392594213,15.726335500003188,15.328125,-1503232,2932,2932,23456,11728,-1,cpu,1,2.14.1+cu130,126.2,0.3
mle,,,1,10,4,0.1,1400,1400,0.6666666666666666,0.0201739591196718,0.0021990174230437,0.0746772999991662,0.078125,0,222,111,1776,1776,-1,cpu,1,2.14.1+cu130,,
nn_linear,[],linear,1,10,4,0.1,1400,1120,0.6666666666666666,0.0957541833825404,0.0049083862832805,21.11272219999228,19.953125,-4173824,142,142,1136,568,-1,cpu,1,2.14.1+cu130,184.6,0.9
nn_32_relu,[32],ReLU,1,10,4,0.1,1400,1120,0.6666666666666666,0.0114014401042561,0.0006074561434944,22.16242309998779,20.921875,-1642496,2932,2932,23456,11728,-1,cpu,1,2.14.1+cu130,126.5,0.3
mle,,,1,10,4,0.5,600,600,0.6666666666666666,0.8441522459413571,0.0261151506910173,0.0768005999998422,0.078125,0,222,111,1776,1776,-1,cpu,1,2.14.1+cu130,,
nn_linear,[],linear,1,10,4,0.5,600,480,0.6666666666666666,1.061652479509694,0.009809489627813,7.353391199998441,6.984375,-6692864,142,142,1136,568,-1,cpu,1,2.14.1+cu130,141.2,0.3
nn_32_relu,[32],ReLU,1,10,4,0.5,600,480,0.6666666666666666,0.1991055632849869,0.0065055708667792,8.64330459998746,8.078125,-1806336,2932,2932,23456,11728,-1,cpu,1,2.14.1+cu130,110.3,0.2
mle,,,1,10,4,0.5,1000,1000,0.6666666666666666,0.2533444720977148,0.007667289992343,0.0753185000066878,0.078125,0,222,111,1776,1776,-1,cpu,1,2.14.1+cu130,,
nn_linear,[],linear,1,10,4,0.5,1000,800,0.6666666666666666,1.0099044784451128,0.0107558187356881,13.761711200000718,13.453125,-4558848,142,142,1136,568,-1,cpu,1,2.14.1+cu130,171.2,0.6
nn_32_relu,[32],ReLU,1,10,4,0.5,1000,800,0.6666666666666666,0.0801658417919611,0.0023580263095234,13.866460899997035,13.015625,-1523712,2932,2932,23456,11728,-1,cpu,1,2.14.1+cu130,109.7,0.2
mle,,,1,10,4,0.5,1400,1400,0.6666666666666666,0.2034805231988544,0.0071251012335434,0.0766919000016059,0.078125,0,222,111,1776,1776,-1,cpu,1,2.14.1+cu130,,
nn_linear,[],linear,1,10,4,0.5,1400,1120,0.6666666666666666,1.002272509213828,0.0108647977119914,13.651500599997236,13.015625,-4141056,142,142,1136,568,-1,cpu,1,2.14.1+cu130,120.2,0.2
nn_32_relu,[32],ReLU,1,10,4,0.5,1400,1120,0.6666666666666666,0.0545631243857362,0.0015539760850049,20.225316299998667,18.78125,-1548288,2932,2932,23456,11728,-1,cpu,1,2.14.1+cu130,111.5,0.1
mle,,,3,10,4,0.5,600,600,0.6666666666666666,0.349879449630858,0.0181272013208246,0.0716034999932162,0.078125,0,222,111,1776,1776,-1,cpu,1,2.14.1+cu130,,
nn_linear,[],linear,3,10,4,0.5,600,480,0.6666666666666666,0.8932781259257805,0.0065573999353907,8.047638200005167,7.25,-6156288,142,142,1136,568,-1,cpu,1,2.14.1+cu130,144.7,0.6
nn_32_relu,[32],ReLU,3,10,4,0.5,600,480,0.6666666666666666,0.0987163034667397,0.0023082714360025,11.213025699995342,10.609375,-2195456,2932,2932,23456,11728,-1,cpu,1,2.14.1+cu130,139.9,0.2
mle,,,3,10,4,0.5,1000,1000,0.6666666666666666,0.2216515644189924,0.0137299285327521,0.0777077999955508,0.078125,0,222,111,1776,1776,-1,cpu,1,2.14.1+cu130,,
nn_linear,[],linear,3,10,4,0.5,1000,800,0.6666666666666666,0.8118942043161405,0.0073457512223975,12.015040400001451,11.421875,-5193728,142,142,1136,568,-1,cpu,1,2.14.1+cu130,142.9,0.2
nn_32_relu,[32],ReLU,3,10,4,0.5,1000,800,0.6666666666666666,0.0794196904026101,0.002055850460275,13.235219599999256,11.859375,-2138112,2932,2932,23456,11728,-1,cpu,1,2.14.1+cu130,98.6,0.1
mle,,,3,10,4,0.5,1400,1400,0.6666666666666666,0.1947999457993312,0.0131173338746115,0.0924211999954423,0.078125,0,222,111,1776,1776,-1,cpu,1,2.14.1+cu130,,
nn_linear,[],linear,3,10,4,0.5,1400,1120,0.6666666666666666,0.8090340194809842,0.007346216582563,17.248237199994037,15.984375,-4694016,142,142,1136,568,-1,cpu,1,2.14.1+cu130,147.0,0.5
nn_32_relu,[32],ReLU,3,10,4,0.5,1400,1120,0.6666666666666666,0.0392141196389552,0.0013073993801436,18.042831099999603,16.75,-1609728,2932,2932,23456,11728,-1,cpu,1,2.14.1+cu130,100.3,0.0
mle,,,2,10,4,0.5,600,600,0.6666666666666666,0.3032506593932485,0.0117376091936805,0.0790106999920681,0.078125,8192,222,111,1776,1776,-1,cpu,1,2.14.1+cu130,,
nn_linear,[],linear,2,10,4,0.5,600,480,0.6666666666666666,0.7470894266730953,0.0066220743330398,8.508583100003307,7.75,-6885376,142,142,1136,568,-1,cpu,1,2.14.1+cu130,155.2,0.6
nn_32_relu,[32],ReLU,2,10,4,0.5,600,480,0.6666666666666666,0.1267233807042248,0.0027886762991139,9.997890300001018,9.390625,-1613824,2932,2932,23456,11728,-1,cpu,1,2.14.1+cu130,126.8,0.2
mle,,,2,10,4,0.5,1000,1000,0.6666666666666666,0.1569054781312803,0.0067844847972246,0.0734837999916635,0.0625,0,222,111,1776,1776,-1,cpu,1,2.14.1+cu130,,
nn_linear,[],linear,2,10,4,0.5,1000,800,0.6666666666666666,0.6821413536104132,0.0063234218714755,14.414033199995174,13.6875,-4808704,142,142,1136,568,-1,cpu,1,2.14.1+cu130,176.1,0.6
nn_32_relu,[32],ReLU,2,10,4,0.5,1000,800,0.6666666666666666,0.1025367229961219,0.0020404159254544,12.01738629999454,11.515625,-1486848,2932,2932,23456,11728,-1,cpu,1,2.14.1+cu130,94.3,0.0
mle,,,2,10,4,0.5,1400,1400,0.6666666666666666,0.1009663793520078,0.0066948219054818,0.0759637000010116,0.0625,0,222,111,1776,1776,-1,cpu,1,2.14.1+cu130,,
nn_linear,[],linear,2,10,4,0.5,1400,1120,0.6666666666666666,0.6552771615824308,0.0064124614612357,16.786025499997777,16.140625,-4747264,142,142,1136,568,-1,cpu,1,2.14.1+cu130,149.7,0.4
nn_32_relu,[32],ReLU,2,10,4,0.5,1400,1120,0.6666666666666666,0.054605784344398,0.002227487768777,20.886792399993283,20.0625,-1257472,2932,2932,23456,11728,-1,cpu,1,2.14.1+cu130,120.6,0.1
mle,,,4,10,4,0.1,600,600,0.6666666666666666,0.0248876862185909,0.0010295621366362,0.0817849000013666,0.0625,0,222,111,1776,1776,-1,cpu,1,2.14.1+cu130,,
nn_linear,[],linear,4,10,4,0.1,600,480,0.6666666666666666,0.1476845017977986,0.0030976864650549,9.902179400000025,9.515625,-8200192,142,142,1136,568,-1,cpu,1,2.14.1+cu130,189.9,0.9
nn_32_relu,[32],ReLU,4,10,4,0.1,600,480,0.6666666666666666,0.0280842909932926,0.0061556795139203,11.007995399995709,10.046875,-2265088,2932,2932,23456,11728,-1,cpu,1,2.14.1+cu130,134.1,0.3
mle,,,4,10,4,0.1,1000,1000,0.6666666666666666,0.0222448660948463,0.0061371022386405,0.0714295999932801,0.078125,0,222,111,1776,1776,-1,cpu,1,2.14.1+cu130,,
nn_linear,[],linear,4,10,4,0.1,1000,800,0.6666666666666666,0.1251547760638369,0.0014726764914597,15.934465799989994,15.140625,-5885952,142,142,1136,568,-1,cpu,1,2.14.1+cu130,189.1,0.9
nn_32_relu,[32],ReLU,4,10,4,0.1,1000,800,0.6666666666666666,0.0090877923893127,0.0010102791244132,18.06538250000449,16.515625,-1630208,2932,2932,23456,11728,-1,cpu,1,2.14.1+cu130,136.3,0.4
mle,,,4,10,4,0.1,1400,1400,0.6666666666666666,0.0232292138707147,0.0061371268633815,0.081227199989371,0.078125,4096,222,111,1776,1776,-1,cpu,1,2.14.1+cu130,,
nn_linear,[],linear,4,10,4,0.1,1400,1120,0.6666666666666666,0.0579629729189925,0.001328277282228,21.037476600002265,19.609375,-4222976,142,142,1136,568,-1,cpu,1,2.14.1+cu130,182.7,0.7
nn_32_relu,[32],ReLU,4,10,4,0.1,1400,1120,0.6666666666666666,0.0057116084053371,0.0005206891608834,19.66295660000469,18.953125,-1560576,2932,2932,23456,11728,-1,cpu,1,2.14.1+cu130,112.7,0.2
mle,,,4,10,4,0.5,600,600,0.6666666666666666,0.4564809490226071,0.0219951761011514,0.0739554000028874,0.078125,0,222,111,1776,1776,-1,cpu,1,2.14.1+cu130,,
nn_linear,[],linear,4,10,4,0.5,600,480,0.6666666666666666,0.8094076174474618,0.0069914246574027,8.952504200002295,8.1875,-6025216,142,142,1136,568,-1,cpu,1,2.14.1+cu130,166.7,0.7
nn_32_relu,[32],ReLU,4,10,4,0.5,600,480,0.6666666666666666,0.129493671085488,0.0042012536680029,8.428129799998715,8.046875,-2129920,2932,2932,23456,11728,-1,cpu,1,2.14.1+cu130,104.5,0.1
mle,,,4,10,4,0.5,1000,1000,0.6666666666666666,0.2545342450818903,0.0188140341144316,0.0738300000084564,0.078125,0,222,111,1776,1776,-1,cpu,1,2.14.1+cu130,,
nn_linear,[],linear,4,10,4,0.5,1000,800,0.6666666666666666,0.8332711443380518,0.0067787632118188,12.50766289999592,11.8125,-3985408,142,142,1136,568,-1,cpu,1,2.14.1+cu130,150.7,0.4
nn_32_relu,[32],ReLU,4,10,4,0.5,1000,800,0.6666666666666666,0.0993619012322767,0.0040039022750747,15.293161399997189,14.28125,-1503232,2932,2932,23456,11728,-1,cpu,1,2.14.1+cu130,116.4,0.1
mle,,,4,10,4,0.5,1400,1400,0.6666666666666666,0.1906030518626271,0.0157776794621613,0.0746765000076266,0.078125,0,222,111,1776,1776,-1,cpu,1,2.14.1+cu130,,
nn_linear,[],linear,4,10,4,0.5,1400,1120,0.6666666666666666,0.7453119803587346,0.0067773006207864,16.66743889999634,15.890625,-3334144,142,142,1136,568,-1,cpu,1,2.14.1+cu130,147.6,0.3
nn_32_relu,[32],ReLU,4,10,4,0.5,1400,1120,0.6666666666666666,0.0646661084233029,0.0043208082079352,19.79819660000794,18.953125,-1540096,2932,2932,23456,11728,-1,cpu,1,2.14.1+cu130,113.1,0.0
mle,,,3,10,4,0.1,600,600,0.6666666666666666,0.1225814276608988,0.0067821848389389,0.0768079999979818,0.078125,0,222,111,1776,1776,-1,cpu,1,2.14.1+cu130,,
nn_linear,[],linear,3,10,4,0.1,600,480,0.6666666666666666,0.2139702813001268,0.0050082190985564,10.402128200003062,9.96875,-6365184,142,142,1136,568,-1,cpu,1,2.14.1+cu130,200.0,1.0
nn_32_relu,[32],ReLU,3,10,4,0.1,600,480,0.6666666666666666,0.0308254998474517,0.0022924951778101,14.19422749998921,13.453125,-1683456,2932,2932,23456,11728,-1,cpu,1,2.14.1+cu130,177.1,0.6
mle,,,3,10,4,0.1,1000,1000,0.6666666666666666,0.0787819544107755,0.0052285300002289,0.0756527999910758,0.0625,0,222,111,1776,1776,-1,cpu,1,2.14.1+cu130,,
nn_linear,[],linear,3,10,4,0.1,1000,800,0.6666666666666666,0.1505393257577264,0.0040572429559263,15.44389979999687,14.296875,-2764800,142,142,1136,568,-1,cpu,1,2.14.1+cu130,183.9,0.8
nn_32_relu,[32],ReLU,3,10,4,0.1,1000,800,0.6666666666666666,0.0377377603428644,0.001980415016638,19.58873259999382,17.890625,-1425408,2932,2932,23456,11728,-1,cpu,1,2.14.1+cu130,145.3,0.4
mle,,,3,10,4,0.1,1400,1400,0.6666666666666666,0.0395405955635098,0.0021695800515603,0.0701085999899078,0.078125,0,222,111,1776,1776,-1,cpu,1,2.14.1+cu130,,
nn_linear,[],linear,3,10,4,0.1,1400,1120,0.6666666666666666,0.1051189021993009,0.0018915466869367,23.062822200008668,21.6875,-4444160,142,142,1136,568,-1,cpu,1,2.14.1+cu130,200.0,1.0
nn_32_relu,[32],ReLU,3,10,4,0.1,1400,1120,0.6666666666666666,0.0091428470980633,0.000625615836168,20.776962999996613,18.828125,-1716224,2932,2932,23456,11728,-1,cpu,1,2.14.1+cu130,110.7,0.0
mle,,,2,10,4,0.1,600,600,0.6666666666666666,0.079016619742139,0.0014728172584357,0.072829200013075,0.078125,0,222,111,1776,1776,-1,cpu,1,2.14.1+cu130,,
nn_linear,[],linear,2,10,4,0.1,600,480,0.6666666666666666,0.4636053886243851,0.0042681350614122,9.958141200011596,9.390625,-7999488,142,142,1136,568,-1,cpu,1,2.14.1+cu130,189.7,0.9
nn_32_relu,[32],ReLU,2,10,4,0.1,600,480,0.6666666666666666,0.043569834263412,0.0028860790119907,12.419021999987308,11.71875,-1671168,2932,2932,23456,11728,-1,cpu,1,2.14.1+cu130,152.4,0.6
mle,,,2,10,4,0.1,1000,1000,0.6666666666666666,0.0770682789606958,0.001388307161855,0.074893000011798,0.078125,0,222,111,1776,1776,-1,cpu,1,2.14.1+cu130,,
nn_linear,[],linear,2,10,4,0.1,1000,800,0.6666666666666666,0.2225448849463545,0.0044255067452457,17.146910099996603,15.859375,-6656000,142,142,1136,568,-1,cpu,1,2.14.1+cu130,200.0,1.0
nn_32_relu,[32],ReLU,2,10,4,0.1,1000,800,0.6666666666666666,0.0407317684723289,0.0037729081847157,16.99776660000498,15.953125,-1609728,2932,2932,23456,11728,-1,cpu,1,2.14.1+cu130,130.5,0.3
mle,,,2,10,4,0.1,1400,1400,0.6666666666666666,0.0759291470908492,0.0013814852317551,0.0775135000003501,0.078125,0,222,111,1776,1776,-1,cpu,1,2.14.1+cu130,,
nn_linear,[],linear,2,10,4,0.1,1400,1120,0.6666666666666666,0.1231096070179377,0.0037886915925062,21.62663820000307,20.375,-3846144,142,142,1136,568,-1,cpu,1,2.14.1+cu130,186.2,0.9
nn_32_relu,[32],ReLU,2,10,4,0.1,1400,1120,0.6666666666666666,0.0143793348556119,0.0025319106819313,28.608631800001604,26.421875,-1597440,2932,2932,23456,11728,-1,cpu,1,2.14.1+cu130,154.9,0.3
mle,,,5,10,4,0.1,600,600,0.6666666666666666,0.2185285136727845,0.0067991527622499,0.0766632000013487,0.0625,4096,222,111,1776,1776,-1,cpu,1,2.14.1+cu130,,
nn_linear,[],linear,5,10,4,0.1,600,480,0.6666666666666666,0.8200434782137996,0.0102157627065829,9.550190800000564,8.703125,-6512640,142,142,1136,568,-1,cpu,1,2.14.1+cu130,173.9,0.8
nn_32_relu,[32],ReLU,5,10,4,0.1,600,480,0.6666666666666666,0.1081591539706399,0.0101090022287732,11.959347100011655,11.21875,-2531328,2932,2932,23456,11728,-1,cpu,1,2.14.1+cu130,149.1,0.5
mle,,,5,10,4,0.1,1000,1000,0.6666666666666666,0.1829519545862547,0.0065778336041642,0.0726494999980786,0.0625,4096,222,111,1776,1776,-1,cpu,1,2.14.1+cu130,,
nn_linear,[],linear,5,10,4,0.1,1000,800,0.6666666666666666,0.5715274127968327,0.0103879155052433,15.409882399995697,14.59375,-5378048,142,142,1136,568,-1,cpu,1,2.14.1+cu130,186.2,0.9
nn_32_relu,[32],ReLU,5,10,4,0.1,1000,800,0.6666666666666666,0.1119263683126877,0.0112497829489859,18.324565200004145,16.78125,-1753088,2932,2932,23456,11728,-1,cpu,1,2.14.1+cu130,137.7,0.4
mle,,,5,10,4,0.1,1400,1400,0.6666666666666666,0.0678625856315363,0.0063937259137262,0.0756878000102005,0.0625,8192,222,111,1776,1776,-1,cpu,1,2.14.1+cu130,,
nn_linear,[],linear,5,10,4,0.1,1400,1120,0.6666666666666666,0.4641358777843632,0.0101617042712349,20.701894199999515,19.140625,-5210112,142,142,1136,568,-1,cpu,1,2.14.1+cu130,174.8,0.8
nn_32_relu,[32],ReLU,5,10,4,0.1,1400,1120,0.6666666666666666,0.0301986425153389,0.0024949801846695,23.27773960000195,21.5,-1388544,2932,2932,23456,11728,-1,cpu,1,2.14.1+cu130,125.6,0.4
mle,,,5,10,4,0.5,600,600,0.6666666666666666,0.4190720561205083,0.0208152700245326,0.0839542000030633,0.078125,0,222,111,1776,1776,-1,cpu,1,2.14.1+cu130,,
nn_linear,[],linear,5,10,4,0.5,600,480,0.6666666666666666,1.3975605514600764,0.0103297075797554,8.779032399994321,8.359375,-4243456,142,142,1136,568,-1,cpu,1,2.14.1+cu130,166.0,0.4
nn_32_relu,[32],ReLU,5,10,4,0.5,600,480,0.6666666666666666,0.1498935930454412,0.0027413907529828,9.493803799996384,9.140625,-2338816,2932,2932,23456,11728,-1,cpu,1,2.14.1+cu130,121.7,0.0
mle,,,5,10,4,0.5,1000,1000,0.6666666666666666,0.2871527338020361,0.0094188982906467,0.0762876999942818,0.078125,0,222,111,1776,1776,-1,cpu,1,2.14.1+cu130,,
nn_linear,[],linear,5,10,4,0.5,1000,800,0.6666666666666666,1.3942560333972591,0.0107480727182107,10.363809300004505,9.734375,-5476352,142,142,1136,568,-1,cpu,1,2.14.1+cu130,125.1,0.1
nn_32_relu,[32],ReLU,5,10,4,0.5,1000,800,0.6666666666666666,0.1016543599681637,0.0020757008391373,14.061821199997212,13.640625,-1495040,2932,2932,23456,11728,-1,cpu,1,2.14.1+cu130,111.5,0.1
mle,,,5,10,4,0.5,1400,1400,0.6666666666666666,0.1814685252407813,0.0070513180411325,0.0769107000087387,0.078125,0,222,111,1776,1776,-1,cpu,1,2.14.1+cu130,,
nn_linear,[],linear,5,10,4,0.5,1400,1120,0.6666666666666666,1.3878705075200604,0.0112447382105054,10.814036900002977,10.046875,-3731456,142,142,1136,568,-1,cpu,1,2.14.1+cu130,92.8,0.0
nn_32_relu,[32],ReLU,5,10,4,0.5,1400,1120,0.6666666666666666,0.0681030803906482,0.0017769674881547,18.75070119999873,17.734375,-1388544,2932,2932,23456,11728,-1,cpu,1,2.14.1+cu130,105.8,0.1
mle,,,1,10,4,1.0,600,600,0.6666666666666666,0.600619962436738,0.0186596416663081,0.0863575000112177,0.0625,0,222,111,1776,1776,-1,cpu,1,2.14.1+cu130,,
nn_linear,[],linear,1,10,4,1.0,600,480,0.6666666666666666,0.6120560128752841,0.0058318323787276,7.913504500000272,7.65625,-7086080,142,142,1136,568,-1,cpu,1,2.14.1+cu130,154.0,0.3
nn_32_relu,[32],ReLU,1,10,4,1.0,600,480,0.6666666666666666,0.1345474624293784,0.0023746585400191,9.357632900006138,8.953125,-1892352,2932,2932,23456,11728,-1,cpu,1,2.14.1+cu130,119.6,0.2
mle,,,1,10,4,1.0,1000,1000,0.6666666666666666,0.1888433788307123,0.0093805890160842,0.0752928000001702,0.078125,0,222,111,1776,1776,-1,cpu,1,2.14.1+cu130,,
nn_linear,[],linear,1,10,4,1.0,1000,800,0.6666666666666666,0.5851777117503025,0.0056120028308611,11.93011889999616,11.53125,-3776512,142,142,1136,568,-1,cpu,1,2.14.1+cu130,145.8,0.2
nn_32_relu,[32],ReLU,1,10,4,1.0,1000,800,0.6666666666666666,0.0731507571570212,0.0014351016099047,13.969468600000257,13.046875,-1839104,2932,2932,23456,11728,-1,cpu,1,2.14.1+cu130,105.7,0.2
mle,,,1,10,4,1.0,1400,1400,0.6666666666666666,0.1130813641593654,0.0071092744598666,0.0761217000108445,0.0625,0,222,111,1776,1776,-1,cpu,1,2.14.1+cu130,,
nn_linear,[],linear,1,10,4,1.0,1400,1120,0.6666666666666666,0.5785689321656483,0.0055390467298737,13.402005900003132,12.78125,-3264512,142,142,1136,568,-1,cpu,1,2.14.1+cu130,117.7,0.2
nn_32_relu,[32],ReLU,1,10,4,1.0,1400,1120,0.6666666666666666,0.0568485887327177,0.0012010037724523,19.0038143999991,17.484375,-1687552,2932,2932,23456,11728,-1,cpu,1,2.14.1+cu130,104.7,0.1
mle,,,2,10,4,1.0,600,600,0.6666666666666666,0.3557648721489346,0.0109988170803258,0.0833960000018123,0.0625,0,222,111,1776,1776,-1,cpu,1,2.14.1+cu130,,
nn_linear,[],linear,2,10,4,1.0,600,480,0.6666666666666666,0.9050605544317628,0.0058081247718973,7.176800300003379,6.390625,-6787072,142,142,1136,568,-1,cpu,1,2.14.1+cu130,130.4,0.1
nn_32_relu,[32],ReLU,2,10,4,1.0,600,480,0.6666666666666666,0.1817072100086733,0.0025713570923737,8.661126399994828,8.09375,-1839104,2932,2932,23456,11728,-1,cpu,1,2.14.1+cu130,107.1,0.2
mle,,,2,10,4,1.0,1000,1000,0.6666666666666666,0.1267460497583941,0.0023348769675281,0.0826519999973243,0.078125,0,222,111,1776,1776,-1,cpu,1,2.14.1+cu130,,
nn_linear,[],linear,2,10,4,1.0,1000,800,0.6666666666666666,0.9068130465819794,0.005768416460208,9.385303100003512,8.921875,-5541888,142,142,1136,568,-1,cpu,1,2.14.1+cu130,112.1,0.1
nn_32_relu,[32],ReLU,2,10,4,1.0,1000,800,0.6666666666666666,0.1060463537482165,0.0016499503170767,14.815253900000243,13.71875,-1536000,2932,2932,23456,11728,-1,cpu,1,2.14.1+cu130,113.5,0.3
mle,,,2,10,4,1.0,1400,1400,0.6666666666666666,0.1089847735691671,0.0023201468531278,0.0801051000016741,0.078125,4096,222,111,1776,1776,-1,cpu,1,2.14.1+cu130,,
nn_linear,[],linear,2,10,4,1.0,1400,1120,0.6666666666666666,0.8806631956246667,0.005511849714039,10.1750475000008,9.65625,-3555328,142,142,1136,568,-1,cpu,1,2.14.1+cu130,89.8,0.0
nn_32_relu,[32],ReLU,2,10,4,1.0,1400,1120,0.6666666666666666,0.0704649962502841,0.0011102094867155,19.87747700000181,18.8125,-1634304,2932,2932,23456,11728,-1,cpu,1,2.14.1+cu130,113.2,0.1
mle,,,3,10,4,1.0,600,600,0.6666666666666666,0.6450788261220232,0.031475015086271,0.0816954000038094,0.0625,0,222,111,1776,1776,-1,cpu,1,2.14.1+cu130,,
nn_linear,[],linear,3,10,4,1.0,600,480,0.6666666666666666,0.7303480994446402,0.0028276934940393,6.615111300008721,6.125,-4472832,142,142,1136,568,-1,cpu,1,2.14.1+cu130,122.6,0.2
nn_32_relu,[32],ReLU,3,10,4,1.0,600,480,0.6666666666666666,0.1613687109310628,0.0026877376404333,7.352059299999382,6.4375,-1884160,2932,2932,23456,11728,-1,cpu,1,2.14.1+cu130,85.4,0.0
mle,,,3,10,4,1.0,1000,1000,0.6666666666666666,0.1539837024490595,0.0078198404746808,0.0850887999986298,0.078125,0,222,111,1776,1776,-1,cpu,1,2.14.1+cu130,,
nn_linear,[],linear,3,10,4,1.0,1000,800,0.6666666666666666,0.6266387934968374,0.0033041629125125,10.903160399990156,9.84375,-5189632,142,142,1136,568,-1,cpu,1,2.14.1+cu130,124.8,0.1
nn_32_relu,[32],ReLU,3,10,4,1.0,1000,800,0.6666666666666666,0.0903607743957697,0.001394647680347,12.555332999996608,11.609375,-1466368,2932,2932,23456,11728,-1,cpu,1,2.14.1+cu130,94.8,0.1
mle,,,3,10,4,1.0,1400,1400,0.6666666666666666,0.1225019603333332,0.0065629255411269,0.082612500002142,0.078125,0,222,111,1776,1776,-1,cpu,1,2.14.1+cu130,,
nn_linear,[],linear,3,10,4,1.0,1400,1120,0.6666666666666666,0.6200504946849728,0.00310680979274,12.2826228000049,11.546875,-4403200,142,142,1136,568,-1,cpu,1,2.14.1+cu130,107.1,0.2
nn_32_relu,[32],ReLU,3,10,4,1.0,1400,1120,0.6666666666666666,0.0549137446691986,0.0009781960498324,17.28481090000423,15.921875,-1372160,2932,2932,23456,11728,-1,cpu,1,2.14.1+cu130,95.2,0.0
mle,,,4,10,4,1.0,600,600,0.6666666666666666,0.6590563075819248,0.0249440154800114,0.0919073999975808,0.0625,0,222,111,1776,1776,-1,cpu,1,2.14.1+cu130,,
nn_linear,[],linear,4,10,4,1.0,600,480,0.6666666666666666,0.6596172296114196,0.0051746815801653,7.785015600005863,7.453125,-3764224,142,142,1136,568,-1,cpu,1,2.14.1+cu130,153.3,0.5
nn_32_relu,[32],ReLU,4,10,4,1.0,600,480,0.6666666666666666,0.1149106263204397,0.002112479332812,9.372641199995996,9.0625,-1982464,2932,2932,23456,11728,-1,cpu,1,2.14.1+cu130,120.8,0.1
mle,,,4,10,4,1.0,1000,1000,0.6666666666666666,0.3794215747831677,0.0195567810416642,0.0735339999955613,0.078125,0,222,111,1776,1776,-1,cpu,1,2.14.1+cu130,,
nn_linear,[],linear,4,10,4,1.0,1000,800,0.6666666666666666,0.6819950843645949,0.0053522640678281,9.220636000012746,8.765625,-5070848,142,142,1136,568,-1,cpu,1,2.14.1+cu130,109.6,0.2
nn_32_relu,[32],ReLU,4,10,4,1.0,1000,800,0.6666666666666666,0.063731780525009,0.0015524688596556,14.28230180000537,13.703125,-1601536,2932,2932,23456,11728,-1,cpu,1,2.14.1+cu130,112.1,0.0
mle,,,4,10,4,1.0,1400,1400,0.6666666666666666,0.2450977623389929,0.0145767916832767,0.0748862000036751,0.078125,0,222,111,1776,1776,-1,cpu,1,2.14.1+cu130,,
nn_linear,[],linear,4,10,4,1.0,1400,1120,0.6666666666666666,0.6216200710280331,0.0057532859527567,11.655070599997998,10.84375,-4358144,142,142,1136,568,-1,cpu,1,2.14.1+cu130,100.4,0.2
nn_32_relu,[32],ReLU,4,10,4,1.0,1400,1120,0.6666666666666666,0.0466926029910071,0.001402921013057,17.32230550001259,15.9375,-1761280,2932,2932,23456,11728,-1,cpu,1,2.14.1+cu130,94.2,0.0
mle,,,5,10,4,1.0,600,600,0.6666666666666666,0.5426140096814153,0.0213868614458081,0.0823881000105757,0.0625,0,222,111,1776,1776,-1,cpu,1,2.14.1+cu130,,
nn_linear,[],linear,5,10,4,1.0,600,480,0.6666666666666666,0.6111132274491341,0.0043642966519958,8.651483699999517,7.84375,-5828608,142,142,1136,568,-1,cpu,1,2.14.1+cu130,161.2,0.6
nn_32_relu,[32],ReLU,5,10,4,1.0,600,480,0.6666666666666666,0.1629876748920195,0.002557587004227,9.273612099990714,8.625,-2027520,2932,2932,23456,11728,-1,cpu,1,2.14.1+cu130,116.2,0.0
mle,,,5,10,4,1.0,1000,1000,0.6666666666666666,0.2239374173620562,0.0097803040579034,0.0736837000004015,0.046875,0,222,111,1776,1776,-1,cpu,1,2.14.1+cu130,,
nn_linear,[],linear,5,10,4,1.0,1000,800,0.6666666666666666,0.6104378010547657,0.0041559950055482,10.180106600004365,9.6875,-5754880,142,142,1136,568,-1,cpu,1,2.14.1+cu130,123.1,0.2
nn_32_relu,[32],ReLU,5,10,4,1.0,1000,800,0.6666666666666666,0.1450359742157773,0.0021974559542896,12.47115089998988,11.296875,-991232,2932,2932,23456,11728,-1,cpu,1,2.14.1+cu130,92.3,0.1
mle,,,5,10,4,1.0,1400,1400,0.6666666666666666,0.1738242251809477,0.0094068770759787,0.081133999992744,0.078125,0,222,111,1776,1776,-1,cpu,1,2.14.1+cu130,,
nn_linear,[],linear,5,10,4,1.0,1400,1120,0.6666666666666666,0.5892419971750776,0.0046004095640547,15.520837699994445,14.28125,-4050944,142,142,1136,568,-1,cpu,1,2.14.1+cu130,132.2,0.2
nn_32_relu,[32],ReLU,5,10,4,1.0,1400,1120,0.6666666666666666,0.0798816935013467,0.0011546891024306,19.854087300002,18.15625,-1355776,2932,2932,23456,11728,-1,cpu,1,2.14.1+cu130,109.1,0.1
mle,,,1,10,2,0.1,600,600,0.3777777777777777,0.0054905061353409,0.0007776432585176,0.0950928999955067,0.046875,0,70,35,560,560,-1,cpu,1,2.14.1+cu130,,
nn_linear,[],linear,1,10,2,0.1,600,480,0.3777777777777777,0.3991632707534396,7.835841160837068e-05,9.994366400002036,8.890625,-5513216,90,90,720,360,-1,cpu,1,2.14.1+cu130,183.9,0.9
nn_32_relu,[32],ReLU,1,10,2,0.1,600,480,0.3777777777777777,0.0375403287749012,2.4810881664067232e-05,11.817451499999152,10.859375,-937984,2100,2100,16800,8400,-1,cpu,1,2.14.1+cu130,143.6,0.4
mle,,,1,10,2,0.1,1000,1000,0.3777777777777777,0.0048048389520563,0.0007780848758583,0.0547916000068653,0.0625,0,70,35,560,560,-1,cpu,1,2.14.1+cu130,,
nn_linear,[],linear,1,10,2,0.1,1000,800,0.3777777777777777,0.1268735402026048,2.892177628290996e-05,15.642904699998326,14.234375,-3821568,90,90,720,360,-1,cpu,1,2.14.1+cu130,181.1,0.8
nn_32_relu,[32],ReLU,1,10,2,0.1,1000,800,0.3777777777777777,0.0010763715908042,5.72489353460681e-06,16.029902099995525,15.359375,-1019904,2100,2100,16800,8400,-1,cpu,1,2.14.1+cu130,128.2,0.2
mle,,,1,10,2,0.1,1400,1400,0.3777777777777777,0.0039746048218621,0.0007781738567733,0.0538709000102244,0.0625,0,70,35,560,560,-1,cpu,1,2.14.1+cu130,,
nn_linear,[],linear,1,10,2,0.1,1400,1120,0.3777777777777777,0.0575312731038787,8.768940116401568e-06,19.67741570000362,18.515625,-4161536,90,90,720,360,-1,cpu,1,2.14.1+cu130,170.6,0.7
nn_32_relu,[32],ReLU,1,10,2,0.1,1400,1120,0.3777777777777777,0.0012186753549258,2.065622560171037e-06,18.83682910000789,17.6875,-1449984,2100,2100,16800,8400,-1,cpu,1,2.14.1+cu130,107.2,0.1
mle,,,2,10,2,0.5,600,600,0.3777777777777777,0.0963496725062943,0.0090587915500279,0.0806859000003896,0.046875,4096,70,35,560,560,-1,cpu,1,2.14.1+cu130,,
nn_linear,[],linear,2,10,2,0.5,600,480,0.3777777777777777,0.4641392861451925,0.0023967739655761,9.369779000000564,8.734375,-3153920,90,90,720,360,-1,cpu,1,2.14.1+cu130,176.0,0.5
nn_32_relu,[32],ReLU,2,10,2,0.5,600,480,0.3777777777777777,0.0694642504469351,0.0006310262220612,6.711384300011559,6.3125,-3313664,2100,2100,16800,8400,-1,cpu,1,2.14.1+cu130,84.0,0.1
mle,,,2,10,2,0.5,1000,1000,0.3777777777777777,0.0780229695478734,0.0103639733902175,0.0606447000027401,0.0625,0,70,35,560,560,-1,cpu,1,2.14.1+cu130,,
nn_linear,[],linear,2,10,2,0.5,1000,800,0.3777777777777777,0.4194899471738079,0.0031902376294594,12.154339300002905,11.453125,-4411392,90,90,720,360,-1,cpu,1,2.14.1+cu130,145.9,0.4
nn_32_relu,[32],ReLU,2,10,2,0.5,1000,800,0.3777777777777777,0.0279298183475443,0.0007117735742665,9.73273550000158,8.96875,-856064,2100,2100,16800,8400,-1,cpu,1,2.14.1+cu130,71.9,0.0
mle,,,2,10,2,0.5,1400,1400,0.3777777777777777,0.0773919850219402,0.0103765184880187,0.0637501000019256,0.0625,0,70,35,560,560,-1,cpu,1,2.14.1+cu130,,
nn_linear,[],linear,2,10,2,0.5,1400,1120,0.3777777777777777,0.3276864696804203,0.0036414169752444,14.51658550000866,13.6875,-4329472,90,90,720,360,-1,cpu,1,2.14.1+cu130,128.2,0.1
nn_32_relu,[32],ReLU,2,10,2,0.5,1400,1120,0.3777777777777777,0.0230882375303414,0.0006328360410657,12.342533799994271,11.765625,-3235840,2100,2100,16800,8400,-1,cpu,1,2.14.1+cu130,70.7,0.1
mle,,,5,10,2,0.1,600,600,0.3777777777777777,0.0669449237950954,0.0017604058381898,0.0704149999946821,0.0625,4096,70,35,560,560,-1,cpu,1,2.14.1+cu130,,
nn_linear,[],linear,5,10,2,0.1,600,480,0.3777777777777777,0.4673128099023333,0.003738767606372,10.67610440000135,9.8125,-3293184,90,90,720,360,-1,cpu,1,2.14.1+cu130,200.0,1.0
nn_32_relu,[32],ReLU,5,10,2,0.1,600,480,0.3777777777777777,0.0456103512215761,0.0028857139041436,10.887347399999271,10.375,-3178496,2100,2100,16800,8400,-1,cpu,1,2.14.1+cu130,138.2,0.4
mle,,,5,10,2,0.1,1000,1000,0.3777777777777777,0.041548683179618,0.0016748438876906,0.059536200002185,0.046875,0,70,35,560,560,-1,cpu,1,2.14.1+cu130,,
nn_linear,[],linear,5,10,2,0.1,1000,800,0.3777777777777777,0.2013298027483297,0.0024791345555729,15.253715300001204,14.59375,-3768320,90,90,720,360,-1,cpu,1,2.14.1+cu130,187.2,0.8
nn_32_relu,[32],ReLU,5,10,2,0.1,1000,800,0.3777777777777777,0.0312522192234303,0.0032499279113359,13.289674300001934,12.828125,-647168,2100,2100,16800,8400,-1,cpu,1,2.14.1+cu130,107.1,0.1
mle,,,5,10,2,0.1,1400,1400,0.3777777777777777,0.0288151722911746,0.0010811604656872,0.0614211999927647,0.0625,20480,70,35,560,560,-1,cpu,1,2.14.1+cu130,,
nn_linear,[],linear,5,10,2,0.1,1400,1120,0.3777777777777777,0.1220847798464281,0.0021193673200027,21.34090229999856,19.90625,-3616768,90,90,720,360,-1,cpu,1,2.14.1+cu130,186.4,0.8
nn_32_relu,[32],ReLU,5,10,2,0.1,1400,1120,0.3777777777777777,0.0181059369842731,0.0033283570845179,18.20467989999452,17.5625,-2281472,2100,2100,16800,8400,-1,cpu,1,2.14.1+cu130,105.5,0.0
mle,,,1,10,2,0.5,600,600,0.3777777777777777,0.490394089001294,0.0201487270895061,0.0591712000023108,0.0625,0,70,35,560,560,-1,cpu,1,2.14.1+cu130,,
nn_linear,[],linear,1,10,2,0.5,600,480,0.3777777777777777,0.3104851200113975,0.0044118366461254,10.290108999994118,9.375,-4276224,90,90,720,360,-1,cpu,1,2.14.1+cu130,193.3,0.9
nn_32_relu,[32],ReLU,1,10,2,0.5,600,480,0.3777777777777777,0.0646763332647858,0.0022142867677236,8.601948400013498,8.15625,-2867200,2100,2100,16800,8400,-1,cpu,1,2.14.1+cu130,107.2,0.2
mle,,,1,10,2,0.5,1000,1000,0.3777777777777777,0.2193903437562757,0.0083527692244142,0.059676999997464,0.0625,0,70,35,560,560,-1,cpu,1,2.14.1+cu130,,
nn_linear,[],linear,1,10,2,0.5,1000,800,0.3777777777777777,0.1529928445185405,0.0038872098361958,14.50250820000656,13.8125,-3842048,90,90,720,360,-1,cpu,1,2.14.1+cu130,177.9,0.7
nn_32_relu,[32],ReLU,1,10,2,0.5,1000,800,0.3777777777777777,0.0353537984992804,0.0009947871021608,14.067475599993486,12.859375,-835584,2100,2100,16800,8400,-1,cpu,1,2.14.1+cu130,107.7,0.1
mle,,,1,10,2,0.5,1400,1400,0.3777777777777777,0.1214539448916285,0.0070461975952063,0.0636830000003101,0.0625,0,70,35,560,560,-1,cpu,1,2.14.1+cu130,,
nn_linear,[],linear,1,10,2,0.5,1400,1120,0.3777777777777777,0.1197469229636105,0.0036493965841698,21.46176910000213,19.53125,-5160960,90,90,720,360,-1,cpu,1,2.14.1+cu130,179.2,0.7
nn_32_relu,[32],ReLU,1,10,2,0.5,1400,1120,0.3777777777777777,0.0220220952505985,0.0007984199227293,15.826073100004578,14.53125,-978944,2100,2100,16800,8400,-1,cpu,1,2.14.1+cu130,86.4,0.1
mle,,,3,10,2,0.1,600,600,0.3777777777777777,0.1504941350743918,0.0041558008491152,0.0629019999905722,0.0625,0,70,35,560,560,-1,cpu,1,2.14.1+cu130,,
nn_linear,[],linear,3,10,2,0.1,600,480,0.3777777777777777,0.3343194238432013,0.0034329018313877,9.741748800006462,9.09375,-3141632,90,90,720,360,-1,cpu,1,2.14.1+cu130,186.1,0.9
nn_32_relu,[32],ReLU,3,10,2,0.1,600,480,0.3777777777777777,0.0436076856510232,0.000821686933597,11.298766299994895,10.625,-2949120,2100,2100,16800,8400,-1,cpu,1,2.14.1+cu130,139.5,0.2
mle,,,3,10,2,0.1,1000,1000,0.3777777777777777,0.0444256012564128,0.0008191287251969,0.0703147000021999,0.0625,0,70,35,560,560,-1,cpu,1,2.14.1+cu130,,
nn_linear,[],linear,3,10,2,0.1,1000,800,0.3777777777777777,0.1560616584387558,0.0019515813365135,17.300065600007656,15.78125,-4268032,90,90,720,360,-1,cpu,1,2.14.1+cu130,199.0,0.8
nn_32_relu,[32],ReLU,3,10,2,0.1,1000,800,0.3777777777777777,0.0253770429126418,0.0002356271286703,15.119151899998542,13.8125,-888832,2100,2100,16800,8400,-1,cpu,1,2.14.1+cu130,113.9,0.0
mle,,,3,10,2,0.1,1400,1400,0.3777777777777777,0.0136888519855803,0.0004313914712434,0.0731199000001652,0.0625,0,70,35,560,560,-1,cpu,1,2.14.1+cu130,,
nn_linear,[],linear,3,10,2,0.1,1400,1120,0.3777777777777777,0.0910525182174336,0.0012159415052249,23.79526860000624,21.671875,-5734400,90,90,720,360,-1,cpu,1,2.14.1+cu130,200.0,1.0
nn_32_relu,[32],ReLU,3,10,2,0.1,1400,1120,0.3777777777777777,0.0097546571219782,0.0003283522238798,20.657003900007112,19.328125,-991232,2100,2100,16800,8400,-1,cpu,1,2.14.1+cu130,116.4,0.0
mle,,,2,10,2,0.1,600,600,0.3777777777777777,0.0116600163967727,0.0005981989807245,0.0674180000060005,0.078125,0,70,35,560,560,-1,cpu,1,2.14.1+cu130,,
nn_linear,[],linear,2,10,2,0.1,600,480,0.3777777777777777,0.4536688133421978,0.0023092905710793,9.466364899999462,8.734375,-3010560,90,90,720,360,-1,cpu,1,2.14.1+cu130,177.0,0.8
nn_32_relu,[32],ReLU,2,10,2,0.1,600,480,0.3777777777777777,0.0251555870775713,0.0003804155017899,13.27238579999539,12.5,-2392064,2100,2100,16800,8400,-1,cpu,1,2.14.1+cu130,165.8,0.6
mle,,,2,10,2,0.1,1000,1000,0.3777777777777777,0.009370118506053,0.0005939110492614,0.0557994000118924,0.0625,0,70,35,560,560,-1,cpu,1,2.14.1+cu130,,
nn_linear,[],linear,2,10,2,0.1,1000,800,0.3777777777777777,0.2313029697895875,0.0010717203669329,15.658013999985997,14.625,-4890624,90,90,720,360,-1,cpu,1,2.14.1+cu130,186.1,0.9
nn_32_relu,[32],ReLU,2,10,2,0.1,1000,800,0.3777777777777777,0.002659102364584,0.0003392413976472,19.315294900006847,18.453125,-630784,2100,2100,16800,8400,-1,cpu,1,2.14.1+cu130,152.3,0.4
mle,,,2,10,2,0.1,1400,1400,0.3777777777777777,0.0090430257007942,0.0005939427490774,0.0549150000006193,0.0625,0,70,35,560,560,-1,cpu,1,2.14.1+cu130,,
nn_linear,[],linear,2,10,2,0.1,1400,1120,0.3777777777777777,0.0723118947043569,0.0006521453505595,20.566602999999304,19.59375,-7819264,90,90,720,360,-1,cpu,1,2.14.1+cu130,183.1,0.8
nn_32_relu,[32],ReLU,2,10,2,0.1,1400,1120,0.3777777777777777,0.0027261703681858,0.0003602675363404,22.47660720000568,21.375,-782336,2100,2100,16800,8400,-1,cpu,1,2.14.1+cu130,126.1,0.1
mle,,,3,10,2,0.5,600,600,0.3777777777777777,0.1631101310655557,0.0061596934253507,0.0576108999957796,0.046875,0,70,35,560,560,-1,cpu,1,2.14.1+cu130,,
nn_linear,[],linear,3,10,2,0.5,600,480,0.3777777777777777,0.7129529288675204,0.0063309057572815,8.15621000000101,7.59375,-3211264,90,90,720,360,-1,cpu,1,2.14.1+cu130,153.9,0.3
nn_32_relu,[32],ReLU,3,10,2,0.5,600,480,0.3777777777777777,0.0380008489294892,0.0002934352501324,7.711498699994991,7.15625,-2875392,2100,2100,16800,8400,-1,cpu,1,2.14.1+cu130,93.2,0.0
mle,,,3,10,2,0.5,1000,1000,0.3777777777777777,0.020548395342487,0.0001743526512094,0.0688533000065945,0.0625,0,70,35,560,560,-1,cpu,1,2.14.1+cu130,,
nn_linear,[],linear,3,10,2,0.5,1000,800,0.3777777777777777,0.69232589565602,0.0064996713566813,12.146255500003464,11.140625,-3944448,90,90,720,360,-1,cpu,1,2.14.1+cu130,143.9,0.3
nn_32_relu,[32],ReLU,3,10,2,0.5,1000,800,0.3777777777777777,0.0219475257252339,0.0001501261875487,11.637217099996631,11.0625,-983040,2100,2100,16800,8400,-1,cpu,1,2.14.1+cu130,90.4,0.0
mle,,,3,10,2,0.5,1400,1400,0.3777777777777777,0.0154130848199869,0.0001172418742531,0.0592187000002013,0.046875,0,70,35,560,560,-1,cpu,1,2.14.1+cu130,,
nn_linear,[],linear,3,10,2,0.5,1400,1120,0.3777777777777777,0.6849042627569555,0.0070945972562708,14.325192300006163,14.03125,-5042176,90,90,720,360,-1,cpu,1,2.14.1+cu130,129.3,0.1
nn_32_relu,[32],ReLU,3,10,2,0.5,1400,1120,0.3777777777777777,0.0138208226622302,0.0001244786147415,16.11375709999993,15.234375,-958464,2100,2100,16800,8400,-1,cpu,1,2.14.1+cu130,90.1,0.0
mle,,,4,10,2,0.1,600,600,0.3777777777777777,0.0976555639041328,0.0123329972108777,0.059292700010701,0.0625,0,70,35,560,560,-1,cpu,1,2.14.1+cu130,,
nn_linear,[],linear,4,10,2,0.1,600,480,0.3777777777777777,0.3672290663707577,0.0013471081518233,10.352657800001907,9.453125,-4448256,90,90,720,360,-1,cpu,1,2.14.1+cu130,186.4,0.9
nn_32_relu,[32],ReLU,4,10,2,0.1,600,480,0.3777777777777777,0.0189412681138277,0.0018945315879025,14.146568199998,12.875,-3100672,2100,2100,16800,8400,-1,cpu,1,2.14.1+cu130,166.6,0.7
mle,,,4,10,2,0.1,1000,1000,0.3777777777777777,0.0958224803801971,0.0123119343116246,0.0605866999976569,0.0625,0,70,35,560,560,-1,cpu,1,2.14.1+cu130,,
nn_linear,[],linear,4,10,2,0.1,1000,800,0.3777777777777777,0.193916487256684,0.0020681112427221,16.889272800006438,15.484375,-3944448,90,90,720,360,-1,cpu,1,2.14.1+cu130,196.1,0.9
nn_32_relu,[32],ReLU,4,10,2,0.1,1000,800,0.3777777777777777,0.0196014617047317,0.0015600420366077,18.54395059999661,17.75,-876544,2100,2100,16800,8400,-1,cpu,1,2.14.1+cu130,144.6,0.4
mle,,,4,10,2,0.1,1400,1400,0.3777777777777777,0.0277074725961233,0.0052413838442851,0.0648248999932548,0.046875,0,70,35,560,560,-1,cpu,1,2.14.1+cu130,,
nn_linear,[],linear,4,10,2,0.1,1400,1120,0.3777777777777777,0.0857572257062784,0.0013532383214119,21.97176190000028,20.328125,-44761088,90,90,720,360,-1,cpu,1,2.14.1+cu130,188.7,0.8
nn_32_relu,[32],ReLU,4,10,2,0.1,1400,1120,0.3777777777777777,0.0091754049441169,0.0008362708154413,20.593393100003595,18.75,-978944,2100,2100,16800,8400,-1,cpu,1,2.14.1+cu130,110.2,0.1
mle,,,4,10,2,0.5,600,600,0.3777777777777777,0.072333684221401,0.0013343798607722,0.066392699998687,0.078125,0,70,35,560,560,-1,cpu,1,2.14.1+cu130,,
nn_linear,[],linear,4,10,2,0.5,600,480,0.3777777777777777,0.3742398340801748,0.0039407775352508,7.552168599999277,7.0,0,90,90,720,360,-1,cpu,1,2.14.1+cu130,142.8,0.4
nn_32_relu,[32],ReLU,4,10,2,0.5,600,480,0.3777777777777777,0.0327377931355064,0.0004952001239853,8.298735200005467,7.6875,-7012352,2100,2100,16800,8400,-1,cpu,1,2.14.1+cu130,101.7,0.0
mle,,,4,10,2,0.5,1000,1000,0.3777777777777777,0.0541318317687126,0.001304316615275,0.0646297999919625,0.0625,0,70,35,560,560,-1,cpu,1,2.14.1+cu130,,
nn_linear,[],linear,4,10,2,0.5,1000,800,0.3777777777777777,0.3149600143562259,0.003903306929764,13.61949879999156,12.921875,-4251648,90,90,720,360,-1,cpu,1,2.14.1+cu130,166.4,0.4
nn_32_relu,[32],ReLU,4,10,2,0.5,1000,800,0.3777777777777777,0.024215672524998,0.0006616385275999,12.256771500004106,11.21875,-4005888,2100,2100,16800,8400,-1,cpu,1,2.14.1+cu130,92.9,0.0
mle,,,4,10,2,0.5,1400,1400,0.3777777777777777,0.0539860931866846,0.001310886309504,0.0613652000029105,0.0625,0,70,35,560,560,-1,cpu,1,2.14.1+cu130,,
nn_linear,[],linear,4,10,2,0.5,1400,1120,0.3777777777777777,0.2950130723205129,0.0042840624855026,16.436369400005788,15.546875,-4476928,90,90,720,360,-1,cpu,1,2.14.1+cu130,144.8,0.4
nn_32_relu,[32],ReLU,4,10,2,0.5,1400,1120,0.3777777777777777,0.0158899615296884,0.0001696188952718,15.61391129999538,14.59375,-827392,2100,2100,16800,8400,-1,cpu,1,2.14.1+cu130,87.1,0.0
mle,,,1,10,2,1.0,600,600,0.3777777777777777,0.0233418154999705,0.0001254271765929,0.0614940999948885,0.0625,0,70,35,560,560,-1,cpu,1,2.14.1+cu130,,
nn_linear,[],linear,1,10,2,1.0,600,480,0.3777777777777777,0.400067889013676,0.0018375460743238,8.684941200001049,7.921875,-4333568,90,90,720,360,-1,cpu,1,2.14.1+cu130,160.5,0.5
nn_32_relu,[32],ReLU,1,10,2,1.0,600,480,0.3777777777777777,0.0405005682426014,0.0001709277952161,6.6707194000046,6.375,-2727936,2100,2100,16800,8400,-1,cpu,1,2.14.1+cu130,86.4,0.0
mle,,,1,10,2,1.0,1000,1000,0.3777777777777777,0.0127806302131968,9.191079894246148e-05,0.0560688999976264,0.0625,0,70,35,560,560,-1,cpu,1,2.14.1+cu130,,
nn_linear,[],linear,1,10,2,1.0,1000,800,0.3777777777777777,0.3639655600873393,0.0012739063248105,10.327546200001962,9.9375,-7925760,90,90,720,360,-1,cpu,1,2.14.1+cu130,124.6,0.2
nn_32_relu,[32],ReLU,1,10,2,1.0,1000,800,0.3777777777777777,0.0171074345942145,6.183490992858883e-05,10.25219850000576,9.46875,-847872,2100,2100,16800,8400,-1,cpu,1,2.14.1+cu130,76.7,0.0
mle,,,1,10,2,1.0,1400,1400,0.3777777777777777,0.0070946575882211,3.7646928931431456e-05,0.0626725000038277,0.0625,4096,70,35,560,560,-1,cpu,1,2.14.1+cu130,,
nn_linear,[],linear,1,10,2,1.0,1400,1120,0.3777777777777777,0.3609523774723073,0.0012646595110053,15.090675299987195,13.453125,-1413120,90,90,720,360,-1,cpu,1,2.14.1+cu130,123.1,0.0
nn_32_relu,[32],ReLU,1,10,2,1.0,1400,1120,0.3777777777777777,0.0139606437977032,4.154787877739429e-05,12.847820199996931,11.640625,-782336,2100,2100,16800,8400,-1,cpu,1,2.14.1+cu130,70.0,0.0
mle,,,2,10,2,1.0,600,600,0.3777777777777777,0.0326259013600225,0.0001804272230194,0.0608466999983647,0.046875,0,70,35,560,560,-1,cpu,1,2.14.1+cu130,,
nn_linear,[],linear,2,10,2,1.0,600,480,0.3777777777777777,0.2253459430354643,0.0019576567055028,8.768267100007506,8.09375,-3960832,90,90,720,360,-1,cpu,1,2.14.1+cu130,163.2,0.4
nn_32_relu,[32],ReLU,2,10,2,1.0,600,480,0.3777777777777777,0.0524584758840597,0.0003835960446621,5.514776399999391,5.28125,-2883584,2100,2100,16800,8400,-1,cpu,1,2.14.1+cu130,71.1,0.0
mle,,,2,10,2,1.0,1000,1000,0.3777777777777777,0.0154406118709758,8.684938708403622e-05,0.0576830000063637,0.0625,0,70,35,560,560,-1,cpu,1,2.14.1+cu130,,
nn_linear,[],linear,2,10,2,1.0,1000,800,0.3777777777777777,0.2033598762400255,0.0019819380915994,11.206158900007722,10.703125,184320,90,90,720,360,-1,cpu,1,2.14.1+cu130,139.0,0.3
nn_32_relu,[32],ReLU,2,10,2,1.0,1000,800,0.3777777777777777,0.0304795198732803,0.0003868387595718,8.775387400004547,8.40625,-3907584,2100,2100,16800,8400,-1,cpu,1,2.14.1+cu130,69.4,0.0
mle,,,2,10,2,1.0,1400,1400,0.3777777777777777,0.0153177230392786,0.000120619167872,0.0598449999961303,0.0625,0,70,35,560,560,-1,cpu,1,2.14.1+cu130,,
nn_linear,[],linear,2,10,2,1.0,1400,1120,0.3777777777777777,0.202777692708951,0.0017535907593446,10.06907169999613,9.65625,110592,90,90,720,360,-1,cpu,1,2.14.1+cu130,90.6,0.2
nn_32_relu,[32],ReLU,2,10,2,1.0,1400,1120,0.3777777777777777,0.0333294021218965,0.0004501103065235,8.637038800006849,8.21875,-4526080,2100,2100,16800,8400,-1,cpu,1,2.14.1+cu130,50.2,0.0
mle,,,5,10,2,0.5,600,600,0.3777777777777777,0.1240178544682346,0.0018099991718935,0.0619092999986605,0.0625,0,70,35,560,560,-1,cpu,1,2.14.1+cu130,,
nn_linear,[],linear,5,10,2,0.5,600,480,0.3777777777777777,0.6418236986682591,0.0047775433868076,9.315334999992048,8.421875,-4390912,90,90,720,360,-1,cpu,1,2.14.1+cu130,167.3,0.7
nn_32_relu,[32],ReLU,5,10,2,0.5,600,480,0.3777777777777777,0.0355039578087248,0.0002830176936927,9.454925300000468,8.65625,-2985984,2100,2100,16800,8400,-1,cpu,1,2.14.1+cu130,115.8,0.2
mle,,,5,10,2,0.5,1000,1000,0.3777777777777777,0.0284616770652441,0.0004607372254104,0.0922274999902583,0.0625,0,70,35,560,560,-1,cpu,1,2.14.1+cu130,,
nn_linear,[],linear,5,10,2,0.5,1000,800,0.3777777777777777,0.6367628663298693,0.0049933090636404,10.429636100001517,9.734375,-5279744,90,90,720,360,-1,cpu,1,2.14.1+cu130,126.4,0.2
nn_32_relu,[32],ReLU,5,10,2,0.5,1000,800,0.3777777777777777,0.0407078985056093,0.0008185533330818,10.903530699986732,10.171875,-872448,2100,2100,16800,8400,-1,cpu,1,2.14.1+cu130,82.0,0.0
mle,,,5,10,2,0.5,1400,1400,0.3777777777777777,0.0098180784110403,0.0001258538384696,0.0771822000097017,0.0625,0,70,35,560,560,-1,cpu,1,2.14.1+cu130,,
nn_linear,[],linear,5,10,2,0.5,1400,1120,0.3777777777777777,0.6334995883241571,0.0053351345652661,12.327923699995154,11.078125,-4071424,90,90,720,360,-1,cpu,1,2.14.1+cu130,102.1,0.1
nn_32_relu,[32],ReLU,5,10,2,0.5,1400,1120,0.3777777777777777,0.0169648374938307,0.0002080499708125,17.62252580000495,15.9375,-888832,2100,2100,16800,8400,-1,cpu,1,2.14.1+cu130,94.7,0.0
mle,,,1,5,10,0.1,600,600,1.0,0.0559845213505216,0.0006550297032118,0.0317886999982874,0.03125,0,62,31,496,496,-1,cpu,1,2.14.1+cu130,,
nn_linear,[],linear,1,5,10,0.1,600,480,1.0,0.1860663912548033,0.0025721614296139,4.775967800000217,4.21875,-3588096,52,52,416,208,-1,cpu,1,2.14.1+cu130,168.2,0.8
nn_32_relu,[32],ReLU,1,5,10,0.1,600,480,1.0,0.0276253030494986,0.0040433918835664,6.757492299992009,6.34375,-2060288,1162,1162,9296,4648,-1,cpu,1,2.14.1+cu130,169.0,0.6
mle,,,1,5,10,0.1,1000,1000,1.0,0.0462437188612584,0.0006050423626537,0.0297151999984635,0.03125,0,62,31,496,496,-1,cpu,1,2.14.1+cu130,,
nn_linear,[],linear,1,5,10,0.1,1000,800,1.0,0.0917192704510317,0.0028649471959972,7.261188599994057,6.75,-3862528,52,52,416,208,-1,cpu,1,2.14.1+cu130,172.2,0.8
nn_32_relu,[32],ReLU,1,5,10,0.1,1000,800,1.0,0.0273877978052242,0.0043156429493945,8.14446450000105,7.578125,-2027520,1162,1162,9296,4648,-1,cpu,1,2.14.1+cu130,126.0,0.2
mle,,,1,5,10,0.1,1400,1400,1.0,0.0463172458307908,0.0006067216006043,0.0297473999962676,0.03125,8192,62,31,496,496,-1,cpu,1,2.14.1+cu130,,
nn_linear,[],linear,1,5,10,0.1,1400,1120,1.0,0.0532283812665373,0.0030224458330895,10.830786100006662,10.203125,-4706304,52,52,416,208,-1,cpu,1,2.14.1+cu130,188.4,0.8
nn_32_relu,[32],ReLU,1,5,10,0.1,1400,1120,1.0,0.0324309681049164,0.0043336084582931,8.366638400009833,8.015625,-1691648,1162,1162,9296,4648,-1,cpu,1,2.14.1+cu130,95.0,0.2
mle,,,4,10,2,1.0,600,600,0.3777777777777777,0.0276027803245826,0.0002077082875571,0.0610862000030465,0.0625,0,70,35,560,560,-1,cpu,1,2.14.1+cu130,,
nn_linear,[],linear,4,10,2,1.0,600,480,0.3777777777777777,0.3603651329158616,0.0022902013659697,6.734446500006015,6.25,-3293184,90,90,720,360,-1,cpu,1,2.14.1+cu130,129.1,0.3
nn_32_relu,[32],ReLU,4,10,2,1.0,600,480,0.3777777777777777,0.0532507796579337,0.0002427628149229,6.359045299992431,6.1875,-2248704,2100,2100,16800,8400,-1,cpu,1,2.14.1+cu130,81.1,0.0
mle,,,4,10,2,1.0,1000,1000,0.3777777777777777,0.0192086226106341,0.0001309550468955,0.0583747000055154,0.0625,0,70,35,560,560,-1,cpu,1,2.14.1+cu130,,
nn_linear,[],linear,4,10,2,1.0,1000,800,0.3777777777777777,0.3465390072137023,0.0023831074778782,10.492977499990957,10.109375,-4161536,90,90,720,360,-1,cpu,1,2.14.1+cu130,128.7,0.1
nn_32_relu,[32],ReLU,4,10,2,1.0,1000,800,0.3777777777777777,0.0311362172124056,0.0001826211184712,7.59947440000542,7.25,-753664,2100,2100,16800,8400,-1,cpu,1,2.14.1+cu130,59.3,0.0
mle,,,4,10,2,1.0,1400,1400,0.3777777777777777,0.0119387370638707,6.497257433307062e-05,0.0577965999982552,0.0625,0,70,35,560,560,-1,cpu,1,2.14.1+cu130,,
nn_linear,[],linear,4,10,2,1.0,1400,1120,0.3777777777777777,0.3308734516055487,0.0019522535687379,13.90345789999992,13.1875,-4132864,90,90,720,360,-1,cpu,1,2.14.1+cu130,121.1,0.2
nn_32_relu,[32],ReLU,4,10,2,1.0,1400,1120,0.3777777777777777,0.0368037162545841,0.0001365054907213,10.593763500000932,10.0625,-1073152,2100,2100,16800,8400,-1,cpu,1,2.14.1+cu130,60.6,0.0
mle,,,3,5,10,0.1,600,600,1.0,0.0085414710911465,0.0002317660390672,0.0352095999987795,0.03125,0,62,31,496,496,-1,cpu,1,2.14.1+cu130,,
nn_linear,[],linear,3,5,10,0.1,600,480,1.0,0.202147834841114,0.0018613512097903,5.277295299994876,4.8125,-3383296,52,52,416,208,-1,cpu,1,2.14.1+cu130,200.0,1.0
nn_32_relu,[32],ReLU,3,5,10,0.1,600,480,1.0,0.0117903459410984,0.0007008643131357,6.08127210001112,5.625,-2203648,1162,1162,9296,4648,-1,cpu,1,2.14.1+cu130,151.8,0.2
mle,,,3,5,10,0.1,1000,1000,1.0,0.010129339422303,0.0002288551653761,0.030539300001692,0.03125,0,62,31,496,496,-1,cpu,1,2.14.1+cu130,,
nn_linear,[],linear,3,5,10,0.1,1000,800,1.0,0.0661114606183679,0.0011617028142295,8.012698799997452,7.578125,-2719744,52,52,416,208,-1,cpu,1,2.14.1+cu130,197.6,0.8
nn_32_relu,[32],ReLU,3,5,10,0.1,1000,800,1.0,0.0100611419503257,0.0008271335487725,7.100484900001902,6.953125,-1572864,1162,1162,9296,4648,-1,cpu,1,2.14.1+cu130,112.8,0.2
mle,,,3,5,10,0.1,1400,1400,1.0,0.0095432505964952,0.000225336627833,0.0301112000015564,0.03125,0,62,31,496,496,-1,cpu,1,2.14.1+cu130,,
nn_linear,[],linear,3,5,10,0.1,1400,1120,1.0,0.0338481831098223,0.000967852937814,10.218031399999743,9.796875,-5292032,52,52,416,208,-1,cpu,1,2.14.1+cu130,184.2,0.8
nn_32_relu,[32],ReLU,3,5,10,0.1,1400,1120,1.0,0.0085130622116235,0.0007889478258305,7.884843500010902,7.40625,-1458176,1162,1162,9296,4648,-1,cpu,1,2.14.1+cu130,89.6,0.2
mle,,,2,5,10,0.1,600,600,1.0,0.0165718541727404,0.0007899155122852,0.0305105000006733,0.03125,0,62,31,496,496,-1,cpu,1,2.14.1+cu130,,
nn_linear,[],linear,2,5,10,0.1,600,480,1.0,0.0900372864020097,0.0004622239816043,5.384925499995006,4.96875,-3747840,52,52,416,208,-1,cpu,1,2.14.1+cu130,200.0,1.0
nn_32_relu,[32],ReLU,2,5,10,0.1,600,480,1.0,0.0024723374741716,9.536091756378902e-05,5.906247299993993,5.484375,-1777664,1162,1162,9296,4648,-1,cpu,1,2.14.1+cu130,144.8,0.4
mle,,,2,5,10,0.1,1000,1000,1.0,0.0033020561985876,0.0001088165294653,0.0427227999898605,0.03125,4096,62,31,496,496,-1,cpu,1,2.14.1+cu130,,
nn_linear,[],linear,2,5,10,0.1,1000,800,1.0,0.0599883463894668,0.000449864198837,8.373689700005343,7.984375,-3657728,52,52,416,208,-1,cpu,1,2.14.1+cu130,200.0,1.0
nn_32_relu,[32],ReLU,2,5,10,0.1,1000,800,1.0,0.002192396318839,2.1049778948914463e-05,8.592577799994615,8.296875,-2166784,1162,1162,9296,4648,-1,cpu,1,2.14.1+cu130,135.8,0.4
mle,,,2,5,10,0.1,1400,1400,1.0,0.0037197317845077,0.000142519531359,0.0314964999997755,0.03125,0,62,31,496,496,-1,cpu,1,2.14.1+cu130,,
nn_linear,[],linear,2,5,10,0.1,1400,1120,1.0,0.0246532319325659,0.0001468537221132,10.51427970000077,10.296875,-4210688,52,52,416,208,-1,cpu,1,2.14.1+cu130,190.6,0.8
nn_32_relu,[32],ReLU,2,5,10,0.1,1400,1120,1.0,0.0054729679384912,8.161207971815276e-06,8.947980500000995,8.421875,-1794048,1162,1162,9296,4648,-1,cpu,1,2.14.1+cu130,102.8,0.0
mle,,,1,5,10,0.5,600,600,1.0,0.2104005583767914,0.0112123339614391,0.0310807000059867,0.03125,0,62,31,496,496,-1,cpu,1,2.14.1+cu130,,
nn_linear,[],linear,1,5,10,0.5,600,480,1.0,0.2479368365966759,0.0032368830487915,4.39312069999869,4.015625,-3739648,52,52,416,208,-1,cpu,1,2.14.1+cu130,165.6,0.8
nn_32_relu,[32],ReLU,1,5,10,0.5,600,480,1.0,0.0308123043756088,0.0009479577948055,4.762872699997388,4.5,-2002944,1162,1162,9296,4648,-1,cpu,1,2.14.1+cu130,119.8,0.4
mle,,,1,5,10,0.5,1000,1000,1.0,0.0387321801994913,0.0009233998233652,0.0307617000071331,0.03125,4096,62,31,496,496,-1,cpu,1,2.14.1+cu130,,
nn_linear,[],linear,1,5,10,0.5,1000,800,1.0,0.2251517171725193,0.0040703190825323,6.193321200000355,6.0625,-3969024,52,52,416,208,-1,cpu,1,2.14.1+cu130,153.0,0.6
nn_32_relu,[32],ReLU,1,5,10,0.5,1000,800,1.0,0.0276218141426838,0.0005830805475239,4.449684700011858,4.34375,-1474560,1162,1162,9296,4648,-1,cpu,1,2.14.1+cu130,72.2,0.0
mle,,,1,5,10,0.5,1400,1400,1.0,0.0361215194732701,0.0009567167209877,0.0327615999995032,0.03125,0,62,31,496,496,-1,cpu,1,2.14.1+cu130,,
nn_linear,[],linear,1,5,10,0.5,1400,1120,1.0,0.216263059375806,0.0039953343131694,8.773893700010376,8.546875,-3387392,52,52,416,208,-1,cpu,1,2.14.1+cu130,159.4,0.2
nn_32_relu,[32],ReLU,1,5,10,0.5,1400,1120,1.0,0.0135075344828108,0.0005585415807969,6.494917300005909,6.234375,-1613824,1162,1162,9296,4648,-1,cpu,1,2.14.1+cu130,75.2,0.0
mle,,,3,10,2,1.0,600,600,0.3777777777777777,0.0440154672265821,0.0017660938042569,0.0578441999969072,0.0625,0,70,35,560,560,-1,cpu,1,2.14.1+cu130,,
nn_linear,[],linear,3,10,2,1.0,600,480,0.3777777777777777,0.2993463701066173,0.0019912288192797,7.963751199989929,7.5625,-3207168,90,90,720,360,-1,cpu,1,2.14.1+cu130,156.4,0.7
nn_32_relu,[32],ReLU,3,10,2,1.0,600,480,0.3777777777777777,0.0419954917744379,0.0002222372613858,6.2165552000078605,6.046875,-2658304,2100,2100,16800,8400,-1,cpu,1,2.14.1+cu130,79.9,0.0
mle,,,3,10,2,1.0,1000,1000,0.3777777777777777,0.043694002993339,0.0017638957496063,0.0563475000089965,0.046875,0,70,35,560,560,-1,cpu,1,2.14.1+cu130,,
nn_linear,[],linear,3,10,2,1.0,1000,800,0.3777777777777777,0.2116858610854888,0.0020976115132938,10.243048300006194,9.65625,-3833856,90,90,720,360,-1,cpu,1,2.14.1+cu130,123.6,0.1
nn_32_relu,[32],ReLU,3,10,2,1.0,1000,800,0.3777777777777777,0.0353776189401972,0.0003044377195345,8.585829799994826,7.984375,-1048576,2100,2100,16800,8400,-1,cpu,1,2.14.1+cu130,66.7,0.0
mle,,,3,10,2,1.0,1400,1400,0.3777777777777777,0.0397238225751192,0.0017469377918964,0.0579294000053778,0.046875,0,70,35,560,560,-1,cpu,1,2.14.1+cu130,,
nn_linear,[],linear,3,10,2,1.0,1400,1120,0.3777777777777777,0.1933276448616996,0.0019557532588048,15.672021599995787,14.65625,-4276224,90,90,720,360,-1,cpu,1,2.14.1+cu130,136.0,0.2
nn_32_relu,[32],ReLU,3,10,2,1.0,1400,1120,0.3777777777777777,0.0152976461914598,8.097696913218363e-05,14.126451199990695,12.65625,-892928,2100,2100,16800,8400,-1,cpu,1,2.14.1+cu130,74.9,0.0
mle,,,5,5,10,0.1,600,600,1.0,0.0291491995353334,0.0004711497689387,0.0312326999992365,0.03125,0,62,31,496,496,-1,cpu,1,2.14.1+cu130,,
nn_linear,[],linear,5,5,10,0.1,600,480,1.0,0.1920053896474902,0.0014354862410415,4.864421400008723,4.46875,69632,52,52,416,208,-1,cpu,1,2.14.1+cu130,180.2,0.8
nn_32_relu,[32],ReLU,5,5,10,0.1,600,480,1.0,0.0119511812873906,0.000262460584324,6.026361100011854,5.21875,-4300800,1162,1162,9296,4648,-1,cpu,1,2.14.1+cu130,140.2,0.6
mle,,,5,5,10,0.1,1000,1000,1.0,0.0268721982190853,0.0004715030078136,0.032115000009071,0.03125,0,62,31,496,496,-1,cpu,1,2.14.1+cu130,,
nn_linear,[],linear,5,5,10,0.1,1000,800,1.0,0.0784414767906959,0.0007077757107257,7.30697780000628,6.625,-2306048,52,52,416,208,-1,cpu,1,2.14.1+cu130,168.4,0.8
nn_32_relu,[32],ReLU,5,5,10,0.1,1000,800,1.0,0.0101273063579763,0.0002927955445132,7.796341799999936,7.125,-2027520,1162,1162,9296,4648,-1,cpu,1,2.14.1+cu130,115.0,0.4
mle,,,5,5,10,0.1,1400,1400,1.0,0.0068216193774638,0.000481900941905,0.0353615000058198,0.03125,0,62,31,496,496,-1,cpu,1,2.14.1+cu130,,
nn_linear,[],linear,5,5,10,0.1,1400,1120,1.0,0.0891103399378869,0.0004038149652449,11.809293799989971,10.59375,-4706304,52,52,416,208,-1,cpu,1,2.14.1+cu130,196.8,0.8
nn_32_relu,[32],ReLU,5,5,10,0.1,1400,1120,1.0,0.006004158009181,0.0001495096632292,11.59215260000201,10.34375,-1757184,1162,1162,9296,4648,-1,cpu,1,2.14.1+cu130,124.0,0.4
mle,,,4,5,10,0.1,600,600,1.0,0.0060526869722876,0.0003075603782004,0.0328096999874105,0.03125,0,62,31,496,496,-1,cpu,1,2.14.1+cu130,,
nn_linear,[],linear,4,5,10,0.1,600,480,1.0,0.1014421914098289,0.0015731025864201,5.178352000002633,4.90625,-4300800,52,52,416,208,-1,cpu,1,2.14.1+cu130,200.0,1.0
nn_32_relu,[32],ReLU,4,5,10,0.1,600,480,1.0,0.0043127816321913,0.0007357008963988,7.6391302999982145,7.328125,-1638400,1162,1162,9296,4648,-1,cpu,1,2.14.1+cu130,196.4,0.8
mle,,,4,5,10,0.1,1000,1000,1.0,0.0068905833630582,0.0003075603782004,0.0292686000029789,0.03125,8192,62,31,496,496,-1,cpu,1,2.14.1+cu130,,
nn_linear,[],linear,4,5,10,0.1,1000,800,1.0,0.0857649726694572,0.0017586539913291,8.30532560001302,7.671875,-4235264,52,52,416,208,-1,cpu,1,2.14.1+cu130,200.0,1.0
nn_32_relu,[32],ReLU,4,5,10,0.1,1000,800,1.0,0.0054863957250342,0.0010005900106935,10.778525000001537,9.8125,-1736704,1162,1162,9296,4648,-1,cpu,1,2.14.1+cu130,158.6,0.2
mle,,,4,5,10,0.1,1400,1400,1.0,0.0042030183596109,0.0001566223146,0.0332894000021042,0.03125,0,62,31,496,496,-1,cpu,1,2.14.1+cu130,,
nn_linear,[],linear,4,5,10,0.1,1400,1120,1.0,0.0452019487765972,0.0009692748735213,11.285780000005616,10.484375,-3493888,52,52,416,208,-1,cpu,1,2.14.1+cu130,200.0,1.0
nn_32_relu,[32],ReLU,4,5,10,0.1,1400,1120,1.0,0.0019560511847483,0.0006129269975869,12.124262899989844,11.65625,-1806336,1162,1162,9296,4648,-1,cpu,1,2.14.1+cu130,139.4,0.2
mle,,,2,5,10,0.5,600,600,1.0,0.1041143326182294,0.0047852377949433,0.0322728999890387,0.03125,0,62,31,496,496,-1,cpu,1,2.14.1+cu130,,
nn_linear,[],linear,2,5,10,0.5,600,480,1.0,0.3486330514269399,0.0060284261489309,4.398422500002198,4.125,-4222976,52,52,416,208,-1,cpu,1,2.14.1+cu130,164.2,0.8
nn_32_relu,[32],ReLU,2,5,10,0.5,600,480,1.0,0.026169182053281,0.0004894099143919,4.600753899998381,4.453125,-1892352,1162,1162,9296,4648,-1,cpu,1,2.14.1+cu130,117.4,0.2
mle,,,2,5,10,0.5,1000,1000,1.0,0.0469737071793356,0.0040527257664448,0.0300778999953763,0.03125,8192,62,31,496,496,-1,cpu,1,2.14.1+cu130,,
nn_linear,[],linear,2,5,10,0.5,1000,800,1.0,0.2637957721605267,0.0060001422872783,6.623810700009926,6.171875,-4636672,52,52,416,208,-1,cpu,1,2.14.1+cu130,158.4,0.4
nn_32_relu,[32],ReLU,2,5,10,0.5,1000,800,1.0,0.0318768797822012,0.0007671672248593,4.471938999995473,4.03125,-1843200,1162,1162,9296,4648,-1,cpu,1,2.14.1+cu130,69.8,0.0
mle,,,2,5,10,0.5,1400,1400,1.0,0.0438648944343345,0.0040320279052301,0.0619499000022187,0.0,0,62,31,496,496,-1,cpu,1,2.14.1+cu130,,
nn_linear,[],linear,2,5,10,0.5,1400,1120,1.0,0.244627466589319,0.0056594231397394,8.83566029999929,8.21875,-4034560,52,52,416,208,-1,cpu,1,2.14.1+cu130,152.2,0.6
nn_32_relu,[32],ReLU,2,5,10,0.5,1400,1120,1.0,0.0162642832672088,0.0006709446663397,7.073969999997644,6.78125,-1552384,1162,1162,9296,4648,-1,cpu,1,2.14.1+cu130,80.6,0.0
mle,,,5,10,2,1.0,600,600,0.3777777777777777,0.1411472465482545,0.0123870985310563,0.0590420000080484,0.046875,0,70,35,560,560,-1,cpu,1,2.14.1+cu130,,
nn_linear,[],linear,5,10,2,1.0,600,480,0.3777777777777777,0.1683077110733376,0.0021355745159556,8.210418899994693,7.5625,-3219456,90,90,720,360,-1,cpu,1,2.14.1+cu130,153.9,0.4
nn_32_relu,[32],ReLU,5,10,2,1.0,600,480,0.3777777777777777,0.031828519195387,0.0004604970338521,8.560564100000192,7.828125,-1343488,2100,2100,16800,8400,-1,cpu,1,2.14.1+cu130,102.0,0.2
mle,,,5,10,2,1.0,1000,1000,0.3777777777777777,0.1254943047504597,0.0123652924947593,0.067450499991537,0.0625,0,70,35,560,560,-1,cpu,1,2.14.1+cu130,,
nn_linear,[],linear,5,10,2,1.0,1000,800,0.3777777777777777,0.1344434173875309,0.0025911429116457,13.166217499994673,12.234375,-3837952,90,90,720,360,-1,cpu,1,2.14.1+cu130,154.6,0.5
nn_32_relu,[32],ReLU,5,10,2,1.0,1000,800,0.3777777777777777,0.0166782573617981,0.0003192742420131,11.789451400007238,11.34375,-987136,2100,2100,16800,8400,-1,cpu,1,2.14.1+cu130,94.9,0.0
mle,,,5,10,2,1.0,1400,1400,0.3777777777777777,0.0491351192936508,0.0039524122256386,0.0616592000005766,0.046875,4096,70,35,560,560,-1,cpu,1,2.14.1+cu130,,
nn_linear,[],linear,5,10,2,1.0,1400,1120,0.3777777777777777,0.1230481582429397,0.0016747531932388,13.900193800000125,13.1875,-3309568,90,90,720,360,-1,cpu,1,2.14.1+cu130,122.8,0.1
nn_32_relu,[32],ReLU,5,10,2,1.0,1400,1120,0.3777777777777777,0.0280035878102511,0.0003717557993418,14.062465700000756,13.359375,-1179648,2100,2100,16800,8400,-1,cpu,1,2.14.1+cu130,80.4,0.1
mle,,,4,5,10,0.5,600,600,1.0,0.1408920420802792,0.0083394816124698,0.0404887999902712,0.046875,0,62,31,496,496,-1,cpu,1,2.14.1+cu130,,
nn_linear,[],linear,4,5,10,0.5,600,480,1.0,0.2165341134199006,0.0037287197533861,5.332901900008437,4.828125,-3112960,52,52,416,208,-1,cpu,1,2.14.1+cu130,192.2,0.8
nn_32_relu,[32],ReLU,4,5,10,0.5,600,480,1.0,0.0419579580361158,0.0012930441913529,3.626047900004778,3.40625,-1568768,1162,1162,9296,4648,-1,cpu,1,2.14.1+cu130,88.6,0.2
mle,,,4,5,10,0.5,1000,1000,1.0,0.1017031929992502,0.0072783975197091,0.0318256000027759,0.0,8192,62,31,496,496,-1,cpu,1,2.14.1+cu130,,
nn_linear,[],linear,4,5,10,0.5,1000,800,1.0,0.1936512513015695,0.0035517217639697,5.761006300002919,5.484375,-3485696,52,52,416,208,-1,cpu,1,2.14.1+cu130,135.8,0.4
nn_32_relu,[32],ReLU,4,5,10,0.5,1000,800,1.0,0.0397299344363514,0.0011473342861145,6.046305099996971,5.390625,-1810432,1162,1162,9296,4648,-1,cpu,1,2.14.1+cu130,87.4,0.2
mle,,,4,5,10,0.5,1400,1400,1.0,0.0616123648842413,0.0036849211064137,0.0340938000008463,0.046875,0,62,31,496,496,-1,cpu,1,2.14.1+cu130,,
nn_linear,[],linear,4,5,10,0.5,1400,1120,1.0,0.1821602037235472,0.0038909651634141,10.471156300001894,9.546875,-4337664,52,52,416,208,-1,cpu,1,2.14.1+cu130,172.8,0.6
nn_32_relu,[32],ReLU,4,5,10,0.5,1400,1120,1.0,0.0179600299344325,0.0009637408783025,8.35674810000637,7.546875,-1507328,1162,1162,9296,4648,-1,cpu,1,2.14.1+cu130,90.4,0.0
mle,,,3,5,10,0.5,600,600,1.0,0.0936810022933269,0.0060337069204154,0.0317522999976063,0.03125,0,62,31,496,496,-1,cpu,1,2.14.1+cu130,,
nn_linear,[],linear,3,5,10,0.5,600,480,1.0,0.2754162764617988,0.0047608566864567,5.01046309999947,4.46875,-3411968,52,52,416,208,-1,cpu,1,2.14.1+cu130,179.4,0.8
nn_32_relu,[32],ReLU,3,5,10,0.5,600,480,1.0,0.0531360961031437,0.001387738368136,3.943993099994259,3.65625,-1921024,1162,1162,9296,4648,-1,cpu,1,2.14.1+cu130,98.4,0.0
mle,,,3,5,10,0.5,1000,1000,1.0,0.0595308245505368,0.0060238201895086,0.0320791999984066,0.03125,0,62,31,496,496,-1,cpu,1,2.14.1+cu130,,
nn_linear,[],linear,3,5,10,0.5,1000,800,1.0,0.2447696962858946,0.0046622798861148,7.082327600001008,6.625,-4026368,52,52,416,208,-1,cpu,1,2.14.1+cu130,166.0,0.6
nn_32_relu,[32],ReLU,3,5,10,0.5,1000,800,1.0,0.0196152829659294,0.0008857445549821,6.63080670000636,5.796875,-1708032,1162,1162,9296,4648,-1,cpu,1,2.14.1+cu130,96.6,0.2
mle,,,3,5,10,0.5,1400,1400,1.0,0.0582366216170545,0.0060243246602463,0.0341775999986566,0.03125,0,62,31,496,496,-1,cpu,1,2.14.1+cu130,,
nn_linear,[],linear,3,5,10,0.5,1400,1120,1.0,0.237569521552728,0.00487509715713,9.588335899999947,8.59375,-3137536,52,52,416,208,-1,cpu,1,2.14.1+cu130,156.6,0.6
nn_32_relu,[32],ReLU,3,5,10,0.5,1400,1120,1.0,0.0147998361557164,0.0004617047807312,9.989247599994997,9.03125,-1630208,1162,1162,9296,4648,-1,cpu,1,2.14.1+cu130,108.4,0.4
mle,,,1,5,10,1.0,600,600,1.0,0.0813079550193998,0.0035678609489686,0.03194970000186,0.03125,0,62,31,496,496,-1,cpu,1,2.14.1+cu130,,
nn_linear,[],linear,1,5,10,1.0,600,480,1.0,0.1214600997683379,0.0012878963921094,2.981390799992369,2.90625,-3239936,52,52,416,208,-1,cpu,1,2.14.1+cu130,116.2,0.2
nn_32_relu,[32],ReLU,1,5,10,1.0,600,480,1.0,0.0329108606033086,0.0002574435867158,3.5188457000040216,3.375,-1912832,1162,1162,9296,4648,-1,cpu,1,2.14.1+cu130,86.4,0.2
mle,,,1,5,10,1.0,1000,1000,1.0,0.0757530387891795,0.0036088483363795,0.0320338000019546,0.046875,0,62,31,496,496,-1,cpu,1,2.14.1+cu130,,
nn_linear,[],linear,1,5,10,1.0,1000,800,1.0,0.1037626752287263,0.0018042849722566,4.529918200001703,4.3125,-3866624,52,52,416,208,-1,cpu,1,2.14.1+cu130,109.2,0.2
nn_32_relu,[32],ReLU,1,5,10,1.0,1000,800,1.0,0.0144711044887178,0.0001593384291667,6.128029299987247,5.453125,-2236416,1162,1162,9296,4648,-1,cpu,1,2.14.1+cu130,87.8,0.0
mle,,,1,5,10,1.0,1400,1400,1.0,0.0239306949124507,0.0012613665976813,0.0363791999989189,0.046875,0,62,31,496,496,-1,cpu,1,2.14.1+cu130,,
nn_linear,[],linear,1,5,10,1.0,1400,1120,1.0,0.104668546471916,0.0016009821482895,4.198400399996899,3.84375,-3637248,52,52,416,208,-1,cpu,1,2.14.1+cu130,71.4,0.0
nn_32_relu,[32],ReLU,1,5,10,1.0,1400,1120,1.0,0.0140642067762349,0.0001489568279155,6.341915099998005,5.578125,-2486272,1162,1162,9296,4648,-1,cpu,1,2.14.1+cu130,67.2,0.0
mle,,,3,5,10,1.0,600,600,1.0,0.0944293559821425,0.0066845723586376,0.0304027000092901,0.03125,0,62,31,496,496,-1,cpu,1,2.14.1+cu130,,
nn_linear,[],linear,3,5,10,1.0,600,480,1.0,0.3589073844604247,0.0027677504325045,4.320738200010965,4.09375,24576,52,52,416,208,-1,cpu,1,2.14.1+cu130,162.6,0.2
nn_32_relu,[32],ReLU,3,5,10,1.0,600,480,1.0,0.0320815156157057,0.0005290821153471,4.753517400007695,4.46875,-6250496,1162,1162,9296,4648,-1,cpu,1,2.14.1+cu130,117.2,0.2
mle,,,3,5,10,1.0,1000,1000,1.0,0.0330385182713725,0.0002948033165903,0.0373476999957347,0.015625,8192,62,31,496,496,-1,cpu,1,2.14.1+cu130,,
nn_linear,[],linear,3,5,10,1.0,1000,800,1.0,0.3496177919809712,0.0029731531201294,4.276363199998741,4.109375,-3682304,52,52,416,208,-1,cpu,1,2.14.1+cu130,102.4,0.0
nn_32_relu,[32],ReLU,3,5,10,1.0,1000,800,1.0,0.0235358994409485,0.0004707702008176,6.593870700002299,6.109375,-1957888,1162,1162,9296,4648,-1,cpu,1,2.14.1+cu130,101.0,0.0
mle,,,3,5,10,1.0,1400,1400,1.0,0.0271471030643579,0.000302010439555,0.0347363000037148,0.015625,0,62,31,496,496,-1,cpu,1,2.14.1+cu130,,
nn_linear,[],linear,3,5,10,1.0,1400,1120,1.0,0.3492493100783436,0.0028359433350405,4.3943391000066185,4.078125,73728,52,52,416,208,-1,cpu,1,2.14.1+cu130,75.0,0.0
nn_32_relu,[32],ReLU,3,5,10,1.0,1400,1120,1.0,0.0115491669164187,0.0004183750697048,7.066822399996454,6.78125,-3842048,1162,1162,9296,4648,-1,cpu,1,2.14.1+cu130,82.6,0.0
mle,,,2,5,10,1.0,600,600,1.0,0.2620502013678972,0.0145681650929537,0.0317655999970156,0.03125,0,62,31,496,496,-1,cpu,1,2.14.1+cu130,,
nn_linear,[],linear,2,5,10,1.0,600,480,1.0,0.1418313749877764,0.0031247234588633,4.888677700000699,4.765625,61440,52,52,416,208,-1,cpu,1,2.14.1+cu130,194.6,0.8
nn_32_relu,[32],ReLU,2,5,10,1.0,600,480,1.0,0.0522242491410805,0.0017498798564153,3.2558874000096694,3.140625,-4947968,1162,1162,9296,4648,-1,cpu,1,2.14.1+cu130,83.6,0.0
mle,,,2,5,10,1.0,1000,1000,1.0,0.1991179598558082,0.0152802613502728,0.0307869000098435,0.03125,0,62,31,496,496,-1,cpu,1,2.14.1+cu130,,
nn_linear,[],linear,2,5,10,1.0,1000,800,1.0,0.1400626872964146,0.0035630426898459,6.74803350000002,6.546875,-4108288,52,52,416,208,-1,cpu,1,2.14.1+cu130,168.4,0.2
nn_32_relu,[32],ReLU,2,5,10,1.0,1000,800,1.0,0.0221242205544537,0.0012435103741957,6.50222589999612,6.046875,-1511424,1162,1162,9296,4648,-1,cpu,1,2.14.1+cu130,101.2,0.0
mle,,,2,5,10,1.0,1400,1400,1.0,0.1095190788217233,0.007990102349982,0.0320573999924818,0.03125,0,62,31,496,496,-1,cpu,1,2.14.1+cu130,,
nn_linear,[],linear,2,5,10,1.0,1400,1120,1.0,0.1354293492020351,0.0032488149123826,5.101284800010035,4.953125,-4132864,52,52,416,208,-1,cpu,1,2.14.1+cu130,92.4,0.0
nn_32_relu,[32],ReLU,2,5,10,1.0,1400,1120,1.0,0.0127115406381204,0.0004069210521013,8.017657200005488,7.8125,-1736704,1162,1162,9296,4648,-1,cpu,1,2.14.1+cu130,93.4,0.0
mle,,,5,5,10,1.0,600,600,1.0,0.0436377403014395,0.0016911700589075,0.0343958000012207,0.03125,0,62,31,496,496,-1,cpu,1,2.14.1+cu130,,
nn_linear,[],linear,5,5,10,1.0,600,480,1.0,0.3118365355765102,0.0007815964971777,2.759792099997867,2.53125,4096,52,52,416,208,-1,cpu,1,2.14.1+cu130,101.8,0.0
nn_32_relu,[32],ReLU,5,5,10,1.0,600,480,1.0,0.0349028614940751,0.0002754861574018,3.875564399990253,3.625,-3629056,1162,1162,9296,4648,-1,cpu,1,2.14.1+cu130,94.2,0.2
mle,,,5,5,10,1.0,1000,1000,1.0,0.0327595425099595,0.0017289075732487,0.0302164000022457,0.03125,0,62,31,496,496,-1,cpu,1,2.14.1+cu130,,
nn_linear,[],linear,5,5,10,1.0,1000,800,1.0,0.2961476895484013,0.0008071185258487,5.365143000002718,5.171875,-3264512,52,52,416,208,-1,cpu,1,2.14.1+cu130,131.4,0.0
nn_32_relu,[32],ReLU,5,5,10,1.0,1000,800,1.0,0.0211824356883455,0.0002966873203055,5.368215299997246,4.984375,-1892352,1162,1162,9296,4648,-1,cpu,1,2.14.1+cu130,84.0,0.2
mle,,,5,5,10,1.0,1400,1400,1.0,0.0206263020674112,0.0016885031234588,0.0296637999999802,0.03125,0,62,31,496,496,-1,cpu,1,2.14.1+cu130,,
nn_linear,[],linear,5,5,10,1.0,1400,1120,1.0,0.2938222031333191,0.0010159838285253,5.311428700006218,4.828125,-3866624,52,52,416,208,-1,cpu,1,2.14.1+cu130,89.4,0.0
nn_32_relu,[32],ReLU,5,5,10,1.0,1400,1120,1.0,0.0154895164552102,0.0001420908778595,7.393709299998591,6.890625,-1761280,1162,1162,9296,4648,-1,cpu,1,2.14.1+cu130,83.6,0.0
mle,,,5,5,10,0.5,600,600,1.0,0.132935474209238,0.004404618840295,0.0326370999973733,0.03125,0,62,31,496,496,-1,cpu,1,2.14.1+cu130,,
nn_linear,[],linear,5,5,10,0.5,600,480,1.0,0.17030983563234,0.0023379495337954,5.3523770999890985,4.90625,-5427200,52,52,416,208,-1,cpu,1,2.14.1+cu130,200.0,1.0
nn_32_relu,[32],ReLU,5,5,10,0.5,600,480,1.0,0.0459459086972101,0.0006683842291475,3.5172828000067966,3.328125,-1724416,1162,1162,9296,4648,-1,cpu,1,2.14.1+cu130,87.8,0.0
mle,,,5,5,10,0.5,1000,1000,1.0,0.0826491131390209,0.0044413010877274,0.0310662000119918,0.03125,0,62,31,496,496,-1,cpu,1,2.14.1+cu130,,
nn_linear,[],linear,5,5,10,0.5,1000,800,1.0,0.1336622743432577,0.0031095442770156,7.196780900005251,6.9375,-5189632,52,52,416,208,-1,cpu,1,2.14.1+cu130,174.6,0.8
nn_32_relu,[32],ReLU,5,5,10,0.5,1000,800,1.0,0.0182345989158496,0.0003358181559529,6.333281999992323,5.921875,-1515520,1162,1162,9296,4648,-1,cpu,1,2.14.1+cu130,93.0,0.2
mle,,,5,5,10,0.5,1400,1400,1.0,0.0748353998897127,0.0044309708841095,0.031133000011323,0.03125,0,62,31,496,496,-1,cpu,1,2.14.1+cu130,,
nn_linear,[],linear,5,5,10,0.5,1400,1120,1.0,0.1299007416904086,0.0033500140730542,10.531667000002926,9.15625,-4861952,52,52,416,208,-1,cpu,1,2.14.1+cu130,172.2,0.6
nn_32_relu,[32],ReLU,5,5,10,0.5,1400,1120,1.0,0.0159882133840254,0.0002785808772513,8.461816700000782,7.734375,-1650688,1162,1162,9296,4648,-1,cpu,1,2.14.1+cu130,91.6,0.2
mle,,,4,5,10,1.0,600,600,1.0,0.296051464383587,0.0161009477009536,0.0296524000004865,0.03125,0,62,31,496,496,-1,cpu,1,2.14.1+cu130,,
nn_linear,[],linear,4,5,10,1.0,600,480,1.0,0.1110732987029682,0.0013064922786093,5.267278400002397,4.875,-5144576,52,52,416,208,-1,cpu,1,2.14.1+cu130,200.0,1.0
nn_32_relu,[32],ReLU,4,5,10,1.0,600,480,1.0,0.0362805398035523,0.0009922740697764,4.570887499998207,4.28125,-2105344,1162,1162,9296,4648,-1,cpu,1,2.14.1+cu130,111.6,0.2
mle,,,4,5,10,1.0,1000,1000,1.0,0.152970368697494,0.0096024733610799,0.0300994999997783,0.03125,4096,62,31,496,496,-1,cpu,1,2.14.1+cu130,,
nn_linear,[],linear,4,5,10,1.0,1000,800,1.0,0.0598600318239109,0.0014293533092639,7.406459999998333,6.921875,-4452352,52,52,416,208,-1,cpu,1,2.14.1+cu130,174.4,0.4
nn_32_relu,[32],ReLU,4,5,10,1.0,1000,800,1.0,0.0151227520806186,0.0003414196254632,6.927905799995642,6.34375,-1744896,1162,1162,9296,4648,-1,cpu,1,2.14.1+cu130,105.2,0.2
mle,,,4,5,10,1.0,1400,1400,1.0,0.045787297581069,0.0050550663599783,0.0319461000035516,0.03125,0,62,31,496,496,-1,cpu,1,2.14.1+cu130,,
nn_linear,[],linear,4,5,10,1.0,1400,1120,1.0,0.0582856861145921,0.0013744854324844,9.195203399998718,8.828125,-3227648,52,52,416,208,-1,cpu,1,2.14.1+cu130,164.0,0.4
nn_32_relu,[32],ReLU,4,5,10,1.0,1400,1120,1.0,0.0191614697634831,0.0006158357976008,6.958026300009806,6.359375,-1937408,1162,1162,9296,4648,-1,cpu,1,2.14.1+cu130,78.2,0.0
mle,,,1,5,6,0.1,600,600,1.0,0.0319914234872855,0.0003352389216914,0.0298508999985642,0.03125,0,62,31,496,496,-1,cpu,1,2.14.1+cu130,,
nn_linear,[],linear,1,5,6,0.1,600,480,1.0,0.1491767765084087,0.0016612168908963,5.215945899995859,4.984375,-5742592,52,52,416,208,-1,cpu,1,2.14.1+cu130,200.0,1.0
nn_32_relu,[32],ReLU,1,5,6,0.1,600,480,1.0,0.0196403082965312,0.0019115939591532,4.633307500000228,4.40625,-1490944,1162,1162,9296,4648,-1,cpu,1,2.14.1+cu130,118.0,0.4
mle,,,1,5,6,0.1,1000,1000,1.0,0.0298434534721276,0.0003240438984123,0.0345826000120723,0.03125,0,62,31,496,496,-1,cpu,1,2.14.1+cu130,,
nn_linear,[],linear,1,5,6,0.1,1000,800,1.0,0.06473074073414,0.0015943571056208,7.262468600005377,6.421875,-2969600,52,52,416,208,-1,cpu,1,2.14.1+cu130,162.6,0.6
nn_32_relu,[32],ReLU,1,5,6,0.1,1000,800,1.0,0.0121992278675293,0.0022854557660714,9.363246900000377,8.53125,-1540096,1162,1162,9296,4648,-1,cpu,1,2.14.1+cu130,137.0,0.4
mle,,,1,5,6,0.1,1400,1400,1.0,0.0028527211882428,0.00025732393701,0.0282674999907612,0.03125,0,62,31,496,496,-1,cpu,1,2.14.1+cu130,,
nn_linear,[],linear,1,5,6,0.1,1400,1120,1.0,0.0359075658970032,0.0018296670747316,10.705570599995552,9.59375,-2736128,52,52,416,208,-1,cpu,1,2.14.1+cu130,175.8,0.6
nn_32_relu,[32],ReLU,1,5,6,0.1,1400,1120,1.0,0.0189703291918654,0.0020500251030101,6.738946199999191,6.5,-2162688,1162,1162,9296,4648,-1,cpu,1,2.14.1+cu130,77.6,0.0
mle,,,2,5,6,0.1,600,600,1.0,0.1045765747825285,0.0069451109105433,0.0323590000043623,0.015625,0,62,31,496,496,-1,cpu,1,2.14.1+cu130,,
nn_linear,[],linear,2,5,6,0.1,600,480,1.0,0.2082357550842191,0.0015355929944889,5.143233499999042,4.828125,-4628480,52,52,416,208,-1,cpu,1,2.14.1+cu130,200.0,1.0
nn_32_relu,[32],ReLU,2,5,6,0.1,600,480,1.0,0.0187026501138851,0.0011747904587714,3.622261100012111,3.515625,-2142208,1162,1162,9296,4648,-1,cpu,1,2.14.1+cu130,94.2,0.2
mle,,,2,5,6,0.1,1000,1000,1.0,0.0396050877511768,0.006111942129773,0.0295853999996325,0.03125,8192,62,31,496,496,-1,cpu,1,2.14.1+cu130,,
nn_linear,[],linear,2,5,6,0.1,1000,800,1.0,0.0326546351378046,0.0009381455920052,8.372580399998697,7.75,-3821568,52,52,416,208,-1,cpu,1,2.14.1+cu130,200.0,1.0
nn_32_relu,[32],ReLU,2,5,6,0.1,1000,800,1.0,0.004384125757534,0.0003958381297984,6.919493599998532,6.5,-1880064,1162,1162,9296,4648,-1,cpu,1,2.14.1+cu130,107.2,0.2
mle,,,2,5,6,0.1,1400,1400,1.0,0.0380281754248599,0.0061115312150665,0.0405685000005178,0.015625,0,62,31,496,496,-1,cpu,1,2.14.1+cu130,,
nn_linear,[],linear,2,5,6,0.1,1400,1120,1.0,0.0211795156437306,0.0007133291906464,11.16610689999652,10.625,-3751936,52,52,416,208,-1,cpu,1,2.14.1+cu130,200.0,1.0
nn_32_relu,[32],ReLU,2,5,6,0.1,1400,1120,1.0,0.003018709023753,0.000614881042783,10.183937899986631,9.890625,-1695744,1162,1162,9296,4648,-1,cpu,1,2.14.1+cu130,118.8,0.0
mle,,,1,5,6,0.5,600,600,1.0,0.1597087315083998,0.0086110027328434,0.0323091000027488,0.03125,0,62,31,496,496,-1,cpu,1,2.14.1+cu130,,
nn_linear,[],linear,1,5,6,0.5,600,480,1.0,0.1788782700924537,0.0034083758166594,4.562380200004554,4.25,-5746688,52,52,416,208,-1,cpu,1,2.14.1+cu130,176.2,0.8
nn_32_relu,[32],ReLU,1,5,6,0.5,600,480,1.0,0.038352265309718,0.001321280889696,2.944402399996761,2.71875,-851968,1162,1162,9296,4648,-1,cpu,1,2.14.1+cu130,71.4,0.0
mle,,,1,5,6,0.5,1000,1000,1.0,0.0970439712597786,0.0056639351697276,0.0310728000040398,0.03125,0,62,31,496,496,-1,cpu,1,2.14.1+cu130,,
nn_linear,[],linear,1,5,6,0.5,1000,800,1.0,0.1172552750659054,0.0031050645649882,6.929603299999144,6.296875,-5627904,52,52,416,208,-1,cpu,1,2.14.1+cu130,160.8,0.6
nn_32_relu,[32],ReLU,1,5,6,0.5,1000,800,1.0,0.0162437377457571,0.000586322451788,8.007298600001377,7.515625,-1646592,1162,1162,9296,4648,-1,cpu,1,2.14.1+cu130,123.4,0.4
mle,,,1,5,6,0.5,1400,1400,1.0,0.0595464805205035,0.0035050571869108,0.0329453000013018,0.015625,0,62,31,496,496,-1,cpu,1,2.14.1+cu130,,
nn_linear,[],linear,1,5,6,0.5,1400,1120,1.0,0.0825581027270891,0.0038405860188446,9.016703200002668,8.359375,-4292608,52,52,416,208,-1,cpu,1,2.14.1+cu130,159.6,0.6
nn_32_relu,[32],ReLU,1,5,6,0.5,1400,1120,1.0,0.015780338468649,0.000857883380832,6.389570799990906,6.078125,-1368064,1162,1162,9296,4648,-1,cpu,1,2.14.1+cu130,73.6,0.0
mle,,,3,5,6,0.1,600,600,1.0,0.0192054478806848,0.0001946906702408,0.0281765000108862,0.03125,28672,62,31,496,496,-1,cpu,1,2.14.1+cu130,,
nn_linear,[],linear,3,5,6,0.1,600,480,1.0,0.0704350046815092,0.0004059545101046,5.099762499987264,4.84375,16384,52,52,416,208,-1,cpu,1,2.14.1+cu130,198.2,0.8
nn_32_relu,[32],ReLU,3,5,6,0.1,600,480,1.0,0.0065988905548229,0.0003053190282282,5.860733199995593,5.546875,-4632576,1162,1162,9296,4648,-1,cpu,1,2.14.1+cu130,151.2,0.4
mle,,,3,5,6,0.1,1000,1000,1.0,0.020537359620408,0.0001966424998875,0.0283758000005036,0.03125,8192,62,31,496,496,-1,cpu,1,2.14.1+cu130,,
nn_linear,[],linear,3,5,6,0.1,1000,800,1.0,0.0310989684890274,0.0003395688030991,8.010594699997455,7.875,-5210112,52,52,416,208,-1,cpu,1,2.14.1+cu130,200.0,1.0
nn_32_relu,[32],ReLU,3,5,6,0.1,1000,800,1.0,0.0053904197655514,0.0001834287255224,8.568053800001508,8.1875,-1695744,1162,1162,9296,4648,-1,cpu,1,2.14.1+cu130,136.2,0.2
mle,,,3,5,6,0.1,1400,1400,1.0,0.0189882998666708,0.0001926628183973,0.029607999997097,0.015625,4096,62,31,496,496,-1,cpu,1,2.14.1+cu130,,
nn_linear,[],linear,3,5,6,0.1,1400,1120,1.0,0.0258019227342583,0.0002498082004343,10.642641699989326,10.203125,-4313088,52,52,416,208,-1,cpu,1,2.14.1+cu130,191.8,0.8
nn_32_relu,[32],ReLU,3,5,6,0.1,1400,1120,1.0,0.0050262551301237,0.0002365762190178,9.403892799993628,9.03125,-1757184,1162,1162,9296,4648,-1,cpu,1,2.14.1+cu130,109.2,0.2
mle,,,1,5,6,1.0,600,600,1.0,0.0409833417566773,0.0012548152680603,0.0334979000035673,0.046875,0,62,31,496,496,-1,cpu,1,2.14.1+cu130,,
nn_linear,[],linear,1,5,6,1.0,600,480,1.0,0.3095397089842628,0.0024838451639504,2.7736240999947768,2.65625,0,52,52,416,208,-1,cpu,1,2.14.1+cu130,106.4,0.0
nn_32_relu,[32],ReLU,1,5,6,1.0,600,480,1.0,0.0355666114278565,0.0006652825314254,2.949733100002049,2.75,-6062080,1162,1162,9296,4648,-1,cpu,1,2.14.1+cu130,74.0,0.2
mle,,,1,5,6,1.0,1000,1000,1.0,0.0193403113195706,0.0011741774239422,0.0331000000005587,0.03125,0,62,31,496,496,-1,cpu,1,2.14.1+cu130,,
nn_linear,[],linear,1,5,6,1.0,1000,800,1.0,0.32284746546388,0.0024819948476504,2.7089553000114392,2.46875,-4894720,52,52,416,208,-1,cpu,1,2.14.1+cu130,64.4,0.0
nn_32_relu,[32],ReLU,1,5,6,1.0,1000,800,1.0,0.044723366514241,0.0003294300982086,4.6413183999975445,4.28125,-1921024,1162,1162,9296,4648,-1,cpu,1,2.14.1+cu130,72.2,0.0
mle,,,1,5,6,1.0,1400,1400,1.0,0.011878211872479,0.0001452449505658,0.0349362999986624,0.015625,0,62,31,496,496,-1,cpu,1,2.14.1+cu130,,
nn_linear,[],linear,1,5,6,1.0,1400,1120,1.0,0.3062705123145876,0.0022836308660691,4.505554899995332,4.234375,-3698688,52,52,416,208,-1,cpu,1,2.14.1+cu130,77.6,0.0
nn_32_relu,[32],ReLU,1,5,6,1.0,1400,1120,1.0,0.0208324768519023,0.0002021915348181,7.036740199997439,6.46875,-1212416,1162,1162,9296,4648,-1,cpu,1,2.14.1+cu130,76.0,0.0
mle,,,2,5,6,0.5,600,600,1.0,0.1532912874529196,0.01311593961341,0.0435282999969786,0.046875,0,62,31,496,496,-1,cpu,1,2.14.1+cu130,,
nn_linear,[],linear,2,5,6,0.5,600,480,1.0,0.2795240964213385,0.0021114961784811,5.269545200004359,4.703125,61440,52,52,416,208,-1,cpu,1,2.14.1+cu130,193.2,0.8
nn_32_relu,[32],ReLU,2,5,6,0.5,600,480,1.0,0.0431825450491893,0.0013309112055081,4.311387199995806,4.15625,-5976064,1162,1162,9296,4648,-1,cpu,1,2.14.1+cu130,110.0,0.0
mle,,,2,5,6,0.5,1000,1000,1.0,0.1290863106074622,0.0130370345806204,0.0294762999983504,0.03125,0,62,31,496,496,-1,cpu,1,2.14.1+cu130,,
nn_linear,[],linear,2,5,6,0.5,1000,800,1.0,0.2197898789335066,0.0020623330571869,7.253817899996648,6.828125,-5177344,52,52,416,208,-1,cpu,1,2.14.1+cu130,173.6,0.4
nn_32_relu,[32],ReLU,2,5,6,0.5,1000,800,1.0,0.0168601772635408,0.0009356271432974,5.849998399993638,5.453125,-1626112,1162,1162,9296,4648,-1,cpu,1,2.14.1+cu130,90.2,0.0
mle,,,2,5,6,0.5,1400,1400,1.0,0.0864456810207398,0.0097652534812082,0.0322606999980052,0.03125,0,62,31,496,496,-1,cpu,1,2.14.1+cu130,,
nn_linear,[],linear,2,5,6,0.5,1400,1120,1.0,0.2204208487155125,0.0021885356704801,9.454043200006709,8.828125,-4718592,52,52,416,208,-1,cpu,1,2.14.1+cu130,162.0,0.6
nn_32_relu,[32],ReLU,2,5,6,0.5,1400,1120,1.0,0.0484347186636251,0.0010552965298066,4.940706000008504,4.671875,-1220608,1162,1162,9296,4648,-1,cpu,1,2.14.1+cu130,55.4,0.0
mle,,,3,5,6,0.5,600,600,1.0,0.2038800070314932,0.011527402141114,0.0293060999974841,0.03125,0,62,31,496,496,-1,cpu,1,2.14.1+cu130,,
nn_linear,[],linear,3,5,6,0.5,600,480,1.0,0.1859403312217857,0.003123358549618,4.875573400000576,4.625,-3915776,52,52,416,208,-1,cpu,1,2.14.1+cu130,187.6,0.6
nn_32_relu,[32],ReLU,3,5,6,0.5,600,480,1.0,0.031209317713863,0.002507203802962,4.082881700000144,3.9375,-2576384,1162,1162,9296,4648,-1,cpu,1,2.14.1+cu130,106.0,0.2
mle,,,3,5,6,0.5,1000,1000,1.0,0.0310343590408143,0.0023653545188258,0.0322846000053687,0.015625,4096,62,31,496,496,-1,cpu,1,2.14.1+cu130,,
nn_linear,[],linear,3,5,6,0.5,1000,800,1.0,0.1670670071475304,0.0030700092262426,6.397167400005856,6.046875,-5148672,52,52,416,208,-1,cpu,1,2.14.1+cu130,158.4,0.4
nn_32_relu,[32],ReLU,3,5,6,0.5,1000,800,1.0,0.0289706190736871,0.0012687282801905,4.924409300001571,4.796875,-1576960,1162,1162,9296,4648,-1,cpu,1,2.14.1+cu130,80.0,0.0
mle,,,3,5,6,0.5,1400,1400,1.0,0.0287149437533447,0.0023590068041918,0.0317667000053916,0.03125,0,62,31,496,496,-1,cpu,1,2.14.1+cu130,,
nn_linear,[],linear,3,5,6,0.5,1400,1120,1.0,0.1568845097181732,0.0036895685357086,9.865314299997408,9.21875,-4583424,52,52,416,208,-1,cpu,1,2.14.1+cu130,164.8,0.2
nn_32_relu,[32],ReLU,3,5,6,0.5,1400,1120,1.0,0.0194544502358886,0.0018413884624584,7.703633099998115,7.21875,-1290240,1162,1162,9296,4648,-1,cpu,1,2.14.1+cu130,83.4,0.0
mle,,,5,5,6,0.1,600,600,1.0,0.0192196870709194,0.0005892096177669,0.0338573999906657,0.03125,4096,62,31,496,496,-1,cpu,1,2.14.1+cu130,,
nn_linear,[],linear,5,5,6,0.1,600,480,1.0,0.2127222622711156,0.0010388400207699,5.5549966000107815,4.9375,-3432448,52,52,416,208,-1,cpu,1,2.14.1+cu130,200.0,1.0
nn_32_relu,[32],ReLU,5,5,6,0.1,600,480,1.0,0.007481257000968,0.0026134661250034,7.245244200006709,6.625,-2166784,1162,1162,9296,4648,-1,cpu,1,2.14.1+cu130,173.8,0.4
mle,,,5,5,6,0.1,1000,1000,1.0,0.0192196870709194,0.0005892096177669,0.0304472999996505,0.03125,8192,62,31,496,496,-1,cpu,1,2.14.1+cu130,,
nn_linear,[],linear,5,5,6,0.1,1000,800,1.0,0.0758545468412371,0.0011613227139834,8.858373700000811,7.875,-5165056,52,52,416,208,-1,cpu,1,2.14.1+cu130,200.0,1.0
nn_32_relu,[32],ReLU,5,5,6,0.1,1000,800,1.0,0.0070523319634715,0.002373419956542,9.299571700001252,8.46875,-1601536,1162,1162,9296,4648,-1,cpu,1,2.14.1+cu130,140.0,0.0
mle,,,5,5,6,0.1,1400,1400,1.0,0.0082364728337406,0.0007065014093648,0.0305138999974587,0.03125,0,62,31,496,496,-1,cpu,1,2.14.1+cu130,,
nn_linear,[],linear,5,5,6,0.1,1400,1120,1.0,0.0358910145151388,0.0013371510273608,12.033142200001748,11.203125,-4014080,52,52,416,208,-1,cpu,1,2.14.1+cu130,200.0,1.0
nn_32_relu,[32],ReLU,5,5,6,0.1,1400,1120,1.0,0.0088571964070468,0.0017206961803436,7.411936400007107,6.84375,-1355776,1162,1162,9296,4648,-1,cpu,1,2.14.1+cu130,81.2,0.0
mle,,,4,5,6,0.1,600,600,1.0,0.0169764747672469,0.0004930854932722,0.0294076999998651,0.03125,0,62,31,496,496,-1,cpu,1,2.14.1+cu130,,
nn_linear,[],linear,4,5,6,0.1,600,480,1.0,0.1945766475233902,0.0015885580355945,4.861458499988657,4.578125,-3076096,52,52,416,208,-1,cpu,1,2.14.1+cu130,189.4,0.8
nn_32_relu,[32],ReLU,4,5,6,0.1,600,480,1.0,0.0104624141838578,0.0001046637004889,6.471687899989775,5.859375,-2023424,1162,1162,9296,4648,-1,cpu,1,2.14.1+cu130,158.2,0.4
mle,,,4,5,6,0.1,1000,1000,1.0,0.0164450308539673,0.0004946079674123,0.028543600012199,0.03125,0,62,31,496,496,-1,cpu,1,2.14.1+cu130,,
nn_linear,[],linear,4,5,6,0.1,1000,800,1.0,0.0962070516036082,0.0008038006814021,8.535997799990582,7.90625,-3706880,52,52,416,208,-1,cpu,1,2.14.1+cu130,200.0,1.0
nn_32_relu,[32],ReLU,4,5,6,0.1,1000,800,1.0,0.0040705441128629,9.657719082667049e-05,8.866893099999288,7.828125,-2064384,1162,1162,9296,4648,-1,cpu,1,2.14.1+cu130,128.0,0.4
mle,,,4,5,6,0.1,1400,1400,1.0,0.0073988873893577,0.0002926452377924,0.0315740999940317,0.03125,0,62,31,496,496,-1,cpu,1,2.14.1+cu130,,
nn_linear,[],linear,4,5,6,0.1,1400,1120,1.0,0.0341542517757336,0.0003778434362416,10.076799200003734,9.546875,-3674112,52,52,416,208,-1,cpu,1,2.14.1+cu130,174.8,0.8
nn_32_relu,[32],ReLU,4,5,6,0.1,1400,1120,1.0,0.0014165864448243,3.882111519587565e-05,12.126601600000868,11.453125,-1814528,1162,1162,9296,4648,-1,cpu,1,2.14.1+cu130,135.6,0.0
mle,,,4,5,6,0.5,600,600,1.0,0.1970311203084958,0.0162475710270441,0.0444306999997934,0.03125,0,62,31,496,496,-1,cpu,1,2.14.1+cu130,,
nn_linear,[],linear,4,5,6,0.5,600,480,1.0,0.1998421455873736,0.0034003477980385,4.969668699995964,4.734375,12288,52,52,416,208,-1,cpu,1,2.14.1+cu130,190.2,0.6
nn_32_relu,[32],ReLU,4,5,6,0.5,600,480,1.0,0.0266409874128335,0.0007485440935103,3.4886570000089705,3.328125,-5959680,1162,1162,9296,4648,-1,cpu,1,2.14.1+cu130,89.8,0.2
mle,,,4,5,6,0.5,1000,1000,1.0,0.0606204557810988,0.0032012392956329,0.0297316999931354,0.03125,0,62,31,496,496,-1,cpu,1,2.14.1+cu130,,
nn_linear,[],linear,4,5,6,0.5,1000,800,1.0,0.1208187952893809,0.0027542142569788,8.237366899993503,7.578125,-3915776,52,52,416,208,-1,cpu,1,2.14.1+cu130,197.4,0.8
nn_32_relu,[32],ReLU,4,5,6,0.5,1000,800,1.0,0.0106428985971597,0.000599304193615,6.411693499991088,6.046875,-1814528,1162,1162,9296,4648,-1,cpu,1,2.14.1+cu130,99.6,0.0
mle,,,4,5,6,0.5,1400,1400,1.0,0.0523107204982611,0.0014710070619044,0.0297224000096321,0.03125,0,62,31,496,496,-1,cpu,1,2.14.1+cu130,,
nn_linear,[],linear,4,5,6,0.5,1400,1120,1.0,0.1017453697785748,0.0030705070353247,7.823189199989429,7.203125,-3014656,52,52,416,208,-1,cpu,1,2.14.1+cu130,136.8,0.2
nn_32_relu,[32],ReLU,4,5,6,0.5,1400,1120,1.0,0.0263937959383446,0.0009460363178623,5.859829200009699,5.640625,-2400256,1162,1162,9296,4648,-1,cpu,1,2.14.1+cu130,68.4,0.0
mle,,,2,5,6,1.0,600,600,1.0,0.0948726776245177,0.0084779107354824,0.0300521999888587,0.03125,0,62,31,496,496,-1,cpu,1,2.14.1+cu130,,
nn_linear,[],linear,2,5,6,1.0,600,480,1.0,0.1461177582945501,0.0011950867132126,3.991499999989173,3.546875,-3690496,52,52,416,208,-1,cpu,1,2.14.1+cu130,143.4,0.4
nn_32_relu,[32],ReLU,2,5,6,1.0,600,480,1.0,0.053330055115707,0.0007755165433991,2.379253399994923,2.1875,-1380352,1162,1162,9296,4648,-1,cpu,1,2.14.1+cu130,59.2,0.0
mle,,,2,5,6,1.0,1000,1000,1.0,0.0783116184929581,0.0086226908102631,0.0312740000081248,0.03125,4096,62,31,496,496,-1,cpu,1,2.14.1+cu130,,
nn_linear,[],linear,2,5,6,1.0,1000,800,1.0,0.0629997557439773,0.0010132895140366,7.403953000000911,6.640625,-4456448,52,52,416,208,-1,cpu,1,2.14.1+cu130,169.8,0.6
nn_32_relu,[32],ReLU,2,5,6,1.0,1000,800,1.0,0.0228895219708624,0.0008563452918771,4.456228700000793,3.96875,-1421312,1162,1162,9296,4648,-1,cpu,1,2.14.1+cu130,65.0,0.0
mle,,,2,5,6,1.0,1400,1400,1.0,0.0505669068953785,0.0063869249797107,0.0310777999984566,0.03125,8192,62,31,496,496,-1,cpu,1,2.14.1+cu130,,
nn_linear,[],linear,2,5,6,1.0,1400,1120,1.0,0.0719089813171387,0.0011781894921716,4.832481599994935,4.53125,-3244032,52,52,416,208,-1,cpu,1,2.14.1+cu130,81.8,0.2
nn_32_relu,[32],ReLU,2,5,6,1.0,1400,1120,1.0,0.0115404485843488,0.00022610990824,5.527296800006297,4.953125,-1970176,1162,1162,9296,4648,-1,cpu,1,2.14.1+cu130,60.0,0.0
mle,,,5,5,6,0.5,600,600,1.0,0.0733281139932578,0.0034569622764011,0.0325030999956652,0.03125,4096,62,31,496,496,-1,cpu,1,2.14.1+cu130,,
nn_linear,[],linear,5,5,6,0.5,600,480,1.0,0.2010659592781812,0.0036685400095559,5.029227199993329,4.875,-4456448,52,52,416,208,-1,cpu,1,2.14.1+cu130,200.0,1.0
nn_32_relu,[32],ReLU,5,5,6,0.5,600,480,1.0,0.0226989512171452,0.0016640504297219,5.353664299997035,5.078125,-1966080,1162,1162,9296,4648,-1,cpu,1,2.14.1+cu130,138.2,0.2
mle,,,5,5,6,0.5,1000,1000,1.0,0.0665113214066031,0.0034147439308068,0.0296679000020958,0.03125,4096,62,31,496,496,-1,cpu,1,2.14.1+cu130,,
nn_linear,[],linear,5,5,6,0.5,1000,800,1.0,0.1061935470252281,0.0027614095602852,7.5009409000049345,7.25,-5640192,52,52,416,208,-1,cpu,1,2.14.1+cu130,186.8,0.8
nn_32_relu,[32],ReLU,5,5,6,0.5,1000,800,1.0,0.019033123486638,0.0021073157981124,8.128812499999185,7.9375,-1662976,1162,1162,9296,4648,-1,cpu,1,2.14.1+cu130,130.4,0.0
mle,,,5,5,6,0.5,1400,1400,1.0,0.0406194489166756,0.0060323512387612,0.0316734000080032,0.03125,0,62,31,496,496,-1,cpu,1,2.14.1+cu130,,
nn_linear,[],linear,5,5,6,0.5,1400,1120,1.0,0.0956273508009836,0.0025533101835646,10.370426400011638,9.453125,-4169728,52,52,416,208,-1,cpu,1,2.14.1+cu130,176.0,0.6
nn_32_relu,[32],ReLU,5,5,6,0.5,1400,1120,1.0,0.017186624627822,0.00150249891075,8.59374480000406,7.96875,-1323008,1162,1162,9296,4648,-1,cpu,1,2.14.1+cu130,93.0,0.0
mle,,,4,5,6,1.0,600,600,1.0,0.1948570146589654,0.0129405045659952,0.029893599989009,0.03125,0,62,31,496,496,-1,cpu,1,2.14.1+cu130,,
nn_linear,[],linear,4,5,6,1.0,600,480,1.0,0.1454632264574598,0.0023175744799164,3.735673600007431,3.625,-3469312,52,52,416,208,-1,cpu,1,2.14.1+cu130,146.8,0.4
nn_32_relu,[32],ReLU,4,5,6,1.0,600,480,1.0,0.0526356689358865,0.0013711602164342,3.205547100005788,2.84375,-1888256,1162,1162,9296,4648,-1,cpu,1,2.14.1+cu130,74.2,0.0
mle,,,4,5,6,1.0,1000,1000,1.0,0.0710083655312766,0.0071243232470513,0.0344791999959852,0.03125,0,62,31,496,496,-1,cpu,1,2.14.1+cu130,,
nn_linear,[],linear,4,5,6,1.0,1000,800,1.0,0.1484477596602284,0.0022794338291582,3.598988500001724,3.296875,-2875392,52,52,416,208,-1,cpu,1,2.14.1+cu130,83.8,0.0
nn_32_relu,[32],ReLU,4,5,6,1.0,1000,800,1.0,0.0261976531114013,0.0004317389306298,4.235806899989257,3.671875,-2342912,1162,1162,9296,4648,-1,cpu,1,2.14.1+cu130,60.4,0.0
mle,,,4,5,6,1.0,1400,1400,1.0,0.0700639571873229,0.0071404190610824,0.0313084999943384,0.03125,0,62,31,496,496,-1,cpu,1,2.14.1+cu130,,
nn_linear,[],linear,4,5,6,1.0,1400,1120,1.0,0.1413986218205864,0.0024327184932931,5.900273199993535,5.703125,-2060288,52,52,416,208,-1,cpu,1,2.14.1+cu130,106.0,0.0
nn_32_relu,[32],ReLU,4,5,6,1.0,1400,1120,1.0,0.0155307441627239,0.0004948856847909,8.267989200001466,8.078125,-2359296,1162,1162,9296,4648,-1,cpu,1,2.14.1+cu130,95.6,0.0
mle,,,5,5,6,1.0,600,600,1.0,0.1430384372751201,0.0066006488989381,0.0309757000068202,0.03125,0,62,31,496,496,-1,cpu,1,2.14.1+cu130,,
nn_linear,[],linear,5,5,6,1.0,600,480,1.0,0.239477744517423,0.0021088816692517,3.1214795999985654,3.015625,45056,52,52,416,208,-1,cpu,1,2.14.1+cu130,126.0,0.2
nn_32_relu,[32],ReLU,5,5,6,1.0,600,480,1.0,0.0615388009231173,0.0003240161748749,5.059678000005079,4.875,-5898240,1162,1162,9296,4648,-1,cpu,1,2.14.1+cu130,132.2,0.0
mle,,,5,5,6,1.0,1000,1000,1.0,0.1145636100287766,0.0064555314540995,0.0307551999867428,0.03125,4096,62,31,496,496,-1,cpu,1,2.14.1+cu130,,
nn_linear,[],linear,5,5,6,1.0,1000,800,1.0,0.2035340345407887,0.0026586924101866,4.466793099985807,4.046875,-4833280,52,52,416,208,-1,cpu,1,2.14.1+cu130,104.6,0.0
nn_32_relu,[32],ReLU,5,5,6,1.0,1000,800,1.0,0.0145338220795734,0.0002443278387559,6.957234100002097,6.703125,-1536000,1162,1162,9296,4648,-1,cpu,1,2.14.1+cu130,110.4,0.0
mle,,,5,5,6,1.0,1400,1400,1.0,0.115698398259976,0.0064301255784338,0.0319320999988121,0.03125,4096,62,31,496,496,-1,cpu,1,2.14.1+cu130,,
nn_linear,[],linear,5,5,6,1.0,1400,1120,1.0,0.2027710533555811,0.0027483051658018,5.506027800001903,4.84375,-2482176,52,52,416,208,-1,cpu,1,2.14.1+cu130,90.4,0.0
nn_32_relu,[32],ReLU,5,5,6,1.0,1400,1120,1.0,0.0122928612790139,0.0002054386322507,8.002797299996018,7.453125,-1806336,1162,1162,9296,4648,-1,cpu,1,2.14.1+cu130,87.8,0.0
mle,,,3,5,6,1.0,600,600,1.0,0.3351732441122728,0.0159934788340956,0.0287972999940393,0.03125,0,62,31,496,496,-1,cpu,1,2.14.1+cu130,,
nn_linear,[],linear,3,5,6,1.0,600,480,1.0,0.1662248890411491,0.0036139318034604,4.509906299994327,4.265625,-4788224,52,52,416,208,-1,cpu,1,2.14.1+cu130,168.4,0.6
nn_32_relu,[32],ReLU,3,5,6,1.0,600,480,1.0,0.0798629332134002,0.0021326670552315,2.19980289999512,2.0625,-1830912,1162,1162,9296,4648,-1,cpu,1,2.14.1+cu130,55.6,0.0
mle,,,3,5,6,1.0,1000,1000,1.0,0.0698065999256213,0.0055585223937603,0.0301269000046886,0.03125,0,62,31,496,496,-1,cpu,1,2.14.1+cu130,,
nn_linear,[],linear,3,5,6,1.0,1000,800,1.0,0.1389488845457496,0.0042190301408917,7.980653200007509,7.40625,-3338240,52,52,416,208,-1,cpu,1,2.14.1+cu130,189.2,0.8
nn_32_relu,[32],ReLU,3,5,6,1.0,1000,800,1.0,0.0155687020591007,0.0003570732310026,5.984936499997275,5.421875,-1495040,1162,1162,9296,4648,-1,cpu,1,2.14.1+cu130,89.6,0.0
mle,,,3,5,6,1.0,1400,1400,1.0,0.01400184643515,0.0004136143259892,0.0348756000021239,0.015625,0,62,31,496,496,-1,cpu,1,2.14.1+cu130,,
nn_linear,[],linear,3,5,6,1.0,1400,1120,1.0,0.1351679679413049,0.004190109534459,10.760428099994895,10.25,-4157440,52,52,416,208,-1,cpu,1,2.14.1+cu130,184.0,0.4
nn_32_relu,[32],ReLU,3,5,6,1.0,1400,1120,1.0,0.0134370441572632,0.0003633112441924,7.457698899990646,7.015625,-1441792,1162,1162,9296,4648,-1,cpu,1,2.14.1+cu130,81.4,0.0
mle,,,1,5,4,0.5,600,600,1.0,0.1872475543020537,0.0073237671964776,0.0298887999961152,0.03125,0,62,31,496,496,-1,cpu,1,2.14.1+cu130,,
nn_linear,[],linear,1,5,4,0.5,600,480,1.0,0.228736761858039,0.0018491006807339,4.990987600001972,4.875,-4296704,52,52,416,208,-1,cpu,1,2.14.1+cu130,197.6,0.8
nn_32_relu,[32],ReLU,1,5,4,0.5,600,480,1.0,0.0281703547143678,0.000636578199758,3.615348699997412,3.53125,-1810432,1162,1162,9296,4648,-1,cpu,1,2.14.1+cu130,92.2,0.0
mle,,,1,5,4,0.5,1000,1000,1.0,0.06800388227591,0.0047537399285065,0.0376951999933226,0.015625,0,62,31,496,496,-1,cpu,1,2.14.1+cu130,,
nn_linear,[],linear,1,5,4,0.5,1000,800,1.0,0.1623976429057397,0.0020848984217199,6.583786599992891,6.203125,-4911104,52,52,416,208,-1,cpu,1,2.14.1+cu130,157.0,0.2
nn_32_relu,[32],ReLU,1,5,4,0.5,1000,800,1.0,0.0253622557085322,0.000730595579112,4.7897557000105735,4.546875,-1572864,1162,1162,9296,4648,-1,cpu,1,2.14.1+cu130,77.0,0.0
mle,,,1,5,4,0.5,1400,1400,1.0,0.0544419352030236,0.0039017061627285,0.0290586999908555,0.03125,0,62,31,496,496,-1,cpu,1,2.14.1+cu130,,
nn_linear,[],linear,1,5,4,0.5,1400,1120,1.0,0.1522318045025735,0.002327081756881,6.075513800009503,5.59375,-3698688,52,52,416,208,-1,cpu,1,2.14.1+cu130,105.6,0.2
nn_32_relu,[32],ReLU,1,5,4,0.5,1400,1120,1.0,0.016385282359996,0.0006272072716432,5.167074299999513,4.71875,-1241088,1162,1162,9296,4648,-1,cpu,1,2.14.1+cu130,56.2,0.0
mle,,,1,5,4,0.1,600,600,1.0,0.0108580129222615,0.0001971818068637,0.0302336000022478,0.03125,0,62,31,496,496,-1,cpu,1,2.14.1+cu130,,
nn_linear,[],linear,1,5,4,0.1,600,480,1.0,0.3633134660127264,0.0011004897792487,5.074092599999858,4.796875,-5779456,52,52,416,208,-1,cpu,1,2.14.1+cu130,200.0,1.0
nn_32_relu,[32],ReLU,1,5,4,0.1,600,480,1.0,0.0096842423746573,0.0007864405070826,4.766835800008266,4.546875,-1994752,1162,1162,9296,4648,-1,cpu,1,2.14.1+cu130,123.0,0.2
mle,,,1,5,4,0.1,1000,1000,1.0,0.0058057284834034,0.000196893648813,0.0282249000010779,0.03125,0,62,31,496,496,-1,cpu,1,2.14.1+cu130,,
nn_linear,[],linear,1,5,4,0.1,1000,800,1.0,0.1978074730180381,0.0007171888690596,6.188919599997462,5.875,-4698112,52,52,416,208,-1,cpu,1,2.14.1+cu130,150.2,0.6
nn_32_relu,[32],ReLU,1,5,4,0.1,1000,800,1.0,0.00964245943313,0.0008677369103289,6.811202400000184,6.453125,-1744896,1162,1162,9296,4648,-1,cpu,1,2.14.1+cu130,108.4,0.2
mle,,,1,5,4,0.1,1400,1400,1.0,0.0053844871906438,0.0001974660965029,0.0293117000110214,0.03125,0,62,31,496,496,-1,cpu,1,2.14.1+cu130,,
nn_linear,[],linear,1,5,4,0.1,1400,1120,1.0,0.0432666011987728,0.000632204899654,8.490907799990964,8.078125,-3801088,52,52,416,208,-1,cpu,1,2.14.1+cu130,152.2,0.6
nn_32_relu,[32],ReLU,1,5,4,0.1,1400,1120,1.0,0.0042578559452858,0.0010494373680985,9.8622968000127,9.25,-1646592,1162,1162,9296,4648,-1,cpu,1,2.14.1+cu130,108.2,0.2
mle,,,2,5,4,0.1,600,600,1.0,0.0051001753825222,0.0001959921256283,0.0333285999950021,0.03125,0,62,31,496,496,-1,cpu,1,2.14.1+cu130,,
nn_linear,[],linear,2,5,4,0.1,600,480,1.0,0.138943287322037,0.0010657798177797,5.216226799995638,4.90625,61440,52,52,416,208,-1,cpu,1,2.14.1+cu130,200.0,1.0
nn_32_relu,[32],ReLU,2,5,4,0.1,600,480,1.0,0.0016469648289256,0.000430885784842,7.738210499999695,7.265625,-4571136,1162,1162,9296,4648,-1,cpu,1,2.14.1+cu130,191.4,0.8
mle,,,2,5,4,0.1,1000,1000,1.0,0.0044900682806381,0.0027118285887648,0.0302421999949729,0.015625,16384,62,31,496,496,-1,cpu,1,2.14.1+cu130,,
nn_linear,[],linear,2,5,4,0.1,1000,800,1.0,0.0788304973944124,0.0019181040791229,7.886958999995841,7.578125,-4956160,52,52,416,208,-1,cpu,1,2.14.1+cu130,194.6,0.8
nn_32_relu,[32],ReLU,2,5,4,0.1,1000,800,1.0,0.016409426757797,0.0012819257673244,5.472031900004367,5.1875,-1413120,1162,1162,9296,4648,-1,cpu,1,2.14.1+cu130,88.2,0.0
mle,,,2,5,4,0.1,1400,1400,1.0,0.0041181616125783,0.0027118530735115,0.0298632999911205,0.03125,0,62,31,496,496,-1,cpu,1,2.14.1+cu130,,
nn_linear,[],linear,2,5,4,0.1,1400,1120,1.0,0.0390323823850483,0.0012427287726622,11.098819499995445,10.765625,-4173824,52,52,416,208,-1,cpu,1,2.14.1+cu130,200.0,1.0
nn_32_relu,[32],ReLU,2,5,4,0.1,1400,1120,1.0,0.0011608774033356,0.0003985975455169,14.568635200004792,12.96875,-1740800,1162,1162,9296,4648,-1,cpu,1,2.14.1+cu130,153.0,0.4
mle,,,3,5,4,0.1,600,600,1.0,0.0221839453270654,0.0005469430355579,0.0281454999931156,0.03125,0,62,31,496,496,-1,cpu,1,2.14.1+cu130,,
nn_linear,[],linear,3,5,4,0.1,600,480,1.0,0.1624128892234004,2.30883947153698e-05,5.158781399994041,4.84375,-4055040,52,52,416,208,-1,cpu,1,2.14.1+cu130,192.0,0.8
nn_32_relu,[32],ReLU,3,5,4,0.1,600,480,1.0,0.0042728793704533,8.521002883921835e-05,6.596100099995965,6.078125,-1372160,1162,1162,9296,4648,-1,cpu,1,2.14.1+cu130,160.2,0.6
mle,,,3,5,4,0.1,1000,1000,1.0,0.0007302529533571,5.329433757631537e-08,0.0285410000069532,0.03125,0,62,31,496,496,-1,cpu,1,2.14.1+cu130,,
nn_linear,[],linear,3,5,4,0.1,1000,800,1.0,0.0904092180122985,1.0211300077781316e-05,7.759597500000382,7.203125,-3366912,52,52,416,208,-1,cpu,1,2.14.1+cu130,184.6,0.8
nn_32_relu,[32],ReLU,3,5,4,0.1,1000,800,1.0,0.002102573917778,2.3325973215789494e-06,7.929942100003245,7.515625,-1765376,1162,1162,9296,4648,-1,cpu,1,2.14.1+cu130,122.4,0.0
mle,,,3,5,4,0.1,1400,1400,1.0,0.000660929973593,3.066310033365468e-07,0.0289458000042941,0.03125,0,62,31,496,496,-1,cpu,1,2.14.1+cu130,,
nn_linear,[],linear,3,5,4,0.1,1400,1120,1.0,0.0448774270110348,6.54404828490156e-06,12.166026999999303,10.34375,-4386816,52,52,416,208,-1,cpu,1,2.14.1+cu130,186.0,0.8
nn_32_relu,[32],ReLU,3,5,4,0.1,1400,1120,1.0,0.0009747220562879,3.931427950459102e-06,11.19791339999938,10.0625,-1630208,1162,1162,9296,4648,-1,cpu,1,2.14.1+cu130,119.8,0.2
mle,,,2,5,4,0.5,600,600,1.0,0.0620587276300003,0.0044411696531985,0.0298535999900195,0.03125,0,62,31,496,496,-1,cpu,1,2.14.1+cu130,,
nn_linear,[],linear,2,5,4,0.5,600,480,1.0,0.0939287214439698,0.0019140953757435,4.260636899998644,4.03125,-3768320,52,52,416,208,-1,cpu,1,2.14.1+cu130,164.2,0.6
nn_32_relu,[32],ReLU,2,5,4,0.5,600,480,1.0,0.0232418449028457,0.0015984299417584,3.716726400001789,3.609375,-1351680,1162,1162,9296,4648,-1,cpu,1,2.14.1+cu130,96.0,0.0
mle,,,2,5,4,0.5,1000,1000,1.0,0.0644752985030193,0.0043956660082659,0.0303299000079277,0.03125,0,62,31,496,496,-1,cpu,1,2.14.1+cu130,,
nn_linear,[],linear,2,5,4,0.5,1000,800,1.0,0.0646162877402297,0.0024821600077206,6.897858100011945,6.671875,-4554752,52,52,416,208,-1,cpu,1,2.14.1+cu130,171.8,0.8
nn_32_relu,[32],ReLU,2,5,4,0.5,1000,800,1.0,0.0235560706560201,0.0018352470284343,6.474343900001259,6.09375,-1363968,1162,1162,9296,4648,-1,cpu,1,2.14.1+cu130,101.6,0.0
mle,,,2,5,4,0.5,1400,1400,1.0,0.064906822178433,0.0043876567051468,0.0385257000016281,0.046875,0,62,31,496,496,-1,cpu,1,2.14.1+cu130,,
nn_linear,[],linear,2,5,4,0.5,1400,1120,1.0,0.0421544670007064,0.0029154719164964,11.81969129999925,10.765625,-2805760,52,52,416,208,-1,cpu,1,2.14.1+cu130,197.6,0.8
nn_32_relu,[32],ReLU,2,5,4,0.5,1400,1120,1.0,0.0256250283552892,0.0012303429320426,10.856352800008608,10.109375,-1441792,1162,1162,9296,4648,-1,cpu,1,2.14.1+cu130,122.6,0.2
mle,,,1,5,4,1.0,600,600,1.0,0.0478558510629931,0.0057940505359309,0.0324121000012382,0.03125,0,62,31,496,496,-1,cpu,1,2.14.1+cu130,,
nn_linear,[],linear,1,5,4,1.0,600,480,1.0,0.1174711353194229,0.0011200317703716,3.520738000006532,3.234375,-5730304,52,52,416,208,-1,cpu,1,2.14.1+cu130,130.0,0.0
nn_32_relu,[32],ReLU,1,5,4,1.0,600,480,1.0,0.0382671826377456,0.0009178428346038,3.317809200001648,3.171875,-1327104,1162,1162,9296,4648,-1,cpu,1,2.14.1+cu130,85.4,0.2
mle,,,1,5,4,1.0,1000,1000,1.0,0.0446172156617685,0.0057937509811206,0.0302741000050446,0.03125,0,62,31,496,496,-1,cpu,1,2.14.1+cu130,,
nn_linear,[],linear,1,5,4,1.0,1000,800,1.0,0.1069820997547297,0.0010850675609732,5.194398099993123,4.40625,-3489792,52,52,416,208,-1,cpu,1,2.14.1+cu130,110.4,0.0
nn_32_relu,[32],ReLU,1,5,4,1.0,1000,800,1.0,0.0240083398621434,0.0005874869872437,4.681641500006663,4.3125,-1499136,1162,1162,9296,4648,-1,cpu,1,2.14.1+cu130,70.8,0.0
mle,,,1,5,4,1.0,1400,1400,1.0,0.0399605855304121,0.0057735652521128,0.0299276000005193,0.03125,0,62,31,496,496,-1,cpu,1,2.14.1+cu130,,
nn_linear,[],linear,1,5,4,1.0,1400,1120,1.0,0.1104888580905622,0.0010776339582934,7.054470999995829,6.796875,-2482176,52,52,416,208,-1,cpu,1,2.14.1+cu130,125.4,0.2
nn_32_relu,[32],ReLU,1,5,4,1.0,1400,1120,1.0,0.0288183408611752,0.0008157063195007,3.8549217999971006,3.5625,-2027520,1162,1162,9296,4648,-1,cpu,1,2.14.1+cu130,43.4,0.0
mle,,,4,5,4,0.5,600,600,1.0,0.0739446875933319,0.0026973312214768,0.0332583999988855,0.03125,0,62,31,496,496,-1,cpu,1,2.14.1+cu130,,
nn_linear,[],linear,4,5,4,0.5,600,480,1.0,0.2161784586397226,0.0023031515107228,4.290289500000654,3.984375,12288,52,52,416,208,-1,cpu,1,2.14.1+cu130,156.0,0.6
nn_32_relu,[32],ReLU,4,5,4,0.5,600,480,1.0,0.0480089505798388,0.0006218500333594,4.764519699994708,4.203125,-5931008,1162,1162,9296,4648,-1,cpu,1,2.14.1+cu130,110.2,0.2
mle,,,4,5,4,0.5,1000,1000,1.0,0.0632540823070237,0.0026692203888532,0.0326760000025387,0.015625,0,62,31,496,496,-1,cpu,1,2.14.1+cu130,,
nn_linear,[],linear,4,5,4,0.5,1000,800,1.0,0.2028627881270445,0.0020972408126917,8.314409999991767,7.453125,-5185536,52,52,416,208,-1,cpu,1,2.14.1+cu130,189.4,0.6
nn_32_relu,[32],ReLU,4,5,4,0.5,1000,800,1.0,0.0176521706821467,0.0002015248710637,7.983670599991456,6.53125,-1425408,1162,1162,9296,4648,-1,cpu,1,2.14.1+cu130,104.6,0.2
mle,,,4,5,4,0.5,1400,1400,1.0,0.0596945429583903,0.0026858248701323,0.0496001999999862,0.03125,0,62,31,496,496,-1,cpu,1,2.14.1+cu130,,
nn_linear,[],linear,4,5,4,0.5,1400,1120,1.0,0.2058902291750709,0.0020445260881285,6.252248500008136,5.859375,-2740224,52,52,416,208,-1,cpu,1,2.14.1+cu130,105.0,0.0
nn_32_relu,[32],ReLU,4,5,4,0.5,1400,1120,1.0,0.0249351917276764,0.0008386557824372,7.707674799996312,6.71875,-1855488,1162,1162,9296,4648,-1,cpu,1,2.14.1+cu130,81.4,0.0
mle,,,3,5,4,0.5,600,600,1.0,0.2360050284524924,0.0140716558433384,0.040381900005741,0.046875,0,62,31,496,496,-1,cpu,1,2.14.1+cu130,,
nn_linear,[],linear,3,5,4,0.5,600,480,1.0,0.1888992308927913,0.0033077797052917,5.220343000008143,4.75,32768,52,52,416,208,-1,cpu,1,2.14.1+cu130,189.8,0.8
nn_32_relu,[32],ReLU,3,5,4,0.5,600,480,1.0,0.0292658454987021,0.0025904383090784,5.45547020000231,5.125,-4276224,1162,1162,9296,4648,-1,cpu,1,2.14.1+cu130,135.4,0.2
mle,,,3,5,4,0.5,1000,1000,1.0,0.1301983548160979,0.0095814749024785,0.0351239000010537,0.03125,0,62,31,496,496,-1,cpu,1,2.14.1+cu130,,
nn_linear,[],linear,3,5,4,0.5,1000,800,1.0,0.0992088442986384,0.0036323999804986,8.43800259999989,7.875,-5201920,52,52,416,208,-1,cpu,1,2.14.1+cu130,200.0,1.0
nn_32_relu,[32],ReLU,3,5,4,0.5,1000,800,1.0,0.0120991555113355,0.0012914461878221,9.299575600001845,8.34375,-1265664,1162,1162,9296,4648,-1,cpu,1,2.14.1+cu130,135.0,0.0
mle,,,3,5,4,0.5,1400,1400,1.0,0.0356335246182069,0.0039219087638067,0.0505195000005187,0.03125,0,62,31,496,496,-1,cpu,1,2.14.1+cu130,,
nn_linear,[],linear,3,5,4,0.5,1400,1120,1.0,0.0758875347700507,0.0038852556227007,9.047603300001356,8.046875,-4820992,52,52,416,208,-1,cpu,1,2.14.1+cu130,149.4,0.6
nn_32_relu,[32],ReLU,3,5,4,0.5,1400,1120,1.0,0.006112093609422,0.000392987036717,9.011410100007195,8.609375,-1306624,1162,1162,9296,4648,-1,cpu,1,2.14.1+cu130,104.2,0.0
mle,,,5,5,4,0.1,600,600,1.0,0.0118535529147409,0.0003941961192357,0.0320631999929901,0.03125,0,62,31,496,496,-1,cpu,1,2.14.1+cu130,,
nn_linear,[],linear,5,5,4,0.1,600,480,1.0,0.1939625163062177,0.0010443902598054,5.558407099990291,4.953125,-4485120,52,52,416,208,-1,cpu,1,2.14.1+cu130,200.0,1.0
nn_32_relu,[32],ReLU,5,5,4,0.1,600,480,1.0,0.0078717098100391,0.0007042350565087,6.324328299990157,5.859375,-1515520,1162,1162,9296,4648,-1,cpu,1,2.14.1+cu130,154.8,0.4
mle,,,5,5,4,0.1,1000,1000,1.0,0.0104261167795698,0.0003918255106023,0.035137200000463,0.046875,0,62,31,496,496,-1,cpu,1,2.14.1+cu130,,
nn_linear,[],linear,5,5,4,0.1,1000,800,1.0,0.0535250286032061,0.0008566989733937,8.253569599997718,7.484375,-3219456,52,52,416,208,-1,cpu,1,2.14.1+cu130,186.2,0.8
nn_32_relu,[32],ReLU,5,5,4,0.1,1000,800,1.0,0.0062711012903773,0.000773247694416,8.680551800003741,7.75,-1810432,1162,1162,9296,4648,-1,cpu,1,2.14.1+cu130,127.4,0.4
mle,,,5,5,4,0.1,1400,1400,1.0,0.0102043943202531,0.0003907380547441,0.0320626999891828,0.03125,0,62,31,496,496,-1,cpu,1,2.14.1+cu130,,
nn_linear,[],linear,5,5,4,0.1,1400,1120,1.0,0.0324604846870059,0.000857420954839,11.110865399998149,9.421875,-2777088,52,52,416,208,-1,cpu,1,2.14.1+cu130,167.4,0.8
nn_32_relu,[32],ReLU,5,5,4,0.1,1400,1120,1.0,0.0050630592075601,0.0009247098753785,10.150162999998429,9.0,-1761280,1162,1162,9296,4648,-1,cpu,1,2.14.1+cu130,107.6,0.0
mle,,,5,5,4,0.5,600,600,1.0,0.0203410625952769,0.0006314724543754,0.0313671000039903,0.03125,0,62,31,496,496,-1,cpu,1,2.14.1+cu130,,
nn_linear,[],linear,5,5,4,0.5,600,480,1.0,0.1511760078762835,0.0010307548425832,5.068384800004424,4.671875,-4710400,52,52,416,208,-1,cpu,1,2.14.1+cu130,191.0,0.8
nn_32_relu,[32],ReLU,5,5,4,0.5,600,480,1.0,0.0392025741758455,0.0006199011333597,4.272739399995771,3.96875,-1118208,1162,1162,9296,4648,-1,cpu,1,2.14.1+cu130,105.4,0.0
mle,,,5,5,4,0.5,1000,1000,1.0,0.0087794232681305,7.351795744610349e-05,0.0330332000012276,0.03125,0,62,31,496,496,-1,cpu,1,2.14.1+cu130,,
nn_linear,[],linear,5,5,4,0.5,1000,800,1.0,0.0773897422044083,0.0012053120798797,5.562291100010043,5.265625,-4513792,52,52,416,208,-1,cpu,1,2.14.1+cu130,130.8,0.4
nn_32_relu,[32],ReLU,5,5,4,0.5,1000,800,1.0,0.0687565847838936,0.0010659406792155,7.407934399991063,6.328125,-2043904,1162,1162,9296,4648,-1,cpu,1,2.14.1+cu130,99.6,0.2
mle,,,5,5,4,0.5,1400,1400,1.0,0.0079580540544419,0.0001422536771432,0.0302841999946394,0.015625,0,62,31,496,496,-1,cpu,1,2.14.1+cu130,,
nn_linear,[],linear,5,5,4,0.5,1400,1120,1.0,0.0674234813011735,0.0010861759461384,7.420991100007086,7.015625,-3362816,52,52,416,208,-1,cpu,1,2.14.1+cu130,129.4,0.4
nn_32_relu,[32],ReLU,5,5,4,0.5,1400,1120,1.0,0.0222481230580522,0.000484271254085,5.408857199989143,4.75,-1785856,1162,1162,9296,4648,-1,cpu,1,2.14.1+cu130,57.4,0.0
mle,,,4,5,4,0.1,600,600,1.0,0.0257027723844166,0.0005759925063524,0.0441133999993326,0.03125,8192,62,31,496,496,-1,cpu,1,2.14.1+cu130,,
nn_linear,[],linear,4,5,4,0.1,600,480,1.0,0.2449816606085564,0.0020822285660799,4.806082799987053,4.171875,20480,52,52,416,208,-1,cpu,1,2.14.1+cu130,169.6,0.8
nn_32_relu,[32],ReLU,4,5,4,0.1,600,480,1.0,0.0374500481519001,0.0023687656632981,4.570176599998376,4.171875,-5025792,1162,1162,9296,4648,-1,cpu,1,2.14.1+cu130,109.4,0.4
mle,,,4,5,4,0.1,1000,1000,1.0,0.0257681655341028,0.0005740914393223,0.0298532000015256,0.015625,0,62,31,496,496,-1,cpu,1,2.14.1+cu130,,
nn_linear,[],linear,4,5,4,0.1,1000,800,1.0,0.076298855911926,0.0023365673557434,8.981329400005052,8.046875,-4882432,52,52,416,208,-1,cpu,1,2.14.1+cu130,200.0,1.0
nn_32_relu,[32],ReLU,4,5,4,0.1,1000,800,1.0,0.0186642430070138,0.0023591959396848,7.559904500012635,6.609375,-1556480,1162,1162,9296,4648,-1,cpu,1,2.14.1+cu130,108.6,0.4
mle,,,4,5,4,0.1,1400,1400,1.0,0.0173627210505733,0.0001881064887674,0.0298201999976299,0.03125,0,62,31,496,496,-1,cpu,1,2.14.1+cu130,,
nn_linear,[],linear,4,5,4,0.1,1400,1120,1.0,0.0373607077556796,0.0023775949016337,12.2524415999942,10.453125,-3977216,52,52,416,208,-1,cpu,1,2.14.1+cu130,187.0,0.8
nn_32_relu,[32],ReLU,4,5,4,0.1,1400,1120,1.0,0.0034118480848687,0.0005052230474114,13.212391599998227,12.0625,-1380352,1162,1162,9296,4648,-1,cpu,1,2.14.1+cu130,140.0,0.4
mle,,,2,5,4,1.0,600,600,1.0,0.0758107569134012,0.0035905786192515,0.030781499997829,0.03125,0,62,31,496,496,-1,cpu,1,2.14.1+cu130,,
nn_linear,[],linear,2,5,4,1.0,600,480,1.0,0.162225552269916,0.004101250662285,4.340781699997024,4.015625,-5255168,52,52,416,208,-1,cpu,1,2.14.1+cu130,163.4,0.4
nn_32_relu,[32],ReLU,2,5,4,1.0,600,480,1.0,0.035405244900865,0.0006028355953398,3.802415300000576,3.5,-1527808,1162,1162,9296,4648,-1,cpu,1,2.14.1+cu130,89.0,0.2
mle,,,2,5,4,1.0,1000,1000,1.0,0.0676946200456988,0.0035847769795373,0.0566025000007357,0.015625,0,62,31,496,496,-1,cpu,1,2.14.1+cu130,,
nn_linear,[],linear,2,5,4,1.0,1000,800,1.0,0.1283559027755619,0.0048241527282636,7.044107499998063,5.8125,-4882432,52,52,416,208,-1,cpu,1,2.14.1+cu130,146.6,0.0
nn_32_relu,[32],ReLU,2,5,4,1.0,1000,800,1.0,0.0176312647851979,0.0003081480817765,4.113315099995816,4.015625,-1810432,1162,1162,9296,4648,-1,cpu,1,2.14.1+cu130,67.4,0.0
mle,,,2,5,4,1.0,1400,1400,1.0,0.0641483432655129,0.0035837848424118,0.030909299995983,0.03125,0,62,31,496,496,-1,cpu,1,2.14.1+cu130,,
nn_linear,[],linear,2,5,4,1.0,1400,1120,1.0,0.1245312179631358,0.0060493916852261,8.93712790000427,8.171875,-3969024,52,52,416,208,-1,cpu,1,2.14.1+cu130,150.8,0.2
nn_32_relu,[32],ReLU,2,5,4,1.0,1400,1120,1.0,0.0180231831441498,0.0005544570080519,7.365682500007097,6.8125,-1515520,1162,1162,9296,4648,-1,cpu,1,2.14.1+cu130,82.0,0.0
mle,,,3,5,4,1.0,600,600,1.0,0.185768830051356,0.0127865868124715,0.0570358999975724,0.046875,0,62,31,496,496,-1,cpu,1,2.14.1+cu130,,
nn_linear,[],linear,3,5,4,1.0,600,480,1.0,0.1171579177891338,0.0010747303915523,4.70051880000392,3.921875,-4268032,52,52,416,208,-1,cpu,1,2.14.1+cu130,156.2,0.4
nn_32_relu,[32],ReLU,3,5,4,1.0,600,480,1.0,0.070226921335287,0.0010690810963707,2.015937300006044,1.984375,-897024,1162,1162,9296,4648,-1,cpu,1,2.14.1+cu130,52.2,0.0
mle,,,3,5,4,1.0,1000,1000,1.0,0.1525648358025079,0.0113917945323289,0.0304018999886466,0.03125,4096,62,31,496,496,-1,cpu,1,2.14.1+cu130,,
nn_linear,[],linear,3,5,4,1.0,1000,800,1.0,0.1057230404634514,0.0011320494350786,6.194412499986356,6.046875,-3059712,52,52,416,208,-1,cpu,1,2.14.1+cu130,156.2,0.4
nn_32_relu,[32],ReLU,3,5,4,1.0,1000,800,1.0,0.0430978808179266,0.000669461873676,3.710723500000313,3.453125,-1605632,1162,1162,9296,4648,-1,cpu,1,2.14.1+cu130,58.6,0.0
mle,,,3,5,4,1.0,1400,1400,1.0,0.0103148765138339,0.0003501885598955,0.0314269999944372,0.03125,0,62,31,496,496,-1,cpu,1,2.14.1+cu130,,
nn_linear,[],linear,3,5,4,1.0,1400,1120,1.0,0.0960823093927896,0.0011150064534348,7.816994499997236,7.03125,-4177920,52,52,416,208,-1,cpu,1,2.14.1+cu130,130.6,0.4
nn_32_relu,[32],ReLU,3,5,4,1.0,1400,1120,1.0,0.0197146545624943,0.0003277918889035,3.379127200008952,3.171875,-1355776,1162,1162,9296,4648,-1,cpu,1,2.14.1+cu130,39.0,0.0
mle,,,4,5,4,1.0,600,600,1.0,0.2088455837048991,0.0084807241806574,0.0332024999952409,0.03125,0,62,31,496,496,-1,cpu,1,2.14.1+cu130,,
nn_linear,[],linear,4,5,4,1.0,600,480,1.0,0.1422212489079881,0.002055541019862,3.9135148000059417,3.421875,-5332992,52,52,416,208,-1,cpu,1,2.14.1+cu130,136.2,0.4
nn_32_relu,[32],ReLU,4,5,4,1.0,600,480,1.0,0.0346809480199834,0.0014420658607525,3.2597359999927,3.140625,-2469888,1162,1162,9296,4648,-1,cpu,1,2.14.1+cu130,84.8,0.0
mle,,,4,5,4,1.0,1000,1000,1.0,0.0727230315751494,0.0045613090176909,0.0309832999919308,0.046875,0,62,31,496,496,-1,cpu,1,2.14.1+cu130,,
nn_linear,[],linear,4,5,4,1.0,1000,800,1.0,0.1274875994224955,0.0021836946872444,7.648010899996734,7.109375,-3317760,52,52,416,208,-1,cpu,1,2.14.1+cu130,182.8,0.8
nn_32_relu,[32],ReLU,4,5,4,1.0,1000,800,1.0,0.024499538693259,0.0009810343006882,4.986148600000888,4.671875,-1683456,1162,1162,9296,4648,-1,cpu,1,2.14.1+cu130,76.8,0.0
mle,,,4,5,4,1.0,1400,1400,1.0,0.0667198567136467,0.0044399949224809,0.0417616999911842,0.046875,0,62,31,496,496,-1,cpu,1,2.14.1+cu130,,
nn_linear,[],linear,4,5,4,1.0,1400,1120,1.0,0.1295802454700669,0.0023210521724294,6.796780200005742,6.171875,-2613248,52,52,416,208,-1,cpu,1,2.14.1+cu130,114.0,0.2
nn_32_relu,[32],ReLU,4,5,4,1.0,1400,1120,1.0,0.0148663366095469,0.0005674668520205,6.668771700002253,6.21875,-1769472,1162,1162,9296,4648,-1,cpu,1,2.14.1+cu130,74.6,0.0
mle,,,5,5,4,1.0,600,600,1.0,0.1313456298413253,0.0107492194344176,0.0318339000077685,0.03125,0,62,31,496,496,-1,cpu,1,2.14.1+cu130,,
nn_linear,[],linear,5,5,4,1.0,600,480,1.0,0.0758769567948828,0.0013388813038886,3.868970100011211,3.578125,8192,52,52,416,208,-1,cpu,1,2.14.1+cu130,142.0,0.6
nn_32_relu,[32],ReLU,5,5,4,1.0,600,480,1.0,0.0343968235126927,0.0010186373426859,3.760627499999828,3.53125,-4497408,1162,1162,9296,4648,-1,cpu,1,2.14.1+cu130,96.4,0.0
mle,,,5,5,4,1.0,1000,1000,1.0,0.0563844383741027,0.003583582303964,0.0291705999989062,0.015625,0,62,31,496,496,-1,cpu,1,2.14.1+cu130,,
nn_linear,[],linear,5,5,4,1.0,1000,800,1.0,0.0811142147793137,0.0015390135484598,6.360017200000584,5.953125,-4808704,52,52,416,208,-1,cpu,1,2.14.1+cu130,154.6,0.4
nn_32_relu,[32],ReLU,5,5,4,1.0,1000,800,1.0,0.034138079020845,0.0012171120797022,4.896388900000602,4.671875,-1699840,1162,1162,9296,4648,-1,cpu,1,2.14.1+cu130,76.2,0.2
mle,,,5,5,4,1.0,1400,1400,1.0,0.0441753506211368,0.0033622544239375,0.0336815000046044,0.03125,0,62,31,496,496,-1,cpu,1,2.14.1+cu130,,
nn_linear,[],linear,5,5,4,1.0,1400,1120,1.0,0.0636958434713977,0.0015279680861795,8.412250599998515,8.078125,-4157440,52,52,416,208,-1,cpu,1,2.14.1+cu130,148.8,0.4
nn_32_relu,[32],ReLU,5,5,4,1.0,1400,1120,1.0,0.0181508019200528,0.0007286677826715,5.729850400006399,5.546875,-1626112,1162,1162,9296,4648,-1,cpu,1,2.14.1+cu130,68.0,0.0
mle,,,1,5,2,0.5,600,600,0.7,0.0483333959414913,0.0004034422133213,0.0274291999958222,0.03125,0,30,15,240,240,-1,cpu,1,2.14.1+cu130,,
nn_linear,[],linear,1,5,2,0.5,600,480,0.7,0.1152283239754383,0.0012995305863957,4.69966569999815,4.203125,-3473408,40,40,320,160,-1,cpu,1,2.14.1+cu130,170.2,0.6
nn_32_relu,[32],ReLU,1,5,2,0.5,600,480,0.7,0.0335121300415586,0.002099138684603,3.9001303000113694,3.65625,-2134016,970,970,7760,3880,-1,cpu,1,2.14.1+cu130,99.2,0.0
mle,,,1,5,2,0.5,1000,1000,0.7,0.0474153338004659,0.0093114943407892,0.0282272000040393,0.03125,4096,30,15,240,240,-1,cpu,1,2.14.1+cu130,,
nn_linear,[],linear,1,5,2,0.5,1000,800,0.7,0.0870512095650785,0.001225521663814,6.86860849999357,6.390625,-4452352,40,40,320,160,-1,cpu,1,2.14.1+cu130,161.0,0.6
nn_32_relu,[32],ReLU,1,5,2,0.5,1000,800,0.7,0.0195888543852381,0.0021250687905701,5.507500699997763,5.046875,-577536,970,970,7760,3880,-1,cpu,1,2.14.1+cu130,82.6,0.0
mle,,,1,5,2,0.5,1400,1400,0.7,0.013612280564764,0.0008467991596325,0.0282875999982934,0.03125,0,30,15,240,240,-1,cpu,1,2.14.1+cu130,,
nn_linear,[],linear,1,5,2,0.5,1400,1120,0.7,0.0657641863136804,0.0016502045856119,8.742695399996592,7.90625,-3768320,40,40,320,160,-1,cpu,1,2.14.1+cu130,145.6,0.6
nn_32_relu,[32],ReLU,1,5,2,0.5,1400,1120,0.7,0.010624591065934,0.0005847399416353,5.983297500002664,5.609375,-1011712,970,970,7760,3880,-1,cpu,1,2.14.1+cu130,67.6,0.0
mle,,,2,5,2,0.5,600,600,0.7,0.0288670076742201,0.000754919123008,0.0271916999918175,0.03125,0,30,15,240,240,-1,cpu,1,2.14.1+cu130,,
nn_linear,[],linear,2,5,2,0.5,600,480,0.7,0.1603638731681945,0.0013145752945725,4.415707399995881,4.015625,-3784704,40,40,320,160,-1,cpu,1,2.14.1+cu130,159.4,0.4
nn_32_relu,[32],ReLU,2,5,2,0.5,600,480,0.7,0.010557088037785,9.952706627824113e-05,3.4332833000080427,3.3125,-2818048,970,970,7760,3880,-1,cpu,1,2.14.1+cu130,88.8,0.0
mle,,,2,5,2,0.5,1000,1000,0.7,0.0245723657203486,0.0007465964663285,0.0293421999958809,0.03125,0,30,15,240,240,-1,cpu,1,2.14.1+cu130,,
nn_linear,[],linear,2,5,2,0.5,1000,800,0.7,0.1266151381762613,0.0010239809201544,5.86832300000242,5.6875,-3690496,40,40,320,160,-1,cpu,1,2.14.1+cu130,147.4,0.4
nn_32_relu,[32],ReLU,2,5,2,0.5,1000,800,0.7,0.0113583892615735,0.0001435346432258,4.331628799991449,4.15625,-884736,970,970,7760,3880,-1,cpu,1,2.14.1+cu130,68.8,0.0
mle,,,2,5,2,0.5,1400,1400,0.7,0.0042287010870898,4.655999760964524e-05,0.0261097000038716,0.03125,0,30,15,240,240,-1,cpu,1,2.14.1+cu130,,
nn_linear,[],linear,2,5,2,0.5,1400,1120,0.7,0.1105992617837944,0.0013083057366077,10.37948590000451,9.484375,-4239360,40,40,320,160,-1,cpu,1,2.14.1+cu130,179.2,0.4
nn_32_relu,[32],ReLU,2,5,2,0.5,1400,1120,0.7,0.0038740765938529,3.124047147163553e-05,6.765456200009794,6.421875,-917504,970,970,7760,3880,-1,cpu,1,2.14.1+cu130,76.2,0.0
mle,,,5,5,2,0.5,600,600,0.7,0.0075048634481385,1.646570818727211e-05,0.0280961999960709,0.03125,0,30,15,240,240,-1,cpu,1,2.14.1+cu130,,
nn_linear,[],linear,5,5,2,0.5,600,480,0.7,0.0677980814651864,0.0002291510240909,5.108839399996214,4.828125,24576,40,40,320,160,-1,cpu,1,2.14.1+cu130,197.4,0.6
nn_32_relu,[32],ReLU,5,5,2,0.5,600,480,0.7,0.0135713662562815,4.790511338057439e-05,3.1425552000000607,2.984375,-5615616,970,970,7760,3880,-1,cpu,1,2.14.1+cu130,81.8,0.0
mle,,,5,5,2,0.5,1000,1000,0.7,0.0054596791900049,2.087883171016601e-05,0.0262985000008484,0.03125,0,30,15,240,240,-1,cpu,1,2.14.1+cu130,,
nn_linear,[],linear,5,5,2,0.5,1000,800,0.7,0.0171674900233375,0.0001522345091223,7.175262799995835,6.75,-3559424,40,40,320,160,-1,cpu,1,2.14.1+cu130,171.0,0.6
nn_32_relu,[32],ReLU,5,5,2,0.5,1000,800,0.7,0.0098262068426254,9.122621940495412e-05,4.527689299997292,4.0625,-851968,970,970,7760,3880,-1,cpu,1,2.14.1+cu130,69.0,0.0
mle,,,5,5,2,0.5,1400,1400,0.7,0.0050219389329436,1.6972945414024302e-05,0.0260053999954834,0.015625,0,30,15,240,240,-1,cpu,1,2.14.1+cu130,,
nn_linear,[],linear,5,5,2,0.5,1400,1120,0.7,0.0109979841325506,0.0001204767514031,7.149167100011255,6.734375,61440,40,40,320,160,-1,cpu,1,2.14.1+cu130,123.6,0.4
nn_32_relu,[32],ReLU,5,5,2,0.5,1400,1120,0.7,0.0131833883464122,7.378386426429944e-05,3.929710099997465,3.640625,-4333568,970,970,7760,3880,-1,cpu,1,2.14.1+cu130,45.0,0.0
mle,,,3,5,2,0.5,600,600,0.7,0.0566631751642609,0.0016835947740995,0.0387933000019984,0.03125,0,30,15,240,240,-1,cpu,1,2.14.1+cu130,,
nn_linear,[],linear,3,5,2,0.5,600,480,0.7,0.1960424026673851,0.000640308929137,4.63366710000264,4.234375,-3080192,40,40,320,160,-1,cpu,1,2.14.1+cu130,167.8,0.6
nn_32_relu,[32],ReLU,3,5,2,0.5,600,480,0.7,0.0234295936956666,0.0002875100205206,3.7957442000042647,3.453125,-2977792,970,970,7760,3880,-1,cpu,1,2.14.1+cu130,91.4,0.0
mle,,,3,5,2,0.5,1000,1000,0.7,0.033928469423135,0.0009652299072208,0.028777400002582,0.03125,0,30,15,240,240,-1,cpu,1,2.14.1+cu130,,
nn_linear,[],linear,3,5,2,0.5,1000,800,0.7,0.0896890016059981,0.0003970755992076,7.54502410000714,6.96875,77824,40,40,320,160,-1,cpu,1,2.14.1+cu130,174.0,0.8
nn_32_relu,[32],ReLU,3,5,2,0.5,1000,800,0.7,0.0080796804831272,9.645457197813708e-05,6.759994500011089,6.125,-3743744,970,970,7760,3880,-1,cpu,1,2.14.1+cu130,101.8,0.0
mle,,,3,5,2,0.5,1400,1400,0.7,0.0134339042779858,5.164377303863244e-05,0.0314561999985016,0.03125,0,30,15,240,240,-1,cpu,1,2.14.1+cu130,,
nn_linear,[],linear,3,5,2,0.5,1400,1120,0.7,0.0610222460346866,0.000654364719022,10.155146699995385,9.203125,-4706304,40,40,320,160,-1,cpu,1,2.14.1+cu130,169.8,0.6
nn_32_relu,[32],ReLU,3,5,2,0.5,1400,1120,0.7,0.0113175761684606,0.0002266619257219,7.084439800004475,6.46875,-962560,970,970,7760,3880,-1,cpu,1,2.14.1+cu130,75.8,0.0
mle,,,4,5,2,0.5,600,600,0.7,0.0132312692160319,0.0002935271481168,0.0330987000052118,0.03125,0,30,15,240,240,-1,cpu,1,2.14.1+cu130,,
nn_linear,[],linear,4,5,2,0.5,600,480,0.7,0.1089692840619678,0.0015611577580066,4.129188899998553,3.78125,-3272704,40,40,320,160,-1,cpu,1,2.14.1+cu130,155.0,0.6
nn_32_relu,[32],ReLU,4,5,2,0.5,600,480,0.7,0.0232685471802554,0.0008896848955578,3.4286602000065614,3.234375,-2228224,970,970,7760,3880,-1,cpu,1,2.14.1+cu130,90.0,0.0
mle,,,4,5,2,0.5,1000,1000,0.7,0.0081415863584293,0.0001653302761074,0.0368031999969389,0.015625,0,30,15,240,240,-1,cpu,1,2.14.1+cu130,,
nn_linear,[],linear,4,5,2,0.5,1000,800,0.7,0.0460624607556364,0.0016067623057949,7.116424299994833,6.671875,40960,40,40,320,160,-1,cpu,1,2.14.1+cu130,173.2,0.2
nn_32_relu,[32],ReLU,4,5,2,0.5,1000,800,0.7,0.0120325433783805,0.0003194523980791,5.230774900002871,5.078125,-4091904,970,970,7760,3880,-1,cpu,1,2.14.1+cu130,84.2,0.0
mle,,,4,5,2,0.5,1400,1400,0.7,0.0045127068783266,0.0001487292092134,0.031159000005573,0.03125,0,30,15,240,240,-1,cpu,1,2.14.1+cu130,,
nn_linear,[],linear,4,5,2,0.5,1400,1120,0.7,0.0389186391880526,0.0017930854222564,7.015944700004184,6.75,94208,40,40,320,160,-1,cpu,1,2.14.1+cu130,126.8,0.4
nn_32_relu,[32],ReLU,4,5,2,0.5,1400,1120,0.7,0.0105963361615451,0.0001773940806501,6.402273400002741,5.984375,-4083712,970,970,7760,3880,-1,cpu,1,2.14.1+cu130,71.8,0.2
mle,,,2,5,2,0.1,600,600,0.7,0.0371856434133308,0.0006314154063301,0.026271299997461,0.03125,0,30,15,240,240,-1,cpu,1,2.14.1+cu130,,
nn_linear,[],linear,2,5,2,0.1,600,480,0.7,0.0893984810687512,0.002056685804408,5.390822999994271,4.953125,-3096576,40,40,320,160,-1,cpu,1,2.14.1+cu130,200.0,1.0
nn_32_relu,[32],ReLU,2,5,2,0.1,600,480,0.7,0.0073957249416504,0.0001429254397923,5.838671599994996,5.6875,-2244608,970,970,7760,3880,-1,cpu,1,2.14.1+cu130,149.0,0.4
mle,,,2,5,2,0.1,1000,1000,0.7,0.0372394422623541,0.0006311774823636,0.0274725000053877,0.03125,0,30,15,240,240,-1,cpu,1,2.14.1+cu130,,
nn_linear,[],linear,2,5,2,0.1,1000,800,0.7,0.0376425598735771,0.0009683543256038,8.186109700007364,7.8125,-4956160,40,40,320,160,-1,cpu,1,2.14.1+cu130,200.0,1.0
nn_32_relu,[32],ReLU,2,5,2,0.1,1000,800,0.7,0.0066590372971884,0.0001144292962578,10.739307399999234,10.09375,-884736,970,970,7760,3880,-1,cpu,1,2.14.1+cu130,168.8,0.4
mle,,,2,5,2,0.1,1400,1400,0.7,0.0378038708061196,0.000631000002701,0.030330599998706,0.015625,4096,30,15,240,240,-1,cpu,1,2.14.1+cu130,,
nn_linear,[],linear,2,5,2,0.1,1400,1120,0.7,0.0301200462261246,0.0008662707042924,10.504902500004391,9.640625,-4317184,40,40,320,160,-1,cpu,1,2.14.1+cu130,175.6,0.8
nn_32_relu,[32],ReLU,2,5,2,0.1,1400,1120,0.7,0.0074700995550293,0.0001493368200632,10.2352155999979,9.34375,-929792,970,970,7760,3880,-1,cpu,1,2.14.1+cu130,112.0,0.0
mle,,,1,5,2,0.1,600,600,0.7,0.0012275734294968,6.415333069262412e-06,0.0292205000005196,0.03125,0,30,15,240,240,-1,cpu,1,2.14.1+cu130,,
nn_linear,[],linear,1,5,2,0.1,600,480,0.7,0.1926064121873122,0.000932555733374,5.189637900009984,4.90625,-4296704,40,40,320,160,-1,cpu,1,2.14.1+cu130,200.0,1.0
nn_32_relu,[32],ReLU,1,5,2,0.1,600,480,0.7,0.0022763310948584,1.0507574897643836e-05,7.333392399988952,6.546875,-929792,970,970,7760,3880,-1,cpu,1,2.14.1+cu130,169.4,0.8
mle,,,1,5,2,0.1,1000,1000,0.7,0.0012256105539258,6.872115450166298e-06,0.0284283999935723,0.03125,0,30,15,240,240,-1,cpu,1,2.14.1+cu130,,
nn_linear,[],linear,1,5,2,0.1,1000,800,0.7,0.1001097185098446,0.0004758966256314,7.087689300009515,6.71875,-3342336,40,40,320,160,-1,cpu,1,2.14.1+cu130,170.8,0.8
nn_32_relu,[32],ReLU,1,5,2,0.1,1000,800,0.7,0.0110461380115496,4.600919963549189e-06,9.65345040000102,8.90625,-1286144,970,970,7760,3880,-1,cpu,1,2.14.1+cu130,147.8,0.4
mle,,,1,5,2,0.1,1400,1400,0.7,0.0013237895891967,6.929902908079235e-06,0.0298709999915445,0.015625,0,30,15,240,240,-1,cpu,1,2.14.1+cu130,,
nn_linear,[],linear,1,5,2,0.1,1400,1120,0.7,0.0593381114837168,0.0002384456424923,10.448884299999918,9.9375,-3854336,40,40,320,160,-1,cpu,1,2.14.1+cu130,183.8,0.8
nn_32_relu,[32],ReLU,1,5,2,0.1,1400,1120,0.7,0.0034047898755069,2.258695659853005e-06,11.854436699999496,11.1875,-843776,970,970,7760,3880,-1,cpu,1,2.14.1+cu130,134.0,0.2
mle,,,1,5,2,1.0,600,600,0.7,0.0092029421084032,5.864783299350711e-05,0.0624237000010907,0.03125,0,30,15,240,240,-1,cpu,1,2.14.1+cu130,,
nn_linear,[],linear,1,5,2,1.0,600,480,0.7,0.1430228175875624,0.0009401593543996,3.811636999991606,3.578125,-4333568,40,40,320,160,-1,cpu,1,2.14.1+cu130,147.2,0.6
nn_32_relu,[32],ReLU,1,5,2,1.0,600,480,0.7,0.0274599058692619,0.000356118634099,2.2995748999965144,2.140625,-2224128,970,970,7760,3880,-1,cpu,1,2.14.1+cu130,60.4,0.0
mle,,,1,5,2,1.0,1000,1000,0.7,0.0077281051986824,5.4335412193228254e-05,0.0263781999965431,0.015625,0,30,15,240,240,-1,cpu,1,2.14.1+cu130,,
nn_linear,[],linear,1,5,2,1.0,1000,800,0.7,0.1287946448415096,0.0011202348087258,5.856945000006817,5.40625,-4288512,40,40,320,160,-1,cpu,1,2.14.1+cu130,137.8,0.0
nn_32_relu,[32],ReLU,1,5,2,1.0,1000,800,0.7,0.0139011298891934,0.0001059446992743,3.2732246999948984,3.09375,-929792,970,970,7760,3880,-1,cpu,1,2.14.1+cu130,50.4,0.0
mle,,,1,5,2,1.0,1400,1400,0.7,0.0070116021142874,5.745589217004866e-05,0.0283055000036256,0.03125,0,30,15,240,240,-1,cpu,1,2.14.1+cu130,,
nn_linear,[],linear,1,5,2,1.0,1400,1120,0.7,0.1284841525906276,0.001226947921591,6.757702100003371,6.09375,143360,40,40,320,160,-1,cpu,1,2.14.1+cu130,113.4,0.0
nn_32_relu,[32],ReLU,1,5,2,1.0,1400,1120,0.7,0.0057312917467546,3.241807140281011e-05,7.618155499993009,7.046875,-3989504,970,970,7760,3880,-1,cpu,1,2.14.1+cu130,84.6,0.0
mle,,,4,5,2,0.1,600,600,0.7,0.0266344099039482,0.001094631350121,0.0364202999917324,0.03125,0,30,15,240,240,-1,cpu,1,2.14.1+cu130,,
nn_linear,[],linear,4,5,2,0.1,600,480,0.7,0.1360568892902846,0.0004449962678599,5.597318699990865,4.984375,-5451776,40,40,320,160,-1,cpu,1,2.14.1+cu130,200.0,1.0
nn_32_relu,[32],ReLU,4,5,2,0.1,600,480,0.7,0.0014204166738287,1.668825590238882e-05,5.467742599998019,5.109375,-954368,970,970,7760,3880,-1,cpu,1,2.14.1+cu130,132.8,0.4
mle,,,4,5,2,0.1,1000,1000,0.7,0.0271628026863386,0.001093905374391,0.0339391000015893,0.015625,0,30,15,240,240,-1,cpu,1,2.14.1+cu130,,
nn_linear,[],linear,4,5,2,0.1,1000,800,0.7,0.0601958709562187,0.0001104035333808,8.820401100005256,8.046875,-3940352,40,40,320,160,-1,cpu,1,2.14.1+cu130,200.0,1.0
nn_32_relu,[32],ReLU,4,5,2,0.1,1000,800,0.7,0.0024648998000374,1.7534054521085528e-05,8.345158199997968,7.984375,-966656,970,970,7760,3880,-1,cpu,1,2.14.1+cu130,135.4,0.4
mle,,,4,5,2,0.1,1400,1400,0.7,0.013757919321697,0.0005590420612563,0.0249232000060146,0.03125,0,30,15,240,240,-1,cpu,1,2.14.1+cu130,,
nn_linear,[],linear,4,5,2,0.1,1400,1120,0.7,0.0159395666347145,6.104121438073223e-05,9.430192999992869,8.921875,-3870720,40,40,320,160,-1,cpu,1,2.14.1+cu130,164.0,0.6
nn_32_relu,[32],ReLU,4,5,2,0.1,1400,1120,0.7,0.0022908409128247,1.656113096143418e-05,8.942439200007357,8.296875,-790528,970,970,7760,3880,-1,cpu,1,2.14.1+cu130,98.8,0.2
mle,,,5,5,2,0.1,600,600,0.7,0.0633528471726809,0.0090860156884276,0.0282202000089455,0.03125,0,30,15,240,240,-1,cpu,1,2.14.1+cu130,,
nn_linear,[],linear,5,5,2,0.1,600,480,0.7,0.40887448905516,0.0016612383453829,5.170345299993642,4.984375,-4075520,40,40,320,160,-1,cpu,1,2.14.1+cu130,200.0,1.0
nn_32_relu,[32],ReLU,5,5,2,0.1,600,480,0.7,0.0076672020208974,0.0008606053306214,6.158400699991034,5.625,-2711552,970,970,7760,3880,-1,cpu,1,2.14.1+cu130,151.8,0.6
mle,,,5,5,2,0.1,1000,1000,0.7,0.023631463770482,0.0009567321486257,0.0323232999944593,0.03125,0,30,15,240,240,-1,cpu,1,2.14.1+cu130,,
nn_linear,[],linear,5,5,2,0.1,1000,800,0.7,0.1508576386873354,0.0009039497602644,8.774272300011944,7.75,-3530752,40,40,320,160,-1,cpu,1,2.14.1+cu130,199.2,0.8
nn_32_relu,[32],ReLU,5,5,2,0.1,1000,800,0.7,0.0111827712355941,0.0003250571450105,8.68654539999261,8.0,-1163264,970,970,7760,3880,-1,cpu,1,2.14.1+cu130,131.8,0.2
mle,,,5,5,2,0.1,1400,1400,0.7,0.0244669542723527,0.0009966731498069,0.0301589000009698,0.03125,0,30,15,240,240,-1,cpu,1,2.14.1+cu130,,
nn_linear,[],linear,5,5,2,0.1,1400,1120,0.7,0.0715126294188566,0.0006715431239902,10.614200100011658,9.6875,-2998272,40,40,320,160,-1,cpu,1,2.14.1+cu130,174.8,0.6
nn_32_relu,[32],ReLU,5,5,2,0.1,1400,1120,0.7,0.0084102032976576,0.0006580299480056,8.211368699994637,7.796875,-978944,970,970,7760,3880,-1,cpu,1,2.14.1+cu130,96.0,0.2
mle,,,3,5,2,0.1,600,600,0.7,0.023015837428712,0.0003068300388104,0.0307450999971479,0.03125,0,30,15,240,240,-1,cpu,1,2.14.1+cu130,,
nn_linear,[],linear,3,5,2,0.1,600,480,0.7,0.2324390525400348,0.0030281909325456,4.75112739999895,4.453125,-16384,40,40,320,160,-1,cpu,1,2.14.1+cu130,184.2,0.6
nn_32_relu,[32],ReLU,3,5,2,0.1,600,480,0.7,0.0149920986516425,0.0017411023807208,6.080418199999258,5.640625,-7458816,970,970,7760,3880,-1,cpu,1,2.14.1+cu130,152.4,0.4
mle,,,3,5,2,0.1,1000,1000,0.7,0.0242436083023436,0.0003215223780342,0.0279918000014731,0.03125,0,30,15,240,240,-1,cpu,1,2.14.1+cu130,,
nn_linear,[],linear,3,5,2,0.1,1000,800,0.7,0.0561820705394806,0.0022453210410877,8.340245200000936,7.890625,-3600384,40,40,320,160,-1,cpu,1,2.14.1+cu130,200.0,1.0
nn_32_relu,[32],ReLU,3,5,2,0.1,1000,800,0.7,0.0116936329336335,0.000885998943265,8.397039700008463,7.828125,-1257472,970,970,7760,3880,-1,cpu,1,2.14.1+cu130,132.4,0.4
mle,,,3,5,2,0.1,1400,1400,0.7,0.0095327040065944,0.0003262503828096,0.0292817000008653,0.015625,0,30,15,240,240,-1,cpu,1,2.14.1+cu130,,
nn_linear,[],linear,3,5,2,0.1,1400,1120,0.7,0.0364619857864521,0.0012390741300845,10.575127500007511,10.1875,-4005888,40,40,320,160,-1,cpu,1,2.14.1+cu130,190.8,0.8
nn_32_relu,[32],ReLU,3,5,2,0.1,1400,1120,0.7,0.0025608866695843,0.0001455796110391,11.943752699997276,11.640625,-925696,970,970,7760,3880,-1,cpu,1,2.14.1+cu130,149.0,0.2
mle,,,2,5,2,1.0,600,600,0.7,0.0081980327023963,6.176125944937231e-05,0.026740500004962,0.03125,0,30,15,240,240,-1,cpu,1,2.14.1+cu130,,
nn_linear,[],linear,2,5,2,1.0,600,480,0.7,0.0747041428392046,0.0009366772990733,3.4207797999988543,3.328125,0,40,40,320,160,-1,cpu,1,2.14.1+cu130,133.4,0.4
nn_32_relu,[32],ReLU,2,5,2,1.0,600,480,0.7,0.0236556287557211,0.0002269773435165,3.14195849999669,3.0625,-5697536,970,970,7760,3880,-1,cpu,1,2.14.1+cu130,83.0,0.0
mle,,,2,5,2,1.0,1000,1000,0.7,0.0056891783642757,8.029524373189803e-05,0.0279348000040045,0.03125,0,30,15,240,240,-1,cpu,1,2.14.1+cu130,,
nn_linear,[],linear,2,5,2,1.0,1000,800,0.7,0.05196316575388,0.0007890431931627,5.141170699993381,4.984375,-3305472,40,40,320,160,-1,cpu,1,2.14.1+cu130,127.2,0.0
nn_32_relu,[32],ReLU,2,5,2,1.0,1000,800,0.7,0.0132079661567108,0.000163452422525,4.433791000003112,4.234375,-1622016,970,970,7760,3880,-1,cpu,1,2.14.1+cu130,70.2,0.0
mle,,,2,5,2,1.0,1400,1400,0.7,0.0046790617252215,5.0502250983672666e-05,0.0273174000030849,0.015625,0,30,15,240,240,-1,cpu,1,2.14.1+cu130,,
nn_linear,[],linear,2,5,2,1.0,1400,1120,0.7,0.0462766632480375,0.0007774322948307,5.49332520000462,5.25,-3747840,40,40,320,160,-1,cpu,1,2.14.1+cu130,112.0,0.0
nn_32_relu,[32],ReLU,2,5,2,1.0,1400,1120,0.7,0.007994515116117,6.871839111340916e-05,2.820137300004717,2.78125,-811008,970,970,7760,3880,-1,cpu,1,2.14.1+cu130,48.2,0.0
mle,,,4,5,2,1.0,600,600,0.7,0.0422827343254519,0.0009731435305062,0.0283226000028662,0.03125,0,30,15,240,240,-1,cpu,1,2.14.1+cu130,,
nn_linear,[],linear,4,5,2,1.0,600,480,0.7,0.2509498727435295,0.0021542706953435,3.490084000004572,3.25,-4825088,40,40,320,160,-1,cpu,1,2.14.1+cu130,132.6,0.2
nn_32_relu,[32],ReLU,4,5,2,1.0,600,480,0.7,0.0234250106225271,0.0001359922911093,3.141241400007857,2.9375,-925696,970,970,7760,3880,-1,cpu,1,2.14.1+cu130,77.4,0.0
mle,,,4,5,2,1.0,1000,1000,0.7,0.0332051213330147,0.0009986671754275,0.0302782000071601,0.015625,0,30,15,240,240,-1,cpu,1,2.14.1+cu130,,
nn_linear,[],linear,4,5,2,1.0,1000,800,0.7,0.2245896649774946,0.0026132588132104,6.261254099998041,5.9375,106496,40,40,320,160,-1,cpu,1,2.14.1+cu130,174.4,0.2
nn_32_relu,[32],ReLU,4,5,2,1.0,1000,800,0.7,0.0095189654903534,9.064235217053288e-05,2.089229599994724,2.046875,-3706880,970,970,7760,3880,-1,cpu,1,2.14.1+cu130,51.2,0.0
mle,,,4,5,2,1.0,1400,1400,0.7,0.0326343719531897,0.0009997450789833,0.0171446000022115,0.015625,0,30,15,240,240,-1,cpu,1,2.14.1+cu130,,
nn_linear,[],linear,4,5,2,1.0,1400,1120,0.7,0.2204976427475125,0.0023690798688491,4.20134670000698,4.1875,-4427776,40,40,320,160,-1,cpu,1,2.14.1+cu130,116.8,0.0
nn_32_relu,[32],ReLU,4,5,2,1.0,1400,1120,0.7,0.0039349538175586,9.886633083781231e-06,3.1191078999981983,3.125,-765952,970,970,7760,3880,-1,cpu,1,2.14.1+cu130,61.2,0.0
mle,,,3,5,2,1.0,600,600,0.7,0.0372373497969485,0.001316263847299,0.028092699998524,0.015625,0,30,15,240,240,-1,cpu,1,2.14.1+cu130,,
nn_linear,[],linear,3,5,2,1.0,600,480,0.7,0.2054721339370341,0.0034863148485026,4.433401499991305,4.15625,-3399680,40,40,320,160,-1,cpu,1,2.14.1+cu130,169.6,0.6
nn_32_relu,[32],ReLU,3,5,2,1.0,600,480,0.7,0.0132010022127538,0.0001810094860724,3.249249400003464,3.015625,-2285568,970,970,7760,3880,-1,cpu,1,2.14.1+cu130,79.2,0.0
mle,,,3,5,2,1.0,1000,1000,0.7,0.0308245287708001,0.0012673449419108,0.0331969999970169,0.0,0,30,15,240,240,-1,cpu,1,2.14.1+cu130,,
nn_linear,[],linear,3,5,2,1.0,1000,800,0.7,0.1809313023761697,0.0045766541163582,5.6592602000018815,5.328125,-3592192,40,40,320,160,-1,cpu,1,2.14.1+cu130,159.2,0.4
nn_32_relu,[32],ReLU,3,5,2,1.0,1000,800,0.7,0.0099181519519071,8.854927024043801e-05,2.737457600000198,2.703125,-1179648,970,970,7760,3880,-1,cpu,1,2.14.1+cu130,66.8,0.0
mle,,,3,5,2,1.0,1400,1400,0.7,0.0297336196845397,0.0012958698044946,0.0138364000013098,0.015625,0,30,15,240,240,-1,cpu,1,2.14.1+cu130,,
nn_linear,[],linear,3,5,2,1.0,1400,1120,0.7,0.1630894698467775,0.0052151764978484,5.6628609000035794,5.609375,81920,40,40,320,160,-1,cpu,1,2.14.1+cu130,162.0,0.4
nn_32_relu,[32],ReLU,3,5,2,1.0,1400,1120,0.7,0.0076127110188816,0.0001112178430321,3.1130631000123685,3.109375,-4292608,970,970,7760,3880,-1,cpu,1,2.14.1+cu130,67.0,0.0
mle,,,5,5,2,1.0,600,600,0.7,0.00816121277606416,2.7437391911741146e-05,0.027254300002823584,0.03125,0,30,15,240,240,-1,cpu,1,2.14.1+cu130,,
nn_linear,[],linear,5,5,2,1.0,600,480,0.7,0.12146079973087512,0.0004873451092025975,4.432227899989812,4.296875,-3784704,40,40,320,160,-1,cpu,1,2.14.1+cu130,171.4,0.6
nn_32_relu,[32],ReLU,5,5,2,1.0,600,480,0.7,0.019855060892923247,0.00014431855129598648,2.5132136999891372,2.4375,-1740800,970,970,7760,3880,-1,cpu,1,2.14.1+cu130,77.2,0.2
mle,,,5,5,2,1.0,1000,1000,0.7,0.0038965536777326804,3.6393124667093335e-05,0.01867189999029506,0.015625,0,30,15,240,240,-1,cpu,1,2.14.1+cu130,,
nn_linear,[],linear,5,5,2,1.0,1000,800,0.7,0.10971156491608881,0.0008452846885298002,4.334770299989032,4.265625,-3432448,40,40,320,160,-1,cpu,1,2.14.1+cu130,150.0,0.2
nn_32_relu,[32],ReLU,5,5,2,1.0,1000,800,0.7,0.022324009888078665,0.00015681104569637602,1.991902800000389,1.953125,-618496,970,970,7760,3880,-1,cpu,1,2.14.1+cu130,52.8,0.0
mle,,,5,5,2,1.0,1400,1400,0.7,0.0036513188382016684,2.6554898464606465e-05,0.024792900003376417,0.03125,0,30,15,240,240,-1,cpu,1,2.14.1+cu130,,
nn_linear,[],linear,5,5,2,1.0,1400,1120,0.7,0.10490373219449696,0.0010308375776878695,4.843181399992318,4.78125,-3108864,40,40,320,160,-1,cpu,1,2.14.1+cu130,139.0,0.4
nn_32_relu,[32],ReLU,5,5,2,1.0,1400,1120,0.7,0.007107920088878971,7.83725040834319e-05,2.8426635000068927,2.828125,-827392,970,970,7760,3880,-1,cpu,1,2.14.1+cu130,63.6,0.0
