n_nodes,actual_density,max_in_degree,alpha,kl,sample_size
10,0.2,2,0.1,2.8604173470235645,200
10,0.2,2,0.1,2.8004790667077017,600
10,0.2,2,0.1,2.798546046749084,1000
10,0.2,2,0.1,2.7741661129770554,1400
10,0.2,2,0.1,1.7684311781893731,200
10,0.2,2,0.1,1.7547716875752908,600
10,0.2,2,0.1,1.6543268645120313,1000
10,0.2,2,0.1,1.5321733066932708,1400
10,0.2,2,0.1,1.5382156551764423,200
10,0.2,2,0.1,1.4264367176822124,600
10,0.2,2,0.1,1.4001560930622232,1000
10,0.2,2,0.1,1.4539867952411525,1400
10,0.2,2,0.1,1.4478398766227365,200
10,0.2,2,0.1,1.4371915667214057,600
10,0.2,2,0.1,1.4349807629542468,1000
10,0.2,2,0.1,1.4338732652310868,1400
10,0.2,2,0.1,2.1027686894937414,200
10,0.2,2,0.1,2.0630598490485097,600
10,0.2,2,0.1,2.059490373852765,1000
10,0.2,2,0.1,2.056858721453975,1400
10,0.2,2,0.5,0.07966633937268983,200
10,0.2,2,0.5,0.10399350094918032,600
10,0.2,2,0.5,0.057067038720587555,1000
10,0.2,2,0.5,0.027963050634610704,1400
10,0.2,2,0.5,0.15607697381515978,200
10,0.2,2,0.5,0.034196530836340486,600
10,0.2,2,0.5,0.011920127249839355,1000
10,0.2,2,0.5,0.013484792552704175,1400
10,0.2,2,0.5,0.1268248607661821,200
10,0.2,2,0.5,0.08880364053166023,600
10,0.2,2,0.5,0.0638864241217045,1000
10,0.2,2,0.5,0.04658473406083432,1400
10,0.2,2,0.5,0.08030126760959433,200
10,0.2,2,0.5,0.02164565396174975,600
10,0.2,2,0.5,0.01915608037104296,1000
10,0.2,2,0.5,0.008477055563476533,1400
10,0.2,2,0.5,0.09896031286372776,200
10,0.2,2,0.5,0.04521722617785942,600
10,0.2,2,0.5,0.023364600961241575,1000
10,0.2,2,0.5,0.01645768753530804,1400
10,0.2,2,1.0,0.14240011715308093,200
10,0.2,2,1.0,0.021860569478998865,600
10,0.2,2,1.0,0.010171259291368879,1000
10,0.2,2,1.0,0.010322743700222493,1400
10,0.2,2,1.0,0.10261206539180893,200
10,0.2,2,1.0,0.018242897413967545,600
10,0.2,2,1.0,0.018127282670465032,1000
10,0.2,2,1.0,0.016550238182949137,1400
10,0.2,2,1.0,0.06369270967113069,200
10,0.2,2,1.0,0.013115141062026055,600
10,0.2,2,1.0,0.01079750812884371,1000
10,0.2,2,1.0,0.007961507311322486,1400
10,0.2,2,1.0,0.04892732180188243,200
10,0.2,2,1.0,0.02167070445218315,600
10,0.2,2,1.0,0.016523533668857636,1000
10,0.2,2,1.0,0.010365339539514917,1400
10,0.2,2,1.0,0.07956191521445283,200
10,0.2,2,1.0,0.03420820996563215,600
10,0.2,2,1.0,0.01452178177714809,1000
10,0.2,2,1.0,0.011567978734149241,1400
10,0.2,2,5.0,0.03915971437307156,200
10,0.2,2,5.0,0.02969324495982207,600
10,0.2,2,5.0,0.01946545078876301,1000
10,0.2,2,5.0,0.0160594597116089,1400
10,0.2,2,5.0,0.04547625057297313,200
10,0.2,2,5.0,0.010071793951359726,600
10,0.2,2,5.0,0.009232237751457525,1000
10,0.2,2,5.0,0.008313552993622148,1400
10,0.2,2,5.0,0.07284858129715849,200
10,0.2,2,5.0,0.014986226771513574,600
10,0.2,2,5.0,0.007743385905975129,1000
10,0.2,2,5.0,0.0061203313858967795,1400
10,0.2,2,5.0,0.06217127498621945,200
10,0.2,2,5.0,0.010556045701990856,600
10,0.2,2,5.0,0.010108273307992601,1000
10,0.2,2,5.0,0.008218157126217304,1400
10,0.2,2,5.0,0.05898653553082461,200
10,0.2,2,5.0,0.018013303469031215,600
10,0.2,2,5.0,0.008801288719458516,1000
10,0.2,2,5.0,0.008302118442636262,1400
10,0.2,2,0.1,2.8604173470235645,200
10,0.2,2,0.1,2.8004790667077017,600
10,0.2,2,0.1,2.798546046749084,1000
10,0.2,2,0.1,2.7741661129770554,1400
10,0.2,2,0.1,1.7684311781893731,200
10,0.2,2,0.1,1.7547716875752908,600
10,0.2,2,0.1,1.6543268645120313,1000
10,0.2,2,0.1,1.5321733066932708,1400
10,0.2,2,0.1,1.5382156551764423,200
10,0.2,2,0.1,1.4264367176822124,600
10,0.2,2,0.1,1.4001560930622232,1000
10,0.2,2,0.1,1.4539867952411525,1400
10,0.2,2,0.1,1.4478398766227365,200
10,0.2,2,0.1,1.4371915667214057,600
10,0.2,2,0.1,1.4349807629542468,1000
10,0.2,2,0.1,1.4338732652310868,1400
10,0.2,2,0.1,2.1027686894937414,200
10,0.2,2,0.1,2.0630598490485097,600
10,0.2,2,0.1,2.059490373852765,1000
10,0.2,2,0.1,2.056858721453975,1400
10,0.2,2,0.5,0.07966633937268983,200
10,0.2,2,0.5,0.10399350094918032,600
10,0.2,2,0.5,0.057067038720587555,1000
10,0.2,2,0.5,0.027963050634610704,1400
10,0.2,2,0.5,0.15607697381515978,200
10,0.2,2,0.5,0.034196530836340486,600
10,0.2,2,0.5,0.011920127249839355,1000
10,0.2,2,0.5,0.013484792552704175,1400
10,0.2,2,0.5,0.1268248607661821,200
10,0.2,2,0.5,0.08880364053166023,600
10,0.2,2,0.5,0.0638864241217045,1000
10,0.2,2,0.5,0.04658473406083432,1400
10,0.2,2,0.5,0.08030126760959433,200
10,0.2,2,0.5,0.02164565396174975,600
10,0.2,2,0.5,0.01915608037104296,1000
10,0.2,2,0.5,0.008477055563476533,1400
10,0.2,2,0.5,0.09896031286372776,200
10,0.2,2,0.5,0.04521722617785942,600
10,0.2,2,0.5,0.023364600961241575,1000
10,0.2,2,0.5,0.01645768753530804,1400
10,0.2,2,1.0,0.14240011715308093,200
10,0.2,2,1.0,0.021860569478998865,600
10,0.2,2,1.0,0.010171259291368879,1000
10,0.2,2,1.0,0.010322743700222493,1400
10,0.2,2,1.0,0.10261206539180893,200
10,0.2,2,1.0,0.018242897413967545,600
10,0.2,2,1.0,0.018127282670465032,1000
10,0.2,2,1.0,0.016550238182949137,1400
10,0.2,2,1.0,0.06369270967113069,200
10,0.2,2,1.0,0.013115141062026055,600
10,0.2,2,1.0,0.01079750812884371,1000
10,0.2,2,1.0,0.007961507311322486,1400
10,0.2,2,1.0,0.04892732180188243,200
10,0.2,2,1.0,0.02167070445218315,600
10,0.2,2,1.0,0.016523533668857636,1000
10,0.2,2,1.0,0.010365339539514917,1400
10,0.2,2,1.0,0.07956191521445283,200
10,0.2,2,1.0,0.03420820996563215,600
10,0.2,2,1.0,0.01452178177714809,1000
10,0.2,2,1.0,0.011567978734149241,1400
10,0.2,2,5.0,0.03915971437307156,200
10,0.2,2,5.0,0.02969324495982207,600
10,0.2,2,5.0,0.01946545078876301,1000
10,0.2,2,5.0,0.0160594597116089,1400
10,0.2,2,5.0,0.04547625057297313,200
10,0.2,2,5.0,0.010071793951359726,600
10,0.2,2,5.0,0.009232237751457525,1000
10,0.2,2,5.0,0.008313552993622148,1400
10,0.2,2,5.0,0.07284858129715849,200
10,0.2,2,5.0,0.014986226771513574,600
10,0.2,2,5.0,0.007743385905975129,1000
10,0.2,2,5.0,0.0061203313858967795,1400
10,0.2,2,5.0,0.06217127498621945,200
10,0.2,2,5.0,0.010556045701990856,600
10,0.2,2,5.0,0.010108273307992601,1000
10,0.2,2,5.0,0.008218157126217304,1400
10,0.2,2,5.0,0.05898653553082461,200
10,0.2,2,5.0,0.018013303469031215,600
10,0.2,2,5.0,0.008801288719458516,1000
10,0.2,2,5.0,0.008302118442636262,1400
10,0.2,2,0.1,2.8604173470235645,200
10,0.2,2,0.1,2.8004790667077017,600
10,0.2,2,0.1,2.798546046749084,1000
10,0.2,2,0.1,2.7741661129770554,1400
10,0.2,2,0.1,1.7684311781893731,200
10,0.2,2,0.1,1.7547716875752908,600
10,0.2,2,0.1,1.6543268645120313,1000
10,0.2,2,0.1,1.5321733066932708,1400
10,0.2,2,0.1,1.5382156551764423,200
10,0.2,2,0.1,1.4264367176822124,600
10,0.2,2,0.1,1.4001560930622232,1000
10,0.2,2,0.1,1.4539867952411525,1400
10,0.2,2,0.1,1.4478398766227365,200
10,0.2,2,0.1,1.4371915667214057,600
10,0.2,2,0.1,1.4349807629542468,1000
10,0.2,2,0.1,1.4338732652310868,1400
10,0.2,2,0.1,2.1027686894937414,200
10,0.2,2,0.1,2.0630598490485097,600
10,0.2,2,0.1,2.059490373852765,1000
10,0.2,2,0.1,2.056858721453975,1400
10,0.2,2,0.5,0.07966633937268983,200
10,0.2,2,0.5,0.10399350094918032,600
10,0.2,2,0.5,0.057067038720587555,1000
10,0.2,2,0.5,0.027963050634610704,1400
10,0.2,2,0.5,0.15607697381515978,200
10,0.2,2,0.5,0.034196530836340486,600
10,0.2,2,0.5,0.011920127249839355,1000
10,0.2,2,0.5,0.013484792552704175,1400
10,0.2,2,0.5,0.1268248607661821,200
10,0.2,2,0.5,0.08880364053166023,600
10,0.2,2,0.5,0.0638864241217045,1000
10,0.2,2,0.5,0.04658473406083432,1400
10,0.2,2,0.5,0.08030126760959433,200
10,0.2,2,0.5,0.02164565396174975,600
10,0.2,2,0.5,0.01915608037104296,1000
10,0.2,2,0.5,0.008477055563476533,1400
10,0.2,2,0.5,0.09896031286372776,200
10,0.2,2,0.5,0.04521722617785942,600
10,0.2,2,0.5,0.023364600961241575,1000
10,0.2,2,0.5,0.01645768753530804,1400
10,0.2,2,1.0,0.14240011715308093,200
10,0.2,2,1.0,0.021860569478998865,600
10,0.2,2,1.0,0.010171259291368879,1000
10,0.2,2,1.0,0.010322743700222493,1400
10,0.2,2,1.0,0.10261206539180893,200
10,0.2,2,1.0,0.018242897413967545,600
10,0.2,2,1.0,0.018127282670465032,1000
10,0.2,2,1.0,0.016550238182949137,1400
10,0.2,2,1.0,0.06369270967113069,200
10,0.2,2,1.0,0.013115141062026055,600
10,0.2,2,1.0,0.01079750812884371,1000
10,0.2,2,1.0,0.007961507311322486,1400
10,0.2,2,1.0,0.04892732180188243,200
10,0.2,2,1.0,0.02167070445218315,600
10,0.2,2,1.0,0.016523533668857636,1000
10,0.2,2,1.0,0.010365339539514917,1400
10,0.2,2,1.0,0.07956191521445283,200
10,0.2,2,1.0,0.03420820996563215,600
10,0.2,2,1.0,0.01452178177714809,1000
10,0.2,2,1.0,0.011567978734149241,1400
10,0.2,2,5.0,0.03915971437307156,200
10,0.2,2,5.0,0.02969324495982207,600
10,0.2,2,5.0,0.01946545078876301,1000
10,0.2,2,5.0,0.0160594597116089,1400
10,0.2,2,5.0,0.04547625057297313,200
10,0.2,2,5.0,0.010071793951359726,600
10,0.2,2,5.0,0.009232237751457525,1000
10,0.2,2,5.0,0.008313552993622148,1400
10,0.2,2,5.0,0.07284858129715849,200
10,0.2,2,5.0,0.014986226771513574,600
10,0.2,2,5.0,0.007743385905975129,1000
10,0.2,2,5.0,0.0061203313858967795,1400
10,0.2,2,5.0,0.06217127498621945,200
10,0.2,2,5.0,0.010556045701990856,600
10,0.2,2,5.0,0.010108273307992601,1000
10,0.2,2,5.0,0.008218157126217304,1400
10,0.2,2,5.0,0.05898653553082461,200
10,0.2,2,5.0,0.018013303469031215,600
10,0.2,2,5.0,0.008801288719458516,1000
10,0.2,2,5.0,0.008302118442636262,1400
10,0.2,2,0.1,2.8604173470235645,200
10,0.2,2,0.1,2.8004790667077017,600
10,0.2,2,0.1,2.798546046749084,1000
10,0.2,2,0.1,2.7741661129770554,1400
10,0.2,2,0.1,1.7684311781893731,200
10,0.2,2,0.1,1.7547716875752908,600
10,0.2,2,0.1,1.6543268645120313,1000
10,0.2,2,0.1,1.5321733066932708,1400
10,0.2,2,0.1,1.5382156551764423,200
10,0.2,2,0.1,1.4264367176822124,600
10,0.2,2,0.1,1.4001560930622232,1000
10,0.2,2,0.1,1.4539867952411525,1400
10,0.2,2,0.1,1.4478398766227365,200
10,0.2,2,0.1,1.4371915667214057,600
10,0.2,2,0.1,1.4349807629542468,1000
10,0.2,2,0.1,1.4338732652310868,1400
10,0.2,2,0.1,2.1027686894937414,200
10,0.2,2,0.1,2.0630598490485097,600
10,0.2,2,0.1,2.059490373852765,1000
10,0.2,2,0.1,2.056858721453975,1400
10,0.2,2,0.5,0.07966633937268983,200
10,0.2,2,0.5,0.10399350094918032,600
10,0.2,2,0.5,0.057067038720587555,1000
10,0.2,2,0.5,0.027963050634610704,1400
10,0.2,2,0.5,0.15607697381515978,200
10,0.2,2,0.5,0.034196530836340486,600
10,0.2,2,0.5,0.011920127249839355,1000
10,0.2,2,0.5,0.013484792552704175,1400
10,0.2,2,0.5,0.1268248607661821,200
10,0.2,2,0.5,0.08880364053166023,600
10,0.2,2,0.5,0.0638864241217045,1000
10,0.2,2,0.5,0.04658473406083432,1400
10,0.2,2,0.5,0.08030126760959433,200
10,0.2,2,0.5,0.02164565396174975,600
10,0.2,2,0.5,0.01915608037104296,1000
10,0.2,2,0.5,0.008477055563476533,1400
10,0.2,2,0.5,0.09896031286372776,200
10,0.2,2,0.5,0.04521722617785942,600
10,0.2,2,0.5,0.023364600961241575,1000
10,0.2,2,0.5,0.01645768753530804,1400
10,0.2,2,1.0,0.14240011715308093,200
10,0.2,2,1.0,0.021860569478998865,600
10,0.2,2,1.0,0.010171259291368879,1000
10,0.2,2,1.0,0.010322743700222493,1400
10,0.2,2,1.0,0.10261206539180893,200
10,0.2,2,1.0,0.018242897413967545,600
10,0.2,2,1.0,0.018127282670465032,1000
10,0.2,2,1.0,0.016550238182949137,1400
10,0.2,2,1.0,0.06369270967113069,200
10,0.2,2,1.0,0.013115141062026055,600
10,0.2,2,1.0,0.01079750812884371,1000
10,0.2,2,1.0,0.007961507311322486,1400
10,0.2,2,1.0,0.04892732180188243,200
10,0.2,2,1.0,0.02167070445218315,600
10,0.2,2,1.0,0.016523533668857636,1000
10,0.2,2,1.0,0.010365339539514917,1400
10,0.2,2,1.0,0.07956191521445283,200
10,0.2,2,1.0,0.03420820996563215,600
10,0.2,2,1.0,0.01452178177714809,1000
10,0.2,2,1.0,0.011567978734149241,1400
10,0.2,2,5.0,0.03915971437307156,200
10,0.2,2,5.0,0.02969324495982207,600
10,0.2,2,5.0,0.01946545078876301,1000
10,0.2,2,5.0,0.0160594597116089,1400
10,0.2,2,5.0,0.04547625057297313,200
10,0.2,2,5.0,0.010071793951359726,600
10,0.2,2,5.0,0.009232237751457525,1000
10,0.2,2,5.0,0.008313552993622148,1400
10,0.2,2,5.0,0.07284858129715849,200
10,0.2,2,5.0,0.014986226771513574,600
10,0.2,2,5.0,0.007743385905975129,1000
10,0.2,2,5.0,0.0061203313858967795,1400
10,0.2,2,5.0,0.06217127498621945,200
10,0.2,2,5.0,0.010556045701990856,600
10,0.2,2,5.0,0.010108273307992601,1000
10,0.2,2,5.0,0.008218157126217304,1400
10,0.2,2,5.0,0.05898653553082461,200
10,0.2,2,5.0,0.018013303469031215,600
10,0.2,2,5.0,0.008801288719458516,1000
10,0.2,2,5.0,0.008302118442636262,1400
10,0.28888888888888886,2,0.1,3.3111410408607425,200
10,0.28888888888888886,2,0.1,3.3038131257414034,600
10,0.28888888888888886,2,0.1,3.302300603458458,1000
10,0.28888888888888886,2,0.1,3.3018442250934132,1400
10,0.28888888888888886,2,0.1,2.2164788825588975,200
10,0.28888888888888886,2,0.1,2.079231126372529,600
10,0.28888888888888886,2,0.1,2.031160037794821,1000
10,0.28888888888888886,2,0.1,2.022444761566936,1400
10,0.28888888888888886,2,0.1,1.851645352945979,200
10,0.28888888888888886,2,0.1,1.6066855674022014,600
10,0.28888888888888886,2,0.1,1.5943235041689319,1000
10,0.28888888888888886,2,0.1,1.5016820161144055,1400
10,0.28888888888888886,2,0.1,1.8182649264178772,200
10,0.28888888888888886,2,0.1,1.8052596961387644,600
10,0.28888888888888886,2,0.1,1.80061845756252,1000
10,0.28888888888888886,2,0.1,1.7979307676618272,1400
10,0.28888888888888886,2,0.1,2.4626405073364843,200
10,0.28888888888888886,2,0.1,2.4144166264952642,600
10,0.28888888888888886,2,0.1,2.4088196996733147,1000
10,0.28888888888888886,2,0.1,2.406965623818257,1400
10,0.28888888888888886,2,0.5,0.38701278974662157,200
10,0.28888888888888886,2,0.5,0.1771989287788012,600
10,0.28888888888888886,2,0.5,0.0871567977410294,1000
10,0.28888888888888886,2,0.5,0.0626718182572938,1400
10,0.28888888888888886,2,0.5,0.29377038502829855,200
10,0.28888888888888886,2,0.5,0.0628585215546733,600
10,0.28888888888888886,2,0.5,0.030905671835004433,1000
10,0.28888888888888886,2,0.5,0.019757175806286758,1400
10,0.28888888888888886,2,0.5,0.13640860949696215,200
10,0.28888888888888886,2,0.5,0.03502480294315915,600
10,0.28888888888888886,2,0.5,0.028072669071688306,1000
10,0.28888888888888886,2,0.5,0.04123580058245036,1400
10,0.28888888888888886,2,0.5,0.35570428483107314,200
10,0.28888888888888886,2,0.5,0.18233246394289518,600
10,0.28888888888888886,2,0.5,0.1475356560324836,1000
10,0.28888888888888886,2,0.5,0.10092025000353234,1400
10,0.28888888888888886,2,0.5,0.14959631495569625,200
10,0.28888888888888886,2,0.5,0.09128423225079355,600
10,0.28888888888888886,2,0.5,0.04859996382315666,1000
10,0.28888888888888886,2,0.5,0.0237109962210794,1400
10,0.28888888888888886,2,1.0,0.2594759586256722,200
10,0.28888888888888886,2,1.0,0.07483239060541468,600
10,0.28888888888888886,2,1.0,0.0363089852019336,1000
10,0.28888888888888886,2,1.0,0.019379680678986124,1400
10,0.28888888888888886,2,1.0,0.19614844729890313,200
10,0.28888888888888886,2,1.0,0.027973416418749897,600
10,0.28888888888888886,2,1.0,0.03645297177336626,1000
10,0.28888888888888886,2,1.0,0.040233176456723585,1400
10,0.28888888888888886,2,1.0,0.05402857743259771,200
10,0.28888888888888886,2,1.0,0.03157862486814398,600
10,0.28888888888888886,2,1.0,0.020264477606414782,1000
10,0.28888888888888886,2,1.0,0.011621288543898862,1400
10,0.28888888888888886,2,1.0,0.08959624711707065,200
10,0.28888888888888886,2,1.0,0.0344144376132493,600
10,0.28888888888888886,2,1.0,0.018560469929411978,1000
10,0.28888888888888886,2,1.0,0.011875138083988341,1400
10,0.28888888888888886,2,1.0,0.08112580565018854,200
10,0.28888888888888886,2,1.0,0.02430603445072447,600
10,0.28888888888888886,2,1.0,0.015171102902964445,1000
10,0.28888888888888886,2,1.0,0.01433157251772739,1400
10,0.28888888888888886,2,5.0,0.05253409648055821,200
10,0.28888888888888886,2,5.0,0.031206483602798145,600
10,0.28888888888888886,2,5.0,0.0118849975207354,1000
10,0.28888888888888886,2,5.0,0.01362420698809453,1400
10,0.28888888888888886,2,5.0,0.0954004791609115,200
10,0.28888888888888886,2,5.0,0.02430008823069044,600
10,0.28888888888888886,2,5.0,0.01841426969453468,1000
10,0.28888888888888886,2,5.0,0.014381795844009709,1400
10,0.28888888888888886,2,5.0,0.06480878963441512,200
10,0.28888888888888886,2,5.0,0.017465627144887592,600
10,0.28888888888888886,2,5.0,0.017183666655386516,1000
10,0.28888888888888886,2,5.0,0.009719973564911081,1400
10,0.28888888888888886,2,5.0,0.06786126945599161,200
10,0.28888888888888886,2,5.0,0.029482803502436466,600
10,0.28888888888888886,2,5.0,0.019382662920475698,1000
10,0.28888888888888886,2,5.0,0.014834438421789546,1400
10,0.28888888888888886,2,5.0,0.06399219600151422,200
10,0.28888888888888886,2,5.0,0.027336422298458733,600
10,0.28888888888888886,2,5.0,0.010866154657902437,1000
10,0.28888888888888886,2,5.0,0.009933856293886196,1400
10,0.2,5,0.1,1.6922488485645375,200
10,0.2,5,0.1,1.6773271546065416,600
10,0.2,5,0.1,1.618806652973807,1000
10,0.2,5,0.1,1.5928763225675853,1400
10,0.2,5,0.1,0.8190710410294911,200
10,0.2,5,0.1,0.7983799979381249,600
10,0.2,5,0.1,0.7953156001628001,1000
10,0.2,5,0.1,0.7939489413452686,1400
10,0.2,5,0.1,1.2362710543117559,200
10,0.2,5,0.1,1.0497960218255544,600
10,0.2,5,0.1,1.0755981475781309,1000
10,0.2,5,0.1,1.0676076871817934,1400
10,0.2,5,0.1,0.490410081490991,200
10,0.2,5,0.1,0.40054257653665604,600
10,0.2,5,0.1,0.4013894665241138,1000
10,0.2,5,0.1,0.39337577442014704,1400
10,0.2,5,0.1,0.8520284979544507,200
10,0.2,5,0.1,0.7609676163756567,600
10,0.2,5,0.1,0.7465034806579504,1000
10,0.2,5,0.1,0.7059289071227234,1400
10,0.2,5,0.5,0.06899953495985899,200
10,0.2,5,0.5,0.030103793651894153,600
10,0.2,5,0.5,0.019367861357822723,1000
10,0.2,5,0.5,0.00865443094334882,1400
10,0.2,5,0.5,0.07044850356802707,200
10,0.2,5,0.5,0.010747180970388485,600
10,0.2,5,0.5,0.004770752308331294,1000
10,0.2,5,0.5,0.0068198999157025805,1400
10,0.2,5,0.5,0.25718482561387057,200
10,0.2,5,0.5,0.25454896947759553,600
10,0.2,5,0.5,0.24508181759262962,1000
10,0.2,5,0.5,0.23662900182810712,1400
10,0.2,5,0.5,0.17140767659350167,200
10,0.2,5,0.5,0.06604234592714776,600
10,0.2,5,0.5,0.1168309308748277,1000
10,0.2,5,0.5,0.07047456406676976,1400
10,0.2,5,0.5,0.05768448353560299,200
10,0.2,5,0.5,0.029383327492577094,600
10,0.2,5,0.5,0.03793140878732282,1000
10,0.2,5,0.5,0.018985613597287045,1400
10,0.2,5,1.0,0.05747441014081105,200
10,0.2,5,1.0,0.024483337196142815,600
10,0.2,5,1.0,0.0059598745279455,1000
10,0.2,5,1.0,0.004786368792758526,1400
10,0.2,5,1.0,0.044733281557596184,200
10,0.2,5,1.0,0.01718621151510678,600
10,0.2,5,1.0,0.020099339126434884,1000
10,0.2,5,1.0,0.015006396298183884,1400
10,0.2,5,1.0,0.09926730943298769,200
10,0.2,5,1.0,0.024801463645818082,600
10,0.2,5,1.0,0.025000407178890155,1000
10,0.2,5,1.0,0.011840096055592393,1400
10,0.2,5,1.0,0.07311758728743767,200
10,0.2,5,1.0,0.02049950351084634,600
10,0.2,5,1.0,0.013226323045509514,1000
10,0.2,5,1.0,0.007557909335405637,1400
10,0.2,5,1.0,0.22285921613872836,200
10,0.2,5,1.0,0.13581575457902872,600
10,0.2,5,1.0,0.03863271830525013,1000
10,0.2,5,1.0,0.056106585287131014,1400
10,0.2,5,5.0,0.03512995853910116,200
10,0.2,5,5.0,0.009293850445239258,600
10,0.2,5,5.0,0.005832554031645913,1000
10,0.2,5,5.0,0.0027253597452430627,1400
10,0.2,5,5.0,0.03268211213600506,200
10,0.2,5,5.0,0.01303215914901836,600
10,0.2,5,5.0,0.009195409589435512,1000
10,0.2,5,5.0,0.0063226060332570964,1400
10,0.2,5,5.0,0.0740903551420972,200
10,0.2,5,5.0,0.013453998951309951,600
10,0.2,5,5.0,0.011662400181524795,1000
10,0.2,5,5.0,0.010508075619590747,1400
10,0.2,5,5.0,0.028264547871235737,200
10,0.2,5,5.0,0.011611913496553022,600
10,0.2,5,5.0,0.007563622943261983,1000
10,0.2,5,5.0,0.0040849142249625384,1400
10,0.2,5,5.0,0.03084385360383045,200
10,0.2,5,5.0,0.012159254481218443,600
10,0.2,5,5.0,0.006680557617804045,1000
10,0.2,5,5.0,0.005301763255738445,1400
10,0.2,5,0.1,1.6922488485645375,200
10,0.2,5,0.1,1.6773271546065416,600
10,0.2,5,0.1,1.618806652973807,1000
10,0.2,5,0.1,1.5928763225675853,1400
10,0.2,5,0.1,0.8190710410294911,200
10,0.2,5,0.1,0.7983799979381249,600
10,0.2,5,0.1,0.7953156001628001,1000
10,0.2,5,0.1,0.7939489413452686,1400
10,0.2,5,0.1,1.2362710543117559,200
10,0.2,5,0.1,1.0497960218255544,600
10,0.2,5,0.1,1.0755981475781309,1000
10,0.2,5,0.1,1.0676076871817934,1400
10,0.2,5,0.1,0.490410081490991,200
10,0.2,5,0.1,0.40054257653665604,600
10,0.2,5,0.1,0.4013894665241138,1000
10,0.2,5,0.1,0.39337577442014704,1400
10,0.2,5,0.1,0.8520284979544507,200
10,0.2,5,0.1,0.7609676163756567,600
10,0.2,5,0.1,0.7465034806579504,1000
10,0.2,5,0.1,0.7059289071227234,1400
10,0.2,5,0.5,0.06899953495985899,200
10,0.2,5,0.5,0.030103793651894153,600
10,0.2,5,0.5,0.019367861357822723,1000
10,0.2,5,0.5,0.00865443094334882,1400
10,0.2,5,0.5,0.07044850356802707,200
10,0.2,5,0.5,0.010747180970388485,600
10,0.2,5,0.5,0.004770752308331294,1000
10,0.2,5,0.5,0.0068198999157025805,1400
10,0.2,5,0.5,0.25718482561387057,200
10,0.2,5,0.5,0.25454896947759553,600
10,0.2,5,0.5,0.24508181759262962,1000
10,0.2,5,0.5,0.23662900182810712,1400
10,0.2,5,0.5,0.17140767659350167,200
10,0.2,5,0.5,0.06604234592714776,600
10,0.2,5,0.5,0.1168309308748277,1000
10,0.2,5,0.5,0.07047456406676976,1400
10,0.2,5,0.5,0.05768448353560299,200
10,0.2,5,0.5,0.029383327492577094,600
10,0.2,5,0.5,0.03793140878732282,1000
10,0.2,5,0.5,0.018985613597287045,1400
10,0.2,5,1.0,0.05747441014081105,200
10,0.2,5,1.0,0.024483337196142815,600
10,0.2,5,1.0,0.0059598745279455,1000
10,0.2,5,1.0,0.004786368792758526,1400
10,0.2,5,1.0,0.044733281557596184,200
10,0.2,5,1.0,0.01718621151510678,600
10,0.2,5,1.0,0.020099339126434884,1000
10,0.2,5,1.0,0.015006396298183884,1400
10,0.2,5,1.0,0.09926730943298769,200
10,0.2,5,1.0,0.024801463645818082,600
10,0.2,5,1.0,0.025000407178890155,1000
10,0.2,5,1.0,0.011840096055592393,1400
10,0.2,5,1.0,0.07311758728743767,200
10,0.2,5,1.0,0.02049950351084634,600
10,0.2,5,1.0,0.013226323045509514,1000
10,0.2,5,1.0,0.007557909335405637,1400
10,0.2,5,1.0,0.22285921613872836,200
10,0.2,5,1.0,0.13581575457902872,600
10,0.2,5,1.0,0.03863271830525013,1000
10,0.2,5,1.0,0.056106585287131014,1400
10,0.2,5,5.0,0.03512995853910116,200
10,0.2,5,5.0,0.009293850445239258,600
10,0.2,5,5.0,0.005832554031645913,1000
10,0.2,5,5.0,0.0027253597452430627,1400
10,0.2,5,5.0,0.03268211213600506,200
10,0.2,5,5.0,0.01303215914901836,600
10,0.2,5,5.0,0.009195409589435512,1000
10,0.2,5,5.0,0.0063226060332570964,1400
10,0.2,5,5.0,0.0740903551420972,200
10,0.2,5,5.0,0.013453998951309951,600
10,0.2,5,5.0,0.011662400181524795,1000
10,0.2,5,5.0,0.010508075619590747,1400
10,0.2,5,5.0,0.028264547871235737,200
10,0.2,5,5.0,0.011611913496553022,600
10,0.2,5,5.0,0.007563622943261983,1000
10,0.2,5,5.0,0.0040849142249625384,1400
10,0.2,5,5.0,0.03084385360383045,200
10,0.2,5,5.0,0.012159254481218443,600
10,0.2,5,5.0,0.006680557617804045,1000
10,0.2,5,5.0,0.005301763255738445,1400
10,0.2,5,0.1,1.6922488485645375,200
10,0.2,5,0.1,1.6773271546065416,600
10,0.2,5,0.1,1.618806652973807,1000
10,0.2,5,0.1,1.5928763225675853,1400
10,0.2,5,0.1,0.8190710410294911,200
10,0.2,5,0.1,0.7983799979381249,600
10,0.2,5,0.1,0.7953156001628001,1000
10,0.2,5,0.1,0.7939489413452686,1400
10,0.2,5,0.1,1.2362710543117559,200
10,0.2,5,0.1,1.0497960218255544,600
10,0.2,5,0.1,1.0755981475781309,1000
10,0.2,5,0.1,1.0676076871817934,1400
10,0.2,5,0.1,0.490410081490991,200
10,0.2,5,0.1,0.40054257653665604,600
10,0.2,5,0.1,0.4013894665241138,1000
10,0.2,5,0.1,0.39337577442014704,1400
10,0.2,5,0.1,0.8520284979544507,200
10,0.2,5,0.1,0.7609676163756567,600
10,0.2,5,0.1,0.7465034806579504,1000
10,0.2,5,0.1,0.7059289071227234,1400
10,0.2,5,0.5,0.06899953495985899,200
10,0.2,5,0.5,0.030103793651894153,600
10,0.2,5,0.5,0.019367861357822723,1000
10,0.2,5,0.5,0.00865443094334882,1400
10,0.2,5,0.5,0.07044850356802707,200
10,0.2,5,0.5,0.010747180970388485,600
10,0.2,5,0.5,0.004770752308331294,1000
10,0.2,5,0.5,0.0068198999157025805,1400
10,0.2,5,0.5,0.25718482561387057,200
10,0.2,5,0.5,0.25454896947759553,600
10,0.2,5,0.5,0.24508181759262962,1000
10,0.2,5,0.5,0.23662900182810712,1400
10,0.2,5,0.5,0.17140767659350167,200
10,0.2,5,0.5,0.06604234592714776,600
10,0.2,5,0.5,0.1168309308748277,1000
10,0.2,5,0.5,0.07047456406676976,1400
10,0.2,5,0.5,0.05768448353560299,200
10,0.2,5,0.5,0.029383327492577094,600
10,0.2,5,0.5,0.03793140878732282,1000
10,0.2,5,0.5,0.018985613597287045,1400
10,0.2,5,1.0,0.05747441014081105,200
10,0.2,5,1.0,0.024483337196142815,600
10,0.2,5,1.0,0.0059598745279455,1000
10,0.2,5,1.0,0.004786368792758526,1400
10,0.2,5,1.0,0.044733281557596184,200
10,0.2,5,1.0,0.01718621151510678,600
10,0.2,5,1.0,0.020099339126434884,1000
10,0.2,5,1.0,0.015006396298183884,1400
10,0.2,5,1.0,0.09926730943298769,200
10,0.2,5,1.0,0.024801463645818082,600
10,0.2,5,1.0,0.025000407178890155,1000
10,0.2,5,1.0,0.011840096055592393,1400
10,0.2,5,1.0,0.07311758728743767,200
10,0.2,5,1.0,0.02049950351084634,600
10,0.2,5,1.0,0.013226323045509514,1000
10,0.2,5,1.0,0.007557909335405637,1400
10,0.2,5,1.0,0.22285921613872836,200
10,0.2,5,1.0,0.13581575457902872,600
10,0.2,5,1.0,0.03863271830525013,1000
10,0.2,5,1.0,0.056106585287131014,1400
10,0.2,5,5.0,0.03512995853910116,200
10,0.2,5,5.0,0.009293850445239258,600
10,0.2,5,5.0,0.005832554031645913,1000
10,0.2,5,5.0,0.0027253597452430627,1400
10,0.2,5,5.0,0.03268211213600506,200
10,0.2,5,5.0,0.01303215914901836,600
10,0.2,5,5.0,0.009195409589435512,1000
10,0.2,5,5.0,0.0063226060332570964,1400
10,0.2,5,5.0,0.0740903551420972,200
10,0.2,5,5.0,0.013453998951309951,600
10,0.2,5,5.0,0.011662400181524795,1000
10,0.2,5,5.0,0.010508075619590747,1400
10,0.2,5,5.0,0.028264547871235737,200
10,0.2,5,5.0,0.011611913496553022,600
10,0.2,5,5.0,0.007563622943261983,1000
10,0.2,5,5.0,0.0040849142249625384,1400
10,0.2,5,5.0,0.03084385360383045,200
10,0.2,5,5.0,0.012159254481218443,600
10,0.2,5,5.0,0.006680557617804045,1000
10,0.2,5,5.0,0.005301763255738445,1400
10,0.2,5,0.1,1.6922488485645375,200
10,0.2,5,0.1,1.6773271546065416,600
10,0.2,5,0.1,1.618806652973807,1000
10,0.2,5,0.1,1.5928763225675853,1400
10,0.2,5,0.1,0.8190710410294911,200
10,0.2,5,0.1,0.7983799979381249,600
10,0.2,5,0.1,0.7953156001628001,1000
10,0.2,5,0.1,0.7939489413452686,1400
10,0.2,5,0.1,1.2362710543117559,200
10,0.2,5,0.1,1.0497960218255544,600
10,0.2,5,0.1,1.0755981475781309,1000
10,0.2,5,0.1,1.0676076871817934,1400
10,0.2,5,0.1,0.490410081490991,200
10,0.2,5,0.1,0.40054257653665604,600
10,0.2,5,0.1,0.4013894665241138,1000
10,0.2,5,0.1,0.39337577442014704,1400
10,0.2,5,0.1,0.8520284979544507,200
10,0.2,5,0.1,0.7609676163756567,600
10,0.2,5,0.1,0.7465034806579504,1000
10,0.2,5,0.1,0.7059289071227234,1400
10,0.2,5,0.5,0.06899953495985899,200
10,0.2,5,0.5,0.030103793651894153,600
10,0.2,5,0.5,0.019367861357822723,1000
10,0.2,5,0.5,0.00865443094334882,1400
10,0.2,5,0.5,0.07044850356802707,200
10,0.2,5,0.5,0.010747180970388485,600
10,0.2,5,0.5,0.004770752308331294,1000
10,0.2,5,0.5,0.0068198999157025805,1400
10,0.2,5,0.5,0.25718482561387057,200
10,0.2,5,0.5,0.25454896947759553,600
10,0.2,5,0.5,0.24508181759262962,1000
10,0.2,5,0.5,0.23662900182810712,1400
10,0.2,5,0.5,0.17140767659350167,200
10,0.2,5,0.5,0.06604234592714776,600
10,0.2,5,0.5,0.1168309308748277,1000
10,0.2,5,0.5,0.07047456406676976,1400
10,0.2,5,0.5,0.05768448353560299,200
10,0.2,5,0.5,0.029383327492577094,600
10,0.2,5,0.5,0.03793140878732282,1000
10,0.2,5,0.5,0.018985613597287045,1400
10,0.2,5,1.0,0.05747441014081105,200
10,0.2,5,1.0,0.024483337196142815,600
10,0.2,5,1.0,0.0059598745279455,1000
10,0.2,5,1.0,0.004786368792758526,1400
10,0.2,5,1.0,0.044733281557596184,200
10,0.2,5,1.0,0.01718621151510678,600
10,0.2,5,1.0,0.020099339126434884,1000
10,0.2,5,1.0,0.015006396298183884,1400
10,0.2,5,1.0,0.09926730943298769,200
10,0.2,5,1.0,0.024801463645818082,600
10,0.2,5,1.0,0.025000407178890155,1000
10,0.2,5,1.0,0.011840096055592393,1400
10,0.2,5,1.0,0.07311758728743767,200
10,0.2,5,1.0,0.02049950351084634,600
10,0.2,5,1.0,0.013226323045509514,1000
10,0.2,5,1.0,0.007557909335405637,1400
10,0.2,5,1.0,0.22285921613872836,200
10,0.2,5,1.0,0.13581575457902872,600
10,0.2,5,1.0,0.03863271830525013,1000
10,0.2,5,1.0,0.056106585287131014,1400
10,0.2,5,5.0,0.03512995853910116,200
10,0.2,5,5.0,0.009293850445239258,600
10,0.2,5,5.0,0.005832554031645913,1000
10,0.2,5,5.0,0.0027253597452430627,1400
10,0.2,5,5.0,0.03268211213600506,200
10,0.2,5,5.0,0.01303215914901836,600
10,0.2,5,5.0,0.009195409589435512,1000
10,0.2,5,5.0,0.0063226060332570964,1400
10,0.2,5,5.0,0.0740903551420972,200
10,0.2,5,5.0,0.013453998951309951,600
10,0.2,5,5.0,0.011662400181524795,1000
10,0.2,5,5.0,0.010508075619590747,1400
10,0.2,5,5.0,0.028264547871235737,200
10,0.2,5,5.0,0.011611913496553022,600
10,0.2,5,5.0,0.007563622943261983,1000
10,0.2,5,5.0,0.0040849142249625384,1400
10,0.2,5,5.0,0.03084385360383045,200
10,0.2,5,5.0,0.012159254481218443,600
10,0.2,5,5.0,0.006680557617804045,1000
10,0.2,5,5.0,0.005301763255738445,1400
10,0.28888888888888886,5,0.1,2.7303299932456695,200
10,0.28888888888888886,5,0.1,2.723163920870279,600
10,0.28888888888888886,5,0.1,2.722167352150886,1000
10,0.28888888888888886,5,0.1,2.721936710088895,1400
10,0.28888888888888886,5,0.1,1.2477728188220998,200
10,0.28888888888888886,5,0.1,1.1904860346564103,600
10,0.28888888888888886,5,0.1,1.1959588635420995,1000
10,0.28888888888888886,5,0.1,1.1588193696538363,1400
10,0.28888888888888886,5,0.1,2.0374335912560277,200
10,0.28888888888888886,5,0.1,1.7888384253062468,600
10,0.28888888888888886,5,0.1,1.6377887532994422,1000
10,0.28888888888888886,5,0.1,1.6294947234508033,1400
10,0.28888888888888886,5,0.1,1.4124017739471613,200
10,0.28888888888888886,5,0.1,1.3208569023533638,600
10,0.28888888888888886,5,0.1,1.27141074299382,1000
10,0.28888888888888886,5,0.1,1.289799433283434,1400
10,0.28888888888888886,5,0.1,1.6358877088487862,200
10,0.28888888888888886,5,0.1,1.4422489938916352,600
10,0.28888888888888886,5,0.1,1.4240444328256905,1000
10,0.28888888888888886,5,0.1,1.342935668206299,1400
10,0.28888888888888886,5,0.5,0.12862869328359863,200
10,0.28888888888888886,5,0.5,0.025801729953331715,600
10,0.28888888888888886,5,0.5,0.02116932325468039,1000
10,0.28888888888888886,5,0.5,0.01694672299585601,1400
10,0.28888888888888886,5,0.5,0.06439928097522182,200
10,0.28888888888888886,5,0.5,0.04151619824103637,600
10,0.28888888888888886,5,0.5,0.011003024998884106,1000
10,0.28888888888888886,5,0.5,0.008739253755578803,1400
10,0.28888888888888886,5,0.5,0.7021712337352903,200
10,0.28888888888888886,5,0.5,0.6287082464454529,600
10,0.28888888888888886,5,0.5,0.6202537848969217,1000
10,0.28888888888888886,5,0.5,0.6049871455526651,1400
10,0.28888888888888886,5,0.5,0.33617188690157657,200
10,0.28888888888888886,5,0.5,0.1420021221991298,600
10,0.28888888888888886,5,0.5,0.09426505181751964,1000
10,0.28888888888888886,5,0.5,0.07431172459808207,1400
10,0.28888888888888886,5,0.5,0.30995666070729294,200
10,0.28888888888888886,5,0.5,0.28919488930650916,600
10,0.28888888888888886,5,0.5,0.27276812598972994,1000
10,0.28888888888888886,5,0.5,0.23419087897953214,1400
10,0.28888888888888886,5,1.0,0.09543535121639161,200
10,0.28888888888888886,5,1.0,0.017147685580007503,600
10,0.28888888888888886,5,1.0,0.008414928532632534,1000
10,0.28888888888888886,5,1.0,0.010179155536482815,1400
10,0.28888888888888886,5,1.0,0.17610792438321038,200
10,0.28888888888888886,5,1.0,0.07351724327457443,600
10,0.28888888888888886,5,1.0,0.04392806522841225,1000
10,0.28888888888888886,5,1.0,0.01930167917431405,1400
10,0.28888888888888886,5,1.0,0.5613469927920614,200
10,0.28888888888888886,5,1.0,0.3078507681753429,600
10,0.28888888888888886,5,1.0,0.23185468330682804,1000
10,0.28888888888888886,5,1.0,0.15772874831197894,1400
10,0.28888888888888886,5,1.0,0.1302499174759411,200
10,0.28888888888888886,5,1.0,0.027507738340363155,600
10,0.28888888888888886,5,1.0,0.012694413653121699,1000
10,0.28888888888888886,5,1.0,0.014429265774504403,1400
10,0.28888888888888886,5,1.0,0.39491392445843654,200
10,0.28888888888888886,5,1.0,0.13540783468593856,600
10,0.28888888888888886,5,1.0,0.11279740210582874,1000
10,0.28888888888888886,5,1.0,0.08493593847472784,1400
10,0.28888888888888886,5,5.0,0.04071112185642395,200
10,0.28888888888888886,5,5.0,0.016395001510924517,600
10,0.28888888888888886,5,5.0,0.0075145179767134385,1000
10,0.28888888888888886,5,5.0,0.004037168214144862,1400
10,0.28888888888888886,5,5.0,0.09570221221296338,200
10,0.28888888888888886,5,5.0,0.029301850301835464,600
10,0.28888888888888886,5,5.0,0.017486860966207343,1000
10,0.28888888888888886,5,5.0,0.011958855785561589,1400
10,0.28888888888888886,5,5.0,0.07568259083526632,200
10,0.28888888888888886,5,5.0,0.026698567381965327,600
10,0.28888888888888886,5,5.0,0.016652015056885884,1000
10,0.28888888888888886,5,5.0,0.015097770740599094,1400
10,0.28888888888888886,5,5.0,0.060655078913527394,200
10,0.28888888888888886,5,5.0,0.010955701286453502,600
10,0.28888888888888886,5,5.0,0.007414528409942515,1000
10,0.28888888888888886,5,5.0,0.0053111836184761094,1400
10,0.28888888888888886,5,5.0,0.08510626015321777,200
10,0.28888888888888886,5,5.0,0.014917562828103791,600
10,0.28888888888888886,5,5.0,0.012169000999039763,1000
10,0.28888888888888886,5,5.0,0.008404150537837846,1400
10,0.37777777777777777,5,0.1,3.3184483891325263,200
10,0.37777777777777777,5,0.1,3.3124407487987138,600
10,0.37777777777777777,5,0.1,2.9678724514688857,1000
10,0.37777777777777777,5,0.1,2.9672881136718,1400
10,0.37777777777777777,5,0.1,1.8676024279769399,200
10,0.37777777777777777,5,0.1,1.761988455445982,600
10,0.37777777777777777,5,0.1,1.7535068690468953,1000
10,0.37777777777777777,5,0.1,1.6057760560853773,1400
10,0.37777777777777777,5,0.1,2.0891163226001894,200
10,0.37777777777777777,5,0.1,1.9374015381305454,600
10,0.37777777777777777,5,0.1,1.8605634779728475,1000
10,0.37777777777777777,5,0.1,1.8404935997130207,1400
10,0.37777777777777777,5,0.1,2.460735840946448,200
10,0.37777777777777777,5,0.1,2.311389476826097,600
10,0.37777777777777777,5,0.1,2.275690992226919,1000
10,0.37777777777777777,5,0.1,2.2181633724480134,1400
10,0.37777777777777777,5,0.1,1.5943271830264591,200
10,0.37777777777777777,5,0.1,1.391992576152682,600
10,0.37777777777777777,5,0.1,1.3592014890372377,1000
10,0.37777777777777777,5,0.1,1.3321373220807031,1400
10,0.37777777777777777,5,0.5,0.28163220778653214,200
10,0.37777777777777777,5,0.5,0.17283227220128247,600
10,0.37777777777777777,5,0.5,0.155464047448791,1000
10,0.37777777777777777,5,0.5,0.0998651607711539,1400
10,0.37777777777777777,5,0.5,0.28634744784179,200
10,0.37777777777777777,5,0.5,0.3037130413106384,600
10,0.37777777777777777,5,0.5,0.30610421180985103,1000
10,0.37777777777777777,5,0.5,0.1694657379781843,1400
10,0.37777777777777777,5,0.5,0.6612318602189435,200
10,0.37777777777777777,5,0.5,0.5954784773748774,600
10,0.37777777777777777,5,0.5,0.5607499591295073,1000
10,0.37777777777777777,5,0.5,0.5441089133494594,1400
10,0.37777777777777777,5,0.5,0.47321163437546965,200
10,0.37777777777777777,5,0.5,0.20446587757290702,600
10,0.37777777777777777,5,0.5,0.1793988743056974,1000
10,0.37777777777777777,5,0.5,0.13265761922702654,1400
10,0.37777777777777777,5,0.5,0.5064793168095371,200
10,0.37777777777777777,5,0.5,0.16560640853663577,600
10,0.37777777777777777,5,0.5,0.13108789529924478,1000
10,0.37777777777777777,5,0.5,0.10706131126151933,1400
10,0.37777777777777777,5,1.0,0.22024422910707578,200
10,0.37777777777777777,5,1.0,0.08145978645528668,600
10,0.37777777777777777,5,1.0,0.052106026619543395,1000
10,0.37777777777777777,5,1.0,0.021825093043663795,1400
10,0.37777777777777777,5,1.0,0.21673823745797832,200
10,0.37777777777777777,5,1.0,0.04539570427707302,600
10,0.37777777777777777,5,1.0,0.02935809641544953,1000
10,0.37777777777777777,5,1.0,0.037556958038245276,1400
10,0.37777777777777777,5,1.0,0.5945067503556889,200
10,0.37777777777777777,5,1.0,0.33472082034945794,600
10,0.37777777777777777,5,1.0,0.20228139851871882,1000
10,0.37777777777777777,5,1.0,0.13108959167970097,1400
10,0.37777777777777777,5,1.0,0.2657568274268448,200
10,0.37777777777777777,5,1.0,0.05870732244008976,600
10,0.37777777777777777,5,1.0,0.05340500344832991,1000
10,0.37777777777777777,5,1.0,0.03146074357824484,1400
10,0.37777777777777777,5,1.0,0.45841517062359466,200
10,0.37777777777777777,5,1.0,0.4710582821838699,600
10,0.37777777777777777,5,1.0,0.1488839570842373,1000
10,0.37777777777777777,5,1.0,0.1517517645815371,1400
10,0.37777777777777777,5,5.0,0.09405229987258427,200
10,0.37777777777777777,5,5.0,0.03629920870763176,600
10,0.37777777777777777,5,5.0,0.01596788939140345,1000
10,0.37777777777777777,5,5.0,0.010167666365744869,1400
10,0.37777777777777777,5,5.0,0.11595240690377107,200
10,0.37777777777777777,5,5.0,0.03566384827486082,600
10,0.37777777777777777,5,5.0,0.019444812747601608,1000
10,0.37777777777777777,5,5.0,0.012851332932869965,1400
10,0.37777777777777777,5,5.0,0.1710795549484404,200
10,0.37777777777777777,5,5.0,0.08359789295813844,600
10,0.37777777777777777,5,5.0,0.032635879621155904,1000
10,0.37777777777777777,5,5.0,0.025351779846407102,1400
10,0.37777777777777777,5,5.0,0.08928172763011846,200
10,0.37777777777777777,5,5.0,0.036037473119734646,600
10,0.37777777777777777,5,5.0,0.017242064787419156,1000
10,0.37777777777777777,5,5.0,0.012556759952748723,1400
10,0.37777777777777777,5,5.0,0.12160063087690673,200
10,0.37777777777777777,5,5.0,0.03048498008100733,600
10,0.37777777777777777,5,5.0,0.013923854398891461,1000
10,0.37777777777777777,5,5.0,0.00898347924135411,1400
10,0.4888888888888889,5,0.1,3.7905026407489344,200
10,0.4888888888888889,5,0.1,3.5934037703783135,600
10,0.4888888888888889,5,0.1,3.5923974349808936,1000
10,0.4888888888888889,5,0.1,3.5919303703930843,1400
10,0.4888888888888889,5,0.1,2.3225164872562476,200
10,0.4888888888888889,5,0.1,2.2777413290264263,600
10,0.4888888888888889,5,0.1,2.2762617192258063,1000
10,0.4888888888888889,5,0.1,2.0976799970509874,1400
10,0.4888888888888889,5,0.1,2.419666315959254,200
10,0.4888888888888889,5,0.1,2.2178281543287786,600
10,0.4888888888888889,5,0.1,2.1842779435685813,1000
10,0.4888888888888889,5,0.1,2.16200237080615,1400
10,0.4888888888888889,5,0.1,3.224013220694542,200
10,0.4888888888888889,5,0.1,3.1856654754480678,600
10,0.4888888888888889,5,0.1,3.166471804478733,1000
10,0.4888888888888889,5,0.1,2.8904100489149123,1400
10,0.4888888888888889,5,0.1,2.6813927550742056,200
10,0.4888888888888889,5,0.1,2.549086081401186,600
10,0.4888888888888889,5,0.1,2.523582273709531,1000
10,0.4888888888888889,5,0.1,2.5182266078130193,1400
10,0.4888888888888889,5,0.5,0.5439448216225722,200
10,0.4888888888888889,5,0.5,0.3944901959713753,600
10,0.4888888888888889,5,0.5,0.3689607727609267,1000
10,0.4888888888888889,5,0.5,0.4138084880874071,1400
10,0.4888888888888889,5,0.5,0.7342892011996067,200
10,0.4888888888888889,5,0.5,0.4437220998674433,600
10,0.4888888888888889,5,0.5,0.410490020772465,1000
10,0.4888888888888889,5,0.5,0.42575344713710894,1400
10,0.4888888888888889,5,0.5,1.0787244985454518,200
10,0.4888888888888889,5,0.5,0.9511656704440044,600
10,0.4888888888888889,5,0.5,0.9101903895005623,1000
10,0.4888888888888889,5,0.5,0.8768371060440823,1400
10,0.4888888888888889,5,0.5,0.755043452048256,200
10,0.4888888888888889,5,0.5,0.42246070891613663,600
10,0.4888888888888889,5,0.5,0.31415868124202273,1000
10,0.4888888888888889,5,0.5,0.28179771194751063,1400
10,0.4888888888888889,5,0.5,0.9359518994340675,200
10,0.4888888888888889,5,0.5,0.5255575694314689,600
10,0.4888888888888889,5,0.5,0.46398439804661396,1000
10,0.4888888888888889,5,0.5,0.41239327286428684,1400
10,0.4888888888888889,5,1.0,0.3397777585385522,200
10,0.4888888888888889,5,1.0,0.16424325640850912,600
10,0.4888888888888889,5,1.0,0.09663272570267241,1000
10,0.4888888888888889,5,1.0,0.08170381266462225,1400
10,0.4888888888888889,5,1.0,0.3114111425663755,200
10,0.4888888888888889,5,1.0,0.13689527700356513,600
10,0.4888888888888889,5,1.0,0.10474071613208724,1000
10,0.4888888888888889,5,1.0,0.0909466569814082,1400
10,0.4888888888888889,5,1.0,0.5884207306650362,200
10,0.4888888888888889,5,1.0,0.47382932254682736,600
10,0.4888888888888889,5,1.0,0.36524511290171313,1000
10,0.4888888888888889,5,1.0,0.27418113788210335,1400
10,0.4888888888888889,5,1.0,0.41393139356242126,200
10,0.4888888888888889,5,1.0,0.14894933676180394,600
10,0.4888888888888889,5,1.0,0.10746422961403825,1000
10,0.4888888888888889,5,1.0,0.085493568161752,1400
10,0.4888888888888889,5,1.0,0.6722871957540583,200
10,0.4888888888888889,5,1.0,0.7613073380945552,600
10,0.4888888888888889,5,1.0,0.39174239535380007,1000
10,0.4888888888888889,5,1.0,0.2924319669812984,1400
10,0.4888888888888889,5,5.0,0.13838942900370554,200
10,0.4888888888888889,5,5.0,0.06681101451827641,600
10,0.4888888888888889,5,5.0,0.03340858675579799,1000
10,0.4888888888888889,5,5.0,0.01849523819061128,1400
10,0.4888888888888889,5,5.0,0.2820912400023003,200
10,0.4888888888888889,5,5.0,0.09669549681096398,600
10,0.4888888888888889,5,5.0,0.0589283427550687,1000
10,0.4888888888888889,5,5.0,0.049686959702893954,1400
10,0.4888888888888889,5,5.0,0.2509004168534939,200
10,0.4888888888888889,5,5.0,0.12084363166095961,600
10,0.4888888888888889,5,5.0,0.07316100917608252,1000
10,0.4888888888888889,5,5.0,0.04645152398060498,1400
10,0.4888888888888889,5,5.0,0.24655914093503006,200
10,0.4888888888888889,5,5.0,0.07721090367443302,600
10,0.4888888888888889,5,5.0,0.03623637536155104,1000
10,0.4888888888888889,5,5.0,0.02107597739790645,1400
10,0.4888888888888889,5,5.0,0.1812148050877838,200
10,0.4888888888888889,5,5.0,0.05098314351759776,600
10,0.4888888888888889,5,5.0,0.03142190922937982,1000
10,0.4888888888888889,5,5.0,0.022227351298307125,1400
10,0.2,10,0.1,1.012908713165443,200
10,0.2,10,0.1,0.8779589000253607,600
10,0.2,10,0.1,1.1124744784955782,1000
10,0.2,10,0.1,0.4133005861846282,1400
10,0.2,10,0.1,1.1877425891824085,200
10,0.2,10,0.1,0.4934343154125003,600
10,0.2,10,0.1,0.18473337424129008,1000
10,0.2,10,0.1,0.13952296873417547,1400
10,0.2,10,0.1,0.4197124496071293,200
10,0.2,10,0.1,0.36802988410173,600
10,0.2,10,0.1,0.3576040100825213,1000
10,0.2,10,0.1,0.3559425040665946,1400
10,0.2,10,0.1,2.659808202869986,200
10,0.2,10,0.1,2.287104583208125,600
10,0.2,10,0.1,1.3015685109179362,1000
10,0.2,10,0.1,0.8872374643182781,1400
10,0.2,10,0.1,1.7130034346478522,200
10,0.2,10,0.1,0.6675100052696483,600
10,0.2,10,0.1,0.5307076208533401,1000
10,0.2,10,0.1,0.41356861138915013,1400
10,0.2,10,0.5,0.06420501193620183,200
10,0.2,10,0.5,0.02299711156303203,600
10,0.2,10,0.5,0.010079879719519102,1000
10,0.2,10,0.5,0.007101140196529139,1400
10,0.2,10,0.5,0.09045391538202997,200
10,0.2,10,0.5,0.027292193769198114,600
10,0.2,10,0.5,0.016421557045383773,1000
10,0.2,10,0.5,0.010408649543352182,1400
10,0.2,10,0.5,0.12287633891943736,200
10,0.2,10,0.5,0.0312958063234606,600
10,0.2,10,0.5,0.015959356279687587,1000
10,0.2,10,0.5,0.012101366423856147,1400
10,0.2,10,0.5,0.13492847979169104,200
10,0.2,10,0.5,0.03393065897975102,600
10,0.2,10,0.5,0.021676920038422098,1000
10,0.2,10,0.5,0.013595341852720613,1400
10,0.2,10,0.5,0.07035504844722236,200
10,0.2,10,0.5,0.03541530456423933,600
10,0.2,10,0.5,0.02678515107738683,1000
10,0.2,10,0.5,0.017425317859206466,1400
10,0.2,10,1.0,0.05849675352384893,200
10,0.2,10,1.0,0.015920750309713294,600
10,0.2,10,1.0,0.006641147745352147,1000
10,0.2,10,1.0,0.005439486059482636,1400
10,0.2,10,1.0,0.11964767361638548,200
10,0.2,10,1.0,0.04709518909226905,600
10,0.2,10,1.0,0.025244976994505286,1000
10,0.2,10,1.0,0.016284891238167284,1400
10,0.2,10,1.0,0.1392450753792271,200
10,0.2,10,1.0,0.07709614859379565,600
10,0.2,10,1.0,0.06470820111702509,1000
10,0.2,10,1.0,0.06350642492959392,1400
10,0.2,10,1.0,0.058972228148269135,200
10,0.2,10,1.0,0.013678031363860402,600
10,0.2,10,1.0,0.007427515156400207,1000
10,0.2,10,1.0,0.006581676406632304,1400
10,0.2,10,1.0,0.020667899744014204,200
10,0.2,10,1.0,0.01503237174189569,600
10,0.2,10,1.0,0.008929967307661078,1000
10,0.2,10,1.0,0.007854582490909126,1400
10,0.2,10,5.0,0.07246219092660011,200
10,0.2,10,5.0,0.016997142620646624,600
10,0.2,10,5.0,0.008269702271944242,1000
10,0.2,10,5.0,0.007119115415990554,1400
10,0.2,10,5.0,0.09139848195893752,200
10,0.2,10,5.0,0.02486117015552809,600
10,0.2,10,5.0,0.018077253380539907,1000
10,0.2,10,5.0,0.011252512105653471,1400
10,0.2,10,5.0,0.06539032135248185,200
10,0.2,10,5.0,0.00740482382006627,600
10,0.2,10,5.0,0.009840619497258618,1000
10,0.2,10,5.0,0.008252452068128168,1400
10,0.2,10,5.0,0.033187573137478964,200
10,0.2,10,5.0,0.011410428988920297,600
10,0.2,10,5.0,0.0038998344564879165,1000
10,0.2,10,5.0,0.007231580135491685,1400
10,0.2,10,5.0,0.03534772786582165,200
10,0.2,10,5.0,0.015204041925239487,600
10,0.2,10,5.0,0.010117833236664433,1000
10,0.2,10,5.0,0.008396210763372242,1400
10,0.2,10,0.1,1.012908713165443,200
10,0.2,10,0.1,0.8779589000253607,600
10,0.2,10,0.1,1.1124744784955782,1000
10,0.2,10,0.1,0.4133005861846282,1400
10,0.2,10,0.1,1.1877425891824085,200
10,0.2,10,0.1,0.4934343154125003,600
10,0.2,10,0.1,0.18473337424129008,1000
10,0.2,10,0.1,0.13952296873417547,1400
10,0.2,10,0.1,0.4197124496071293,200
10,0.2,10,0.1,0.36802988410173,600
10,0.2,10,0.1,0.3576040100825213,1000
10,0.2,10,0.1,0.3559425040665946,1400
10,0.2,10,0.1,2.659808202869986,200
10,0.2,10,0.1,2.287104583208125,600
10,0.2,10,0.1,1.3015685109179362,1000
10,0.2,10,0.1,0.8872374643182781,1400
10,0.2,10,0.1,1.7130034346478522,200
10,0.2,10,0.1,0.6675100052696483,600
10,0.2,10,0.1,0.5307076208533401,1000
10,0.2,10,0.1,0.41356861138915013,1400
10,0.2,10,0.5,0.06420501193620183,200
10,0.2,10,0.5,0.02299711156303203,600
10,0.2,10,0.5,0.010079879719519102,1000
10,0.2,10,0.5,0.007101140196529139,1400
10,0.2,10,0.5,0.09045391538202997,200
10,0.2,10,0.5,0.027292193769198114,600
10,0.2,10,0.5,0.016421557045383773,1000
10,0.2,10,0.5,0.010408649543352182,1400
10,0.2,10,0.5,0.12287633891943736,200
10,0.2,10,0.5,0.0312958063234606,600
10,0.2,10,0.5,0.015959356279687587,1000
10,0.2,10,0.5,0.012101366423856147,1400
10,0.2,10,0.5,0.13492847979169104,200
10,0.2,10,0.5,0.03393065897975102,600
10,0.2,10,0.5,0.021676920038422098,1000
10,0.2,10,0.5,0.013595341852720613,1400
10,0.2,10,0.5,0.07035504844722236,200
10,0.2,10,0.5,0.03541530456423933,600
10,0.2,10,0.5,0.02678515107738683,1000
10,0.2,10,0.5,0.017425317859206466,1400
10,0.2,10,1.0,0.05849675352384893,200
10,0.2,10,1.0,0.015920750309713294,600
10,0.2,10,1.0,0.006641147745352147,1000
10,0.2,10,1.0,0.005439486059482636,1400
10,0.2,10,1.0,0.11964767361638548,200
10,0.2,10,1.0,0.04709518909226905,600
10,0.2,10,1.0,0.025244976994505286,1000
10,0.2,10,1.0,0.016284891238167284,1400
10,0.2,10,1.0,0.1392450753792271,200
10,0.2,10,1.0,0.07709614859379565,600
10,0.2,10,1.0,0.06470820111702509,1000
10,0.2,10,1.0,0.06350642492959392,1400
10,0.2,10,1.0,0.058972228148269135,200
10,0.2,10,1.0,0.013678031363860402,600
10,0.2,10,1.0,0.007427515156400207,1000
10,0.2,10,1.0,0.006581676406632304,1400
10,0.2,10,1.0,0.020667899744014204,200
10,0.2,10,1.0,0.01503237174189569,600
10,0.2,10,1.0,0.008929967307661078,1000
10,0.2,10,1.0,0.007854582490909126,1400
10,0.2,10,5.0,0.07246219092660011,200
10,0.2,10,5.0,0.016997142620646624,600
10,0.2,10,5.0,0.008269702271944242,1000
10,0.2,10,5.0,0.007119115415990554,1400
10,0.2,10,5.0,0.09139848195893752,200
10,0.2,10,5.0,0.02486117015552809,600
10,0.2,10,5.0,0.018077253380539907,1000
10,0.2,10,5.0,0.011252512105653471,1400
10,0.2,10,5.0,0.06539032135248185,200
10,0.2,10,5.0,0.00740482382006627,600
10,0.2,10,5.0,0.009840619497258618,1000
10,0.2,10,5.0,0.008252452068128168,1400
10,0.2,10,5.0,0.033187573137478964,200
10,0.2,10,5.0,0.011410428988920297,600
10,0.2,10,5.0,0.0038998344564879165,1000
10,0.2,10,5.0,0.007231580135491685,1400
10,0.2,10,5.0,0.03534772786582165,200
10,0.2,10,5.0,0.015204041925239487,600
10,0.2,10,5.0,0.010117833236664433,1000
10,0.2,10,5.0,0.008396210763372242,1400
10,0.2,10,0.1,1.012908713165443,200
10,0.2,10,0.1,0.8779589000253607,600
10,0.2,10,0.1,1.1124744784955782,1000
10,0.2,10,0.1,0.4133005861846282,1400
10,0.2,10,0.1,1.1877425891824085,200
10,0.2,10,0.1,0.4934343154125003,600
10,0.2,10,0.1,0.18473337424129008,1000
10,0.2,10,0.1,0.13952296873417547,1400
10,0.2,10,0.1,0.4197124496071293,200
10,0.2,10,0.1,0.36802988410173,600
10,0.2,10,0.1,0.3576040100825213,1000
10,0.2,10,0.1,0.3559425040665946,1400
10,0.2,10,0.1,2.659808202869986,200
10,0.2,10,0.1,2.287104583208125,600
10,0.2,10,0.1,1.3015685109179362,1000
10,0.2,10,0.1,0.8872374643182781,1400
10,0.2,10,0.1,1.7130034346478522,200
10,0.2,10,0.1,0.6675100052696483,600
10,0.2,10,0.1,0.5307076208533401,1000
10,0.2,10,0.1,0.41356861138915013,1400
10,0.2,10,0.5,0.06420501193620183,200
10,0.2,10,0.5,0.02299711156303203,600
10,0.2,10,0.5,0.010079879719519102,1000
10,0.2,10,0.5,0.007101140196529139,1400
10,0.2,10,0.5,0.09045391538202997,200
10,0.2,10,0.5,0.027292193769198114,600
10,0.2,10,0.5,0.016421557045383773,1000
10,0.2,10,0.5,0.010408649543352182,1400
10,0.2,10,0.5,0.12287633891943736,200
10,0.2,10,0.5,0.0312958063234606,600
10,0.2,10,0.5,0.015959356279687587,1000
10,0.2,10,0.5,0.012101366423856147,1400
10,0.2,10,0.5,0.13492847979169104,200
10,0.2,10,0.5,0.03393065897975102,600
10,0.2,10,0.5,0.021676920038422098,1000
10,0.2,10,0.5,0.013595341852720613,1400
10,0.2,10,0.5,0.07035504844722236,200
10,0.2,10,0.5,0.03541530456423933,600
10,0.2,10,0.5,0.02678515107738683,1000
10,0.2,10,0.5,0.017425317859206466,1400
10,0.2,10,1.0,0.05849675352384893,200
10,0.2,10,1.0,0.015920750309713294,600
10,0.2,10,1.0,0.006641147745352147,1000
10,0.2,10,1.0,0.005439486059482636,1400
10,0.2,10,1.0,0.11964767361638548,200
10,0.2,10,1.0,0.04709518909226905,600
10,0.2,10,1.0,0.025244976994505286,1000
10,0.2,10,1.0,0.016284891238167284,1400
10,0.2,10,1.0,0.1392450753792271,200
10,0.2,10,1.0,0.07709614859379565,600
10,0.2,10,1.0,0.06470820111702509,1000
10,0.2,10,1.0,0.06350642492959392,1400
10,0.2,10,1.0,0.058972228148269135,200
10,0.2,10,1.0,0.013678031363860402,600
10,0.2,10,1.0,0.007427515156400207,1000
10,0.2,10,1.0,0.006581676406632304,1400
10,0.2,10,1.0,0.020667899744014204,200
10,0.2,10,1.0,0.01503237174189569,600
10,0.2,10,1.0,0.008929967307661078,1000
10,0.2,10,1.0,0.007854582490909126,1400
10,0.2,10,5.0,0.07246219092660011,200
10,0.2,10,5.0,0.016997142620646624,600
10,0.2,10,5.0,0.008269702271944242,1000
10,0.2,10,5.0,0.007119115415990554,1400
10,0.2,10,5.0,0.09139848195893752,200
10,0.2,10,5.0,0.02486117015552809,600
10,0.2,10,5.0,0.018077253380539907,1000
10,0.2,10,5.0,0.011252512105653471,1400
10,0.2,10,5.0,0.06539032135248185,200
10,0.2,10,5.0,0.00740482382006627,600
10,0.2,10,5.0,0.009840619497258618,1000
10,0.2,10,5.0,0.008252452068128168,1400
10,0.2,10,5.0,0.033187573137478964,200
10,0.2,10,5.0,0.011410428988920297,600
10,0.2,10,5.0,0.0038998344564879165,1000
10,0.2,10,5.0,0.007231580135491685,1400
10,0.2,10,5.0,0.03534772786582165,200
10,0.2,10,5.0,0.015204041925239487,600
10,0.2,10,5.0,0.010117833236664433,1000
10,0.2,10,5.0,0.008396210763372242,1400
10,0.2,10,0.1,1.012908713165443,200
10,0.2,10,0.1,0.8779589000253607,600
10,0.2,10,0.1,1.1124744784955782,1000
10,0.2,10,0.1,0.4133005861846282,1400
10,0.2,10,0.1,1.1877425891824085,200
10,0.2,10,0.1,0.4934343154125003,600
10,0.2,10,0.1,0.18473337424129008,1000
10,0.2,10,0.1,0.13952296873417547,1400
10,0.2,10,0.1,0.4197124496071293,200
10,0.2,10,0.1,0.36802988410173,600
10,0.2,10,0.1,0.3576040100825213,1000
10,0.2,10,0.1,0.3559425040665946,1400
10,0.2,10,0.1,2.659808202869986,200
10,0.2,10,0.1,2.287104583208125,600
10,0.2,10,0.1,1.3015685109179362,1000
10,0.2,10,0.1,0.8872374643182781,1400
10,0.2,10,0.1,1.7130034346478522,200
10,0.2,10,0.1,0.6675100052696483,600
10,0.2,10,0.1,0.5307076208533401,1000
10,0.2,10,0.1,0.41356861138915013,1400
10,0.2,10,0.5,0.06420501193620183,200
10,0.2,10,0.5,0.02299711156303203,600
10,0.2,10,0.5,0.010079879719519102,1000
10,0.2,10,0.5,0.007101140196529139,1400
10,0.2,10,0.5,0.09045391538202997,200
10,0.2,10,0.5,0.027292193769198114,600
10,0.2,10,0.5,0.016421557045383773,1000
10,0.2,10,0.5,0.010408649543352182,1400
10,0.2,10,0.5,0.12287633891943736,200
10,0.2,10,0.5,0.0312958063234606,600
10,0.2,10,0.5,0.015959356279687587,1000
10,0.2,10,0.5,0.012101366423856147,1400
10,0.2,10,0.5,0.13492847979169104,200
10,0.2,10,0.5,0.03393065897975102,600
10,0.2,10,0.5,0.021676920038422098,1000
10,0.2,10,0.5,0.013595341852720613,1400
10,0.2,10,0.5,0.07035504844722236,200
10,0.2,10,0.5,0.03541530456423933,600
10,0.2,10,0.5,0.02678515107738683,1000
10,0.2,10,0.5,0.017425317859206466,1400
10,0.2,10,1.0,0.05849675352384893,200
10,0.2,10,1.0,0.015920750309713294,600
10,0.2,10,1.0,0.006641147745352147,1000
10,0.2,10,1.0,0.005439486059482636,1400
10,0.2,10,1.0,0.11964767361638548,200
10,0.2,10,1.0,0.04709518909226905,600
10,0.2,10,1.0,0.025244976994505286,1000
10,0.2,10,1.0,0.016284891238167284,1400
10,0.2,10,1.0,0.1392450753792271,200
10,0.2,10,1.0,0.07709614859379565,600
10,0.2,10,1.0,0.06470820111702509,1000
10,0.2,10,1.0,0.06350642492959392,1400
10,0.2,10,1.0,0.058972228148269135,200
10,0.2,10,1.0,0.013678031363860402,600
10,0.2,10,1.0,0.007427515156400207,1000
10,0.2,10,1.0,0.006581676406632304,1400
10,0.2,10,1.0,0.020667899744014204,200
10,0.2,10,1.0,0.01503237174189569,600
10,0.2,10,1.0,0.008929967307661078,1000
10,0.2,10,1.0,0.007854582490909126,1400
10,0.2,10,5.0,0.07246219092660011,200
10,0.2,10,5.0,0.016997142620646624,600
10,0.2,10,5.0,0.008269702271944242,1000
10,0.2,10,5.0,0.007119115415990554,1400
10,0.2,10,5.0,0.09139848195893752,200
10,0.2,10,5.0,0.02486117015552809,600
10,0.2,10,5.0,0.018077253380539907,1000
10,0.2,10,5.0,0.011252512105653471,1400
10,0.2,10,5.0,0.06539032135248185,200
10,0.2,10,5.0,0.00740482382006627,600
10,0.2,10,5.0,0.009840619497258618,1000
10,0.2,10,5.0,0.008252452068128168,1400
10,0.2,10,5.0,0.033187573137478964,200
10,0.2,10,5.0,0.011410428988920297,600
10,0.2,10,5.0,0.0038998344564879165,1000
10,0.2,10,5.0,0.007231580135491685,1400
10,0.2,10,5.0,0.03534772786582165,200
10,0.2,10,5.0,0.015204041925239487,600
10,0.2,10,5.0,0.010117833236664433,1000
10,0.2,10,5.0,0.008396210763372242,1400
10,0.28888888888888886,10,0.1,2.034986542235535,200
10,0.28888888888888886,10,0.1,1.2700300177014916,600
10,0.28888888888888886,10,0.1,1.2056955273448962,1000
10,0.28888888888888886,10,0.1,1.055790578381369,1400
10,0.28888888888888886,10,0.1,1.9804572366334903,200
10,0.28888888888888886,10,0.1,1.1574053743704709,600
10,0.28888888888888886,10,0.1,0.8244244922714355,1000
10,0.28888888888888886,10,0.1,0.7689848029469564,1400
10,0.28888888888888886,10,0.1,0.6929875395450104,200
10,0.28888888888888886,10,0.1,0.5746806922059758,600
10,0.28888888888888886,10,0.1,0.5672297311931858,1000
10,0.28888888888888886,10,0.1,0.5656909774059408,1400
10,0.28888888888888886,10,0.1,2.8672022878465064,200
10,0.28888888888888886,10,0.1,2.6558189379781796,600
10,0.28888888888888886,10,0.1,1.847017550550809,1000
10,0.28888888888888886,10,0.1,1.5145820615038434,1400
10,0.28888888888888886,10,0.1,2.318656172864624,200
10,0.28888888888888886,10,0.1,1.472888468651168,600
10,0.28888888888888886,10,0.1,1.3012196970905947,1000
10,0.28888888888888886,10,0.1,1.1258391071189067,1400
10,0.28888888888888886,10,0.5,0.1316844326059231,200
10,0.28888888888888886,10,0.5,0.0685019750661144,600
10,0.28888888888888886,10,0.5,0.06348533396321417,1000
10,0.28888888888888886,10,0.5,0.05395959969081438,1400
10,0.28888888888888886,10,0.5,0.12310713736209916,200
10,0.28888888888888886,10,0.5,0.026373828763416027,600
10,0.28888888888888886,10,0.5,0.025541586004436356,1000
10,0.28888888888888886,10,0.5,0.024025865139162512,1400
10,0.28888888888888886,10,0.5,0.5180577245455172,200
10,0.28888888888888886,10,0.5,0.36672877220307787,600
10,0.28888888888888886,10,0.5,0.21634897936031908,1000
10,0.28888888888888886,10,0.5,0.21686563416047774,1400
10,0.28888888888888886,10,0.5,0.13127566459562393,200
10,0.28888888888888886,10,0.5,0.07627187356340899,600
10,0.28888888888888886,10,0.5,0.03545324624087756,1000
10,0.28888888888888886,10,0.5,0.020021920191831483,1400
10,0.28888888888888886,10,0.5,0.37990638713632785,200
10,0.28888888888888886,10,0.5,0.15315256814921568,600
10,0.28888888888888886,10,0.5,0.04582477260471729,1000
10,0.28888888888888886,10,0.5,0.0352309737635962,1400
10,0.28888888888888886,10,1.0,0.1344110547363207,200
10,0.28888888888888886,10,1.0,0.05089441940143885,600
10,0.28888888888888886,10,1.0,0.011452532085946241,1000
10,0.28888888888888886,10,1.0,0.010004946042412985,1400
10,0.28888888888888886,10,1.0,0.12032508826067315,200
10,0.28888888888888886,10,1.0,0.05573556993830621,600
10,0.28888888888888886,10,1.0,0.02395534252158325,1000
10,0.28888888888888886,10,1.0,0.02112441136282896,1400
10,0.28888888888888886,10,1.0,0.368429472581455,200
10,0.28888888888888886,10,1.0,0.426262285633725,600
10,0.28888888888888886,10,1.0,0.3861235970331268,1000
10,0.28888888888888886,10,1.0,0.36559531919931154,1400
10,0.28888888888888886,10,1.0,0.2139789643773352,200
10,0.28888888888888886,10,1.0,0.09430251896745287,600
10,0.28888888888888886,10,1.0,0.057128288818067766,1000
10,0.28888888888888886,10,1.0,0.04252527087280364,1400
10,0.28888888888888886,10,1.0,0.15646349190140638,200
10,0.28888888888888886,10,1.0,0.11940992684654561,600
10,0.28888888888888886,10,1.0,0.05997058632434582,1000
10,0.28888888888888886,10,1.0,0.06339564674512749,1400
10,0.28888888888888886,10,5.0,0.0654935835123388,200
10,0.28888888888888886,10,5.0,0.016586474965757755,600
10,0.28888888888888886,10,5.0,0.009757237009834009,1000
10,0.28888888888888886,10,5.0,0.008903487324759816,1400
10,0.28888888888888886,10,5.0,0.10956890118722404,200
10,0.28888888888888886,10,5.0,0.040179303184263396,600
10,0.28888888888888886,10,5.0,0.024853662779461414,1000
10,0.28888888888888886,10,5.0,0.013068627743115213,1400
10,0.28888888888888886,10,5.0,0.0919168451775888,200
10,0.28888888888888886,10,5.0,0.029413632995922957,600
10,0.28888888888888886,10,5.0,0.019469870441936207,1000
10,0.28888888888888886,10,5.0,0.014996701723560015,1400
10,0.28888888888888886,10,5.0,0.08086773451246906,200
10,0.28888888888888886,10,5.0,0.025420091941313516,600
10,0.28888888888888886,10,5.0,0.011903727125367412,1000
10,0.28888888888888886,10,5.0,0.00953981663068036,1400
10,0.28888888888888886,10,5.0,0.054941700137815845,200
10,0.28888888888888886,10,5.0,0.027033857412207613,600
10,0.28888888888888886,10,5.0,0.016485349438039944,1000
10,0.28888888888888886,10,5.0,0.010799511642247375,1400
10,0.37777777777777777,10,0.1,2.2598148630921964,200
10,0.37777777777777777,10,0.1,1.4553080705474717,600
10,0.37777777777777777,10,0.1,1.3669907504251966,1000
10,0.37777777777777777,10,0.1,1.197713590619295,1400
10,0.37777777777777777,10,0.1,3.1712786605857586,200
10,0.37777777777777777,10,0.1,2.1872323412061627,600
10,0.37777777777777777,10,0.1,1.3653781994679004,1000
10,0.37777777777777777,10,0.1,1.253908509130516,1400
10,0.37777777777777777,10,0.1,1.2471355383513454,200
10,0.37777777777777777,10,0.1,1.0593250849960683,600
10,0.37777777777777777,10,0.1,1.0515218985111512,1000
10,0.37777777777777777,10,0.1,1.046733840365747,1400
10,0.37777777777777777,10,0.1,3.015884039707297,200
10,0.37777777777777777,10,0.1,2.9396964149066873,600
10,0.37777777777777777,10,0.1,2.0659741053048397,1000
10,0.37777777777777777,10,0.1,1.7472515806565656,1400
10,0.37777777777777777,10,0.1,2.8691104922494586,200
10,0.37777777777777777,10,0.1,1.8753334188842612,600
10,0.37777777777777777,10,0.1,1.681630996656852,1000
10,0.37777777777777777,10,0.1,1.6014677213630761,1400
10,0.37777777777777777,10,0.5,0.3842897898087378,200
10,0.37777777777777777,10,0.5,0.2189431649339247,600
10,0.37777777777777777,10,0.5,0.2268438207871138,1000
10,0.37777777777777777,10,0.5,0.1722504659426752,1400
10,0.37777777777777777,10,0.5,0.18233240669427353,200
10,0.37777777777777777,10,0.5,0.1041633335101717,600
10,0.37777777777777777,10,0.5,0.07150819707502074,1000
10,0.37777777777777777,10,0.5,0.03512529280921426,1400
10,0.37777777777777777,10,0.5,0.8530810587828326,200
10,0.37777777777777777,10,0.5,0.5532877165546367,600
10,0.37777777777777777,10,0.5,0.261871632131219,1000
10,0.37777777777777777,10,0.5,0.24442317448967818,1400
10,0.37777777777777777,10,0.5,0.3516700551165633,200
10,0.37777777777777777,10,0.5,0.1879180524312404,600
10,0.37777777777777777,10,0.5,0.17657462526305723,1000
10,0.37777777777777777,10,0.5,0.19077090489833795,1400
10,0.37777777777777777,10,0.5,0.34703253556876323,200
10,0.37777777777777777,10,0.5,0.17949535703245503,600
10,0.37777777777777777,10,0.5,0.17714694714219234,1000
10,0.37777777777777777,10,0.5,0.1735558145006351,1400
10,0.37777777777777777,10,1.0,0.13791401132172534,200
10,0.37777777777777777,10,1.0,0.05573893820115783,600
10,0.37777777777777777,10,1.0,0.029470315473420404,1000
10,0.37777777777777777,10,1.0,0.021283676624455277,1400
10,0.37777777777777777,10,1.0,0.2124984736642231,200
10,0.37777777777777777,10,1.0,0.11274568214846385,600
10,0.37777777777777777,10,1.0,0.03440604713555148,1000
10,0.37777777777777777,10,1.0,0.035157113980062125,1400
10,0.37777777777777777,10,1.0,0.5632194183013425,200
10,0.37777777777777777,10,1.0,0.529222722573772,600
10,0.37777777777777777,10,1.0,0.5064582747443667,1000
10,0.37777777777777777,10,1.0,0.5069929685758856,1400
10,0.37777777777777777,10,1.0,0.2978146561607373,200
10,0.37777777777777777,10,1.0,0.17770242908330933,600
10,0.37777777777777777,10,1.0,0.12442476205414035,1000
10,0.37777777777777777,10,1.0,0.11713820058321617,1400
10,0.37777777777777777,10,1.0,0.13822423327697178,200
10,0.37777777777777777,10,1.0,0.07055305558725765,600
10,0.37777777777777777,10,1.0,0.03882545429741445,1000
10,0.37777777777777777,10,1.0,0.05060425175894103,1400
10,0.37777777777777777,10,5.0,0.12522406937491942,200
10,0.37777777777777777,10,5.0,0.03090119316655867,600
10,0.37777777777777777,10,5.0,0.02562679442448066,1000
10,0.37777777777777777,10,5.0,0.02292423643389539,1400
10,0.37777777777777777,10,5.0,0.17447412325309283,200
10,0.37777777777777777,10,5.0,0.045762966348019386,600
10,0.37777777777777777,10,5.0,0.029944679771468603,1000
10,0.37777777777777777,10,5.0,0.01917066475992378,1400
10,0.37777777777777777,10,5.0,0.12688527232559035,200
10,0.37777777777777777,10,5.0,0.04468378710913935,600
10,0.37777777777777777,10,5.0,0.029408464955309556,1000
10,0.37777777777777777,10,5.0,0.028338190983640175,1400
10,0.37777777777777777,10,5.0,0.07426381726072935,200
10,0.37777777777777777,10,5.0,0.02809564555124236,600
10,0.37777777777777777,10,5.0,0.024593820465480302,1000
10,0.37777777777777777,10,5.0,0.019632955691705527,1400
10,0.37777777777777777,10,5.0,0.10379477053232151,200
10,0.37777777777777777,10,5.0,0.0416982560268119,600
10,0.37777777777777777,10,5.0,0.01986544581230524,1000
10,0.37777777777777777,10,5.0,0.016001029428696176,1400
10,0.4888888888888889,10,0.1,2.0590698491873125,200
10,0.4888888888888889,10,0.1,1.89813371273993,600
10,0.4888888888888889,10,0.1,1.6145959433290242,1000
10,0.4888888888888889,10,0.1,1.5996135047645645,1400
10,0.4888888888888889,10,0.1,3.2162969198678266,200
10,0.4888888888888889,10,0.1,2.3654421926206304,600
10,0.4888888888888889,10,0.1,1.9796878172541577,1000
10,0.4888888888888889,10,0.1,1.7800114544907815,1400
10,0.4888888888888889,10,0.1,2.075716556188294,200
10,0.4888888888888889,10,0.1,1.9040346212044414,600
10,0.4888888888888889,10,0.1,1.9020423663709747,1000
10,0.4888888888888889,10,0.1,1.8451555571331637,1400
10,0.4888888888888889,10,0.1,3.519488681429532,200
10,0.4888888888888889,10,0.1,2.955589809824761,600
10,0.4888888888888889,10,0.1,2.6788935178617135,1000
10,0.4888888888888889,10,0.1,2.456263413539069,1400
10,0.4888888888888889,10,0.1,3.4020197019386833,200
10,0.4888888888888889,10,0.1,2.484246893521476,600
10,0.4888888888888889,10,0.1,2.2462931472967327,1000
10,0.4888888888888889,10,0.1,2.17419565247694,1400
10,0.4888888888888889,10,0.5,0.6083128911391437,200
10,0.4888888888888889,10,0.5,0.4415214256464275,600
10,0.4888888888888889,10,0.5,0.36346994012406286,1000
10,0.4888888888888889,10,0.5,0.3466426791103446,1400
10,0.4888888888888889,10,0.5,0.41358937070860685,200
10,0.4888888888888889,10,0.5,0.12477724575501378,600
10,0.4888888888888889,10,0.5,0.09419883089914013,1000
10,0.4888888888888889,10,0.5,0.0924468759675736,1400
10,0.4888888888888889,10,0.5,1.2325104016965283,200
10,0.4888888888888889,10,0.5,0.9088524862722293,600
10,0.4888888888888889,10,0.5,0.49706909952181705,1000
10,0.4888888888888889,10,0.5,0.38509149047627833,1400
10,0.4888888888888889,10,0.5,0.5383670803366299,200
10,0.4888888888888889,10,0.5,0.4814841684688421,600
10,0.4888888888888889,10,0.5,0.42198812366659716,1000
10,0.4888888888888889,10,0.5,0.3514355243657905,1400
10,0.4888888888888889,10,0.5,0.6980843302494901,200
10,0.4888888888888889,10,0.5,0.4762298426072382,600
10,0.4888888888888889,10,0.5,0.32855734569967715,1000
10,0.4888888888888889,10,0.5,0.27783824728152073,1400
10,0.4888888888888889,10,1.0,0.3517482605844531,200
10,0.4888888888888889,10,1.0,0.16523796843231633,600
10,0.4888888888888889,10,1.0,0.06515720820964022,1000
10,0.4888888888888889,10,1.0,0.04511733335905913,1400
10,0.4888888888888889,10,1.0,0.2527785967009689,200
10,0.4888888888888889,10,1.0,0.08590614752531962,600
10,0.4888888888888889,10,1.0,0.059809213368502145,1000
10,0.4888888888888889,10,1.0,0.04315388526857336,1400
10,0.4888888888888889,10,1.0,0.8191625763127592,200
10,0.4888888888888889,10,1.0,0.8031734594981793,600
10,0.4888888888888889,10,1.0,0.7207792987763976,1000
10,0.4888888888888889,10,1.0,0.7191322118075618,1400
10,0.4888888888888889,10,1.0,0.42859257727431105,200
10,0.4888888888888889,10,1.0,0.2569822731246854,600
10,0.4888888888888889,10,1.0,0.1458404501890859,1000
10,0.4888888888888889,10,1.0,0.0891820759624989,1400
10,0.4888888888888889,10,1.0,0.3585306116182618,200
10,0.4888888888888889,10,1.0,0.22093759799058088,600
10,0.4888888888888889,10,1.0,0.14171253697936378,1000
10,0.4888888888888889,10,1.0,0.13627398906898935,1400
10,0.4888888888888889,10,5.0,0.2660660702999611,200
10,0.4888888888888889,10,5.0,0.0744296965010509,600
10,0.4888888888888889,10,5.0,0.046815592946456284,1000
10,0.4888888888888889,10,5.0,0.037898335873049305,1400
10,0.4888888888888889,10,5.0,0.21166953678270245,200
10,0.4888888888888889,10,5.0,0.059933337531704926,600
10,0.4888888888888889,10,5.0,0.039172124384054575,1000
10,0.4888888888888889,10,5.0,0.034175053592037596,1400
10,0.4888888888888889,10,5.0,0.33732102570769784,200
10,0.4888888888888889,10,5.0,0.09047195039006341,600
10,0.4888888888888889,10,5.0,0.0526934572001154,1000
10,0.4888888888888889,10,5.0,0.04401231135698954,1400
10,0.4888888888888889,10,5.0,0.14608350175429696,200
10,0.4888888888888889,10,5.0,0.05853224135590136,600
10,0.4888888888888889,10,5.0,0.03486574520743695,1000
10,0.4888888888888889,10,5.0,0.030452891604071473,1400
10,0.4888888888888889,10,5.0,0.21298089472243145,200
10,0.4888888888888889,10,5.0,0.09554094088452675,600
10,0.4888888888888889,10,5.0,0.059908792880859346,1000
10,0.4888888888888889,10,5.0,0.045473821398757844,1400
20,0.1,2,0.1,2.2039312138151996,200
20,0.1,2,0.1,2.1052324847138304,600
20,0.1,2,0.1,2.075039022975923,1000
20,0.1,2,0.1,2.0666142988037537,1400
20,0.1,2,0.1,4.469183440845528,200
20,0.1,2,0.1,3.7802786993223174,600
20,0.1,2,0.1,3.6683651755430557,1000
20,0.1,2,0.1,2.7362713758210995,1400
20,0.1,2,0.1,0.6499965687778582,200
20,0.1,2,0.1,0.42973180140877354,600
20,0.1,2,0.1,0.4105966489641188,1000
20,0.1,2,0.1,0.39803483175939436,1400
20,0.1,2,0.1,1.9964287787274884,200
20,0.1,2,0.1,1.7127042209388845,600
20,0.1,2,0.1,1.5966646399481195,1000
20,0.1,2,0.1,1.5869598666966513,1400
20,0.1,2,0.1,3.4837574632638217,200
20,0.1,2,0.1,3.404146650921388,600
20,0.1,2,0.1,3.210147807090419,1000
20,0.1,2,0.1,3.132702259055627,1400
20,0.1,2,0.5,0.07547508486680515,200
20,0.1,2,0.5,0.05226321010729823,600
20,0.1,2,0.5,0.024770008923705743,1000
20,0.1,2,0.5,0.02821361287429731,1400
20,0.1,2,0.5,0.773864702912725,200
20,0.1,2,0.5,0.1222104234801392,600
20,0.1,2,0.5,0.10891383889010677,1000
20,0.1,2,0.5,0.02993063826599631,1400
20,0.1,2,0.5,0.21220183938953535,200
20,0.1,2,0.5,0.09005402257274775,600
20,0.1,2,0.5,0.03647047574605949,1000
20,0.1,2,0.5,0.03030622334910255,1400
20,0.1,2,0.5,0.3943019505192804,200
20,0.1,2,0.5,0.1805208324735775,600
20,0.1,2,0.5,0.07959136385934475,1000
20,0.1,2,0.5,0.059535316627383934,1400
20,0.1,2,0.5,0.9891945708082008,200
20,0.1,2,0.5,0.2604234781249824,600
20,0.1,2,0.5,0.2855455256716434,1000
20,0.1,2,0.5,0.21359302122719695,1400
20,0.1,2,1.0,0.1277055014670669,200
20,0.1,2,1.0,0.035252808265068596,600
20,0.1,2,1.0,0.021806223232799855,1000
20,0.1,2,1.0,0.017054913077147665,1400
20,0.1,2,1.0,0.14230043654391691,200
20,0.1,2,1.0,0.03585671582390035,600
20,0.1,2,1.0,0.014393749488923746,1000
20,0.1,2,1.0,0.012244165032984936,1400
20,0.1,2,1.0,0.11712764200926261,200
20,0.1,2,1.0,0.04219371251127654,600
20,0.1,2,1.0,0.032320311674649285,1000
20,0.1,2,1.0,0.022023516006770556,1400
20,0.1,2,1.0,0.1179780254459191,200
20,0.1,2,1.0,0.03793519635330706,600
20,0.1,2,1.0,0.024683942459333696,1000
20,0.1,2,1.0,0.013177798406600636,1400
20,0.1,2,1.0,0.14136567128358457,200
20,0.1,2,1.0,0.045691902868044115,600
20,0.1,2,1.0,0.04819551493708512,1000
20,0.1,2,1.0,0.02532624681225989,1400
20,0.1,2,5.0,0.14172013409126272,200
20,0.1,2,5.0,0.04281484642989221,600
20,0.1,2,5.0,0.025800466654343823,1000
20,0.1,2,5.0,0.016011883894032547,1400
20,0.1,2,5.0,0.07048736590567381,200
20,0.1,2,5.0,0.03870509582846136,600
20,0.1,2,5.0,0.016564937178968613,1000
20,0.1,2,5.0,0.014966728591762136,1400
20,0.1,2,5.0,0.10190897219210375,200
20,0.1,2,5.0,0.041332744270564825,600
20,0.1,2,5.0,0.019779137641342107,1000
20,0.1,2,5.0,0.013324533031401192,1400
20,0.1,2,5.0,0.10867403149681826,200
20,0.1,2,5.0,0.026170762334600715,600
20,0.1,2,5.0,0.015086975083142532,1000
20,0.1,2,5.0,0.013437614958823431,1400
20,0.1,2,5.0,0.08773364979159987,200
20,0.1,2,5.0,0.024746410793455027,600
20,0.1,2,5.0,0.014035056213029962,1000
20,0.1,2,5.0,0.011790095967771367,1400
20,0.1,2,0.1,2.2039312138151996,200
20,0.1,2,0.1,2.1052324847138304,600
20,0.1,2,0.1,2.075039022975923,1000
20,0.1,2,0.1,2.0666142988037537,1400
20,0.1,2,0.1,4.469183440845528,200
20,0.1,2,0.1,3.7802786993223174,600
20,0.1,2,0.1,3.6683651755430557,1000
20,0.1,2,0.1,2.7362713758210995,1400
20,0.1,2,0.1,0.6499965687778582,200
20,0.1,2,0.1,0.42973180140877354,600
20,0.1,2,0.1,0.4105966489641188,1000
20,0.1,2,0.1,0.39803483175939436,1400
20,0.1,2,0.1,1.9964287787274884,200
20,0.1,2,0.1,1.7127042209388845,600
20,0.1,2,0.1,1.5966646399481195,1000
20,0.1,2,0.1,1.5869598666966513,1400
20,0.1,2,0.1,3.4837574632638217,200
20,0.1,2,0.1,3.404146650921388,600
20,0.1,2,0.1,3.210147807090419,1000
20,0.1,2,0.1,3.132702259055627,1400
20,0.1,2,0.5,0.07547508486680515,200
20,0.1,2,0.5,0.05226321010729823,600
20,0.1,2,0.5,0.024770008923705743,1000
20,0.1,2,0.5,0.02821361287429731,1400
20,0.1,2,0.5,0.773864702912725,200
20,0.1,2,0.5,0.1222104234801392,600
20,0.1,2,0.5,0.10891383889010677,1000
20,0.1,2,0.5,0.02993063826599631,1400
20,0.1,2,0.5,0.21220183938953535,200
20,0.1,2,0.5,0.09005402257274775,600
20,0.1,2,0.5,0.03647047574605949,1000
20,0.1,2,0.5,0.03030622334910255,1400
20,0.1,2,0.5,0.3943019505192804,200
20,0.1,2,0.5,0.1805208324735775,600
20,0.1,2,0.5,0.07959136385934475,1000
20,0.1,2,0.5,0.059535316627383934,1400
20,0.1,2,0.5,0.9891945708082008,200
20,0.1,2,0.5,0.2604234781249824,600
20,0.1,2,0.5,0.2855455256716434,1000
20,0.1,2,0.5,0.21359302122719695,1400
20,0.1,2,1.0,0.1277055014670669,200
20,0.1,2,1.0,0.035252808265068596,600
20,0.1,2,1.0,0.021806223232799855,1000
20,0.1,2,1.0,0.017054913077147665,1400
20,0.1,2,1.0,0.14230043654391691,200
20,0.1,2,1.0,0.03585671582390035,600
20,0.1,2,1.0,0.014393749488923746,1000
20,0.1,2,1.0,0.012244165032984936,1400
20,0.1,2,1.0,0.11712764200926261,200
20,0.1,2,1.0,0.04219371251127654,600
20,0.1,2,1.0,0.032320311674649285,1000
20,0.1,2,1.0,0.022023516006770556,1400
20,0.1,2,1.0,0.1179780254459191,200
20,0.1,2,1.0,0.03793519635330706,600
20,0.1,2,1.0,0.024683942459333696,1000
20,0.1,2,1.0,0.013177798406600636,1400
20,0.1,2,1.0,0.14136567128358457,200
20,0.1,2,1.0,0.045691902868044115,600
20,0.1,2,1.0,0.04819551493708512,1000
20,0.1,2,1.0,0.02532624681225989,1400
20,0.1,2,5.0,0.14172013409126272,200
20,0.1,2,5.0,0.04281484642989221,600
20,0.1,2,5.0,0.025800466654343823,1000
20,0.1,2,5.0,0.016011883894032547,1400
20,0.1,2,5.0,0.07048736590567381,200
20,0.1,2,5.0,0.03870509582846136,600
20,0.1,2,5.0,0.016564937178968613,1000
20,0.1,2,5.0,0.014966728591762136,1400
20,0.1,2,5.0,0.10190897219210375,200
20,0.1,2,5.0,0.041332744270564825,600
20,0.1,2,5.0,0.019779137641342107,1000
20,0.1,2,5.0,0.013324533031401192,1400
20,0.1,2,5.0,0.10867403149681826,200
20,0.1,2,5.0,0.026170762334600715,600
20,0.1,2,5.0,0.015086975083142532,1000
20,0.1,2,5.0,0.013437614958823431,1400
20,0.1,2,5.0,0.08773364979159987,200
20,0.1,2,5.0,0.024746410793455027,600
20,0.1,2,5.0,0.014035056213029962,1000
20,0.1,2,5.0,0.011790095967771367,1400
20,0.14736842105263157,2,0.1,2.0165847472160534,200
20,0.14736842105263157,2,0.1,1.9379413686665183,600
20,0.14736842105263157,2,0.1,1.9173687835320599,1000
20,0.14736842105263157,2,0.1,1.7078652373570817,1400
20,0.14736842105263157,2,0.1,6.20130310337476,200
20,0.14736842105263157,2,0.1,5.96282830660296,600
20,0.14736842105263157,2,0.1,5.960280652227679,1000
20,0.14736842105263157,2,0.1,5.143746457508725,1400
20,0.14736842105263157,2,0.1,1.3965828248933443,200
20,0.14736842105263157,2,0.1,1.1508218652662128,600
20,0.14736842105263157,2,0.1,0.9255529123422005,1000
20,0.14736842105263157,2,0.1,0.8154975380148821,1400
20,0.14736842105263157,2,0.1,3.0711889796250924,200
20,0.14736842105263157,2,0.1,2.6738945748785037,600
20,0.14736842105263157,2,0.1,2.5463436104633,1000
20,0.14736842105263157,2,0.1,2.4192944725843955,1400
20,0.14736842105263157,2,0.1,4.591934366910445,200
20,0.14736842105263157,2,0.1,4.397763321288334,600
20,0.14736842105263157,2,0.1,4.236640037704962,1000
20,0.14736842105263157,2,0.1,4.133888326747796,1400
20,0.14736842105263157,2,0.5,0.465651240685492,200
20,0.14736842105263157,2,0.5,0.1733983688880369,600
20,0.14736842105263157,2,0.5,0.15172945019886136,1000
20,0.14736842105263157,2,0.5,0.12348302795464876,1400
20,0.14736842105263157,2,0.5,0.8253997664955356,200
20,0.14736842105263157,2,0.5,0.3523306575508691,600
20,0.14736842105263157,2,0.5,0.3044592377646115,1000
20,0.14736842105263157,2,0.5,0.27262235615113406,1400
20,0.14736842105263157,2,0.5,0.306723433406055,200
20,0.14736842105263157,2,0.5,0.1368365258664555,600
20,0.14736842105263157,2,0.5,0.058357664799941825,1000
20,0.14736842105263157,2,0.5,0.04469566266353741,1400
20,0.14736842105263157,2,0.5,0.6469722326780856,200
20,0.14736842105263157,2,0.5,0.3970490180673394,600
20,0.14736842105263157,2,0.5,0.31631455952659066,1000
20,0.14736842105263157,2,0.5,0.25978131441898394,1400
20,0.14736842105263157,2,0.5,1.5162213884216862,200
20,0.14736842105263157,2,0.5,0.5746762661429096,600
20,0.14736842105263157,2,0.5,0.4772536833561625,1000
20,0.14736842105263157,2,0.5,0.4390590035752422,1400
20,0.14736842105263157,2,1.0,0.11444229559650847,200
20,0.14736842105263157,2,1.0,0.07344789183241406,600
20,0.14736842105263157,2,1.0,0.07624229664149296,1000
20,0.14736842105263157,2,1.0,0.08907659103155104,1400
20,0.14736842105263157,2,1.0,0.1911344247316986,200
20,0.14736842105263157,2,1.0,0.07995078023475569,600
20,0.14736842105263157,2,1.0,0.05073619852785956,1000
20,0.14736842105263157,2,1.0,0.047420437984118345,1400
20,0.14736842105263157,2,1.0,0.3255367045787169,200
20,0.14736842105263157,2,1.0,0.11494861675349688,600
20,0.14736842105263157,2,1.0,0.0879575675590463,1000
20,0.14736842105263157,2,1.0,0.04933274263152282,1400
20,0.14736842105263157,2,1.0,0.18266713941969484,200
20,0.14736842105263157,2,1.0,0.1165585316827789,600
20,0.14736842105263157,2,1.0,0.046437800591564715,1000
20,0.14736842105263157,2,1.0,0.04028464479430248,1400
20,0.14736842105263157,2,1.0,0.1576969221092101,200
20,0.14736842105263157,2,1.0,0.06971641678781418,600
20,0.14736842105263157,2,1.0,0.04038167628147171,1000
20,0.14736842105263157,2,1.0,0.036968856062654785,1400
20,0.14736842105263157,2,5.0,0.1907040167904907,200
20,0.14736842105263157,2,5.0,0.057806881313063906,600
20,0.14736842105263157,2,5.0,0.044348642264643544,1000
20,0.14736842105263157,2,5.0,0.03342814839472463,1400
20,0.14736842105263157,2,5.0,0.2014597298688975,200
20,0.14736842105263157,2,5.0,0.04154553417088955,600
20,0.14736842105263157,2,5.0,0.030528715622720384,1000
20,0.14736842105263157,2,5.0,0.019064366055187944,1400
20,0.14736842105263157,2,5.0,0.14886419625181377,200
20,0.14736842105263157,2,5.0,0.04781746164405205,600
20,0.14736842105263157,2,5.0,0.030843366814564246,1000
20,0.14736842105263157,2,5.0,0.02710531603279277,1400
20,0.14736842105263157,2,5.0,0.16634898726705102,200
20,0.14736842105263157,2,5.0,0.05506862264043617,600
20,0.14736842105263157,2,5.0,0.03746856683377415,1000
20,0.14736842105263157,2,5.0,0.027279345992384973,1400
20,0.14736842105263157,2,5.0,0.21905921009458634,200
20,0.14736842105263157,2,5.0,0.06630467758152583,600
20,0.14736842105263157,2,5.0,0.03607607460598091,1000
20,0.14736842105263157,2,5.0,0.02506435774073525,1400
20,0.1,5,0.1,0.8335273267870652,200
20,0.1,5,0.1,0.6176684215651514,600
20,0.1,5,0.1,0.593890836147482,1000
20,0.1,5,0.1,0.5422246821171595,1400
20,0.1,5,0.1,2.2626556232963915,200
20,0.1,5,0.1,1.710491041650038,600
20,0.1,5,0.1,1.0883522227203781,1000
20,0.1,5,0.1,0.9268300295974543,1400
20,0.1,5,0.1,3.7563445344243256,200
20,0.1,5,0.1,1.5311463353138783,600
20,0.1,5,0.1,1.2820202501175644,1000
20,0.1,5,0.1,1.2676894667727034,1400
20,0.1,5,0.1,2.6372604652086737,200
20,0.1,5,0.1,1.7920385752454826,600
20,0.1,5,0.1,1.7093112933385677,1000
20,0.1,5,0.1,1.4561576101193854,1400
20,0.1,5,0.1,1.6734616359250998,200
20,0.1,5,0.1,1.4583393280868524,600
20,0.1,5,0.1,1.1769364391148434,1000
20,0.1,5,0.1,0.8882324188174021,1400
20,0.1,5,0.5,0.11962047142517289,200
20,0.1,5,0.5,0.04713640350868677,600
20,0.1,5,0.5,0.024471268420413993,1000
20,0.1,5,0.5,0.016528623141887536,1400
20,0.1,5,0.5,0.45371792821988816,200
20,0.1,5,0.5,0.12445455181969112,600
20,0.1,5,0.5,0.06420223992524662,1000
20,0.1,5,0.5,0.044956531750303334,1400
20,0.1,5,0.5,0.1468505312863839,200
20,0.1,5,0.5,0.08513129869315435,600
20,0.1,5,0.5,0.027589116331884867,1000
20,0.1,5,0.5,0.0135525168830037,1400
20,0.1,5,0.5,0.11762338624393132,200
20,0.1,5,0.5,0.051566638788070523,600
20,0.1,5,0.5,0.026409212291589913,1000
20,0.1,5,0.5,0.0184501209327158,1400
20,0.1,5,0.5,0.10251200805871702,200
20,0.1,5,0.5,0.030915043414700385,600
20,0.1,5,0.5,0.03318430872593213,1000
20,0.1,5,0.5,0.022731809439717955,1400
20,0.1,5,1.0,0.11865083730327652,200
20,0.1,5,1.0,0.033263113134280486,600
20,0.1,5,1.0,0.022999367199802518,1000
20,0.1,5,1.0,0.013112818732773021,1400
20,0.1,5,1.0,0.15948734275423512,200
20,0.1,5,1.0,0.037841035368483183,600
20,0.1,5,1.0,0.0195880140317796,1000
20,0.1,5,1.0,0.015378654937182665,1400
20,0.1,5,1.0,0.16412877931433248,200
20,0.1,5,1.0,0.06286938347752942,600
20,0.1,5,1.0,0.0496256330901237,1000
20,0.1,5,1.0,0.0267005525020305,1400
20,0.1,5,1.0,0.10179890984968598,200
20,0.1,5,1.0,0.05333663328284416,600
20,0.1,5,1.0,0.033196779606504495,1000
20,0.1,5,1.0,0.015451944346211995,1400
20,0.1,5,1.0,0.16583502970732358,200
20,0.1,5,1.0,0.039089534447734546,600
20,0.1,5,1.0,0.030502227416008325,1000
20,0.1,5,1.0,0.019689380282319712,1400
20,0.1,5,5.0,0.10679572086751558,200
20,0.1,5,5.0,0.04126172141806486,600
20,0.1,5,5.0,0.023129193473265326,1000
20,0.1,5,5.0,0.016473847922290744,1400
20,0.1,5,5.0,0.07494134665558215,200
20,0.1,5,5.0,0.025535590774879394,600
20,0.1,5,5.0,0.023211754092704272,1000
20,0.1,5,5.0,0.01600901498662369,1400
20,0.1,5,5.0,0.12583722556708318,200
20,0.1,5,5.0,0.024971138341548054,600
20,0.1,5,5.0,0.01203839580879025,1000
20,0.1,5,5.0,0.011339301211406708,1400
20,0.1,5,5.0,0.1468398539240371,200
20,0.1,5,5.0,0.050396956764128024,600
20,0.1,5,5.0,0.019818263015405947,1000
20,0.1,5,5.0,0.015446040191271479,1400
20,0.1,5,5.0,0.09212320451698272,200
20,0.1,5,5.0,0.03535191963056164,600
20,0.1,5,5.0,0.02197889960416848,1000
20,0.1,5,5.0,0.019188224120438246,1400
20,0.1,5,0.1,0.8335273267870652,200
20,0.1,5,0.1,0.6176684215651514,600
20,0.1,5,0.1,0.593890836147482,1000
20,0.1,5,0.1,0.5422246821171595,1400
20,0.1,5,0.1,2.2626556232963915,200
20,0.1,5,0.1,1.710491041650038,600
20,0.1,5,0.1,1.0883522227203781,1000
20,0.1,5,0.1,0.9268300295974543,1400
20,0.1,5,0.1,3.7563445344243256,200
20,0.1,5,0.1,1.5311463353138783,600
20,0.1,5,0.1,1.2820202501175644,1000
20,0.1,5,0.1,1.2676894667727034,1400
20,0.1,5,0.1,2.6372604652086737,200
20,0.1,5,0.1,1.7920385752454826,600
20,0.1,5,0.1,1.7093112933385677,1000
20,0.1,5,0.1,1.4561576101193854,1400
20,0.1,5,0.1,1.6734616359250998,200
20,0.1,5,0.1,1.4583393280868524,600
20,0.1,5,0.1,1.1769364391148434,1000
20,0.1,5,0.1,0.8882324188174021,1400
20,0.1,5,0.5,0.11962047142517289,200
20,0.1,5,0.5,0.04713640350868677,600
20,0.1,5,0.5,0.024471268420413993,1000
20,0.1,5,0.5,0.016528623141887536,1400
20,0.1,5,0.5,0.45371792821988816,200
20,0.1,5,0.5,0.12445455181969112,600
20,0.1,5,0.5,0.06420223992524662,1000
20,0.1,5,0.5,0.044956531750303334,1400
20,0.1,5,0.5,0.1468505312863839,200
20,0.1,5,0.5,0.08513129869315435,600
20,0.1,5,0.5,0.027589116331884867,1000
20,0.1,5,0.5,0.0135525168830037,1400
20,0.1,5,0.5,0.11762338624393132,200
20,0.1,5,0.5,0.051566638788070523,600
20,0.1,5,0.5,0.026409212291589913,1000
20,0.1,5,0.5,0.0184501209327158,1400
20,0.1,5,0.5,0.10251200805871702,200
20,0.1,5,0.5,0.030915043414700385,600
20,0.1,5,0.5,0.03318430872593213,1000
20,0.1,5,0.5,0.022731809439717955,1400
20,0.1,5,1.0,0.11865083730327652,200
20,0.1,5,1.0,0.033263113134280486,600
20,0.1,5,1.0,0.022999367199802518,1000
20,0.1,5,1.0,0.013112818732773021,1400
20,0.1,5,1.0,0.15948734275423512,200
20,0.1,5,1.0,0.037841035368483183,600
20,0.1,5,1.0,0.0195880140317796,1000
20,0.1,5,1.0,0.015378654937182665,1400
20,0.1,5,1.0,0.16412877931433248,200
20,0.1,5,1.0,0.06286938347752942,600
20,0.1,5,1.0,0.0496256330901237,1000
20,0.1,5,1.0,0.0267005525020305,1400
20,0.1,5,1.0,0.10179890984968598,200
20,0.1,5,1.0,0.05333663328284416,600
20,0.1,5,1.0,0.033196779606504495,1000
20,0.1,5,1.0,0.015451944346211995,1400
20,0.1,5,1.0,0.16583502970732358,200
20,0.1,5,1.0,0.039089534447734546,600
20,0.1,5,1.0,0.030502227416008325,1000
20,0.1,5,1.0,0.019689380282319712,1400
20,0.1,5,5.0,0.10679572086751558,200
20,0.1,5,5.0,0.04126172141806486,600
20,0.1,5,5.0,0.023129193473265326,1000
20,0.1,5,5.0,0.016473847922290744,1400
20,0.1,5,5.0,0.07494134665558215,200
20,0.1,5,5.0,0.025535590774879394,600
20,0.1,5,5.0,0.023211754092704272,1000
20,0.1,5,5.0,0.01600901498662369,1400
20,0.1,5,5.0,0.12583722556708318,200
20,0.1,5,5.0,0.024971138341548054,600
20,0.1,5,5.0,0.01203839580879025,1000
20,0.1,5,5.0,0.011339301211406708,1400
20,0.1,5,5.0,0.1468398539240371,200
20,0.1,5,5.0,0.050396956764128024,600
20,0.1,5,5.0,0.019818263015405947,1000
20,0.1,5,5.0,0.015446040191271479,1400
20,0.1,5,5.0,0.09212320451698272,200
20,0.1,5,5.0,0.03535191963056164,600
20,0.1,5,5.0,0.02197889960416848,1000
20,0.1,5,5.0,0.019188224120438246,1400
20,0.14736842105263157,5,0.1,1.8693907654657687,200
20,0.14736842105263157,5,0.1,1.4747284208072846,600
20,0.14736842105263157,5,0.1,1.4408587505405046,1000
20,0.14736842105263157,5,0.1,1.443150152839644,1400
20,0.14736842105263157,5,0.1,3.2501158747239445,200
20,0.14736842105263157,5,0.1,2.530718816283538,600
20,0.14736842105263157,5,0.1,1.7081510623910134,1000
20,0.14736842105263157,5,0.1,1.577788832347943,1400
20,0.14736842105263157,5,0.1,4.738404239796135,200
20,0.14736842105263157,5,0.1,2.2284206290977964,600
20,0.14736842105263157,5,0.1,2.1336689805213145,1000
20,0.14736842105263157,5,0.1,2.1068877811872033,1400
20,0.14736842105263157,5,0.1,4.648521329916615,200
20,0.14736842105263157,5,0.1,3.9275982793820807,600
20,0.14736842105263157,5,0.1,3.850403565998435,1000
20,0.14736842105263157,5,0.1,3.839261062706394,1400
20,0.14736842105263157,5,0.1,4.07407718941835,200
20,0.14736842105263157,5,0.1,3.8117788513539206,600
20,0.14736842105263157,5,0.1,3.1690304387665083,1000
20,0.14736842105263157,5,0.1,2.6081057515077894,1400
20,0.14736842105263157,5,0.5,0.3003431500997452,200
20,0.14736842105263157,5,0.5,0.21848817497937328,600
20,0.14736842105263157,5,0.5,0.17434152672192968,1000
20,0.14736842105263157,5,0.5,0.09788758082296642,1400
20,0.14736842105263157,5,0.5,0.4065732471484805,200
20,0.14736842105263157,5,0.5,0.2787433672256691,600
20,0.14736842105263157,5,0.5,0.2164465855885207,1000
20,0.14736842105263157,5,0.5,0.18001457583838015,1400
20,0.14736842105263157,5,0.5,0.24974512954812336,200
20,0.14736842105263157,5,0.5,0.10708349616963755,600
20,0.14736842105263157,5,0.5,0.09879155502744282,1000
20,0.14736842105263157,5,0.5,0.09570321244374565,1400
20,0.14736842105263157,5,0.5,0.1735690039305552,200
20,0.14736842105263157,5,0.5,0.07039276064030375,600
20,0.14736842105263157,5,0.5,0.03896433061695128,1000
20,0.14736842105263157,5,0.5,0.04111205652262696,1400
20,0.14736842105263157,5,0.5,0.40616934491517503,200
20,0.14736842105263157,5,0.5,0.2899161875101204,600
20,0.14736842105263157,5,0.5,0.29345190994026027,1000
20,0.14736842105263157,5,0.5,0.23903479399132424,1400
20,0.14736842105263157,5,1.0,0.24399782597776504,200
20,0.14736842105263157,5,1.0,0.16038320033545375,600
20,0.14736842105263157,5,1.0,0.08006304455819248,1000
20,0.14736842105263157,5,1.0,0.07689196164674202,1400
20,0.14736842105263157,5,1.0,0.2949010713989476,200
20,0.14736842105263157,5,1.0,0.10422813086411181,600
20,0.14736842105263157,5,1.0,0.05669078526714627,1000
20,0.14736842105263157,5,1.0,0.0572151569880547,1400
20,0.14736842105263157,5,1.0,0.2412116385958402,200
20,0.14736842105263157,5,1.0,0.11564256397869131,600
20,0.14736842105263157,5,1.0,0.06751677313357873,1000
20,0.14736842105263157,5,1.0,0.040766351069522214,1400
20,0.14736842105263157,5,1.0,0.15845452249816294,200
20,0.14736842105263157,5,1.0,0.08043607746458495,600
20,0.14736842105263157,5,1.0,0.029124968350427775,1000
20,0.14736842105263157,5,1.0,0.021719369658305922,1400
20,0.14736842105263157,5,1.0,0.2202387529771587,200
20,0.14736842105263157,5,1.0,0.1519855654789688,600
20,0.14736842105263157,5,1.0,0.12503494791474373,1000
20,0.14736842105263157,5,1.0,0.05476488407336607,1400
20,0.14736842105263157,5,5.0,0.1556749425799211,200
20,0.14736842105263157,5,5.0,0.06281528757544261,600
20,0.14736842105263157,5,5.0,0.03684575713358032,1000
20,0.14736842105263157,5,5.0,0.018220343683836706,1400
20,0.14736842105263157,5,5.0,0.2234272459140021,200
20,0.14736842105263157,5,5.0,0.057443489045153694,600
20,0.14736842105263157,5,5.0,0.031038990871941143,1000
20,0.14736842105263157,5,5.0,0.025544888000439376,1400
20,0.14736842105263157,5,5.0,0.2263663723088287,200
20,0.14736842105263157,5,5.0,0.06183683029424688,600
20,0.14736842105263157,5,5.0,0.03208664750866376,1000
20,0.14736842105263157,5,5.0,0.02234509644408115,1400
20,0.14736842105263157,5,5.0,0.1543417972674534,200
20,0.14736842105263157,5,5.0,0.05235205158212429,600
20,0.14736842105263157,5,5.0,0.03213165463766808,1000
20,0.14736842105263157,5,5.0,0.02117153903809901,1400
20,0.14736842105263157,5,5.0,0.1806283220949836,200
20,0.14736842105263157,5,5.0,0.0562233018507614,600
20,0.14736842105263157,5,5.0,0.030529412824867513,1000
20,0.14736842105263157,5,5.0,0.025430988325757208,1400
20,0.19473684210526315,5,0.1,2.6417061305885157,200
20,0.19473684210526315,5,0.1,2.072477423030562,600
20,0.19473684210526315,5,0.1,2.0255849298538444,1000
20,0.19473684210526315,5,0.1,1.9582792518406602,1400
20,0.19473684210526315,5,0.1,4.93001547416978,200
20,0.19473684210526315,5,0.1,3.984382879930908,600
20,0.19473684210526315,5,0.1,3.3321645447689643,1000
20,0.19473684210526315,5,0.1,3.1310268514571367,1400
20,0.19473684210526315,5,0.1,5.66419533295676,200
20,0.19473684210526315,5,0.1,3.5137369457329015,600
20,0.19473684210526315,5,0.1,3.4772760411302395,1000
20,0.19473684210526315,5,0.1,3.469897549696462,1400
20,0.19473684210526315,5,0.1,5.019529347441301,200
20,0.19473684210526315,5,0.1,4.176885744644618,600
20,0.19473684210526315,5,0.1,4.024597930668525,1000
20,0.19473684210526315,5,0.1,3.99751107061876,1400
20,0.19473684210526315,5,0.1,4.960485022902571,200
20,0.19473684210526315,5,0.1,4.682926090193058,600
20,0.19473684210526315,5,0.1,4.5064103265141835,1000
20,0.19473684210526315,5,0.1,3.6976275476225187,1400
20,0.19473684210526315,5,0.5,0.5602325495991298,200
20,0.19473684210526315,5,0.5,0.3004602976605106,600
20,0.19473684210526315,5,0.5,0.1965049385823759,1000
20,0.19473684210526315,5,0.5,0.14322708946098756,1400
20,0.19473684210526315,5,0.5,0.9313514362513031,200
20,0.19473684210526315,5,0.5,0.7118418211362825,600
20,0.19473684210526315,5,0.5,0.5382762841086725,1000
20,0.19473684210526315,5,0.5,0.48199624972912514,1400
20,0.19473684210526315,5,0.5,0.5175965715577847,200
20,0.19473684210526315,5,0.5,0.3129067843470632,600
20,0.19473684210526315,5,0.5,0.2629293121712705,1000
20,0.19473684210526315,5,0.5,0.20998222901037367,1400
20,0.19473684210526315,5,0.5,0.4045388992479975,200
20,0.19473684210526315,5,0.5,0.1536306576250777,600
20,0.19473684210526315,5,0.5,0.1290766231227632,1000
20,0.19473684210526315,5,0.5,0.10669500433970597,1400
20,0.19473684210526315,5,0.5,0.4560114155977885,200
20,0.19473684210526315,5,0.5,0.20452390335552934,600
20,0.19473684210526315,5,0.5,0.12351616213598093,1000
20,0.19473684210526315,5,0.5,0.09185599516637372,1400
20,0.19473684210526315,5,1.0,0.43182382399012065,200
20,0.19473684210526315,5,1.0,0.15737199135661234,600
20,0.19473684210526315,5,1.0,0.11120789881916886,1000
20,0.19473684210526315,5,1.0,0.08927963258278242,1400
20,0.19473684210526315,5,1.0,0.558112532455489,200
20,0.19473684210526315,5,1.0,0.20947977712284163,600
20,0.19473684210526315,5,1.0,0.13286432703143342,1000
20,0.19473684210526315,5,1.0,0.0695424639997696,1400
20,0.19473684210526315,5,1.0,0.5501678720231316,200
20,0.19473684210526315,5,1.0,0.3073793173121381,600
20,0.19473684210526315,5,1.0,0.19185856574291632,1000
20,0.19473684210526315,5,1.0,0.12112583867844158,1400
20,0.19473684210526315,5,1.0,0.31823045864138355,200
20,0.19473684210526315,5,1.0,0.1676466665962175,600
20,0.19473684210526315,5,1.0,0.09918170190438375,1000
20,0.19473684210526315,5,1.0,0.08370674670553532,1400
20,0.19473684210526315,5,1.0,0.37006201030102914,200
20,0.19473684210526315,5,1.0,0.1965691756221495,600
20,0.19473684210526315,5,1.0,0.1317984953614977,1000
20,0.19473684210526315,5,1.0,0.0749167100531131,1400
20,0.19473684210526315,5,5.0,0.2994326326546249,200
20,0.19473684210526315,5,5.0,0.12506296210619458,600
20,0.19473684210526315,5,5.0,0.06506803495110806,1000
20,0.19473684210526315,5,5.0,0.03489658611549018,1400
20,0.19473684210526315,5,5.0,0.27431871368937494,200
20,0.19473684210526315,5,5.0,0.08071748701717885,600
20,0.19473684210526315,5,5.0,0.05592883791025454,1000
20,0.19473684210526315,5,5.0,0.03821038334654239,1400
20,0.19473684210526315,5,5.0,0.3587741103106596,200
20,0.19473684210526315,5,5.0,0.15814204353354222,600
20,0.19473684210526315,5,5.0,0.09087655220413009,1000
20,0.19473684210526315,5,5.0,0.05417014068454737,1400
20,0.19473684210526315,5,5.0,0.38447994789269724,200
20,0.19473684210526315,5,5.0,0.09309852856966702,600
20,0.19473684210526315,5,5.0,0.05484009936160064,1000
20,0.19473684210526315,5,5.0,0.04857522134785366,1400
20,0.19473684210526315,5,5.0,0.3319260530446396,200
20,0.19473684210526315,5,5.0,0.10880836595877742,600
20,0.19473684210526315,5,5.0,0.07383821200899213,1000
20,0.19473684210526315,5,5.0,0.053753670893579776,1400
20,0.29473684210526313,5,0.1,4.374261942494728,200
20,0.29473684210526313,5,0.1,4.223653202655316,600
20,0.29473684210526313,5,0.1,4.113886805903039,1000
20,0.29473684210526313,5,0.1,3.824445415345833,1400
20,0.29473684210526313,5,0.1,7.1627344683847145,200
20,0.29473684210526313,5,0.1,6.280705168815666,600
20,0.29473684210526313,5,0.1,5.450233045636923,1000
20,0.29473684210526313,5,0.1,5.232227277415817,1400
20,0.29473684210526313,5,0.1,7.37012827778979,200
20,0.29473684210526313,5,0.1,5.699813772869182,600
20,0.29473684210526313,5,0.1,5.65646657025586,1000
20,0.29473684210526313,5,0.1,5.648158324432913,1400
20,0.29473684210526313,5,0.1,7.34807231607192,200
20,0.29473684210526313,5,0.1,4.897388817242473,600
20,0.29473684210526313,5,0.1,4.773366362217752,1000
20,0.29473684210526313,5,0.1,4.677523268796715,1400
20,0.29473684210526313,5,0.1,5.93475250257716,200
20,0.29473684210526313,5,0.1,5.336003238476298,600
20,0.29473684210526313,5,0.1,5.082658204064861,1000
20,0.29473684210526313,5,0.1,4.3221415474320946,1400
20,0.29473684210526313,5,0.5,1.2218973837942362,200
20,0.29473684210526313,5,0.5,0.8505746004794953,600
20,0.29473684210526313,5,0.5,0.6629810753535088,1000
20,0.29473684210526313,5,0.5,0.4975046182212053,1400
20,0.29473684210526313,5,0.5,1.4850696385609334,200
20,0.29473684210526313,5,0.5,1.2325097224830386,600
20,0.29473684210526313,5,0.5,1.0752915506344798,1000
20,0.29473684210526313,5,0.5,0.9797655328029968,1400
20,0.29473684210526313,5,0.5,1.4165988439205688,200
20,0.29473684210526313,5,0.5,0.8586972491393063,600
20,0.29473684210526313,5,0.5,0.7956065074153716,1000
20,0.29473684210526313,5,0.5,0.6730325798865197,1400
20,0.29473684210526313,5,0.5,0.7836328228553064,200
20,0.29473684210526313,5,0.5,0.40286830505485927,600
20,0.29473684210526313,5,0.5,0.34551845058452074,1000
20,0.29473684210526313,5,0.5,0.2418581713875203,1400
20,0.29473684210526313,5,0.5,1.0452924631080034,200
20,0.29473684210526313,5,0.5,0.7813628821918512,600
20,0.29473684210526313,5,0.5,0.5661885856519058,1000
20,0.29473684210526313,5,0.5,0.515680507688707,1400
20,0.29473684210526313,5,1.0,0.8131648188405614,200
20,0.29473684210526313,5,1.0,0.5936326827454383,600
20,0.29473684210526313,5,1.0,0.4586889556138642,1000
20,0.29473684210526313,5,1.0,0.44092668363922954,1400
20,0.29473684210526313,5,1.0,0.9703436803481544,200
20,0.29473684210526313,5,1.0,0.5993358854611125,600
20,0.29473684210526313,5,1.0,0.3926731041132227,1000
20,0.29473684210526313,5,1.0,0.27772922409387046,1400
20,0.29473684210526313,5,1.0,0.968271840160335,200
20,0.29473684210526313,5,1.0,0.6865628360858249,600
20,0.29473684210526313,5,1.0,0.6299842386206471,1000
20,0.29473684210526313,5,1.0,0.5151447132401552,1400
20,0.29473684210526313,5,1.0,0.6309221795138393,200
20,0.29473684210526313,5,1.0,0.3582890264116666,600
20,0.29473684210526313,5,1.0,0.24423972341548636,1000
20,0.29473684210526313,5,1.0,0.20050808484178143,1400
20,0.29473684210526313,5,1.0,0.7098122972774228,200
20,0.29473684210526313,5,1.0,0.3933268838445608,600
20,0.29473684210526313,5,1.0,0.29608586722344943,1000
20,0.29473684210526313,5,1.0,0.2471291636763291,1400
20,0.29473684210526313,5,5.0,0.6715276261479142,200
20,0.29473684210526313,5,5.0,0.23887018995581477,600
20,0.29473684210526313,5,5.0,0.17834958706849235,1000
20,0.29473684210526313,5,5.0,0.12218123399620477,1400
20,0.29473684210526313,5,5.0,0.6987113092983961,200
20,0.29473684210526313,5,5.0,0.2700604704802384,600
20,0.29473684210526313,5,5.0,0.19051064973089807,1000
20,0.29473684210526313,5,5.0,0.15196431580977582,1400
20,0.29473684210526313,5,5.0,0.655518839883928,200
20,0.29473684210526313,5,5.0,0.4098828864705399,600
20,0.29473684210526313,5,5.0,0.2621727936282931,1000
20,0.29473684210526313,5,5.0,0.2138695111485114,1400
20,0.29473684210526313,5,5.0,0.5359282271863566,200
20,0.29473684210526313,5,5.0,0.24732398807546324,600
20,0.29473684210526313,5,5.0,0.1772042051333154,1000
20,0.29473684210526313,5,5.0,0.14930656975528123,1400
20,0.29473684210526313,5,5.0,0.6512680123385832,200
20,0.29473684210526313,5,5.0,0.325511087688802,600
20,0.29473684210526313,5,5.0,0.2191670719794339,1000
20,0.29473684210526313,5,5.0,0.17321760134831463,1400
20,0.39473684210526316,5,0.1,5.644860943435641,200
20,0.39473684210526316,5,0.1,5.4376998692137715,600
20,0.39473684210526316,5,0.1,5.265457439561276,1000
20,0.39473684210526316,5,0.1,5.1270159085241955,1400
20,0.39473684210526316,5,0.1,7.161029414140196,200
20,0.39473684210526316,5,0.1,6.657991452680997,600
20,0.39473684210526316,5,0.1,6.049157397025694,1000
20,0.39473684210526316,5,0.1,5.756588268349652,1400
20,0.39473684210526316,5,0.1,7.667675719387159,200
20,0.39473684210526316,5,0.1,6.255677382584561,600
20,0.39473684210526316,5,0.1,6.088273565373879,1000
20,0.39473684210526316,5,0.1,5.932465297186216,1400
20,0.39473684210526316,5,0.1,8.283562025633499,200
20,0.39473684210526316,5,0.1,7.839625583778398,600
20,0.39473684210526316,5,0.1,7.669691792787101,1000
20,0.39473684210526316,5,0.1,7.164925656740905,1400
20,0.39473684210526316,5,0.1,6.1780053093066085,200
20,0.39473684210526316,5,0.1,5.838144349870261,600
20,0.39473684210526316,5,0.1,5.599036019427224,1000
20,0.39473684210526316,5,0.1,4.816881527382431,1400
20,0.39473684210526316,5,0.5,1.9438056343055365,200
20,0.39473684210526316,5,0.5,1.3754613985556907,600
20,0.39473684210526316,5,0.5,1.1585984963890963,1000
20,0.39473684210526316,5,0.5,1.0149343264770263,1400
20,0.39473684210526316,5,0.5,2.41129470334594,200
20,0.39473684210526316,5,0.5,2.0087456996381947,600
20,0.39473684210526316,5,0.5,1.6599615620678936,1000
20,0.39473684210526316,5,0.5,1.5626225032361682,1400
20,0.39473684210526316,5,0.5,1.794302253869004,200
20,0.39473684210526316,5,0.5,1.577528633220651,600
20,0.39473684210526316,5,0.5,1.4099604214562251,1000
20,0.39473684210526316,5,0.5,1.057415888609503,1400
20,0.39473684210526316,5,0.5,1.3968483606675424,200
20,0.39473684210526316,5,0.5,0.8458798306217364,600
20,0.39473684210526316,5,0.5,0.7422100560319438,1000
20,0.39473684210526316,5,0.5,0.6658405646291639,1400
20,0.39473684210526316,5,0.5,1.5687837672391909,200
20,0.39473684210526316,5,0.5,1.1950853596074877,600
20,0.39473684210526316,5,0.5,0.902708844016462,1000
20,0.39473684210526316,5,0.5,0.7894094049220239,1400
20,0.39473684210526316,5,1.0,1.3427808866502509,200
20,0.39473684210526316,5,1.0,1.1201939445418225,600
20,0.39473684210526316,5,1.0,0.8877942941142951,1000
20,0.39473684210526316,5,1.0,0.80236528286192,1400
20,0.39473684210526316,5,1.0,1.4081999050002785,200
20,0.39473684210526316,5,1.0,0.9574021037087678,600
20,0.39473684210526316,5,1.0,0.8328066119764186,1000
20,0.39473684210526316,5,1.0,0.7562473649639961,1400
20,0.39473684210526316,5,1.0,1.4516647632166166,200
20,0.39473684210526316,5,1.0,1.0167147464644686,600
20,0.39473684210526316,5,1.0,0.8837291524364864,1000
20,0.39473684210526316,5,1.0,0.7900504288650609,1400
20,0.39473684210526316,5,1.0,1.192888545075033,200
20,0.39473684210526316,5,1.0,0.6357570887287265,600
20,0.39473684210526316,5,1.0,0.4869135634223598,1000
20,0.39473684210526316,5,1.0,0.3736244240498216,1400
20,0.39473684210526316,5,1.0,1.36616361544756,200
20,0.39473684210526316,5,1.0,0.8913623050815139,600
20,0.39473684210526316,5,1.0,0.767349519316952,1000
20,0.39473684210526316,5,1.0,0.6800684974010752,1400
20,0.39473684210526316,5,5.0,0.9809875459783963,200
20,0.39473684210526316,5,5.0,0.5656373700932879,600
20,0.39473684210526316,5,5.0,0.4196591886193354,1000
20,0.39473684210526316,5,5.0,0.3594487543007319,1400
20,0.39473684210526316,5,5.0,0.9264289547394937,200
20,0.39473684210526316,5,5.0,0.6062225464278407,600
20,0.39473684210526316,5,5.0,0.4483158166434823,1000
20,0.39473684210526316,5,5.0,0.3477192137333656,1400
20,0.39473684210526316,5,5.0,0.901990016100629,200
20,0.39473684210526316,5,5.0,0.6431146992775352,600
20,0.39473684210526316,5,5.0,0.5495994284518969,1000
20,0.39473684210526316,5,5.0,0.4854677755719814,1400
20,0.39473684210526316,5,5.0,0.9263191120543122,200
20,0.39473684210526316,5,5.0,0.5239526082243515,600
20,0.39473684210526316,5,5.0,0.40907654194151766,1000
20,0.39473684210526316,5,5.0,0.3385744506021448,1400
20,0.39473684210526316,5,5.0,0.6915829947585879,200
20,0.39473684210526316,5,5.0,0.5002884563538127,600
20,0.39473684210526316,5,5.0,0.42798433424096805,1000
20,0.39473684210526316,5,5.0,0.3843946978171942,1400
20,0.1,10,0.1,4.6543481327603216,200
20,0.1,10,0.1,4.590870953543934,600
20,0.1,10,0.1,4.589637079694722,1000
20,0.1,10,0.1,4.595785695708555,1400
20,0.1,10,0.1,0.6463827470005731,200
20,0.1,10,0.1,0.44561072670590024,600
20,0.1,10,0.1,0.4129362424767745,1000
20,0.1,10,0.1,0.39739890087523533,1400
20,0.1,10,0.1,2.767750746019635,200
20,0.1,10,0.1,2.3971325907558945,600
20,0.1,10,0.1,2.3369213592902645,1000
20,0.1,10,0.1,2.2377750267694565,1400
20,0.1,10,0.1,1.9106420625475358,200
20,0.1,10,0.1,1.809385085293148,600
20,0.1,10,0.1,1.788299049701977,1000
20,0.1,10,0.1,1.7789190773188996,1400
20,0.1,10,0.1,4.4123603614068445,200
20,0.1,10,0.1,4.358275470378684,600
20,0.1,10,0.1,4.328115009827816,1000
20,0.1,10,0.1,4.324608716456182,1400
20,0.1,10,0.5,0.42107986824479776,200
20,0.1,10,0.5,0.12097581188850823,600
20,0.1,10,0.5,0.05836958059153295,1000
20,0.1,10,0.5,0.08171548860632856,1400
20,0.1,10,0.5,0.14589091257544573,200
20,0.1,10,0.5,0.056307884704988716,600
20,0.1,10,0.5,0.026028797483244964,1000
20,0.1,10,0.5,0.017989054070527026,1400
20,0.1,10,0.5,0.18166203386604762,200
20,0.1,10,0.5,0.07325629878325546,600
20,0.1,10,0.5,0.04132154279770778,1000
20,0.1,10,0.5,0.04629307459960828,1400
20,0.1,10,0.5,0.18485756866212136,200
20,0.1,10,0.5,0.07371069239185551,600
20,0.1,10,0.5,0.057180963809314894,1000
20,0.1,10,0.5,0.03751314549665566,1400
20,0.1,10,0.5,0.548789597566901,200
20,0.1,10,0.5,0.12271833698497181,600
20,0.1,10,0.5,0.08442262011410316,1000
20,0.1,10,0.5,0.04399870237016698,1400
20,0.1,10,1.0,0.119212539876867,200
20,0.1,10,1.0,0.06376415803249269,600
20,0.1,10,1.0,0.029994256401026587,1000
20,0.1,10,1.0,0.017224143712016294,1400
20,0.1,10,1.0,0.2081285287162431,200
20,0.1,10,1.0,0.0510187747581727,600
20,0.1,10,1.0,0.031036972633175015,1000
20,0.1,10,1.0,0.020173840362290012,1400
20,0.1,10,1.0,0.10270895624296945,200
20,0.1,10,1.0,0.04124757955328343,600
20,0.1,10,1.0,0.015422048583103037,1000
20,0.1,10,1.0,0.011315481523939842,1400
20,0.1,10,1.0,0.11156377635389733,200
20,0.1,10,1.0,0.035189707773024846,600
20,0.1,10,1.0,0.025195438110029673,1000
20,0.1,10,1.0,0.013602180646792245,1400
20,0.1,10,1.0,0.11718272249336645,200
20,0.1,10,1.0,0.041980230639317856,600
20,0.1,10,1.0,0.014388714739794941,1000
20,0.1,10,1.0,0.013107609806690127,1400
20,0.1,10,5.0,0.08607460133688785,200
20,0.1,10,5.0,0.031216706187240838,600
20,0.1,10,5.0,0.01890514891809713,1000
20,0.1,10,5.0,0.013241619678491997,1400
20,0.1,10,5.0,0.06163983985443415,200
20,0.1,10,5.0,0.01914503031879812,600
20,0.1,10,5.0,0.01720192089988164,1000
20,0.1,10,5.0,0.011977623086310289,1400
20,0.1,10,5.0,0.10772686694878192,200
20,0.1,10,5.0,0.05340329066706841,600
20,0.1,10,5.0,0.025243130724591587,1000
20,0.1,10,5.0,0.015032564536787649,1400
20,0.1,10,5.0,0.051625812539229515,200
20,0.1,10,5.0,0.04340722263810935,600
20,0.1,10,5.0,0.02394774707233088,1000
20,0.1,10,5.0,0.013396657202905712,1400
20,0.1,10,5.0,0.12680803098915935,200
20,0.1,10,5.0,0.027104775305866437,600
20,0.1,10,5.0,0.024673044737498175,1000
20,0.1,10,5.0,0.019428910936784973,1400
20,0.1,10,0.1,4.6543481327603216,200
20,0.1,10,0.1,4.590870953543934,600
20,0.1,10,0.1,4.589637079694722,1000
20,0.1,10,0.1,4.595785695708555,1400
20,0.1,10,0.1,0.6463827470005731,200
20,0.1,10,0.1,0.44561072670590024,600
20,0.1,10,0.1,0.4129362424767745,1000
20,0.1,10,0.1,0.39739890087523533,1400
20,0.1,10,0.1,2.767750746019635,200
20,0.1,10,0.1,2.3971325907558945,600
20,0.1,10,0.1,2.3369213592902645,1000
20,0.1,10,0.1,2.2377750267694565,1400
20,0.1,10,0.1,1.9106420625475358,200
20,0.1,10,0.1,1.809385085293148,600
20,0.1,10,0.1,1.788299049701977,1000
20,0.1,10,0.1,1.7789190773188996,1400
20,0.1,10,0.1,4.4123603614068445,200
20,0.1,10,0.1,4.358275470378684,600
20,0.1,10,0.1,4.328115009827816,1000
20,0.1,10,0.1,4.324608716456182,1400
20,0.1,10,0.5,0.42107986824479776,200
20,0.1,10,0.5,0.12097581188850823,600
20,0.1,10,0.5,0.05836958059153295,1000
20,0.1,10,0.5,0.08171548860632856,1400
20,0.1,10,0.5,0.14589091257544573,200
20,0.1,10,0.5,0.056307884704988716,600
20,0.1,10,0.5,0.026028797483244964,1000
20,0.1,10,0.5,0.017989054070527026,1400
20,0.1,10,0.5,0.18166203386604762,200
20,0.1,10,0.5,0.07325629878325546,600
20,0.1,10,0.5,0.04132154279770778,1000
20,0.1,10,0.5,0.04629307459960828,1400
20,0.1,10,0.5,0.18485756866212136,200
20,0.1,10,0.5,0.07371069239185551,600
20,0.1,10,0.5,0.057180963809314894,1000
20,0.1,10,0.5,0.03751314549665566,1400
20,0.1,10,0.5,0.548789597566901,200
20,0.1,10,0.5,0.12271833698497181,600
20,0.1,10,0.5,0.08442262011410316,1000
20,0.1,10,0.5,0.04399870237016698,1400
20,0.1,10,1.0,0.119212539876867,200
20,0.1,10,1.0,0.06376415803249269,600
20,0.1,10,1.0,0.029994256401026587,1000
20,0.1,10,1.0,0.017224143712016294,1400
20,0.1,10,1.0,0.2081285287162431,200
20,0.1,10,1.0,0.0510187747581727,600
20,0.1,10,1.0,0.031036972633175015,1000
20,0.1,10,1.0,0.020173840362290012,1400
20,0.1,10,1.0,0.10270895624296945,200
20,0.1,10,1.0,0.04124757955328343,600
20,0.1,10,1.0,0.015422048583103037,1000
20,0.1,10,1.0,0.011315481523939842,1400
20,0.1,10,1.0,0.11156377635389733,200
20,0.1,10,1.0,0.035189707773024846,600
20,0.1,10,1.0,0.025195438110029673,1000
20,0.1,10,1.0,0.013602180646792245,1400
20,0.1,10,1.0,0.11718272249336645,200
20,0.1,10,1.0,0.041980230639317856,600
20,0.1,10,1.0,0.014388714739794941,1000
20,0.1,10,1.0,0.013107609806690127,1400
20,0.1,10,5.0,0.08607460133688785,200
20,0.1,10,5.0,0.031216706187240838,600
20,0.1,10,5.0,0.01890514891809713,1000
20,0.1,10,5.0,0.013241619678491997,1400
20,0.1,10,5.0,0.06163983985443415,200
20,0.1,10,5.0,0.01914503031879812,600
20,0.1,10,5.0,0.01720192089988164,1000
20,0.1,10,5.0,0.011977623086310289,1400
20,0.1,10,5.0,0.10772686694878192,200
20,0.1,10,5.0,0.05340329066706841,600
20,0.1,10,5.0,0.025243130724591587,1000
20,0.1,10,5.0,0.015032564536787649,1400
20,0.1,10,5.0,0.051625812539229515,200
20,0.1,10,5.0,0.04340722263810935,600
20,0.1,10,5.0,0.02394774707233088,1000
20,0.1,10,5.0,0.013396657202905712,1400
20,0.1,10,5.0,0.12680803098915935,200
20,0.1,10,5.0,0.027104775305866437,600
20,0.1,10,5.0,0.024673044737498175,1000
20,0.1,10,5.0,0.019428910936784973,1400
20,0.14736842105263157,10,0.1,5.161985883016408,200
20,0.14736842105263157,10,0.1,4.88137473592894,600
20,0.14736842105263157,10,0.1,4.863618813348413,1000
20,0.14736842105263157,10,0.1,4.859495330226859,1400
20,0.14736842105263157,10,0.1,1.086624752885394,200
20,0.14736842105263157,10,0.1,0.9422230063915995,600
20,0.14736842105263157,10,0.1,0.8952077511695907,1000
20,0.14736842105263157,10,0.1,0.9097708646410003,1400
20,0.14736842105263157,10,0.1,2.8348237837923773,200
20,0.14736842105263157,10,0.1,2.266744374783503,600
20,0.14736842105263157,10,0.1,2.0980574828659186,1000
20,0.14736842105263157,10,0.1,1.8887620190778198,1400
20,0.14736842105263157,10,0.1,3.215918757361179,200
20,0.14736842105263157,10,0.1,2.6818759244799253,600
20,0.14736842105263157,10,0.1,2.632725347762221,1000
20,0.14736842105263157,10,0.1,2.5812626541091506,1400
20,0.14736842105263157,10,0.1,4.866850272496391,200
20,0.14736842105263157,10,0.1,4.405105263037933,600
20,0.14736842105263157,10,0.1,4.356490005591599,1000
20,0.14736842105263157,10,0.1,4.315177341307238,1400
20,0.14736842105263157,10,0.5,0.785538291960147,200
20,0.14736842105263157,10,0.5,0.4353985891532749,600
20,0.14736842105263157,10,0.5,0.3438159223474504,1000
20,0.14736842105263157,10,0.5,0.3370583275359697,1400
20,0.14736842105263157,10,0.5,0.18911201266119765,200
20,0.14736842105263157,10,0.5,0.08695941060382113,600
20,0.14736842105263157,10,0.5,0.07332385637339213,1000
20,0.14736842105263157,10,0.5,0.05732986377689814,1400
20,0.14736842105263157,10,0.5,0.20581438229070825,200
20,0.14736842105263157,10,0.5,0.147601778678898,600
20,0.14736842105263157,10,0.5,0.08805668863707711,1000
20,0.14736842105263157,10,0.5,0.0757015937014799,1400
20,0.14736842105263157,10,0.5,0.313600174962261,200
20,0.14736842105263157,10,0.5,0.11507027985755122,600
20,0.14736842105263157,10,0.5,0.0802491650132607,1000
20,0.14736842105263157,10,0.5,0.07380952960134202,1400
20,0.14736842105263157,10,0.5,1.0180577660904477,200
20,0.14736842105263157,10,0.5,0.6131686492580465,600
20,0.14736842105263157,10,0.5,0.3164553954350146,1000
20,0.14736842105263157,10,0.5,0.2727855607955941,1400
20,0.14736842105263157,10,1.0,0.204421420425995,200
20,0.14736842105263157,10,1.0,0.11693303450688418,600
20,0.14736842105263157,10,1.0,0.07086548620797609,1000
20,0.14736842105263157,10,1.0,0.06407730303983977,1400
20,0.14736842105263157,10,1.0,0.31506058947566246,200
20,0.14736842105263157,10,1.0,0.08110006759662641,600
20,0.14736842105263157,10,1.0,0.04140859306061141,1000
20,0.14736842105263157,10,1.0,0.020827676202218086,1400
20,0.14736842105263157,10,1.0,0.18196932355605427,200
20,0.14736842105263157,10,1.0,0.0731052899572272,600
20,0.14736842105263157,10,1.0,0.039757424640285075,1000
20,0.14736842105263157,10,1.0,0.030662022553473993,1400
20,0.14736842105263157,10,1.0,0.3179736004472121,200
20,0.14736842105263157,10,1.0,0.06868583142778961,600
20,0.14736842105263157,10,1.0,0.03610700178836828,1000
20,0.14736842105263157,10,1.0,0.023498733544265685,1400
20,0.14736842105263157,10,1.0,0.2203663767195447,200
20,0.14736842105263157,10,1.0,0.07191163496716284,600
20,0.14736842105263157,10,1.0,0.03794989365502909,1000
20,0.14736842105263157,10,1.0,0.04554701530416172,1400
20,0.14736842105263157,10,5.0,0.20246049582938574,200
20,0.14736842105263157,10,5.0,0.07250302268282782,600
20,0.14736842105263157,10,5.0,0.027238314785898055,1000
20,0.14736842105263157,10,5.0,0.020812431348429306,1400
20,0.14736842105263157,10,5.0,0.14430753897366574,200
20,0.14736842105263157,10,5.0,0.040084269867968335,600
20,0.14736842105263157,10,5.0,0.03039104241639376,1000
20,0.14736842105263157,10,5.0,0.021164840484303313,1400
20,0.14736842105263157,10,5.0,0.17739766495442008,200
20,0.14736842105263157,10,5.0,0.05765736929515283,600
20,0.14736842105263157,10,5.0,0.02911113459507379,1000
20,0.14736842105263157,10,5.0,0.022441816256703263,1400
20,0.14736842105263157,10,5.0,0.13818498957891498,200
20,0.14736842105263157,10,5.0,0.07002723110116901,600
20,0.14736842105263157,10,5.0,0.032883232542260186,1000
20,0.14736842105263157,10,5.0,0.021946838999545182,1400
20,0.14736842105263157,10,5.0,0.27786580988216786,200
20,0.14736842105263157,10,5.0,0.08104304038078544,600
20,0.14736842105263157,10,5.0,0.044160314668879805,1000
20,0.14736842105263157,10,5.0,0.03820989267762335,1400
20,0.19473684210526315,10,0.1,6.344357680854446,200
20,0.19473684210526315,10,0.1,6.1981129646024655,600
20,0.19473684210526315,10,0.1,6.153324678438036,1000
20,0.19473684210526315,10,0.1,6.143155878410849,1400
20,0.19473684210526315,10,0.1,2.323654290397202,200
20,0.19473684210526315,10,0.1,1.9087841124966811,600
20,0.19473684210526315,10,0.1,1.6805741446700804,1000
20,0.19473684210526315,10,0.1,1.5832024938112934,1400
20,0.19473684210526315,10,0.1,4.18478566390995,200
20,0.19473684210526315,10,0.1,3.58227966847425,600
20,0.19473684210526315,10,0.1,3.5003796104301514,1000
20,0.19473684210526315,10,0.1,3.1765527066177355,1400
20,0.19473684210526315,10,0.1,4.10895060955657,200
20,0.19473684210526315,10,0.1,3.6734899764648348,600
20,0.19473684210526315,10,0.1,3.5606801099606784,1000
20,0.19473684210526315,10,0.1,3.4153751713338845,1400
20,0.19473684210526315,10,0.1,5.926356008596438,200
20,0.19473684210526315,10,0.1,5.767943814596641,600
20,0.19473684210526315,10,0.1,5.721178063872038,1000
20,0.19473684210526315,10,0.1,5.7161173135269685,1400
20,0.19473684210526315,10,0.5,1.3962274022849752,200
20,0.19473684210526315,10,0.5,0.770602070536537,600
20,0.19473684210526315,10,0.5,0.5087240418283047,1000
20,0.19473684210526315,10,0.5,0.3896352872354123,1400
20,0.19473684210526315,10,0.5,0.49638730016236854,200
20,0.19473684210526315,10,0.5,0.3167157640664422,600
20,0.19473684210526315,10,0.5,0.38947128862771013,1000
20,0.19473684210526315,10,0.5,0.3798601843357246,1400
20,0.19473684210526315,10,0.5,0.6801809409815788,200
20,0.19473684210526315,10,0.5,0.3763501124347741,600
20,0.19473684210526315,10,0.5,0.2230890937722242,1000
20,0.19473684210526315,10,0.5,0.17831593089551886,1400
20,0.19473684210526315,10,0.5,0.6821532921453655,200
20,0.19473684210526315,10,0.5,0.31353779450938385,600
20,0.19473684210526315,10,0.5,0.21755816649167006,1000
20,0.19473684210526315,10,0.5,0.17238890239097784,1400
20,0.19473684210526315,10,0.5,1.3970092705248216,200
20,0.19473684210526315,10,0.5,0.8908470668429072,600
20,0.19473684210526315,10,0.5,0.713028969887722,1000
20,0.19473684210526315,10,0.5,0.5985533783993349,1400
20,0.19473684210526315,10,1.0,0.30314773016211116,200
20,0.19473684210526315,10,1.0,0.14185042289123018,600
20,0.19473684210526315,10,1.0,0.10547241097765023,1000
20,0.19473684210526315,10,1.0,0.061835008122108036,1400
20,0.19473684210526315,10,1.0,0.4426958907489893,200
20,0.19473684210526315,10,1.0,0.17644066131337532,600
20,0.19473684210526315,10,1.0,0.09984375490239472,1000
20,0.19473684210526315,10,1.0,0.09775381837214696,1400
20,0.19473684210526315,10,1.0,0.3958809630516771,200
20,0.19473684210526315,10,1.0,0.10648257195131526,600
20,0.19473684210526315,10,1.0,0.05978486060869554,1000
20,0.19473684210526315,10,1.0,0.055559376576369925,1400
20,0.19473684210526315,10,1.0,0.468805431362339,200
20,0.19473684210526315,10,1.0,0.16215650350390504,600
20,0.19473684210526315,10,1.0,0.10294329896756164,1000
20,0.19473684210526315,10,1.0,0.06932640176572527,1400
20,0.19473684210526315,10,1.0,0.4815718220927356,200
20,0.19473684210526315,10,1.0,0.2060240580632818,600
20,0.19473684210526315,10,1.0,0.1613335786295661,1000
20,0.19473684210526315,10,1.0,0.21199725143807335,1400
20,0.19473684210526315,10,5.0,0.28902453855866517,200
20,0.19473684210526315,10,5.0,0.11273015385903817,600
20,0.19473684210526315,10,5.0,0.05807984442916427,1000
20,0.19473684210526315,10,5.0,0.03504008233328448,1400
20,0.19473684210526315,10,5.0,0.27859053182919896,200
20,0.19473684210526315,10,5.0,0.11912082659787843,600
20,0.19473684210526315,10,5.0,0.07292406358715009,1000
20,0.19473684210526315,10,5.0,0.046853447843240116,1400
20,0.19473684210526315,10,5.0,0.30185271715784895,200
20,0.19473684210526315,10,5.0,0.12230321848180688,600
20,0.19473684210526315,10,5.0,0.06521130748473596,1000
20,0.19473684210526315,10,5.0,0.0485682837011423,1400
20,0.19473684210526315,10,5.0,0.2696805208537782,200
20,0.19473684210526315,10,5.0,0.08655152740189365,600
20,0.19473684210526315,10,5.0,0.05341438265372823,1000
20,0.19473684210526315,10,5.0,0.03593779522461703,1400
20,0.19473684210526315,10,5.0,0.40209379852935884,200
20,0.19473684210526315,10,5.0,0.11913050100485899,600
20,0.19473684210526315,10,5.0,0.08471285625611329,1000
20,0.19473684210526315,10,5.0,0.05448015798747033,1400
20,0.29473684210526313,10,0.1,7.107548632500834,200
20,0.29473684210526313,10,0.1,7.029026745671801,600
20,0.29473684210526313,10,0.1,6.9724247092526355,1000
20,0.29473684210526313,10,0.1,6.892214206306979,1400
20,0.29473684210526313,10,0.1,4.230169363457177,200
20,0.29473684210526313,10,0.1,3.8178680789958226,600
20,0.29473684210526313,10,0.1,3.5179225127768827,1000
20,0.29473684210526313,10,0.1,3.379858826374253,1400
20,0.29473684210526313,10,0.1,5.949684637088985,200
20,0.29473684210526313,10,0.1,5.328265463954162,600
20,0.29473684210526313,10,0.1,5.100889238431029,1000
20,0.29473684210526313,10,0.1,4.975130373582693,1400
20,0.29473684210526313,10,0.1,5.959293456904635,200
20,0.29473684210526313,10,0.1,5.826415602758676,600
20,0.29473684210526313,10,0.1,5.797999288589892,1000
20,0.29473684210526313,10,0.1,5.754015578780304,1400
20,0.29473684210526313,10,0.1,7.284387016558196,200
20,0.29473684210526313,10,0.1,6.548749749746603,600
20,0.29473684210526313,10,0.1,6.50048325960467,1000
20,0.29473684210526313,10,0.1,6.4491279304842895,1400
20,0.29473684210526313,10,0.5,1.608738629069936,200
20,0.29473684210526313,10,0.5,1.3051376377760628,600
20,0.29473684210526313,10,0.5,1.0013004096872056,1000
20,0.29473684210526313,10,0.5,0.7650991394029752,1400
20,0.29473684210526313,10,0.5,0.94810778627362,200
20,0.29473684210526313,10,0.5,0.6146227026112923,600
20,0.29473684210526313,10,0.5,0.5737032780757361,1000
20,0.29473684210526313,10,0.5,0.5120707480108985,1400
20,0.29473684210526313,10,0.5,1.408178469251841,200
20,0.29473684210526313,10,0.5,1.0302741850564123,600
20,0.29473684210526313,10,0.5,0.855535994470176,1000
20,0.29473684210526313,10,0.5,0.7407512541134376,1400
20,0.29473684210526313,10,0.5,1.4023662329943596,200
20,0.29473684210526313,10,0.5,0.9268745886258698,600
20,0.29473684210526313,10,0.5,0.7917506186665363,1000
20,0.29473684210526313,10,0.5,0.6925492009630009,1400
20,0.29473684210526313,10,0.5,2.071447303568256,200
20,0.29473684210526313,10,0.5,1.7161522341056603,600
20,0.29473684210526313,10,0.5,1.4597405671736876,1000
20,0.29473684210526313,10,0.5,1.174785424137054,1400
20,0.29473684210526313,10,1.0,1.0243199214829621,200
20,0.29473684210526313,10,1.0,0.44784221578959477,600
20,0.29473684210526313,10,1.0,0.3402756439660103,1000
20,0.29473684210526313,10,1.0,0.2948237811731946,1400
20,0.29473684210526313,10,1.0,1.2855605840371087,200
20,0.29473684210526313,10,1.0,0.5280025034132901,600
20,0.29473684210526313,10,1.0,0.41848756313835406,1000
20,0.29473684210526313,10,1.0,0.38045592361172864,1400
20,0.29473684210526313,10,1.0,0.7761725350360826,200
20,0.29473684210526313,10,1.0,0.5258044714681172,600
20,0.29473684210526313,10,1.0,0.49386761069410257,1000
20,0.29473684210526313,10,1.0,0.3949582074317596,1400
20,0.29473684210526313,10,1.0,1.0286743045901006,200
20,0.29473684210526313,10,1.0,0.45176789682800783,600
20,0.29473684210526313,10,1.0,0.29744520626674326,1000
20,0.29473684210526313,10,1.0,0.24865906552304917,1400
20,0.29473684210526313,10,1.0,0.80618989922193,200
20,0.29473684210526313,10,1.0,0.4372684030569566,600
20,0.29473684210526313,10,1.0,0.342035797292091,1000
20,0.29473684210526313,10,1.0,0.31890580553403336,1400
20,0.29473684210526313,10,5.0,0.6580235552853559,200
20,0.29473684210526313,10,5.0,0.3105227638624355,600
20,0.29473684210526313,10,5.0,0.1765346930562195,1000
20,0.29473684210526313,10,5.0,0.11858416280725696,1400
20,0.29473684210526313,10,5.0,0.7267590118452422,200
20,0.29473684210526313,10,5.0,0.32149361274263893,600
20,0.29473684210526313,10,5.0,0.20680784442620057,1000
20,0.29473684210526313,10,5.0,0.13571450285548986,1400
20,0.29473684210526313,10,5.0,0.6145633835977016,200
20,0.29473684210526313,10,5.0,0.2766827005760874,600
20,0.29473684210526313,10,5.0,0.18816024513988125,1000
20,0.29473684210526313,10,5.0,0.14195574208507916,1400
20,0.29473684210526313,10,5.0,0.5953683048285933,200
20,0.29473684210526313,10,5.0,0.2658966382011509,600
20,0.29473684210526313,10,5.0,0.1501125600585685,1000
20,0.29473684210526313,10,5.0,0.11526919629607153,1400
20,0.29473684210526313,10,5.0,0.6128602096379396,200
20,0.29473684210526313,10,5.0,0.3363194305130265,600
20,0.29473684210526313,10,5.0,0.23970663109321141,1000
20,0.29473684210526313,10,5.0,0.17130931379428335,1400
20,0.39473684210526316,10,0.1,7.548304174514662,200
20,0.39473684210526316,10,0.1,7.411620979855417,600
20,0.39473684210526316,10,0.1,7.389137696565684,1000
20,0.39473684210526316,10,0.1,7.365827525554871,1400
20,0.39473684210526316,10,0.1,5.588125580046395,200
20,0.39473684210526316,10,0.1,4.925616285252993,600
20,0.39473684210526316,10,0.1,4.793041676259078,1000
20,0.39473684210526316,10,0.1,4.692976430691612,1400
20,0.39473684210526316,10,0.1,6.72612144334582,200
20,0.39473684210526316,10,0.1,6.214404419157149,600
20,0.39473684210526316,10,0.1,6.03523272103273,1000
20,0.39473684210526316,10,0.1,5.9408075042230255,1400
20,0.39473684210526316,10,0.1,6.64370783315026,200
20,0.39473684210526316,10,0.1,6.440451785925496,600
20,0.39473684210526316,10,0.1,6.382656161937389,1000
20,0.39473684210526316,10,0.1,6.386471612489731,1400
20,0.39473684210526316,10,0.1,8.785266272824428,200
20,0.39473684210526316,10,0.1,7.927757249223861,600
20,0.39473684210526316,10,0.1,7.801398497163693,1000
20,0.39473684210526316,10,0.1,7.6910195739878455,1400
20,0.39473684210526316,10,0.5,2.49295186506788,200
20,0.39473684210526316,10,0.5,2.078936865215771,600
20,0.39473684210526316,10,0.5,1.905760383847065,1000
20,0.39473684210526316,10,0.5,1.5136784603826798,1400
20,0.39473684210526316,10,0.5,1.7325808627883041,200
20,0.39473684210526316,10,0.5,1.1603038347789516,600
20,0.39473684210526316,10,0.5,0.9386440096598843,1000
20,0.39473684210526316,10,0.5,0.8267002727613219,1400
20,0.39473684210526316,10,0.5,2.2699939486473286,200
20,0.39473684210526316,10,0.5,1.6829990568225217,600
20,0.39473684210526316,10,0.5,1.2471508933837,1000
20,0.39473684210526316,10,0.5,1.1455917253561376,1400
20,0.39473684210526316,10,0.5,2.0737246440821435,200
20,0.39473684210526316,10,0.5,1.7464786300601187,600
20,0.39473684210526316,10,0.5,1.5506235879338977,1000
20,0.39473684210526316,10,0.5,1.4636214571710895,1400
20,0.39473684210526316,10,0.5,2.7194812459980433,200
20,0.39473684210526316,10,0.5,2.3256501013262745,600
20,0.39473684210526316,10,0.5,1.8279104328639837,1000
20,0.39473684210526316,10,0.5,1.591451544208176,1400
20,0.39473684210526316,10,1.0,1.5711521048235964,200
20,0.39473684210526316,10,1.0,0.9341499896085697,600
20,0.39473684210526316,10,1.0,0.7600364806623697,1000
20,0.39473684210526316,10,1.0,0.6898407659275443,1400
20,0.39473684210526316,10,1.0,1.4301109156039236,200
20,0.39473684210526316,10,1.0,0.9587669005023296,600
20,0.39473684210526316,10,1.0,0.7457760887917173,1000
20,0.39473684210526316,10,1.0,0.6286623040663173,1400
20,0.39473684210526316,10,1.0,1.272875117426536,200
20,0.39473684210526316,10,1.0,0.9042736043882893,600
20,0.39473684210526316,10,1.0,0.728554607951605,1000
20,0.39473684210526316,10,1.0,0.6357852420623803,1400
20,0.39473684210526316,10,1.0,1.440959698768207,200
20,0.39473684210526316,10,1.0,0.8836465340348995,600
20,0.39473684210526316,10,1.0,0.6431744745371564,1000
20,0.39473684210526316,10,1.0,0.5600946615315907,1400
20,0.39473684210526316,10,1.0,1.0879159970434915,200
20,0.39473684210526316,10,1.0,0.7523458959944501,600
20,0.39473684210526316,10,1.0,0.5890392764089434,1000
20,0.39473684210526316,10,1.0,0.4946882337420586,1400
20,0.39473684210526316,10,5.0,0.8153932574607141,200
20,0.39473684210526316,10,5.0,0.48884357830031605,600
20,0.39473684210526316,10,5.0,0.4259501213036179,1000
20,0.39473684210526316,10,5.0,0.3617096493546612,1400
20,0.39473684210526316,10,5.0,0.9263767090805648,200
20,0.39473684210526316,10,5.0,0.5854052565378396,600
20,0.39473684210526316,10,5.0,0.3882534415212607,1000
20,0.39473684210526316,10,5.0,0.29876569204499787,1400
20,0.39473684210526316,10,5.0,1.032451912647455,200
20,0.39473684210526316,10,5.0,0.6360922164862582,600
20,0.39473684210526316,10,5.0,0.44512671369032514,1000
20,0.39473684210526316,10,5.0,0.3517350153166763,1400
20,0.39473684210526316,10,5.0,0.8499197227374901,200
20,0.39473684210526316,10,5.0,0.5610341717042729,600
20,0.39473684210526316,10,5.0,0.4298045550680295,1000
20,0.39473684210526316,10,5.0,0.37848240769522173,1400
20,0.39473684210526316,10,5.0,0.8711277108492588,200
20,0.39473684210526316,10,5.0,0.5946182089367601,600
20,0.39473684210526316,10,5.0,0.43956382321517307,1000
20,0.39473684210526316,10,5.0,0.3463878749380512,1400
20,0.49473684210526314,10,0.1,8.717916615534973,200
20,0.49473684210526314,10,0.1,8.61736400257957,600
20,0.49473684210526314,10,0.1,8.516053494211912,1000
20,0.49473684210526314,10,0.1,8.509278424412726,1400
20,0.49473684210526314,10,0.1,6.871454414772042,200
20,0.49473684210526314,10,0.1,6.385423028710061,600
20,0.49473684210526314,10,0.1,6.323931782282049,1000
20,0.49473684210526314,10,0.1,6.265263519504489,1400
20,0.49473684210526314,10,0.1,8.183075594522403,200
20,0.49473684210526314,10,0.1,7.605161690995022,600
20,0.49473684210526314,10,0.1,7.477251687853802,1000
20,0.49473684210526314,10,0.1,7.350336382271929,1400
20,0.49473684210526314,10,0.1,7.548579528847755,200
20,0.49473684210526314,10,0.1,7.081528822949797,600
20,0.49473684210526314,10,0.1,7.0496001750576855,1000
20,0.49473684210526314,10,0.1,6.936159201740539,1400
20,0.49473684210526314,10,0.1,8.855840832790756,200
20,0.49473684210526314,10,0.1,8.738778288316713,600
20,0.49473684210526314,10,0.1,8.681199481266285,1000
20,0.49473684210526314,10,0.1,8.65435412629529,1400
20,0.49473684210526314,10,0.5,2.9389892201591787,200
20,0.49473684210526314,10,0.5,2.406474444562492,600
20,0.49473684210526314,10,0.5,2.2282531177830442,1000
20,0.49473684210526314,10,0.5,2.105049418501938,1400
20,0.49473684210526314,10,0.5,2.5763239968415794,200
20,0.49473684210526314,10,0.5,1.8408533602859085,600
20,0.49473684210526314,10,0.5,1.6283658703527326,1000
20,0.49473684210526314,10,0.5,1.4626366044974715,1400
20,0.49473684210526314,10,0.5,2.508438083965226,200
20,0.49473684210526314,10,0.5,2.0474647704653495,600
20,0.49473684210526314,10,0.5,1.7993503105334037,1000
20,0.49473684210526314,10,0.5,1.6181890717790328,1400
20,0.49473684210526314,10,0.5,2.676255187591477,200
20,0.49473684210526314,10,0.5,2.2244697097662396,600
20,0.49473684210526314,10,0.5,2.052565088721287,1000
20,0.49473684210526314,10,0.5,1.9615068962136004,1400
20,0.49473684210526314,10,0.5,3.690649659737887,200
20,0.49473684210526314,10,0.5,3.0577465499279044,600
20,0.49473684210526314,10,0.5,2.6366286457062773,1000
20,0.49473684210526314,10,0.5,2.291394955472894,1400
20,0.49473684210526314,10,1.0,1.670532575083548,200
20,0.49473684210526314,10,1.0,1.2986161861347392,600
20,0.49473684210526314,10,1.0,1.1020702905325455,1000
20,0.49473684210526314,10,1.0,1.0390895999051841,1400
20,0.49473684210526314,10,1.0,1.9273456254148849,200
20,0.49473684210526314,10,1.0,1.371147706941922,600
20,0.49473684210526314,10,1.0,1.1453282791808859,1000
20,0.49473684210526314,10,1.0,0.9656094671995312,1400
20,0.49473684210526314,10,1.0,1.627366616028885,200
20,0.49473684210526314,10,1.0,1.1541649060441732,600
20,0.49473684210526314,10,1.0,0.9552834174856479,1000
20,0.49473684210526314,10,1.0,0.8395513620745323,1400
20,0.49473684210526314,10,1.0,1.695435851753262,200
20,0.49473684210526314,10,1.0,1.3465209898654575,600
20,0.49473684210526314,10,1.0,1.1045070785108544,1000
20,0.49473684210526314,10,1.0,1.005687777808997,1400
20,0.49473684210526314,10,1.0,1.5400712285813158,200
20,0.49473684210526314,10,1.0,1.1960793250819002,600
20,0.49473684210526314,10,1.0,0.9995937112955389,1000
20,0.49473684210526314,10,1.0,0.8983694304296785,1400
20,0.49473684210526314,10,5.0,0.8831074922155793,200
20,0.49473684210526314,10,5.0,0.7023844925222096,600
20,0.49473684210526314,10,5.0,0.6423407759588403,1000
20,0.49473684210526314,10,5.0,0.5948670109762558,1400
20,0.49473684210526314,10,5.0,1.0170424653423877,200
20,0.49473684210526314,10,5.0,0.9484838294915166,600
20,0.49473684210526314,10,5.0,0.8374650836622491,1000
20,0.49473684210526314,10,5.0,0.7315125417239072,1400
20,0.49473684210526314,10,5.0,1.0936227185633391,200
20,0.49473684210526314,10,5.0,0.8385799883295194,600
20,0.49473684210526314,10,5.0,0.6955052581940975,1000
20,0.49473684210526314,10,5.0,0.6489267727159337,1400
20,0.49473684210526314,10,5.0,1.0059758153861003,200
20,0.49473684210526314,10,5.0,0.7641589272006921,600
20,0.49473684210526314,10,5.0,0.6747761972488784,1000
20,0.49473684210526314,10,5.0,0.6216124196014662,1400
20,0.49473684210526314,10,5.0,0.9852456156619771,200
20,0.49473684210526314,10,5.0,0.7275765728558303,600
20,0.49473684210526314,10,5.0,0.6424289443793781,1000
20,0.49473684210526314,10,5.0,0.620778007829416,1400
50,0.04979591836734694,2,0.1,3.7050912969033734,200
50,0.04979591836734694,2,0.1,2.645492482961846,600
50,0.04979591836734694,2,0.1,2.1774484301725505,1000
50,0.04979591836734694,2,0.1,2.1058776842417792,1400
50,0.04979591836734694,2,0.1,5.593268768605381,200
50,0.04979591836734694,2,0.1,4.97371254412375,600
50,0.04979591836734694,2,0.1,3.8441373775481273,1000
50,0.04979591836734694,2,0.1,3.4555634682937195,1400
50,0.04979591836734694,2,0.1,11.352875199989606,200
50,0.04979591836734694,2,0.1,7.6209231279899035,600
50,0.04979591836734694,2,0.1,6.911050668393996,1000
50,0.04979591836734694,2,0.1,6.881925618099644,1400
50,0.04979591836734694,2,0.1,8.03500508361722,200
50,0.04979591836734694,2,0.1,6.426461924357703,600
50,0.04979591836734694,2,0.1,6.230102161745481,1000
50,0.04979591836734694,2,0.1,5.8707157013441345,1400
50,0.04979591836734694,2,0.1,9.810039189630345,200
50,0.04979591836734694,2,0.1,7.704570797231966,600
50,0.04979591836734694,2,0.1,7.4218552129367055,1000
50,0.04979591836734694,2,0.1,6.311820351871742,1400
50,0.04979591836734694,2,0.5,0.6757349970331655,200
50,0.04979591836734694,2,0.5,0.2722906946539992,600
50,0.04979591836734694,2,0.5,0.2086820640846844,1000
50,0.04979591836734694,2,0.5,0.2010751130727637,1400
50,0.04979591836734694,2,0.5,1.0182871118740684,200
50,0.04979591836734694,2,0.5,0.5819320614155415,600
50,0.04979591836734694,2,0.5,0.45983509767397035,1000
50,0.04979591836734694,2,0.5,0.38014611286088773,1400
50,0.04979591836734694,2,0.5,0.4756643386659801,200
50,0.04979591836734694,2,0.5,0.18422319752562866,600
50,0.04979591836734694,2,0.5,0.220096434873043,1000
50,0.04979591836734694,2,0.5,0.19657207979192773,1400
50,0.04979591836734694,2,0.5,0.42155865950422944,200
50,0.04979591836734694,2,0.5,0.1855618143209854,600
50,0.04979591836734694,2,0.5,0.10654376560388876,1000
50,0.04979591836734694,2,0.5,0.07197076242703078,1400
50,0.04979591836734694,2,0.5,0.8069762866747208,200
50,0.04979591836734694,2,0.5,0.4698480260199621,600
50,0.04979591836734694,2,0.5,0.21028325252133048,1000
50,0.04979591836734694,2,0.5,0.16604373240833203,1400
50,0.04979591836734694,2,1.0,0.6132816980748984,200
50,0.04979591836734694,2,1.0,0.16800943320665349,600
50,0.04979591836734694,2,1.0,0.11494164031328444,1000
50,0.04979591836734694,2,1.0,0.0798587717050256,1400
50,0.04979591836734694,2,1.0,0.6649433376130293,200
50,0.04979591836734694,2,1.0,0.1884020988116635,600
50,0.04979591836734694,2,1.0,0.08830144489731341,1000
50,0.04979591836734694,2,1.0,0.05904067546339191,1400
50,0.04979591836734694,2,1.0,0.5225708792976036,200
50,0.04979591836734694,2,1.0,0.1612962738699261,600
50,0.04979591836734694,2,1.0,0.10425886786621491,1000
50,0.04979591836734694,2,1.0,0.07775534528811304,1400
50,0.04979591836734694,2,1.0,0.4908112530004374,200
50,0.04979591836734694,2,1.0,0.17437498277704347,600
50,0.04979591836734694,2,1.0,0.1556573948875697,1000
50,0.04979591836734694,2,1.0,0.14578496198639052,1400
50,0.04979591836734694,2,1.0,0.45635415817711594,200
50,0.04979591836734694,2,1.0,0.20451949173039294,600
50,0.04979591836734694,2,1.0,0.16793270022368167,1000
50,0.04979591836734694,2,1.0,0.11531934010895085,1400
50,0.04979591836734694,2,5.0,0.2363400908653382,200
50,0.04979591836734694,2,5.0,0.11091484072844887,600
50,0.04979591836734694,2,5.0,0.07235171116644441,1000
50,0.04979591836734694,2,5.0,0.04965967904595882,1400
50,0.04979591836734694,2,5.0,0.3573148643262867,200
50,0.04979591836734694,2,5.0,0.13845666738138332,600
50,0.04979591836734694,2,5.0,0.08043687300563096,1000
50,0.04979591836734694,2,5.0,0.057772392757073625,1400
50,0.04979591836734694,2,5.0,0.44246534570290075,200
50,0.04979591836734694,2,5.0,0.13182557709159895,600
50,0.04979591836734694,2,5.0,0.0754334312130141,1000
50,0.04979591836734694,2,5.0,0.05745040099850474,1400
50,0.04979591836734694,2,5.0,0.4379610504668005,200
50,0.04979591836734694,2,5.0,0.16520910477548847,600
50,0.04979591836734694,2,5.0,0.09495294754747689,1000
50,0.04979591836734694,2,5.0,0.0710826385674977,1400
50,0.04979591836734694,2,5.0,0.4042754662035708,200
50,0.04979591836734694,2,5.0,0.1603889887559475,600
50,0.04979591836734694,2,5.0,0.09362629193924267,1000
50,0.04979591836734694,2,5.0,0.06634576568789485,1400
50,0.04979591836734694,5,0.1,6.805274254024077,200
50,0.04979591836734694,5,0.1,6.24731762307174,600
50,0.04979591836734694,5,0.1,5.709638708921846,1000
50,0.04979591836734694,5,0.1,5.464223064927456,1400
50,0.04979591836734694,5,0.1,5.997534985964775,200
50,0.04979591836734694,5,0.1,5.543372198024302,600
50,0.04979591836734694,5,0.1,4.36812190738594,1000
50,0.04979591836734694,5,0.1,3.8421334953111805,1400
50,0.04979591836734694,5,0.1,11.800219970136727,200
50,0.04979591836734694,5,0.1,10.724174790623513,600
50,0.04979591836734694,5,0.1,8.675057096968427,1000
50,0.04979591836734694,5,0.1,8.669091072142255,1400
50,0.04979591836734694,5,0.1,8.157800756377426,200
50,0.04979591836734694,5,0.1,6.4986861975114705,600
50,0.04979591836734694,5,0.1,6.000438698842591,1000
50,0.04979591836734694,5,0.1,5.812386879059412,1400
50,0.04979591836734694,5,0.1,13.40864329418076,200
50,0.04979591836734694,5,0.1,12.56469027877742,600
50,0.04979591836734694,5,0.1,12.328084365088461,1000
50,0.04979591836734694,5,0.1,11.533504899357027,1400
50,0.04979591836734694,5,0.5,1.5463424517510824,200
50,0.04979591836734694,5,0.5,0.7764687777285348,600
50,0.04979591836734694,5,0.5,0.5484101877343334,1000
50,0.04979591836734694,5,0.5,0.46538092587212715,1400
50,0.04979591836734694,5,0.5,0.8591746206749942,200
50,0.04979591836734694,5,0.5,0.3857215764541599,600
50,0.04979591836734694,5,0.5,0.2505740740519244,1000
50,0.04979591836734694,5,0.5,0.20092390710570734,1400
50,0.04979591836734694,5,0.5,1.1235064997225803,200
50,0.04979591836734694,5,0.5,0.36279914383225514,600
50,0.04979591836734694,5,0.5,0.20423735309147215,1000
50,0.04979591836734694,5,0.5,0.13246103388779723,1400
50,0.04979591836734694,5,0.5,0.5204785489833521,200
50,0.04979591836734694,5,0.5,0.18347700763090838,600
50,0.04979591836734694,5,0.5,0.14476214969740833,1000
50,0.04979591836734694,5,0.5,0.06803546136402291,1400
50,0.04979591836734694,5,0.5,0.6846706388295988,200
50,0.04979591836734694,5,0.5,0.2714817893954556,600
50,0.04979591836734694,5,0.5,0.17583714128196695,1000
50,0.04979591836734694,5,0.5,0.16791202848307077,1400
50,0.04979591836734694,5,1.0,0.410078028365219,200
50,0.04979591836734694,5,1.0,0.14567471267222593,600
50,0.04979591836734694,5,1.0,0.0801107044287031,1000
50,0.04979591836734694,5,1.0,0.05623136623074801,1400
50,0.04979591836734694,5,1.0,0.4160659102243399,200
50,0.04979591836734694,5,1.0,0.17485393834157675,600
50,0.04979591836734694,5,1.0,0.11899826098468458,1000
50,0.04979591836734694,5,1.0,0.07379517441582098,1400
50,0.04979591836734694,5,1.0,0.6009615728720874,200
50,0.04979591836734694,5,1.0,0.17152892075451656,600
50,0.04979591836734694,5,1.0,0.09236494959822893,1000
50,0.04979591836734694,5,1.0,0.06092661078938195,1400
50,0.04979591836734694,5,1.0,0.360602760294462,200
50,0.04979591836734694,5,1.0,0.10636106270522046,600
50,0.04979591836734694,5,1.0,0.08835073824336773,1000
50,0.04979591836734694,5,1.0,0.060622046567520425,1400
50,0.04979591836734694,5,1.0,0.5022478320531275,200
50,0.04979591836734694,5,1.0,0.17891545752704807,600
50,0.04979591836734694,5,1.0,0.11703645260648392,1000
50,0.04979591836734694,5,1.0,0.07489705467566442,1400
50,0.04979591836734694,5,5.0,0.4532463075756941,200
50,0.04979591836734694,5,5.0,0.11065772888654218,600
50,0.04979591836734694,5,5.0,0.05985219242378114,1000
50,0.04979591836734694,5,5.0,0.04401897141816972,1400
50,0.04979591836734694,5,5.0,0.3388271526317565,200
50,0.04979591836734694,5,5.0,0.10079878865474017,600
50,0.04979591836734694,5,5.0,0.051817592887701505,1000
50,0.04979591836734694,5,5.0,0.03900673510906216,1400
50,0.04979591836734694,5,5.0,0.3071575774963046,200
50,0.04979591836734694,5,5.0,0.09755354811243706,600
50,0.04979591836734694,5,5.0,0.05403676623847212,1000
50,0.04979591836734694,5,5.0,0.03967134630273036,1400
50,0.04979591836734694,5,5.0,0.26817514712489693,200
50,0.04979591836734694,5,5.0,0.0924224534961421,600
50,0.04979591836734694,5,5.0,0.06080072209373196,1000
50,0.04979591836734694,5,5.0,0.050934103567712226,1400
50,0.04979591836734694,5,5.0,0.31570974253114414,200
50,0.04979591836734694,5,5.0,0.09178844189797719,600
50,0.04979591836734694,5,5.0,0.06876516566885621,1000
50,0.04979591836734694,5,5.0,0.05250370490420486,1400
50,0.09959183673469388,5,0.1,9.065287204781063,200
50,0.09959183673469388,5,0.1,8.091357607286533,600
50,0.09959183673469388,5,0.1,7.37343029322419,1000
50,0.09959183673469388,5,0.1,6.921345498798566,1400
50,0.09959183673469388,5,0.1,10.01160608414027,200
50,0.09959183673469388,5,0.1,8.170319473578262,600
50,0.09959183673469388,5,0.1,6.931976217737545,1000
50,0.09959183673469388,5,0.1,6.2725920431217785,1400
50,0.09959183673469388,5,0.1,13.997679103580206,200
50,0.09959183673469388,5,0.1,12.738304410816642,600
50,0.09959183673469388,5,0.1,10.719440233394586,1000
50,0.09959183673469388,5,0.1,10.202285533600769,1400
50,0.09959183673469388,5,0.1,14.321680714184295,200
50,0.09959183673469388,5,0.1,12.913156901065518,600
50,0.09959183673469388,5,0.1,12.329439504631024,1000
50,0.09959183673469388,5,0.1,12.180153585111908,1400
50,0.09959183673469388,5,0.1,17.16664339774949,200
50,0.09959183673469388,5,0.1,15.838608063986703,600
50,0.09959183673469388,5,0.1,15.423411620839913,1000
50,0.09959183673469388,5,0.1,15.308149642507779,1400
50,0.09959183673469388,5,0.5,2.551551927825669,200
50,0.09959183673469388,5,0.5,1.6033371839367014,600
50,0.09959183673469388,5,0.5,1.2694145472701523,1000
50,0.09959183673469388,5,0.5,1.0396396033706896,1400
50,0.09959183673469388,5,0.5,2.9040266778411152,200
50,0.09959183673469388,5,0.5,1.6577782537323866,600
50,0.09959183673469388,5,0.5,1.1387060292578575,1000
50,0.09959183673469388,5,0.5,0.9618752914023271,1400
50,0.09959183673469388,5,0.5,2.7694153640293253,200
50,0.09959183673469388,5,0.5,1.7135498391047386,600
50,0.09959183673469388,5,0.5,1.3717713453149298,1000
50,0.09959183673469388,5,0.5,1.2361795097077393,1400
50,0.09959183673469388,5,0.5,2.155950701120999,200
50,0.09959183673469388,5,0.5,1.4088738929820528,600
50,0.09959183673469388,5,0.5,0.9540082183273871,1000
50,0.09959183673469388,5,0.5,0.8468289991049529,1400
50,0.09959183673469388,5,0.5,3.4247685273444333,200
50,0.09959183673469388,5,0.5,1.6858651915539118,600
50,0.09959183673469388,5,0.5,1.4814742763907103,1000
50,0.09959183673469388,5,0.5,1.1796506285063986,1400
50,0.09959183673469388,5,1.0,1.9126081311987664,200
50,0.09959183673469388,5,1.0,0.7375180430272926,600
50,0.09959183673469388,5,1.0,0.45712218090687906,1000
50,0.09959183673469388,5,1.0,0.4122839515348789,1400
50,0.09959183673469388,5,1.0,1.1436507648417402,200
50,0.09959183673469388,5,1.0,0.542296518103126,600
50,0.09959183673469388,5,1.0,0.37374212174938043,1000
50,0.09959183673469388,5,1.0,0.27027193057277743,1400
50,0.09959183673469388,5,1.0,1.2967993410883967,200
50,0.09959183673469388,5,1.0,0.6512297270332623,600
50,0.09959183673469388,5,1.0,0.4212320314464509,1000
50,0.09959183673469388,5,1.0,0.3115845033560334,1400
50,0.09959183673469388,5,1.0,1.4799632731734127,200
50,0.09959183673469388,5,1.0,0.6835985700686859,600
50,0.09959183673469388,5,1.0,0.4586513133179174,1000
50,0.09959183673469388,5,1.0,0.36777900388611134,1400
50,0.09959183673469388,5,1.0,1.5315803212301582,200
50,0.09959183673469388,5,1.0,0.7925323758503284,600
50,0.09959183673469388,5,1.0,0.39497666837139855,1000
50,0.09959183673469388,5,1.0,0.3015350368230234,1400
50,0.09959183673469388,5,5.0,1.2490449526498724,200
50,0.09959183673469388,5,5.0,0.4385986859679047,600
50,0.09959183673469388,5,5.0,0.2576854788595721,1000
50,0.09959183673469388,5,5.0,0.19610755009618155,1400
50,0.09959183673469388,5,5.0,1.1383912412502555,200
50,0.09959183673469388,5,5.0,0.42291033370790343,600
50,0.09959183673469388,5,5.0,0.2860575840911941,1000
50,0.09959183673469388,5,5.0,0.1926459925509767,1400
50,0.09959183673469388,5,5.0,1.21132371743935,200
50,0.09959183673469388,5,5.0,0.46949783461005073,600
50,0.09959183673469388,5,5.0,0.2526059404467877,1000
50,0.09959183673469388,5,5.0,0.18085097093783103,1400
50,0.09959183673469388,5,5.0,1.2365816134805891,200
50,0.09959183673469388,5,5.0,0.5246904903937917,600
50,0.09959183673469388,5,5.0,0.29489180931507497,1000
50,0.09959183673469388,5,5.0,0.20088060679254513,1400
50,0.09959183673469388,5,5.0,1.1657678587866493,200
50,0.09959183673469388,5,5.0,0.3779852188386018,600
50,0.09959183673469388,5,5.0,0.2303911307310409,1000
50,0.09959183673469388,5,5.0,0.19257111988940734,1400
50,0.1493877551020408,5,0.1,12.105761263783481,200
50,0.1493877551020408,5,0.1,10.77933472845307,600
50,0.1493877551020408,5,0.1,9.839979350088479,1000
50,0.1493877551020408,5,0.1,9.025836167592365,1400
50,0.1493877551020408,5,0.1,15.25749823630427,200
50,0.1493877551020408,5,0.1,12.602086818516229,600
50,0.1493877551020408,5,0.1,11.857815884769796,1000
50,0.1493877551020408,5,0.1,11.454243270762802,1400
50,0.1493877551020408,5,0.1,15.613762867033504,200
50,0.1493877551020408,5,0.1,14.401952480169067,600
50,0.1493877551020408,5,0.1,12.768337805964547,1000
50,0.1493877551020408,5,0.1,12.56177355223356,1400
50,0.1493877551020408,5,0.1,17.387438749309503,200
50,0.1493877551020408,5,0.1,16.48852671166696,600
50,0.1493877551020408,5,0.1,15.866397712516955,1000
50,0.1493877551020408,5,0.1,15.492112393280687,1400
50,0.1493877551020408,5,0.1,19.426298119625933,200
50,0.1493877551020408,5,0.1,18.32641911133206,600
50,0.1493877551020408,5,0.1,17.940376896000437,1000
50,0.1493877551020408,5,0.1,17.85239686525144,1400
50,0.1493877551020408,5,0.5,3.907725476807397,200
50,0.1493877551020408,5,0.5,2.212551823892915,600
50,0.1493877551020408,5,0.5,1.7878808801560806,1000
50,0.1493877551020408,5,0.5,1.5199065218638033,1400
50,0.1493877551020408,5,0.5,3.958531288788325,200
50,0.1493877551020408,5,0.5,2.1470650311029433,600
50,0.1493877551020408,5,0.5,1.7171148526193367,1000
50,0.1493877551020408,5,0.5,1.4170760236557585,1400
50,0.1493877551020408,5,0.5,4.151745049779989,200
50,0.1493877551020408,5,0.5,2.805943827758608,600
50,0.1493877551020408,5,0.5,2.3734687514066106,1000
50,0.1493877551020408,5,0.5,2.1156099061863904,1400
50,0.1493877551020408,5,0.5,4.299471430604414,200
50,0.1493877551020408,5,0.5,3.0564140613383843,600
50,0.1493877551020408,5,0.5,2.5673503603484154,1000
50,0.1493877551020408,5,0.5,2.261133659880597,1400
50,0.1493877551020408,5,0.5,4.598590764352266,200
50,0.1493877551020408,5,0.5,2.976518892432329,600
50,0.1493877551020408,5,0.5,2.3464183168541366,1000
50,0.1493877551020408,5,0.5,2.084856267902041,1400
50,0.1493877551020408,5,1.0,2.6851203662528027,200
50,0.1493877551020408,5,1.0,1.5977829203621297,600
50,0.1493877551020408,5,1.0,1.2151404104194892,1000
50,0.1493877551020408,5,1.0,1.0556604329535848,1400
50,0.1493877551020408,5,1.0,2.8094434940084114,200
50,0.1493877551020408,5,1.0,1.4439522704607275,600
50,0.1493877551020408,5,1.0,1.0077915418755612,1000
50,0.1493877551020408,5,1.0,0.7370487395193843,1400
50,0.1493877551020408,5,1.0,2.97275401523068,200
50,0.1493877551020408,5,1.0,1.583995478606609,600
50,0.1493877551020408,5,1.0,1.1292168450609754,1000
50,0.1493877551020408,5,1.0,0.963038525921165,1400
50,0.1493877551020408,5,1.0,3.0850773803461027,200
50,0.1493877551020408,5,1.0,1.7686222130121243,600
50,0.1493877551020408,5,1.0,1.410125440370272,1000
50,0.1493877551020408,5,1.0,1.180272194215816,1400
50,0.1493877551020408,5,1.0,2.75183507656885,200
50,0.1493877551020408,5,1.0,1.591299739964681,600
50,0.1493877551020408,5,1.0,1.2775233469686356,1000
50,0.1493877551020408,5,1.0,1.0141514895289898,1400
50,0.1493877551020408,5,5.0,2.009509477586581,200
50,0.1493877551020408,5,5.0,1.0027598262258355,600
50,0.1493877551020408,5,5.0,0.7619101003727017,1000
50,0.1493877551020408,5,5.0,0.6058969453504305,1400
50,0.1493877551020408,5,5.0,2.4548891693811408,200
50,0.1493877551020408,5,5.0,1.1376508448809435,600
50,0.1493877551020408,5,5.0,0.7463547694140491,1000
50,0.1493877551020408,5,5.0,0.5372289872450701,1400
50,0.1493877551020408,5,5.0,2.4045722547175856,200
50,0.1493877551020408,5,5.0,1.2828036053056133,600
50,0.1493877551020408,5,5.0,0.9042547220526811,1000
50,0.1493877551020408,5,5.0,0.7428643638357255,1400
50,0.1493877551020408,5,5.0,2.4504900037508706,200
50,0.1493877551020408,5,5.0,1.4490019721354588,600
50,0.1493877551020408,5,5.0,1.1131388501888484,1000
50,0.1493877551020408,5,5.0,0.891329973726313,1400
50,0.1493877551020408,5,5.0,2.157461072130769,200
50,0.1493877551020408,5,5.0,1.0814510373823953,600
50,0.1493877551020408,5,5.0,0.8064879816779922,1000
50,0.1493877551020408,5,5.0,0.6514495358286715,1400
50,0.04979591836734694,10,0.1,5.469831541365199,200
50,0.04979591836734694,10,0.1,4.929947020318699,600
50,0.04979591836734694,10,0.1,3.7701091608505015,1000
50,0.04979591836734694,10,0.1,3.459350860760509,1400
50,0.04979591836734694,10,0.1,10.606418139255402,200
50,0.04979591836734694,10,0.1,10.155761882574764,600
50,0.04979591836734694,10,0.1,10.120566057600366,1000
50,0.04979591836734694,10,0.1,10.102342194189722,1400
50,0.04979591836734694,10,0.1,4.836105189503212,200
50,0.04979591836734694,10,0.1,4.288713509104686,600
50,0.04979591836734694,10,0.1,4.184518924471722,1000
50,0.04979591836734694,10,0.1,4.041099786162456,1400
50,0.04979591836734694,10,0.1,7.988154092317308,200
50,0.04979591836734694,10,0.1,7.045736376521249,600
50,0.04979591836734694,10,0.1,6.604010528302954,1000
50,0.04979591836734694,10,0.1,6.565806038647908,1400
50,0.04979591836734694,10,0.1,3.61851135901733,200
50,0.04979591836734694,10,0.1,3.1329236411561427,600
50,0.04979591836734694,10,0.1,2.7855282396222347,1000
50,0.04979591836734694,10,0.1,2.5943544676246266,1400
50,0.04979591836734694,10,0.5,0.7844803288044153,200
50,0.04979591836734694,10,0.5,0.27227284960806447,600
50,0.04979591836734694,10,0.5,0.2313127102309889,1000
50,0.04979591836734694,10,0.5,0.1766038498988549,1400
50,0.04979591836734694,10,0.5,0.7828824480006064,200
50,0.04979591836734694,10,0.5,0.2927961847316796,600
50,0.04979591836734694,10,0.5,0.15676290433242465,1000
50,0.04979591836734694,10,0.5,0.1287140130026653,1400
50,0.04979591836734694,10,0.5,1.3590730598338068,200
50,0.04979591836734694,10,0.5,0.9253962052146893,600
50,0.04979591836734694,10,0.5,0.5252869948389397,1000
50,0.04979591836734694,10,0.5,0.22391091669829075,1400
50,0.04979591836734694,10,0.5,0.8969499930496215,200
50,0.04979591836734694,10,0.5,0.36095046984360657,600
50,0.04979591836734694,10,0.5,0.2311923125206851,1000
50,0.04979591836734694,10,0.5,0.1737346241222462,1400
50,0.04979591836734694,10,0.5,0.5970299381845902,200
50,0.04979591836734694,10,0.5,0.33801103604967264,600
50,0.04979591836734694,10,0.5,0.11599869059965606,1000
50,0.04979591836734694,10,0.5,0.12506900525926978,1400
50,0.04979591836734694,10,1.0,0.4642658001329017,200
50,0.04979591836734694,10,1.0,0.259048118105908,600
50,0.04979591836734694,10,1.0,0.14000910898687274,1000
50,0.04979591836734694,10,1.0,0.11753302480683968,1400
50,0.04979591836734694,10,1.0,0.6650102876667126,200
50,0.04979591836734694,10,1.0,0.17809289619853197,600
50,0.04979591836734694,10,1.0,0.11386120005596856,1000
50,0.04979591836734694,10,1.0,0.07357896904973237,1400
50,0.04979591836734694,10,1.0,0.5629797650776814,200
50,0.04979591836734694,10,1.0,0.17648595499366024,600
50,0.04979591836734694,10,1.0,0.10814383253113259,1000
50,0.04979591836734694,10,1.0,0.08932912849119151,1400
50,0.04979591836734694,10,1.0,0.47644979109875457,200
50,0.04979591836734694,10,1.0,0.2518730338508633,600
50,0.04979591836734694,10,1.0,0.18380635970814235,1000
50,0.04979591836734694,10,1.0,0.16268944620283904,1400
50,0.04979591836734694,10,1.0,0.4322576111823351,200
50,0.04979591836734694,10,1.0,0.15213778033254377,600
50,0.04979591836734694,10,1.0,0.09426334099438781,1000
50,0.04979591836734694,10,1.0,0.06225237175709086,1400
50,0.04979591836734694,10,5.0,0.4397542058896975,200
50,0.04979591836734694,10,5.0,0.1372774486035173,600
50,0.04979591836734694,10,5.0,0.09443656664886037,1000
50,0.04979591836734694,10,5.0,0.07511735549108929,1400
50,0.04979591836734694,10,5.0,0.2882079843837592,200
50,0.04979591836734694,10,5.0,0.09686610949352806,600
50,0.04979591836734694,10,5.0,0.06631359040270043,1000
50,0.04979591836734694,10,5.0,0.04746733402702777,1400
50,0.04979591836734694,10,5.0,0.35488524316596637,200
50,0.04979591836734694,10,5.0,0.11601408308023332,600
50,0.04979591836734694,10,5.0,0.06713290861307589,1000
50,0.04979591836734694,10,5.0,0.052599556927225094,1400
50,0.04979591836734694,10,5.0,0.3077096603251167,200
50,0.04979591836734694,10,5.0,0.1158557399828392,600
50,0.04979591836734694,10,5.0,0.05988681028765314,1000
50,0.04979591836734694,10,5.0,0.056208105125733446,1400
50,0.04979591836734694,10,5.0,0.3242504474708203,200
50,0.04979591836734694,10,5.0,0.13876610402952727,600
50,0.04979591836734694,10,5.0,0.06884055027998907,1000
50,0.04979591836734694,10,5.0,0.046697670880801435,1400
50,0.09959183673469388,10,0.1,10.294825994633811,200
50,0.09959183673469388,10,0.1,9.033854746318976,600
50,0.09959183673469388,10,0.1,8.388263622461178,1000
50,0.09959183673469388,10,0.1,7.828743928990109,1400
50,0.09959183673469388,10,0.1,15.893790188141821,200
50,0.09959183673469388,10,0.1,15.562411370933237,600
50,0.09959183673469388,10,0.1,15.372813089406666,1000
50,0.09959183673469388,10,0.1,15.308657818915028,1400
50,0.09959183673469388,10,0.1,11.385143773658129,200
50,0.09959183673469388,10,0.1,9.949604939960974,600
50,0.09959183673469388,10,0.1,9.438793131228673,1000
50,0.09959183673469388,10,0.1,9.107287332065072,1400
50,0.09959183673469388,10,0.1,12.237610972092314,200
50,0.09959183673469388,10,0.1,11.381215225169262,600
50,0.09959183673469388,10,0.1,11.208093945678508,1000
50,0.09959183673469388,10,0.1,11.015203920752443,1400
50,0.09959183673469388,10,0.1,13.719337650442792,200
50,0.09959183673469388,10,0.1,12.970567079700135,600
50,0.09959183673469388,10,0.1,11.582886376086408,1000
50,0.09959183673469388,10,0.1,10.77032311458182,1400
50,0.09959183673469388,10,0.5,2.638223531106417,200
50,0.09959183673469388,10,0.5,1.7579061024175497,600
50,0.09959183673469388,10,0.5,1.3649235482381918,1000
50,0.09959183673469388,10,0.5,1.096094269268523,1400
50,0.09959183673469388,10,0.5,2.975702604803365,200
50,0.09959183673469388,10,0.5,1.8575830937811892,600
50,0.09959183673469388,10,0.5,1.583861055071637,1000
50,0.09959183673469388,10,0.5,1.3204968907772898,1400
50,0.09959183673469388,10,0.5,2.6429991365338052,200
50,0.09959183673469388,10,0.5,1.777418586994983,600
50,0.09959183673469388,10,0.5,1.3679914180365889,1000
50,0.09959183673469388,10,0.5,1.1280691748748157,1400
50,0.09959183673469388,10,0.5,2.202482737539147,200
50,0.09959183673469388,10,0.5,1.075596063772907,600
50,0.09959183673469388,10,0.5,0.8190001163569425,1000
50,0.09959183673469388,10,0.5,0.7067101393077548,1400
50,0.09959183673469388,10,0.5,2.9006121956104005,200
50,0.09959183673469388,10,0.5,2.04636633575068,600
50,0.09959183673469388,10,0.5,1.864091139679232,1000
50,0.09959183673469388,10,0.5,1.6050799914357663,1400
50,0.09959183673469388,10,1.0,1.7390914759969152,200
50,0.09959183673469388,10,1.0,0.9748309523471042,600
50,0.09959183673469388,10,1.0,0.5652510187385401,1000
50,0.09959183673469388,10,1.0,0.4143123587110535,1400
50,0.09959183673469388,10,1.0,1.9589412481923019,200
50,0.09959183673469388,10,1.0,1.004019176783641,600
50,0.09959183673469388,10,1.0,0.7301068421921113,1000
50,0.09959183673469388,10,1.0,0.581096638959928,1400
50,0.09959183673469388,10,1.0,1.774163266718573,200
50,0.09959183673469388,10,1.0,0.7486213622677671,600
50,0.09959183673469388,10,1.0,0.5189508949676391,1000
50,0.09959183673469388,10,1.0,0.4015570094514166,1400
50,0.09959183673469388,10,1.0,1.5833196855590117,200
50,0.09959183673469388,10,1.0,0.6988434281183061,600
50,0.09959183673469388,10,1.0,0.49338730391056473,1000
50,0.09959183673469388,10,1.0,0.4019531207509187,1400
50,0.09959183673469388,10,1.0,2.0601824315992423,200
50,0.09959183673469388,10,1.0,0.9874348768209833,600
50,0.09959183673469388,10,1.0,0.7359933466403774,1000
50,0.09959183673469388,10,1.0,0.5596169024851161,1400
50,0.09959183673469388,10,5.0,1.16183780733768,200
50,0.09959183673469388,10,5.0,0.4794176238063169,600
50,0.09959183673469388,10,5.0,0.2942028140880706,1000
50,0.09959183673469388,10,5.0,0.2320506356862011,1400
50,0.09959183673469388,10,5.0,1.3568100632409548,200
50,0.09959183673469388,10,5.0,0.6421049680532845,600
50,0.09959183673469388,10,5.0,0.4244146469837439,1000
50,0.09959183673469388,10,5.0,0.3330535227909317,1400
50,0.09959183673469388,10,5.0,1.2392284368537887,200
50,0.09959183673469388,10,5.0,0.38724971124886454,600
50,0.09959183673469388,10,5.0,0.24820873203304353,1000
50,0.09959183673469388,10,5.0,0.16851809690313777,1400
50,0.09959183673469388,10,5.0,1.1342536735385764,200
50,0.09959183673469388,10,5.0,0.4321996583209718,600
50,0.09959183673469388,10,5.0,0.2901199704578947,1000
50,0.09959183673469388,10,5.0,0.20497497097412548,1400
50,0.09959183673469388,10,5.0,1.0508737551188165,200
50,0.09959183673469388,10,5.0,0.4382971556319232,600
50,0.09959183673469388,10,5.0,0.24924066919227222,1000
50,0.09959183673469388,10,5.0,0.16919346512768188,1400
50,0.1493877551020408,10,0.1,12.943344730581305,200
50,0.1493877551020408,10,0.1,11.643542294366547,600
50,0.1493877551020408,10,0.1,10.81719698241183,1000
50,0.1493877551020408,10,0.1,10.29128160750261,1400
50,0.1493877551020408,10,0.1,18.0947948560542,200
50,0.1493877551020408,10,0.1,17.633121447799127,600
50,0.1493877551020408,10,0.1,17.27245385486514,1000
50,0.1493877551020408,10,0.1,16.795227189311586,1400
50,0.1493877551020408,10,0.1,15.357793180605066,200
50,0.1493877551020408,10,0.1,13.874948321267784,600
50,0.1493877551020408,10,0.1,13.376449250137835,1000
50,0.1493877551020408,10,0.1,12.884264002569838,1400
50,0.1493877551020408,10,0.1,14.667429928149962,200
50,0.1493877551020408,10,0.1,12.51790536596673,600
50,0.1493877551020408,10,0.1,11.5859936873523,1000
50,0.1493877551020408,10,0.1,11.235429714009179,1400
50,0.1493877551020408,10,0.1,17.290397751907086,200
50,0.1493877551020408,10,0.1,16.65423116232634,600
50,0.1493877551020408,10,0.1,15.753412781250764,1000
50,0.1493877551020408,10,0.1,15.44852135185658,1400
50,0.1493877551020408,10,0.5,4.6565773870745515,200
50,0.1493877551020408,10,0.5,3.1891478199936203,600
50,0.1493877551020408,10,0.5,2.7106810234610497,1000
50,0.1493877551020408,10,0.5,2.4131704216645766,1400
50,0.1493877551020408,10,0.5,5.141793207001925,200
50,0.1493877551020408,10,0.5,3.7876125167507015,600
50,0.1493877551020408,10,0.5,3.2369253422141147,1000
50,0.1493877551020408,10,0.5,3.267389702122021,1400
50,0.1493877551020408,10,0.5,5.29742482088844,200
50,0.1493877551020408,10,0.5,3.6233851741707914,600
50,0.1493877551020408,10,0.5,3.156658596226085,1000
50,0.1493877551020408,10,0.5,2.8316066096632246,1400
50,0.1493877551020408,10,0.5,4.788406087931269,200
50,0.1493877551020408,10,0.5,3.080885550389073,600
50,0.1493877551020408,10,0.5,2.52223624906851,1000
50,0.1493877551020408,10,0.5,2.1723767448573525,1400
50,0.1493877551020408,10,0.5,5.551725761678165,200
50,0.1493877551020408,10,0.5,3.938807619612107,600
50,0.1493877551020408,10,0.5,3.467839859706118,1000
50,0.1493877551020408,10,0.5,3.0055046461655768,1400
50,0.1493877551020408,10,1.0,3.1446362488016484,200
50,0.1493877551020408,10,1.0,1.8975241759442623,600
50,0.1493877551020408,10,1.0,1.4891741328478558,1000
50,0.1493877551020408,10,1.0,1.3299508863201381,1400
50,0.1493877551020408,10,1.0,3.4388049531059206,200
50,0.1493877551020408,10,1.0,2.0715391021873937,600
50,0.1493877551020408,10,1.0,1.6382403269528225,1000
50,0.1493877551020408,10,1.0,1.4529137157853214,1400
50,0.1493877551020408,10,1.0,3.328112903949725,200
50,0.1493877551020408,10,1.0,2.2416144725060967,600
50,0.1493877551020408,10,1.0,1.7630394379849341,1000
50,0.1493877551020408,10,1.0,1.4571989155653042,1400
50,0.1493877551020408,10,1.0,3.0765629873658087,200
50,0.1493877551020408,10,1.0,1.9357246066520548,600
50,0.1493877551020408,10,1.0,1.451300609151434,1000
50,0.1493877551020408,10,1.0,1.2077710562799662,1400
50,0.1493877551020408,10,1.0,2.969310628025151,200
50,0.1493877551020408,10,1.0,1.8199020437242,600
50,0.1493877551020408,10,1.0,1.325047586305483,1000
50,0.1493877551020408,10,1.0,1.1325728828523378,1400
50,0.1493877551020408,10,5.0,2.216999377672939,200
50,0.1493877551020408,10,5.0,1.3410049829433386,600
50,0.1493877551020408,10,5.0,0.9954866071157389,1000
50,0.1493877551020408,10,5.0,0.8104662465975284,1400
50,0.1493877551020408,10,5.0,2.33071113173597,200
50,0.1493877551020408,10,5.0,1.391783936883831,600
50,0.1493877551020408,10,5.0,1.0347812573215376,1000
50,0.1493877551020408,10,5.0,0.844956764231384,1400
50,0.1493877551020408,10,5.0,2.2892083598997774,200
50,0.1493877551020408,10,5.0,1.1507036643507262,600
50,0.1493877551020408,10,5.0,0.8812278237853981,1000
50,0.1493877551020408,10,5.0,0.6669872813228261,1400
50,0.1493877551020408,10,5.0,2.2426288419720417,200
50,0.1493877551020408,10,5.0,1.3594183484441804,600
50,0.1493877551020408,10,5.0,1.0203992193420963,1000
50,0.1493877551020408,10,5.0,0.8380142047049551,1400
50,0.1493877551020408,10,5.0,2.374697800653934,200
50,0.1493877551020408,10,5.0,1.2870313918672869,600
50,0.1493877551020408,10,5.0,0.8499194749980729,1000
50,0.1493877551020408,10,5.0,0.6264694163492447,1400
50,0.19918367346938776,10,0.1,14.45789388953718,200
50,0.19918367346938776,10,0.1,13.073938646816673,600
50,0.19918367346938776,10,0.1,12.313118740683088,1000
50,0.19918367346938776,10,0.1,11.831255763191848,1400
50,0.19918367346938776,10,0.1,20.90743402868676,200
50,0.19918367346938776,10,0.1,20.422008806219626,600
50,0.19918367346938776,10,0.1,20.28800777699166,1000
50,0.19918367346938776,10,0.1,20.019277403632803,1400
50,0.19918367346938776,10,0.1,16.892397612333898,200
50,0.19918367346938776,10,0.1,15.48142016304762,600
50,0.19918367346938776,10,0.1,14.69784327192448,1000
50,0.19918367346938776,10,0.1,14.194159037634813,1400
50,0.19918367346938776,10,0.1,17.043659759961102,200
50,0.19918367346938776,10,0.1,15.120845840048105,600
50,0.19918367346938776,10,0.1,14.240088963265944,1000
50,0.19918367346938776,10,0.1,13.644084421937551,1400
50,0.19918367346938776,10,0.1,19.38711042978172,200
50,0.19918367346938776,10,0.1,18.472755241383773,600
50,0.19918367346938776,10,0.1,18.118566361665245,1000
50,0.19918367346938776,10,0.1,17.859561315116917,1400
50,0.19918367346938776,10,0.5,6.253854904708311,200
50,0.19918367346938776,10,0.5,4.731950083965274,600
50,0.19918367346938776,10,0.5,4.0336793676434475,1000
50,0.19918367346938776,10,0.5,3.526833317513669,1400
50,0.19918367346938776,10,0.5,6.86352575188629,200
50,0.19918367346938776,10,0.5,5.362663176042871,600
50,0.19918367346938776,10,0.5,4.605804959368415,1000
50,0.19918367346938776,10,0.5,4.209926971767343,1400
50,0.19918367346938776,10,0.5,7.470636895887677,200
50,0.19918367346938776,10,0.5,5.865609938508103,600
50,0.19918367346938776,10,0.5,5.29223802981937,1000
50,0.19918367346938776,10,0.5,4.644904829650349,1400
50,0.19918367346938776,10,0.5,6.332413728875271,200
50,0.19918367346938776,10,0.5,4.5099498184741345,600
50,0.19918367346938776,10,0.5,3.83281239543564,1000
50,0.19918367346938776,10,0.5,3.4822261690546368,1400
50,0.19918367346938776,10,0.5,7.223379503144428,200
50,0.19918367346938776,10,0.5,5.724583166889583,600
50,0.19918367346938776,10,0.5,5.1350031987902796,1000
50,0.19918367346938776,10,0.5,4.634652365712792,1400
50,0.19918367346938776,10,1.0,4.67352548589425,200
50,0.19918367346938776,10,1.0,3.5123907371158216,600
50,0.19918367346938776,10,1.0,2.7347347187404223,1000
50,0.19918367346938776,10,1.0,2.323001900319242,1400
50,0.19918367346938776,10,1.0,4.522647721706789,200
50,0.19918367346938776,10,1.0,3.444750581802508,600
50,0.19918367346938776,10,1.0,2.946970436132788,1000
50,0.19918367346938776,10,1.0,2.709553348370755,1400
50,0.19918367346938776,10,1.0,4.642476037074517,200
50,0.19918367346938776,10,1.0,3.2472493392299127,600
50,0.19918367346938776,10,1.0,2.635785676128059,1000
50,0.19918367346938776,10,1.0,2.280111722383216,1400
50,0.19918367346938776,10,1.0,4.339927713290327,200
50,0.19918367346938776,10,1.0,3.050558645417522,600
50,0.19918367346938776,10,1.0,2.5685531046884242,1000
50,0.19918367346938776,10,1.0,2.1968018917086796,1400
50,0.19918367346938776,10,1.0,4.25493094014502,200
50,0.19918367346938776,10,1.0,3.1492195674406513,600
50,0.19918367346938776,10,1.0,2.5929230728771815,1000
50,0.19918367346938776,10,1.0,2.3369937019230798,1400
50,0.19918367346938776,10,5.0,2.892559284581781,200
50,0.19918367346938776,10,5.0,2.0636686266048265,600
50,0.19918367346938776,10,5.0,1.7546895885295368,1000
50,0.19918367346938776,10,5.0,1.5797166661167175,1400
50,0.19918367346938776,10,5.0,2.649914575253822,200
50,0.19918367346938776,10,5.0,2.0365135359615234,600
50,0.19918367346938776,10,5.0,1.6587626550024444,1000
50,0.19918367346938776,10,5.0,1.4443172988133803,1400
50,0.19918367346938776,10,5.0,3.0338194741093645,200
50,0.19918367346938776,10,5.0,2.2419148369733906,600
50,0.19918367346938776,10,5.0,1.727075305957219,1000
50,0.19918367346938776,10,5.0,1.403036060744746,1400
50,0.19918367346938776,10,5.0,2.6552088451225084,200
50,0.19918367346938776,10,5.0,1.9444553002527323,600
50,0.19918367346938776,10,5.0,1.6166804263016068,1000
50,0.19918367346938776,10,5.0,1.4220274045889507,1400
50,0.19918367346938776,10,5.0,2.970426113759277,200
50,0.19918367346938776,10,5.0,2.219285309674961,600
50,0.19918367346938776,10,5.0,1.836577184561615,1000
50,0.19918367346938776,10,5.0,1.5623912936097666,1400
50,0.29959183673469386,10,0.1,20.6927828198603,200
50,0.29959183673469386,10,0.1,19.733832427898232,600
50,0.29959183673469386,10,0.1,18.92128397663385,1000
50,0.29959183673469386,10,0.1,18.532363895423053,1400
50,0.29959183673469386,10,0.1,23.20620621715766,200
50,0.29959183673469386,10,0.1,22.77145529381079,600
50,0.29959183673469386,10,0.1,22.600158599878732,1000
50,0.29959183673469386,10,0.1,22.504930699064122,1400
50,0.29959183673469386,10,0.1,21.428678198354152,200
50,0.29959183673469386,10,0.1,20.710765936820245,600
50,0.29959183673469386,10,0.1,20.468115725029705,1000
50,0.29959183673469386,10,0.1,20.172648818768753,1400
50,0.29959183673469386,10,0.1,21.82802885778278,200
50,0.29959183673469386,10,0.1,21.25120651776943,600
50,0.29959183673469386,10,0.1,20.844718015687807,1000
50,0.29959183673469386,10,0.1,20.678120108979044,1400
50,0.29959183673469386,10,0.1,21.78115540195861,200
50,0.29959183673469386,10,0.1,20.97290357034348,600
50,0.29959183673469386,10,0.1,20.49538162685406,1000
50,0.29959183673469386,10,0.1,20.351005948327423,1400
50,0.29959183673469386,10,0.5,8.732487863607263,200
50,0.29959183673469386,10,0.5,7.447276391428366,600
50,0.29959183673469386,10,0.5,6.73166617012854,1000
50,0.29959183673469386,10,0.5,6.280564240819173,1400
50,0.29959183673469386,10,0.5,9.605767837605756,200
50,0.29959183673469386,10,0.5,8.755630185216894,600
50,0.29959183673469386,10,0.5,8.133635189044451,1000
50,0.29959183673469386,10,0.5,7.586415705217692,1400
50,0.29959183673469386,10,0.5,10.374470519309648,200
50,0.29959183673469386,10,0.5,9.33579331743105,600
50,0.29959183673469386,10,0.5,8.878500158901296,1000
50,0.29959183673469386,10,0.5,8.425305024717565,1400
50,0.29959183673469386,10,0.5,9.858729789833191,200
50,0.29959183673469386,10,0.5,8.24822961549349,600
50,0.29959183673469386,10,0.5,7.7163688570290665,1000
50,0.29959183673469386,10,0.5,7.265595947674628,1400
50,0.29959183673469386,10,0.5,10.022081925612834,200
50,0.29959183673469386,10,0.5,8.618779215464361,600
50,0.29959183673469386,10,0.5,8.057929639923715,1000
50,0.29959183673469386,10,0.5,7.760694691586275,1400
50,0.29959183673469386,10,1.0,6.462992571720128,200
50,0.29959183673469386,10,1.0,5.419917530439898,600
50,0.29959183673469386,10,1.0,4.897676791200146,1000
50,0.29959183673469386,10,1.0,4.678144395760502,1400
50,0.29959183673469386,10,1.0,6.305901404011748,200
50,0.29959183673469386,10,1.0,5.41202467858991,600
50,0.29959183673469386,10,1.0,5.106588766836707,1000
50,0.29959183673469386,10,1.0,4.862879819218978,1400
50,0.29959183673469386,10,1.0,6.360008575798011,200
50,0.29959183673469386,10,1.0,5.508083136193801,600
50,0.29959183673469386,10,1.0,5.1495182949454,1000
50,0.29959183673469386,10,1.0,4.8910635652557435,1400
50,0.29959183673469386,10,1.0,5.940957613899844,200
50,0.29959183673469386,10,1.0,5.024704083986709,600
50,0.29959183673469386,10,1.0,4.58424060422461,1000
50,0.29959183673469386,10,1.0,4.24881145736697,1400
50,0.29959183673469386,10,1.0,6.342025232072505,200
50,0.29959183673469386,10,1.0,5.478380580760285,600
50,0.29959183673469386,10,1.0,5.045383290085095,1000
50,0.29959183673469386,10,1.0,4.766661208530447,1400
50,0.29959183673469386,10,5.0,2.825818828029665,200
50,0.29959183673469386,10,5.0,2.4466918459889095,600
50,0.29959183673469386,10,5.0,2.2626467598034306,1000
50,0.29959183673469386,10,5.0,2.247724577447318,1400
50,0.29959183673469386,10,5.0,2.8374354759522653,200
50,0.29959183673469386,10,5.0,2.697938656874396,600
50,0.29959183673469386,10,5.0,2.6897023775748425,1000
50,0.29959183673469386,10,5.0,2.550903399787164,1400
50,0.29959183673469386,10,5.0,2.8847318557701995,200
50,0.29959183673469386,10,5.0,2.7361043321808185,600
50,0.29959183673469386,10,5.0,2.593102129355786,1000
50,0.29959183673469386,10,5.0,2.437300928662266,1400
50,0.29959183673469386,10,5.0,2.9768094994101357,200
50,0.29959183673469386,10,5.0,2.5085888837872576,600
50,0.29959183673469386,10,5.0,2.2340305840738095,1000
50,0.29959183673469386,10,5.0,2.132460625866908,1400
50,0.29959183673469386,10,5.0,2.850274817102057,200
50,0.29959183673469386,10,5.0,2.7248421742672586,600
50,0.29959183673469386,10,5.0,2.5193552927876044,1000
50,0.29959183673469386,10,5.0,2.4289256838662805,1400
