n_nodes,actual_density,max_in_degree,alpha,sample_size,kl,fit_time_s,fit_rss_delta_bytes,total_stored_params,total_memory_bytes
5,0.4,2,0.1,600,0.015771029387340322,0.007947100000137652,8192,18,144
5,0.4,2,0.1,1000,0.008809965005876734,0.00761419999980717,12288,18,144
5,0.4,2,0.1,1400,0.008772913489422659,0.008422200000040903,8192,18,144
5,0.4,2,0.1,600,0.04351106504119008,0.009664200000088385,102400,18,144
5,0.4,2,0.1,1000,0.01143669052602517,0.009542699999883553,12288,18,144
5,0.4,2,0.1,1400,0.011653172340453433,0.008335800000168092,20480,18,144
5,0.4,2,0.1,600,0.003473935870920131,0.010650899999973262,0,18,144
5,0.4,2,0.1,1000,0.004249235150978117,0.009482700000035038,0,18,144
5,0.4,2,0.1,1400,0.003979991096813508,0.0075200999999651685,0,18,144
5,0.4,2,0.1,600,0.013480327363938048,0.008278800000198316,0,18,144
5,0.4,2,0.1,1000,0.0056303717329207435,0.007660299999997733,0,18,144
5,0.4,2,0.1,1400,0.002979452657439626,0.00789400000007845,4096,18,144
5,0.4,2,0.1,600,0.009579591169756435,0.0072597000000769185,8192,18,144
5,0.4,2,0.1,1000,0.007633075042662661,0.007691999999906329,16384,18,144
5,0.4,2,0.1,1400,0.008563155361315945,0.007385999999996784,24576,18,144
5,0.4,2,0.5,600,42.52591335971083,0.008210400000052687,12288,18,144
5,0.4,2,0.5,1000,23.398322005552934,0.008702899999889269,16384,18,144
5,0.4,2,0.5,1400,23.69887553163282,0.00786100000004808,12288,18,144
5,0.4,2,0.5,600,35.96940349154163,0.009039799999982279,0,18,144
5,0.4,2,0.5,1000,31.860562444998983,0.008116799999925206,0,18,144
5,0.4,2,0.5,1400,31.826438530667826,0.007967999999891617,0,18,144
5,0.4,2,0.5,600,32.33484980370442,0.007870599999932892,0,18,144
5,0.4,2,0.5,1000,32.617618159810014,0.007938599999988583,0,18,144
5,0.4,2,0.5,1400,32.427462562648984,0.008039300000064031,0,18,144
5,0.4,2,0.5,600,18.20085620674579,0.008581499999991138,0,18,144
5,0.4,2,0.5,1000,18.229201055357418,0.008828999999877851,4096,18,144
5,0.4,2,0.5,1400,18.142284695801578,0.007514499999842883,8192,18,144
5,0.4,2,0.5,600,51.63459327409044,0.00773180000010143,4096,18,144
5,0.4,2,0.5,1000,51.680982968152655,0.008379999999988286,12288,18,144
5,0.4,2,0.5,1400,51.623146816444475,0.008241999999881955,0,18,144
5,0.4,2,1.0,600,49.64788470438868,0.008907099999987622,0,18,144
5,0.4,2,1.0,1000,42.882027313924894,0.008887200000117446,0,18,144
5,0.4,2,1.0,1400,43.002479304850965,0.008367500000076689,0,18,144
5,0.4,2,1.0,600,35.646529048655026,0.008724300000039875,0,18,144
5,0.4,2,1.0,1000,24.273919915126143,0.009332699999959004,0,18,144
5,0.4,2,1.0,1400,24.183630584252498,0.007927299999892057,4096,18,144
5,0.4,2,1.0,600,39.86583825828024,0.0077045000000453,0,18,144
5,0.4,2,1.0,1000,39.94829066345951,0.007991499999889129,0,18,144
5,0.4,2,1.0,1400,39.89386491944834,0.008348800000021583,8192,18,144
5,0.4,2,1.0,600,23.417124243569535,0.007901899999978923,0,18,144
5,0.4,2,1.0,1000,23.808684199123757,0.008274700000129087,0,18,144
5,0.4,2,1.0,1400,23.4777054633987,0.00798520000012104,0,18,144
5,0.4,2,1.0,600,42.31326667718777,0.009103899999900023,0,18,144
5,0.4,2,1.0,1000,42.139602610544735,0.0077495999998973275,0,18,144
5,0.4,2,1.0,1400,42.17445045436399,0.007890400000178488,0,18,144
5,0.4,2,5.0,600,35.76015358230133,0.007243300000027375,0,18,144
5,0.4,2,5.0,1000,29.592627999693864,0.007937800000036077,0,18,144
5,0.4,2,5.0,1400,29.68885162243153,0.008039399999915986,0,18,144
5,0.4,2,5.0,600,42.58288273283101,0.008548300000029485,12288,18,144
5,0.4,2,5.0,1000,39.26105181037846,0.009710900000072797,12288,18,144
5,0.4,2,5.0,1400,39.2301329318469,0.009252600000081657,8192,18,144
5,0.4,2,5.0,600,25.776046416062147,0.007639000000153828,0,18,144
5,0.4,2,5.0,1000,25.97712084271521,0.007208799999943949,0,18,144
5,0.4,2,5.0,1400,25.83523314299972,0.008193200000050638,0,18,144
5,0.4,2,5.0,600,24.209162757926148,0.007387199999811855,0,18,144
5,0.4,2,5.0,1000,24.453274333581476,0.01236109999990731,0,18,144
5,0.4,2,5.0,1400,24.314143968707555,0.00789119999990362,0,18,144
5,0.4,2,5.0,600,53.67767634758469,0.009620499999982712,0,18,144
5,0.4,2,5.0,1000,53.69391315250951,0.0075331000000460335,4096,18,144
5,0.4,2,5.0,1400,53.54025488115226,0.00756350000006023,4096,18,144
5,0.4,2,0.1,600,0.015771029387340322,0.007429600000023129,12288,18,144
5,0.4,2,0.1,1000,0.008809965005876734,0.00819509999996626,12288,18,144
5,0.4,2,0.1,1400,0.008772913489422659,0.00841349999996055,0,18,144
5,0.4,2,0.1,600,0.04351106504119008,0.009507999999868844,0,18,144
5,0.4,2,0.1,1000,0.01143669052602517,0.00788250000005064,0,18,144
5,0.4,2,0.1,1400,0.011653172340453433,0.007650900000044203,0,18,144
5,0.4,2,0.1,600,0.003473935870920131,0.007851899999877787,0,18,144
5,0.4,2,0.1,1000,0.004249235150978117,0.008493099999896003,0,18,144
5,0.4,2,0.1,1400,0.003979991096813508,0.008038600000190854,0,18,144
5,0.4,2,0.1,600,0.013480327363938048,0.0084154999999555,0,18,144
5,0.4,2,0.1,1000,0.0056303717329207435,0.008393699999942328,0,18,144
5,0.4,2,0.1,1400,0.002979452657439626,0.008016600000019025,8192,18,144
5,0.4,2,0.1,600,0.009579591169756435,0.008461600000146063,0,18,144
5,0.4,2,0.1,1000,0.007633075042662661,0.008148200000050565,0,18,144
5,0.4,2,0.1,1400,0.008563155361315945,0.007826900000054593,0,18,144
5,0.4,2,0.5,600,42.52591335971083,0.008487099999911152,0,18,144
5,0.4,2,0.5,1000,23.398322005552934,0.00780110000005152,0,18,144
5,0.4,2,0.5,1400,23.69887553163282,0.007883700000093086,0,18,144
5,0.4,2,0.5,600,35.96940349154163,0.008411300000034316,0,18,144
5,0.4,2,0.5,1000,31.860562444998983,0.008730899999818575,4096,18,144
5,0.4,2,0.5,1400,31.826438530667826,0.00809360000016568,0,18,144
5,0.4,2,0.5,600,32.33484980370442,0.008241800000178046,4096,18,144
5,0.4,2,0.5,1000,32.617618159810014,0.00762340000005679,16384,18,144
5,0.4,2,0.5,1400,32.427462562648984,0.009886999999935142,8192,18,144
5,0.4,2,0.5,600,18.20085620674579,0.007439400000066598,0,18,144
5,0.4,2,0.5,1000,18.229201055357418,0.007888699999966775,0,18,144
5,0.4,2,0.5,1400,18.142284695801578,0.008736400000088906,0,18,144
5,0.4,2,0.5,600,51.63459327409044,0.009199999999964348,0,18,144
5,0.4,2,0.5,1000,51.680982968152655,0.007952499999873908,0,18,144
5,0.4,2,0.5,1400,51.623146816444475,0.007547200000090015,0,18,144
5,0.4,2,1.0,600,49.64788470438868,0.008563100000174018,0,18,144
5,0.4,2,1.0,1000,42.882027313924894,0.007746600000018589,0,18,144
5,0.4,2,1.0,1400,43.002479304850965,0.0075383000000783795,0,18,144
5,0.4,2,1.0,600,35.646529048655026,0.007517000000007101,0,18,144
5,0.4,2,1.0,1000,24.273919915126143,0.009466299999985495,0,18,144
5,0.4,2,1.0,1400,24.183630584252498,0.008266600000069957,0,18,144
5,0.4,2,1.0,600,39.86583825828024,0.008281099999976504,0,18,144
5,0.4,2,1.0,1000,39.94829066345951,0.007536500000014712,0,18,144
5,0.4,2,1.0,1400,39.89386491944834,0.007998900000075082,0,18,144
5,0.4,2,1.0,600,23.417124243569535,0.00711179999984779,0,18,144
5,0.4,2,1.0,1000,23.808684199123757,0.00774890000002415,0,18,144
5,0.4,2,1.0,1400,23.4777054633987,0.008346800000026633,0,18,144
5,0.4,2,1.0,600,42.31326667718777,0.008295200000020486,0,18,144
5,0.4,2,1.0,1000,42.139602610544735,0.007401600000093822,0,18,144
5,0.4,2,1.0,1400,42.17445045436399,0.007376300000032643,0,18,144
5,0.4,2,5.0,600,35.76015358230133,0.0074423000000933826,0,18,144
5,0.4,2,5.0,1000,29.592627999693864,0.00750289999996312,0,18,144
5,0.4,2,5.0,1400,29.68885162243153,0.007564499999944019,0,18,144
5,0.4,2,5.0,600,42.58288273283101,0.0080052999999225,0,18,144
5,0.4,2,5.0,1000,39.26105181037846,0.007718800000020565,0,18,144
5,0.4,2,5.0,1400,39.2301329318469,0.007648600000038641,0,18,144
5,0.4,2,5.0,600,25.776046416062147,0.0074240999999801716,0,18,144
5,0.4,2,5.0,1000,25.97712084271521,0.007624100000157341,0,18,144
5,0.4,2,5.0,1400,25.83523314299972,0.007520699999986391,0,18,144
5,0.4,2,5.0,600,24.209162757926148,0.01003590000004806,0,18,144
5,0.4,2,5.0,1000,24.453274333581476,0.009133799999972325,4096,18,144
5,0.4,2,5.0,1400,24.314143968707555,0.007767900000089867,0,18,144
5,0.4,2,5.0,600,53.67767634758469,0.007855199999994511,0,18,144
5,0.4,2,5.0,1000,53.69391315250951,0.007603799999969851,0,18,144
5,0.4,2,5.0,1400,53.54025488115226,0.008146699999997509,0,18,144
5,0.4,2,0.1,600,0.015771029387340322,0.010489900000038688,0,18,144
5,0.4,2,0.1,1000,0.008809965005876734,0.008015199999817924,0,18,144
5,0.4,2,0.1,1400,0.008772913489422659,0.008198499999934938,0,18,144
5,0.4,2,0.1,600,0.04351106504119008,0.008337799999935669,0,18,144
5,0.4,2,0.1,1000,0.01143669052602517,0.00994300000002113,0,18,144
5,0.4,2,0.1,1400,0.011653172340453433,0.00962300000014693,0,18,144
5,0.4,2,0.1,600,0.003473935870920131,0.009299700000156008,0,18,144
5,0.4,2,0.1,1000,0.004249235150978117,0.007673500000009881,0,18,144
5,0.4,2,0.1,1400,0.003979991096813508,0.007332399999995687,0,18,144
5,0.4,2,0.1,600,0.013480327363938048,0.007235799999989467,0,18,144
5,0.4,2,0.1,1000,0.0056303717329207435,0.008073399999830144,0,18,144
5,0.4,2,0.1,1400,0.002979452657439626,0.009997000000112166,0,18,144
5,0.4,2,0.1,600,0.009579591169756435,0.0077639999999519205,0,18,144
5,0.4,2,0.1,1000,0.007633075042662661,0.007205900000144538,0,18,144
5,0.4,2,0.1,1400,0.008563155361315945,0.007543799999893963,0,18,144
5,0.4,2,0.5,600,42.52591335971083,0.008248099999946135,0,18,144
5,0.4,2,0.5,1000,23.398322005552934,0.011014799999884417,0,18,144
5,0.4,2,0.5,1400,23.69887553163282,0.009491199999956734,0,18,144
5,0.4,2,0.5,600,35.96940349154163,0.011829000000034284,0,18,144
5,0.4,2,0.5,1000,31.860562444998983,0.007853300000078889,0,18,144
5,0.4,2,0.5,1400,31.826438530667826,0.011577399999850968,0,18,144
5,0.4,2,0.5,600,32.33484980370442,0.007393100000172126,0,18,144
5,0.4,2,0.5,1000,32.617618159810014,0.007495899999867106,0,18,144
5,0.4,2,0.5,1400,32.427462562648984,0.007660899999791582,0,18,144
5,0.4,2,0.5,600,18.20085620674579,0.0083910000000742,0,18,144
5,0.4,2,0.5,1000,18.229201055357418,0.00832869999999275,0,18,144
5,0.4,2,0.5,1400,18.142284695801578,0.007211300000108167,0,18,144
5,0.4,2,0.5,600,51.63459327409044,0.007330599999932019,0,18,144
5,0.4,2,0.5,1000,51.680982968152655,0.007769900000084817,0,18,144
5,0.4,2,0.5,1400,51.623146816444475,0.008140799999864612,0,18,144
5,0.4,2,1.0,600,49.64788470438868,0.008591600000045219,0,18,144
5,0.4,2,1.0,1000,42.882027313924894,0.00897450000002209,0,18,144
5,0.4,2,1.0,1400,43.002479304850965,0.00760220000006484,0,18,144
5,0.4,2,1.0,600,35.646529048655026,0.01160129999993842,0,18,144
5,0.4,2,1.0,1000,24.273919915126143,0.013450599999941915,0,18,144
5,0.4,2,1.0,1400,24.183630584252498,0.01107899999988149,0,18,144
5,0.4,2,1.0,600,39.86583825828024,0.009602999999970052,0,18,144
5,0.4,2,1.0,1000,39.94829066345951,0.008816799999976865,0,18,144
5,0.4,2,1.0,1400,39.89386491944834,0.007830300000023271,4096,18,144
5,0.4,2,1.0,600,23.417124243569535,0.008281699999997727,0,18,144
5,0.4,2,1.0,1000,23.808684199123757,0.00881800000001931,0,18,144
5,0.4,2,1.0,1400,23.4777054633987,0.008280000000013388,0,18,144
5,0.4,2,1.0,600,42.31326667718777,0.008657300000095347,0,18,144
5,0.4,2,1.0,1000,42.139602610544735,0.008250699999962308,0,18,144
5,0.4,2,1.0,1400,42.17445045436399,0.00782959999992272,0,18,144
5,0.4,2,5.0,600,35.76015358230133,0.008725599999934275,0,18,144
5,0.4,2,5.0,1000,29.592627999693864,0.00811159999989286,0,18,144
5,0.4,2,5.0,1400,29.68885162243153,0.007821800000101575,0,18,144
5,0.4,2,5.0,600,42.58288273283101,0.007762499999898864,0,18,144
5,0.4,2,5.0,1000,39.26105181037846,0.009238700000196332,0,18,144
5,0.4,2,5.0,1400,39.2301329318469,0.008575300000075003,0,18,144
5,0.4,2,5.0,600,25.776046416062147,0.011895100000174352,0,18,144
5,0.4,2,5.0,1000,25.97712084271521,0.007303599999886501,0,18,144
5,0.4,2,5.0,1400,25.83523314299972,0.00784109999995053,0,18,144
5,0.4,2,5.0,600,24.209162757926148,0.009594800000058967,0,18,144
5,0.4,2,5.0,1000,24.453274333581476,0.010031899999830785,0,18,144
5,0.4,2,5.0,1400,24.314143968707555,0.007250700000213328,0,18,144
5,0.4,2,5.0,600,53.67767634758469,0.007360899999866888,0,18,144
5,0.4,2,5.0,1000,53.69391315250951,0.007689399999890156,0,18,144
5,0.4,2,5.0,1400,53.54025488115226,0.007736199999953897,0,18,144
5,0.4,2,0.1,600,0.015771029387340322,0.007225999999945998,0,18,144
5,0.4,2,0.1,1000,0.008809965005876734,0.008266999999932523,12288,18,144
5,0.4,2,0.1,1400,0.008772913489422659,0.007976099999950748,16384,18,144
5,0.4,2,0.1,600,0.04351106504119008,0.007815000000164218,0,18,144
5,0.4,2,0.1,1000,0.01143669052602517,0.007470699999885255,0,18,144
5,0.4,2,0.1,1400,0.011653172340453433,0.00830509999991591,0,18,144
5,0.4,2,0.1,600,0.003473935870920131,0.00766909999993004,0,18,144
5,0.4,2,0.1,1000,0.004249235150978117,0.008903299999929004,0,18,144
5,0.4,2,0.1,1400,0.003979991096813508,0.00807940000004237,0,18,144
5,0.4,2,0.1,600,0.013480327363938048,0.008271299999933035,0,18,144
5,0.4,2,0.1,1000,0.0056303717329207435,0.008068500000035783,0,18,144
5,0.4,2,0.1,1400,0.002979452657439626,0.007660299999997733,8192,18,144
5,0.4,2,0.1,600,0.009579591169756435,0.007410100000015518,4096,18,144
5,0.4,2,0.1,1000,0.007633075042662661,0.007826799999975265,8192,18,144
5,0.4,2,0.1,1400,0.008563155361315945,0.009182300000020405,0,18,144
5,0.4,2,0.5,600,42.52591335971083,0.011444500000152402,0,18,144
5,0.4,2,0.5,1000,23.398322005552934,0.011278400000037436,0,18,144
5,0.4,2,0.5,1400,23.69887553163282,0.01022130000001198,0,18,144
5,0.4,2,0.5,600,35.96940349154163,0.011261999999987893,0,18,144
5,0.4,2,0.5,1000,31.860562444998983,0.01027709999993931,0,18,144
5,0.4,2,0.5,1400,31.826438530667826,0.008405799999991359,0,18,144
5,0.4,2,0.5,600,32.33484980370442,0.007515600000033373,0,18,144
5,0.4,2,0.5,1000,32.617618159810014,0.008158200000025317,0,18,144
5,0.4,2,0.5,1400,32.427462562648984,0.009300400000029185,12288,18,144
5,0.4,2,0.5,600,18.20085620674579,0.00934159999997064,0,18,144
5,0.4,2,0.5,1000,18.229201055357418,0.012937100000044666,0,18,144
5,0.4,2,0.5,1400,18.142284695801578,0.008840999999847554,0,18,144
5,0.4,2,0.5,600,51.63459327409044,0.010186100000055376,0,18,144
5,0.4,2,0.5,1000,51.680982968152655,0.009807800000089628,0,18,144
5,0.4,2,0.5,1400,51.623146816444475,0.007976999999982581,0,18,144
5,0.4,2,1.0,600,49.64788470438868,0.008289699999977529,0,18,144
5,0.4,2,1.0,1000,42.882027313924894,0.007556100000101651,0,18,144
5,0.4,2,1.0,1400,43.002479304850965,0.007835799999838855,0,18,144
5,0.4,2,1.0,600,35.646529048655026,0.008082199999989825,4096,18,144
5,0.4,2,1.0,1000,24.273919915126143,0.008205299999872295,20480,18,144
5,0.4,2,1.0,1400,24.183630584252498,0.009827800000039133,8192,18,144
5,0.4,2,1.0,600,39.86583825828024,0.007820300000048519,0,18,144
5,0.4,2,1.0,1000,39.94829066345951,0.007245199999942997,0,18,144
5,0.4,2,1.0,1400,39.89386491944834,0.0077157000000624976,0,18,144
5,0.4,2,1.0,600,23.417124243569535,0.00779699999998229,0,18,144
5,0.4,2,1.0,1000,23.808684199123757,0.007638399999905232,0,18,144
5,0.4,2,1.0,1400,23.4777054633987,0.007086500000013984,0,18,144
5,0.4,2,1.0,600,42.31326667718777,0.007912499999974898,0,18,144
5,0.4,2,1.0,1000,42.139602610544735,0.007660299999997733,0,18,144
5,0.4,2,1.0,1400,42.17445045436399,0.007707999999865933,0,18,144
5,0.4,2,5.0,600,35.76015358230133,0.007894099999930404,0,18,144
5,0.4,2,5.0,1000,29.592627999693864,0.008542799999986528,0,18,144
5,0.4,2,5.0,1400,29.68885162243153,0.007458299999825613,0,18,144
5,0.4,2,5.0,600,42.58288273283101,0.008150500000056127,0,18,144
5,0.4,2,5.0,1000,39.26105181037846,0.007855000000063228,0,18,144
5,0.4,2,5.0,1400,39.2301329318469,0.008032500000126674,0,18,144
5,0.4,2,5.0,600,25.776046416062147,0.007557200000064768,0,18,144
5,0.4,2,5.0,1000,25.97712084271521,0.00931359999981396,0,18,144
5,0.4,2,5.0,1400,25.83523314299972,0.0074178999998366635,0,18,144
5,0.4,2,5.0,600,24.209162757926148,0.010185999999976048,0,18,144
5,0.4,2,5.0,1000,24.453274333581476,0.008069900000009511,0,18,144
5,0.4,2,5.0,1400,24.314143968707555,0.007458799999994881,0,18,144
5,0.4,2,5.0,600,53.67767634758469,0.00726440000016737,0,18,144
5,0.4,2,5.0,1000,53.69391315250951,0.0073985999999877095,0,18,144
5,0.4,2,5.0,1400,53.54025488115226,0.007974000000103842,0,18,144
5,0.4,2,0.1,600,0.015771029387340322,0.007718000000068059,0,18,144
5,0.4,2,0.1,1000,0.008809965005876734,0.008292499999924985,0,18,144
5,0.4,2,0.1,1400,0.008772913489422659,0.007517300000017713,0,18,144
5,0.4,2,0.1,600,0.04351106504119008,0.009063599999990402,0,18,144
5,0.4,2,0.1,1000,0.01143669052602517,0.007432399999970585,0,18,144
5,0.4,2,0.1,1400,0.011653172340453433,0.007704699999976583,0,18,144
5,0.4,2,0.1,600,0.003473935870920131,0.007350599999881524,0,18,144
5,0.4,2,0.1,1000,0.004249235150978117,0.010344900000063717,0,18,144
5,0.4,2,0.1,1400,0.003979991096813508,0.009231699999872944,0,18,144
5,0.4,2,0.1,600,0.013480327363938048,0.008263000000169995,0,18,144
5,0.4,2,0.1,1000,0.0056303717329207435,0.007785499999954482,0,18,144
5,0.4,2,0.1,1400,0.002979452657439626,0.007310399999823858,0,18,144
5,0.4,2,0.1,600,0.009579591169756435,0.0072909999998955755,0,18,144
5,0.4,2,0.1,1000,0.007633075042662661,0.008078800000021147,0,18,144
5,0.4,2,0.1,1400,0.008563155361315945,0.00814459999992323,0,18,144
5,0.4,2,0.5,600,42.52591335971083,0.008685799999966548,0,18,144
5,0.4,2,0.5,1000,23.398322005552934,0.00732319999997344,0,18,144
5,0.4,2,0.5,1400,23.69887553163282,0.007484799999929237,0,18,144
5,0.4,2,0.5,600,35.96940349154163,0.008125999999947453,0,18,144
5,0.4,2,0.5,1000,31.860562444998983,0.00850070000001324,4096,18,144
5,0.4,2,0.5,1400,31.826438530667826,0.008005899999943722,0,18,144
5,0.4,2,0.5,600,32.33484980370442,0.00801450000017212,0,18,144
5,0.4,2,0.5,1000,32.617618159810014,0.007309300000088115,0,18,144
5,0.4,2,0.5,1400,32.427462562648984,0.007818699999916134,0,18,144
5,0.4,2,0.5,600,18.20085620674579,0.007578899999998612,0,18,144
5,0.4,2,0.5,1000,18.229201055357418,0.008426999999983309,0,18,144
5,0.4,2,0.5,1400,18.142284695801578,0.007986000000073545,0,18,144
5,0.4,2,0.5,600,51.63459327409044,0.00808910000000651,0,18,144
5,0.4,2,0.5,1000,51.680982968152655,0.007463700000016615,0,18,144
5,0.4,2,0.5,1400,51.623146816444475,0.00761289999991277,0,18,144
5,0.4,2,1.0,600,49.64788470438868,0.010137999999869862,0,18,144
5,0.4,2,1.0,1000,42.882027313924894,0.008585199999970428,0,18,144
5,0.4,2,1.0,1400,43.002479304850965,0.008466100000077859,0,18,144
5,0.4,2,1.0,600,35.646529048655026,0.008490400000027876,0,18,144
5,0.4,2,1.0,1000,24.273919915126143,0.008218499999884443,0,18,144
5,0.4,2,1.0,1400,24.183630584252498,0.008120700000063152,0,18,144
5,0.4,2,1.0,600,39.86583825828024,0.008000199999969482,0,18,144
5,0.4,2,1.0,1000,39.94829066345951,0.007597099999884449,0,18,144
5,0.4,2,1.0,1400,39.89386491944834,0.007757000000083281,0,18,144
5,0.4,2,1.0,600,23.417124243569535,0.007751899999902889,4096,18,144
5,0.4,2,1.0,1000,23.808684199123757,0.007726199999979144,0,18,144
5,0.4,2,1.0,1400,23.4777054633987,0.007854100000031394,0,18,144
5,0.4,2,1.0,600,42.31326667718777,0.0072519000000283995,0,18,144
5,0.4,2,1.0,1000,42.139602610544735,0.007491699999945922,0,18,144
5,0.4,2,1.0,1400,42.17445045436399,0.009096499999941443,0,18,144
5,0.4,2,5.0,600,35.76015358230133,0.007376300000032643,0,18,144
5,0.4,2,5.0,1000,29.592627999693864,0.008098700000118697,0,18,144
5,0.4,2,5.0,1400,29.68885162243153,0.007680700000037177,0,18,144
5,0.4,2,5.0,600,42.58288273283101,0.00802350000003571,0,18,144
5,0.4,2,5.0,1000,39.26105181037846,0.007489900000109628,0,18,144
5,0.4,2,5.0,1400,39.2301329318469,0.008304099999804748,0,18,144
5,0.4,2,5.0,600,25.776046416062147,0.007370099999889135,0,18,144
5,0.4,2,5.0,1000,25.97712084271521,0.008976699999948323,0,18,144
5,0.4,2,5.0,1400,25.83523314299972,0.007927299999892057,0,18,144
5,0.4,2,5.0,600,24.209162757926148,0.008040500000106476,0,18,144
5,0.4,2,5.0,1000,24.453274333581476,0.007055199999967954,0,18,144
5,0.4,2,5.0,1400,24.314143968707555,0.009237600000005841,0,18,144
5,0.4,2,5.0,600,53.67767634758469,0.007339399999864327,0,18,144
5,0.4,2,5.0,1000,53.69391315250951,0.007551899999953093,0,18,144
5,0.4,2,5.0,1400,53.54025488115226,0.01181840000003831,0,18,144
5,0.4,2,0.1,600,0.015771029387340322,0.007362099999909333,0,18,144
5,0.4,2,0.1,1000,0.008809965005876734,0.009385099999917657,0,18,144
5,0.4,2,0.1,1400,0.008772913489422659,0.013232400000106281,0,18,144
5,0.4,2,0.1,600,0.04351106504119008,0.008274699999901713,0,18,144
5,0.4,2,0.1,1000,0.01143669052602517,0.007755099999940285,0,18,144
5,0.4,2,0.1,1400,0.011653172340453433,0.008144499999843902,0,18,144
5,0.4,2,0.1,600,0.003473935870920131,0.007141000000046915,0,18,144
5,0.4,2,0.1,1000,0.004249235150978117,0.007364899999856789,0,18,144
5,0.4,2,0.1,1400,0.003979991096813508,0.009149600000000646,0,18,144
5,0.4,2,0.1,600,0.013480327363938048,0.008711599999969621,0,18,144
5,0.4,2,0.1,1000,0.0056303717329207435,0.0072466999999960535,0,18,144
5,0.4,2,0.1,1400,0.002979452657439626,0.007729800000106479,0,18,144
5,0.4,2,0.1,600,0.009579591169756435,0.007231199999978344,0,18,144
5,0.4,2,0.1,1000,0.007633075042662661,0.007928399999855174,0,18,144
5,0.4,2,0.1,1400,0.008563155361315945,0.008379399999967063,0,18,144
5,0.4,2,0.5,600,42.52591335971083,0.008236300000135088,0,18,144
5,0.4,2,0.5,1000,23.398322005552934,0.007956100000001243,0,18,144
5,0.4,2,0.5,1400,23.69887553163282,0.007270699999935459,0,18,144
5,0.4,2,0.5,600,35.96940349154163,0.00784679999992477,0,18,144
5,0.4,2,0.5,1000,31.860562444998983,0.007910400000127993,0,18,144
5,0.4,2,0.5,1400,31.826438530667826,0.008265899999969406,0,18,144
5,0.4,2,0.5,600,32.33484980370442,0.008008600000039223,0,18,144
5,0.4,2,0.5,1000,32.617618159810014,0.008297699999957331,0,18,144
5,0.4,2,0.5,1400,32.427462562648984,0.007282200000190642,0,18,144
5,0.4,2,0.5,600,18.20085620674579,0.007178599999861035,0,18,144
5,0.4,2,0.5,1000,18.229201055357418,0.008121800000026269,4096,18,144
5,0.4,2,0.5,1400,18.142284695801578,0.009681199999931778,0,18,144
5,0.4,2,0.5,600,51.63459327409044,0.0078080999999201595,0,18,144
5,0.4,2,0.5,1000,51.680982968152655,0.007624999999961801,0,18,144
5,0.4,2,0.5,1400,51.623146816444475,0.0071845999998458865,0,18,144
5,0.4,2,1.0,600,49.64788470438868,0.008890500000006796,0,18,144
5,0.4,2,1.0,1000,42.882027313924894,0.007583699999941018,0,18,144
5,0.4,2,1.0,1400,43.002479304850965,0.007482899999786241,0,18,144
5,0.4,2,1.0,600,35.646529048655026,0.0075669999998808635,0,18,144
5,0.4,2,1.0,1000,24.273919915126143,0.00834250000002612,0,18,144
5,0.4,2,1.0,1400,24.183630584252498,0.008106900000029782,4096,18,144
5,0.4,2,1.0,600,39.86583825828024,0.008053000000018073,0,18,144
5,0.4,2,1.0,1000,39.94829066345951,0.007241500000191081,0,18,144
5,0.4,2,1.0,1400,39.89386491944834,0.007781300000033298,0,18,144
5,0.4,2,1.0,600,23.417124243569535,0.008096699999896373,0,18,144
5,0.4,2,1.0,1000,23.808684199123757,0.007954899999958798,0,18,144
5,0.4,2,1.0,1400,23.4777054633987,0.00798369999984061,0,18,144
5,0.4,2,1.0,600,42.31326667718777,0.007963400000107868,0,18,144
5,0.4,2,1.0,1000,42.139602610544735,0.009040599999934784,0,18,144
5,0.4,2,1.0,1400,42.17445045436399,0.007197500000074797,0,18,144
5,0.4,2,5.0,600,35.76015358230133,0.007961300000033589,4096,18,144
5,0.4,2,5.0,1000,29.592627999693864,0.008815500000082466,20480,18,144
5,0.4,2,5.0,1400,29.68885162243153,0.008651099999951839,8192,18,144
5,0.4,2,5.0,600,42.58288273283101,0.007493699999940873,0,18,144
5,0.4,2,5.0,1000,39.26105181037846,0.008161799999925279,0,18,144
5,0.4,2,5.0,1400,39.2301329318469,0.008996699999897828,0,18,144
5,0.4,2,5.0,600,25.776046416062147,0.007558400000107213,0,18,144
5,0.4,2,5.0,1000,25.97712084271521,0.008806800000002113,0,18,144
5,0.4,2,5.0,1400,25.83523314299972,0.0073813999999856605,0,18,144
5,0.4,2,5.0,600,24.209162757926148,0.007171800000151052,0,18,144
5,0.4,2,5.0,1000,24.453274333581476,0.008195599999908154,0,18,144
5,0.4,2,5.0,1400,24.314143968707555,0.007628800000020419,0,18,144
5,0.4,2,5.0,600,53.67767634758469,0.007714999999961947,0,18,144
5,0.4,2,5.0,1000,53.69391315250951,0.00870430000009037,0,18,144
5,0.4,2,5.0,1400,53.54025488115226,0.00780310000004647,-49152,18,144
5,0.4,2,0.1,600,0.015771029387340322,0.00858080000011796,0,18,144
5,0.4,2,0.1,1000,0.008809965005876734,0.007312499999898137,0,18,144
5,0.4,2,0.1,1400,0.008772913489422659,0.0074669999999059655,0,18,144
5,0.4,2,0.1,600,0.04351106504119008,0.010133700000096724,0,18,144
5,0.4,2,0.1,1000,0.01143669052602517,0.007882400000198686,0,18,144
5,0.4,2,0.1,1400,0.011653172340453433,0.008098999999901935,0,18,144
5,0.4,2,0.1,600,0.003473935870920131,0.00822070000003805,0,18,144
5,0.4,2,0.1,1000,0.004249235150978117,0.007443499999908454,0,18,144
5,0.4,2,0.1,1400,0.003979991096813508,0.0073763999998845975,0,18,144
5,0.4,2,0.1,600,0.013480327363938048,0.00748410000005606,0,18,144
5,0.4,2,0.1,1000,0.0056303717329207435,0.007536500000014712,0,18,144
5,0.4,2,0.1,1400,0.002979452657439626,0.00747799999999188,0,18,144
5,0.4,2,0.1,600,0.009579591169756435,0.008246200000030512,0,18,144
5,0.4,2,0.1,1000,0.007633075042662661,0.007423100000096383,0,18,144
5,0.4,2,0.1,1400,0.008563155361315945,0.007567500000050131,0,18,144
5,0.4,2,0.5,600,42.52591335971083,0.0073519000000032975,0,18,144
5,0.4,2,0.5,1000,23.398322005552934,0.007756800000151998,0,18,144
5,0.4,2,0.5,1400,23.69887553163282,0.008262100000138162,0,18,144
5,0.4,2,0.5,600,35.96940349154163,0.008303600000090228,0,18,144
5,0.4,2,0.5,1000,31.860562444998983,0.008344500000021071,4096,18,144
5,0.4,2,0.5,1400,31.826438530667826,0.00835970000002817,0,18,144
5,0.4,2,0.5,600,32.33484980370442,0.007228100000020277,0,18,144
5,0.4,2,0.5,1000,32.617618159810014,0.007487600000104067,0,18,144
5,0.4,2,0.5,1400,32.427462562648984,0.008471800000052099,0,18,144
5,0.4,2,0.5,600,18.20085620674579,0.009809599999925922,0,18,144
5,0.4,2,0.5,1000,18.229201055357418,0.009081800000103613,0,18,144
5,0.4,2,0.5,1400,18.142284695801578,0.007569300000113799,0,18,144
5,0.4,2,0.5,600,51.63459327409044,0.007838200000151119,0,18,144
5,0.4,2,0.5,1000,51.680982968152655,0.0071484999998574494,0,18,144
5,0.4,2,0.5,1400,51.623146816444475,0.007863799999995535,0,18,144
5,0.4,2,1.0,600,49.64788470438868,0.00718460000007326,0,18,144
5,0.4,2,1.0,1000,42.882027313924894,0.008585100000118473,0,18,144
5,0.4,2,1.0,1400,43.002479304850965,0.008150999999998021,0,18,144
5,0.4,2,1.0,600,35.646529048655026,0.008246599999893078,0,18,144
5,0.4,2,1.0,1000,24.273919915126143,0.00795590000006996,0,18,144
5,0.4,2,1.0,1400,24.183630584252498,0.007594800000106261,0,18,144
5,0.4,2,1.0,600,39.86583825828024,0.007208600000012666,0,18,144
5,0.4,2,1.0,1000,39.94829066345951,0.007649399999991147,0,18,144
5,0.4,2,1.0,1400,39.89386491944834,0.008154100000183462,0,18,144
5,0.4,2,1.0,600,23.417124243569535,0.00830139999993662,4096,18,144
5,0.4,2,1.0,1000,23.808684199123757,0.009711200000083409,0,18,144
5,0.4,2,1.0,1400,23.4777054633987,0.007298499999933483,0,18,144
5,0.4,2,1.0,600,42.31326667718777,0.007567300000118848,0,18,144
5,0.4,2,1.0,1000,42.139602610544735,0.007646499999964362,0,18,144
5,0.4,2,1.0,1400,42.17445045436399,0.00787850000006074,0,18,144
5,0.4,2,5.0,600,35.76015358230133,0.007863199999974313,0,18,144
5,0.4,2,5.0,1000,29.592627999693864,0.008256500000015876,0,18,144
5,0.4,2,5.0,1400,29.68885162243153,0.008220599999958722,0,18,144
5,0.4,2,5.0,600,42.58288273283101,0.008180900000070324,0,18,144
5,0.4,2,5.0,1000,39.26105181037846,0.008267700000033074,0,18,144
5,0.4,2,5.0,1400,39.2301329318469,0.008233199999949647,4096,18,144
5,0.4,2,5.0,600,25.776046416062147,0.007953199999974458,0,18,144
5,0.4,2,5.0,1000,25.97712084271521,0.007457100000010541,0,18,144
5,0.4,2,5.0,1400,25.83523314299972,0.00804270000003271,0,18,144
5,0.4,2,5.0,600,24.209162757926148,0.00962800000002062,0,18,144
5,0.4,2,5.0,1000,24.453274333581476,0.00828470000010384,0,18,144
5,0.4,2,5.0,1400,24.314143968707555,0.007803400000057081,0,18,144
5,0.4,2,5.0,600,53.67767634758469,0.007650399999874935,0,18,144
5,0.4,2,5.0,1000,53.69391315250951,0.007585899999867252,0,18,144
5,0.4,2,5.0,1400,53.54025488115226,0.010018100000024788,0,18,144
5,0.4,4,0.1,600,0.0014680923923633287,0.008484800000132964,0,18,144
5,0.4,4,0.1,1000,0.0008005356252498046,0.00804599999992206,0,18,144
5,0.4,4,0.1,1400,0.0005145762295350303,0.007677800000010393,0,18,144
5,0.4,4,0.1,600,0.0014892353530841548,0.0074154000001271925,0,18,144
5,0.4,4,0.1,1000,0.00040783578303473195,0.008299199999783013,0,18,144
5,0.4,4,0.1,1400,-0.0002458206903455097,0.007544699999925797,0,18,144
5,0.4,4,0.1,600,0.13186662917996508,0.00793799999996736,0,18,144
5,0.4,4,0.1,1000,0.012208952976087116,0.007680200000095283,0,18,144
5,0.4,4,0.1,1400,0.010253962682145843,0.007788200000049983,0,18,144
5,0.4,4,0.1,600,0.04559170347423518,0.007554600000048595,0,18,144
5,0.4,4,0.1,1000,0.011958953484978906,0.007519199999933335,0,18,144
5,0.4,4,0.1,1400,0.010483401620029285,0.007842299999992974,0,18,144
5,0.4,4,0.1,600,0.03748818081822095,0.00791590000017095,0,18,144
5,0.4,4,0.1,1000,0.006230303474174828,0.007829800000081377,0,18,144
5,0.4,4,0.1,1400,0.00030427246164677177,0.007474699999875156,0,18,144
5,0.4,4,0.5,600,48.5517201411998,0.009637699999984761,0,18,144
5,0.4,4,0.5,1000,48.61351578161593,0.009956099999953949,0,18,144
5,0.4,4,0.5,1400,48.65435223015294,0.01008559999991121,0,18,144
5,0.4,4,0.5,600,34.73393598121816,0.0073893999999654625,0,18,144
5,0.4,4,0.5,1000,34.85612549990383,0.008447499999874708,0,18,144
5,0.4,4,0.5,1400,34.89644796829667,0.007585600000084014,0,18,144
5,0.4,4,0.5,600,15.824513036241447,0.007225699999935387,0,18,144
5,0.4,4,0.5,1000,9.134803976556526,0.008553000000119937,0,18,144
5,0.4,4,0.5,1400,9.102667291870704,0.007899400000042078,0,18,144
5,0.4,4,0.5,600,51.3041900544122,0.008327700000108962,0,18,144
5,0.4,4,0.5,1000,35.33700375354749,0.007655699999986609,0,18,144
5,0.4,4,0.5,1400,35.430356763682944,0.008287499999823922,0,18,144
5,0.4,4,0.5,600,32.26382246315551,0.007672299999967436,0,18,144
5,0.4,4,0.5,1000,30.346689185747685,0.011156900000059977,0,18,144
5,0.4,4,0.5,1400,29.461087255388325,0.008521999999857144,0,18,144
5,0.4,4,1.0,600,50.338981982887624,0.0075489000000743545,0,18,144
5,0.4,4,1.0,1000,50.56487336614273,0.00959259999990536,0,18,144
5,0.4,4,1.0,1400,50.713733818700156,0.009032800000113639,0,18,144
5,0.4,4,1.0,600,25.886046872686396,0.008123300000079325,0,18,144
5,0.4,4,1.0,1000,26.38184474288268,0.008145199999944452,0,18,144
5,0.4,4,1.0,1400,26.593124311093618,0.007347400000071502,0,18,144
5,0.4,4,1.0,600,14.96995045620038,0.008082200000217199,4096,18,144
5,0.4,4,1.0,1000,12.456086670305288,0.007588599999962753,0,18,144
5,0.4,4,1.0,1400,12.437724933321178,0.008300700000063443,0,18,144
5,0.4,4,1.0,600,40.28907933939942,0.00748410000005606,0,18,144
5,0.4,4,1.0,1000,34.55318561401835,0.008417600000029779,0,18,144
5,0.4,4,1.0,1400,34.27041482777821,0.00746989999993275,0,18,144
5,0.4,4,1.0,600,32.02295536972631,0.00845589999994445,0,18,144
5,0.4,4,1.0,1000,48.48006687641051,0.007602499999848078,0,18,144
5,0.4,4,1.0,1400,47.92664123191506,0.007780700000012075,0,18,144
5,0.4,4,5.0,600,43.12992760744484,0.008071499999914522,0,18,144
5,0.4,4,5.0,1000,43.27654817074683,0.00866400000018075,0,18,144
5,0.4,4,5.0,1400,43.3731685929524,0.008269500000096741,0,18,144
5,0.4,4,5.0,600,34.88708107396078,0.008272500000202854,0,18,144
5,0.4,4,5.0,1000,35.115283733053055,0.008180199999969773,0,18,144
5,0.4,4,5.0,1400,35.21726141436244,0.0073298999998314684,0,18,144
5,0.4,4,5.0,600,37.99243171294005,0.0076938999998219515,0,18,144
5,0.4,4,5.0,1000,34.38108267015768,0.007258399999955145,0,18,144
5,0.4,4,5.0,1400,34.435637621324986,0.008234399999992092,0,18,144
5,0.4,4,5.0,600,20.525025478885254,0.007963000000017928,0,18,144
5,0.4,4,5.0,1000,17.56837876306498,0.00827579999986483,0,18,144
5,0.4,4,5.0,1400,17.333910045565215,0.008174499999995533,0,18,144
5,0.4,4,5.0,600,34.44476121887961,0.008138500000086424,0,18,144
5,0.4,4,5.0,1000,36.65597307711318,0.007733500000085769,16384,18,144
5,0.4,4,5.0,1400,31.78046623607333,0.00919290000001638,12288,18,144
5,0.4,4,0.1,600,0.0014680923923633287,0.007647200000064913,0,18,144
5,0.4,4,0.1,1000,0.0008005356252498046,0.008077800000137358,0,18,144
5,0.4,4,0.1,1400,0.0005145762295350303,0.00795479999987947,0,18,144
5,0.4,4,0.1,600,0.0014892353530841548,0.008247100000062346,0,18,144
5,0.4,4,0.1,1000,0.00040783578303473195,0.0073867999999492895,0,18,144
5,0.4,4,0.1,1400,-0.0002458206903455097,0.007832499999949505,0,18,144
5,0.4,4,0.1,600,0.13186662917996508,0.00736189999997805,0,18,144
5,0.4,4,0.1,1000,0.012208952976087116,0.007838300000003073,0,18,144
5,0.4,4,0.1,1400,0.010253962682145843,0.007382199999938166,0,18,144
5,0.4,4,0.1,600,0.04559170347423518,0.00728890000004867,0,18,144
5,0.4,4,0.1,1000,0.011958953484978906,0.10109880000004523,0,18,144
5,0.4,4,0.1,1400,0.010483401620029285,0.007795600000008562,0,18,144
5,0.4,4,0.1,600,0.03748818081822095,0.008347599999979138,0,18,144
5,0.4,4,0.1,1000,0.006230303474174828,0.007697100000086721,0,18,144
5,0.4,4,0.1,1400,0.00030427246164677177,0.007770800000116651,0,18,144
5,0.4,4,0.5,600,48.5517201411998,0.0077796000000489585,0,18,144
5,0.4,4,0.5,1000,48.61351578161593,0.008106100000077276,0,18,144
5,0.4,4,0.5,1400,48.65435223015294,0.00788790000001427,0,18,144
5,0.4,4,0.5,600,34.73393598121816,0.008688000000120155,0,18,144
5,0.4,4,0.5,1000,34.85612549990383,0.007269799999903626,0,18,144
5,0.4,4,0.5,1400,34.89644796829667,0.007531499999913649,0,18,144
5,0.4,4,0.5,600,15.824513036241447,0.007222799999908602,0,18,144
5,0.4,4,0.5,1000,9.134803976556526,0.009265400000003865,0,18,144
5,0.4,4,0.5,1400,9.102667291870704,0.00937219999991612,0,18,144
5,0.4,4,0.5,600,51.3041900544122,0.00905149999994137,0,18,144
5,0.4,4,0.5,1000,35.33700375354749,0.007588899999973364,0,18,144
5,0.4,4,0.5,1400,35.430356763682944,0.007728399999905378,0,18,144
5,0.4,4,0.5,600,32.26382246315551,0.0077757999999903404,0,18,144
5,0.4,4,0.5,1000,30.346689185747685,0.008693300000004456,0,18,144
5,0.4,4,0.5,1400,29.461087255388325,0.007408200000099896,0,18,144
5,0.4,4,1.0,600,50.338981982887624,0.00802020000014636,0,18,144
5,0.4,4,1.0,1000,50.56487336614273,0.008884399999942616,0,18,144
5,0.4,4,1.0,1400,50.713733818700156,0.008153799999945477,0,18,144
5,0.4,4,1.0,600,25.886046872686396,0.008511400000088543,0,18,144
5,0.4,4,1.0,1000,26.38184474288268,0.007404899999983172,0,18,144
5,0.4,4,1.0,1400,26.593124311093618,0.007455000000163636,0,18,144
5,0.4,4,1.0,600,14.96995045620038,0.007327300000042669,0,18,144
5,0.4,4,1.0,1000,12.456086670305288,0.00836869999989176,0,18,144
5,0.4,4,1.0,1400,12.437724933321178,0.00852390000000014,0,18,144
5,0.4,4,1.0,600,40.28907933939942,0.007359199999882549,0,18,144
5,0.4,4,1.0,1000,34.55318561401835,0.008109499999818581,0,18,144
5,0.4,4,1.0,1400,34.27041482777821,0.008931099999927028,0,18,144
5,0.4,4,1.0,600,32.02295536972631,0.008024999999861393,0,18,144
5,0.4,4,1.0,1000,48.48006687641051,0.00814330000002883,0,18,144
5,0.4,4,1.0,1400,47.92664123191506,0.00797229999989213,0,18,144
5,0.4,4,5.0,600,43.12992760744484,0.0075134999999590946,0,18,144
5,0.4,4,5.0,1000,43.27654817074683,0.00823990000003505,0,18,144
5,0.4,4,5.0,1400,43.3731685929524,0.00841060000016114,0,18,144
5,0.4,4,5.0,600,34.88708107396078,0.010616999999911059,0,18,144
5,0.4,4,5.0,1000,35.115283733053055,0.014218000000028042,0,18,144
5,0.4,4,5.0,1400,35.21726141436244,0.012885600000117847,0,18,144
5,0.4,4,5.0,600,37.99243171294005,0.007965600000034101,0,18,144
5,0.4,4,5.0,1000,34.38108267015768,0.007130299999971612,0,18,144
5,0.4,4,5.0,1400,34.435637621324986,0.009984499999973195,0,18,144
5,0.4,4,5.0,600,20.525025478885254,0.007820900000069742,0,18,144
5,0.4,4,5.0,1000,17.56837876306498,0.010318699999970704,0,18,144
5,0.4,4,5.0,1400,17.333910045565215,0.011171999999987747,0,18,144
5,0.4,4,5.0,600,34.44476121887961,0.008617899999990186,0,18,144
5,0.4,4,5.0,1000,36.65597307711318,0.00919900000008056,0,18,144
5,0.4,4,5.0,1400,31.78046623607333,0.008519199999909688,0,18,144
5,0.4,4,0.1,600,0.0014680923923633287,0.010319100000060644,0,18,144
5,0.4,4,0.1,1000,0.0008005356252498046,0.008213600000090082,0,18,144
5,0.4,4,0.1,1400,0.0005145762295350303,0.007669699999951263,0,18,144
5,0.4,4,0.1,600,0.0014892353530841548,0.007750299999997878,0,18,144
5,0.4,4,0.1,1000,0.00040783578303473195,0.007682100000010905,0,18,144
5,0.4,4,0.1,1400,-0.0002458206903455097,0.008318800000097326,0,18,144
5,0.4,4,0.1,600,0.13186662917996508,0.007567399999970803,0,18,144
5,0.4,4,0.1,1000,0.012208952976087116,0.007265200000119876,0,18,144
5,0.4,4,0.1,1400,0.010253962682145843,0.007567699999981414,0,18,144
5,0.4,4,0.1,600,0.04559170347423518,0.007296699999869816,0,18,144
5,0.4,4,0.1,1000,0.011958953484978906,0.007732799999985218,0,18,144
5,0.4,4,0.1,1400,0.010483401620029285,0.00782389999994848,0,18,144
5,0.4,4,0.1,600,0.03748818081822095,0.008130700000037905,0,18,144
5,0.4,4,0.1,1000,0.006230303474174828,0.007383699999991222,0,18,144
5,0.4,4,0.1,1400,0.00030427246164677177,0.007887700000082987,0,18,144
5,0.4,4,0.5,600,48.5517201411998,0.007558900000049107,0,18,144
5,0.4,4,0.5,1000,48.61351578161593,0.00824430000011489,0,18,144
5,0.4,4,0.5,1400,48.65435223015294,0.008829700000205776,0,18,144
5,0.4,4,0.5,600,34.73393598121816,0.007607300000017858,0,18,144
5,0.4,4,0.5,1000,34.85612549990383,0.0074162999999316526,0,18,144
5,0.4,4,0.5,1400,34.89644796829667,0.007386300000007395,0,18,144
5,0.4,4,0.5,600,15.824513036241447,0.007213999999976295,0,18,144
5,0.4,4,0.5,1000,9.134803976556526,0.00775300000009338,0,18,144
5,0.4,4,0.5,1400,9.102667291870704,0.007642400000122507,0,18,144
5,0.4,4,0.5,600,51.3041900544122,0.010947299999997995,0,18,144
5,0.4,4,0.5,1000,35.33700375354749,0.007682800000111456,0,18,144
5,0.4,4,0.5,1400,35.430356763682944,0.007221500000014203,0,18,144
5,0.4,4,0.5,600,32.26382246315551,0.007515100000091479,0,18,144
5,0.4,4,0.5,1000,30.346689185747685,0.008543700000018362,0,18,144
5,0.4,4,0.5,1400,29.461087255388325,0.007832900000039444,0,18,144
5,0.4,4,1.0,600,50.338981982887624,0.008051799999975628,0,18,144
5,0.4,4,1.0,1000,50.56487336614273,0.008443400000032852,0,18,144
5,0.4,4,1.0,1400,50.713733818700156,0.00822969999990164,0,18,144
5,0.4,4,1.0,600,25.886046872686396,0.007863399999905596,0,18,144
5,0.4,4,1.0,1000,26.38184474288268,0.007248799999842959,0,18,144
5,0.4,4,1.0,1400,26.593124311093618,0.007473300000128802,0,18,144
5,0.4,4,1.0,600,14.96995045620038,0.007610400000203299,0,18,144
5,0.4,4,1.0,1000,12.456086670305288,0.00785079999991467,0,18,144
5,0.4,4,1.0,1400,12.437724933321178,0.007790600000134873,0,18,144
5,0.4,4,1.0,600,40.28907933939942,0.008456999999907566,0,18,144
5,0.4,4,1.0,1000,34.55318561401835,0.007560699999885401,0,18,144
5,0.4,4,1.0,1400,34.27041482777821,0.007534299999861105,0,18,144
5,0.4,4,1.0,600,32.02295536972631,0.007793200000151046,0,18,144
5,0.4,4,1.0,1000,48.48006687641051,0.008037500000000364,0,18,144
5,0.4,4,1.0,1400,47.92664123191506,0.007495300000073257,0,18,144
5,0.4,4,5.0,600,43.12992760744484,0.00952289999986533,0,18,144
5,0.4,4,5.0,1000,43.27654817074683,0.008078199999999924,0,18,144
5,0.4,4,5.0,1400,43.3731685929524,0.007787000000007538,0,18,144
5,0.4,4,5.0,600,34.88708107396078,0.007170700000187935,0,18,144
5,0.4,4,5.0,1000,35.115283733053055,0.008618200000000797,0,18,144
5,0.4,4,5.0,1400,35.21726141436244,0.008472600000004604,0,18,144
5,0.4,4,5.0,600,37.99243171294005,0.007800500000030297,0,18,144
5,0.4,4,5.0,1000,34.38108267015768,0.007270500000004176,0,18,144
5,0.4,4,5.0,1400,34.435637621324986,0.007593100000121922,0,18,144
5,0.4,4,5.0,600,20.525025478885254,0.00969859999986511,0,18,144
5,0.4,4,5.0,1000,17.56837876306498,0.007514399999990928,0,18,144
5,0.4,4,5.0,1400,17.333910045565215,0.007808500000010099,0,18,144
5,0.4,4,5.0,600,34.44476121887961,0.008203300000104718,0,18,144
5,0.4,4,5.0,1000,36.65597307711318,0.007532300000093528,0,18,144
5,0.4,4,5.0,1400,31.78046623607333,0.007230799999888404,0,18,144
5,0.4,4,0.1,600,0.0014680923923633287,0.007465400000000955,0,18,144
5,0.4,4,0.1,1000,0.0008005356252498046,0.008121099999925718,0,18,144
5,0.4,4,0.1,1400,0.0005145762295350303,0.00888840000015989,0,18,144
5,0.4,4,0.1,600,0.0014892353530841548,0.009840400000030058,0,18,144
5,0.4,4,0.1,1000,0.00040783578303473195,0.0077469000000292,0,18,144
5,0.4,4,0.1,1400,-0.0002458206903455097,0.007589400000142632,0,18,144
5,0.4,4,0.1,600,0.13186662917996508,0.007491300000083356,0,18,144
5,0.4,4,0.1,1000,0.012208952976087116,0.007390599999780534,0,18,144
5,0.4,4,0.1,1400,0.010253962682145843,0.008126899999979287,0,18,144
5,0.4,4,0.1,600,0.04559170347423518,0.009001599999919563,0,18,144
5,0.4,4,0.1,1000,0.011958953484978906,0.0077082999998765445,0,18,144
5,0.4,4,0.1,1400,0.010483401620029285,0.008846799999901123,0,18,144
5,0.4,4,0.1,600,0.03748818081822095,0.007558199999948556,0,18,144
5,0.4,4,0.1,1000,0.006230303474174828,0.008860899999945104,0,18,144
5,0.4,4,0.1,1400,0.00030427246164677177,0.008412700000008044,0,18,144
5,0.4,4,0.5,600,48.5517201411998,0.00826879999999619,0,18,144
5,0.4,4,0.5,1000,48.61351578161593,0.008622800000011921,0,18,144
5,0.4,4,0.5,1400,48.65435223015294,0.008180599999832339,0,18,144
5,0.4,4,0.5,600,34.73393598121816,0.009426700000176425,0,18,144
5,0.4,4,0.5,1000,34.85612549990383,0.0073282999999264575,0,18,144
5,0.4,4,0.5,1400,34.89644796829667,0.007606800000075964,0,18,144
5,0.4,4,0.5,600,15.824513036241447,0.0074166000001696375,4096,18,144
5,0.4,4,0.5,1000,9.134803976556526,0.008977500000128202,4096,18,144
5,0.4,4,0.5,1400,9.102667291870704,0.007525399999849469,0,18,144
5,0.4,4,0.5,600,51.3041900544122,0.008343700000068566,0,18,144
5,0.4,4,0.5,1000,35.33700375354749,0.007586700000047131,0,18,144
5,0.4,4,0.5,1400,35.430356763682944,0.007797099999834245,0,18,144
5,0.4,4,0.5,600,32.26382246315551,0.0075812000000041735,0,18,144
5,0.4,4,0.5,1000,30.346689185747685,0.008962399999973059,0,18,144
5,0.4,4,0.5,1400,29.461087255388325,0.00794610000002649,0,18,144
5,0.4,4,1.0,600,50.338981982887624,0.013181499999973312,0,18,144
5,0.4,4,1.0,1000,50.56487336614273,0.014154199999893535,0,18,144
5,0.4,4,1.0,1400,50.713733818700156,0.011699200000066412,0,18,144
5,0.4,4,1.0,600,25.886046872686396,0.007249500000170883,0,18,144
5,0.4,4,1.0,1000,26.38184474288268,0.007949300000063886,0,18,144
5,0.4,4,1.0,1400,26.593124311093618,0.008028199999898789,0,18,144
5,0.4,4,1.0,600,14.96995045620038,0.008055700000113575,0,18,144
5,0.4,4,1.0,1000,12.456086670305288,0.007204300000012154,0,18,144
5,0.4,4,1.0,1400,12.437724933321178,0.007695499999954336,0,18,144
5,0.4,4,1.0,600,40.28907933939942,0.007464699999900404,0,18,144
5,0.4,4,1.0,1000,34.55318561401835,0.007698199999822464,0,18,144
5,0.4,4,1.0,1400,34.27041482777821,0.008111500000040905,0,18,144
5,0.4,4,1.0,600,32.02295536972631,0.00945000000001528,0,18,144
5,0.4,4,1.0,1000,48.48006687641051,0.007370399999899746,0,18,144
5,0.4,4,1.0,1400,47.92664123191506,0.007950300000175048,0,18,144
5,0.4,4,5.0,600,43.12992760744484,0.007478399999854446,0,18,144
5,0.4,4,5.0,1000,43.27654817074683,0.008068599999887738,0,18,144
5,0.4,4,5.0,1400,43.3731685929524,0.008046100000001388,0,18,144
5,0.4,4,5.0,600,34.88708107396078,0.007905600000185586,0,18,144
5,0.4,4,5.0,1000,35.115283733053055,0.008311599999842656,0,18,144
5,0.4,4,5.0,1400,35.21726141436244,0.0076473000001442415,0,18,144
5,0.4,4,5.0,600,37.99243171294005,0.007953100000122504,0,18,144
5,0.4,4,5.0,1000,34.38108267015768,0.0074529000000893575,0,18,144
5,0.4,4,5.0,1400,34.435637621324986,0.007575099999939994,0,18,144
5,0.4,4,5.0,600,20.525025478885254,0.007354800000030082,0,18,144
5,0.4,4,5.0,1000,17.56837876306498,0.00807370000006813,0,18,144
5,0.4,4,5.0,1400,17.333910045565215,0.0075695999998970365,0,18,144
5,0.4,4,5.0,600,34.44476121887961,0.008111700000199562,0,18,144
5,0.4,4,5.0,1000,36.65597307711318,0.007267499999898064,0,18,144
5,0.4,4,5.0,1400,31.78046623607333,0.007917299999917304,0,18,144
5,0.4,4,0.1,600,0.0014680923923633287,0.007996999999932086,0,18,144
5,0.4,4,0.1,1000,0.0008005356252498046,0.008213300000079471,0,18,144
5,0.4,4,0.1,1400,0.0005145762295350303,0.007927500000050713,0,18,144
5,0.4,4,0.1,600,0.0014892353530841548,0.007500900000195543,0,18,144
5,0.4,4,0.1,1000,0.00040783578303473195,0.007695699999885619,0,18,144
5,0.4,4,0.1,1400,-0.0002458206903455097,0.0076621000000614,0,18,144
5,0.4,4,0.1,600,0.13186662917996508,0.007629499999893596,0,18,144
5,0.4,4,0.1,1000,0.012208952976087116,0.0075254999999287975,0,18,144
5,0.4,4,0.1,1400,0.010253962682145843,0.0075878000000102475,0,18,144
5,0.4,4,0.1,600,0.04559170347423518,0.0073671999998623505,0,18,144
5,0.4,4,0.1,1000,0.011958953484978906,0.011637299999847528,0,18,144
5,0.4,4,0.1,1400,0.010483401620029285,0.010495799999944211,0,18,144
5,0.4,4,0.1,600,0.03748818081822095,0.007834300000013172,0,18,144
5,0.4,4,0.1,1000,0.006230303474174828,0.0075850000000627915,0,18,144
5,0.4,4,0.1,1400,0.00030427246164677177,0.0075357000000622065,0,18,144
5,0.4,4,0.5,600,48.5517201411998,0.010470700000041688,0,18,144
5,0.4,4,0.5,1000,48.61351578161593,0.007788399999981266,0,18,144
5,0.4,4,0.5,1400,48.65435223015294,0.008191699999997581,0,18,144
5,0.4,4,0.5,600,34.73393598121816,0.007167400000071211,0,18,144
5,0.4,4,0.5,1000,34.85612549990383,0.007548799999995026,0,18,144
5,0.4,4,0.5,1400,34.89644796829667,0.00768219999986286,0,18,144
5,0.4,4,0.5,600,15.824513036241447,0.007431600000018079,0,18,144
5,0.4,4,0.5,1000,9.134803976556526,0.007134299999961513,0,18,144
5,0.4,4,0.5,1400,9.102667291870704,0.0073683999999047955,0,18,144
5,0.4,4,0.5,600,51.3041900544122,0.00939339999990807,0,18,144
5,0.4,4,0.5,1000,35.33700375354749,0.007960099999991144,0,18,144
5,0.4,4,0.5,1400,35.430356763682944,0.007323000000042157,0,18,144
5,0.4,4,0.5,600,32.26382246315551,0.007771299999831172,0,18,144
5,0.4,4,0.5,1000,30.346689185747685,0.007594700000026933,0,18,144
5,0.4,4,0.5,1400,29.461087255388325,0.0075787999999192834,0,18,144
5,0.4,4,1.0,600,50.338981982887624,0.007632699999930992,0,18,144
5,0.4,4,1.0,1000,50.56487336614273,0.008024700000078155,0,18,144
5,0.4,4,1.0,1400,50.713733818700156,0.007811599999968166,0,18,144
5,0.4,4,1.0,600,25.886046872686396,0.008000799999990704,0,18,144
5,0.4,4,1.0,1000,26.38184474288268,0.007419199999958437,0,18,144
5,0.4,4,1.0,1400,26.593124311093618,0.007870500000080938,0,18,144
5,0.4,4,1.0,600,14.96995045620038,0.007537400000046546,0,18,144
5,0.4,4,1.0,1000,12.456086670305288,0.007485899999892354,0,18,144
5,0.4,4,1.0,1400,12.437724933321178,0.007407900000089285,0,18,144
5,0.4,4,1.0,600,40.28907933939942,0.012315199999875404,0,18,144
5,0.4,4,1.0,1000,34.55318561401835,0.0074954000001525856,0,18,144
5,0.4,4,1.0,1400,34.27041482777821,0.007116300000006959,0,18,144
5,0.4,4,1.0,600,32.02295536972631,0.008983299999954397,0,18,144
5,0.4,4,1.0,1000,48.48006687641051,0.008507199999939985,0,18,144
5,0.4,4,1.0,1400,47.92664123191506,0.008173800000122355,0,18,144
5,0.4,4,5.0,600,43.12992760744484,0.007496199999877717,0,18,144
5,0.4,4,5.0,1000,43.27654817074683,0.008143799999970724,0,18,144
5,0.4,4,5.0,1400,43.3731685929524,0.008600999999998749,0,18,144
5,0.4,4,5.0,600,34.88708107396078,0.007527999999865642,4096,18,144
5,0.4,4,5.0,1000,35.115283733053055,0.0075605999998060724,0,18,144
5,0.4,4,5.0,1400,35.21726141436244,0.007943900000100257,0,18,144
5,0.4,4,5.0,600,37.99243171294005,0.008217699999931938,0,18,144
5,0.4,4,5.0,1000,34.38108267015768,0.007426500000065062,0,18,144
5,0.4,4,5.0,1400,34.435637621324986,0.009241599999995742,0,18,144
5,0.4,4,5.0,600,20.525025478885254,0.007341600000017934,0,18,144
5,0.4,4,5.0,1000,17.56837876306498,0.008014900000034686,0,18,144
5,0.4,4,5.0,1400,17.333910045565215,0.007873400000107722,0,18,144
5,0.4,4,5.0,600,34.44476121887961,0.008388099999820042,0,18,144
5,0.4,4,5.0,1000,36.65597307711318,0.007410700000036741,0,18,144
5,0.4,4,5.0,1400,31.78046623607333,0.007632599999851664,0,18,144
5,0.4,4,0.1,600,0.0014680923923633287,0.007444300000088333,0,18,144
5,0.4,4,0.1,1000,0.0008005356252498046,0.008627899999964939,0,18,144
5,0.4,4,0.1,1400,0.0005145762295350303,0.008325300000024072,0,18,144
5,0.4,4,0.1,600,0.0014892353530841548,0.007787100000086866,0,18,144
5,0.4,4,0.1,1000,0.00040783578303473195,0.00704859999996188,0,18,144
5,0.4,4,0.1,1400,-0.0002458206903455097,0.007344699999976001,0,18,144
5,0.4,4,0.1,600,0.13186662917996508,0.007157000000006519,0,18,144
5,0.4,4,0.1,1000,0.012208952976087116,0.013113499999917622,0,18,144
5,0.4,4,0.1,1400,0.010253962682145843,0.012043400000038673,0,18,144
5,0.4,4,0.1,600,0.04559170347423518,0.007446799999797804,0,18,144
5,0.4,4,0.1,1000,0.011958953484978906,0.007545200000095065,0,18,144
5,0.4,4,0.1,1400,0.010483401620029285,0.007241799999974319,0,18,144
5,0.4,4,0.1,600,0.03748818081822095,0.007765100000142411,0,18,144
5,0.4,4,0.1,1000,0.006230303474174828,0.0077119000000038795,0,18,144
5,0.4,4,0.1,1400,0.00030427246164677177,0.007681599999841637,0,18,144
5,0.4,4,0.5,600,48.5517201411998,0.007545400000026348,0,18,144
5,0.4,4,0.5,1000,48.61351578161593,0.008114700000078301,0,18,144
5,0.4,4,0.5,1400,48.65435223015294,0.009801400000014837,0,18,144
5,0.4,4,0.5,600,34.73393598121816,0.007916600000044127,0,18,144
5,0.4,4,0.5,1000,34.85612549990383,0.0070811000000503554,0,18,144
5,0.4,4,0.5,1400,34.89644796829667,0.007352899999887086,0,18,144
5,0.4,4,0.5,600,15.824513036241447,0.007488199999897915,0,18,144
5,0.4,4,0.5,1000,9.134803976556526,0.00843410000015865,0,18,144
5,0.4,4,0.5,1400,9.102667291870704,0.009657800000013594,0,18,144
5,0.4,4,0.5,600,51.3041900544122,0.009272100000089267,0,18,144
5,0.4,4,0.5,1000,35.33700375354749,0.008057499999949869,0,18,144
5,0.4,4,0.5,1400,35.430356763682944,0.007214299999986906,0,18,144
5,0.4,4,0.5,600,32.26382246315551,0.007656900000029054,0,18,144
5,0.4,4,0.5,1000,30.346689185747685,0.007901500000116357,0,18,144
5,0.4,4,0.5,1400,29.461087255388325,0.008034400000042297,0,18,144
5,0.4,4,1.0,600,50.338981982887624,0.00878780000016377,0,18,144
5,0.4,4,1.0,1000,50.56487336614273,0.008060999999997875,0,18,144
5,0.4,4,1.0,1400,50.713733818700156,0.007523600000013175,4096,18,144
5,0.4,4,1.0,600,25.886046872686396,0.007219599999871207,0,18,144
5,0.4,4,1.0,1000,26.38184474288268,0.008969700000079683,0,18,144
5,0.4,4,1.0,1400,26.593124311093618,0.007568999999875814,0,18,144
5,0.4,4,1.0,600,14.96995045620038,0.009653599999865037,0,18,144
5,0.4,4,1.0,1000,12.456086670305288,0.008226899999954185,0,18,144
5,0.4,4,1.0,1400,12.437724933321178,0.007357799999908821,0,18,144
5,0.4,4,1.0,600,40.28907933939942,0.007311200000003737,0,18,144
5,0.4,4,1.0,1000,34.55318561401835,0.007670700000062425,0,18,144
5,0.4,4,1.0,1400,34.27041482777821,0.007839700000204175,0,18,144
5,0.4,4,1.0,600,32.02295536972631,0.008516200000030949,0,18,144
5,0.4,4,1.0,1000,48.48006687641051,0.007570399999849542,0,18,144
5,0.4,4,1.0,1400,47.92664123191506,0.0075294999999186984,0,18,144
5,0.4,4,5.0,600,43.12992760744484,0.008194199999934426,0,18,144
5,0.4,4,5.0,1000,43.27654817074683,0.007451199999877645,0,18,144
5,0.4,4,5.0,1400,43.3731685929524,0.007880800000066301,0,18,144
5,0.4,4,5.0,600,34.88708107396078,0.007238600000164297,0,18,144
5,0.4,4,5.0,1000,35.115283733053055,0.011774999999943248,0,18,144
5,0.4,4,5.0,1400,35.21726141436244,0.007936900000004243,0,18,144
5,0.4,4,5.0,600,37.99243171294005,0.007958299999927476,0,18,144
5,0.4,4,5.0,1000,34.38108267015768,0.007594700000026933,0,18,144
5,0.4,4,5.0,1400,34.435637621324986,0.007228700000041499,0,18,144
5,0.4,4,5.0,600,20.525025478885254,0.007307500000024447,0,18,144
5,0.4,4,5.0,1000,17.56837876306498,0.007719799999904353,0,18,144
5,0.4,4,5.0,1400,17.333910045565215,0.014565800000127638,0,18,144
5,0.4,4,5.0,600,34.44476121887961,0.00747230000001764,0,18,144
5,0.4,4,5.0,1000,36.65597307711318,0.007873900000049616,0,18,144
5,0.4,4,5.0,1400,31.78046623607333,0.007686299999932089,0,18,144
5,0.4,4,0.1,600,0.0014680923923633287,0.009755100000120365,0,18,144
5,0.4,4,0.1,1000,0.0008005356252498046,0.008230599999933474,0,18,144
5,0.4,4,0.1,1400,0.0005145762295350303,0.007522600000129387,0,18,144
5,0.4,4,0.1,600,0.0014892353530841548,0.007287599999926897,0,18,144
5,0.4,4,0.1,1000,0.00040783578303473195,0.0073050000000876025,0,18,144
5,0.4,4,0.1,1400,-0.0002458206903455097,0.007487899999887304,0,18,144
5,0.4,4,0.1,600,0.13186662917996508,0.008321600000044782,0,18,144
5,0.4,4,0.1,1000,0.012208952976087116,0.00760919999993348,0,18,144
5,0.4,4,0.1,1400,0.010253962682145843,0.007288799999969342,0,18,144
5,0.4,4,0.1,600,0.04559170347423518,0.007358599999861326,0,18,144
5,0.4,4,0.1,1000,0.011958953484978906,0.009871999999859327,0,18,144
5,0.4,4,0.1,1400,0.010483401620029285,0.007571599999891987,0,18,144
5,0.4,4,0.1,600,0.03748818081822095,0.007891299999982948,0,18,144
5,0.4,4,0.1,1000,0.006230303474174828,0.007439799999929164,0,18,144
5,0.4,4,0.1,1400,0.00030427246164677177,0.008093400000007023,0,18,144
5,0.4,4,0.5,600,48.5517201411998,0.007628499999782434,0,18,144
5,0.4,4,0.5,1000,48.61351578161593,0.008256500000015876,4096,18,144
5,0.4,4,0.5,1400,48.65435223015294,0.007998999999927037,0,18,144
5,0.4,4,0.5,600,34.73393598121816,0.007395099999939703,0,18,144
5,0.4,4,0.5,1000,34.85612549990383,0.007199500000069747,0,18,144
5,0.4,4,0.5,1400,34.89644796829667,0.010362699999859615,0,18,144
5,0.4,4,0.5,600,15.824513036241447,0.00721889999999803,0,18,144
5,0.4,4,0.5,1000,9.134803976556526,0.00727879999999459,0,18,144
5,0.4,4,0.5,1400,9.102667291870704,0.007007500000099753,0,18,144
5,0.4,4,0.5,600,51.3041900544122,0.009799700000030498,0,18,144
5,0.4,4,0.5,1000,35.33700375354749,0.007911700000022392,0,18,144
5,0.4,4,0.5,1400,35.430356763682944,0.007207899999912115,0,18,144
5,0.4,4,0.5,600,32.26382246315551,0.007623299999977462,0,18,144
5,0.4,4,0.5,1000,30.346689185747685,0.00835400000005393,0,18,144
5,0.4,4,0.5,1400,29.461087255388325,0.008305699999937133,4096,18,144
5,0.4,4,1.0,600,50.338981982887624,0.007665099999940139,0,18,144
5,0.4,4,1.0,1000,50.56487336614273,0.008438100000148552,0,18,144
5,0.4,4,1.0,1400,50.713733818700156,0.007447499999898355,0,18,144
5,0.4,4,1.0,600,25.886046872686396,0.00740300000006755,0,18,144
5,0.4,4,1.0,1000,26.38184474288268,0.007207199999811564,0,18,144
5,0.4,4,1.0,1400,26.593124311093618,0.009008499999936248,0,18,144
5,0.4,4,1.0,600,14.96995045620038,0.007614900000135094,0,18,144
5,0.4,4,1.0,1000,12.456086670305288,0.007840299999998024,0,18,144
5,0.4,4,1.0,1400,12.437724933321178,0.007794500000045446,0,18,144
5,0.4,4,1.0,600,40.28907933939942,0.008212200000116354,0,18,144
5,0.4,4,1.0,1000,34.55318561401835,0.008061400000087815,0,18,144
5,0.4,4,1.0,1400,34.27041482777821,0.00796619999982795,0,18,144
5,0.4,4,1.0,600,32.02295536972631,0.008115600000110135,0,18,144
5,0.4,4,1.0,1000,48.48006687641051,0.007864500000096086,0,18,144
5,0.4,4,1.0,1400,47.92664123191506,0.0085055999998076,0,18,144
5,0.4,4,5.0,600,43.12992760744484,0.00906770000005963,0,18,144
5,0.4,4,5.0,1000,43.27654817074683,0.008134800000107134,0,18,144
5,0.4,4,5.0,1400,43.3731685929524,0.007633500000110871,0,18,144
5,0.4,4,5.0,600,34.88708107396078,0.007454999999936263,0,18,144
5,0.4,4,5.0,1000,35.115283733053055,0.0077419000001555105,0,18,144
5,0.4,4,5.0,1400,35.21726141436244,0.008081200000106037,0,18,144
5,0.4,4,5.0,600,37.99243171294005,0.007685799999990195,0,18,144
5,0.4,4,5.0,1000,34.38108267015768,0.007647200000064913,0,18,144
5,0.4,4,5.0,1400,34.435637621324986,0.007472100000086357,0,18,144
5,0.4,4,5.0,600,20.525025478885254,0.007335100000091188,0,18,144
5,0.4,4,5.0,1000,17.56837876306498,0.008221499999990556,0,18,144
5,0.4,4,5.0,1400,17.333910045565215,0.00770009999996546,0,18,144
5,0.4,4,5.0,600,34.44476121887961,0.008071499999914522,0,18,144
5,0.4,4,5.0,1000,36.65597307711318,0.0073362999999062595,0,18,144
5,0.4,4,5.0,1400,31.78046623607333,0.007898300000078962,0,18,144
5,0.4,6,0.1,600,0.0016650312361012848,0.007821199999852979,0,18,144
5,0.4,6,0.1,1000,0.0005240093281736348,0.007890499999803069,0,18,144
5,0.4,6,0.1,1400,0.0001070991845415234,0.008495000000039,0,18,144
5,0.4,6,0.1,600,0.00055457800454574,0.00817800000004354,0,18,144
5,0.4,6,0.1,1000,-1.3314374685252661e-05,0.008637299999918469,0,18,144
5,0.4,6,0.1,1400,0.0002857059554249095,0.008195399999976871,0,18,144
5,0.4,6,0.1,600,0.03989779706930074,0.008579499999996187,0,18,144
5,0.4,6,0.1,1000,0.00020521171898840542,0.007582999999840467,0,18,144
5,0.4,6,0.1,1400,0.000559092895705794,0.008615299999974013,0,18,144
5,0.4,6,0.1,600,0.008381144918445813,0.008276499999965381,0,18,144
5,0.4,6,0.1,1000,0.003155094200885039,0.007893499999909181,0,18,144
5,0.4,6,0.1,1400,0.002210920773538648,0.007812699999931283,0,18,144
5,0.4,6,0.1,600,0.019104010147276092,0.008760399999800939,0,18,144
5,0.4,6,0.1,1000,0.025093913953258544,0.00776440000004186,0,18,144
5,0.4,6,0.1,1400,0.02667623047274667,0.008227000000033513,0,18,144
5,0.4,6,0.5,600,3.4310454927600484,0.007951999999932013,0,18,144
5,0.4,6,0.5,1000,3.3548544498720863,0.011312500000030923,0,18,144
5,0.4,6,0.5,1400,3.3372033052187247,0.00789230000009411,0,18,144
5,0.4,6,0.5,600,22.02105631157646,0.009254300000065996,0,18,144
5,0.4,6,0.5,1000,22.211118278784575,0.011129600000003848,0,18,144
5,0.4,6,0.5,1400,22.27211617906079,0.008568599999989601,0,18,144
5,0.4,6,0.5,600,29.954293517522363,0.008302899999989677,0,18,144
5,0.4,6,0.5,1000,33.967093498533245,0.007900399999925867,0,18,144
5,0.4,6,0.5,1400,34.24204433072903,0.0077056999998603715,0,18,144
5,0.4,6,0.5,600,3.7895946740248196,0.007264100000156759,0,18,144
5,0.4,6,0.5,1000,3.6710020650848927,0.008127600000079838,0,18,144
5,0.4,6,0.5,1400,3.6618433779700923,0.007686600000170074,0,18,144
5,0.4,6,0.5,600,30.0052490583014,0.0081119999999828,0,18,144
5,0.4,6,0.5,1000,32.29843718994741,0.007295599999906699,0,18,144
5,0.4,6,0.5,1400,32.2799132296841,0.007904499999995096,0,18,144
5,0.4,6,1.0,600,34.436386707455924,0.00745569999980944,0,18,144
5,0.4,6,1.0,1000,34.45480301876175,0.007999500000096305,0,18,144
5,0.4,6,1.0,1400,34.58119489306131,0.008352299999842216,0,18,144
5,0.4,6,1.0,600,13.415661959026888,0.010480099999995218,0,18,144
5,0.4,6,1.0,1000,13.614733585018572,0.008999799999855895,0,18,144
5,0.4,6,1.0,1400,13.68249485233642,0.008529400000043097,0,18,144
5,0.4,6,1.0,600,34.333106996103915,0.0079860999999255,0,18,144
5,0.4,6,1.0,1000,32.23148433356028,0.00848760000008042,0,18,144
5,0.4,6,1.0,1400,32.379480843158255,0.0081119999999828,0,18,144
5,0.4,6,1.0,600,21.58577994138961,0.012818599999945945,0,18,144
5,0.4,6,1.0,1000,21.485263457031483,0.00728079999998954,0,18,144
5,0.4,6,1.0,1400,21.522334226779318,0.009969299999966097,0,18,144
5,0.4,6,1.0,600,38.97055042719536,0.007894699999951627,0,18,144
5,0.4,6,1.0,1000,45.5973191795144,0.010350499999958629,0,18,144
5,0.4,6,1.0,1400,45.86249534249778,0.009070599999859041,0,18,144
5,0.4,6,5.0,600,40.13875528083864,0.007466100000101505,8192,18,144
5,0.4,6,5.0,1000,39.94870746911675,0.009488899999951173,4096,18,144
5,0.4,6,5.0,1400,39.78815497897005,0.009786800000028961,0,18,144
5,0.4,6,5.0,600,20.712690462487995,0.012241200000062236,0,18,144
5,0.4,6,5.0,1000,20.76896351976453,0.010971800000106668,0,18,144
5,0.4,6,5.0,1400,20.77700867235042,0.010509100000035687,0,18,144
5,0.4,6,5.0,600,45.631174019979554,0.00864850000016304,0,18,144
5,0.4,6,5.0,1000,51.66118419538875,0.008669199999985722,0,18,144
5,0.4,6,5.0,1400,51.734805568785596,0.007380499999953827,0,18,144
5,0.4,6,5.0,600,26.34264204650985,0.00768829999992704,0,18,144
5,0.4,6,5.0,1000,26.273816868803813,0.007597400000122434,0,18,144
5,0.4,6,5.0,1400,26.271321864294524,0.008432800000036877,0,18,144
5,0.4,6,5.0,600,34.85452492051569,0.00791879999997036,0,18,144
5,0.4,6,5.0,1000,45.90480037250782,0.0077922999998918385,0,18,144
5,0.4,6,5.0,1400,46.01741247089563,0.007558300000027884,0,18,144
5,0.4,6,0.1,600,0.0016650312361012848,0.007502800000111165,0,18,144
5,0.4,6,0.1,1000,0.0005240093281736348,0.007976899999903253,0,18,144
5,0.4,6,0.1,1400,0.0001070991845415234,0.008825299999898562,0,18,144
5,0.4,6,0.1,600,0.00055457800454574,0.00821059999998397,0,18,144
5,0.4,6,0.1,1000,-1.3314374685252661e-05,0.008161900000004607,0,18,144
5,0.4,6,0.1,1400,0.0002857059554249095,0.007772899999963556,0,18,144
5,0.4,6,0.1,600,0.03989779706930074,0.008154599999897982,0,18,144
5,0.4,6,0.1,1000,0.00020521171898840542,0.007920799999965311,0,18,144
5,0.4,6,0.1,1400,0.000559092895705794,0.008909200000061901,0,18,144
5,0.4,6,0.1,600,0.008381144918445813,0.008068399999956455,0,18,144
5,0.4,6,0.1,1000,0.003155094200885039,0.007593499999984488,0,18,144
5,0.4,6,0.1,1400,0.002210920773538648,0.007224999999834836,0,18,144
5,0.4,6,0.1,600,0.019104010147276092,0.007529999999860593,0,18,144
5,0.4,6,0.1,1000,0.025093913953258544,0.00779499999998734,0,18,144
5,0.4,6,0.1,1400,0.02667623047274667,0.007658300000002782,0,18,144
5,0.4,6,0.5,600,3.4310454927600484,0.008271800000102303,0,18,144
5,0.4,6,0.5,1000,3.3548544498720863,0.008517199999914737,0,18,144
5,0.4,6,0.5,1400,3.3372033052187247,0.00784709999993538,0,18,144
5,0.4,6,0.5,600,22.02105631157646,0.010338600000068254,0,18,144
5,0.4,6,0.5,1000,22.211118278784575,0.008490100000017264,0,18,144
5,0.4,6,0.5,1400,22.27211617906079,0.007852599999978338,0,18,144
5,0.4,6,0.5,600,29.954293517522363,0.007880999999997584,0,18,144
5,0.4,6,0.5,1000,33.967093498533245,0.007976799999823925,0,18,144
5,0.4,6,0.5,1400,34.24204433072903,0.008204199999909179,0,18,144
5,0.4,6,0.5,600,3.7895946740248196,0.007600899999943067,0,18,144
5,0.4,6,0.5,1000,3.6710020650848927,0.008365600000161066,0,18,144
5,0.4,6,0.5,1400,3.6618433779700923,0.007475099999965096,0,18,144
5,0.4,6,0.5,600,30.0052490583014,0.0084334000000581,0,18,144
5,0.4,6,0.5,1000,32.29843718994741,0.007853699999941455,0,18,144
5,0.4,6,0.5,1400,32.2799132296841,0.009377200000017183,0,18,144
5,0.4,6,1.0,600,34.436386707455924,0.007529900000008638,0,18,144
5,0.4,6,1.0,1000,34.45480301876175,0.007957799999985582,0,18,144
5,0.4,6,1.0,1400,34.58119489306131,0.00778560000003381,0,18,144
5,0.4,6,1.0,600,13.415661959026888,0.008600800000067466,0,18,144
5,0.4,6,1.0,1000,13.614733585018572,0.008631199999854289,0,18,144
5,0.4,6,1.0,1400,13.68249485233642,0.007927599999902668,0,18,144
5,0.4,6,1.0,600,34.333106996103915,0.007583500000009735,0,18,144
5,0.4,6,1.0,1000,32.23148433356028,0.008431599999994432,0,18,144
5,0.4,6,1.0,1400,32.379480843158255,0.008160699999962162,0,18,144
5,0.4,6,1.0,600,21.58577994138961,0.012296800000058283,0,18,144
5,0.4,6,1.0,1000,21.485263457031483,0.009286299999985204,0,18,144
5,0.4,6,1.0,1400,21.522334226779318,0.012453300000061063,0,18,144
5,0.4,6,1.0,600,38.97055042719536,0.009507600000006278,0,18,144
5,0.4,6,1.0,1000,45.5973191795144,0.00912760000005619,0,18,144
5,0.4,6,1.0,1400,45.86249534249778,0.00952370000004521,0,18,144
5,0.4,6,5.0,600,40.13875528083864,0.007723400000031688,0,18,144
5,0.4,6,5.0,1000,39.94870746911675,0.008307300000069517,0,18,144
5,0.4,6,5.0,1400,39.78815497897005,0.007870899999943504,0,18,144
5,0.4,6,5.0,600,20.712690462487995,0.009504399999968882,4096,18,144
5,0.4,6,5.0,1000,20.76896351976453,0.008452599999827726,0,18,144
5,0.4,6,5.0,1400,20.77700867235042,0.007941999999957261,0,18,144
5,0.4,6,5.0,600,45.631174019979554,0.007851999999957116,0,18,144
5,0.4,6,5.0,1000,51.66118419538875,0.00941770000008546,0,18,144
5,0.4,6,5.0,1400,51.734805568785596,0.007826100000102088,0,18,144
5,0.4,6,5.0,600,26.34264204650985,0.007291399999985515,0,18,144
5,0.4,6,5.0,1000,26.273816868803813,0.008301500000015949,0,18,144
5,0.4,6,5.0,1400,26.271321864294524,0.007628000000067914,0,18,144
5,0.4,6,5.0,600,34.85452492051569,0.008479000000079395,0,18,144
5,0.4,6,5.0,1000,45.90480037250782,0.007233400000131951,0,18,144
5,0.4,6,5.0,1400,46.01741247089563,0.007938299999977971,0,18,144
5,0.4,6,0.1,600,0.0016650312361012848,0.010777899999993679,4096,18,144
5,0.4,6,0.1,1000,0.0005240093281736348,0.009765600000037011,0,18,144
5,0.4,6,0.1,1400,0.0001070991845415234,0.00793929999986176,0,18,144
5,0.4,6,0.1,600,0.00055457800454574,0.008732399999871632,0,18,144
5,0.4,6,0.1,1000,-1.3314374685252661e-05,0.008381800000051953,0,18,144
5,0.4,6,0.1,1400,0.0002857059554249095,0.008074699999951918,0,18,144
5,0.4,6,0.1,600,0.03989779706930074,0.008806000000049607,0,18,144
5,0.4,6,0.1,1000,0.00020521171898840542,0.007902800000010757,0,18,144
5,0.4,6,0.1,1400,0.000559092895705794,0.007846900000004098,0,18,144
5,0.4,6,0.1,600,0.008381144918445813,0.007463000000143438,0,18,144
5,0.4,6,0.1,1000,0.003155094200885039,0.007968299999902229,0,18,144
5,0.4,6,0.1,1400,0.002210920773538648,0.007447199999887744,0,18,144
5,0.4,6,0.1,600,0.019104010147276092,0.007763700000168683,0,18,144
5,0.4,6,0.1,1000,0.025093913953258544,0.00743470000020352,4096,18,144
5,0.4,6,0.1,1400,0.02667623047274667,0.009069299999964642,0,18,144
5,0.4,6,0.5,600,3.4310454927600484,0.007786099999975704,0,18,144
5,0.4,6,0.5,1000,3.3548544498720863,0.008063100000072154,0,18,144
5,0.4,6,0.5,1400,3.3372033052187247,0.007742300000018076,0,18,144
5,0.4,6,0.5,600,22.02105631157646,0.008199099999956161,0,18,144
5,0.4,6,0.5,1000,22.211118278784575,0.007838499999934356,0,18,144
5,0.4,6,0.5,1400,22.27211617906079,0.009034700000029261,0,18,144
5,0.4,6,0.5,600,29.954293517522363,0.007778700000017125,0,18,144
5,0.4,6,0.5,1000,33.967093498533245,0.008013000000119064,0,18,144
5,0.4,6,0.5,1400,34.24204433072903,0.0075317000000723056,0,18,144
5,0.4,6,0.5,600,3.7895946740248196,0.008353499999884662,0,18,144
5,0.4,6,0.5,1000,3.6710020650848927,0.0077209000000948436,0,18,144
5,0.4,6,0.5,1400,3.6618433779700923,0.007727199999862933,0,18,144
5,0.4,6,0.5,600,30.0052490583014,0.00791350000008606,0,18,144
5,0.4,6,0.5,1000,32.29843718994741,0.00797099999999773,0,18,144
5,0.4,6,0.5,1400,32.2799132296841,0.008752599999979793,0,18,144
5,0.4,6,1.0,600,34.436386707455924,0.007732100000112041,0,18,144
5,0.4,6,1.0,1000,34.45480301876175,0.008189200000060737,0,18,144
5,0.4,6,1.0,1400,34.58119489306131,0.0076806999998098036,4096,18,144
5,0.4,6,1.0,600,13.415661959026888,0.008857699999907709,0,18,144
5,0.4,6,1.0,1000,13.614733585018572,0.008588299999928495,0,18,144
5,0.4,6,1.0,1400,13.68249485233642,0.00776569999993626,0,18,144
5,0.4,6,1.0,600,34.333106996103915,0.008239999999887004,0,18,144
5,0.4,6,1.0,1000,32.23148433356028,0.007422800000085772,0,18,144
5,0.4,6,1.0,1400,32.379480843158255,0.008176399999911155,0,18,144
5,0.4,6,1.0,600,21.58577994138961,0.0074910999999247,0,18,144
5,0.4,6,1.0,1000,21.485263457031483,0.0078740999999809,0,18,144
5,0.4,6,1.0,1400,21.522334226779318,0.008107800000061616,0,18,144
5,0.4,6,1.0,600,38.97055042719536,0.009313399999882677,0,18,144
5,0.4,6,1.0,1000,45.5973191795144,0.007750400000077207,0,18,144
5,0.4,6,1.0,1400,45.86249534249778,0.007427000000006956,0,18,144
5,0.4,6,5.0,600,40.13875528083864,0.007615899999791509,0,18,144
5,0.4,6,5.0,1000,39.94870746911675,0.007781399999885252,0,18,144
5,0.4,6,5.0,1400,39.78815497897005,0.008250500000031025,0,18,144
5,0.4,6,5.0,600,20.712690462487995,0.009326300000111587,0,18,144
5,0.4,6,5.0,1000,20.76896351976453,0.008732000000009066,0,18,144
5,0.4,6,5.0,1400,20.77700867235042,0.010182700000086697,0,18,144
5,0.4,6,5.0,600,45.631174019979554,0.00798409999993055,0,18,144
5,0.4,6,5.0,1000,51.66118419538875,0.007929800000056275,0,18,144
5,0.4,6,5.0,1400,51.734805568785596,0.008007600000155435,0,18,144
5,0.4,6,5.0,600,26.34264204650985,0.008825099999967279,0,18,144
5,0.4,6,5.0,1000,26.273816868803813,0.008037800000010975,0,18,144
5,0.4,6,5.0,1400,26.271321864294524,0.008420999999998457,0,18,144
5,0.4,6,5.0,600,34.85452492051569,0.008304899999984627,8192,18,144
5,0.4,6,5.0,1000,45.90480037250782,0.00874100000010003,8192,18,144
5,0.4,6,5.0,1400,46.01741247089563,0.007787799999960043,0,18,144
5,0.4,6,0.1,600,0.0016650312361012848,0.007312100000035571,0,18,144
5,0.4,6,0.1,1000,0.0005240093281736348,0.008812499999976353,0,18,144
5,0.4,6,0.1,1400,0.0001070991845415234,0.008471799999824725,0,18,144
5,0.4,6,0.1,600,0.00055457800454574,0.009335599999985789,0,18,144
5,0.4,6,0.1,1000,-1.3314374685252661e-05,0.007983999999851221,0,18,144
5,0.4,6,0.1,1400,0.0002857059554249095,0.007714099999930113,0,18,144
5,0.4,6,0.1,600,0.03989779706930074,0.0075240999999550695,0,18,144
5,0.4,6,0.1,1000,0.00020521171898840542,0.008327199999939694,0,18,144
5,0.4,6,0.1,1400,0.000559092895705794,0.008203800000046613,0,18,144
5,0.4,6,0.1,600,0.008381144918445813,0.00820520000002034,0,18,144
5,0.4,6,0.1,1000,0.003155094200885039,0.007275599999957194,0,18,144
5,0.4,6,0.1,1400,0.002210920773538648,0.007388100000071063,0,18,144
5,0.4,6,0.1,600,0.019104010147276092,0.007958099999996193,0,18,144
5,0.4,6,0.1,1000,0.025093913953258544,0.008261899999979505,0,18,144
5,0.4,6,0.1,1400,0.02667623047274667,0.007830599999806509,0,18,144
5,0.4,6,0.5,600,3.4310454927600484,0.008244999999988067,0,18,144
5,0.4,6,0.5,1000,3.3548544498720863,0.007768299999952433,0,18,144
5,0.4,6,0.5,1400,3.3372033052187247,0.0077648000001318,0,18,144
5,0.4,6,0.5,600,22.02105631157646,0.007785300000023199,0,18,144
5,0.4,6,0.5,1000,22.211118278784575,0.007973900000024514,0,18,144
5,0.4,6,0.5,1400,22.27211617906079,0.008632499999976062,0,18,144
5,0.4,6,0.5,600,29.954293517522363,0.008989800000108517,0,18,144
5,0.4,6,0.5,1000,33.967093498533245,0.008624399999916932,0,18,144
5,0.4,6,0.5,1400,34.24204433072903,0.007607600000028469,0,18,144
5,0.4,6,0.5,600,3.7895946740248196,0.007848999999851003,0,18,144
5,0.4,6,0.5,1000,3.6710020650848927,0.007766199999878154,0,18,144
5,0.4,6,0.5,1400,3.6618433779700923,0.00965489999998681,0,18,144
5,0.4,6,0.5,600,30.0052490583014,0.008620100000143793,0,18,144
5,0.4,6,0.5,1000,32.29843718994741,0.008780699999988428,0,18,144
5,0.4,6,0.5,1400,32.2799132296841,0.008644100000083199,0,18,144
5,0.4,6,1.0,600,34.436386707455924,0.008988400000134789,0,18,144
5,0.4,6,1.0,1000,34.45480301876175,0.009453199999825301,0,18,144
5,0.4,6,1.0,1400,34.58119489306131,0.008266999999932523,0,18,144
5,0.4,6,1.0,600,13.415661959026888,0.008782199999814111,0,18,144
5,0.4,6,1.0,1000,13.614733585018572,0.00938270000006014,0,18,144
5,0.4,6,1.0,1400,13.68249485233642,0.008750100000042949,0,18,144
5,0.4,6,1.0,600,34.333106996103915,0.011104100000011385,0,18,144
5,0.4,6,1.0,1000,32.23148433356028,0.009328399999958492,0,18,144
5,0.4,6,1.0,1400,32.379480843158255,0.008780699999988428,0,18,144
5,0.4,6,1.0,600,21.58577994138961,0.008463299999903029,0,18,144
5,0.4,6,1.0,1000,21.485263457031483,0.00884700000005978,0,18,144
5,0.4,6,1.0,1400,21.522334226779318,0.007120400000076188,0,18,144
5,0.4,6,1.0,600,38.97055042719536,0.008321600000044782,0,18,144
5,0.4,6,1.0,1000,45.5973191795144,0.008096300000033807,0,18,144
5,0.4,6,1.0,1400,45.86249534249778,0.007986600000094768,0,18,144
5,0.4,6,5.0,600,40.13875528083864,0.007861800000000585,0,18,144
5,0.4,6,5.0,1000,39.94870746911675,0.008500200000071345,0,18,144
5,0.4,6,5.0,1400,39.78815497897005,0.010816700000077617,0,18,144
5,0.4,6,5.0,600,20.712690462487995,0.008331199999929595,0,18,144
5,0.4,6,5.0,1000,20.76896351976453,0.008025199999792676,0,18,144
5,0.4,6,5.0,1400,20.77700867235042,0.008574199999884513,0,18,144
5,0.4,6,5.0,600,45.631174019979554,0.008574599999974453,0,18,144
5,0.4,6,5.0,1000,51.66118419538875,0.008074200000010023,0,18,144
5,0.4,6,5.0,1400,51.734805568785596,0.007881100000076913,4096,18,144
5,0.4,6,5.0,600,26.34264204650985,0.0077445000001716835,0,18,144
5,0.4,6,5.0,1000,26.273816868803813,0.007572099999833881,0,18,144
5,0.4,6,5.0,1400,26.271321864294524,0.007690500000080647,0,18,144
5,0.4,6,5.0,600,34.85452492051569,0.007626900000104797,0,18,144
5,0.4,6,5.0,1000,45.90480037250782,0.012351999999964391,0,18,144
5,0.4,6,5.0,1400,46.01741247089563,0.008030100000041784,0,18,144
5,0.4,6,0.1,600,0.0016650312361012848,0.007547000000158732,0,18,144
5,0.4,6,0.1,1000,0.0005240093281736348,0.009323300000005474,0,18,144
5,0.4,6,0.1,1400,0.0001070991845415234,0.008509700000104203,0,18,144
5,0.4,6,0.1,600,0.00055457800454574,0.009301300000061019,0,18,144
5,0.4,6,0.1,1000,-1.3314374685252661e-05,0.00914069999998901,0,18,144
5,0.4,6,0.1,1400,0.0002857059554249095,0.007957100000112405,0,18,144
5,0.4,6,0.1,600,0.03989779706930074,0.008842400000048656,0,18,144
5,0.4,6,0.1,1000,0.00020521171898840542,0.00885270000003402,0,18,144
5,0.4,6,0.1,1400,0.000559092895705794,0.011577099999840357,0,18,144
5,0.4,6,0.1,600,0.008381144918445813,0.011416499999995722,0,18,144
5,0.4,6,0.1,1000,0.003155094200885039,0.008241100000077495,0,18,144
5,0.4,6,0.1,1400,0.002210920773538648,0.007459299999936775,0,18,144
5,0.4,6,0.1,600,0.019104010147276092,0.008693899999798305,0,18,144
5,0.4,6,0.1,1000,0.025093913953258544,0.011833900000056019,4096,18,144
5,0.4,6,0.1,1400,0.02667623047274667,0.007403900000099384,0,18,144
5,0.4,6,0.5,600,3.4310454927600484,0.008327899999812871,0,18,144
5,0.4,6,0.5,1000,3.3548544498720863,0.0079192000000603,0,18,144
5,0.4,6,0.5,1400,3.3372033052187247,0.007864699999799996,0,18,144
5,0.4,6,0.5,600,22.02105631157646,0.007973399999855246,0,18,144
5,0.4,6,0.5,1000,22.211118278784575,0.00924869999994371,0,18,144
5,0.4,6,0.5,1400,22.27211617906079,0.008566999999857217,0,18,144
5,0.4,6,0.5,600,29.954293517522363,0.008283299999902738,0,18,144
5,0.4,6,0.5,1000,33.967093498533245,0.008287099999961356,0,18,144
5,0.4,6,0.5,1400,34.24204433072903,0.008052299999917523,0,18,144
5,0.4,6,0.5,600,3.7895946740248196,0.0074709999998958665,0,18,144
5,0.4,6,0.5,1000,3.6710020650848927,0.007835999999997512,4096,18,144
5,0.4,6,0.5,1400,3.6618433779700923,0.008243399999855683,0,18,144
5,0.4,6,0.5,600,30.0052490583014,0.0083446000001004,0,18,144
5,0.4,6,0.5,1000,32.29843718994741,0.007838600000013685,0,18,144
5,0.4,6,0.5,1400,32.2799132296841,0.007924799999955212,0,18,144
5,0.4,6,1.0,600,34.436386707455924,0.007477699999981269,0,18,144
5,0.4,6,1.0,1000,34.45480301876175,0.007820799999990413,0,18,144
5,0.4,6,1.0,1400,34.58119489306131,0.008346699999947305,0,18,144
5,0.4,6,1.0,600,13.415661959026888,0.008828199999925346,0,18,144
5,0.4,6,1.0,1000,13.614733585018572,0.009090099999866652,0,18,144
5,0.4,6,1.0,1400,13.68249485233642,0.007893100000046616,0,18,144
5,0.4,6,1.0,600,34.333106996103915,0.008563099999946644,0,18,144
5,0.4,6,1.0,1000,32.23148433356028,0.008140900000171314,0,18,144
5,0.4,6,1.0,1400,32.379480843158255,0.00813149999999041,0,18,144
5,0.4,6,1.0,600,21.58577994138961,0.009374100000059116,0,18,144
5,0.4,6,1.0,1000,21.485263457031483,0.008150999999998021,0,18,144
5,0.4,6,1.0,1400,21.522334226779318,0.008462299999791867,0,18,144
5,0.4,6,1.0,600,38.97055042719536,0.0082431999999244,0,18,144
5,0.4,6,1.0,1000,45.5973191795144,0.007380900000043766,0,18,144
5,0.4,6,1.0,1400,45.86249534249778,0.00761289999991277,0,18,144
5,0.4,6,5.0,600,40.13875528083864,0.007387000000107946,0,18,144
5,0.4,6,5.0,1000,39.94870746911675,0.00959370000009585,4096,18,144
5,0.4,6,5.0,1400,39.78815497897005,0.009115600000086488,0,18,144
5,0.4,6,5.0,600,20.712690462487995,0.008478400000058173,0,18,144
5,0.4,6,5.0,1000,20.76896351976453,0.008171800000127405,0,18,144
5,0.4,6,5.0,1400,20.77700867235042,0.009057799999936833,0,18,144
5,0.4,6,5.0,600,45.631174019979554,0.008431000000200584,0,18,144
5,0.4,6,5.0,1000,51.66118419538875,0.007909700000027442,0,18,144
5,0.4,6,5.0,1400,51.734805568785596,0.007474500000171247,0,18,144
5,0.4,6,5.0,600,26.34264204650985,0.008566100000052757,0,18,144
5,0.4,6,5.0,1000,26.273816868803813,0.007534099999929822,0,18,144
5,0.4,6,5.0,1400,26.271321864294524,0.007583199999999124,0,18,144
5,0.4,6,5.0,600,34.85452492051569,0.007772599999952945,8192,18,144
5,0.4,6,5.0,1000,45.90480037250782,0.00792009999986476,0,18,144
5,0.4,6,5.0,1400,46.01741247089563,0.00842160000001968,0,18,144
5,0.4,6,0.1,600,0.0016650312361012848,0.007935399999951187,0,18,144
5,0.4,6,0.1,1000,0.0005240093281736348,0.009249400000044261,0,18,144
5,0.4,6,0.1,1400,0.0001070991845415234,0.010172199999942677,0,18,144
5,0.4,6,0.1,600,0.00055457800454574,0.008024199999908888,0,18,144
5,0.4,6,0.1,1000,-1.3314374685252661e-05,0.009660200000098484,0,18,144
5,0.4,6,0.1,1400,0.0002857059554249095,0.008630499999981112,0,18,144
5,0.4,6,0.1,600,0.03989779706930074,0.009885700000040742,0,18,144
5,0.4,6,0.1,1000,0.00020521171898840542,0.007699900000034177,0,18,144
5,0.4,6,0.1,1400,0.000559092895705794,0.008238599999913276,0,18,144
5,0.4,6,0.1,600,0.008381144918445813,0.007576299999982439,8192,18,144
5,0.4,6,0.1,1000,0.003155094200885039,0.00954079999996793,8192,18,144
5,0.4,6,0.1,1400,0.002210920773538648,0.007994100000132676,0,18,144
5,0.4,6,0.1,600,0.019104010147276092,0.008123500000010608,0,18,144
5,0.4,6,0.1,1000,0.025093913953258544,0.007897600000205784,0,18,144
5,0.4,6,0.1,1400,0.02667623047274667,0.00758359999986169,0,18,144
5,0.4,6,0.5,600,3.4310454927600484,0.008777900000040972,0,18,144
5,0.4,6,0.5,1000,3.3548544498720863,0.008242699999982506,0,18,144
5,0.4,6,0.5,1400,3.3372033052187247,0.00806260000013026,0,18,144
5,0.4,6,0.5,600,22.02105631157646,0.008570499999905223,0,18,144
5,0.4,6,0.5,1000,22.211118278784575,0.008432800000036877,0,18,144
5,0.4,6,0.5,1400,22.27211617906079,0.012655900000027032,0,18,144
5,0.4,6,0.5,600,29.954293517522363,0.008164700000179437,0,18,144
5,0.4,6,0.5,1000,33.967093498533245,0.0130744999999024,0,18,144
5,0.4,6,0.5,1400,34.24204433072903,0.007827800000086427,0,18,144
5,0.4,6,0.5,600,3.7895946740248196,0.0073801999999432155,0,18,144
5,0.4,6,0.5,1000,3.6710020650848927,0.007946199999878445,0,18,144
5,0.4,6,0.5,1400,3.6618433779700923,0.010053699999843957,0,18,144
5,0.4,6,0.5,600,30.0052490583014,0.009823600000117949,0,18,144
5,0.4,6,0.5,1000,32.29843718994741,0.012714400000049864,0,18,144
5,0.4,6,0.5,1400,32.2799132296841,0.008685000000014043,0,18,144
5,0.4,6,1.0,600,34.436386707455924,0.01073509999991984,0,18,144
5,0.4,6,1.0,1000,34.45480301876175,0.007522300000118776,0,18,144
5,0.4,6,1.0,1400,34.58119489306131,0.008150600000135455,0,18,144
5,0.4,6,1.0,600,13.415661959026888,0.008501199999955134,0,18,144
5,0.4,6,1.0,1000,13.614733585018572,0.009048299999903975,0,18,144
5,0.4,6,1.0,1400,13.68249485233642,0.009090500000183965,0,18,144
5,0.4,6,1.0,600,34.333106996103915,0.008526200000005701,0,18,144
5,0.4,6,1.0,1000,32.23148433356028,0.007892500000025393,0,18,144
5,0.4,6,1.0,1400,32.379480843158255,0.0076008000000911125,0,18,144
5,0.4,6,1.0,600,21.58577994138961,0.007915099999991071,0,18,144
5,0.4,6,1.0,1000,21.485263457031483,0.007836199999928795,0,18,144
5,0.4,6,1.0,1400,21.522334226779318,0.008076800000026196,0,18,144
5,0.4,6,1.0,600,38.97055042719536,0.008731399999987843,0,18,144
5,0.4,6,1.0,1000,45.5973191795144,0.008935699999938151,0,18,144
5,0.4,6,1.0,1400,45.86249534249778,0.007631300000184638,0,18,144
5,0.4,6,5.0,600,40.13875528083864,0.008768000000145548,0,18,144
5,0.4,6,5.0,1000,39.94870746911675,0.009477800000013303,0,18,144
5,0.4,6,5.0,1400,39.78815497897005,0.011047399999824847,0,18,144
5,0.4,6,5.0,600,20.712690462487995,0.008420900000146503,0,18,144
5,0.4,6,5.0,1000,20.76896351976453,0.008577400000149282,0,18,144
5,0.4,6,5.0,1400,20.77700867235042,0.008785799999941446,0,18,144
5,0.4,6,5.0,600,45.631174019979554,0.008681199999955425,0,18,144
5,0.4,6,5.0,1000,51.66118419538875,0.008744500000148037,0,18,144
5,0.4,6,5.0,1400,51.734805568785596,0.007618300000103773,4096,18,144
5,0.4,6,5.0,600,26.34264204650985,0.008420399999977235,0,18,144
5,0.4,6,5.0,1000,26.273816868803813,0.007322900000190202,0,18,144
5,0.4,6,5.0,1400,26.271321864294524,0.007822799999985364,0,18,144
5,0.4,6,5.0,600,34.85452492051569,0.00855520000004617,0,18,144
5,0.4,6,5.0,1000,45.90480037250782,0.008648799999946277,0,18,144
5,0.4,6,5.0,1400,46.01741247089563,0.007906300000058764,0,18,144
5,0.4,6,0.1,600,0.0016650312361012848,0.008910099999866361,0,18,144
5,0.4,6,0.1,1000,0.0005240093281736348,0.008616500000016458,0,18,144
5,0.4,6,0.1,1400,0.0001070991845415234,0.008104499999944892,0,18,144
5,0.4,6,0.1,600,0.00055457800454574,0.009989899999936824,0,18,144
5,0.4,6,0.1,1000,-1.3314374685252661e-05,0.008611799999926006,0,18,144
5,0.4,6,0.1,1400,0.0002857059554249095,0.00826790000019173,0,18,144
5,0.4,6,0.1,600,0.03989779706930074,0.010936500000070737,0,18,144
5,0.4,6,0.1,1000,0.00020521171898840542,0.008350699999937206,0,18,144
5,0.4,6,0.1,1400,0.000559092895705794,0.007860700000037468,0,18,144
5,0.4,6,0.1,600,0.008381144918445813,0.00794650000011643,0,18,144
5,0.4,6,0.1,1000,0.003155094200885039,0.010491400000091744,0,18,144
5,0.4,6,0.1,1400,0.002210920773538648,0.008017000000108965,0,18,144
5,0.4,6,0.1,600,0.019104010147276092,0.008296700000073542,0,18,144
5,0.4,6,0.1,1000,0.025093913953258544,0.007824199999959092,0,18,144
5,0.4,6,0.1,1400,0.02667623047274667,0.00869250000005195,0,18,144
5,0.4,6,0.5,600,3.4310454927600484,0.008456300000034389,0,18,144
5,0.4,6,0.5,1000,3.3548544498720863,0.008877100000063365,0,18,144
5,0.4,6,0.5,1400,3.3372033052187247,0.007941200000004756,0,18,144
5,0.4,6,0.5,600,22.02105631157646,0.008499600000050123,0,18,144
5,0.4,6,0.5,1000,22.211118278784575,0.007961300000033589,0,18,144
5,0.4,6,0.5,1400,22.27211617906079,0.008127199999989898,0,18,144
5,0.4,6,0.5,600,29.954293517522363,0.00815599999987171,0,18,144
5,0.4,6,0.5,1000,33.967093498533245,0.008372199999939767,0,18,144
5,0.4,6,0.5,1400,34.24204433072903,0.009552700000085679,0,18,144
5,0.4,6,0.5,600,3.7895946740248196,0.007825499999853491,0,18,144
5,0.4,6,0.5,1000,3.6710020650848927,0.008956900000157475,4096,18,144
5,0.4,6,0.5,1400,3.6618433779700923,0.00803659999996853,0,18,144
5,0.4,6,0.5,600,30.0052490583014,0.008506299999908151,0,18,144
5,0.4,6,0.5,1000,32.29843718994741,0.007548600000063743,0,18,144
5,0.4,6,0.5,1400,32.2799132296841,0.007961899999827438,0,18,144
5,0.4,6,1.0,600,34.436386707455924,0.007584100000030958,0,18,144
5,0.4,6,1.0,1000,34.45480301876175,0.009180099999866798,0,18,144
5,0.4,6,1.0,1400,34.58119489306131,0.009021200000006502,0,18,144
5,0.4,6,1.0,600,13.415661959026888,0.008263400000032561,0,18,144
5,0.4,6,1.0,1000,13.614733585018572,0.010220800000070085,0,18,144
5,0.4,6,1.0,1400,13.68249485233642,0.01126750000003085,4096,18,144
5,0.4,6,1.0,600,34.333106996103915,0.007914600000049177,0,18,144
5,0.4,6,1.0,1000,32.23148433356028,0.009207199999991644,4096,18,144
5,0.4,6,1.0,1400,32.379480843158255,0.00967280000008941,4096,18,144
5,0.4,6,1.0,600,21.58577994138961,0.008351999999831605,0,18,144
5,0.4,6,1.0,1000,21.485263457031483,0.0074218999998265645,0,18,144
5,0.4,6,1.0,1400,21.522334226779318,0.007819700000027296,0,18,144
5,0.4,6,1.0,600,38.97055042719536,0.012479499999926702,0,18,144
5,0.4,6,1.0,1000,45.5973191795144,0.007229399999914676,0,18,144
5,0.4,6,1.0,1400,45.86249534249778,0.008129699999926743,0,18,144
5,0.4,6,5.0,600,40.13875528083864,0.009783400000060283,0,18,144
5,0.4,6,5.0,1000,39.94870746911675,0.00879739999982121,0,18,144
5,0.4,6,5.0,1400,39.78815497897005,0.007974399999966408,0,18,144
5,0.4,6,5.0,600,20.712690462487995,0.011663100000077975,0,18,144
5,0.4,6,5.0,1000,20.76896351976453,0.01184899999998379,4096,18,144
5,0.4,6,5.0,1400,20.77700867235042,0.008809200000087003,0,18,144
5,0.4,6,5.0,600,45.631174019979554,0.008112200000141456,0,18,144
5,0.4,6,5.0,1000,51.66118419538875,0.007607300000017858,0,18,144
5,0.4,6,5.0,1400,51.734805568785596,0.008100499999954991,0,18,144
5,0.4,6,5.0,600,26.34264204650985,0.00784139999996114,0,18,144
5,0.4,6,5.0,1000,26.273816868803813,0.008357999999816457,0,18,144
5,0.4,6,5.0,1400,26.271321864294524,0.007644300000038129,0,18,144
5,0.4,6,5.0,600,34.85452492051569,0.007727100000010978,0,18,144
5,0.4,6,5.0,1000,45.90480037250782,0.007955999999921914,0,18,144
5,0.4,6,5.0,1400,46.01741247089563,0.009402700000009645,0,18,144
5,0.4,8,0.1,600,0.004831218080629498,0.008412099999986822,0,18,144
5,0.4,8,0.1,1000,0.00314645017195184,0.008174400000143578,0,18,144
5,0.4,8,0.1,1400,0.0019056644892696277,0.00737040000012712,0,18,144
5,0.4,8,0.1,600,0.002091922824747003,0.007775300000048446,0,18,144
5,0.4,8,0.1,1000,0.0009623641431294302,0.011355299999877388,0,18,144
5,0.4,8,0.1,1400,0.0007724298137151918,0.00935059999983423,0,18,144
5,0.4,8,0.1,600,0.003519666102736909,0.01104710000004161,0,18,144
5,0.4,8,0.1,1000,0.0017380926030069008,0.007731599999942773,0,18,144
5,0.4,8,0.1,1400,0.0018833823540566307,0.007779300000038347,0,18,144
5,0.4,8,0.1,600,0.00023507638819799425,0.008288300000003801,4096,18,144
5,0.4,8,0.1,1000,0.001056460256032778,0.008772200000066732,0,18,144
5,0.4,8,0.1,1400,0.00040465147905755037,0.01370079999992413,0,18,144
5,0.4,8,0.1,600,0.005455716111055366,0.007358299999850715,0,18,144
5,0.4,8,0.1,1000,0.0024330206831676853,0.007589300000063304,0,18,144
5,0.4,8,0.1,1400,0.002249150428838647,0.008189500000071348,0,18,144
5,0.4,8,0.5,600,22.671741212550653,0.007353199999897697,0,18,144
5,0.4,8,0.5,1000,22.914327734419278,0.007655099999965387,0,18,144
5,0.4,8,0.5,1400,22.956917725849145,0.008334299999887662,0,18,144
5,0.4,8,0.5,600,3.598642996889195,0.008447100000012142,0,18,144
5,0.4,8,0.5,1000,3.6000529534348913,0.00897009999994225,0,18,144
5,0.4,8,0.5,1400,3.6004081325545108,0.01005410000016127,0,18,144
5,0.4,8,0.5,600,39.16872284728664,0.008180499999980384,4096,18,144
5,0.4,8,0.5,1000,39.38450861061897,0.008663999999953376,12288,18,144
5,0.4,8,0.5,1400,39.47071458227234,0.011009099999910177,0,18,144
5,0.4,8,0.5,600,1.9106038437857313,0.01435429999992266,0,18,144
5,0.4,8,0.5,1000,1.873615835102166,0.015994399999954112,0,18,144
5,0.4,8,0.5,1400,1.9138110908745796,0.009062500000027285,0,18,144
5,0.4,8,0.5,600,6.8028542452146565,0.009302799999886702,0,18,144
5,0.4,8,0.5,1000,5.488121183153171,0.0083511999998791,0,18,144
5,0.4,8,0.5,1400,5.518023415643862,0.00761289999991277,0,18,144
5,0.4,8,1.0,600,22.413813637630927,0.007882999999992535,0,18,144
5,0.4,8,1.0,1000,22.58824319258722,0.007901799999899595,0,18,144
5,0.4,8,1.0,1400,22.647766781682993,0.008008500000187269,0,18,144
5,0.4,8,1.0,600,33.49113519628014,0.008007500000076107,0,18,144
5,0.4,8,1.0,1000,33.491263006795585,0.009124100000008184,0,18,144
5,0.4,8,1.0,1400,33.49131164436936,0.008252800000036586,0,18,144
5,0.4,8,1.0,600,30.000427719686652,0.007990400000153386,0,18,144
5,0.4,8,1.0,1000,30.157239965111813,0.007314299999961804,0,18,144
5,0.4,8,1.0,1400,30.201915281715134,0.008398700000043391,0,18,144
5,0.4,8,1.0,600,24.63596428511815,0.009761299999809125,0,18,144
5,0.4,8,1.0,1000,24.63132424645623,0.008149100000082399,0,18,144
5,0.4,8,1.0,1400,24.637425854174722,0.008930700000064462,0,18,144
5,0.4,8,1.0,600,53.61392129141521,0.007917599999927916,0,18,144
5,0.4,8,1.0,1000,40.74701860452761,0.007314299999961804,0,18,144
5,0.4,8,1.0,1400,40.98980367726753,0.007948400000032052,0,18,144
5,0.4,8,5.0,600,34.650890952387044,0.007832799999960116,0,18,144
5,0.4,8,5.0,1000,34.7812848411688,0.007503699999915625,0,18,144
5,0.4,8,5.0,1400,34.80426474843617,0.008364899999833142,0,18,144
5,0.4,8,5.0,600,42.93207949598387,0.008368199999949866,0,18,144
5,0.4,8,5.0,1000,42.933293514501806,0.008200299999998606,0,18,144
5,0.4,8,5.0,1400,42.933592248127425,0.008583599999838043,0,18,144
5,0.4,8,5.0,600,38.918530748896956,0.01075700000001234,0,18,144
5,0.4,8,5.0,1000,39.31850756911675,0.008783499999935884,0,18,144
5,0.4,8,5.0,1400,39.35165377304093,0.009096799999952054,0,18,144
5,0.4,8,5.0,600,23.56462897651158,0.01255330000003596,0,18,144
5,0.4,8,5.0,1000,23.546509842589654,0.008698900000126741,0,18,144
5,0.4,8,5.0,1400,23.56529974703606,0.009232400000200869,0,18,144
5,0.4,8,5.0,600,39.834521224360685,0.008383400000184338,0,18,144
5,0.4,8,5.0,1000,37.02738969772693,0.007256399999960195,0,18,144
5,0.4,8,5.0,1400,37.09851091299555,0.008292600000004313,0,18,144
5,0.4,8,0.1,600,0.004831218080629498,0.008332899999913934,0,18,144
5,0.4,8,0.1,1000,0.00314645017195184,0.010920400000031805,0,18,144
5,0.4,8,0.1,1400,0.0019056644892696277,0.0099388999999519,0,18,144
5,0.4,8,0.1,600,0.002091922824747003,0.009123300000055679,0,18,144
5,0.4,8,0.1,1000,0.0009623641431294302,0.008484400000043024,0,18,144
5,0.4,8,0.1,1400,0.0007724298137151918,0.008141799999975774,4096,18,144
5,0.4,8,0.1,600,0.003519666102736909,0.008359900000186826,0,18,144
5,0.4,8,0.1,1000,0.0017380926030069008,0.0074438999999983935,0,18,144
5,0.4,8,0.1,1400,0.0018833823540566307,0.009631199999830642,0,18,144
5,0.4,8,0.1,600,0.00023507638819799425,0.008396599999969112,0,18,144
5,0.4,8,0.1,1000,0.001056460256032778,0.008266999999932523,0,18,144
5,0.4,8,0.1,1400,0.00040465147905755037,0.011749499999950785,0,18,144
5,0.4,8,0.1,600,0.005455716111055366,0.008013599999912913,0,18,144
5,0.4,8,0.1,1000,0.0024330206831676853,0.007324899999957779,0,18,144
5,0.4,8,0.1,1400,0.002249150428838647,0.007958099999996193,0,18,144
5,0.4,8,0.5,600,22.671741212550653,0.008255200000121476,0,18,144
5,0.4,8,0.5,1000,22.914327734419278,0.007793799999944895,0,18,144
5,0.4,8,0.5,1400,22.956917725849145,0.007594800000106261,0,18,144
5,0.4,8,0.5,600,3.598642996889195,0.007628599999861763,0,18,144
5,0.4,8,0.5,1000,3.6000529534348913,0.008175100000016755,0,18,144
5,0.4,8,0.5,1400,3.6004081325545108,0.00821670000004815,0,18,144
5,0.4,8,0.5,600,39.16872284728664,0.00734310000007099,0,18,144
5,0.4,8,0.5,1000,39.38450861061897,0.007831099999975777,0,18,144
5,0.4,8,0.5,1400,39.47071458227234,0.007927500000050713,0,18,144
5,0.4,8,0.5,600,1.9106038437857313,0.010556799999903888,4096,18,144
5,0.4,8,0.5,1000,1.873615835102166,0.008579000000054293,0,18,144
5,0.4,8,0.5,1400,1.9138110908745796,0.008162999999967724,0,18,144
5,0.4,8,0.5,600,6.8028542452146565,0.00938640000003943,0,18,144
5,0.4,8,0.5,1000,5.488121183153171,0.010200700000041252,0,18,144
5,0.4,8,0.5,1400,5.518023415643862,0.007822099999884813,0,18,144
5,0.4,8,1.0,600,22.413813637630927,0.008190400000103182,0,18,144
5,0.4,8,1.0,1000,22.58824319258722,0.0075306999999611435,0,18,144
5,0.4,8,1.0,1400,22.647766781682993,0.007462799999984782,0,18,144
5,0.4,8,1.0,600,33.49113519628014,0.007592500000100699,0,18,144
5,0.4,8,1.0,1000,33.491263006795585,0.008803599999964717,0,18,144
5,0.4,8,1.0,1400,33.49131164436936,0.008381699999972625,0,18,144
5,0.4,8,1.0,600,30.000427719686652,0.007751899999902889,0,18,144
5,0.4,8,1.0,1000,30.157239965111813,0.007235799999989467,0,18,144
5,0.4,8,1.0,1400,30.201915281715134,0.007809400000041933,0,18,144
5,0.4,8,1.0,600,24.63596428511815,0.007827399999996487,0,18,144
5,0.4,8,1.0,1000,24.63132424645623,0.0096406999998635,0,18,144
5,0.4,8,1.0,1400,24.637425854174722,0.008377299999892784,0,18,144
5,0.4,8,1.0,600,53.61392129141521,0.00789689999987786,0,18,144
5,0.4,8,1.0,1000,40.74701860452761,0.007134199999882185,0,18,144
5,0.4,8,1.0,1400,40.98980367726753,0.008801700000049095,0,18,144
5,0.4,8,5.0,600,34.650890952387044,0.007279800000105752,0,18,144
5,0.4,8,5.0,1000,34.7812848411688,0.009160999999949127,0,18,144
5,0.4,8,5.0,1400,34.80426474843617,0.009857999999894673,0,18,144
5,0.4,8,5.0,600,42.93207949598387,0.008271700000022975,0,18,144
5,0.4,8,5.0,1000,42.933293514501806,0.01116819999992913,4096,18,144
5,0.4,8,5.0,1400,42.933592248127425,0.008509000000003653,0,18,144
5,0.4,8,5.0,600,38.918530748896956,0.011021399999890491,0,18,144
5,0.4,8,5.0,1000,39.31850756911675,0.007695900000044276,0,18,144
5,0.4,8,5.0,1400,39.35165377304093,0.008107599999902959,0,18,144
5,0.4,8,5.0,600,23.56462897651158,0.007836400000087451,0,18,144
5,0.4,8,5.0,1000,23.546509842589654,0.008712500000001455,0,18,144
5,0.4,8,5.0,1400,23.56529974703606,0.008037199999989753,0,18,144
5,0.4,8,5.0,600,39.834521224360685,0.0075331000000460335,0,18,144
5,0.4,8,5.0,1000,37.02738969772693,0.008619100000032631,0,18,144
5,0.4,8,5.0,1400,37.09851091299555,0.007491999999956533,0,18,144
5,0.4,8,0.1,600,0.004831218080629498,0.007838900000024296,0,18,144
5,0.4,8,0.1,1000,0.00314645017195184,0.00827049999998053,0,18,144
5,0.4,8,0.1,1400,0.0019056644892696277,0.00829739999994672,0,18,144
5,0.4,8,0.1,600,0.002091922824747003,0.008146000000124332,0,18,144
5,0.4,8,0.1,1000,0.0009623641431294302,0.008430899999893882,0,18,144
5,0.4,8,0.1,1400,0.0007724298137151918,0.008847900000091613,0,18,144
5,0.4,8,0.1,600,0.003519666102736909,0.011693500000092172,0,18,144
5,0.4,8,0.1,1000,0.0017380926030069008,0.009709599999951024,0,18,144
5,0.4,8,0.1,1400,0.0018833823540566307,0.007331600000043181,0,18,144
5,0.4,8,0.1,600,0.00023507638819799425,0.008160200000020268,4096,18,144
5,0.4,8,0.1,1000,0.001056460256032778,0.009332900000117661,0,18,144
5,0.4,8,0.1,1400,0.00040465147905755037,0.008009500000071057,0,18,144
5,0.4,8,0.1,600,0.005455716111055366,0.010745499999984531,0,18,144
5,0.4,8,0.1,1000,0.0024330206831676853,0.007434900000134803,0,18,144
5,0.4,8,0.1,1400,0.002249150428838647,0.010477799999989656,0,18,144
5,0.4,8,0.5,600,22.671741212550653,0.007919800000081523,0,18,144
5,0.4,8,0.5,1000,22.914327734419278,0.00756960000012441,0,18,144
5,0.4,8,0.5,1400,22.956917725849145,0.007630699999936041,0,18,144
5,0.4,8,0.5,600,3.598642996889195,0.008540400000129011,0,18,144
5,0.4,8,0.5,1000,3.6000529534348913,0.008393099999921105,0,18,144
5,0.4,8,0.5,1400,3.6004081325545108,0.007599700000127996,0,18,144
5,0.4,8,0.5,600,39.16872284728664,0.007998000000043248,4096,18,144
5,0.4,8,0.5,1000,39.38450861061897,0.007259699999849545,0,18,144
5,0.4,8,0.5,1400,39.47071458227234,0.008042400000022099,0,18,144
5,0.4,8,0.5,600,1.9106038437857313,0.008062399999971603,0,18,144
5,0.4,8,0.5,1000,1.873615835102166,0.008092600000054517,0,18,144
5,0.4,8,0.5,1400,1.9138110908745796,0.008201500000041051,0,18,144
5,0.4,8,0.5,600,6.8028542452146565,0.008020700000088254,0,18,144
5,0.4,8,0.5,1000,5.488121183153171,0.007466299999805415,0,18,144
5,0.4,8,0.5,1400,5.518023415643862,0.0074928000001364126,0,18,144
5,0.4,8,1.0,600,22.413813637630927,0.00986470000020745,0,18,144
5,0.4,8,1.0,1000,22.58824319258722,0.007720999999946798,0,18,144
5,0.4,8,1.0,1400,22.647766781682993,0.007441199999902892,0,18,144
5,0.4,8,1.0,600,33.49113519628014,0.010726399999839487,8192,18,144
5,0.4,8,1.0,1000,33.491263006795585,0.01100759999985712,8192,18,144
5,0.4,8,1.0,1400,33.49131164436936,0.00798979999990479,0,18,144
5,0.4,8,1.0,600,30.000427719686652,0.0088408999999956,0,18,144
5,0.4,8,1.0,1000,30.157239965111813,0.007583500000009735,0,18,144
5,0.4,8,1.0,1400,30.201915281715134,0.011191999999937252,0,18,144
5,0.4,8,1.0,600,24.63596428511815,0.00850100000002385,0,18,144
5,0.4,8,1.0,1000,24.63132424645623,0.00837960000012572,0,18,144
5,0.4,8,1.0,1400,24.637425854174722,0.008274599999822385,0,18,144
5,0.4,8,1.0,600,53.61392129141521,0.00786710000011226,0,18,144
5,0.4,8,1.0,1000,40.74701860452761,0.007045999999945707,0,18,144
5,0.4,8,1.0,1400,40.98980367726753,0.0079848000000311,0,18,144
5,0.4,8,5.0,600,34.650890952387044,0.007445599999982733,0,18,144
5,0.4,8,5.0,1000,34.7812848411688,0.00753789999998844,0,18,144
5,0.4,8,5.0,1400,34.80426474843617,0.008577999999943131,0,18,144
5,0.4,8,5.0,600,42.93207949598387,0.007963299999801166,0,18,144
5,0.4,8,5.0,1000,42.933293514501806,0.00922830000013164,0,18,144
5,0.4,8,5.0,1400,42.933592248127425,0.011740099999997256,0,18,144
5,0.4,8,5.0,600,38.918530748896956,0.008380299999998897,0,18,144
5,0.4,8,5.0,1000,39.31850756911675,0.007698099999970509,0,18,144
5,0.4,8,5.0,1400,39.35165377304093,0.007453299999951923,0,18,144
5,0.4,8,5.0,600,23.56462897651158,0.008220600000186096,0,18,144
5,0.4,8,5.0,1000,23.546509842589654,0.007560100000091552,0,18,144
5,0.4,8,5.0,1400,23.56529974703606,0.008265299999948184,0,18,144
5,0.4,8,5.0,600,39.834521224360685,0.007542399999920235,0,18,144
5,0.4,8,5.0,1000,37.02738969772693,0.00796530000002349,0,18,144
5,0.4,8,5.0,1400,37.09851091299555,0.007929300000114381,0,18,144
5,0.4,8,0.1,600,0.004831218080629498,0.007742300000018076,0,18,144
5,0.4,8,0.1,1000,0.00314645017195184,0.0076209999999719,0,18,144
5,0.4,8,0.1,1400,0.0019056644892696277,0.007174399999939851,0,18,144
5,0.4,8,0.1,600,0.002091922824747003,0.008350000000064028,0,18,144
5,0.4,8,0.1,1000,0.0009623641431294302,0.007965000000012878,0,18,144
5,0.4,8,0.1,1400,0.0007724298137151918,0.009502899999915826,0,18,144
5,0.4,8,0.1,600,0.003519666102736909,0.007941600000094695,0,18,144
5,0.4,8,0.1,1000,0.0017380926030069008,0.008755999999948472,0,18,144
5,0.4,8,0.1,1400,0.0018833823540566307,0.007736199999953897,0,18,144
5,0.4,8,0.1,600,0.00023507638819799425,0.009351899999956004,0,18,144
5,0.4,8,0.1,1000,0.001056460256032778,0.007820799999990413,0,18,144
5,0.4,8,0.1,1400,0.00040465147905755037,0.008315700000139259,0,18,144
5,0.4,8,0.1,600,0.005455716111055366,0.007290700000112338,0,18,144
5,0.4,8,0.1,1000,0.0024330206831676853,0.0075878000000102475,0,18,144
5,0.4,8,0.1,1400,0.002249150428838647,0.007143199999973149,0,18,144
5,0.4,8,0.5,600,22.671741212550653,0.008172800000011193,0,18,144
5,0.4,8,0.5,1000,22.914327734419278,0.0073144000000411324,0,18,144
5,0.4,8,0.5,1400,22.956917725849145,0.007800999999972191,0,18,144
5,0.4,8,0.5,600,3.598642996889195,0.007711800000151925,0,18,144
5,0.4,8,0.5,1000,3.6000529534348913,0.008011500000066007,0,18,144
5,0.4,8,0.5,1400,3.6004081325545108,0.007654699999875447,0,18,144
5,0.4,8,0.5,600,39.16872284728664,0.00758969999992587,0,18,144
5,0.4,8,0.5,1000,39.38450861061897,0.007461300000159099,0,18,144
5,0.4,8,0.5,1400,39.47071458227234,0.008117000000083863,0,18,144
5,0.4,8,0.5,600,1.9106038437857313,0.007913400000006732,4096,18,144
5,0.4,8,0.5,1000,1.873615835102166,0.012012299999923925,0,18,144
5,0.4,8,0.5,1400,1.9138110908745796,0.008465000000114742,0,18,144
5,0.4,8,0.5,600,6.8028542452146565,0.007783300000028248,0,18,144
5,0.4,8,0.5,1000,5.488121183153171,0.007255099999838421,0,18,144
5,0.4,8,0.5,1400,5.518023415643862,0.00785160000009455,0,18,144
5,0.4,8,1.0,600,22.413813637630927,0.007812800000010611,0,18,144
5,0.4,8,1.0,1000,22.58824319258722,0.007480700000087381,0,18,144
5,0.4,8,1.0,1400,22.647766781682993,0.008076800000026196,0,18,144
5,0.4,8,1.0,600,33.49113519628014,0.008446199999980308,0,18,144
5,0.4,8,1.0,1000,33.491263006795585,0.008292499999924985,0,18,144
5,0.4,8,1.0,1400,33.49131164436936,0.007881300000008196,0,18,144
5,0.4,8,1.0,600,30.000427719686652,0.008355199999869,0,18,144
5,0.4,8,1.0,1000,30.157239965111813,0.007367700000031618,4096,18,144
5,0.4,8,1.0,1400,30.201915281715134,0.011518700000124227,0,18,144
5,0.4,8,1.0,600,24.63596428511815,0.008277599999928498,0,18,144
5,0.4,8,1.0,1000,24.63132424645623,0.008961700000099881,0,18,144
5,0.4,8,1.0,1400,24.637425854174722,0.008898600000065926,0,18,144
5,0.4,8,1.0,600,53.61392129141521,0.007640999999921405,0,18,144
5,0.4,8,1.0,1000,40.74701860452761,0.011072199999944132,0,18,144
5,0.4,8,1.0,1400,40.98980367726753,0.00940630000013698,0,18,144
5,0.4,8,5.0,600,34.650890952387044,0.008482299999968745,0,18,144
5,0.4,8,5.0,1000,34.7812848411688,0.013457100000096034,0,18,144
5,0.4,8,5.0,1400,34.80426474843617,0.008534099999906175,0,18,144
5,0.4,8,5.0,600,42.93207949598387,0.008019999999987704,0,18,144
5,0.4,8,5.0,1000,42.933293514501806,0.007993599999963408,4096,18,144
5,0.4,8,5.0,1400,42.933592248127425,0.008139400000118258,0,18,144
5,0.4,8,5.0,600,38.918530748896956,0.009642900000017107,0,18,144
5,0.4,8,5.0,1000,39.31850756911675,0.008787499999925785,0,18,144
5,0.4,8,5.0,1400,39.35165377304093,0.010822799999914423,0,18,144
5,0.4,8,5.0,600,23.56462897651158,0.009959999999864522,0,18,144
5,0.4,8,5.0,1000,23.546509842589654,0.008540900000070906,0,18,144
5,0.4,8,5.0,1400,23.56529974703606,0.00765200000000732,0,18,144
5,0.4,8,5.0,600,39.834521224360685,0.008558600000014849,0,18,144
5,0.4,8,5.0,1000,37.02738969772693,0.007466299999805415,0,18,144
5,0.4,8,5.0,1400,37.09851091299555,0.007752499999924112,0,18,144
5,0.4,8,0.1,600,0.004831218080629498,0.007471500000065134,0,18,144
5,0.4,8,0.1,1000,0.00314645017195184,0.0079244999999446,0,18,144
5,0.4,8,0.1,1400,0.0019056644892696277,0.01046160000009877,0,18,144
5,0.4,8,0.1,600,0.002091922824747003,0.008748800000148549,0,18,144
5,0.4,8,0.1,1000,0.0009623641431294302,0.008055900000044858,0,18,144
5,0.4,8,0.1,1400,0.0007724298137151918,0.007617400000071939,0,18,144
5,0.4,8,0.1,600,0.003519666102736909,0.008336999999983163,0,18,144
5,0.4,8,0.1,1000,0.0017380926030069008,0.007649500000070475,0,18,144
5,0.4,8,0.1,1400,0.0018833823540566307,0.00799719999986337,0,18,144
5,0.4,8,0.1,600,0.00023507638819799425,0.008281099999976504,0,18,144
5,0.4,8,0.1,1000,0.001056460256032778,0.009678600000142978,0,18,144
5,0.4,8,0.1,1400,0.00040465147905755037,0.009171300000161864,0,18,144
5,0.4,8,0.1,600,0.005455716111055366,0.008860599999934493,0,18,144
5,0.4,8,0.1,1000,0.0024330206831676853,0.010613899999952991,0,18,144
5,0.4,8,0.1,1400,0.002249150428838647,0.007531100000051083,0,18,144
5,0.4,8,0.5,600,22.671741212550653,0.008110400000077789,0,18,144
5,0.4,8,0.5,1000,22.914327734419278,0.0077263000000584725,0,18,144
5,0.4,8,0.5,1400,22.956917725849145,0.007833199999822682,0,18,144
5,0.4,8,0.5,600,3.598642996889195,0.010692199999994045,0,18,144
5,0.4,8,0.5,1000,3.6000529534348913,0.011722700000063924,0,18,144
5,0.4,8,0.5,1400,3.6004081325545108,0.010111199999983,0,18,144
5,0.4,8,0.5,600,39.16872284728664,0.00814700000000812,4096,18,144
5,0.4,8,0.5,1000,39.38450861061897,0.011527699999987817,0,18,144
5,0.4,8,0.5,1400,39.47071458227234,0.012099199999966004,0,18,144
5,0.4,8,0.5,600,1.9106038437857313,0.008076500000015585,0,18,144
5,0.4,8,0.5,1000,1.873615835102166,0.007724800000005416,0,18,144
5,0.4,8,0.5,1400,1.9138110908745796,0.008718199999975695,0,18,144
5,0.4,8,0.5,600,6.8028542452146565,0.009112299999969764,0,18,144
5,0.4,8,0.5,1000,5.488121183153171,0.008028599999988728,0,18,144
5,0.4,8,0.5,1400,5.518023415643862,0.00787110000010216,0,18,144
5,0.4,8,1.0,600,22.413813637630927,0.007625500000131069,0,18,144
5,0.4,8,1.0,1000,22.58824319258722,0.009516399999938585,0,18,144
5,0.4,8,1.0,1400,22.647766781682993,0.0077415999999175256,0,18,144
5,0.4,8,1.0,600,33.49113519628014,0.008221900000080495,4096,18,144
5,0.4,8,1.0,1000,33.491263006795585,0.0075641999999334075,0,18,144
5,0.4,8,1.0,1400,33.49131164436936,0.008362000000033731,8192,18,144
5,0.4,8,1.0,600,30.000427719686652,0.008230700000012803,0,18,144
5,0.4,8,1.0,1000,30.157239965111813,0.010468400000036127,0,18,144
5,0.4,8,1.0,1400,30.201915281715134,0.007519600000023274,0,18,144
5,0.4,8,1.0,600,24.63596428511815,0.008896700000150304,0,18,144
5,0.4,8,1.0,1000,24.63132424645623,0.007874299999912182,0,18,144
5,0.4,8,1.0,1400,24.637425854174722,0.008334900000136258,0,18,144
5,0.4,8,1.0,600,53.61392129141521,0.008190900000045076,0,18,144
5,0.4,8,1.0,1000,40.74701860452761,0.008942100000012942,0,18,144
5,0.4,8,1.0,1400,40.98980367726753,0.007661200000029567,0,18,144
5,0.4,8,5.0,600,34.650890952387044,0.008084099999905447,8192,18,144
5,0.4,8,5.0,1000,34.7812848411688,0.008697700000084296,8192,18,144
5,0.4,8,5.0,1400,34.80426474843617,0.007649200000059864,0,18,144
5,0.4,8,5.0,600,42.93207949598387,0.007600500000080501,0,18,144
5,0.4,8,5.0,1000,42.933293514501806,0.008495999999922788,0,18,144
5,0.4,8,5.0,1400,42.933592248127425,0.008040100000016537,0,18,144
5,0.4,8,5.0,600,38.918530748896956,0.008687300000019604,0,18,144
5,0.4,8,5.0,1000,39.31850756911675,0.007647700000006807,0,18,144
5,0.4,8,5.0,1400,39.35165377304093,0.0075385000000096625,0,18,144
5,0.4,8,5.0,600,23.56462897651158,0.008149699999876248,0,18,144
5,0.4,8,5.0,1000,23.546509842589654,0.008122400000047492,0,18,144
5,0.4,8,5.0,1400,23.56529974703606,0.008156200000030367,0,18,144
5,0.4,8,5.0,600,39.834521224360685,0.008275899999944158,0,18,144
5,0.4,8,5.0,1000,37.02738969772693,0.008685300000024654,0,18,144
5,0.4,8,5.0,1400,37.09851091299555,0.007497299999840834,0,18,144
5,0.4,8,0.1,600,0.004831218080629498,0.008649099999956888,0,18,144
5,0.4,8,0.1,1000,0.00314645017195184,0.01084990000003927,0,18,144
5,0.4,8,0.1,1400,0.0019056644892696277,0.0074280999999700725,0,18,144
5,0.4,8,0.1,600,0.002091922824747003,0.009254300000065996,0,18,144
5,0.4,8,0.1,1000,0.0009623641431294302,0.008485699999937424,0,18,144
5,0.4,8,0.1,1400,0.0007724298137151918,0.007610999999997148,0,18,144
5,0.4,8,0.1,600,0.003519666102736909,0.0073777999998583255,0,18,144
5,0.4,8,0.1,1000,0.0017380926030069008,0.00757900000007794,0,18,144
5,0.4,8,0.1,1400,0.0018833823540566307,0.011633200000005672,0,18,144
5,0.4,8,0.1,600,0.00023507638819799425,0.007754299999987779,0,18,144
5,0.4,8,0.1,1000,0.001056460256032778,0.007974500000045737,0,18,144
5,0.4,8,0.1,1400,0.00040465147905755037,0.00862409999990632,0,18,144
5,0.4,8,0.1,600,0.005455716111055366,0.00839910000013333,0,18,144
5,0.4,8,0.1,1000,0.0024330206831676853,0.007365100000015445,0,18,144
5,0.4,8,0.1,1400,0.002249150428838647,0.007675500000004831,0,18,144
5,0.4,8,0.5,600,22.671741212550653,0.007235000000036962,0,18,144
5,0.4,8,0.5,1000,22.914327734419278,0.007600500000080501,0,18,144
5,0.4,8,0.5,1400,22.956917725849145,0.00870319999989988,0,18,144
5,0.4,8,0.5,600,3.598642996889195,0.00850799999989249,0,18,144
5,0.4,8,0.5,1000,3.6000529534348913,0.008412900000166701,0,18,144
5,0.4,8,0.5,1400,3.6004081325545108,0.007595799999990049,0,18,144
5,0.4,8,0.5,600,39.16872284728664,0.00758270000005723,0,18,144
5,0.4,8,0.5,1000,39.38450861061897,0.007689700000128141,0,18,144
5,0.4,8,0.5,1400,39.47071458227234,0.008342599999878075,0,18,144
5,0.4,8,0.5,600,1.9106038437857313,0.008390399999825604,0,18,144
5,0.4,8,0.5,1000,1.873615835102166,0.008608399999957328,0,18,144
5,0.4,8,0.5,1400,1.9138110908745796,0.00769029999992199,0,18,144
5,0.4,8,0.5,600,6.8028542452146565,0.008669999999938227,0,18,144
5,0.4,8,0.5,1000,5.488121183153171,0.007368600000063452,0,18,144
5,0.4,8,0.5,1400,5.518023415643862,0.008270399999901201,0,18,144
5,0.4,8,1.0,600,22.413813637630927,0.007318299999951705,0,18,144
5,0.4,8,1.0,1000,22.58824319258722,0.007809899999983827,0,18,144
5,0.4,8,1.0,1400,22.647766781682993,0.007861900000079913,0,18,144
5,0.4,8,1.0,600,33.49113519628014,0.00821459999997387,0,18,144
5,0.4,8,1.0,1000,33.491263006795585,0.008359100000006947,0,18,144
5,0.4,8,1.0,1400,33.49131164436936,0.007843399999956091,0,18,144
5,0.4,8,1.0,600,30.000427719686652,0.007604899999932968,0,18,144
5,0.4,8,1.0,1000,30.157239965111813,0.00851650000004156,0,18,144
5,0.4,8,1.0,1400,30.201915281715134,0.008338300000104937,0,18,144
5,0.4,8,1.0,600,24.63596428511815,0.008551600000146209,0,18,144
5,0.4,8,1.0,1000,24.63132424645623,0.008587999999917884,0,18,144
5,0.4,8,1.0,1400,24.637425854174722,0.009548700000095778,0,18,144
5,0.4,8,1.0,600,53.61392129141521,0.0076643000002150075,0,18,144
5,0.4,8,1.0,1000,40.74701860452761,0.009367800000063653,0,18,144
5,0.4,8,1.0,1400,40.98980367726753,0.008169500000121843,0,18,144
5,0.4,8,5.0,600,34.650890952387044,0.011862599999858503,0,18,144
5,0.4,8,5.0,1000,34.7812848411688,0.007722800000010466,0,18,144
5,0.4,8,5.0,1400,34.80426474843617,0.008133799999995972,0,18,144
5,0.4,8,5.0,600,42.93207949598387,0.010222699999985707,0,18,144
5,0.4,8,5.0,1000,42.933293514501806,0.009682399999974223,0,18,144
5,0.4,8,5.0,1400,42.933592248127425,0.008716000000049462,0,18,144
5,0.4,8,5.0,600,38.918530748896956,0.008348500000010972,0,18,144
5,0.4,8,5.0,1000,39.31850756911675,0.009336200000007011,0,18,144
5,0.4,8,5.0,1400,39.35165377304093,0.007528200000024299,0,18,144
5,0.4,8,5.0,600,23.56462897651158,0.008484700000053635,0,18,144
5,0.4,8,5.0,1000,23.546509842589654,0.007913400000006732,0,18,144
5,0.4,8,5.0,1400,23.56529974703606,0.010243800000125702,0,18,144
5,0.4,8,5.0,600,39.834521224360685,0.008663900000101421,0,18,144
5,0.4,8,5.0,1000,37.02738969772693,0.007598299999926894,0,18,144
5,0.4,8,5.0,1400,37.09851091299555,0.008273700000017925,0,18,144
5,0.4,8,0.1,600,0.004831218080629498,0.00761330000000271,0,18,144
5,0.4,8,0.1,1000,0.00314645017195184,0.008383099999946353,0,18,144
5,0.4,8,0.1,1400,0.0019056644892696277,0.008734000000004016,4096,18,144
5,0.4,8,0.1,600,0.002091922824747003,0.009776099999953658,0,18,144
5,0.4,8,0.1,1000,0.0009623641431294302,0.008009599999923012,0,18,144
5,0.4,8,0.1,1400,0.0007724298137151918,0.007616999999981999,0,18,144
5,0.4,8,0.1,600,0.003519666102736909,0.009418099999948026,0,18,144
5,0.4,8,0.1,1000,0.0017380926030069008,0.007280699999910212,0,18,144
5,0.4,8,0.1,1400,0.0018833823540566307,0.007615600000008271,0,18,144
5,0.4,8,0.1,600,0.00023507638819799425,0.008077599999978702,0,18,144
5,0.4,8,0.1,1000,0.001056460256032778,0.010155799999893134,0,18,144
5,0.4,8,0.1,1400,0.00040465147905755037,0.011170400000082736,0,18,144
5,0.4,8,0.1,600,0.005455716111055366,0.007496200000105091,0,18,144
5,0.4,8,0.1,1000,0.0024330206831676853,0.007567399999970803,0,18,144
5,0.4,8,0.1,1400,0.002249150428838647,0.007646699999895645,4096,18,144
5,0.4,8,0.5,600,22.671741212550653,0.008374499999945328,0,18,144
5,0.4,8,0.5,1000,22.914327734419278,0.0074142000000847474,0,18,144
5,0.4,8,0.5,1400,22.956917725849145,0.007629400000041642,0,18,144
5,0.4,8,0.5,600,3.598642996889195,0.011854600000106075,0,18,144
5,0.4,8,0.5,1000,3.6000529534348913,0.007882599999902595,0,18,144
5,0.4,8,0.5,1400,3.6004081325545108,0.008749600000101054,0,18,144
5,0.4,8,0.5,600,39.16872284728664,0.011144199999989723,0,18,144
5,0.4,8,0.5,1000,39.38450861061897,0.007629400000041642,0,18,144
5,0.4,8,0.5,1400,39.47071458227234,0.008313400000133697,0,18,144
5,0.4,8,0.5,600,1.9106038437857313,0.010787200000095254,0,18,144
5,0.4,8,0.5,1000,1.873615835102166,0.012602799999967829,0,18,144
5,0.4,8,0.5,1400,1.9138110908745796,0.008478799999920739,0,18,144
5,0.4,8,0.5,600,6.8028542452146565,0.007542899999862129,0,18,144
5,0.4,8,0.5,1000,5.488121183153171,0.0073090000000775035,0,18,144
5,0.4,8,0.5,1400,5.518023415643862,0.011077399999976478,0,18,144
5,0.4,8,1.0,600,22.413813637630927,0.007454099999904429,0,18,144
5,0.4,8,1.0,1000,22.58824319258722,0.008435199999894394,0,18,144
5,0.4,8,1.0,1400,22.647766781682993,0.007925399999976435,0,18,144
5,0.4,8,1.0,600,33.49113519628014,0.008324399999992238,0,18,144
5,0.4,8,1.0,1000,33.491263006795585,0.008837399999947593,0,18,144
5,0.4,8,1.0,1400,33.49131164436936,0.011445699999967474,0,18,144
5,0.4,8,1.0,600,30.000427719686652,0.008809299999938958,0,18,144
5,0.4,8,1.0,1000,30.157239965111813,0.007636100000127044,0,18,144
5,0.4,8,1.0,1400,30.201915281715134,0.008216000000174972,0,18,144
5,0.4,8,1.0,600,24.63596428511815,0.009872200000017983,0,18,144
5,0.4,8,1.0,1000,24.63132424645623,0.009350799999992887,0,18,144
5,0.4,8,1.0,1400,24.637425854174722,0.00922749999995176,0,18,144
5,0.4,8,1.0,600,53.61392129141521,0.008377899999914007,0,18,144
5,0.4,8,1.0,1000,40.74701860452761,0.007830799999965166,0,18,144
5,0.4,8,1.0,1400,40.98980367726753,0.009405400000105146,0,18,144
5,0.4,8,5.0,600,34.650890952387044,0.00889510000001792,0,18,144
5,0.4,8,5.0,1000,34.7812848411688,0.0074242000000595,4096,18,144
5,0.4,8,5.0,1400,34.80426474843617,0.008497300000044561,0,18,144
5,0.4,8,5.0,600,42.93207949598387,0.009997599999906015,0,18,144
5,0.4,8,5.0,1000,42.933293514501806,0.008708799999794792,0,18,144
5,0.4,8,5.0,1400,42.933592248127425,0.007677499999999782,0,18,144
5,0.4,8,5.0,600,38.918530748896956,0.008297500000026048,0,18,144
5,0.4,8,5.0,1000,39.31850756911675,0.00781749999987369,0,18,144
5,0.4,8,5.0,1400,39.35165377304093,0.008007500000076107,0,18,144
5,0.4,8,5.0,600,23.56462897651158,0.007729599999947823,0,18,144
5,0.4,8,5.0,1000,23.546509842589654,0.008054499999843756,0,18,144
5,0.4,8,5.0,1400,23.56529974703606,0.010278500000140411,8192,18,144
5,0.4,8,5.0,600,39.834521224360685,0.007548799999995026,4096,18,144
5,0.4,8,5.0,1000,37.02738969772693,0.008840799999916271,16384,18,144
5,0.4,8,5.0,1400,37.09851091299555,0.0072350999998889165,0,18,144
5,0.4,10,0.1,600,0.004663992357943559,0.008852499999875363,0,18,144
5,0.4,10,0.1,1000,0.006519999988790537,0.007593900000074427,0,18,144
5,0.4,10,0.1,1400,0.0071697717029444805,0.007944599999973434,0,18,144
5,0.4,10,0.1,600,0.010474091411973755,0.008136800000102085,0,18,144
5,0.4,10,0.1,1000,0.0013109566000636464,0.00782230000004347,0,18,144
5,0.4,10,0.1,1400,0.0028139352612480562,0.007440700000188372,0,18,144
5,0.4,10,0.1,600,0.0037743159788312147,0.00799019999999473,0,18,144
5,0.4,10,0.1,1000,0.0023615524263909025,0.008664699999826553,0,18,144
5,0.4,10,0.1,1400,0.0011566744182621989,0.008085899999969115,0,18,144
5,0.4,10,0.1,600,0.004899671959492658,0.008096399999885762,0,18,144
5,0.4,10,0.1,1000,0.002382466746840355,0.00722130000008292,0,18,144
5,0.4,10,0.1,1400,0.0015097221211519069,0.00738990000013473,0,18,144
5,0.4,10,0.1,600,-1.7765645038644333e-07,0.008163400000057663,0,18,144
5,0.4,10,0.1,1000,-1.7765645038644333e-07,0.008355000000165091,0,18,144
5,0.4,10,0.1,1400,-1.7765645038644333e-07,0.00832500000001346,0,18,144
5,0.4,10,0.5,600,27.705992864918375,0.008103299999902447,0,18,144
5,0.4,10,0.5,1000,27.758515392842412,0.007977700000083132,0,18,144
5,0.4,10,0.5,1400,27.779026715119194,0.00875410000003285,0,18,144
5,0.4,10,0.5,600,45.52944483770498,0.007505900000069232,0,18,144
5,0.4,10,0.5,1000,31.52244033620389,0.008527399999820773,0,18,144
5,0.4,10,0.5,1400,31.783688535956788,0.008207900000115842,0,18,144
5,0.4,10,0.5,600,18.575192058992933,0.00984799999991992,0,18,144
5,0.4,10,0.5,1000,18.666081472939304,0.008428500000036365,0,18,144
5,0.4,10,0.5,1400,18.450778042245375,0.008085299999947893,0,18,144
5,0.4,10,0.5,600,24.119595749450195,0.008117999999967651,0,18,144
5,0.4,10,0.5,1000,24.42031747073874,0.007880200000045079,0,18,144
5,0.4,10,0.5,1400,24.428908222814126,0.008313000000043758,0,18,144
5,0.4,10,0.5,600,26.837365120603174,0.007659000000103333,0,18,144
5,0.4,10,0.5,1000,26.837365120603174,0.00827009999989059,0,18,144
5,0.4,10,0.5,1400,26.837365120603174,0.008397699999932229,0,18,144
5,0.4,10,1.0,600,26.103204270497073,0.008063999999876614,0,18,144
5,0.4,10,1.0,1000,26.19202754985589,0.008809100000007675,0,18,144
5,0.4,10,1.0,1400,26.205531345410574,0.009381699999948978,0,18,144
5,0.4,10,1.0,600,55.72870193762775,0.008209500000020853,0,18,144
5,0.4,10,1.0,1000,40.63290676109162,0.008631799999875511,0,18,144
5,0.4,10,1.0,1400,40.92840104651689,0.007859400000143069,0,18,144
5,0.4,10,1.0,600,36.44212918671301,0.007597499999974389,0,18,144
5,0.4,10,1.0,1000,36.34412451170078,0.008270699999911812,0,18,144
5,0.4,10,1.0,1400,35.770255667316015,0.008286199999929522,0,18,144
5,0.4,10,1.0,600,17.05488483963441,0.008577199999990626,0,18,144
5,0.4,10,1.0,1000,17.12204451525001,0.008775100000093516,0,18,144
5,0.4,10,1.0,1400,17.12583181067696,0.008269899999959307,0,18,144
5,0.4,10,1.0,600,33.04374292280098,0.009764900000163834,0,18,144
5,0.4,10,1.0,1000,33.04374292280098,0.007816300000058618,0,18,144
5,0.4,10,1.0,1400,33.04374292280098,0.007862699999805045,0,18,144
5,0.4,10,5.0,600,35.88132380258835,0.007833099999970727,0,18,144
5,0.4,10,5.0,1000,36.0233538676498,0.007996800000000803,0,18,144
5,0.4,10,5.0,1400,36.03967458048013,0.008328600000140796,0,18,144
5,0.4,10,5.0,600,42.97288279435773,0.010936500000070737,0,18,144
5,0.4,10,5.0,1000,37.36113806084589,0.008251900000004753,4096,18,144
5,0.4,10,5.0,1400,37.45745894536238,0.007506500000090455,0,18,144
5,0.4,10,5.0,600,23.930589680676864,0.008712000000059561,0,18,144
5,0.4,10,5.0,1000,24.0408796718394,0.007665300000098796,0,18,144
5,0.4,10,5.0,1400,23.78601046520068,0.008456300000034389,0,18,144
5,0.4,10,5.0,600,19.354731564958538,0.007519199999933335,0,18,144
5,0.4,10,5.0,1000,19.51646487001897,0.007646800000202347,0,18,144
5,0.4,10,5.0,1400,19.514648874929758,0.00786370000014358,0,18,144
5,0.4,10,5.0,600,43.41737078625317,0.009048899999925197,0,18,144
5,0.4,10,5.0,1000,43.41737078625317,0.007975199999918914,0,18,144
5,0.4,10,5.0,1400,43.41737078625317,0.008026800000152434,0,18,144
5,0.4,10,0.1,600,0.004663992357943559,0.009185199999819815,0,18,144
5,0.4,10,0.1,1000,0.006519999988790537,0.008572199999889563,0,18,144
5,0.4,10,0.1,1400,0.0071697717029444805,0.007830600000033883,0,18,144
5,0.4,10,0.1,600,0.010474091411973755,0.007558599999811122,0,18,144
5,0.4,10,0.1,1000,0.0013109566000636464,0.008071799999925133,0,18,144
5,0.4,10,0.1,1400,0.0028139352612480562,0.007938899999999194,0,18,144
5,0.4,10,0.1,600,0.0037743159788312147,0.009995300000127827,0,18,144
5,0.4,10,0.1,1000,0.0023615524263909025,0.008113600000115184,0,18,144
5,0.4,10,0.1,1400,0.0011566744182621989,0.007589900000084526,0,18,144
5,0.4,10,0.1,600,0.004899671959492658,0.00753179999992426,0,18,144
5,0.4,10,0.1,1000,0.002382466746840355,0.007829500000070766,0,18,144
5,0.4,10,0.1,1400,0.0015097221211519069,0.007886999999982436,0,18,144
5,0.4,10,0.1,600,-1.7765645038644333e-07,0.007752000000209591,0,18,144
5,0.4,10,0.1,1000,-1.7765645038644333e-07,0.008962300000121104,0,18,144
5,0.4,10,0.1,1400,-1.7765645038644333e-07,0.007631299999957264,4096,18,144
5,0.4,10,0.5,600,27.705992864918375,0.008375699999987773,0,18,144
5,0.4,10,0.5,1000,27.758515392842412,0.008409900000060588,0,18,144
5,0.4,10,0.5,1400,27.779026715119194,0.0077638000000206375,0,18,144
5,0.4,10,0.5,600,45.52944483770498,0.0072248000001309265,0,18,144
5,0.4,10,0.5,1000,31.52244033620389,0.008322899999939182,0,18,144
5,0.4,10,0.5,1400,31.783688535956788,0.00826269999993201,0,18,144
5,0.4,10,0.5,600,18.575192058992933,0.008115900000120746,0,18,144
5,0.4,10,0.5,1000,18.666081472939304,0.00733170000012251,0,18,144
5,0.4,10,0.5,1400,18.450778042245375,0.008039900000085254,0,18,144
5,0.4,10,0.5,600,24.119595749450195,0.007267799999908675,0,18,144
5,0.4,10,0.5,1000,24.42031747073874,0.011733800000001793,0,18,144
5,0.4,10,0.5,1400,24.428908222814126,0.008824000000004162,4096,18,144
5,0.4,10,0.5,600,26.837365120603174,0.007899500000121407,0,18,144
5,0.4,10,0.5,1000,26.837365120603174,0.010155999999824417,0,18,144
5,0.4,10,0.5,1400,26.837365120603174,0.0095698000000084,0,18,144
5,0.4,10,1.0,600,26.103204270497073,0.009024299999964569,0,18,144
5,0.4,10,1.0,1000,26.19202754985589,0.008397500000000946,0,18,144
5,0.4,10,1.0,1400,26.205531345410574,0.007694399999991219,0,18,144
5,0.4,10,1.0,600,55.72870193762775,0.007599600000048667,0,18,144
5,0.4,10,1.0,1000,40.63290676109162,0.0073324999998476414,0,18,144
5,0.4,10,1.0,1400,40.92840104651689,0.007744100000081744,0,18,144
5,0.4,10,1.0,600,36.44212918671301,0.008249199999909251,0,18,144
5,0.4,10,1.0,1000,36.34412451170078,0.009424900000112757,0,18,144
5,0.4,10,1.0,1400,35.770255667316015,0.007662399999844638,0,18,144
5,0.4,10,1.0,600,17.05488483963441,0.008076000000073691,0,18,144
5,0.4,10,1.0,1000,17.12204451525001,0.007820399999900474,0,18,144
5,0.4,10,1.0,1400,17.12583181067696,0.007689499999969485,0,18,144
5,0.4,10,1.0,600,33.04374292280098,0.007627400000046691,0,18,144
5,0.4,10,1.0,1000,33.04374292280098,0.008076200000004974,0,18,144
5,0.4,10,1.0,1400,33.04374292280098,0.008047300000043833,0,18,144
5,0.4,10,5.0,600,35.88132380258835,0.00786999999991167,4096,18,144
5,0.4,10,5.0,1000,36.0233538676498,0.008390199999894321,0,18,144
5,0.4,10,5.0,1400,36.03967458048013,0.007861599999841928,0,18,144
5,0.4,10,5.0,600,42.97288279435773,0.007669699999951263,0,18,144
5,0.4,10,5.0,1000,37.36113806084589,0.007243700000117315,0,18,144
5,0.4,10,5.0,1400,37.45745894536238,0.007513600000038423,0,18,144
5,0.4,10,5.0,600,23.930589680676864,0.00804759999982707,0,18,144
5,0.4,10,5.0,1000,24.0408796718394,0.008298400000057882,0,18,144
5,0.4,10,5.0,1400,23.78601046520068,0.007441699999844786,0,18,144
5,0.4,10,5.0,600,19.354731564958538,0.009539099999983591,0,18,144
5,0.4,10,5.0,1000,19.51646487001897,0.013070599999991828,0,18,144
5,0.4,10,5.0,1400,19.514648874929758,0.010839600000053906,0,18,144
5,0.4,10,5.0,600,43.41737078625317,0.009265299999924537,0,18,144
5,0.4,10,5.0,1000,43.41737078625317,0.009298999999828084,4096,18,144
5,0.4,10,5.0,1400,43.41737078625317,0.009005000000115615,4096,18,144
5,0.4,10,0.1,600,0.004663992357943559,0.00835640000013882,0,18,144
5,0.4,10,0.1,1000,0.006519999988790537,0.008547800000087591,0,18,144
5,0.4,10,0.1,1400,0.0071697717029444805,0.008188600000039514,0,18,144
5,0.4,10,0.1,600,0.010474091411973755,0.007905700000037541,0,18,144
5,0.4,10,0.1,1000,0.0013109566000636464,0.007658600000013394,0,18,144
5,0.4,10,0.1,1400,0.0028139352612480562,0.007652600000028542,0,18,144
5,0.4,10,0.1,600,0.0037743159788312147,0.008293800000046758,0,18,144
5,0.4,10,0.1,1000,0.0023615524263909025,0.008083799999894836,0,18,144
5,0.4,10,0.1,1400,0.0011566744182621989,0.007493100000147024,4096,18,144
5,0.4,10,0.1,600,0.004899671959492658,0.007126599999992322,0,18,144
5,0.4,10,0.1,1000,0.002382466746840355,0.00909999999998945,16384,18,144
5,0.4,10,0.1,1400,0.0015097221211519069,0.007568500000161293,0,18,144
5,0.4,10,0.1,600,-1.7765645038644333e-07,0.007985499999904278,0,18,144
5,0.4,10,0.1,1000,-1.7765645038644333e-07,0.007993599999963408,0,18,144
5,0.4,10,0.1,1400,-1.7765645038644333e-07,0.007884000000103697,0,18,144
5,0.4,10,0.5,600,27.705992864918375,0.008091400000012072,0,18,144
5,0.4,10,0.5,1000,27.758515392842412,0.008048499999858905,0,18,144
5,0.4,10,0.5,1400,27.779026715119194,0.00898719999986497,0,18,144
5,0.4,10,0.5,600,45.52944483770498,0.007834000000002561,0,18,144
5,0.4,10,0.5,1000,31.52244033620389,0.00813800000014453,0,18,144
5,0.4,10,0.5,1400,31.783688535956788,0.007546299999830808,0,18,144
5,0.4,10,0.5,600,18.575192058992933,0.008732300000019677,0,18,144
5,0.4,10,0.5,1000,18.666081472939304,0.00756479999995463,0,18,144
5,0.4,10,0.5,1400,18.450778042245375,0.008097399999996924,0,18,144
5,0.4,10,0.5,600,24.119595749450195,0.007653299999901719,0,18,144
5,0.4,10,0.5,1000,24.42031747073874,0.007915799999864248,0,18,144
5,0.4,10,0.5,1400,24.428908222814126,0.007906300000058764,0,18,144
5,0.4,10,0.5,600,26.837365120603174,0.008609100000057879,0,18,144
5,0.4,10,0.5,1000,26.837365120603174,0.007437600000002931,0,18,144
5,0.4,10,0.5,1400,26.837365120603174,0.007747200000039811,0,18,144
5,0.4,10,1.0,600,26.103204270497073,0.007675100000142265,0,18,144
5,0.4,10,1.0,1000,26.19202754985589,0.00911820000010266,0,18,144
5,0.4,10,1.0,1400,26.205531345410574,0.008849499999996624,0,18,144
5,0.4,10,1.0,600,55.72870193762775,0.008166399999936402,0,18,144
5,0.4,10,1.0,1000,40.63290676109162,0.008153700000093522,0,18,144
5,0.4,10,1.0,1400,40.92840104651689,0.00746419999995851,0,18,144
5,0.4,10,1.0,600,36.44212918671301,0.008621100000027582,0,18,144
5,0.4,10,1.0,1000,36.34412451170078,0.007593999999926382,0,18,144
5,0.4,10,1.0,1400,35.770255667316015,0.008472900000015215,0,18,144
5,0.4,10,1.0,600,17.05488483963441,0.007226400000035937,0,18,144
5,0.4,10,1.0,1000,17.12204451525001,0.00866489999998521,0,18,144
5,0.4,10,1.0,1400,17.12583181067696,0.007507600000053571,0,18,144
5,0.4,10,1.0,600,33.04374292280098,0.008045400000128211,0,18,144
5,0.4,10,1.0,1000,33.04374292280098,0.00789319999989857,0,18,144
5,0.4,10,1.0,1400,33.04374292280098,0.007853399999930843,0,18,144
5,0.4,10,5.0,600,35.88132380258835,0.008009600000150385,0,18,144
5,0.4,10,5.0,1000,36.0233538676498,0.00848519999999553,0,18,144
5,0.4,10,5.0,1400,36.03967458048013,0.008131600000069739,0,18,144
5,0.4,10,5.0,600,42.97288279435773,0.007882099999960701,0,18,144
5,0.4,10,5.0,1000,37.36113806084589,0.008710800000017116,0,18,144
5,0.4,10,5.0,1400,37.45745894536238,0.007911700000022392,0,18,144
5,0.4,10,5.0,600,23.930589680676864,0.00783200000000761,0,18,144
5,0.4,10,5.0,1000,24.0408796718394,0.007743599999912476,0,18,144
5,0.4,10,5.0,1400,23.78601046520068,0.00781900000015412,0,18,144
5,0.4,10,5.0,600,19.354731564958538,0.007774499999868567,0,18,144
5,0.4,10,5.0,1000,19.51646487001897,0.007935500000030515,0,18,144
5,0.4,10,5.0,1400,19.514648874929758,0.007371700000021519,0,18,144
5,0.4,10,5.0,600,43.41737078625317,0.008240800000066884,0,18,144
5,0.4,10,5.0,1000,43.41737078625317,0.007947899999862784,0,18,144
5,0.4,10,5.0,1400,43.41737078625317,0.008147900000039954,0,18,144
5,0.4,10,0.1,600,0.004663992357943559,0.007677700000158438,0,18,144
5,0.4,10,0.1,1000,0.006519999988790537,0.008415600000034829,4096,18,144
5,0.4,10,0.1,1400,0.0071697717029444805,0.009206699999822376,0,18,144
5,0.4,10,0.1,600,0.010474091411973755,0.008355999999821506,0,18,144
5,0.4,10,0.1,1000,0.0013109566000636464,0.007396099999823491,0,18,144
5,0.4,10,0.1,1400,0.0028139352612480562,0.008155400000077861,0,18,144
5,0.4,10,0.1,600,0.0037743159788312147,0.0074826000000030035,0,18,144
5,0.4,10,0.1,1000,0.0023615524263909025,0.008237300000018877,0,18,144
5,0.4,10,0.1,1400,0.0011566744182621989,0.0080683000001045,0,18,144
5,0.4,10,0.1,600,0.004899671959492658,0.007934999999861247,0,18,144
5,0.4,10,0.1,1000,0.002382466746840355,0.007097100000009959,0,18,144
5,0.4,10,0.1,1400,0.0015097221211519069,0.007500599999957558,0,18,144
5,0.4,10,0.1,600,-1.7765645038644333e-07,0.007791400000087378,0,18,144
5,0.4,10,0.1,1000,-1.7765645038644333e-07,0.008451899999954549,4096,18,144
5,0.4,10,0.1,1400,-1.7765645038644333e-07,0.007602500000075452,0,18,144
5,0.4,10,0.5,600,27.705992864918375,0.008449199999859047,0,18,144
5,0.4,10,0.5,1000,27.758515392842412,0.008290900000019974,0,18,144
5,0.4,10,0.5,1400,27.779026715119194,0.007877900000039517,0,18,144
5,0.4,10,0.5,600,45.52944483770498,0.007740100000091843,0,18,144
5,0.4,10,0.5,1000,31.52244033620389,0.00855039999987639,0,18,144
5,0.4,10,0.5,1400,31.783688535956788,0.007717200000115554,0,18,144
5,0.4,10,0.5,600,18.575192058992933,0.008476299999983894,0,18,144
5,0.4,10,0.5,1000,18.666081472939304,0.007428399999980684,0,18,144
5,0.4,10,0.5,1400,18.450778042245375,0.007795500000156608,0,18,144
5,0.4,10,0.5,600,24.119595749450195,0.007489099999929749,0,18,144
5,0.4,10,0.5,1000,24.42031747073874,0.00762839999993048,0,18,144
5,0.4,10,0.5,1400,24.428908222814126,0.007624200000009296,0,18,144
5,0.4,10,0.5,600,26.837365120603174,0.00875369999994291,0,18,144
5,0.4,10,0.5,1000,26.837365120603174,0.007639100000005783,0,18,144
5,0.4,10,0.5,1400,26.837365120603174,0.007832900000039444,0,18,144
5,0.4,10,1.0,600,26.103204270497073,0.0076653999999507505,0,18,144
5,0.4,10,1.0,1000,26.19202754985589,0.008715100000017628,0,18,144
5,0.4,10,1.0,1400,26.205531345410574,0.008147199999939403,0,18,144
5,0.4,10,1.0,600,55.72870193762775,0.008398799999895346,0,18,144
5,0.4,10,1.0,1000,40.63290676109162,0.007545400000026348,0,18,144
5,0.4,10,1.0,1400,40.92840104651689,0.00786229999994248,0,18,144
5,0.4,10,1.0,600,36.44212918671301,0.007543799999893963,0,18,144
5,0.4,10,1.0,1000,36.34412451170078,0.008186700000123892,4096,18,144
5,0.4,10,1.0,1400,35.770255667316015,0.009258200000203942,0,18,144
5,0.4,10,1.0,600,17.05488483963441,0.010657600000058665,0,18,144
5,0.4,10,1.0,1000,17.12204451525001,0.008835300000100688,0,18,144
5,0.4,10,1.0,1400,17.12583181067696,0.007622099999935017,0,18,144
5,0.4,10,1.0,600,33.04374292280098,0.008352500000000873,0,18,144
5,0.4,10,1.0,1000,33.04374292280098,0.007515999999895939,0,18,144
5,0.4,10,1.0,1400,33.04374292280098,0.01024779999988823,0,18,144
5,0.4,10,5.0,600,35.88132380258835,0.008184099999880345,0,18,144
5,0.4,10,5.0,1000,36.0233538676498,0.007855199999994511,0,18,144
5,0.4,10,5.0,1400,36.03967458048013,0.008612500000026557,0,18,144
5,0.4,10,5.0,600,42.97288279435773,0.007786799999848881,0,18,144
5,0.4,10,5.0,1000,37.36113806084589,0.008269999999811262,0,18,144
5,0.4,10,5.0,1400,37.45745894536238,0.007275899999967805,0,18,144
5,0.4,10,5.0,600,23.930589680676864,0.007531299999982366,0,18,144
5,0.4,10,5.0,1000,24.0408796718394,0.007781200000181343,0,18,144
5,0.4,10,5.0,1400,23.78601046520068,0.008778800000072806,0,18,144
5,0.4,10,5.0,600,19.354731564958538,0.010120400000005247,0,18,144
5,0.4,10,5.0,1000,19.51646487001897,0.008321499999965454,0,18,144
5,0.4,10,5.0,1400,19.514648874929758,0.008064399999966554,0,18,144
5,0.4,10,5.0,600,43.41737078625317,0.009541499999841108,0,18,144
5,0.4,10,5.0,1000,43.41737078625317,0.009559200000012424,4096,18,144
5,0.4,10,5.0,1400,43.41737078625317,0.008077199999888762,0,18,144
5,0.4,10,0.1,600,0.004663992357943559,0.01097909999998592,0,18,144
5,0.4,10,0.1,1000,0.006519999988790537,0.008276400000113426,0,18,144
5,0.4,10,0.1,1400,0.0071697717029444805,0.007938899999999194,0,18,144
5,0.4,10,0.1,600,0.010474091411973755,0.007262900000114314,0,18,144
5,0.4,10,0.1,1000,0.0013109566000636464,0.00750970000012785,0,18,144
5,0.4,10,0.1,1400,0.0028139352612480562,0.0078080999999201595,0,18,144
5,0.4,10,0.1,600,0.0037743159788312147,0.008401199999980236,0,18,144
5,0.4,10,0.1,1000,0.0023615524263909025,0.008470200000147088,0,18,144
5,0.4,10,0.1,1400,0.0011566744182621989,0.007359600000199862,0,18,144
5,0.4,10,0.1,600,0.004899671959492658,0.00859630000013567,0,18,144
5,0.4,10,0.1,1000,0.002382466746840355,0.007180899999866597,4096,18,144
5,0.4,10,0.1,1400,0.0015097221211519069,0.00891870000009476,4096,18,144
5,0.4,10,0.1,600,-1.7765645038644333e-07,0.00855560000013611,0,18,144
5,0.4,10,0.1,1000,-1.7765645038644333e-07,0.008609900000010384,0,18,144
5,0.4,10,0.1,1400,-1.7765645038644333e-07,0.007896300000084011,0,18,144
5,0.4,10,0.5,600,27.705992864918375,0.013627699999915421,0,18,144
5,0.4,10,0.5,1000,27.758515392842412,0.0080748999998832,0,18,144
5,0.4,10,0.5,1400,27.779026715119194,0.007540399999925285,0,18,144
5,0.4,10,0.5,600,45.52944483770498,0.007841299999881812,0,18,144
5,0.4,10,0.5,1000,31.52244033620389,0.007672700000057375,0,18,144
5,0.4,10,0.5,1400,31.783688535956788,0.008383699999967575,4096,18,144
5,0.4,10,0.5,600,18.575192058992933,0.007582200000115336,8192,18,144
5,0.4,10,0.5,1000,18.666081472939304,0.00962759999993068,12288,18,144
5,0.4,10,0.5,1400,18.450778042245375,0.007524100000182443,0,18,144
5,0.4,10,0.5,600,24.119595749450195,0.008148800000071788,0,18,144
5,0.4,10,0.5,1000,24.42031747073874,0.0071390999999039195,0,18,144
5,0.4,10,0.5,1400,24.428908222814126,0.011463700000149402,0,18,144
5,0.4,10,0.5,600,26.837365120603174,0.00905109999985143,0,18,144
5,0.4,10,0.5,1000,26.837365120603174,0.00788050000005569,0,18,144
5,0.4,10,0.5,1400,26.837365120603174,0.008014400000092792,0,18,144
5,0.4,10,1.0,600,26.103204270497073,0.007819999999810534,0,18,144
5,0.4,10,1.0,1000,26.19202754985589,0.008531700000048659,0,18,144
5,0.4,10,1.0,1400,26.205531345410574,0.009135199999946053,0,18,144
5,0.4,10,1.0,600,55.72870193762775,0.008065700000088327,0,18,144
5,0.4,10,1.0,1000,40.63290676109162,0.008312800000112475,0,18,144
5,0.4,10,1.0,1400,40.92840104651689,0.007254000000102678,0,18,144
5,0.4,10,1.0,600,36.44212918671301,0.008994999999913489,0,18,144
5,0.4,10,1.0,1000,36.34412451170078,0.007507499999974243,0,18,144
5,0.4,10,1.0,1400,35.770255667316015,0.0076587999999446765,0,18,144
5,0.4,10,1.0,600,17.05488483963441,0.007923099999970873,0,18,144
5,0.4,10,1.0,1000,17.12204451525001,0.008245900000019901,0,18,144
5,0.4,10,1.0,1400,17.12583181067696,0.008299200000010387,0,18,144
5,0.4,10,1.0,600,33.04374292280098,0.008323300000029121,0,18,144
5,0.4,10,1.0,1000,33.04374292280098,0.007838700000093013,0,18,144
5,0.4,10,1.0,1400,33.04374292280098,0.007875900000044567,0,18,144
5,0.4,10,5.0,600,35.88132380258835,0.00995839999995951,0,18,144
5,0.4,10,5.0,1000,36.0233538676498,0.008162600000105158,0,18,144
5,0.4,10,5.0,1400,36.03967458048013,0.007674500000121043,0,18,144
5,0.4,10,5.0,600,42.97288279435773,0.007277400000020862,0,18,144
5,0.4,10,5.0,1000,37.36113806084589,0.007971900000029564,0,18,144
5,0.4,10,5.0,1400,37.45745894536238,0.008323200000177167,0,18,144
5,0.4,10,5.0,600,23.930589680676864,0.008746100000053048,0,18,144
5,0.4,10,5.0,1000,24.0408796718394,0.008215700000164361,0,18,144
5,0.4,10,5.0,1400,23.78601046520068,0.007958099999996193,0,18,144
5,0.4,10,5.0,600,19.354731564958538,0.008798000000069806,0,18,144
5,0.4,10,5.0,1000,19.51646487001897,0.008343700000068566,0,18,144
5,0.4,10,5.0,1400,19.514648874929758,0.007731299999932162,0,18,144
5,0.4,10,5.0,600,43.41737078625317,0.007771699999921111,0,18,144
5,0.4,10,5.0,1000,43.41737078625317,0.008546899999828383,0,18,144
5,0.4,10,5.0,1400,43.41737078625317,0.007841300000109186,0,18,144
5,0.4,10,0.1,600,0.004663992357943559,0.008497499999975844,0,18,144
5,0.4,10,0.1,1000,0.006519999988790537,0.00786429999993743,0,18,144
5,0.4,10,0.1,1400,0.0071697717029444805,0.008875699999862263,0,18,144
5,0.4,10,0.1,600,0.010474091411973755,0.008239300000013827,0,18,144
5,0.4,10,0.1,1000,0.0013109566000636464,0.007631299999957264,0,18,144
5,0.4,10,0.1,1400,0.0028139352612480562,0.008367899999939254,0,18,144
5,0.4,10,0.1,600,0.0037743159788312147,0.008230599999933474,0,18,144
5,0.4,10,0.1,1000,0.0023615524263909025,0.007953799999995681,0,18,144
5,0.4,10,0.1,1400,0.0011566744182621989,0.007759600000099454,0,18,144
5,0.4,10,0.1,600,0.004899671959492658,0.008160599999882834,0,18,144
5,0.4,10,0.1,1000,0.002382466746840355,0.0073701000001165085,0,18,144
5,0.4,10,0.1,1400,0.0015097221211519069,0.007607599999801096,0,18,144
5,0.4,10,0.1,600,-1.7765645038644333e-07,0.008515100000067832,0,18,144
5,0.4,10,0.1,1000,-1.7765645038644333e-07,0.010203999999930602,4096,18,144
5,0.4,10,0.1,1400,-1.7765645038644333e-07,0.008285900000146285,0,18,144
5,0.4,10,0.5,600,27.705992864918375,0.007860800000116797,0,18,144
5,0.4,10,0.5,1000,27.758515392842412,0.008196999999881882,0,18,144
5,0.4,10,0.5,1400,27.779026715119194,0.009929600000077698,0,18,144
5,0.4,10,0.5,600,45.52944483770498,0.007606600000144681,0,18,144
5,0.4,10,0.5,1000,31.52244033620389,0.008041399999910936,0,18,144
5,0.4,10,0.5,1400,31.783688535956788,0.007349700000077064,0,18,144
5,0.4,10,0.5,600,18.575192058992933,0.008279599999923448,0,18,144
5,0.4,10,0.5,1000,18.666081472939304,0.007789399999865054,0,18,144
5,0.4,10,0.5,1400,18.450778042245375,0.00843580000014299,0,18,144
5,0.4,10,0.5,600,24.119595749450195,0.007967400000097768,0,18,144
5,0.4,10,0.5,1000,24.42031747073874,0.007479099999954997,0,18,144
5,0.4,10,0.5,1400,24.428908222814126,0.007938199999898643,4096,18,144
5,0.4,10,0.5,600,26.837365120603174,0.008626000000049316,0,18,144
5,0.4,10,0.5,1000,26.837365120603174,0.009454499999947075,0,18,144
5,0.4,10,0.5,1400,26.837365120603174,0.008086199999979726,0,18,144
5,0.4,10,1.0,600,26.103204270497073,0.008069900000009511,0,18,144
5,0.4,10,1.0,1000,26.19202754985589,0.009679699999878721,0,18,144
5,0.4,10,1.0,1400,26.205531345410574,0.009298199999875578,0,18,144
5,0.4,10,1.0,600,55.72870193762775,0.007391399999960413,0,18,144
5,0.4,10,1.0,1000,40.63290676109162,0.010257600000159073,0,18,144
5,0.4,10,1.0,1400,40.92840104651689,0.014096000000108688,0,18,144
5,0.4,10,1.0,600,36.44212918671301,0.011545999999952983,0,18,144
5,0.4,10,1.0,1000,36.34412451170078,0.011212300000124742,4096,18,144
5,0.4,10,1.0,1400,35.770255667316015,0.008897799999886047,0,18,144
5,0.4,10,1.0,600,17.05488483963441,0.007552400000122361,0,18,144
5,0.4,10,1.0,1000,17.12204451525001,0.00857440000004317,0,18,144
5,0.4,10,1.0,1400,17.12583181067696,0.0074438999999983935,0,18,144
5,0.4,10,1.0,600,33.04374292280098,0.008399300000064613,0,18,144
5,0.4,10,1.0,1000,33.04374292280098,0.007506600000169783,0,18,144
5,0.4,10,1.0,1400,33.04374292280098,0.012192599999934828,0,18,144
5,0.4,10,5.0,600,35.88132380258835,0.007739200000060009,0,18,144
5,0.4,10,5.0,1000,36.0233538676498,0.008406799999875147,0,18,144
5,0.4,10,5.0,1400,36.03967458048013,0.008871400000089125,0,18,144
5,0.4,10,5.0,600,42.97288279435773,0.007798300000104064,0,18,144
5,0.4,10,5.0,1000,37.36113806084589,0.00913059999993493,0,18,144
5,0.4,10,5.0,1400,37.45745894536238,0.008583699999917371,0,18,144
5,0.4,10,5.0,600,23.930589680676864,0.008450799999991432,0,18,144
5,0.4,10,5.0,1000,24.0408796718394,0.00847299999986717,0,18,144
5,0.4,10,5.0,1400,23.78601046520068,0.007468300000027739,0,18,144
5,0.4,10,5.0,600,19.354731564958538,0.009778000000096654,0,18,144
5,0.4,10,5.0,1000,19.51646487001897,0.008403499999985797,0,18,144
5,0.4,10,5.0,1400,19.514648874929758,0.007845699999961653,0,18,144
5,0.4,10,5.0,600,43.41737078625317,0.008017600000130187,0,18,144
5,0.4,10,5.0,1000,43.41737078625317,0.007410399999798756,0,18,144
5,0.4,10,5.0,1400,43.41737078625317,0.008246500000041124,0,18,144
5,0.4,10,0.1,600,0.004663992357943559,0.007713200000125653,0,18,144
5,0.4,10,0.1,1000,0.006519999988790537,0.009034299999939321,0,18,144
5,0.4,10,0.1,1400,0.0071697717029444805,0.008435199999894394,0,18,144
5,0.4,10,0.1,600,0.010474091411973755,0.008394500000122207,0,18,144
5,0.4,10,0.1,1000,0.0013109566000636464,0.009358599999814032,0,18,144
5,0.4,10,0.1,1400,0.0028139352612480562,0.008783499999935884,0,18,144
5,0.4,10,0.1,600,0.0037743159788312147,0.009086699999897974,0,18,144
5,0.4,10,0.1,1000,0.0023615524263909025,0.008121200000005047,0,18,144
5,0.4,10,0.1,1400,0.0011566744182621989,0.008334200000035707,0,18,144
5,0.4,10,0.1,600,0.004899671959492658,0.008622000000059415,0,18,144
5,0.4,10,0.1,1000,0.002382466746840355,0.007153199999947901,4096,18,144
5,0.4,10,0.1,1400,0.0015097221211519069,0.010184100000060425,0,18,144
5,0.4,10,0.1,600,-1.7765645038644333e-07,0.00810630000000856,0,18,144
5,0.4,10,0.1,1000,-1.7765645038644333e-07,0.008035500000005413,0,18,144
5,0.4,10,0.1,1400,-1.7765645038644333e-07,0.007656600000018443,0,18,144
5,0.4,10,0.5,600,27.705992864918375,0.008338700000194876,0,18,144
5,0.4,10,0.5,1000,27.758515392842412,0.00814659999991818,0,18,144
5,0.4,10,0.5,1400,27.779026715119194,0.008186300000033953,0,18,144
5,0.4,10,0.5,600,45.52944483770498,0.007264800000029936,0,18,144
5,0.4,10,0.5,1000,31.52244033620389,0.007465500000080283,0,18,144
5,0.4,10,0.5,1400,31.783688535956788,0.008136199999853488,0,18,144
5,0.4,10,0.5,600,18.575192058992933,0.007804999999962092,4096,18,144
5,0.4,10,0.5,1000,18.666081472939304,0.007802099999935308,0,18,144
5,0.4,10,0.5,1400,18.450778042245375,0.007898999999952139,0,18,144
5,0.4,10,0.5,600,24.119595749450195,0.007591000000047643,0,18,144
5,0.4,10,0.5,1000,24.42031747073874,0.008034400000042297,0,18,144
5,0.4,10,0.5,1400,24.428908222814126,0.007545500000105676,0,18,144
5,0.4,10,0.5,600,26.837365120603174,0.008347599999979138,0,18,144
5,0.4,10,0.5,1000,26.837365120603174,0.00794650000011643,0,18,144
5,0.4,10,0.5,1400,26.837365120603174,0.009379600000102073,0,18,144
5,0.4,10,1.0,600,26.103204270497073,0.008557199999813747,0,18,144
5,0.4,10,1.0,1000,26.19202754985589,0.007956400000011854,0,18,144
5,0.4,10,1.0,1400,26.205531345410574,0.007935499999803142,4096,18,144
5,0.4,10,1.0,600,55.72870193762775,0.007426299999906405,4096,18,144
5,0.4,10,1.0,1000,40.63290676109162,0.01642489999994723,16384,18,144
5,0.4,10,1.0,1400,40.92840104651689,0.007775100000117163,0,18,144
5,0.4,10,1.0,600,36.44212918671301,0.007476100000076258,0,18,144
5,0.4,10,1.0,1000,36.34412451170078,0.007787700000108089,0,18,144
5,0.4,10,1.0,1400,35.770255667316015,0.01015840000013668,0,18,144
5,0.4,10,1.0,600,17.05488483963441,0.01031009999996968,0,18,144
5,0.4,10,1.0,1000,17.12204451525001,0.007995700000037687,0,18,144
5,0.4,10,1.0,1400,17.12583181067696,0.007632299999841052,0,18,144
5,0.4,10,1.0,600,33.04374292280098,0.008331199999929595,0,18,144
5,0.4,10,1.0,1000,33.04374292280098,0.008046400000012,0,18,144
5,0.4,10,1.0,1400,33.04374292280098,0.007918100000097184,0,18,144
5,0.4,10,5.0,600,35.88132380258835,0.0077599999999620195,0,18,144
5,0.4,10,5.0,1000,36.0233538676498,0.00807970000005298,0,18,144
5,0.4,10,5.0,1400,36.03967458048013,0.008626000000049316,0,18,144
5,0.4,10,5.0,600,42.97288279435773,0.009301800000002913,0,18,144
5,0.4,10,5.0,1000,37.36113806084589,0.0076678000000356406,0,18,144
5,0.4,10,5.0,1400,37.45745894536238,0.007320200000094701,0,18,144
5,0.4,10,5.0,600,23.930589680676864,0.0077573999999458465,0,18,144
5,0.4,10,5.0,1000,24.0408796718394,0.00786429999993743,0,18,144
5,0.4,10,5.0,1400,23.78601046520068,0.007883300000003146,0,18,144
5,0.4,10,5.0,600,19.354731564958538,0.007800200000019686,0,18,144
5,0.4,10,5.0,1000,19.51646487001897,0.0077922999998918385,0,18,144
5,0.4,10,5.0,1400,19.514648874929758,0.008064699999977165,0,18,144
5,0.4,10,5.0,600,43.41737078625317,0.007687799999985145,0,18,144
5,0.4,10,5.0,1000,43.41737078625317,0.008000199999969482,0,18,144
5,0.4,10,5.0,1400,43.41737078625317,0.00781860000006418,0,18,144
10,0.2,2,0.1,600,0.006488731487137649,0.01607330000001639,0,38,304
10,0.2,2,0.1,1000,0.005927459651569601,0.016338599999926373,0,38,304
10,0.2,2,0.1,1400,0.006256598615097798,0.015828299999839146,0,38,304
10,0.2,2,0.1,600,0.01967137957512046,0.015609199999971679,0,38,304
10,0.2,2,0.1,1000,0.020720922364882412,0.021318000000064785,0,38,304
10,0.2,2,0.1,1400,0.018054317829041596,0.016760799999929077,0,38,304
10,0.2,2,0.1,600,0.011405079324586983,0.016109500000084154,0,38,304
10,0.2,2,0.1,1000,0.01019611726227381,0.01604019999990669,0,38,304
10,0.2,2,0.1,1400,0.008201924512934061,0.015744199999971897,0,38,304
10,0.2,2,0.1,600,0.06235094012125344,0.016018899999835412,0,38,304
10,0.2,2,0.1,1000,0.02122277234741889,0.01582149999990179,0,38,304
10,0.2,2,0.1,1400,0.02033719387398076,0.018210300000191637,0,38,304
10,0.2,2,0.1,600,0.016014510231003014,0.01610919999984617,0,38,304
10,0.2,2,0.1,1000,0.01808467361103734,0.015688999999838416,0,38,304
10,0.2,2,0.1,1400,0.013330265005938298,0.016546199999993405,0,38,304
10,0.2,2,0.5,600,89.9245271107006,0.01589149999995243,0,38,304
10,0.2,2,0.5,1000,90.33403069559354,0.015786400000024514,0,38,304
10,0.2,2,0.5,1400,90.1007449399509,0.016274300000077346,0,38,304
10,0.2,2,0.5,600,54.66920512640318,0.01620069999989937,0,38,304
10,0.2,2,0.5,1000,54.47297811442609,0.017109700000219163,0,38,304
10,0.2,2,0.5,1400,53.758941993209554,0.015688700000055178,4096,38,304
10,0.2,2,0.5,600,55.20615853059769,0.016172399999959453,0,38,304
10,0.2,2,0.5,1000,55.29836762991659,0.015599599999859493,0,38,304
10,0.2,2,0.5,1400,55.16859916131511,0.015768900000011854,0,38,304
10,0.2,2,0.5,600,71.57419682149596,0.016064800000094692,0,38,304
10,0.2,2,0.5,1000,50.148057347905706,0.015931700000010096,0,38,304
10,0.2,2,0.5,1400,49.71456322991453,0.016722800000025018,4096,38,304
10,0.2,2,0.5,600,51.9278471400363,0.016996600000084072,0,38,304
10,0.2,2,0.5,1000,51.45390480859282,0.01756000000000313,0,38,304
10,0.2,2,0.5,1400,32.959436591174246,0.01704939999990529,0,38,304
10,0.2,2,1.0,600,55.66767690400952,0.015889400000105525,0,38,304
10,0.2,2,1.0,1000,55.92722782087768,0.01620779999984734,0,38,304
10,0.2,2,1.0,1400,55.78907729050059,0.016230700000051,12288,38,304
10,0.2,2,1.0,600,46.75913377065722,0.016889200000150595,0,38,304
10,0.2,2,1.0,1000,47.12091507899193,0.016627499999913198,0,38,304
10,0.2,2,1.0,1400,46.298154092090606,0.021425299999918934,0,38,304
10,0.2,2,1.0,600,77.76402780201019,0.01956130000007761,0,38,304
10,0.2,2,1.0,1000,77.84209647500522,0.018659500000012486,0,38,304
10,0.2,2,1.0,1400,75.82202089621927,0.01877880000006371,16384,38,304
10,0.2,2,1.0,600,62.192161634986135,0.020832700000028126,0,38,304
10,0.2,2,1.0,1000,53.19199374703484,0.016956299999947078,0,38,304
10,0.2,2,1.0,1400,53.006374519285,0.02316789999986213,0,38,304
10,0.2,2,1.0,600,61.28438017888125,0.01669480000009571,0,38,304
10,0.2,2,1.0,1000,61.16081502503868,0.01650929999982509,4096,38,304
10,0.2,2,1.0,1400,60.28043410597382,0.016712399999960326,16384,38,304
10,0.2,2,5.0,600,56.09015843008446,0.01797149999993053,0,38,304
10,0.2,2,5.0,1000,56.25886609708189,0.01981470000009722,0,38,304
10,0.2,2,5.0,1400,56.182363599337755,0.016624999999976353,0,38,304
10,0.2,2,5.0,600,55.45390208068832,0.016550499999993917,0,38,304
10,0.2,2,5.0,1000,55.60797815748508,0.018292200000132652,0,38,304
10,0.2,2,5.0,1400,55.034824186521305,0.0207570999998552,20480,38,304
10,0.2,2,5.0,600,72.98078329959773,0.016616099999964717,0,38,304
10,0.2,2,5.0,1000,73.13712204237352,0.01812570000015512,0,38,304
10,0.2,2,5.0,1400,66.48990336118811,0.017726999999922555,0,38,304
10,0.2,2,5.0,600,72.95969456241343,0.016021699999782868,0,38,304
10,0.2,2,5.0,1000,63.84527245438717,0.017121300000098927,4096,38,304
10,0.2,2,5.0,1400,63.70596606480137,0.016126799999938157,8192,38,304
10,0.2,2,5.0,600,70.18217362735365,0.01679999999987558,0,38,304
10,0.2,2,5.0,1000,69.88936941374583,0.017058700000006866,0,38,304
10,0.2,2,5.0,1400,63.12887086963898,0.016042400000060297,0,38,304
10,0.2,2,0.1,600,0.006488731487137649,0.01736599999981081,0,38,304
10,0.2,2,0.1,1000,0.005927459651569601,0.016573299999890878,0,38,304
10,0.2,2,0.1,1400,0.006256598615097798,0.016335799999978917,0,38,304
10,0.2,2,0.1,600,0.01967137957512046,0.01688960000001316,0,38,304
10,0.2,2,0.1,1000,0.020720922364882412,0.01609639999992396,0,38,304
10,0.2,2,0.1,1400,0.018054317829041596,0.016792599999917,0,38,304
10,0.2,2,0.1,600,0.011405079324586983,0.01832620000004681,0,38,304
10,0.2,2,0.1,1000,0.01019611726227381,0.017516900000146052,0,38,304
10,0.2,2,0.1,1400,0.008201924512934061,0.017190600000049017,0,38,304
10,0.2,2,0.1,600,0.06235094012125344,0.016936299999997573,0,38,304
10,0.2,2,0.1,1000,0.02122277234741889,0.01756149999982881,0,38,304
10,0.2,2,0.1,1400,0.02033719387398076,0.018987299999935203,0,38,304
10,0.2,2,0.1,600,0.016014510231003014,0.016385700000000725,0,38,304
10,0.2,2,0.1,1000,0.01808467361103734,0.0162870000001476,0,38,304
10,0.2,2,0.1,1400,0.013330265005938298,0.017339700000093217,0,38,304
10,0.2,2,0.5,600,89.9245271107006,0.017142100000000937,0,38,304
10,0.2,2,0.5,1000,90.33403069559354,0.01663450000000921,0,38,304
10,0.2,2,0.5,1400,90.1007449399509,0.01780220000000554,0,38,304
10,0.2,2,0.5,600,54.66920512640318,0.016646399999899586,0,38,304
10,0.2,2,0.5,1000,54.47297811442609,0.01731619999986833,0,38,304
10,0.2,2,0.5,1400,53.758941993209554,0.017295000000103755,0,38,304
10,0.2,2,0.5,600,55.20615853059769,0.017137800000000425,0,38,304
10,0.2,2,0.5,1000,55.29836762991659,0.01734460000011495,0,38,304
10,0.2,2,0.5,1400,55.16859916131511,0.016087299999981042,0,38,304
10,0.2,2,0.5,600,71.57419682149596,0.016377700000020923,0,38,304
10,0.2,2,0.5,1000,50.148057347905706,0.024152100000037535,0,38,304
10,0.2,2,0.5,1400,49.71456322991453,0.01609439999992901,0,38,304
10,0.2,2,0.5,600,51.9278471400363,0.015821299999970506,0,38,304
10,0.2,2,0.5,1000,51.45390480859282,0.018921199999795135,0,38,304
10,0.2,2,0.5,1400,32.959436591174246,0.01827969999999368,0,38,304
10,0.2,2,1.0,600,55.66767690400952,0.01679070000000138,0,38,304
10,0.2,2,1.0,1000,55.92722782087768,0.01610930000015287,0,38,304
10,0.2,2,1.0,1400,55.78907729050059,0.016596599999957107,0,38,304
10,0.2,2,1.0,600,46.75913377065722,0.01903989999982514,0,38,304
10,0.2,2,1.0,1000,47.12091507899193,0.020399400000087553,0,38,304
10,0.2,2,1.0,1400,46.298154092090606,0.017125000000078217,0,38,304
10,0.2,2,1.0,600,77.76402780201019,0.017067699999870456,0,38,304
10,0.2,2,1.0,1000,77.84209647500522,0.016758600000002843,0,38,304
10,0.2,2,1.0,1400,75.82202089621927,0.01622300000008181,0,38,304
10,0.2,2,1.0,600,62.192161634986135,0.01715379999996003,0,38,304
10,0.2,2,1.0,1000,53.19199374703484,0.01650000000017826,0,38,304
10,0.2,2,1.0,1400,53.006374519285,0.0183967999998913,0,38,304
10,0.2,2,1.0,600,61.28438017888125,0.016425699999899734,0,38,304
10,0.2,2,1.0,1000,61.16081502503868,0.016820099999904414,0,38,304
10,0.2,2,1.0,1400,60.28043410597382,0.016752600000017992,0,38,304
10,0.2,2,5.0,600,56.09015843008446,0.017685000000028595,0,38,304
10,0.2,2,5.0,1000,56.25886609708189,0.016698399999995672,0,38,304
10,0.2,2,5.0,1400,56.182363599337755,0.01782750000006672,0,38,304
10,0.2,2,5.0,600,55.45390208068832,0.021659600000020873,0,38,304
10,0.2,2,5.0,1000,55.60797815748508,0.017025099999955273,0,38,304
10,0.2,2,5.0,1400,55.034824186521305,0.016431099999863363,4096,38,304
10,0.2,2,5.0,600,72.98078329959773,0.018296999999847685,0,38,304
10,0.2,2,5.0,1000,73.13712204237352,0.0166150000000016,0,38,304
10,0.2,2,5.0,1400,66.48990336118811,0.019924800000126197,0,38,304
10,0.2,2,5.0,600,72.95969456241343,0.01632870000003095,0,38,304
10,0.2,2,5.0,1000,63.84527245438717,0.017895700000053694,0,38,304
10,0.2,2,5.0,1400,63.70596606480137,0.016207899999926667,0,38,304
10,0.2,2,5.0,600,70.18217362735365,0.016968599999927392,0,38,304
10,0.2,2,5.0,1000,69.88936941374583,0.01684860000000299,0,38,304
10,0.2,2,5.0,1400,63.12887086963898,0.01669440000000577,0,38,304
10,0.2,2,0.1,600,0.006488731487137649,0.01650289999997767,0,38,304
10,0.2,2,0.1,1000,0.005927459651569601,0.016831600000159597,0,38,304
10,0.2,2,0.1,1400,0.006256598615097798,0.016777099999899292,16384,38,304
10,0.2,2,0.1,600,0.01967137957512046,0.016657000000122935,0,38,304
10,0.2,2,0.1,1000,0.020720922364882412,0.01798899999994319,0,38,304
10,0.2,2,0.1,1400,0.018054317829041596,0.017484799999920142,0,38,304
10,0.2,2,0.1,600,0.011405079324586983,0.01604789999987588,0,38,304
10,0.2,2,0.1,1000,0.01019611726227381,0.017320200000085606,0,38,304
10,0.2,2,0.1,1400,0.008201924512934061,0.01619410000012067,16384,38,304
10,0.2,2,0.1,600,0.06235094012125344,0.01623779999999897,0,38,304
10,0.2,2,0.1,1000,0.02122277234741889,0.01654129999997167,0,38,304
10,0.2,2,0.1,1400,0.02033719387398076,0.016981500000156302,0,38,304
10,0.2,2,0.1,600,0.016014510231003014,0.027109499999824038,0,38,304
10,0.2,2,0.1,1000,0.01808467361103734,0.022991100000126607,0,38,304
10,0.2,2,0.1,1400,0.013330265005938298,0.017049400000132664,0,38,304
10,0.2,2,0.5,600,89.9245271107006,0.016361899999992602,0,38,304
10,0.2,2,0.5,1000,90.33403069559354,0.017681000000038694,0,38,304
10,0.2,2,0.5,1400,90.1007449399509,0.018848700000035024,0,38,304
10,0.2,2,0.5,600,54.66920512640318,0.016118799999958355,0,38,304
10,0.2,2,0.5,1000,54.47297811442609,0.017263100000036502,0,38,304
10,0.2,2,0.5,1400,53.758941993209554,0.01747720000003028,0,38,304
10,0.2,2,0.5,600,55.20615853059769,0.017496100000016668,0,38,304
10,0.2,2,0.5,1000,55.29836762991659,0.01806389999978819,0,38,304
10,0.2,2,0.5,1400,55.16859916131511,0.019395399999893925,0,38,304
10,0.2,2,0.5,600,71.57419682149596,0.018102600000020175,0,38,304
10,0.2,2,0.5,1000,50.148057347905706,0.017599399999880916,0,38,304
10,0.2,2,0.5,1400,49.71456322991453,0.01715420000004997,0,38,304
10,0.2,2,0.5,600,51.9278471400363,0.016634800000019823,0,38,304
10,0.2,2,0.5,1000,51.45390480859282,0.016459500000109983,0,38,304
10,0.2,2,0.5,1400,32.959436591174246,0.017959900000050766,0,38,304
10,0.2,2,1.0,600,55.66767690400952,0.016903399999819158,0,38,304
10,0.2,2,1.0,1000,55.92722782087768,0.016230700000051,0,38,304
10,0.2,2,1.0,1400,55.78907729050059,0.01664559999994708,0,38,304
10,0.2,2,1.0,600,46.75913377065722,0.01697450000006029,0,38,304
10,0.2,2,1.0,1000,47.12091507899193,0.017073500000151398,0,38,304
10,0.2,2,1.0,1400,46.298154092090606,0.01704979999999523,0,38,304
10,0.2,2,1.0,600,77.76402780201019,0.016118100000085178,0,38,304
10,0.2,2,1.0,1000,77.84209647500522,0.020517100000006394,0,38,304
10,0.2,2,1.0,1400,75.82202089621927,0.016343700000106764,0,38,304
10,0.2,2,1.0,600,62.192161634986135,0.016100000000051296,0,38,304
10,0.2,2,1.0,1000,53.19199374703484,0.01647159999993164,0,38,304
10,0.2,2,1.0,1400,53.006374519285,0.016750100000081147,0,38,304
10,0.2,2,1.0,600,61.28438017888125,0.01830900000004476,0,38,304
10,0.2,2,1.0,1000,61.16081502503868,0.01622969999993984,0,38,304
10,0.2,2,1.0,1400,60.28043410597382,0.018071299999974144,0,38,304
10,0.2,2,5.0,600,56.09015843008446,0.016459800000120595,0,38,304
10,0.2,2,5.0,1000,56.25886609708189,0.016419700000142257,0,38,304
10,0.2,2,5.0,1400,56.182363599337755,0.016579399999955058,0,38,304
10,0.2,2,5.0,600,55.45390208068832,0.0162419000000682,0,38,304
10,0.2,2,5.0,1000,55.60797815748508,0.017310800000132076,0,38,304
10,0.2,2,5.0,1400,55.034824186521305,0.017412500000091313,0,38,304
10,0.2,2,5.0,600,72.98078329959773,0.018385100000159582,0,38,304
10,0.2,2,5.0,1000,73.13712204237352,0.016357999999854655,0,38,304
10,0.2,2,5.0,1400,66.48990336118811,0.018678800000088813,0,38,304
10,0.2,2,5.0,600,72.95969456241343,0.016280100000130915,0,38,304
10,0.2,2,5.0,1000,63.84527245438717,0.01634680000006483,0,38,304
10,0.2,2,5.0,1400,63.70596606480137,0.017851199999995515,0,38,304
10,0.2,2,5.0,600,70.18217362735365,0.017054800000096293,0,38,304
10,0.2,2,5.0,1000,69.88936941374583,0.016542900000104055,0,38,304
10,0.2,2,5.0,1400,63.12887086963898,0.01647650000018075,0,38,304
10,0.2,2,0.1,600,0.006488731487137649,0.01677160000008371,0,38,304
10,0.2,2,0.1,1000,0.005927459651569601,0.017323899999837522,0,38,304
10,0.2,2,0.1,1400,0.006256598615097798,0.01704380000001038,0,38,304
10,0.2,2,0.1,600,0.01967137957512046,0.016731199999867385,0,38,304
10,0.2,2,0.1,1000,0.020720922364882412,0.017808600000080332,0,38,304
10,0.2,2,0.1,1400,0.018054317829041596,0.023908500000061395,0,38,304
10,0.2,2,0.1,600,0.011405079324586983,0.016626299999870753,0,38,304
10,0.2,2,0.1,1000,0.01019611726227381,0.016382699999894612,0,38,304
10,0.2,2,0.1,1400,0.008201924512934061,0.016675099999929444,0,38,304
10,0.2,2,0.1,600,0.06235094012125344,0.017116199999918535,4096,38,304
10,0.2,2,0.1,1000,0.02122277234741889,0.017943800000011834,0,38,304
10,0.2,2,0.1,1400,0.02033719387398076,0.017568699999856108,0,38,304
10,0.2,2,0.1,600,0.016014510231003014,0.015999299999975847,4096,38,304
10,0.2,2,0.1,1000,0.01808467361103734,0.017180499999994936,0,38,304
10,0.2,2,0.1,1400,0.013330265005938298,0.01636970000004112,0,38,304
10,0.2,2,0.5,600,89.9245271107006,0.017134999999825595,4096,38,304
10,0.2,2,0.5,1000,90.33403069559354,0.01723349999997481,0,38,304
10,0.2,2,0.5,1400,90.1007449399509,0.01652660000013384,0,38,304
10,0.2,2,0.5,600,54.66920512640318,0.017197800000076313,0,38,304
10,0.2,2,0.5,1000,54.47297811442609,0.017528399999946487,0,38,304
10,0.2,2,0.5,1400,53.758941993209554,0.016515899999831163,16384,38,304
10,0.2,2,0.5,600,55.20615853059769,0.017787700000098994,0,38,304
10,0.2,2,0.5,1000,55.29836762991659,0.017451799999889772,0,38,304
10,0.2,2,0.5,1400,55.16859916131511,0.016254299999900468,0,38,304
10,0.2,2,0.5,600,71.57419682149596,0.016739700000016455,0,38,304
10,0.2,2,0.5,1000,50.148057347905706,0.018303399999922476,0,38,304
10,0.2,2,0.5,1400,49.71456322991453,0.01570539999988796,0,38,304
10,0.2,2,0.5,600,51.9278471400363,0.017621700000063356,0,38,304
10,0.2,2,0.5,1000,51.45390480859282,0.016703699999879973,0,38,304
10,0.2,2,0.5,1400,32.959436591174246,0.01751960000001418,0,38,304
10,0.2,2,1.0,600,55.66767690400952,0.01671319999991283,0,38,304
10,0.2,2,1.0,1000,55.92722782087768,0.018811700000014753,0,38,304
10,0.2,2,1.0,1400,55.78907729050059,0.016282400000136477,0,38,304
10,0.2,2,1.0,600,46.75913377065722,0.018687499999941792,0,38,304
10,0.2,2,1.0,1000,47.12091507899193,0.029540699999870412,0,38,304
10,0.2,2,1.0,1400,46.298154092090606,0.02175089999991542,0,38,304
10,0.2,2,1.0,600,77.76402780201019,0.01720860000000357,0,38,304
10,0.2,2,1.0,1000,77.84209647500522,0.016820499999994354,0,38,304
10,0.2,2,1.0,1400,75.82202089621927,0.016345999999884953,0,38,304
10,0.2,2,1.0,600,62.192161634986135,0.01606820000006337,0,38,304
10,0.2,2,1.0,1000,53.19199374703484,0.020934599999918646,0,38,304
10,0.2,2,1.0,1400,53.006374519285,0.0176997000000938,0,38,304
10,0.2,2,1.0,600,61.28438017888125,0.01612499999987449,0,38,304
10,0.2,2,1.0,1000,61.16081502503868,0.017213800000035917,0,38,304
10,0.2,2,1.0,1400,60.28043410597382,0.016275100000029852,0,38,304
10,0.2,2,5.0,600,56.09015843008446,0.016414700000041194,0,38,304
10,0.2,2,5.0,1000,56.25886609708189,0.017388999999866428,0,38,304
10,0.2,2,5.0,1400,56.182363599337755,0.01637150000010479,0,38,304
10,0.2,2,5.0,600,55.45390208068832,0.01660770000012235,0,38,304
10,0.2,2,5.0,1000,55.60797815748508,0.01920620000009876,0,38,304
10,0.2,2,5.0,1400,55.034824186521305,0.020291999999926702,0,38,304
10,0.2,2,5.0,600,72.98078329959773,0.01735970000004272,0,38,304
10,0.2,2,5.0,1000,73.13712204237352,0.016644499999983964,0,38,304
10,0.2,2,5.0,1400,66.48990336118811,0.016793900000038775,0,38,304
10,0.2,2,5.0,600,72.95969456241343,0.016084500000033586,0,38,304
10,0.2,2,5.0,1000,63.84527245438717,0.01637110000001485,0,38,304
10,0.2,2,5.0,1400,63.70596606480137,0.01694039999983943,0,38,304
10,0.2,2,5.0,600,70.18217362735365,0.019267200000058438,0,38,304
10,0.2,2,5.0,1000,69.88936941374583,0.023272500000075524,0,38,304
10,0.2,2,5.0,1400,63.12887086963898,0.021142400000144335,0,38,304
10,0.28888888888888886,2,0.1,600,61.62776771837729,0.018005800000082672,0,58,464
10,0.28888888888888886,2,0.1,1000,62.138593342143295,0.018834599999991042,0,58,464
10,0.28888888888888886,2,0.1,1400,61.781918398204574,0.018191800000067815,0,58,464
10,0.28888888888888886,2,0.1,600,8.740577639548416,0.01933310000003985,12288,58,464
10,0.28888888888888886,2,0.1,1000,8.537934566553396,0.0202455999999529,0,58,464
10,0.28888888888888886,2,0.1,1400,8.411773970216341,0.0188533999998981,0,58,464
10,0.28888888888888886,2,0.1,600,74.19486636501446,0.018155700000079378,0,54,432
10,0.28888888888888886,2,0.1,1000,74.22577628049639,0.0196630999998888,0,54,432
10,0.28888888888888886,2,0.1,1400,74.2413330946514,0.018824300000005678,0,54,432
10,0.28888888888888886,2,0.1,600,62.683685182116974,0.019071400000029826,0,54,432
10,0.28888888888888886,2,0.1,1000,56.78674767838934,0.01844430000005559,0,54,432
10,0.28888888888888886,2,0.1,1400,56.83386993137123,0.018759699999918666,0,54,432
10,0.28888888888888886,2,0.1,600,30.75974808621468,0.018667199999981676,0,58,464
10,0.28888888888888886,2,0.1,1000,11.129918784420862,0.017267100000026403,0,58,464
10,0.28888888888888886,2,0.1,1400,8.950508170373208,0.018026200000122117,4096,58,464
10,0.28888888888888886,2,0.5,600,78.45032503772939,0.020872499999995853,0,58,464
10,0.28888888888888886,2,0.5,1000,78.59811845554894,0.017647699999997712,0,58,464
10,0.28888888888888886,2,0.5,1400,78.4893546223348,0.019123600000057195,0,58,464
10,0.28888888888888886,2,0.5,600,37.68973797270607,0.02244010000003982,0,58,464
10,0.28888888888888886,2,0.5,1000,36.72515098618646,0.024669299999914074,0,58,464
10,0.28888888888888886,2,0.5,1400,37.83987457788043,0.02846599999998034,8192,58,464
10,0.28888888888888886,2,0.5,600,99.0770134998983,0.01894100000004073,0,54,432
10,0.28888888888888886,2,0.5,1000,99.19597984146512,0.01793550000002142,0,54,432
10,0.28888888888888886,2,0.5,1400,99.0452201183374,0.01931560000002719,0,54,432
10,0.28888888888888886,2,0.5,600,41.28858408862658,0.01823130000002493,4096,54,432
10,0.28888888888888886,2,0.5,1000,41.17292962227732,0.018743100000165214,16384,54,432
10,0.28888888888888886,2,0.5,1400,41.28571888742845,0.018342399999937697,4096,54,432
10,0.28888888888888886,2,0.5,600,39.64945825255396,0.026583899999877758,0,58,464
10,0.28888888888888886,2,0.5,1000,28.913357163976727,0.01907349999987673,0,58,464
10,0.28888888888888886,2,0.5,1400,28.53606409228557,0.018769700000120793,0,58,464
10,0.28888888888888886,2,1.0,600,74.8934774496097,0.022414400000116075,8192,58,464
10,0.28888888888888886,2,1.0,1000,75.17120472440983,0.017241399999875284,32768,58,464
10,0.28888888888888886,2,1.0,1400,74.96726910149266,0.024729499999921245,12288,58,464
10,0.28888888888888886,2,1.0,600,49.91889792863271,0.017388199999913923,0,58,464
10,0.28888888888888886,2,1.0,1000,49.826780856730956,0.020204100000000835,0,58,464
10,0.28888888888888886,2,1.0,1400,50.11336340018647,0.018604399999958332,0,58,464
10,0.28888888888888886,2,1.0,600,84.19005993994045,0.018627500000093278,0,54,432
10,0.28888888888888886,2,1.0,1000,84.26322914422515,0.018026599999984683,0,54,432
10,0.28888888888888886,2,1.0,1400,82.26792782104222,0.018436500000007072,0,54,432
10,0.28888888888888886,2,1.0,600,55.51999421464299,0.025547299999971074,0,54,432
10,0.28888888888888886,2,1.0,1000,51.89327984594131,0.01949760000002243,0,54,432
10,0.28888888888888886,2,1.0,1400,51.85903976978286,0.017848799999910625,0,54,432
10,0.28888888888888886,2,1.0,600,59.57247247773525,0.017816499999980806,0,58,464
10,0.28888888888888886,2,1.0,1000,58.51729554981592,0.017538000000058673,0,58,464
10,0.28888888888888886,2,1.0,1400,57.100487122581804,0.020656299999927796,0,58,464
10,0.28888888888888886,2,5.0,600,57.59123212709058,0.022677200000089215,0,58,464
10,0.28888888888888886,2,5.0,1000,57.73760508279102,0.020351000000118802,0,58,464
10,0.28888888888888886,2,5.0,1400,57.66189683840657,0.018303900000091744,0,58,464
10,0.28888888888888886,2,5.0,600,53.42954867063558,0.02503430000001572,0,58,464
10,0.28888888888888886,2,5.0,1000,49.84703909987085,0.01782150000008187,0,58,464
10,0.28888888888888886,2,5.0,1400,52.59996798958734,0.0182807999999568,0,58,464
10,0.28888888888888886,2,5.0,600,73.5666258612112,0.018640000000004875,0,54,432
10,0.28888888888888886,2,5.0,1000,73.70212428972798,0.01838080000015907,0,54,432
10,0.28888888888888886,2,5.0,1400,67.06399569124426,0.01925019999998767,0,54,432
10,0.28888888888888886,2,5.0,600,50.384963650222524,0.018541200000072422,0,54,432
10,0.28888888888888886,2,5.0,1000,47.04527144041217,0.0180304000000433,0,54,432
10,0.28888888888888886,2,5.0,1400,47.01874125094223,0.018920600000001286,0,54,432
10,0.28888888888888886,2,5.0,600,53.62429700747314,0.017923599999903672,0,58,464
10,0.28888888888888886,2,5.0,1000,52.1661171210135,0.019886900000074093,0,58,464
10,0.28888888888888886,2,5.0,1400,51.11665282107776,0.018840499999896565,0,58,464
10,0.2,4,0.1,600,0.005734525865924796,0.02076090000014119,0,38,304
10,0.2,4,0.1,1000,0.00353434790256145,0.016580499999918175,0,38,304
10,0.2,4,0.1,1400,0.0016630264741687285,0.017066399999976056,0,38,304
10,0.2,4,0.1,600,0.00845067051522631,0.018789400000059686,0,38,304
10,0.2,4,0.1,1000,0.0076866962583708,0.02264070000001084,0,38,304
10,0.2,4,0.1,1400,0.00772525429260259,0.01604229999998097,0,38,304
10,0.2,4,0.1,600,0.023220953071368823,0.018154100000174367,0,38,304
10,0.2,4,0.1,1000,0.004212891853018286,0.015979300000026342,0,38,304
10,0.2,4,0.1,1400,0.003117945387453533,0.015754700000115918,0,38,304
10,0.2,4,0.1,600,0.08024972121352925,0.01566410000009455,0,38,304
10,0.2,4,0.1,1000,0.029096693619345602,0.0164785000001757,0,38,304
10,0.2,4,0.1,1400,0.029172147349729494,0.018573299999843584,0,38,304
10,0.2,4,0.1,600,0.045882984396034394,0.019137300000011237,0,38,304
10,0.2,4,0.1,1000,-3.187581896816147e-05,0.01637879999998404,0,38,304
10,0.2,4,0.1,1400,0.001022242452047435,0.016576699999859557,0,38,304
10,0.2,4,0.5,600,48.52017714484398,0.016780800000105955,0,38,304
10,0.2,4,0.5,1000,48.66959314034232,0.01662579999992886,0,38,304
10,0.2,4,0.5,1400,39.49422636154341,0.017912799999976414,0,38,304
10,0.2,4,0.5,600,54.45027246882788,0.016605100000106177,0,38,304
10,0.2,4,0.5,1000,54.415046268884474,0.017571099999940998,0,38,304
10,0.2,4,0.5,1400,52.42769682387081,0.01604900000006637,0,38,304
10,0.2,4,0.5,600,63.65573497923075,0.016237100000125793,0,38,304
10,0.2,4,0.5,1000,65.97309470469887,0.018824999999878855,0,38,304
10,0.2,4,0.5,1400,66.21138756853304,0.017878799999834882,0,38,304
10,0.2,4,0.5,600,74.81802538810038,0.01745759999994334,0,38,304
10,0.2,4,0.5,1000,73.04445284996032,0.015517799999997806,0,38,304
10,0.2,4,0.5,1400,72.62389261144146,0.016627599999992526,4096,38,304
10,0.2,4,0.5,600,73.54394017466947,0.01798430000008011,0,38,304
10,0.2,4,0.5,1000,54.867457850728414,0.019029699999919103,0,38,304
10,0.2,4,0.5,1400,55.09550567950688,0.01664759999994203,0,38,304
10,0.2,4,1.0,600,36.13164659421115,0.01677849999987302,0,38,304
10,0.2,4,1.0,1000,36.1395343947062,0.01869469999996909,0,38,304
10,0.2,4,1.0,1400,33.78661040466135,0.018247700000074474,4096,38,304
10,0.2,4,1.0,600,28.72510298073864,0.015402400000084526,0,38,304
10,0.2,4,1.0,1000,28.72608548025907,0.023931000000175118,0,38,304
10,0.2,4,1.0,1400,25.610595016974216,0.017706399999951827,0,38,304
10,0.2,4,1.0,600,69.61055634532275,0.01935419999995247,0,38,304
10,0.2,4,1.0,1000,78.49918995615845,0.017792999999983294,0,38,304
10,0.2,4,1.0,1400,78.83967391033305,0.016069400000105816,0,38,304
10,0.2,4,1.0,600,46.46729099390594,0.01563099999998485,0,38,304
10,0.2,4,1.0,1000,42.88101782715345,0.015715300000010757,0,38,304
10,0.2,4,1.0,1400,42.769299247832286,0.01585960000011255,0,38,304
10,0.2,4,1.0,600,64.30195759285124,0.01602069999989908,0,38,304
10,0.2,4,1.0,1000,59.912075518274676,0.0168052000001353,0,38,304
10,0.2,4,1.0,1400,60.024745396120636,0.01749680000011722,0,38,304
10,0.2,4,5.0,600,63.68022504011478,0.01621360000012828,0,38,304
10,0.2,4,5.0,1000,63.72772816622717,0.017364199999974517,0,38,304
10,0.2,4,5.0,1400,56.70815622507837,0.016469699999788645,0,38,304
10,0.2,4,5.0,600,40.83783099786313,0.016006399999923815,0,38,304
10,0.2,4,5.0,1000,40.78755667485624,0.016246399999999994,0,38,304
10,0.2,4,5.0,1400,38.437202308127276,0.01699870000015835,0,38,304
10,0.2,4,5.0,600,53.037221417918566,0.01822930000002998,0,38,304
10,0.2,4,5.0,1000,65.66057791099459,0.01700140000002648,0,38,304
10,0.2,4,5.0,1400,65.9384555932141,0.015989400000080423,0,38,304
10,0.2,4,5.0,600,67.50774324056908,0.015929800000094474,0,38,304
10,0.2,4,5.0,1000,66.58181077844421,0.016474499999958425,0,38,304
10,0.2,4,5.0,1400,66.66750549369438,0.01647939999998016,0,38,304
10,0.2,4,5.0,600,59.77160349516772,0.016339700000116864,0,38,304
10,0.2,4,5.0,1000,56.47264264565079,0.016658600000027945,0,38,304
10,0.2,4,5.0,1400,56.51961633981416,0.0168244000001323,0,38,304
10,0.2,4,0.1,600,0.005734525865924796,0.017746900000020105,0,38,304
10,0.2,4,0.1,1000,0.00353434790256145,0.016794200000049386,0,38,304
10,0.2,4,0.1,1400,0.0016630264741687285,0.024684800000159157,0,38,304
10,0.2,4,0.1,600,0.00845067051522631,0.015075999999908163,0,38,304
10,0.2,4,0.1,1000,0.0076866962583708,0.019072699999924225,0,38,304
10,0.2,4,0.1,1400,0.00772525429260259,0.01596549999999297,0,38,304
10,0.2,4,0.1,600,0.023220953071368823,0.01769349999995029,0,38,304
10,0.2,4,0.1,1000,0.004212891853018286,0.015891700000111086,0,38,304
10,0.2,4,0.1,1400,0.003117945387453533,0.01676480000014635,0,38,304
10,0.2,4,0.1,600,0.08024972121352925,0.015859999999975116,0,38,304
10,0.2,4,0.1,1000,0.029096693619345602,0.015723500000149215,0,38,304
10,0.2,4,0.1,1400,0.029172147349729494,0.015418500000123458,0,38,304
10,0.2,4,0.1,600,0.045882984396034394,0.016887999999880776,0,38,304
10,0.2,4,0.1,1000,-3.187581896816147e-05,0.016612800000075367,0,38,304
10,0.2,4,0.1,1400,0.001022242452047435,0.016329600000062783,0,38,304
10,0.2,4,0.5,600,48.52017714484398,0.022930800000040108,0,38,304
10,0.2,4,0.5,1000,48.66959314034232,0.01603720000002795,0,38,304
10,0.2,4,0.5,1400,39.49422636154341,0.01666720000002897,0,38,304
10,0.2,4,0.5,600,54.45027246882788,0.01739099999986138,0,38,304
10,0.2,4,0.5,1000,54.415046268884474,0.015416899999991074,0,38,304
10,0.2,4,0.5,1400,52.42769682387081,0.015983399999868197,0,38,304
10,0.2,4,0.5,600,63.65573497923075,0.022190099999988888,0,38,304
10,0.2,4,0.5,1000,65.97309470469887,0.019731300000103147,0,38,304
10,0.2,4,0.5,1400,66.21138756853304,0.017288799999960247,0,38,304
10,0.2,4,0.5,600,74.81802538810038,0.016050899999981993,0,38,304
10,0.2,4,0.5,1000,73.04445284996032,0.016859300000078292,0,38,304
10,0.2,4,0.5,1400,72.62389261144146,0.019270999999889682,0,38,304
10,0.2,4,0.5,600,73.54394017466947,0.022752300000092873,0,38,304
10,0.2,4,0.5,1000,54.867457850728414,0.015993400000070324,0,38,304
10,0.2,4,0.5,1400,55.09550567950688,0.016404600000214486,0,38,304
10,0.2,4,1.0,600,36.13164659421115,0.02036869999983537,0,38,304
10,0.2,4,1.0,1000,36.1395343947062,0.016387000000122498,0,38,304
10,0.2,4,1.0,1400,33.78661040466135,0.019614099999898826,0,38,304
10,0.2,4,1.0,600,28.72510298073864,0.015331399999922724,0,38,304
10,0.2,4,1.0,1000,28.72608548025907,0.022248099999842452,0,38,304
10,0.2,4,1.0,1400,25.610595016974216,0.015349899999819172,0,38,304
10,0.2,4,1.0,600,69.61055634532275,0.016344799999842508,0,38,304
10,0.2,4,1.0,1000,78.49918995615845,0.01930339999989883,4096,38,304
10,0.2,4,1.0,1400,78.83967391033305,0.016409000000066953,0,38,304
10,0.2,4,1.0,600,46.46729099390594,0.01577909999991789,0,38,304
10,0.2,4,1.0,1000,42.88101782715345,0.022722899999962465,0,38,304
10,0.2,4,1.0,1400,42.769299247832286,0.02291349999995873,0,38,304
10,0.2,4,1.0,600,64.30195759285124,0.016558299999815063,0,38,304
10,0.2,4,1.0,1000,59.912075518274676,0.016476600000032704,0,38,304
10,0.2,4,1.0,1400,60.024745396120636,0.018771899999819652,4096,38,304
10,0.2,4,5.0,600,63.68022504011478,0.0166521000001012,0,38,304
10,0.2,4,5.0,1000,63.72772816622717,0.023260400000026493,0,38,304
10,0.2,4,5.0,1400,56.70815622507837,0.024459900000010748,0,38,304
10,0.2,4,5.0,600,40.83783099786313,0.01783190000014656,0,38,304
10,0.2,4,5.0,1000,40.78755667485624,0.018823099999963233,0,38,304
10,0.2,4,5.0,1400,38.437202308127276,0.023172100000010687,0,38,304
10,0.2,4,5.0,600,53.037221417918566,0.02119559999982812,0,38,304
10,0.2,4,5.0,1000,65.66057791099459,0.015627900000026784,0,38,304
10,0.2,4,5.0,1400,65.9384555932141,0.016238400000020192,0,38,304
10,0.2,4,5.0,600,67.50774324056908,0.016624200000023848,0,38,304
10,0.2,4,5.0,1000,66.58181077844421,0.01508519999993041,0,38,304
10,0.2,4,5.0,1400,66.66750549369438,0.015958199999886347,0,38,304
10,0.2,4,5.0,600,59.77160349516772,0.016002500000013242,0,38,304
10,0.2,4,5.0,1000,56.47264264565079,0.018655200000011973,0,38,304
10,0.2,4,5.0,1400,56.51961633981416,0.019383299999844894,0,38,304
10,0.2,4,0.1,600,0.005734525865924796,0.016104799999993702,0,38,304
10,0.2,4,0.1,1000,0.00353434790256145,0.016099499999882028,0,38,304
10,0.2,4,0.1,1400,0.0016630264741687285,0.017366700000138735,0,38,304
10,0.2,4,0.1,600,0.00845067051522631,0.016322200000104203,0,38,304
10,0.2,4,0.1,1000,0.0076866962583708,0.01574550000009367,0,38,304
10,0.2,4,0.1,1400,0.00772525429260259,0.016273899999987407,0,38,304
10,0.2,4,0.1,600,0.023220953071368823,0.017247399999860136,0,38,304
10,0.2,4,0.1,1000,0.004212891853018286,0.015799099999867394,0,38,304
10,0.2,4,0.1,1400,0.003117945387453533,0.016117500000063956,0,38,304
10,0.2,4,0.1,600,0.08024972121352925,0.015521600000056424,0,38,304
10,0.2,4,0.1,1000,0.029096693619345602,0.015388300000040545,0,38,304
10,0.2,4,0.1,1400,0.029172147349729494,0.015285299999959534,0,38,304
10,0.2,4,0.1,600,0.045882984396034394,0.015886899999941306,0,38,304
10,0.2,4,0.1,1000,-3.187581896816147e-05,0.016761300000098345,0,38,304
10,0.2,4,0.1,1400,0.001022242452047435,0.01649930000007771,0,38,304
10,0.2,4,0.5,600,48.52017714484398,0.01597000000015214,0,38,304
10,0.2,4,0.5,1000,48.66959314034232,0.016764199999897755,0,38,304
10,0.2,4,0.5,1400,39.49422636154341,0.016677500000014334,0,38,304
10,0.2,4,0.5,600,54.45027246882788,0.015925100000004022,0,38,304
10,0.2,4,0.5,1000,54.415046268884474,0.01534750000018903,0,38,304
10,0.2,4,0.5,1400,52.42769682387081,0.017245399999865185,0,38,304
10,0.2,4,0.5,600,63.65573497923075,0.01695760000006885,0,38,304
10,0.2,4,0.5,1000,65.97309470469887,0.0162047999999686,0,38,304
10,0.2,4,0.5,1400,66.21138756853304,0.01631350000002385,0,38,304
10,0.2,4,0.5,600,74.81802538810038,0.01708579999990434,0,38,304
10,0.2,4,0.5,1000,73.04445284996032,0.014962499999910506,0,38,304
10,0.2,4,0.5,1400,72.62389261144146,0.015649299999950017,0,38,304
10,0.2,4,0.5,600,73.54394017466947,0.016462100000126156,0,38,304
10,0.2,4,0.5,1000,54.867457850728414,0.01631930000007742,0,38,304
10,0.2,4,0.5,1400,55.09550567950688,0.01592120000009345,0,38,304
10,0.2,4,1.0,600,36.13164659421115,0.01621049999994284,0,38,304
10,0.2,4,1.0,1000,36.1395343947062,0.016528099999959522,0,38,304
10,0.2,4,1.0,1400,33.78661040466135,0.016444799999817405,0,38,304
10,0.2,4,1.0,600,28.72510298073864,0.015390000000024884,0,38,304
10,0.2,4,1.0,1000,28.72608548025907,0.015662600000041493,0,38,304
10,0.2,4,1.0,1400,25.610595016974216,0.015909399999827656,0,38,304
10,0.2,4,1.0,600,69.61055634532275,0.01648620000014489,0,38,304
10,0.2,4,1.0,1000,78.49918995615845,0.016401399999949717,0,38,304
10,0.2,4,1.0,1400,78.83967391033305,0.015518399999791654,0,38,304
10,0.2,4,1.0,600,46.46729099390594,0.01669310000011137,0,38,304
10,0.2,4,1.0,1000,42.88101782715345,0.01532269999984237,0,38,304
10,0.2,4,1.0,1400,42.769299247832286,0.015269800000169198,0,38,304
10,0.2,4,1.0,600,64.30195759285124,0.016824199999973644,0,38,304
10,0.2,4,1.0,1000,59.912075518274676,0.016705399999864312,4096,38,304
10,0.2,4,1.0,1400,60.024745396120636,0.016544800000019677,0,38,304
10,0.2,4,5.0,600,63.68022504011478,0.015916499999775624,0,38,304
10,0.2,4,5.0,1000,63.72772816622717,0.017507100000102582,0,38,304
10,0.2,4,5.0,1400,56.70815622507837,0.016530999999986307,0,38,304
10,0.2,4,5.0,600,40.83783099786313,0.015637400000059642,0,38,304
10,0.2,4,5.0,1000,40.78755667485624,0.017807499999889842,0,38,304
10,0.2,4,5.0,1400,38.437202308127276,0.015901900000017122,0,38,304
10,0.2,4,5.0,600,53.037221417918566,0.017397700000174154,0,38,304
10,0.2,4,5.0,1000,65.66057791099459,0.016028899999810164,0,38,304
10,0.2,4,5.0,1400,65.9384555932141,0.0157289999999648,0,38,304
10,0.2,4,5.0,600,67.50774324056908,0.016224499999907493,0,38,304
10,0.2,4,5.0,1000,66.58181077844421,0.016564000000016676,0,38,304
10,0.2,4,5.0,1400,66.66750549369438,0.015353999999888401,4096,38,304
10,0.2,4,5.0,600,59.77160349516772,0.016391999999996187,0,38,304
10,0.2,4,5.0,1000,56.47264264565079,0.017441199999893797,0,38,304
10,0.2,4,5.0,1400,56.51961633981416,0.01683410000009644,0,38,304
10,0.2,4,0.1,600,0.005734525865924796,0.017024200000150813,0,38,304
10,0.2,4,0.1,1000,0.00353434790256145,0.01947470000004614,0,38,304
10,0.2,4,0.1,1400,0.0016630264741687285,0.017301000000088607,4096,38,304
10,0.2,4,0.1,600,0.00845067051522631,0.017061700000112978,0,38,304
10,0.2,4,0.1,1000,0.0076866962583708,0.0166314999999031,0,38,304
10,0.2,4,0.1,1400,0.00772525429260259,0.016047399999933987,0,38,304
10,0.2,4,0.1,600,0.023220953071368823,0.01603039999986322,0,38,304
10,0.2,4,0.1,1000,0.004212891853018286,0.017079899999998815,0,38,304
10,0.2,4,0.1,1400,0.003117945387453533,0.016026300000021365,4096,38,304
10,0.2,4,0.1,600,0.08024972121352925,0.01864789999990535,0,38,304
10,0.2,4,0.1,1000,0.029096693619345602,0.015378099999907135,0,38,304
10,0.2,4,0.1,1400,0.029172147349729494,0.015779300000076546,0,38,304
10,0.2,4,0.1,600,0.045882984396034394,0.01724699999999757,0,38,304
10,0.2,4,0.1,1000,-3.187581896816147e-05,0.01614689999996699,0,38,304
10,0.2,4,0.1,1400,0.001022242452047435,0.01797559999999976,0,38,304
10,0.2,4,0.5,600,48.52017714484398,0.016486700000086785,0,38,304
10,0.2,4,0.5,1000,48.66959314034232,0.016283200000088982,0,38,304
10,0.2,4,0.5,1400,39.49422636154341,0.016940299999987474,0,38,304
10,0.2,4,0.5,600,54.45027246882788,0.01604059999999663,0,38,304
10,0.2,4,0.5,1000,54.415046268884474,0.021029300000009243,0,38,304
10,0.2,4,0.5,1400,52.42769682387081,0.02057539999987057,0,38,304
10,0.2,4,0.5,600,63.65573497923075,0.016991400000051726,0,38,304
10,0.2,4,0.5,1000,65.97309470469887,0.016103700000030585,0,38,304
10,0.2,4,0.5,1400,66.21138756853304,0.01683309999998528,0,38,304
10,0.2,4,0.5,600,74.81802538810038,0.016234600000188948,0,38,304
10,0.2,4,0.5,1000,73.04445284996032,0.017017000000123517,0,38,304
10,0.2,4,0.5,1400,72.62389261144146,0.015927599999940867,0,38,304
10,0.2,4,0.5,600,73.54394017466947,0.01656279999997423,0,38,304
10,0.2,4,0.5,1000,54.867457850728414,0.016425000000026557,0,38,304
10,0.2,4,0.5,1400,55.09550567950688,0.01639599999998609,0,38,304
10,0.2,4,1.0,600,36.13164659421115,0.017729099999996834,0,38,304
10,0.2,4,1.0,1000,36.1395343947062,0.017030800000156887,0,38,304
10,0.2,4,1.0,1400,33.78661040466135,0.01861770000004981,0,38,304
10,0.2,4,1.0,600,28.72510298073864,0.015843500000073618,0,38,304
10,0.2,4,1.0,1000,28.72608548025907,0.0174763999998504,0,38,304
10,0.2,4,1.0,1400,25.610595016974216,0.01691360000017994,0,38,304
10,0.2,4,1.0,600,69.61055634532275,0.016360299999860217,0,38,304
10,0.2,4,1.0,1000,78.49918995615845,0.016366800000014337,0,38,304
10,0.2,4,1.0,1400,78.83967391033305,0.015941799999836803,0,38,304
10,0.2,4,1.0,600,46.46729099390594,0.015660699999898497,0,38,304
10,0.2,4,1.0,1000,42.88101782715345,0.017811200000096505,0,38,304
10,0.2,4,1.0,1400,42.769299247832286,0.016049399999928937,0,38,304
10,0.2,4,1.0,600,64.30195759285124,0.016190900000083275,0,38,304
10,0.2,4,1.0,1000,59.912075518274676,0.017982500000016444,0,38,304
10,0.2,4,1.0,1400,60.024745396120636,0.02083560000005491,0,38,304
10,0.2,4,5.0,600,63.68022504011478,0.017111500000055457,0,38,304
10,0.2,4,5.0,1000,63.72772816622717,0.017651199999818346,0,38,304
10,0.2,4,5.0,1400,56.70815622507837,0.02056370000013885,0,38,304
10,0.2,4,5.0,600,40.83783099786313,0.015209000000140804,0,38,304
10,0.2,4,5.0,1000,40.78755667485624,0.017872299999908137,0,38,304
10,0.2,4,5.0,1400,38.437202308127276,0.016576000000213753,0,38,304
10,0.2,4,5.0,600,53.037221417918566,0.016356999999970867,0,38,304
10,0.2,4,5.0,1000,65.66057791099459,0.016126900000017486,0,38,304
10,0.2,4,5.0,1400,65.9384555932141,0.01604270000007091,0,38,304
10,0.2,4,5.0,600,67.50774324056908,0.015410299999985,0,38,304
10,0.2,4,5.0,1000,66.58181077844421,0.01582419999999729,0,38,304
10,0.2,4,5.0,1400,66.66750549369438,0.01763899999991736,0,38,304
10,0.2,4,5.0,600,59.77160349516772,0.01600789999997687,0,38,304
10,0.2,4,5.0,1000,56.47264264565079,0.018156099999941944,0,38,304
10,0.2,4,5.0,1400,56.51961633981416,0.01714259999994283,0,38,304
10,0.28888888888888886,4,0.1,600,62.214470389041004,0.018386299999974653,0,58,464
10,0.28888888888888886,4,0.1,1000,62.134665560966695,0.01767070000005333,4096,58,464
10,0.28888888888888886,4,0.1,1400,19.01338529535866,0.018658999999843218,4096,58,464
10,0.28888888888888886,4,0.1,600,27.110699339721062,0.01822249999986525,0,58,464
10,0.28888888888888886,4,0.1,1000,27.184753931943966,0.018618699999933597,0,58,464
10,0.28888888888888886,4,0.1,1400,27.224442438662116,0.017342299999882016,0,58,464
10,0.28888888888888886,4,0.1,600,44.6863567405775,0.017743800000062038,0,58,464
10,0.28888888888888886,4,0.1,1000,42.018458415906935,0.019330399999944348,0,58,464
10,0.28888888888888886,4,0.1,1400,42.341869242369384,0.019053900000017165,135168,58,464
10,0.28888888888888886,4,0.1,600,36.73165619039204,0.01864690000002156,0,54,432
10,0.28888888888888886,4,0.1,1000,36.879006138738255,0.0176229000001058,0,54,432
10,0.28888888888888886,4,0.1,1400,36.61349088393597,0.018223500000203785,4096,54,432
10,0.28888888888888886,4,0.1,600,29.074994696986266,0.01827539999999317,4096,54,432
10,0.28888888888888886,4,0.1,1000,28.876829936581732,0.018299200000001292,16384,54,432
10,0.28888888888888886,4,0.1,1400,28.878081698563516,0.01899279999997816,8192,54,432
10,0.28888888888888886,4,0.5,600,42.74867081953513,0.017886200000020835,0,58,464
10,0.28888888888888886,4,0.5,1000,42.802526774564555,0.01766429999997854,0,58,464
10,0.28888888888888886,4,0.5,1400,34.60867124393637,0.021583899999995992,0,58,464
10,0.28888888888888886,4,0.5,600,37.48346653582438,0.017753899999888745,8192,58,464
10,0.28888888888888886,4,0.5,1000,37.45035530140598,0.018086699999912526,32768,58,464
10,0.28888888888888886,4,0.5,1400,35.6550219845839,0.019272100000080172,12288,58,464
10,0.28888888888888886,4,0.5,600,69.23237177388471,0.017914600000040082,0,58,464
10,0.28888888888888886,4,0.5,1000,81.44586611525108,0.017820900000060647,0,58,464
10,0.28888888888888886,4,0.5,1400,81.82035210200745,0.01817340000002332,0,58,464
10,0.28888888888888886,4,0.5,600,49.003994223015205,0.018231900000046153,0,54,432
10,0.28888888888888886,4,0.5,1000,50.07017221396377,0.01733850000005077,0,54,432
10,0.28888888888888886,4,0.5,1400,50.07183814830788,0.018639899999925547,0,54,432
10,0.28888888888888886,4,0.5,600,64.60667582762377,0.017709899999999834,0,54,432
10,0.28888888888888886,4,0.5,1000,64.41780418412097,0.017741600000135804,0,54,432
10,0.28888888888888886,4,0.5,1400,64.46156316028659,0.01861759999997048,0,54,432
10,0.28888888888888886,4,1.0,600,65.43391105463266,0.018324000000120577,0,58,464
10,0.28888888888888886,4,1.0,1000,65.48631863297739,0.01757440000005772,0,58,464
10,0.28888888888888886,4,1.0,1400,54.70885400988688,0.02031669999996666,0,58,464
10,0.28888888888888886,4,1.0,600,27.6570574501906,0.023159599999871716,0,58,464
10,0.28888888888888886,4,1.0,1000,27.685151495288125,0.017868399999997564,0,58,464
10,0.28888888888888886,4,1.0,1400,24.623547383710324,0.01798040000016954,0,58,464
10,0.28888888888888886,4,1.0,600,40.12848090667745,0.017922900000030495,0,58,464
10,0.28888888888888886,4,1.0,1000,62.071332500443965,0.020581699999866032,0,58,464
10,0.28888888888888886,4,1.0,1400,62.37771245425942,0.019106400000055146,0,58,464
10,0.28888888888888886,4,1.0,600,46.89320406394805,0.01881279999997787,0,54,432
10,0.28888888888888886,4,1.0,1000,48.46408745458988,0.017151900000044407,0,54,432
10,0.28888888888888886,4,1.0,1400,48.600743524420515,0.017967499999940628,0,54,432
10,0.28888888888888886,4,1.0,600,44.68494620594408,0.01766179999981432,0,54,432
10,0.28888888888888886,4,1.0,1000,43.49063106964312,0.017975700000079087,0,54,432
10,0.28888888888888886,4,1.0,1400,43.557984977518686,0.019606099999919024,0,54,432
10,0.28888888888888886,4,5.0,600,62.328654976366835,0.018786500000032902,0,58,464
10,0.28888888888888886,4,5.0,1000,62.34386466595708,0.01831739999988713,0,58,464
10,0.28888888888888886,4,5.0,1400,53.17748567834881,0.01781200000004901,0,58,464
10,0.28888888888888886,4,5.0,600,43.56199711156568,0.019115800000008676,0,58,464
10,0.28888888888888886,4,5.0,1000,43.51026795224786,0.018277500000067448,0,58,464
10,0.28888888888888886,4,5.0,1400,41.30803266701319,0.01817580000010821,0,58,464
10,0.28888888888888886,4,5.0,600,56.11178928042968,0.017822300000034375,0,58,464
10,0.28888888888888886,4,5.0,1000,73.26985133144248,0.01852469999994355,0,58,464
10,0.28888888888888886,4,5.0,1400,73.51843538316808,0.021380599999929473,0,58,464
10,0.28888888888888886,4,5.0,600,57.90952129813528,0.017833800000062183,0,54,432
10,0.28888888888888886,4,5.0,1000,62.60933879686713,0.017823799999860057,0,54,432
10,0.28888888888888886,4,5.0,1400,62.80725321293468,0.018075100000032762,0,54,432
10,0.28888888888888886,4,5.0,600,48.33847049658663,0.017569500000035987,0,54,432
10,0.28888888888888886,4,5.0,1000,46.82720832445809,0.018203900000116846,0,54,432
10,0.28888888888888886,4,5.0,1400,46.83508085208726,0.018088199999965582,0,54,432
10,0.37777777777777777,4,0.1,600,35.71876381132335,0.02100719999998546,4096,78,624
10,0.37777777777777777,4,0.1,1000,35.76152089867897,0.019169800000099713,0,78,624
10,0.37777777777777777,4,0.1,1400,34.317504188925916,0.020099800000025425,0,78,624
10,0.37777777777777777,4,0.1,600,6.947277377384563,0.020422199999984514,4096,78,624
10,0.37777777777777777,4,0.1,1000,7.015740481328097,0.019494699999995646,0,78,624
10,0.37777777777777777,4,0.1,1400,5.793512563178211,0.020154899999852205,0,78,624
10,0.37777777777777777,4,0.1,600,38.32841698147915,0.019285399999944275,8192,90,720
10,0.37777777777777777,4,0.1,1000,35.79020867524923,0.01973560000010366,8192,90,720
10,0.37777777777777777,4,0.1,1400,35.956845985880776,0.019347199999856457,4096,90,720
10,0.37777777777777777,4,0.1,600,20.11726592890146,0.019288700000061,0,78,624
10,0.37777777777777777,4,0.1,1000,19.876827591455747,0.01888409999992291,0,78,624
10,0.37777777777777777,4,0.1,1400,19.58657306445003,0.01860460000011699,8192,78,624
10,0.37777777777777777,4,0.1,600,35.73790406450606,0.020900699999856442,16384,94,752
10,0.37777777777777777,4,0.1,1000,35.53973930410152,0.019466100000045117,12288,94,752
10,0.37777777777777777,4,0.1,1400,35.540991066083315,0.019994100000076287,4096,94,752
10,0.37777777777777777,4,0.5,600,41.1370386326016,0.019204400000035093,0,78,624
10,0.37777777777777777,4,0.5,1000,41.16463683019385,0.019852099999980055,0,78,624
10,0.37777777777777777,4,0.5,1400,35.02157513758349,0.019481000000041604,8192,78,624
10,0.37777777777777777,4,0.5,600,27.342200227188542,0.020415799999909723,0,78,624
10,0.37777777777777777,4,0.5,1000,23.532563076013343,0.019283400000176698,0,78,624
10,0.37777777777777777,4,0.5,1400,18.860046176634008,0.022929599999997663,8192,78,624
10,0.37777777777777777,4,0.5,600,42.27805687002333,0.019154500000013286,16384,90,720
10,0.37777777777777777,4,0.5,1000,42.77227601599908,0.020080300000017814,24576,90,720
10,0.37777777777777777,4,0.5,1400,43.01629040706884,0.020459200000004785,32768,90,720
10,0.37777777777777777,4,0.5,600,67.28413542028696,0.019114600000193605,0,78,624
10,0.37777777777777777,4,0.5,1000,69.10343271311703,0.018904600000041683,0,78,624
10,0.37777777777777777,4,0.5,1400,69.15334487271244,0.02752639999994244,16384,78,624
10,0.37777777777777777,4,0.5,600,45.204980217787714,0.019270000000005894,12288,94,752
10,0.37777777777777777,4,0.5,1000,40.56452102988188,0.019405900000037946,36864,94,752
10,0.37777777777777777,4,0.5,1400,40.60828000604749,0.021329299999933937,4096,94,752
10,0.37777777777777777,4,1.0,600,38.8866184096487,0.01865710000015497,0,78,624
10,0.37777777777777777,4,1.0,1000,38.9670860665985,0.020559199999979683,0,78,624
10,0.37777777777777777,4,1.0,1400,39.558000989349814,0.019892900000058944,0,78,624
10,0.37777777777777777,4,1.0,600,36.0614020726262,0.019759199999953125,0,78,624
10,0.37777777777777777,4,1.0,1000,32.76676684769789,0.02198329999987436,0,78,624
10,0.37777777777777777,4,1.0,1400,30.23354439229474,0.020094400000061796,0,78,624
10,0.37777777777777777,4,1.0,600,34.455545904599134,0.02061849999995502,0,90,720
10,0.37777777777777777,4,1.0,1000,51.66047183079622,0.020697999999811145,0,90,720
10,0.37777777777777777,4,1.0,1400,51.95791438621448,0.01962979999984782,0,90,720
10,0.37777777777777777,4,1.0,600,45.03179347795704,0.019338100000140912,0,78,624
10,0.37777777777777777,4,1.0,1000,44.181071275325436,0.019541099999969447,0,78,624
10,0.37777777777777777,4,1.0,1400,44.15811782968537,0.02076220000003559,0,78,624
10,0.37777777777777777,4,1.0,600,49.180537409909014,0.02091740000014397,0,94,752
10,0.37777777777777777,4,1.0,1000,42.1243976340931,0.019583000000011452,0,94,752
10,0.37777777777777777,4,1.0,1400,42.19175154196867,0.018722400000115158,0,94,752
10,0.37777777777777777,4,5.0,600,43.61659654824949,0.01953789999993205,0,78,624
10,0.37777777777777777,4,5.0,1000,43.662933774456405,0.01927790000013374,0,78,624
10,0.37777777777777777,4,5.0,1400,40.609729975626365,0.020792200000187222,0,78,624
10,0.37777777777777777,4,5.0,600,43.464220230249325,0.021123399999851245,0,78,624
10,0.37777777777777777,4,5.0,1000,37.031408308931695,0.020816200000126628,0,78,624
10,0.37777777777777777,4,5.0,1400,34.56968030880985,0.01936640000008083,0,78,624
10,0.37777777777777777,4,5.0,600,46.20917157920545,0.019490099999984523,0,90,720
10,0.37777777777777777,4,5.0,1000,55.885667904998336,0.02643749999992906,0,90,720
10,0.37777777777777777,4,5.0,1400,56.10048505942291,0.026196599999821046,0,90,720
10,0.37777777777777777,4,5.0,600,57.473822680049835,0.019558100000040213,0,78,624
10,0.37777777777777777,4,5.0,1000,58.04330675852924,0.018929399999933594,0,78,624
10,0.37777777777777777,4,5.0,1400,58.239199904675594,0.01907430000005661,0,78,624
10,0.37777777777777777,4,5.0,600,40.98361455623148,0.019201599999860264,0,94,752
10,0.37777777777777777,4,5.0,1000,40.02906110245818,0.019500600000128543,0,94,752
10,0.37777777777777777,4,5.0,1400,40.036933630087354,0.01963609999984328,0,94,752
10,0.4888888888888889,4,0.1,600,26.586685464837448,0.021992400000044654,0,122,976
10,0.4888888888888889,4,0.1,1000,26.87283708936322,0.021496100000149454,0,122,976
10,0.4888888888888889,4,0.1,1400,25.473065354835615,0.02509650000001784,0,122,976
10,0.4888888888888889,4,0.1,600,7.942534071476757,0.021146699999917473,4096,130,1040
10,0.4888888888888889,4,0.1,1000,7.956411220468569,0.020566799999869545,0,130,1040
10,0.4888888888888889,4,0.1,1400,8.038604858795836,0.020479000000023007,4096,130,1040
10,0.4888888888888889,4,0.1,600,37.57692891736705,0.021778300000050876,40960,178,1424
10,0.4888888888888889,4,0.1,1000,35.699368138468955,0.023924200000010387,0,178,1424
10,0.4888888888888889,4,0.1,1400,35.72957626391923,0.02278270000010707,0,178,1424
10,0.4888888888888889,4,0.1,600,45.63848470334017,0.020536199999924065,4096,150,1200
10,0.4888888888888889,4,0.1,1000,45.78621882076252,0.019718499999953565,8192,150,1200
10,0.4888888888888889,4,0.1,1400,45.64764930557026,0.020954900000106136,0,150,1200
10,0.4888888888888889,4,0.1,600,61.633727976100545,0.02046010000003662,0,154,1232
10,0.4888888888888889,4,0.1,1000,53.766280780655265,0.020472400000016933,0,154,1232
10,0.4888888888888889,4,0.1,1400,53.8484859935306,0.020596900000100504,0,154,1232
10,0.4888888888888889,4,0.5,600,38.279901906819376,0.020118700000011813,0,122,976
10,0.4888888888888889,4,0.5,1000,38.29194876062992,0.021272799999906056,0,122,976
10,0.4888888888888889,4,0.5,1400,42.889224581435535,0.025933600000143997,0,122,976
10,0.4888888888888889,4,0.5,600,33.332071133659724,0.02027900000007321,0,130,1040
10,0.4888888888888889,4,0.5,1000,36.284008691113684,0.01980779999985316,0,130,1040
10,0.4888888888888889,4,0.5,1400,35.30720388909756,0.020220300000119096,4096,130,1040
10,0.4888888888888889,4,0.5,600,44.425521238198705,0.02131839999992735,0,178,1424
10,0.4888888888888889,4,0.5,1000,54.40093434475067,0.020116899999948146,0,178,1424
10,0.4888888888888889,4,0.5,1400,54.631452151317056,0.020420600000079503,4096,178,1424
10,0.4888888888888889,4,0.5,600,48.93798542259162,0.02016389999994317,8192,150,1200
10,0.4888888888888889,4,0.5,1000,44.573328507960845,0.019895500000075117,20480,150,1200
10,0.4888888888888889,4,0.5,1400,44.64500570245412,0.020687100000031933,8192,150,1200
10,0.4888888888888889,4,0.5,600,50.217566393194744,0.02046769999992648,0,154,1232
10,0.4888888888888889,4,0.5,1000,41.35571430759922,0.020563499999980195,0,154,1232
10,0.4888888888888889,4,0.5,1400,41.46028219187789,0.020240699999931167,24576,154,1232
10,0.4888888888888889,4,1.0,600,45.87245844429487,0.02051630000005389,24576,122,976
10,0.4888888888888889,4,1.0,1000,45.96573251546738,0.02237690000015391,16384,122,976
10,0.4888888888888889,4,1.0,1400,40.50536768519825,0.020199400000137757,0,122,976
10,0.4888888888888889,4,1.0,600,24.952239581153773,0.020439499999838517,0,130,1040
10,0.4888888888888889,4,1.0,1000,31.728406554930658,0.019680600000128834,0,130,1040
10,0.4888888888888889,4,1.0,1400,30.788739626844198,0.0202335999999832,0,130,1040
10,0.4888888888888889,4,1.0,600,44.04339783011201,0.02234730000009222,0,178,1424
10,0.4888888888888889,4,1.0,1000,56.14252436888199,0.026515099999869562,0,178,1424
10,0.4888888888888889,4,1.0,1400,56.44537510348829,0.021643999999923835,0,178,1424
10,0.4888888888888889,4,1.0,600,54.077350166138785,0.02060629999982666,0,150,1200
10,0.4888888888888889,4,1.0,1000,55.7439860006368,0.02083889999994426,0,150,1200
10,0.4888888888888889,4,1.0,1400,55.827498274404356,0.020633500000030836,0,150,1200
10,0.4888888888888889,4,1.0,600,37.417203510603166,0.02166910000005373,0,154,1232
10,0.4888888888888889,4,1.0,1000,34.69765871120529,0.021968999999899097,0,154,1232
10,0.4888888888888889,4,1.0,1400,34.77265135134894,0.02051949999986391,0,154,1232
10,0.4888888888888889,4,5.0,600,40.7777623110554,0.02107420000015736,0,122,976
10,0.4888888888888889,4,5.0,1000,40.80697329622689,0.024125800000092568,0,122,976
10,0.4888888888888889,4,5.0,1400,44.8307306488517,0.02037079999990965,0,122,976
10,0.4888888888888889,4,5.0,600,42.875049826518286,0.020176099999844155,0,130,1040
10,0.4888888888888889,4,5.0,1000,44.14650448815027,0.019899799999848256,0,130,1040
10,0.4888888888888889,4,5.0,1400,42.99113392138703,0.02055649999988418,0,130,1040
10,0.4888888888888889,4,5.0,600,40.88708830404426,0.02321129999995719,0,178,1424
10,0.4888888888888889,4,5.0,1000,50.71502003466959,0.02284149999991314,0,178,1424
10,0.4888888888888889,4,5.0,1400,51.81408010619929,0.02048630000012963,0,178,1424
10,0.4888888888888889,4,5.0,600,65.3501376888741,0.020681299999978364,0,150,1200
10,0.4888888888888889,4,5.0,1000,69.98657833368001,0.022097700000131226,0,150,1200
10,0.4888888888888889,4,5.0,1400,70.21978180176897,0.022513000000117245,0,150,1200
10,0.4888888888888889,4,5.0,600,35.306492524426695,0.021154000000024098,0,154,1232
10,0.4888888888888889,4,5.0,1000,33.45227040849315,0.02064499999983127,0,154,1232
10,0.4888888888888889,4,5.0,1400,33.48384667822771,0.021516900000051464,0,154,1232
10,0.2,6,0.1,600,0.021168593490819808,0.016233099999908518,0,38,304
10,0.2,6,0.1,1000,0.020125613052607627,0.015605899999854955,0,38,304
10,0.2,6,0.1,1400,0.020350077473984585,0.016557700000021214,0,38,304
10,0.2,6,0.1,600,0.008628647092328865,0.018217700000150217,0,38,304
10,0.2,6,0.1,1000,0.004225621636022606,0.016747699999996257,0,38,304
10,0.2,6,0.1,1400,0.005066897522123943,0.015891100000089864,0,38,304
10,0.2,6,0.1,600,0.20236458916282704,0.016964899999948102,0,38,304
10,0.2,6,0.1,1000,0.014245000505720128,0.016359200000124474,0,38,304
10,0.2,6,0.1,1400,0.007368346544396776,0.018600899999910325,0,38,304
10,0.2,6,0.1,600,0.06239963942266691,0.015603100000134873,0,38,304
10,0.2,6,0.1,1000,0.036510569558930936,0.015959699999939403,0,38,304
10,0.2,6,0.1,1400,0.03549978011176437,0.016383299999915835,0,38,304
10,0.2,6,0.1,600,0.05382203540384979,0.016319000000066808,0,38,304
10,0.2,6,0.1,1000,0.055383481747963925,0.01951609999991888,0,38,304
10,0.2,6,0.1,1400,0.002514547521820166,0.02107750000004671,0,38,304
10,0.2,6,0.5,600,60.56236051327486,0.015990000000101645,0,38,304
10,0.2,6,0.5,1000,60.916954593852616,0.016008699999929377,0,38,304
10,0.2,6,0.5,1400,60.79796099181504,0.017477999999982785,0,38,304
10,0.2,6,0.5,600,83.186265689519,0.01680790000000343,0,38,304
10,0.2,6,0.5,1000,99.91885978522994,0.016726199999993696,0,38,304
10,0.2,6,0.5,1400,100.28911022890816,0.015773099999933038,0,38,304
10,0.2,6,0.5,600,92.50086005817246,0.0168653999999151,0,38,304
10,0.2,6,0.5,1000,84.70483500107665,0.016450400000167065,0,38,304
10,0.2,6,0.5,1400,85.0102039793511,0.017733200000066063,0,38,304
10,0.2,6,0.5,600,93.66215496156477,0.016286900000068272,0,38,304
10,0.2,6,0.5,1000,85.0417381333404,0.015151000000059867,0,38,304
10,0.2,6,0.5,1400,85.27275973275663,0.016175400000065565,4096,38,304
10,0.2,6,0.5,600,51.08931476258398,0.021232499999996435,0,38,304
10,0.2,6,0.5,1000,51.10789939982723,0.01647909999996955,0,38,304
10,0.2,6,0.5,1400,47.62484219796699,0.01725259999989248,0,38,304
10,0.2,6,1.0,600,63.71964294756716,0.015624200000047495,0,38,304
10,0.2,6,1.0,1000,64.48702876719057,0.01617080000005444,0,38,304
10,0.2,6,1.0,1400,64.60329294020927,0.01692359999992732,0,38,304
10,0.2,6,1.0,600,59.86452614176825,0.016771999999946274,0,38,304
10,0.2,6,1.0,1000,94.71460408296376,0.01649940000015704,0,38,304
10,0.2,6,1.0,1400,94.56488440745451,0.015618500000073254,0,38,304
10,0.2,6,1.0,600,111.98426289980675,0.01598269999999502,0,38,304
10,0.2,6,1.0,1000,105.55716097783066,0.015873200000214638,0,38,304
10,0.2,6,1.0,1400,105.68345041570419,0.015463700000054814,0,38,304
10,0.2,6,1.0,600,108.61133673079033,0.01579089999995631,0,38,304
10,0.2,6,1.0,1000,86.73063696316012,0.01533089999998083,0,38,304
10,0.2,6,1.0,1400,87.27597780724882,0.018069299999979194,0,38,304
10,0.2,6,1.0,600,61.98425570207196,0.017932299999984025,0,38,304
10,0.2,6,1.0,1000,62.119114023132624,0.0170967000001383,0,38,304
10,0.2,6,1.0,1400,62.58177266344875,0.016754699999864897,0,38,304
10,0.2,6,5.0,600,69.08145731860459,0.01551900000004025,0,38,304
10,0.2,6,5.0,1000,69.58782645115905,0.016076399999974456,0,38,304
10,0.2,6,5.0,1400,69.66650278173765,0.01589030000013736,0,38,304
10,0.2,6,5.0,600,46.46803128338888,0.01951029999986531,0,38,304
10,0.2,6,5.0,1000,75.71643060432203,0.016985400000066875,0,38,304
10,0.2,6,5.0,1400,75.63879619415891,0.01629370000000563,0,38,304
10,0.2,6,5.0,600,111.19093605222434,0.015835799999877054,0,38,304
10,0.2,6,5.0,1000,94.11851191304885,0.017024700000092707,0,38,304
10,0.2,6,5.0,1400,94.13637290301584,0.01575249999996231,0,38,304
10,0.2,6,5.0,600,80.64127670961817,0.017029200000024503,0,38,304
10,0.2,6,5.0,1000,72.60106993562843,0.015272500000037326,0,38,304
10,0.2,6,5.0,1400,72.96251037579837,0.01764950000006138,0,38,304
10,0.2,6,5.0,600,63.24431825746358,0.01818419999995058,0,38,304
10,0.2,6,5.0,1000,63.19070025485901,0.01895949999993718,0,38,304
10,0.2,6,5.0,1400,63.82830718860053,0.015997100000049613,0,38,304
10,0.2,6,0.1,600,0.021168593490819808,0.016888100000187478,0,38,304
10,0.2,6,0.1,1000,0.020125613052607627,0.015422899999975925,0,38,304
10,0.2,6,0.1,1400,0.020350077473984585,0.01572060000012243,0,38,304
10,0.2,6,0.1,600,0.008628647092328865,0.016814399999930174,0,38,304
10,0.2,6,0.1,1000,0.004225621636022606,0.015894800000069154,0,38,304
10,0.2,6,0.1,1400,0.005066897522123943,0.01746780000007675,0,38,304
10,0.2,6,0.1,600,0.20236458916282704,0.0159504000000652,0,38,304
10,0.2,6,0.1,1000,0.014245000505720128,0.016299300000127914,0,38,304
10,0.2,6,0.1,1400,0.007368346544396776,0.017141600000059043,0,38,304
10,0.2,6,0.1,600,0.06239963942266691,0.016472499999963475,0,38,304
10,0.2,6,0.1,1000,0.036510569558930936,0.01609669999993457,0,38,304
10,0.2,6,0.1,1400,0.03549978011176437,0.015525199999956385,0,38,304
10,0.2,6,0.1,600,0.05382203540384979,0.01597900000001573,0,38,304
10,0.2,6,0.1,1000,0.055383481747963925,0.016839199999822085,0,38,304
10,0.2,6,0.1,1400,0.002514547521820166,0.019424800000024334,0,38,304
10,0.2,6,0.5,600,60.56236051327486,0.016283999999814114,0,38,304
10,0.2,6,0.5,1000,60.916954593852616,0.015568699999903401,0,38,304
10,0.2,6,0.5,1400,60.79796099181504,0.015734500000007756,0,38,304
10,0.2,6,0.5,600,83.186265689519,0.019720199999937904,0,38,304
10,0.2,6,0.5,1000,99.91885978522994,0.016826199999968594,0,38,304
10,0.2,6,0.5,1400,100.28911022890816,0.017054400000006353,0,38,304
10,0.2,6,0.5,600,92.50086005817246,0.015327899999874717,0,38,304
10,0.2,6,0.5,1000,84.70483500107665,0.01911729999983436,0,38,304
10,0.2,6,0.5,1400,85.0102039793511,0.015868099999806873,0,38,304
10,0.2,6,0.5,600,93.66215496156477,0.015983700000106182,0,38,304
10,0.2,6,0.5,1000,85.0417381333404,0.01594399999999041,0,38,304
10,0.2,6,0.5,1400,85.27275973275663,0.016917699999794422,0,38,304
10,0.2,6,0.5,600,51.08931476258398,0.01630850000015016,0,38,304
10,0.2,6,0.5,1000,51.10789939982723,0.01787519999993492,0,38,304
10,0.2,6,0.5,1400,47.62484219796699,0.016115800000079616,0,38,304
10,0.2,6,1.0,600,63.71964294756716,0.015681399999948553,0,38,304
10,0.2,6,1.0,1000,64.48702876719057,0.01778340000009848,0,38,304
10,0.2,6,1.0,1400,64.60329294020927,0.018966099999943253,0,38,304
10,0.2,6,1.0,600,59.86452614176825,0.021768500000007407,0,38,304
10,0.2,6,1.0,1000,94.71460408296376,0.017977500000142754,0,38,304
10,0.2,6,1.0,1400,94.56488440745451,0.01562130000002071,0,38,304
10,0.2,6,1.0,600,111.98426289980675,0.021402699999953256,0,38,304
10,0.2,6,1.0,1000,105.55716097783066,0.01687040000001616,0,38,304
10,0.2,6,1.0,1400,105.68345041570419,0.01637599999980921,0,38,304
10,0.2,6,1.0,600,108.61133673079033,0.015524299999924551,0,38,304
10,0.2,6,1.0,1000,86.73063696316012,0.01586130000009689,0,38,304
10,0.2,6,1.0,1400,87.27597780724882,0.01680439999995542,0,38,304
10,0.2,6,1.0,600,61.98425570207196,0.016530900000134352,0,38,304
10,0.2,6,1.0,1000,62.119114023132624,0.016428700000005847,0,38,304
10,0.2,6,1.0,1400,62.58177266344875,0.016599799999994502,0,38,304
10,0.2,6,5.0,600,69.08145731860459,0.015814000000091255,0,38,304
10,0.2,6,5.0,1000,69.58782645115905,0.017385900000135734,0,38,304
10,0.2,6,5.0,1400,69.66650278173765,0.01604870000005576,0,38,304
10,0.2,6,5.0,600,46.46803128338888,0.016306900000017777,0,38,304
10,0.2,6,5.0,1000,75.71643060432203,0.017271100000016304,0,38,304
10,0.2,6,5.0,1400,75.63879619415891,0.017532899999878282,0,38,304
10,0.2,6,5.0,600,111.19093605222434,0.019129900000052658,0,38,304
10,0.2,6,5.0,1000,94.11851191304885,0.016175400000065565,0,38,304
10,0.2,6,5.0,1400,94.13637290301584,0.01605920000019978,0,38,304
10,0.2,6,5.0,600,80.64127670961817,0.01528390000021318,0,38,304
10,0.2,6,5.0,1000,72.60106993562843,0.016098300000066956,0,38,304
10,0.2,6,5.0,1400,72.96251037579837,0.016404799999918396,0,38,304
10,0.2,6,5.0,600,63.24431825746358,0.016687600000068414,0,38,304
10,0.2,6,5.0,1000,63.19070025485901,0.016585100000156672,0,38,304
10,0.2,6,5.0,1400,63.82830718860053,0.01628060000007281,0,38,304
10,0.2,6,0.1,600,0.021168593490819808,0.018956599999910395,0,38,304
10,0.2,6,0.1,1000,0.020125613052607627,0.016750799999954324,0,38,304
10,0.2,6,0.1,1400,0.020350077473984585,0.016187200000103985,0,38,304
10,0.2,6,0.1,600,0.008628647092328865,0.01629200000002129,0,38,304
10,0.2,6,0.1,1000,0.004225621636022606,0.01729950000003555,0,38,304
10,0.2,6,0.1,1400,0.005066897522123943,0.016517400000111593,0,38,304
10,0.2,6,0.1,600,0.20236458916282704,0.018011999999998807,0,38,304
10,0.2,6,0.1,1000,0.014245000505720128,0.021544700000049488,0,38,304
10,0.2,6,0.1,1400,0.007368346544396776,0.015731599999980972,0,38,304
10,0.2,6,0.1,600,0.06239963942266691,0.015666700000110723,0,38,304
10,0.2,6,0.1,1000,0.036510569558930936,0.016080300000112402,0,38,304
10,0.2,6,0.1,1400,0.03549978011176437,0.015674199999921257,0,38,304
10,0.2,6,0.1,600,0.05382203540384979,0.016573800000060146,0,38,304
10,0.2,6,0.1,1000,0.055383481747963925,0.017914100000098188,0,38,304
10,0.2,6,0.1,1400,0.002514547521820166,0.018638700000110475,0,38,304
10,0.2,6,0.5,600,60.56236051327486,0.015621799999962604,0,38,304
10,0.2,6,0.5,1000,60.916954593852616,0.016187400000035268,0,38,304
10,0.2,6,0.5,1400,60.79796099181504,0.01546120000011797,0,38,304
10,0.2,6,0.5,600,83.186265689519,0.01811879999991106,0,38,304
10,0.2,6,0.5,1000,99.91885978522994,0.01638439999987895,0,38,304
10,0.2,6,0.5,1400,100.28911022890816,0.01614400000016758,0,38,304
10,0.2,6,0.5,600,92.50086005817246,0.017533799999910116,0,38,304
10,0.2,6,0.5,1000,84.70483500107665,0.01585690000001705,0,38,304
10,0.2,6,0.5,1400,85.0102039793511,0.0160504000000401,0,38,304
10,0.2,6,0.5,600,93.66215496156477,0.015683800000033443,0,38,304
10,0.2,6,0.5,1000,85.0417381333404,0.01579190000006747,0,38,304
10,0.2,6,0.5,1400,85.27275973275663,0.017525900000009642,0,38,304
10,0.2,6,0.5,600,51.08931476258398,0.01644350000015038,0,38,304
10,0.2,6,0.5,1000,51.10789939982723,0.016435499999943204,0,38,304
10,0.2,6,0.5,1400,47.62484219796699,0.017820300000039424,0,38,304
10,0.2,6,1.0,600,63.71964294756716,0.016144400000030146,0,38,304
10,0.2,6,1.0,1000,64.48702876719057,0.015725400000064838,0,38,304
10,0.2,6,1.0,1400,64.60329294020927,0.01548400000001493,0,38,304
10,0.2,6,1.0,600,59.86452614176825,0.017252000000098633,0,38,304
10,0.2,6,1.0,1000,94.71460408296376,0.015769099999943137,0,38,304
10,0.2,6,1.0,1400,94.56488440745451,0.01641620000009425,0,38,304
10,0.2,6,1.0,600,111.98426289980675,0.016047600000092643,0,38,304
10,0.2,6,1.0,1000,105.55716097783066,0.015861099999938233,0,38,304
10,0.2,6,1.0,1400,105.68345041570419,0.016037299999879906,0,38,304
10,0.2,6,1.0,600,108.61133673079033,0.015615400000115187,0,38,304
10,0.2,6,1.0,1000,86.73063696316012,0.016723699999829478,0,38,304
10,0.2,6,1.0,1400,87.27597780724882,0.016466699999909906,0,38,304
10,0.2,6,1.0,600,61.98425570207196,0.016267300000208706,0,38,304
10,0.2,6,1.0,1000,62.119114023132624,0.01692270000012286,0,38,304
10,0.2,6,1.0,1400,62.58177266344875,0.01630539999996472,0,38,304
10,0.2,6,5.0,600,69.08145731860459,0.015600799999901938,0,38,304
10,0.2,6,5.0,1000,69.58782645115905,0.015352200000052107,0,38,304
10,0.2,6,5.0,1400,69.66650278173765,0.015545999999858395,0,38,304
10,0.2,6,5.0,600,46.46803128338888,0.017021399999975984,0,38,304
10,0.2,6,5.0,1000,75.71643060432203,0.017115000000103464,0,38,304
10,0.2,6,5.0,1400,75.63879619415891,0.018528600000081497,0,38,304
10,0.2,6,5.0,600,111.19093605222434,0.015878100000009,0,38,304
10,0.2,6,5.0,1000,94.11851191304885,0.01592530000016268,0,38,304
10,0.2,6,5.0,1400,94.13637290301584,0.016042800000150237,0,38,304
10,0.2,6,5.0,600,80.64127670961817,0.01578180000001339,0,38,304
10,0.2,6,5.0,1000,72.60106993562843,0.016091200000118988,0,38,304
10,0.2,6,5.0,1400,72.96251037579837,0.017959600000040155,0,38,304
10,0.2,6,5.0,600,63.24431825746358,0.01659549999999399,0,38,304
10,0.2,6,5.0,1000,63.19070025485901,0.016362399999934496,0,38,304
10,0.2,6,5.0,1400,63.82830718860053,0.017060500000070533,0,38,304
10,0.2,6,0.1,600,0.021168593490819808,0.01532180000003791,0,38,304
10,0.2,6,0.1,1000,0.020125613052607627,0.01632000000017797,0,38,304
10,0.2,6,0.1,1400,0.020350077473984585,0.017436100000168153,0,38,304
10,0.2,6,0.1,600,0.008628647092328865,0.016579200000023775,0,38,304
10,0.2,6,0.1,1000,0.004225621636022606,0.0201747000000978,0,38,304
10,0.2,6,0.1,1400,0.005066897522123943,0.016876400000001013,0,38,304
10,0.2,6,0.1,600,0.20236458916282704,0.015604799999891839,0,38,304
10,0.2,6,0.1,1000,0.014245000505720128,0.016306900000017777,0,38,304
10,0.2,6,0.1,1400,0.007368346544396776,0.017579600000090068,0,38,304
10,0.2,6,0.1,600,0.06239963942266691,0.016030600000021877,0,38,304
10,0.2,6,0.1,1000,0.036510569558930936,0.016537999999854947,0,38,304
10,0.2,6,0.1,1400,0.03549978011176437,0.015452000000095722,0,38,304
10,0.2,6,0.1,600,0.05382203540384979,0.016994999999951688,0,38,304
10,0.2,6,0.1,1000,0.055383481747963925,0.01642760000004273,0,38,304
10,0.2,6,0.1,1400,0.002514547521820166,0.016137599999865415,0,38,304
10,0.2,6,0.5,600,60.56236051327486,0.015877499999987776,0,38,304
10,0.2,6,0.5,1000,60.916954593852616,0.01644639999994979,0,38,304
10,0.2,6,0.5,1400,60.79796099181504,0.017124199999898337,0,38,304
10,0.2,6,0.5,600,83.186265689519,0.019683900000018184,0,38,304
10,0.2,6,0.5,1000,99.91885978522994,0.016433699999879536,0,38,304
10,0.2,6,0.5,1400,100.28911022890816,0.016732899999851725,0,38,304
10,0.2,6,0.5,600,92.50086005817246,0.016706099999964863,0,38,304
10,0.2,6,0.5,1000,84.70483500107665,0.019403300000021773,0,38,304
10,0.2,6,0.5,1400,85.0102039793511,0.017504200000075798,0,38,304
10,0.2,6,0.5,600,93.66215496156477,0.015706899999941015,0,38,304
10,0.2,6,0.5,1000,85.0417381333404,0.01632059999997182,0,38,304
10,0.2,6,0.5,1400,85.27275973275663,0.01776190000009592,0,38,304
10,0.2,6,0.5,600,51.08931476258398,0.016596299999946496,0,38,304
10,0.2,6,0.5,1000,51.10789939982723,0.016540800000029776,0,38,304
10,0.2,6,0.5,1400,47.62484219796699,0.015781199999992168,0,38,304
10,0.2,6,1.0,600,63.71964294756716,0.01669809999998506,0,38,304
10,0.2,6,1.0,1000,64.48702876719057,0.01633280000010018,0,38,304
10,0.2,6,1.0,1400,64.60329294020927,0.01735400000006848,0,38,304
10,0.2,6,1.0,600,59.86452614176825,0.016458700000157478,0,38,304
10,0.2,6,1.0,1000,94.71460408296376,0.01969120000012481,0,38,304
10,0.2,6,1.0,1400,94.56488440745451,0.019594999999981155,0,38,304
10,0.2,6,1.0,600,111.98426289980675,0.01863520000006247,0,38,304
10,0.2,6,1.0,1000,105.55716097783066,0.017492800000127318,0,38,304
10,0.2,6,1.0,1400,105.68345041570419,0.016258300000117742,0,38,304
10,0.2,6,1.0,600,108.61133673079033,0.01623040000004039,0,38,304
10,0.2,6,1.0,1000,86.73063696316012,0.016008399999918765,0,38,304
10,0.2,6,1.0,1400,87.27597780724882,0.015496499999926527,0,38,304
10,0.2,6,1.0,600,61.98425570207196,0.01680609999993976,0,38,304
10,0.2,6,1.0,1000,62.119114023132624,0.016993699999829914,0,38,304
10,0.2,6,1.0,1400,62.58177266344875,0.01687420000007478,0,38,304
10,0.2,6,5.0,600,69.08145731860459,0.0153858000001037,0,38,304
10,0.2,6,5.0,1000,69.58782645115905,0.01916340000002492,0,38,304
10,0.2,6,5.0,1400,69.66650278173765,0.016172299999880124,0,38,304
10,0.2,6,5.0,600,46.46803128338888,0.017609799999945608,0,38,304
10,0.2,6,5.0,1000,75.71643060432203,0.01629129999992074,0,38,304
10,0.2,6,5.0,1400,75.63879619415891,0.01584739999998419,4096,38,304
10,0.2,6,5.0,600,111.19093605222434,0.017428099999960978,0,38,304
10,0.2,6,5.0,1000,94.11851191304885,0.01674959999991188,0,38,304
10,0.2,6,5.0,1400,94.13637290301584,0.016314999999849533,0,38,304
10,0.2,6,5.0,600,80.64127670961817,0.015591399999948408,0,38,304
10,0.2,6,5.0,1000,72.60106993562843,0.016230599999971673,0,38,304
10,0.2,6,5.0,1400,72.96251037579837,0.016655400000217924,4096,38,304
10,0.2,6,5.0,600,63.24431825746358,0.01670260000014423,0,38,304
10,0.2,6,5.0,1000,63.19070025485901,0.017049100000122053,0,38,304
10,0.2,6,5.0,1400,63.82830718860053,0.017730400000118607,0,38,304
10,0.28888888888888886,6,0.1,600,34.84892866389911,0.018183599999929356,0,58,464
10,0.28888888888888886,6,0.1,1000,35.09413201547611,0.02056759999982205,4096,58,464
10,0.28888888888888886,6,0.1,1400,35.162794097910016,0.02035329999989699,0,58,464
10,0.28888888888888886,6,0.1,600,10.178024859433286,0.020265099999960512,0,58,464
10,0.28888888888888886,6,0.1,1000,11.120681277608846,0.01890329999991991,0,58,464
10,0.28888888888888886,6,0.1,1400,11.11979737566734,0.02022420000002967,0,58,464
10,0.28888888888888886,6,0.1,600,28.28290637985626,0.019260799999983647,0,54,432
10,0.28888888888888886,6,0.1,1000,28.115290679311258,0.017992800000001807,0,54,432
10,0.28888888888888886,6,0.1,1400,28.103069939930165,0.020415500000126485,0,54,432
10,0.28888888888888886,6,0.1,600,0.9916546205270959,0.018738299999995434,0,58,464
10,0.28888888888888886,6,0.1,1000,0.9953325663434014,0.018912300000010873,0,58,464
10,0.28888888888888886,6,0.1,1400,0.9944478567700811,0.018425299999989875,0,58,464
10,0.28888888888888886,6,0.1,600,23.740057519836206,0.01809929999990345,0,58,464
10,0.28888888888888886,6,0.1,1000,23.777017669126774,0.01833419999979924,0,58,464
10,0.28888888888888886,6,0.1,1400,23.748065261718008,0.019606600000088292,0,58,464
10,0.28888888888888886,6,0.5,600,44.83464470146799,0.017263499999899068,0,58,464
10,0.28888888888888886,6,0.5,1000,45.1336660953069,0.017431900000019596,0,58,464
10,0.28888888888888886,6,0.5,1400,45.08167396027516,0.021117799999956333,0,58,464
10,0.28888888888888886,6,0.5,600,63.26176662555884,0.01921330000004673,0,58,464
10,0.28888888888888886,6,0.5,1000,67.59506731968345,0.0175626000000193,0,58,464
10,0.28888888888888886,6,0.5,1400,67.6889723983334,0.020100899999988542,0,58,464
10,0.28888888888888886,6,0.5,600,83.44077054361026,0.019456100000070364,0,54,432
10,0.28888888888888886,6,0.5,1000,77.11842204298806,0.018291699999963384,0,54,432
10,0.28888888888888886,6,0.5,1400,77.48412385548207,0.01754080000000613,0,54,432
10,0.28888888888888886,6,0.5,600,92.04455002828558,0.017990600000075574,0,58,464
10,0.28888888888888886,6,0.5,1000,80.19742932261133,0.017760599999974147,0,58,464
10,0.28888888888888886,6,0.5,1400,80.5294790925566,0.018930800000134695,0,58,464
10,0.28888888888888886,6,0.5,600,57.445940176261786,0.018434100000149556,0,58,464
10,0.28888888888888886,6,0.5,1000,57.457529685384905,0.01957130000005236,0,58,464
10,0.28888888888888886,6,0.5,1400,56.44508367327453,0.01881649999995716,0,58,464
10,0.28888888888888886,6,1.0,600,75.81232572209463,0.01734959999998864,0,58,464
10,0.28888888888888886,6,1.0,1000,76.6301375242768,0.01840870000000905,0,58,464
10,0.28888888888888886,6,1.0,1400,76.79093858898447,0.018712599999844315,0,58,464
10,0.28888888888888886,6,1.0,600,62.34848303697659,0.018542899999829388,0,58,464
10,0.28888888888888886,6,1.0,1000,91.49693827082191,0.019249500000114494,0,58,464
10,0.28888888888888886,6,1.0,1400,91.34730482321845,0.01778080000008231,0,58,464
10,0.28888888888888886,6,1.0,600,113.76972793887911,0.01759770000012395,0,54,432
10,0.28888888888888886,6,1.0,1000,110.16167146694748,0.017475599999897895,0,54,432
10,0.28888888888888886,6,1.0,1400,110.28514125846853,0.01786760000004506,0,54,432
10,0.28888888888888886,6,1.0,600,97.73478141464483,0.01763929999992797,0,58,464
10,0.28888888888888886,6,1.0,1000,76.4201261366067,0.017426000000114072,0,58,464
10,0.28888888888888886,6,1.0,1400,76.96375392083407,0.01772520000008626,0,58,464
10,0.28888888888888886,6,1.0,600,50.18553461662568,0.01741560000004938,0,58,464
10,0.28888888888888886,6,1.0,1000,50.29009380336947,0.01762589999998454,0,58,464
10,0.28888888888888886,6,1.0,1400,52.5897354246272,0.018556699999862758,0,58,464
10,0.28888888888888886,6,5.0,600,61.218094483680375,0.01764109999999164,0,58,464
10,0.28888888888888886,6,5.0,1000,61.69171977596145,0.01807050000002164,0,58,464
10,0.28888888888888886,6,5.0,1400,61.765009177380755,0.01777429999992819,0,58,464
10,0.28888888888888886,6,5.0,600,48.941113696018945,0.01817790000018249,0,58,464
10,0.28888888888888886,6,5.0,1000,68.93258411166234,0.01783249999994041,0,58,464
10,0.28888888888888886,6,5.0,1400,68.83441150288915,0.018315600000050836,0,58,464
10,0.28888888888888886,6,5.0,600,93.49629538792574,0.017686800000092262,0,54,432
10,0.28888888888888886,6,5.0,1000,81.24407024318288,0.017291599999907703,0,54,432
10,0.28888888888888886,6,5.0,1400,81.28330000302472,0.01824099999998907,0,54,432
10,0.28888888888888886,6,5.0,600,73.29188822812714,0.01965440000003582,0,58,464
10,0.28888888888888886,6,5.0,1000,66.70177435989282,0.017240800000081435,0,58,464
10,0.28888888888888886,6,5.0,1400,67.05968173672649,0.01858049999987088,0,58,464
10,0.28888888888888886,6,5.0,600,56.67613086497992,0.017935400000169466,0,58,464
10,0.28888888888888886,6,5.0,1000,56.68489559310442,0.01836019999996097,0,58,464
10,0.28888888888888886,6,5.0,1400,60.3795046067636,0.017796699999962584,0,58,464
10,0.37777777777777777,6,0.1,600,42.931892916302616,0.018284999999877982,0,82,656
10,0.37777777777777777,6,0.1,1000,43.072441985380976,0.019760799999858136,4096,82,656
10,0.37777777777777777,6,0.1,1400,42.9963401053837,0.018829600000117352,0,82,656
10,0.37777777777777777,6,0.1,600,16.293847351922775,0.02072520000001532,0,82,656
10,0.37777777777777777,6,0.1,1000,16.428666065060305,0.02009320000001935,0,82,656
10,0.37777777777777777,6,0.1,1400,16.348976064328745,0.01966749999996864,0,82,656
10,0.37777777777777777,6,0.1,600,32.676572716130636,0.01917930000013257,16384,82,656
10,0.37777777777777777,6,0.1,1000,32.41292025807182,0.019921399999930145,12288,82,656
10,0.37777777777777777,6,0.1,1400,32.59753539380319,0.018956799999841678,0,82,656
10,0.37777777777777777,6,0.1,600,58.82533051725598,0.01967649999983223,0,90,720
10,0.37777777777777777,6,0.1,1000,59.309739102653296,0.02111649999983456,0,90,720
10,0.37777777777777777,6,0.1,1400,59.46165935320775,0.019408300000122836,4096,90,720
10,0.37777777777777777,6,0.1,600,17.39462358284229,0.02404989999990903,0,78,624
10,0.37777777777777777,6,0.1,1000,17.403312128607908,0.02047539999989567,0,78,624
10,0.37777777777777777,6,0.1,1400,17.131220128802045,0.01885519999996177,0,78,624
10,0.37777777777777777,6,0.5,600,44.17960579023148,0.01910720000000765,8192,82,656
10,0.37777777777777777,6,0.5,1000,44.41838345702141,0.01924020000001292,32768,82,656
10,0.37777777777777777,6,0.5,1400,44.288879621301156,0.02160290000006171,45056,82,656
10,0.37777777777777777,6,0.5,600,33.3233157940521,0.01954539999996996,0,82,656
10,0.37777777777777777,6,0.5,1000,36.64498097476348,0.019701700000041455,0,82,656
10,0.37777777777777777,6,0.5,1400,36.864333922786315,0.020004599999992934,8192,82,656
10,0.37777777777777777,6,0.5,600,93.2841858016633,0.019723500000054628,16384,82,656
10,0.37777777777777777,6,0.5,1000,87.1053530948278,0.02166110000007393,36864,82,656
10,0.37777777777777777,6,0.5,1400,87.54389328617219,0.02098030000001927,0,82,656
10,0.37777777777777777,6,0.5,600,53.97545065976407,0.019473500000003696,0,90,720
10,0.37777777777777777,6,0.5,1000,47.334023076679834,0.019020299999965573,0,90,720
10,0.37777777777777777,6,0.5,1400,47.53938652486612,0.019181500000058804,0,90,720
10,0.37777777777777777,6,0.5,600,30.60526105584455,0.021488500000032218,0,78,624
10,0.37777777777777777,6,0.5,1000,28.117177303027965,0.02049269999997705,0,78,624
10,0.37777777777777777,6,0.5,1400,27.108889121559756,0.02140159999999014,0,78,624
10,0.37777777777777777,6,1.0,600,50.361998829694066,0.019145399999842994,0,82,656
10,0.37777777777777777,6,1.0,1000,50.969305405991825,0.018668300000172167,0,82,656
10,0.37777777777777777,6,1.0,1400,51.286353113948415,0.018836899999996604,0,82,656
10,0.37777777777777777,6,1.0,600,53.80089780882051,0.018755399999918154,0,82,656
10,0.37777777777777777,6,1.0,1000,77.11287456316948,0.018352900000081718,0,82,656
10,0.37777777777777777,6,1.0,1400,77.12339491480536,0.020536499999934676,0,82,656
10,0.37777777777777777,6,1.0,600,104.51593805631931,0.018508399999973335,0,82,656
10,0.37777777777777777,6,1.0,1000,101.3969740589752,0.01999019999993834,0,82,656
10,0.37777777777777777,6,1.0,1400,101.50608753669441,0.020814799999925526,0,82,656
10,0.37777777777777777,6,1.0,600,66.38835631789999,0.019205999999940104,0,90,720
10,0.37777777777777777,6,1.0,1000,57.05474684613836,0.02046110000014778,0,90,720
10,0.37777777777777777,6,1.0,1400,57.44467190833718,0.019599200000129713,0,90,720
10,0.37777777777777777,6,1.0,600,35.02418600023411,0.019800900000063848,0,78,624
10,0.37777777777777777,6,1.0,1000,32.55142570004346,0.019886399999904825,0,78,624
10,0.37777777777777777,6,1.0,1400,34.8147268061451,0.01996780000013132,0,78,624
10,0.37777777777777777,6,5.0,600,56.60937087181,0.018798099999912665,0,82,656
10,0.37777777777777777,6,5.0,1000,57.04355796188018,0.018933500000002823,0,82,656
10,0.37777777777777777,6,5.0,1400,57.1523117401549,0.019467399999939516,0,82,656
10,0.37777777777777777,6,5.0,600,51.24838772842989,0.023012400000197886,0,82,656
10,0.37777777777777777,6,5.0,1000,67.04037135846957,0.019163299999945593,0,82,656
10,0.37777777777777777,6,5.0,1400,66.96811614152502,0.018672000000151456,0,82,656
10,0.37777777777777777,6,5.0,600,84.37362667998774,0.01873950000003788,0,82,656
10,0.37777777777777777,6,5.0,1000,76.89791232621604,0.01901840000004995,0,82,656
10,0.37777777777777777,6,5.0,1400,76.86968488335887,0.019114200000103665,0,82,656
10,0.37777777777777777,6,5.0,600,59.21456436909945,0.01967689999992217,0,90,720
10,0.37777777777777777,6,5.0,1000,52.28831978183042,0.018850700000029974,0,90,720
10,0.37777777777777777,6,5.0,1400,52.629898295517776,0.019828499999903215,0,90,720
10,0.37777777777777777,6,5.0,600,52.800199231689724,0.019639900000129273,0,78,624
10,0.37777777777777777,6,5.0,1000,49.578181370522785,0.01974370000016279,0,78,624
10,0.37777777777777777,6,5.0,1400,53.203622726465625,0.019892299999810348,0,78,624
10,0.4888888888888889,6,0.1,600,29.782328778950603,0.02169299999991381,0,166,1328
10,0.4888888888888889,6,0.1,1000,35.96940474313427,0.02021829999989677,0,166,1328
10,0.4888888888888889,6,0.1,1400,35.723419259131475,0.020828400000027614,0,166,1328
10,0.4888888888888889,6,0.1,600,68.03808590177125,0.02048960000001898,0,130,1040
10,0.4888888888888889,6,0.1,1000,91.68820762566168,0.020778300000074523,4096,130,1040
10,0.4888888888888889,6,0.1,1400,91.72324983986216,0.021953899999971327,0,130,1040
10,0.4888888888888889,6,0.1,600,34.66072859404842,0.02176040000017565,0,134,1072
10,0.4888888888888889,6,0.1,1000,54.477692174879415,0.02287409999985357,0,134,1072
10,0.4888888888888889,6,0.1,1400,54.51327190541463,0.024233200000026045,0,134,1072
10,0.4888888888888889,6,0.1,600,13.597268021239937,0.02218880000009449,4096,130,1040
10,0.4888888888888889,6,0.1,1000,14.099830330612493,0.0207053999999971,0,130,1040
10,0.4888888888888889,6,0.1,1400,14.257501193558666,0.02083249999986947,0,130,1040
10,0.4888888888888889,6,0.1,600,13.986888229092196,0.02166069999998399,0,122,976
10,0.4888888888888889,6,0.1,1000,13.88405058485606,0.02152380000006815,0,122,976
10,0.4888888888888889,6,0.1,1400,14.018746391444747,0.021436999999878026,4096,122,976
10,0.4888888888888889,6,0.5,600,43.589750454077844,0.020761400000083086,0,166,1328
10,0.4888888888888889,6,0.5,1000,44.014656775112066,0.020772600000100283,0,166,1328
10,0.4888888888888889,6,0.5,1400,44.025456932851355,0.02167050000002746,4096,166,1328
10,0.4888888888888889,6,0.5,600,38.155316769930124,0.022029200000133642,12288,130,1040
10,0.4888888888888889,6,0.5,1000,41.485806538466996,0.022704299999986688,28672,130,1040
10,0.4888888888888889,6,0.5,1400,41.46193785319069,0.02094049999982417,8192,130,1040
10,0.4888888888888889,6,0.5,600,77.19402776102423,0.01983749999999418,0,134,1072
10,0.4888888888888889,6,0.5,1000,68.4574553320771,0.0215013000001818,0,134,1072
10,0.4888888888888889,6,0.5,1400,68.37752837864379,0.020700100000112798,28672,134,1072
10,0.4888888888888889,6,0.5,600,40.37480598790274,0.020552400000042326,16384,130,1040
10,0.4888888888888889,6,0.5,1000,40.10882981677731,0.0261232000000291,8192,130,1040
10,0.4888888888888889,6,0.5,1400,40.26061632299273,0.022272100000009232,0,130,1040
10,0.4888888888888889,6,0.5,600,30.397923178337514,0.02153490000000602,0,122,976
10,0.4888888888888889,6,0.5,1000,28.951366092473013,0.02045319999979256,0,122,976
10,0.4888888888888889,6,0.5,1400,29.157242111134646,0.020934099999976752,0,122,976
10,0.4888888888888889,6,1.0,600,38.86174781036264,0.020168699999885575,0,166,1328
10,0.4888888888888889,6,1.0,1000,39.66638230457889,0.020877400000017587,0,166,1328
10,0.4888888888888889,6,1.0,1400,39.9373484079566,0.02227109999989807,0,166,1328
10,0.4888888888888889,6,1.0,600,47.45674586529933,0.020750200000065888,0,130,1040
10,0.4888888888888889,6,1.0,1000,63.23564587467852,0.022654100000181643,0,130,1040
10,0.4888888888888889,6,1.0,1400,63.13477483628241,0.021645000000034997,0,130,1040
10,0.4888888888888889,6,1.0,600,81.46274010634143,0.020680200000015247,0,134,1072
10,0.4888888888888889,6,1.0,1000,87.74160180872039,0.023203100000046106,0,134,1072
10,0.4888888888888889,6,1.0,1400,88.0465090736405,0.020276100000046426,0,134,1072
10,0.4888888888888889,6,1.0,600,53.823276466733965,0.023525600000084523,0,130,1040
10,0.4888888888888889,6,1.0,1000,51.3202994583484,0.021369499999991604,0,130,1040
10,0.4888888888888889,6,1.0,1400,51.607430599976574,0.02204499999993459,0,130,1040
10,0.4888888888888889,6,1.0,600,41.96377859015898,0.02281019999986711,0,122,976
10,0.4888888888888889,6,1.0,1000,41.26840330614002,0.024904200000037235,0,122,976
10,0.4888888888888889,6,1.0,1400,43.941440835160776,0.020457399999941117,0,122,976
10,0.4888888888888889,6,5.0,600,47.00650165603117,0.021915000000035434,0,166,1328
10,0.4888888888888889,6,5.0,1000,47.61894802066958,0.0207597999999507,0,166,1328
10,0.4888888888888889,6,5.0,1400,47.779352907539575,0.021458299999949304,0,166,1328
10,0.4888888888888889,6,5.0,600,46.51722384772048,0.02157390000002124,0,130,1040
10,0.4888888888888889,6,5.0,1000,63.47761501064,0.01984859999993205,0,130,1040
10,0.4888888888888889,6,5.0,1400,61.84798968788121,0.02156739999986712,0,130,1040
10,0.4888888888888889,6,5.0,600,73.55498389949422,0.02139390000002095,0,134,1072
10,0.4888888888888889,6,5.0,1000,68.46219083726034,0.02108700000007957,0,134,1072
10,0.4888888888888889,6,5.0,1400,68.61524044301373,0.022302200000012817,0,134,1072
10,0.4888888888888889,6,5.0,600,53.96859805782654,0.020820899999989706,0,130,1040
10,0.4888888888888889,6,5.0,1000,54.8945443005129,0.02127299999983734,0,130,1040
10,0.4888888888888889,6,5.0,1400,55.13413547948176,0.022352200000113953,0,130,1040
10,0.4888888888888889,6,5.0,600,41.719519657041,0.020372800000131974,0,122,976
10,0.4888888888888889,6,5.0,1000,42.667804760640756,0.020850500000051397,0,122,976
10,0.4888888888888889,6,5.0,1400,50.26178315132596,0.02115589999993972,0,122,976
10,0.2,8,0.1,600,0.036051405591262096,0.01728600000001279,0,38,304
10,0.2,8,0.1,1000,0.035361891304588444,0.016574399999853995,0,38,304
10,0.2,8,0.1,1400,0.032403611409399694,0.019288499999902342,0,38,304
10,0.2,8,0.1,600,0.028880381787138146,0.016066099999989092,0,38,304
10,0.2,8,0.1,1000,0.00729754862673576,0.018642300000010437,0,38,304
10,0.2,8,0.1,1400,0.00716954749548182,0.01636089999988144,0,38,304
10,0.2,8,0.1,600,0.01736603291427348,0.019172300000036557,0,38,304
10,0.2,8,0.1,1000,0.01072996804207206,0.02029469999979483,0,38,304
10,0.2,8,0.1,1400,0.012231794257304534,0.021801600000117105,0,38,304
10,0.2,8,0.1,600,0.05386355867185846,0.01631520000000819,0,38,304
10,0.2,8,0.1,1000,0.05681124046524559,0.017415100000107486,0,38,304
10,0.2,8,0.1,1400,0.04573784397905066,0.01642179999998916,0,38,304
10,0.2,8,0.1,600,0.005705936722182952,0.016614000000117812,0,38,304
10,0.2,8,0.1,1000,0.0010029560724284913,0.017580099999804588,0,38,304
10,0.2,8,0.1,1400,0.0009573161690845496,0.01769309999986035,0,38,304
10,0.2,8,0.5,600,41.0553383658327,0.01684209999984887,0,38,304
10,0.2,8,0.5,1000,41.03496213062904,0.017126400000051945,0,38,304
10,0.2,8,0.5,1400,37.35949597824848,0.021220800000037343,0,38,304
10,0.2,8,0.5,600,79.88808335334363,0.01727619999996932,0,38,304
10,0.2,8,0.5,1000,77.68629814839824,0.01649520000000848,0,38,304
10,0.2,8,0.5,1400,77.79475745942975,0.016799899999796253,0,38,304
10,0.2,8,0.5,600,38.837733937000095,0.017232100000001083,0,38,304
10,0.2,8,0.5,1000,38.79312825169066,0.018110299999989365,0,38,304
10,0.2,8,0.5,1400,38.86521792202645,0.01745830000004389,0,38,304
10,0.2,8,0.5,600,49.986013461147245,0.01674800000000687,0,38,304
10,0.2,8,0.5,1000,50.30865443597911,0.01690669999993588,0,38,304
10,0.2,8,0.5,1400,30.06184132042533,0.017131900000094902,0,38,304
10,0.2,8,0.5,600,86.42691766218688,0.016215800000054514,0,38,304
10,0.2,8,0.5,1000,86.54788117416932,0.017035500000019965,0,38,304
10,0.2,8,0.5,1400,86.4954432053931,0.017433799999935218,4096,38,304
10,0.2,8,1.0,600,61.81870382728537,0.016803600000002916,0,38,304
10,0.2,8,1.0,1000,61.778458041222926,0.015948600000001534,0,38,304
10,0.2,8,1.0,1400,62.02663912218188,0.016379599999936545,0,38,304
10,0.2,8,1.0,600,84.13635283132378,0.015530200000057448,0,38,304
10,0.2,8,1.0,1000,82.56788167689685,0.018425400000069203,0,38,304
10,0.2,8,1.0,1400,82.82545599313146,0.01586300000008123,0,38,304
10,0.2,8,1.0,600,42.89932119343135,0.01627849999999853,0,38,304
10,0.2,8,1.0,1000,42.84564969502116,0.016702899999927467,0,38,304
10,0.2,8,1.0,1400,42.88872767864851,0.01661880000006022,0,38,304
10,0.2,8,1.0,600,70.46391373363443,0.01718340000002172,0,38,304
10,0.2,8,1.0,1000,70.7551631911546,0.016945999999961714,0,38,304
10,0.2,8,1.0,1400,62.24929906988109,0.016140700000050856,0,38,304
10,0.2,8,1.0,600,67.28067605210097,0.01656609999986358,0,38,304
10,0.2,8,1.0,1000,67.14773367116345,0.016378600000052757,0,38,304
10,0.2,8,1.0,1400,66.88212874860069,0.01618610000014087,0,38,304
10,0.2,8,5.0,600,64.14940846343994,0.016238899999962086,0,38,304
10,0.2,8,5.0,1000,64.1147606681095,0.01695319999998901,0,38,304
10,0.2,8,5.0,1400,62.78982285841802,0.01762009999993097,0,38,304
10,0.2,8,5.0,600,92.04268476775458,0.015579000000116139,0,38,304
10,0.2,8,5.0,1000,81.29353717797612,0.015557599999965532,0,38,304
10,0.2,8,5.0,1400,81.4874071778491,0.016089199999896664,0,38,304
10,0.2,8,5.0,600,48.9332579230497,0.016478399999868998,0,38,304
10,0.2,8,5.0,1000,48.89074408498826,0.017952400000012858,0,38,304
10,0.2,8,5.0,1400,48.88622120747465,0.016863300000068193,0,38,304
10,0.2,8,5.0,600,67.00517085139683,0.018150299999888375,0,38,304
10,0.2,8,5.0,1000,67.1842557003177,0.01701920000004975,0,38,304
10,0.2,8,5.0,1400,63.133902514450185,0.02050550000012663,0,38,304
10,0.2,8,5.0,600,57.802776959524756,0.016493299999865485,0,38,304
10,0.2,8,5.0,1000,57.77704272667326,0.01676469999983965,0,38,304
10,0.2,8,5.0,1400,57.69648796773461,0.01697920000015074,0,38,304
10,0.2,8,0.1,600,0.036051405591262096,0.01637620000019524,0,38,304
10,0.2,8,0.1,1000,0.035361891304588444,0.016081100000064907,0,38,304
10,0.2,8,0.1,1400,0.032403611409399694,0.017229300000053627,0,38,304
10,0.2,8,0.1,600,0.028880381787138146,0.0157277000000704,0,38,304
10,0.2,8,0.1,1000,0.00729754862673576,0.01570180000021537,0,38,304
10,0.2,8,0.1,1400,0.00716954749548182,0.01687220000007983,0,38,304
10,0.2,8,0.1,600,0.01736603291427348,0.016997200000105295,0,38,304
10,0.2,8,0.1,1000,0.01072996804207206,0.016106699999909324,0,38,304
10,0.2,8,0.1,1400,0.012231794257304534,0.018413199999940844,0,38,304
10,0.2,8,0.1,600,0.05386355867185846,0.01896360000000641,0,38,304
10,0.2,8,0.1,1000,0.05681124046524559,0.01759219999985362,0,38,304
10,0.2,8,0.1,1400,0.04573784397905066,0.0173040999998193,0,38,304
10,0.2,8,0.1,600,0.005705936722182952,0.018412300000136383,0,38,304
10,0.2,8,0.1,1000,0.0010029560724284913,0.01690750000011576,0,38,304
10,0.2,8,0.1,1400,0.0009573161690845496,0.016107999999803724,0,38,304
10,0.2,8,0.5,600,41.0553383658327,0.016333499999973355,0,38,304
10,0.2,8,0.5,1000,41.03496213062904,0.017166400000178328,0,38,304
10,0.2,8,0.5,1400,37.35949597824848,0.01712689999999384,0,38,304
10,0.2,8,0.5,600,79.88808335334363,0.015712199999825316,0,38,304
10,0.2,8,0.5,1000,77.68629814839824,0.016062899999951696,0,38,304
10,0.2,8,0.5,1400,77.79475745942975,0.015602700000044933,0,38,304
10,0.2,8,0.5,600,38.837733937000095,0.01667459999998755,0,38,304
10,0.2,8,0.5,1000,38.79312825169066,0.01689910000004602,0,38,304
10,0.2,8,0.5,1400,38.86521792202645,0.017197500000065702,0,38,304
10,0.2,8,0.5,600,49.986013461147245,0.01607449999983146,0,38,304
10,0.2,8,0.5,1000,50.30865443597911,0.016072599999915838,0,38,304
10,0.2,8,0.5,1400,30.06184132042533,0.016595899999856556,0,38,304
10,0.2,8,0.5,600,86.42691766218688,0.01925060000007761,0,38,304
10,0.2,8,0.5,1000,86.54788117416932,0.017192599999816593,0,38,304
10,0.2,8,0.5,1400,86.4954432053931,0.0180112000000463,0,38,304
10,0.2,8,1.0,600,61.81870382728537,0.017305400000168447,0,38,304
10,0.2,8,1.0,1000,61.778458041222926,0.01728800000000774,0,38,304
10,0.2,8,1.0,1400,62.02663912218188,0.016717100000050777,0,38,304
10,0.2,8,1.0,600,84.13635283132378,0.01602809999985766,0,38,304
10,0.2,8,1.0,1000,82.56788167689685,0.017472499999939828,0,38,304
10,0.2,8,1.0,1400,82.82545599313146,0.016255900000032852,0,38,304
10,0.2,8,1.0,600,42.89932119343135,0.020484099999976024,0,38,304
10,0.2,8,1.0,1000,42.84564969502116,0.016366600000083054,0,38,304
10,0.2,8,1.0,1400,42.88872767864851,0.0174982999999429,0,38,304
10,0.2,8,1.0,600,70.46391373363443,0.01665529999991122,0,38,304
10,0.2,8,1.0,1000,70.7551631911546,0.016037699999969846,0,38,304
10,0.2,8,1.0,1400,62.24929906988109,0.01676369999995586,0,38,304
10,0.2,8,1.0,600,67.28067605210097,0.017138499999873602,0,38,304
10,0.2,8,1.0,1000,67.14773367116345,0.017399199999999837,0,38,304
10,0.2,8,1.0,1400,66.88212874860069,0.016013000000157263,0,38,304
10,0.2,8,5.0,600,64.14940846343994,0.01851130000000012,0,38,304
10,0.2,8,5.0,1000,64.1147606681095,0.01879400000007081,0,38,304
10,0.2,8,5.0,1400,62.78982285841802,0.01726139999982479,0,38,304
10,0.2,8,5.0,600,92.04268476775458,0.015646399999923233,0,38,304
10,0.2,8,5.0,1000,81.29353717797612,0.019734199999902557,0,38,304
10,0.2,8,5.0,1400,81.4874071778491,0.016759200000024066,0,38,304
10,0.2,8,5.0,600,48.9332579230497,0.019082499999967695,0,38,304
10,0.2,8,5.0,1000,48.89074408498826,0.018366799999967043,0,38,304
10,0.2,8,5.0,1400,48.88622120747465,0.017630399999916335,0,38,304
10,0.2,8,5.0,600,67.00517085139683,0.018062500000041837,0,38,304
10,0.2,8,5.0,1000,67.1842557003177,0.01638900000011745,0,38,304
10,0.2,8,5.0,1400,63.133902514450185,0.017202500000166765,0,38,304
10,0.2,8,5.0,600,57.802776959524756,0.017523200000141514,0,38,304
10,0.2,8,5.0,1000,57.77704272667326,0.01661959999978535,0,38,304
10,0.2,8,5.0,1400,57.69648796773461,0.017015599999922415,0,38,304
10,0.2,8,0.1,600,0.036051405591262096,0.018826500000159285,0,38,304
10,0.2,8,0.1,1000,0.035361891304588444,0.018457599999919694,0,38,304
10,0.2,8,0.1,1400,0.032403611409399694,0.017071100000066508,0,38,304
10,0.2,8,0.1,600,0.028880381787138146,0.01661269999999604,0,38,304
10,0.2,8,0.1,1000,0.00729754862673576,0.015044700000089506,0,38,304
10,0.2,8,0.1,1400,0.00716954749548182,0.016590400000040972,0,38,304
10,0.2,8,0.1,600,0.01736603291427348,0.017664400000057867,0,38,304
10,0.2,8,0.1,1000,0.01072996804207206,0.018217100000128994,0,38,304
10,0.2,8,0.1,1400,0.012231794257304534,0.016916399999900023,0,38,304
10,0.2,8,0.1,600,0.05386355867185846,0.01617509999982758,0,38,304
10,0.2,8,0.1,1000,0.05681124046524559,0.016928200000165816,0,38,304
10,0.2,8,0.1,1400,0.04573784397905066,0.015948199999911594,0,38,304
10,0.2,8,0.1,600,0.005705936722182952,0.01754320000009102,0,38,304
10,0.2,8,0.1,1000,0.0010029560724284913,0.016842600000018138,0,38,304
10,0.2,8,0.1,1400,0.0009573161690845496,0.016268899999886344,0,38,304
10,0.2,8,0.5,600,41.0553383658327,0.016889100000071267,0,38,304
10,0.2,8,0.5,1000,41.03496213062904,0.016407899999876463,0,38,304
10,0.2,8,0.5,1400,37.35949597824848,0.01806540000006862,0,38,304
10,0.2,8,0.5,600,79.88808335334363,0.016054099999792015,0,38,304
10,0.2,8,0.5,1000,77.68629814839824,0.01942050000002382,0,38,304
10,0.2,8,0.5,1400,77.79475745942975,0.017348999999967418,0,38,304
10,0.2,8,0.5,600,38.837733937000095,0.0167858999998316,0,38,304
10,0.2,8,0.5,1000,38.79312825169066,0.01673180000011598,0,38,304
10,0.2,8,0.5,1400,38.86521792202645,0.017544600000064747,0,38,304
10,0.2,8,0.5,600,49.986013461147245,0.01628470000014204,0,38,304
10,0.2,8,0.5,1000,50.30865443597911,0.015978099999983897,0,38,304
10,0.2,8,0.5,1400,30.06184132042533,0.016698499999847627,0,38,304
10,0.2,8,0.5,600,86.42691766218688,0.017485800000031304,0,38,304
10,0.2,8,0.5,1000,86.54788117416932,0.019060100000160674,0,38,304
10,0.2,8,0.5,1400,86.4954432053931,0.01780100000019047,0,38,304
10,0.2,8,1.0,600,61.81870382728537,0.017789999999877182,0,38,304
10,0.2,8,1.0,1000,61.778458041222926,0.017032100000051287,0,38,304
10,0.2,8,1.0,1400,62.02663912218188,0.018410500000072716,0,38,304
10,0.2,8,1.0,600,84.13635283132378,0.01674060000004829,0,38,304
10,0.2,8,1.0,1000,82.56788167689685,0.01665539999999055,0,38,304
10,0.2,8,1.0,1400,82.82545599313146,0.01737419999994927,0,38,304
10,0.2,8,1.0,600,42.89932119343135,0.01645039999993969,0,38,304
10,0.2,8,1.0,1000,42.84564969502116,0.017538700000159224,0,38,304
10,0.2,8,1.0,1400,42.88872767864851,0.017316400000026988,0,38,304
10,0.2,8,1.0,600,70.46391373363443,0.016205499999841777,0,38,304
10,0.2,8,1.0,1000,70.7551631911546,0.01574760000016795,0,38,304
10,0.2,8,1.0,1400,62.24929906988109,0.01989210000010644,0,38,304
10,0.2,8,1.0,600,67.28067605210097,0.016525200000160112,0,38,304
10,0.2,8,1.0,1000,67.14773367116345,0.017297799999823837,0,38,304
10,0.2,8,1.0,1400,66.88212874860069,0.023319500000070548,0,38,304
10,0.2,8,5.0,600,64.14940846343994,0.01902719999998226,0,38,304
10,0.2,8,5.0,1000,64.1147606681095,0.017239100000097096,0,38,304
10,0.2,8,5.0,1400,62.78982285841802,0.016985500000146203,0,38,304
10,0.2,8,5.0,600,92.04268476775458,0.017048299999942174,0,38,304
10,0.2,8,5.0,1000,81.29353717797612,0.015559899999971094,0,38,304
10,0.2,8,5.0,1400,81.4874071778491,0.015452800000048228,0,38,304
10,0.2,8,5.0,600,48.9332579230497,0.01670800000010786,0,38,304
10,0.2,8,5.0,1000,48.89074408498826,0.01613849999989725,0,38,304
10,0.2,8,5.0,1400,48.88622120747465,0.01603239999985817,0,38,304
10,0.2,8,5.0,600,67.00517085139683,0.015905900000007023,0,38,304
10,0.2,8,5.0,1000,67.1842557003177,0.015580699999873104,0,38,304
10,0.2,8,5.0,1400,63.133902514450185,0.01561319999996158,0,38,304
10,0.2,8,5.0,600,57.802776959524756,0.015942199999926743,0,38,304
10,0.2,8,5.0,1000,57.77704272667326,0.01648720000002868,0,38,304
10,0.2,8,5.0,1400,57.69648796773461,0.015928400000120746,0,38,304
10,0.2,8,0.1,600,0.036051405591262096,0.015732800000023417,0,38,304
10,0.2,8,0.1,1000,0.035361891304588444,0.016116699999884077,0,38,304
10,0.2,8,0.1,1400,0.032403611409399694,0.01595450000013443,0,38,304
10,0.2,8,0.1,600,0.028880381787138146,0.014817699999866818,0,38,304
10,0.2,8,0.1,1000,0.00729754862673576,0.015146499999900698,0,38,304
10,0.2,8,0.1,1400,0.00716954749548182,0.015889700000116136,0,38,304
10,0.2,8,0.1,600,0.01736603291427348,0.01598280000007435,0,38,304
10,0.2,8,0.1,1000,0.01072996804207206,0.0160801999998057,0,38,304
10,0.2,8,0.1,1400,0.012231794257304534,0.019668599999931757,0,38,304
10,0.2,8,0.1,600,0.05386355867185846,0.016111800000089715,0,38,304
10,0.2,8,0.1,1000,0.05681124046524559,0.021118800000067495,0,38,304
10,0.2,8,0.1,1400,0.04573784397905066,0.015704699999787408,0,38,304
10,0.2,8,0.1,600,0.005705936722182952,0.015769000000091182,0,38,304
10,0.2,8,0.1,1000,0.0010029560724284913,0.015728699999954188,0,38,304
10,0.2,8,0.1,1400,0.0009573161690845496,0.026026799999954164,0,38,304
10,0.2,8,0.5,600,41.0553383658327,0.01695459999996274,0,38,304
10,0.2,8,0.5,1000,41.03496213062904,0.015992999999980384,0,38,304
10,0.2,8,0.5,1400,37.35949597824848,0.015766500000154338,0,38,304
10,0.2,8,0.5,600,79.88808335334363,0.014928599999848302,0,38,304
10,0.2,8,0.5,1000,77.68629814839824,0.01659719999997833,0,38,304
10,0.2,8,0.5,1400,77.79475745942975,0.017575300000089555,0,38,304
10,0.2,8,0.5,600,38.837733937000095,0.015854400000080204,0,38,304
10,0.2,8,0.5,1000,38.79312825169066,0.016484800000171163,0,38,304
10,0.2,8,0.5,1400,38.86521792202645,0.01611030000003666,0,38,304
10,0.2,8,0.5,600,49.986013461147245,0.01563320000013846,0,38,304
10,0.2,8,0.5,1000,50.30865443597911,0.015604700000039884,0,38,304
10,0.2,8,0.5,1400,30.06184132042533,0.02176750000012362,0,38,304
10,0.2,8,0.5,600,86.42691766218688,0.016495500000019092,0,38,304
10,0.2,8,0.5,1000,86.54788117416932,0.016290799999978844,0,38,304
10,0.2,8,0.5,1400,86.4954432053931,0.016247400000111156,0,38,304
10,0.2,8,1.0,600,61.81870382728537,0.017029099999945174,0,38,304
10,0.2,8,1.0,1000,61.778458041222926,0.01723160000005919,0,38,304
10,0.2,8,1.0,1400,62.02663912218188,0.020148199999994176,0,38,304
10,0.2,8,1.0,600,84.13635283132378,0.016622300000108226,0,38,304
10,0.2,8,1.0,1000,82.56788167689685,0.016855200000009063,0,38,304
10,0.2,8,1.0,1400,82.82545599313146,0.01601400000004105,0,38,304
10,0.2,8,1.0,600,42.89932119343135,0.016648399999894536,0,38,304
10,0.2,8,1.0,1000,42.84564969502116,0.020176199999923483,0,38,304
10,0.2,8,1.0,1400,42.88872767864851,0.016665800000055242,0,38,304
10,0.2,8,1.0,600,70.46391373363443,0.01641410000001997,0,38,304
10,0.2,8,1.0,1000,70.7551631911546,0.016215900000133843,0,38,304
10,0.2,8,1.0,1400,62.24929906988109,0.017478600000004008,0,38,304
10,0.2,8,1.0,600,67.28067605210097,0.016624699999965742,0,38,304
10,0.2,8,1.0,1000,67.14773367116345,0.018531899999970847,0,38,304
10,0.2,8,1.0,1400,66.88212874860069,0.016927099999975326,0,38,304
10,0.2,8,5.0,600,64.14940846343994,0.01704820000009022,0,38,304
10,0.2,8,5.0,1000,64.1147606681095,0.017214399999829766,4096,38,304
10,0.2,8,5.0,1400,62.78982285841802,0.017024400000082096,0,38,304
10,0.2,8,5.0,600,92.04268476775458,0.01598369999987881,0,38,304
10,0.2,8,5.0,1000,81.29353717797612,0.018075199999884717,0,38,304
10,0.2,8,5.0,1400,81.4874071778491,0.018636600000036196,0,38,304
10,0.2,8,5.0,600,48.9332579230497,0.016930399999864676,0,38,304
10,0.2,8,5.0,1000,48.89074408498826,0.016541200000119716,0,38,304
10,0.2,8,5.0,1400,48.88622120747465,0.01646959999993669,0,38,304
10,0.2,8,5.0,600,67.00517085139683,0.01670870000020841,0,38,304
10,0.2,8,5.0,1000,67.1842557003177,0.01603160000013304,0,38,304
10,0.2,8,5.0,1400,63.133902514450185,0.015940099999852464,0,38,304
10,0.2,8,5.0,600,57.802776959524756,0.016389099999969403,0,38,304
10,0.2,8,5.0,1000,57.77704272667326,0.022500999999920168,0,38,304
10,0.2,8,5.0,1400,57.69648796773461,0.01744890000009036,0,38,304
10,0.28888888888888886,8,0.1,600,46.219739600176396,0.018711199999870587,0,58,464
10,0.28888888888888886,8,0.1,1000,46.213370015683296,0.017970899999909307,0,58,464
10,0.28888888888888886,8,0.1,1400,46.21216956115327,0.019056600000112667,0,58,464
10,0.28888888888888886,8,0.1,600,6.56902571960784,0.01852740000003905,0,58,464
10,0.28888888888888886,8,0.1,1000,6.390580511486173,0.01736409999989519,8192,58,464
10,0.28888888888888886,8,0.1,1400,6.377535153251991,0.01862370000003466,24576,58,464
10,0.28888888888888886,8,0.1,600,17.37208245661587,0.02024540000002162,0,58,464
10,0.28888888888888886,8,0.1,1000,17.34161049560124,0.018147700000099576,0,58,464
10,0.28888888888888886,8,0.1,1400,17.330041668630653,0.019102599999996528,0,58,464
10,0.28888888888888886,8,0.1,600,22.92900848637415,0.017344399999956295,0,62,496
10,0.28888888888888886,8,0.1,1000,22.931934266856207,0.018178900000066278,0,62,496
10,0.28888888888888886,8,0.1,1400,22.920957556066497,0.022335300000122515,0,62,496
10,0.28888888888888886,8,0.1,600,28.59825827709128,0.018416099999967628,0,58,464
10,0.28888888888888886,8,0.1,1000,28.175873375721444,0.017694099999971513,0,58,464
10,0.28888888888888886,8,0.1,1400,28.2156760071458,0.017565399999966758,0,58,464
10,0.28888888888888886,8,0.5,600,42.82475715314932,0.017785900000035326,0,58,464
10,0.28888888888888886,8,0.5,1000,42.77065666673484,0.019243299999970986,0,58,464
10,0.28888888888888886,8,0.5,1400,42.84200054491583,0.018010399999866422,0,58,464
10,0.28888888888888886,8,0.5,600,51.180370172866716,0.01877880000006371,0,58,464
10,0.28888888888888886,8,0.5,1000,48.85759818754537,0.017855300000064744,0,58,464
10,0.28888888888888886,8,0.5,1400,49.00019648654864,0.017944500000112384,0,58,464
10,0.28888888888888886,8,0.5,600,20.089905148235403,0.017624100000148246,0,58,464
10,0.28888888888888886,8,0.5,1000,20.062711538228374,0.01807390000021769,0,58,464
10,0.28888888888888886,8,0.5,1400,20.106414121875336,0.017888099999936458,0,58,464
10,0.28888888888888886,8,0.5,600,75.92005324736665,0.018933900000092763,0,62,496
10,0.28888888888888886,8,0.5,1000,76.24242264593805,0.017725299999938215,0,62,496
10,0.28888888888888886,8,0.5,1400,55.99680843302073,0.01794760000007045,0,62,496
10,0.28888888888888886,8,0.5,600,88.26939151352346,0.018542799999977433,0,58,464
10,0.28888888888888886,8,0.5,1000,88.45861645719326,0.018796699999938937,0,58,464
10,0.28888888888888886,8,0.5,1400,88.37974430505939,0.018866900000148235,0,58,464
10,0.28888888888888886,8,1.0,600,42.24184865359993,0.01855799999998453,0,58,464
10,0.28888888888888886,8,1.0,1000,42.201732824720345,0.02040820000001986,0,58,464
10,0.28888888888888886,8,1.0,1400,40.09606835807378,0.021064700000124503,0,58,464
10,0.28888888888888886,8,1.0,600,52.91316153890371,0.02089439999986098,0,58,464
10,0.28888888888888886,8,1.0,1000,51.87738745385913,0.01747950000003584,0,58,464
10,0.28888888888888886,8,1.0,1400,52.108871677408196,0.017898700000159806,0,58,464
10,0.28888888888888886,8,1.0,600,50.86206204041035,0.017729699999790682,0,58,464
10,0.28888888888888886,8,1.0,1000,50.80481365085876,0.021154900000055932,0,58,464
10,0.28888888888888886,8,1.0,1400,50.82397489938271,0.020828599999958897,0,58,464
10,0.28888888888888886,8,1.0,600,81.87507945960874,0.017308500000126514,0,62,496
10,0.28888888888888886,8,1.0,1000,82.16632453686665,0.017307999999957246,0,62,496
10,0.28888888888888886,8,1.0,1400,73.66047975273244,0.017275299999937488,0,62,496
10,0.28888888888888886,8,1.0,600,77.45712295139415,0.017841600000110702,0,58,464
10,0.28888888888888886,8,1.0,1000,72.4149662514764,0.019264900000052876,0,58,464
10,0.28888888888888886,8,1.0,1400,72.2671707707738,0.019404099999974278,0,58,464
10,0.28888888888888886,8,5.0,600,50.67990934705463,0.020097999999961758,0,58,464
10,0.28888888888888886,8,5.0,1000,50.630390550763465,0.017850500000122338,0,58,464
10,0.28888888888888886,8,5.0,1400,48.4643532232463,0.017506299999922703,0,58,464
10,0.28888888888888886,8,5.0,600,87.44332732418134,0.017381399999976566,0,58,464
10,0.28888888888888886,8,5.0,1000,83.53459622747292,0.01741200000014942,0,58,464
10,0.28888888888888886,8,5.0,1400,83.7018402819573,0.019895600000154445,0,58,464
10,0.28888888888888886,8,5.0,600,48.28690136509187,0.018285899999909816,0,58,464
10,0.28888888888888886,8,5.0,1000,48.25957089669366,0.018911600000137696,0,58,464
10,0.28888888888888886,8,5.0,1400,48.2615766538447,0.018338399999947796,0,58,464
10,0.28888888888888886,8,5.0,600,60.74259618570191,0.020042999999986932,0,62,496
10,0.28888888888888886,8,5.0,1000,60.921510204394416,0.017253499999924315,0,62,496
10,0.28888888888888886,8,5.0,1400,56.871911166959535,0.017764800000122705,0,62,496
10,0.28888888888888886,8,5.0,600,69.68821488177312,0.017487800000026255,4096,58,464
10,0.28888888888888886,8,5.0,1000,68.48272874018265,0.019131199999947057,0,58,464
10,0.28888888888888886,8,5.0,1400,68.40523320392869,0.01814039999999295,4096,58,464
10,0.37777777777777777,8,0.1,600,29.110720115014264,0.019007399999964036,0,90,720
10,0.37777777777777777,8,0.1,1000,29.10435053052116,0.02489489999993566,0,90,720
10,0.37777777777777777,8,0.1,1400,29.105913178102718,0.019759300000032454,0,90,720
10,0.37777777777777777,8,0.1,600,49.30505364553168,0.019421599999986938,0,74,592
10,0.37777777777777777,8,0.1,1000,49.23629993020623,0.020423599999958242,0,74,592
10,0.37777777777777777,8,0.1,1400,49.26372548712312,0.02175760000000082,0,74,592
10,0.37777777777777777,8,0.1,600,26.195554160523233,0.020854899999903864,0,74,592
10,0.37777777777777777,8,0.1,1000,26.231911700626217,0.019651199999998425,0,74,592
10,0.37777777777777777,8,0.1,1400,26.27589003598195,0.01915980000012496,0,74,592
10,0.37777777777777777,8,0.1,600,67.71074119851734,0.020735500000000684,24576,94,752
10,0.37777777777777777,8,0.1,1000,67.7122807240782,0.02029650000008587,24576,94,752
10,0.37777777777777777,8,0.1,1400,67.70876140545425,0.020480099999986123,0,94,752
10,0.37777777777777777,8,0.1,600,89.83129564391285,0.019312099999979182,0,86,688
10,0.37777777777777777,8,0.1,1000,116.41153929012992,0.019745900000089023,0,86,688
10,0.37777777777777777,8,0.1,1400,116.46558130179197,0.022720599999956903,12288,86,688
10,0.37777777777777777,8,0.5,600,47.47798977718766,0.02233000000001084,16384,90,720
10,0.37777777777777777,8,0.5,1000,47.4318932277767,0.018929800000023533,0,90,720
10,0.37777777777777777,8,0.5,1400,44.45010450018025,0.019199899999875925,0,90,720
10,0.37777777777777777,8,0.5,600,70.980971499292,0.019329599999991842,0,74,592
10,0.37777777777777777,8,0.5,1000,71.09567953883517,0.02113629999985278,0,74,592
10,0.37777777777777777,8,0.5,1400,71.11317830907362,0.019151699999838456,0,74,592
10,0.37777777777777777,8,0.5,600,18.500897205330837,0.019442499999968277,0,74,592
10,0.37777777777777777,8,0.5,1000,18.499737772871967,0.020022400000016205,0,74,592
10,0.37777777777777777,8,0.5,1400,18.51326688255065,0.02028110000014749,0,74,592
10,0.37777777777777777,8,0.5,600,45.24085692040303,0.01959149999993315,0,94,752
10,0.37777777777777777,8,0.5,1000,45.59214753651999,0.01959409999994932,0,94,752
10,0.37777777777777777,8,0.5,1400,33.62756343236266,0.019339700000045923,0,94,752
10,0.37777777777777777,8,0.5,600,52.84416296370169,0.020214500000065527,0,86,688
10,0.37777777777777777,8,0.5,1000,56.80131818819286,0.01906919999987622,0,86,688
10,0.37777777777777777,8,0.5,1400,56.699133674912524,0.01934649999998328,0,86,688
10,0.37777777777777777,8,1.0,600,31.785877607731347,0.02054050000015195,0,90,720
10,0.37777777777777777,8,1.0,1000,31.78022459026728,0.01972909999994954,0,90,720
10,0.37777777777777777,8,1.0,1400,30.37088726267911,0.018916199999921446,0,90,720
10,0.37777777777777777,8,1.0,600,66.52204245259135,0.02032850000000508,0,74,592
10,0.37777777777777777,8,1.0,1000,64.76981336979989,0.02025669999989077,0,74,592
10,0.37777777777777777,8,1.0,1400,64.63328567125455,0.020869999999831634,0,74,592
10,0.37777777777777777,8,1.0,600,42.145581668520975,0.020179000000098313,0,74,592
10,0.37777777777777777,8,1.0,1000,42.087926611458734,0.024927700000034747,0,74,592
10,0.37777777777777777,8,1.0,1400,42.13094158356242,0.01968550000015057,0,74,592
10,0.37777777777777777,8,1.0,600,64.50113143781421,0.01982729999986077,0,94,752
10,0.37777777777777777,8,1.0,1000,64.79866879734048,0.01910659999998643,0,94,752
10,0.37777777777777777,8,1.0,1400,54.61698680360145,0.01952309999978752,0,94,752
10,0.37777777777777777,8,1.0,600,85.03070776853329,0.020583400000077745,0,86,688
10,0.37777777777777777,8,1.0,1000,85.57102225289927,0.01894429999993008,0,86,688
10,0.37777777777777777,8,1.0,1400,85.29551816175885,0.01944020000019009,0,86,688
10,0.37777777777777777,8,5.0,600,42.78715601431374,0.01951609999991888,0,90,720
10,0.37777777777777777,8,5.0,1000,42.763726592407465,0.019183799999836992,0,90,720
10,0.37777777777777777,8,5.0,1400,40.16748778070926,0.019941300000027695,0,90,720
10,0.37777777777777777,8,5.0,600,66.55839648087614,0.019702300000062678,0,74,592
10,0.37777777777777777,8,5.0,1000,63.253223384513355,0.0203767999998945,0,74,592
10,0.37777777777777777,8,5.0,1400,63.37570145781174,0.01939700000002631,0,74,592
10,0.37777777777777777,8,5.0,600,48.85215624647553,0.02055190000010043,0,74,592
10,0.37777777777777777,8,5.0,1000,48.83474250991391,0.020251799999869036,0,74,592
10,0.37777777777777777,8,5.0,1400,48.84250481316574,0.020419999999830907,0,74,592
10,0.37777777777777777,8,5.0,600,65.12124517800768,0.019779400000061287,0,94,752
10,0.37777777777777777,8,5.0,1000,65.29897267609581,0.019352599999820086,0,94,752
10,0.37777777777777777,8,5.0,1400,55.707381958906524,0.020002900000008594,0,94,752
10,0.37777777777777777,8,5.0,600,63.72095879704412,0.020810600000004342,0,86,688
10,0.37777777777777777,8,5.0,1000,64.12356086997619,0.021171599999888713,0,86,688
10,0.37777777777777777,8,5.0,1400,64.02701090036867,0.02033120000010058,0,86,688
10,0.4888888888888889,8,0.1,600,57.07422718286577,0.02239600000007158,0,158,1264
10,0.4888888888888889,8,0.1,1000,57.07396523025674,0.021611599999914688,0,158,1264
10,0.4888888888888889,8,0.1,1400,57.076384795916454,0.022159900000133348,4096,158,1264
10,0.4888888888888889,8,0.1,600,17.158550349438425,0.0235906000000341,0,118,944
10,0.4888888888888889,8,0.1,1000,17.077567513809797,0.021570899999915127,0,118,944
10,0.4888888888888889,8,0.1,1400,17.084458712751772,0.021402699999953256,0,118,944
10,0.4888888888888889,8,0.1,600,31.095284628998588,0.021374799999875904,4096,130,1040
10,0.4888888888888889,8,0.1,1000,31.023281921703614,0.021385199999940596,8192,130,1040
10,0.4888888888888889,8,0.1,1400,30.93627265532578,0.021882900000036898,8192,130,1040
10,0.4888888888888889,8,0.1,600,48.772080626764996,0.020630900000014663,0,338,2704
10,0.4888888888888889,8,0.1,1000,48.77372921175521,0.02093179999997119,4096,338,2704
10,0.4888888888888889,8,0.1,1400,48.76919571030635,0.02056270000002769,36864,338,2704
10,0.4888888888888889,8,0.1,600,62.246853291367714,0.020631900000125825,28672,166,1328
10,0.4888888888888889,8,0.1,1000,62.735476807640225,0.02176699999995435,8192,166,1328
10,0.4888888888888889,8,0.1,1400,62.78932955281247,0.023474800000030882,8192,166,1328
10,0.4888888888888889,8,0.5,600,49.30993096015824,0.022872999999890453,0,158,1264
10,0.4888888888888889,8,0.5,1000,49.240703396360686,0.020372700000052646,0,158,1264
10,0.4888888888888889,8,0.5,1400,48.62053789791021,0.02157230000011623,32768,158,1264
10,0.4888888888888889,8,0.5,600,44.241643599459834,0.021715399999948204,0,118,944
10,0.4888888888888889,8,0.5,1000,43.5583491960683,0.020921900000075766,0,118,944
10,0.4888888888888889,8,0.5,1400,43.57368740588452,0.021079999999983556,0,118,944
10,0.4888888888888889,8,0.5,600,28.245758912485034,0.020147299999962343,0,130,1040
10,0.4888888888888889,8,0.5,1000,28.20579006827732,0.023930000000063956,0,130,1040
10,0.4888888888888889,8,0.5,1400,28.193375895670993,0.02221289999988585,0,130,1040
10,0.4888888888888889,8,0.5,600,27.180667919668817,0.021464599999944767,4096,338,2704
10,0.4888888888888889,8,0.5,1000,27.532099428578576,0.021064900000055786,0,338,2704
10,0.4888888888888889,8,0.5,1400,25.4301941006264,0.021989699999949153,0,338,2704
10,0.4888888888888889,8,0.5,600,37.68011709403865,0.022364100000004328,0,166,1328
10,0.4888888888888889,8,0.5,1000,41.750136209199084,0.021992599999975937,0,166,1328
10,0.4888888888888889,8,0.5,1400,37.698382250219424,0.022458400000004985,0,166,1328
10,0.4888888888888889,8,1.0,600,40.598371143344416,0.02195860000006178,0,158,1264
10,0.4888888888888889,8,1.0,1000,40.54727999407131,0.020390200000065306,0,158,1264
10,0.4888888888888889,8,1.0,1400,39.399596026891096,0.026620399999956135,0,158,1264
10,0.4888888888888889,8,1.0,600,60.37276209635994,0.021086300000206393,0,118,944
10,0.4888888888888889,8,1.0,1000,59.59274626318604,0.021011100000123406,0,118,944
10,0.4888888888888889,8,1.0,1400,59.453559766497044,0.02167330000020229,0,118,944
10,0.4888888888888889,8,1.0,600,42.10188949497433,0.020133499999928972,0,130,1040
10,0.4888888888888889,8,1.0,1000,42.07891446864012,0.021175899999889225,0,130,1040
10,0.4888888888888889,8,1.0,1400,42.06480190660355,0.022305899999992107,0,130,1040
10,0.4888888888888889,8,1.0,600,59.1048109881785,0.020610499999975218,0,338,2704
10,0.4888888888888889,8,1.0,1000,59.402489555785024,0.021480799999835654,0,338,2704
10,0.4888888888888889,8,1.0,1400,53.97087105453124,0.02081640000005791,0,338,2704
10,0.4888888888888889,8,1.0,600,70.80403386816934,0.02424980000000687,0,166,1328
10,0.4888888888888889,8,1.0,1000,70.95310188277098,0.0228769000000284,0,166,1328
10,0.4888888888888889,8,1.0,1400,69.70219210164527,0.020936500000061642,0,166,1328
10,0.4888888888888889,8,5.0,600,37.801571479846665,0.021588300000075833,0,158,1264
10,0.4888888888888889,8,5.0,1000,37.78276806217197,0.021944000000075903,0,158,1264
10,0.4888888888888889,8,5.0,1400,35.91267313715463,0.02139870000019073,0,158,1264
10,0.4888888888888889,8,5.0,600,60.54112479059329,0.023209100000030958,0,118,944
10,0.4888888888888889,8,5.0,1000,58.37160638982926,0.02016060000005382,0,118,944
10,0.4888888888888889,8,5.0,1400,57.83758642229745,0.020339299999932337,0,118,944
10,0.4888888888888889,8,5.0,600,43.51826353626979,0.02084089999993921,0,130,1040
10,0.4888888888888889,8,5.0,1000,43.47954751188791,0.02143670000009479,0,130,1040
10,0.4888888888888889,8,5.0,1400,43.504431387455256,0.020907500000021173,0,130,1040
10,0.4888888888888889,8,5.0,600,53.662978582260166,0.021638499999880878,0,338,2704
10,0.4888888888888889,8,5.0,1000,53.84071311611898,0.020727000000078988,0,338,2704
10,0.4888888888888889,8,5.0,1400,50.05767519380198,0.022720299999946292,4096,338,2704
10,0.4888888888888889,8,5.0,600,51.643093486540785,0.021246199999950477,0,166,1328
10,0.4888888888888889,8,5.0,1000,51.919792568560716,0.023907000000008338,0,166,1328
10,0.4888888888888889,8,5.0,1400,50.823396731607595,0.021091099999921425,0,166,1328
10,0.2,10,0.1,600,0.10104774658958689,0.017928799999936018,0,38,304
10,0.2,10,0.1,1000,0.13088965586262244,0.016162900000153968,0,38,304
10,0.2,10,0.1,1400,0.01815379738522948,0.01650900000004185,4096,38,304
10,0.2,10,0.1,600,0.12353139822155511,0.0166932000001907,0,38,304
10,0.2,10,0.1,1000,0.011095384006496865,0.015860700000075667,0,38,304
10,0.2,10,0.1,1400,0.010352604934034419,0.015865999999959968,0,38,304
10,0.2,10,0.1,600,0.009786048747350048,0.0193066000001636,0,38,304
10,0.2,10,0.1,1000,0.009052561966332764,0.016967699999895558,0,38,304
10,0.2,10,0.1,1400,0.009399122821585105,0.016628600000103688,0,38,304
10,0.2,10,0.1,600,0.0628759197208158,0.015754899999819827,0,38,304
10,0.2,10,0.1,1000,0.02513157584671231,0.016210400000090885,0,38,304
10,0.2,10,0.1,1400,0.024720098770491847,0.01996410000015203,0,38,304
10,0.2,10,0.1,600,0.026835765391925247,0.01641410000001997,0,38,304
10,0.2,10,0.1,1000,0.012387708958899802,0.016145599999845217,0,38,304
10,0.2,10,0.1,1400,0.010126324835055548,0.01577699999984361,0,38,304
10,0.2,10,0.5,600,49.70787008075351,0.016906199999993987,0,38,304
10,0.2,10,0.5,1000,46.71224251875202,0.016422400000010384,0,38,304
10,0.2,10,0.5,1400,43.992912468213724,0.015815900000006877,0,38,304
10,0.2,10,0.5,600,50.331403014620946,0.016045099999928425,0,38,304
10,0.2,10,0.5,1000,41.01577876662922,0.016082900000128575,0,38,304
10,0.2,10,0.5,1400,40.973594103700876,0.01665429999980006,8192,38,304
10,0.2,10,0.5,600,63.91551919615628,0.017034399999829475,0,38,304
10,0.2,10,0.5,1000,63.9763791821641,0.015378499999997075,0,38,304
10,0.2,10,0.5,1400,63.92993179112372,0.01692179999986365,0,38,304
10,0.2,10,0.5,600,45.183227317886974,0.01602139999999963,0,38,304
10,0.2,10,0.5,1000,70.48881156458395,0.015732399999933477,0,38,304
10,0.2,10,0.5,1400,70.25154897666783,0.016645800000105737,0,38,304
10,0.2,10,0.5,600,59.33287936260833,0.016052499999887004,0,38,304
10,0.2,10,0.5,1000,57.6808767828685,0.016204600000037317,0,38,304
10,0.2,10,0.5,1400,57.72138391170544,0.016129299999875002,0,38,304
10,0.2,10,1.0,600,79.74940584344453,0.016823500000100466,0,38,304
10,0.2,10,1.0,1000,75.94413072604048,0.01638609999986329,0,38,304
10,0.2,10,1.0,1400,71.67698962382852,0.01754720000008092,0,38,304
10,0.2,10,1.0,600,83.19969690186193,0.015417600000091625,0,38,304
10,0.2,10,1.0,1000,62.111228742533285,0.018353599999954895,0,38,304
10,0.2,10,1.0,1400,62.0299672000656,0.015346799999861105,0,38,304
10,0.2,10,1.0,600,86.24620854183036,0.016242599999941376,0,38,304
10,0.2,10,1.0,1000,86.17133517604734,0.01694350000002487,0,38,304
10,0.2,10,1.0,1400,86.18766900984508,0.01587840000001961,0,38,304
10,0.2,10,1.0,600,70.21213789043748,0.016054399999802627,0,38,304
10,0.2,10,1.0,1000,86.87228696324976,0.015347900000051595,0,38,304
10,0.2,10,1.0,1400,86.41811469020948,0.018291800000042713,0,38,304
10,0.2,10,1.0,600,120.70045725620054,0.015479099999993196,0,38,304
10,0.2,10,1.0,1000,101.94303591256674,0.01819619999992028,0,38,304
10,0.2,10,1.0,1400,102.42460120119961,0.01879030000009152,0,38,304
10,0.2,10,5.0,600,61.222092860651344,0.015509900000097332,0,38,304
10,0.2,10,5.0,1000,59.33230444749566,0.015924699999914083,0,38,304
10,0.2,10,5.0,1400,52.503467678877726,0.016219699999965087,0,38,304
10,0.2,10,5.0,600,87.72916623062618,0.01709519999985787,0,38,304
10,0.2,10,5.0,1000,69.36947610498365,0.02122090000011667,0,38,304
10,0.2,10,5.0,1400,69.3565427368879,0.01602109999998902,0,38,304
10,0.2,10,5.0,600,81.45534968219994,0.01668759999984104,0,38,304
10,0.2,10,5.0,1000,81.65043967892348,0.01646700000014789,0,38,304
10,0.2,10,5.0,1400,81.56993712790974,0.021091200000000754,0,38,304
10,0.2,10,5.0,600,84.42962941117071,0.01708779999989929,0,38,304
10,0.2,10,5.0,1000,101.07609790823808,0.015962400000034904,0,38,304
10,0.2,10,5.0,1400,100.71485693257502,0.01633510000010574,0,38,304
10,0.2,10,5.0,600,81.56565068631754,0.01599220000002788,0,38,304
10,0.2,10,5.0,1000,77.59306627746355,0.016184900000098423,0,38,304
10,0.2,10,5.0,1400,77.6906681672769,0.016141899999865927,0,38,304
10,0.2,10,0.1,600,0.10104774658958689,0.021069000000125016,0,38,304
10,0.2,10,0.1,1000,0.13088965586262244,0.01553690000014285,0,38,304
10,0.2,10,0.1,1400,0.01815379738522948,0.016701000000011845,0,38,304
10,0.2,10,0.1,600,0.12353139822155511,0.015989600000011706,0,38,304
10,0.2,10,0.1,1000,0.011095384006496865,0.015026300000045012,0,38,304
10,0.2,10,0.1,1400,0.010352604934034419,0.017268400000148176,0,38,304
10,0.2,10,0.1,600,0.009786048747350048,0.017594299999927898,0,38,304
10,0.2,10,0.1,1000,0.009052561966332764,0.016631400000051144,0,38,304
10,0.2,10,0.1,1400,0.009399122821585105,0.018404099999997925,0,38,304
10,0.2,10,0.1,600,0.0628759197208158,0.019107599999870217,0,38,304
10,0.2,10,0.1,1000,0.02513157584671231,0.015813099999832048,0,38,304
10,0.2,10,0.1,1400,0.024720098770491847,0.0168217000000368,0,38,304
10,0.2,10,0.1,600,0.026835765391925247,0.016837699999996403,0,38,304
10,0.2,10,0.1,1000,0.012387708958899802,0.015918599999849903,0,38,304
10,0.2,10,0.1,1400,0.010126324835055548,0.015966200000093522,0,38,304
10,0.2,10,0.5,600,49.70787008075351,0.01607840000019678,0,38,304
10,0.2,10,0.5,1000,46.71224251875202,0.015956899999991947,0,38,304
10,0.2,10,0.5,1400,43.992912468213724,0.016459400000030655,0,38,304
10,0.2,10,0.5,600,50.331403014620946,0.017137699999921097,0,38,304
10,0.2,10,0.5,1000,41.01577876662922,0.015791899999840098,0,38,304
10,0.2,10,0.5,1400,40.973594103700876,0.016040500000144675,0,38,304
10,0.2,10,0.5,600,63.91551919615628,0.0161352000000079,0,38,304
10,0.2,10,0.5,1000,63.9763791821641,0.016818800000010015,0,38,304
10,0.2,10,0.5,1400,63.92993179112372,0.020129699999870354,0,38,304
10,0.2,10,0.5,600,45.183227317886974,0.01678930000002765,0,38,304
10,0.2,10,0.5,1000,70.48881156458395,0.017619400000057794,0,38,304
10,0.2,10,0.5,1400,70.25154897666783,0.02028169999994134,0,38,304
10,0.2,10,0.5,600,59.33287936260833,0.01674460000003819,0,38,304
10,0.2,10,0.5,1000,57.6808767828685,0.01603479999994306,0,38,304
10,0.2,10,0.5,1400,57.72138391170544,0.018952600000147868,0,38,304
10,0.2,10,1.0,600,79.74940584344453,0.015545200000133264,0,38,304
10,0.2,10,1.0,1000,75.94413072604048,0.01582789999997658,0,38,304
10,0.2,10,1.0,1400,71.67698962382852,0.015564499999982218,0,38,304
10,0.2,10,1.0,600,83.19969690186193,0.017309699999941586,0,38,304
10,0.2,10,1.0,1000,62.111228742533285,0.016229899999871122,0,38,304
10,0.2,10,1.0,1400,62.0299672000656,0.015434299999924406,0,38,304
10,0.2,10,1.0,600,86.24620854183036,0.015219799999840689,0,38,304
10,0.2,10,1.0,1000,86.17133517604734,0.015992599999890444,0,38,304
10,0.2,10,1.0,1400,86.18766900984508,0.020374299999957657,0,38,304
10,0.2,10,1.0,600,70.21213789043748,0.016578200000139987,0,38,304
10,0.2,10,1.0,1000,86.87228696324976,0.01853609999989203,0,38,304
10,0.2,10,1.0,1400,86.41811469020948,0.016802600000119128,0,38,304
10,0.2,10,1.0,600,120.70045725620054,0.015637400000059642,0,38,304
10,0.2,10,1.0,1000,101.94303591256674,0.018542700000125478,0,38,304
10,0.2,10,1.0,1400,102.42460120119961,0.01674700000012308,0,38,304
10,0.2,10,5.0,600,61.222092860651344,0.01694250000014108,0,38,304
10,0.2,10,5.0,1000,59.33230444749566,0.017051999999921463,0,38,304
10,0.2,10,5.0,1400,52.503467678877726,0.015848899999809873,0,38,304
10,0.2,10,5.0,600,87.72916623062618,0.01658450000013545,0,38,304
10,0.2,10,5.0,1000,69.36947610498365,0.01598300000000563,0,38,304
10,0.2,10,5.0,1400,69.3565427368879,0.016001200000118843,0,38,304
10,0.2,10,5.0,600,81.45534968219994,0.015490799999952287,0,38,304
10,0.2,10,5.0,1000,81.65043967892348,0.016185399999812944,0,38,304
10,0.2,10,5.0,1400,81.56993712790974,0.016129999999975553,0,38,304
10,0.2,10,5.0,600,84.42962941117071,0.016706100000192237,0,38,304
10,0.2,10,5.0,1000,101.07609790823808,0.01603590000013355,0,38,304
10,0.2,10,5.0,1400,100.71485693257502,0.01780070000017986,0,38,304
10,0.2,10,5.0,600,81.56565068631754,0.01656530000013845,0,38,304
10,0.2,10,5.0,1000,77.59306627746355,0.015675300000111747,0,38,304
10,0.2,10,5.0,1400,77.6906681672769,0.02063929999985703,0,38,304
10,0.2,10,0.1,600,0.10104774658958689,0.01685100000008788,0,38,304
10,0.2,10,0.1,1000,0.13088965586262244,0.016503100000136328,0,38,304
10,0.2,10,0.1,1400,0.01815379738522948,0.016498700000056488,0,38,304
10,0.2,10,0.1,600,0.12353139822155511,0.01964559999987614,0,38,304
10,0.2,10,0.1,1000,0.011095384006496865,0.016326499999877342,0,38,304
10,0.2,10,0.1,1400,0.010352604934034419,0.01572289999990062,0,38,304
10,0.2,10,0.1,600,0.009786048747350048,0.016764599999987695,0,38,304
10,0.2,10,0.1,1000,0.009052561966332764,0.019320599999900878,0,38,304
10,0.2,10,0.1,1400,0.009399122821585105,0.019727100000181963,0,38,304
10,0.2,10,0.1,600,0.0628759197208158,0.021048999999948137,0,38,304
10,0.2,10,0.1,1000,0.02513157584671231,0.02063569999995707,0,38,304
10,0.2,10,0.1,1400,0.024720098770491847,0.01972950000003948,0,38,304
10,0.2,10,0.1,600,0.026835765391925247,0.021349300000110816,0,38,304
10,0.2,10,0.1,1000,0.012387708958899802,0.019432399999914196,0,38,304
10,0.2,10,0.1,1400,0.010126324835055548,0.02130189999979848,0,38,304
10,0.2,10,0.5,600,49.70787008075351,0.01961170000004131,0,38,304
10,0.2,10,0.5,1000,46.71224251875202,0.018754600000193022,0,38,304
10,0.2,10,0.5,1400,43.992912468213724,0.01905110000006971,0,38,304
10,0.2,10,0.5,600,50.331403014620946,0.01664400000004207,0,38,304
10,0.2,10,0.5,1000,41.01577876662922,0.016152099999999336,0,38,304
10,0.2,10,0.5,1400,40.973594103700876,0.015805600000021514,0,38,304
10,0.2,10,0.5,600,63.91551919615628,0.015691199999992023,0,38,304
10,0.2,10,0.5,1000,63.9763791821641,0.016539499999908003,0,38,304
10,0.2,10,0.5,1400,63.92993179112372,0.016404899999997724,0,38,304
10,0.2,10,0.5,600,45.183227317886974,0.017651699999987613,0,38,304
10,0.2,10,0.5,1000,70.48881156458395,0.015534999999999854,0,38,304
10,0.2,10,0.5,1400,70.25154897666783,0.019450600000027407,0,38,304
10,0.2,10,0.5,600,59.33287936260833,0.01626310000006015,0,38,304
10,0.2,10,0.5,1000,57.6808767828685,0.016478600000027654,0,38,304
10,0.2,10,0.5,1400,57.72138391170544,0.01776190000009592,0,38,304
10,0.2,10,1.0,600,79.74940584344453,0.016894399999955567,0,38,304
10,0.2,10,1.0,1000,75.94413072604048,0.0157137999999577,0,38,304
10,0.2,10,1.0,1400,71.67698962382852,0.01760399999989204,0,38,304
10,0.2,10,1.0,600,83.19969690186193,0.0177229000000807,0,38,304
10,0.2,10,1.0,1000,62.111228742533285,0.019528400000126567,0,38,304
10,0.2,10,1.0,1400,62.0299672000656,0.015803799999957846,0,38,304
10,0.2,10,1.0,600,86.24620854183036,0.0183735999999044,0,38,304
10,0.2,10,1.0,1000,86.17133517604734,0.017397000000073604,4096,38,304
10,0.2,10,1.0,1400,86.18766900984508,0.01634809999995923,0,38,304
10,0.2,10,1.0,600,70.21213789043748,0.019753900000068825,0,38,304
10,0.2,10,1.0,1000,86.87228696324976,0.017470600000024206,0,38,304
10,0.2,10,1.0,1400,86.41811469020948,0.016235599999845363,0,38,304
10,0.2,10,1.0,600,120.70045725620054,0.0167873000000327,0,38,304
10,0.2,10,1.0,1000,101.94303591256674,0.017660799999930532,4096,38,304
10,0.2,10,1.0,1400,102.42460120119961,0.016302799999948547,0,38,304
10,0.2,10,5.0,600,61.222092860651344,0.018400100000008024,0,38,304
10,0.2,10,5.0,1000,59.33230444749566,0.016280699999924764,0,38,304
10,0.2,10,5.0,1400,52.503467678877726,0.01714170000013837,0,38,304
10,0.2,10,5.0,600,87.72916623062618,0.01598039999998946,0,38,304
10,0.2,10,5.0,1000,69.36947610498365,0.016451199999892197,0,38,304
10,0.2,10,5.0,1400,69.3565427368879,0.015421899999864763,0,38,304
10,0.2,10,5.0,600,81.45534968219994,0.01612369999998009,0,38,304
10,0.2,10,5.0,1000,81.65043967892348,0.016172599999890735,0,38,304
10,0.2,10,5.0,1400,81.56993712790974,0.020076099999869257,0,38,304
10,0.2,10,5.0,600,84.42962941117071,0.016259999999874708,0,38,304
10,0.2,10,5.0,1000,101.07609790823808,0.015955100000155653,0,38,304
10,0.2,10,5.0,1400,100.71485693257502,0.016275499999892418,0,38,304
10,0.2,10,5.0,600,81.56565068631754,0.015545400000064546,0,38,304
10,0.2,10,5.0,1000,77.59306627746355,0.016739599999937127,0,38,304
10,0.2,10,5.0,1400,77.6906681672769,0.016647100000000137,0,38,304
10,0.2,10,0.1,600,0.10104774658958689,0.015991800000165313,0,38,304
10,0.2,10,0.1,1000,0.13088965586262244,0.01629670000011174,0,38,304
10,0.2,10,0.1,1400,0.01815379738522948,0.015842300000031173,0,38,304
10,0.2,10,0.1,600,0.12353139822155511,0.01780189999999493,0,38,304
10,0.2,10,0.1,1000,0.011095384006496865,0.015208000000029642,0,38,304
10,0.2,10,0.1,1400,0.010352604934034419,0.015744600000061837,0,38,304
10,0.2,10,0.1,600,0.009786048747350048,0.01802710000015395,0,38,304
10,0.2,10,0.1,1000,0.009052561966332764,0.016767400000162525,0,38,304
10,0.2,10,0.1,1400,0.009399122821585105,0.016436300000123083,0,38,304
10,0.2,10,0.1,600,0.0628759197208158,0.016136599999981627,0,38,304
10,0.2,10,0.1,1000,0.02513157584671231,0.01655890000006366,0,38,304
10,0.2,10,0.1,1400,0.024720098770491847,0.017335100000082093,0,38,304
10,0.2,10,0.1,600,0.026835765391925247,0.016296799999963696,0,38,304
10,0.2,10,0.1,1000,0.012387708958899802,0.018119000000069718,0,38,304
10,0.2,10,0.1,1400,0.010126324835055548,0.016448700000182725,0,38,304
10,0.2,10,0.5,600,49.70787008075351,0.016099299999950745,0,38,304
10,0.2,10,0.5,1000,46.71224251875202,0.0164977000001727,0,38,304
10,0.2,10,0.5,1400,43.992912468213724,0.017543299999942974,0,38,304
10,0.2,10,0.5,600,50.331403014620946,0.015455299999985073,0,38,304
10,0.2,10,0.5,1000,41.01577876662922,0.01782979999984491,0,38,304
10,0.2,10,0.5,1400,40.973594103700876,0.016259100000070248,0,38,304
10,0.2,10,0.5,600,63.91551919615628,0.015894699999989825,0,38,304
10,0.2,10,0.5,1000,63.9763791821641,0.01722990000007485,0,38,304
10,0.2,10,0.5,1400,63.92993179112372,0.016129599999885613,0,38,304
10,0.2,10,0.5,600,45.183227317886974,0.01623810000000958,0,38,304
10,0.2,10,0.5,1000,70.48881156458395,0.015802899999926012,0,38,304
10,0.2,10,0.5,1400,70.25154897666783,0.01631039999983841,0,38,304
10,0.2,10,0.5,600,59.33287936260833,0.016722800000025018,0,38,304
10,0.2,10,0.5,1000,57.6808767828685,0.016025299999910203,0,38,304
10,0.2,10,0.5,1400,57.72138391170544,0.01700159999995776,0,38,304
10,0.2,10,1.0,600,79.74940584344453,0.015298699999902965,0,38,304
10,0.2,10,1.0,1000,75.94413072604048,0.017040599999972983,0,38,304
10,0.2,10,1.0,1400,71.67698962382852,0.01660479999986819,0,38,304
10,0.2,10,1.0,600,83.19969690186193,0.01556679999998778,0,38,304
10,0.2,10,1.0,1000,62.111228742533285,0.021925300000020798,0,38,304
10,0.2,10,1.0,1400,62.0299672000656,0.015901399999847854,0,38,304
10,0.2,10,1.0,600,86.24620854183036,0.016149100000120598,0,38,304
10,0.2,10,1.0,1000,86.17133517604734,0.020021999999926265,0,38,304
10,0.2,10,1.0,1400,86.18766900984508,0.015724600000112332,0,38,304
10,0.2,10,1.0,600,70.21213789043748,0.016749200000049314,0,38,304
10,0.2,10,1.0,1000,86.87228696324976,0.01618370000005598,0,38,304
10,0.2,10,1.0,1400,86.41811469020948,0.015867200000002413,0,38,304
10,0.2,10,1.0,600,120.70045725620054,0.016845599999896876,0,38,304
10,0.2,10,1.0,1000,101.94303591256674,0.01574679999998807,0,38,304
10,0.2,10,1.0,1400,102.42460120119961,0.01583810000010999,0,38,304
10,0.2,10,5.0,600,61.222092860651344,0.01663460000008854,0,38,304
10,0.2,10,5.0,1000,59.33230444749566,0.015783000000055836,0,38,304
10,0.2,10,5.0,1400,52.503467678877726,0.018029200000000856,0,38,304
10,0.2,10,5.0,600,87.72916623062618,0.016703000000006796,0,38,304
10,0.2,10,5.0,1000,69.36947610498365,0.018101000000115164,0,38,304
10,0.2,10,5.0,1400,69.3565427368879,0.017994099999896207,0,38,304
10,0.2,10,5.0,600,81.45534968219994,0.01724940000008246,0,38,304
10,0.2,10,5.0,1000,81.65043967892348,0.017045199999984106,0,38,304
10,0.2,10,5.0,1400,81.56993712790974,0.017652600000019447,0,38,304
10,0.2,10,5.0,600,84.42962941117071,0.016396999999869877,0,38,304
10,0.2,10,5.0,1000,101.07609790823808,0.01777700000002369,0,38,304
10,0.2,10,5.0,1400,100.71485693257502,0.015961899999865636,4096,38,304
10,0.2,10,5.0,600,81.56565068631754,0.016544500000009066,0,38,304
10,0.2,10,5.0,1000,77.59306627746355,0.0170224999999391,0,38,304
10,0.2,10,5.0,1400,77.6906681672769,0.016194000000041342,0,38,304
10,0.28888888888888886,10,0.1,600,28.485363481216382,0.01967530000001716,0,54,432
10,0.28888888888888886,10,0.1,1000,28.456203317512205,0.019648699999834207,0,54,432
10,0.28888888888888886,10,0.1,1400,28.340678565939747,0.021524600000020655,0,54,432
10,0.28888888888888886,10,0.1,600,28.354965464048913,0.017807099999799902,0,58,464
10,0.28888888888888886,10,0.1,1000,28.267572041467496,0.017805400000042937,0,58,464
10,0.28888888888888886,10,0.1,1400,28.26661165183295,0.0177421000000777,0,58,464
10,0.28888888888888886,10,0.1,600,49.80451518295966,0.01804149999998117,0,58,464
10,0.28888888888888886,10,0.1,1000,49.80379472566942,0.017182499999989886,0,58,464
10,0.28888888888888886,10,0.1,1400,49.80695444462184,0.01767199999994773,0,58,464
10,0.28888888888888886,10,0.1,600,77.12831386994459,0.01871280000000297,0,58,464
10,0.28888888888888886,10,0.1,1000,77.19719957924777,0.01917660000003707,0,58,464
10,0.28888888888888886,10,0.1,1400,77.1966544763899,0.018591799999967407,0,58,464
10,0.28888888888888886,10,0.1,600,72.30491715019909,0.017607799999950657,0,58,464
10,0.28888888888888886,10,0.1,1000,72.34131708770893,0.018041599999833124,0,58,464
10,0.28888888888888886,10,0.1,1400,72.3390119954705,0.018469699999968725,0,58,464
10,0.28888888888888886,10,0.5,600,47.61054421006477,0.01801290000003064,0,54,432
10,0.28888888888888886,10,0.5,1000,50.77390764042978,0.017632900000080554,0,54,432
10,0.28888888888888886,10,0.5,1400,65.49571449485032,0.017045900000084657,0,54,432
10,0.28888888888888886,10,0.5,600,34.96173814355899,0.018714799999997922,0,58,464
10,0.28888888888888886,10,0.5,1000,29.49300238238615,0.017227699999921242,0,58,464
10,0.28888888888888886,10,0.5,1400,29.450122458125616,0.018297500000016953,0,58,464
10,0.28888888888888886,10,0.5,600,73.0735358240192,0.018035700000154975,0,58,464
10,0.28888888888888886,10,0.5,1000,73.16226719074133,0.017463000000134343,0,58,464
10,0.28888888888888886,10,0.5,1400,73.07623519351858,0.022154200000159108,0,58,464
10,0.28888888888888886,10,0.5,600,66.69983839359452,0.018359099999997852,0,58,464
10,0.28888888888888886,10,0.5,1000,113.38726578092745,0.020716900000024907,0,58,464
10,0.28888888888888886,10,0.5,1400,113.14978823918518,0.021176499999910448,0,58,464
10,0.28888888888888886,10,0.5,600,74.1181606252938,0.018552100000079008,0,58,464
10,0.28888888888888886,10,0.5,1000,73.82873029843799,0.019120599999951082,0,58,464
10,0.28888888888888886,10,0.5,1400,73.83086606634436,0.01810020000016266,0,58,464
10,0.28888888888888886,10,1.0,600,58.94269310921775,0.020075599999927363,0,54,432
10,0.28888888888888886,10,1.0,1000,58.59009581098519,0.017479299999877185,0,54,432
10,0.28888888888888886,10,1.0,1400,73.93644365179361,0.018562199999905715,0,54,432
10,0.28888888888888886,10,1.0,600,64.36512946941404,0.02048600000011902,0,58,464
10,0.28888888888888886,10,1.0,1000,52.496639981194484,0.01756500000010419,0,58,464
10,0.28888888888888886,10,1.0,1400,52.409190376804645,0.017875899999808098,0,58,464
10,0.28888888888888886,10,1.0,600,64.2054749711823,0.01863790000015797,0,58,464
10,0.28888888888888886,10,1.0,1000,64.3057627403003,0.02002219999985755,0,58,464
10,0.28888888888888886,10,1.0,1400,64.20145167783949,0.01840190000007169,0,58,464
10,0.28888888888888886,10,1.0,600,51.76621649803865,0.01775509999993119,0,58,464
10,0.28888888888888886,10,1.0,1000,91.35646757358101,0.018189200000051642,0,58,464
10,0.28888888888888886,10,1.0,1400,90.90243360245437,0.017327000000022963,0,58,464
10,0.28888888888888886,10,1.0,600,70.33542318626289,0.017802699999947436,0,58,464
10,0.28888888888888886,10,1.0,1000,61.07957311679779,0.017452900000080263,0,58,464
10,0.28888888888888886,10,1.0,1400,61.297155524312934,0.018518800000038027,0,58,464
10,0.28888888888888886,10,5.0,600,57.48962017472123,0.0180344000000332,0,54,432
10,0.28888888888888886,10,5.0,1000,61.17753947984016,0.019139300000006187,0,54,432
10,0.28888888888888886,10,5.0,1400,72.16410763743657,0.019029699999919103,0,54,432
10,0.28888888888888886,10,5.0,600,67.86725053127049,0.018374900000026173,0,58,464
10,0.28888888888888886,10,5.0,1000,56.98112623561169,0.019479999999930442,0,58,464
10,0.28888888888888886,10,5.0,1400,56.97186305177097,0.018470500000148604,0,58,464
10,0.28888888888888886,10,5.0,600,71.39164556343877,0.018117800000027273,0,58,464
10,0.28888888888888886,10,5.0,1000,71.544948233434,0.018025100000159,0,58,464
10,0.28888888888888886,10,5.0,1400,71.50071330509537,0.017494100000021717,0,58,464
10,0.28888888888888886,10,5.0,600,65.16628575417323,0.0181615999999849,4096,58,464
10,0.28888888888888886,10,5.0,1000,83.46261415611303,0.017742500000167638,0,58,464
10,0.28888888888888886,10,5.0,1400,83.10449544556145,0.019993799999838302,0,58,464
10,0.28888888888888886,10,5.0,600,85.47532991091775,0.018900799999983064,0,58,464
10,0.28888888888888886,10,5.0,1000,84.40424113604152,0.01812489999997524,0,58,464
10,0.28888888888888886,10,5.0,1400,84.45073337520284,0.01790090000008604,0,58,464
10,0.37777777777777777,10,0.1,600,47.03860464185559,0.018595700000105353,0,94,752
10,0.37777777777777777,10,0.1,1000,46.86520789843061,0.020466299999952753,32768,94,752
10,0.37777777777777777,10,0.1,1400,46.90130043390581,0.019562700000051336,12288,94,752
10,0.37777777777777777,10,0.1,600,63.57757584291815,0.028653899999881105,0,78,624
10,0.37777777777777777,10,0.1,1000,42.748786386807225,0.019139100000074905,0,78,624
10,0.37777777777777777,10,0.1,1400,42.94919252159678,0.0201076999999259,4096,78,624
10,0.37777777777777777,10,0.1,600,52.3194820209962,0.018522400000165362,16384,90,720
10,0.37777777777777777,10,0.1,1000,52.32616612070661,0.02257669999994505,32768,90,720
10,0.37777777777777777,10,0.1,1400,52.32120128030835,0.020459200000004785,0,90,720
10,0.37777777777777777,10,0.1,600,70.36345693923249,0.018777900000031877,0,94,752
10,0.37777777777777777,10,0.1,1000,70.34997196832754,0.019417100000055143,0,94,752
10,0.37777777777777777,10,0.1,1400,70.34969733480075,0.019239299999981085,0,94,752
10,0.37777777777777777,10,0.1,600,51.00728506862459,0.019670399999995425,0,90,720
10,0.37777777777777777,10,0.1,1000,51.05750813660614,0.02047460000017054,0,90,720
10,0.37777777777777777,10,0.1,1400,51.05844433555043,0.018925399999943693,0,90,720
10,0.37777777777777777,10,0.5,600,49.06045191264886,0.01927139999997962,0,94,752
10,0.37777777777777777,10,0.5,1000,60.14349226978813,0.0192747999999483,0,94,752
10,0.37777777777777777,10,0.5,1400,83.04718932077148,0.018700600000101986,0,94,752
10,0.37777777777777777,10,0.5,600,51.72122943916608,0.018927999999959866,0,78,624
10,0.37777777777777777,10,0.5,1000,49.78939089383829,0.018595399999867368,0,78,624
10,0.37777777777777777,10,0.5,1400,48.36345764734937,0.020028900000170324,0,78,624
10,0.37777777777777777,10,0.5,600,81.15544136716797,0.019105800000033923,0,90,720
10,0.37777777777777777,10,0.5,1000,81.14465109982105,0.019089600000143037,0,90,720
10,0.37777777777777777,10,0.5,1400,81.15544879636153,0.019117199999982404,0,90,720
10,0.37777777777777777,10,0.5,600,43.65368065669877,0.01964640000005602,0,94,752
10,0.37777777777777777,10,0.5,1000,78.82102710829075,0.01934290000008332,0,94,752
10,0.37777777777777777,10,0.5,1400,78.58355916286828,0.01904059999992569,0,94,752
10,0.37777777777777777,10,0.5,600,92.15040814704635,0.019859600000017963,0,90,720
10,0.37777777777777777,10,0.5,1000,92.68046065786362,0.019072499999992942,0,90,720
10,0.37777777777777777,10,0.5,1400,92.66281248700079,0.01938609999979235,0,90,720
10,0.37777777777777777,10,1.0,600,60.36707970386681,0.019377599999870654,0,94,752
10,0.37777777777777777,10,1.0,1000,59.300078592284116,0.018591300000025512,0,94,752
10,0.37777777777777777,10,1.0,1400,76.35553389762077,0.01907179999989239,0,94,752
10,0.37777777777777777,10,1.0,600,78.66898105047098,0.022201700000096025,0,78,624
10,0.37777777777777777,10,1.0,1000,72.11794325885202,0.02018939999993563,0,78,624
10,0.37777777777777777,10,1.0,1400,70.1380594292607,0.02064040000004752,0,78,624
10,0.37777777777777777,10,1.0,600,57.13168323020196,0.02110199999992801,0,90,720
10,0.37777777777777777,10,1.0,1000,57.059759349803265,0.019575200000190307,0,90,720
10,0.37777777777777777,10,1.0,1400,57.07262339646424,0.018942100000003848,4096,90,720
10,0.37777777777777777,10,1.0,600,50.15684345790132,0.019078499999977794,0,94,752
10,0.37777777777777777,10,1.0,1000,72.7278519878099,0.019600099999934173,0,94,752
10,0.37777777777777777,10,1.0,1400,72.27378846517743,0.01893059999997604,0,94,752
10,0.37777777777777777,10,1.0,600,76.49059031238215,0.02106780000008257,0,90,720
10,0.37777777777777777,10,1.0,1000,74.4128998509493,0.023950600000034683,0,90,720
10,0.37777777777777777,10,1.0,1400,74.42233346794413,0.02059159999998883,0,90,720
10,0.37777777777777777,10,5.0,600,48.22560420148518,0.020377499999995052,0,94,752
10,0.37777777777777777,10,5.0,1000,50.26780423469005,0.020609899999953996,0,94,752
10,0.37777777777777777,10,5.0,1400,56.199216974454956,0.02094130000000405,0,94,752
10,0.37777777777777777,10,5.0,600,63.23407944827414,0.02136130000008052,0,78,624
10,0.37777777777777777,10,5.0,1000,60.7442515977765,0.020648299999947994,0,78,624
10,0.37777777777777777,10,5.0,1400,58.014542224998635,0.02125560000013138,0,78,624
10,0.37777777777777777,10,5.0,600,64.27982197159386,0.020845600000029663,0,90,720
10,0.37777777777777777,10,5.0,1000,64.38881383911371,0.01992629999995188,0,90,720
10,0.37777777777777777,10,5.0,1400,64.37535737138548,0.019790000000057262,8192,90,720
10,0.37777777777777777,10,5.0,600,58.00129798754896,0.01911259999997128,0,94,752
10,0.37777777777777777,10,5.0,1000,66.86193323933281,0.021156200000177705,0,94,752
10,0.37777777777777777,10,5.0,1400,66.50090918713461,0.01903249999986656,0,94,752
10,0.37777777777777777,10,5.0,600,59.01204380713243,0.02106299999991279,0,90,720
10,0.37777777777777777,10,5.0,1000,58.46014636351978,0.019288100000039776,4096,90,720
10,0.37777777777777777,10,5.0,1400,58.49537966878306,0.019726600000012695,8192,90,720
10,0.4888888888888889,10,0.1,600,30.887451908501337,0.02297580000004018,0,154,1232
10,0.4888888888888889,10,0.1,1000,32.27496604111541,0.021757499999921492,0,154,1232
10,0.4888888888888889,10,0.1,1400,33.171913257537675,0.02117339999995238,12288,154,1232
10,0.4888888888888889,10,0.1,600,38.73038266677472,0.02098689999979797,12288,118,944
10,0.4888888888888889,10,0.1,1000,38.61055417508624,0.021572500000047512,40960,118,944
10,0.4888888888888889,10,0.1,1400,38.487570288165486,0.02482489999988502,16384,118,944
10,0.4888888888888889,10,0.1,600,56.97105227211398,0.019671799999969153,0,154,1232
10,0.4888888888888889,10,0.1,1000,56.95910964249228,0.020841100000097867,0,154,1232
10,0.4888888888888889,10,0.1,1400,58.413156947696464,0.02198509999993803,24576,154,1232
10,0.4888888888888889,10,0.1,600,52.539124154262375,0.02205309999999372,28672,154,1232
10,0.4888888888888889,10,0.1,1000,52.54981605350352,0.02344760000005408,8192,154,1232
10,0.4888888888888889,10,0.1,1400,52.54923361459758,0.02187469999989844,0,154,1232
10,0.4888888888888889,10,0.1,600,48.7857323236219,0.020221600000013495,0,206,1648
10,0.4888888888888889,10,0.1,1000,48.81693405417139,0.022533999999950538,0,206,1648
10,0.4888888888888889,10,0.1,1400,48.82196621594402,0.021826700000019628,0,206,1648
10,0.4888888888888889,10,0.5,600,40.96111722109877,0.02034989999992831,0,154,1232
10,0.4888888888888889,10,0.5,1000,43.52476960684636,0.021146399999906862,0,154,1232
10,0.4888888888888889,10,0.5,1400,49.07857898705702,0.020236500000009983,0,154,1232
10,0.4888888888888889,10,0.5,600,46.8676774317121,0.020140399999945657,0,118,944
10,0.4888888888888889,10,0.5,1000,44.07051668025488,0.021058199999970384,0,118,944
10,0.4888888888888889,10,0.5,1400,42.97015157747864,0.024713700000120298,0,118,944
10,0.4888888888888889,10,0.5,600,47.520180829432334,0.02426970000010442,0,154,1232
10,0.4888888888888889,10,0.5,1000,47.59278041198851,0.01975809999999001,0,154,1232
10,0.4888888888888889,10,0.5,1400,47.538003742711815,0.020316099999945436,0,154,1232
10,0.4888888888888889,10,0.5,600,46.7351815812456,0.02009490000000369,0,154,1232
10,0.4888888888888889,10,0.5,1000,66.17193874378506,0.020823300000074596,0,154,1232
10,0.4888888888888889,10,0.5,1400,65.94671954301673,0.020409400000062305,0,154,1232
10,0.4888888888888889,10,0.5,600,54.20509995530467,0.020011300000078336,0,206,1648
10,0.4888888888888889,10,0.5,1000,54.73488044434122,0.02029569999990599,0,206,1648
10,0.4888888888888889,10,0.5,1400,54.71457838767862,0.020025499999974272,0,206,1648
10,0.4888888888888889,10,1.0,600,50.97742352694165,0.019818499999928463,0,154,1232
10,0.4888888888888889,10,1.0,1000,50.35936618709783,0.02135960000009618,0,154,1232
10,0.4888888888888889,10,1.0,1400,57.16164374704026,0.019681500000160668,0,154,1232
10,0.4888888888888889,10,1.0,600,54.75563826836187,0.020234999999956926,0,118,944
10,0.4888888888888889,10,1.0,1000,62.43333524842355,0.019844299999931536,0,118,944
10,0.4888888888888889,10,1.0,1400,61.23047157785155,0.021033499999930427,0,118,944
10,0.4888888888888889,10,1.0,600,42.57630115837431,0.019657999999935782,0,154,1232
10,0.4888888888888889,10,1.0,1000,42.63317073464165,0.01995790000000852,0,154,1232
10,0.4888888888888889,10,1.0,1400,42.657517596200925,0.01986099999999169,0,154,1232
10,0.4888888888888889,10,1.0,600,56.86331892504487,0.01990339999997559,0,154,1232
10,0.4888888888888889,10,1.0,1000,59.02777388175663,0.020943799999940893,0,154,1232
10,0.4888888888888889,10,1.0,1400,58.572047479075266,0.022559300000011717,0,154,1232
10,0.4888888888888889,10,1.0,600,62.99046527976553,0.020587799999930212,0,206,1648
10,0.4888888888888889,10,1.0,1000,63.412061078746966,0.02023060000010446,0,206,1648
10,0.4888888888888889,10,1.0,1400,63.340949167165164,0.020929700000124285,0,206,1648
10,0.4888888888888889,10,5.0,600,46.116385105828996,0.020315200000140976,0,154,1232
10,0.4888888888888889,10,5.0,1000,47.88216066687095,0.020154700000148296,0,154,1232
10,0.4888888888888889,10,5.0,1400,54.166544782937784,0.02085609999994631,0,154,1232
10,0.4888888888888889,10,5.0,600,49.91560442026832,0.022975600000108898,0,118,944
10,0.4888888888888889,10,5.0,1000,57.546798744369205,0.020695200000091063,4096,118,944
10,0.4888888888888889,10,5.0,1400,55.71863082803188,0.021518799999967086,0,118,944
10,0.4888888888888889,10,5.0,600,52.830520781100695,0.020328400000153124,0,154,1232
10,0.4888888888888889,10,5.0,1000,52.929692966547236,0.021922099999983402,0,154,1232
10,0.4888888888888889,10,5.0,1400,53.73482862899798,0.0215654999999515,4096,154,1232
10,0.4888888888888889,10,5.0,600,53.387180143833696,0.020252799999980198,8192,154,1232
10,0.4888888888888889,10,5.0,1000,59.83954062438739,0.0228682999998,0,154,1232
10,0.4888888888888889,10,5.0,1400,59.396649217290815,0.025646300000062183,0,154,1232
10,0.4888888888888889,10,5.0,600,57.443584627779224,0.022010800000089148,0,206,1648
10,0.4888888888888889,10,5.0,1000,57.99039093208683,0.021988599999986036,0,206,1648
10,0.4888888888888889,10,5.0,1400,57.999740844902185,0.021927500000174405,0,206,1648
15,0.13333333333333333,2,0.1,600,0.09606518341812886,0.024529300000040166,0,58,464
15,0.13333333333333333,2,0.1,1000,0.06549902198940573,0.026045299999850613,0,58,464
15,0.13333333333333333,2,0.1,1400,0.06544385960936094,0.024889799999982642,8192,58,464
15,0.13333333333333333,2,0.1,600,0.06356521357374449,0.02427809999994679,8192,58,464
15,0.13333333333333333,2,0.1,1000,0.05900839646760018,0.025704099999984464,32768,58,464
15,0.13333333333333333,2,0.1,1400,0.052562295196416677,0.024562599999853774,0,58,464
15,0.13333333333333333,2,0.1,600,0.04576945765144861,0.023820200000045588,4096,58,464
15,0.13333333333333333,2,0.1,1000,0.047116827569843416,0.025737400000025445,36864,58,464
15,0.13333333333333333,2,0.1,1400,0.04762837823230438,0.026358999999956723,40960,58,464
15,0.13333333333333333,2,0.1,600,0.01115233076665248,0.02512450000017452,0,58,464
15,0.13333333333333333,2,0.1,1000,0.005141566839652869,0.025738799999999173,0,58,464
15,0.13333333333333333,2,0.1,1400,0.0033597316547719558,0.024646099999927173,0,58,464
15,0.13333333333333333,2,0.1,600,0.07746275272731286,0.024144999999862193,0,58,464
15,0.13333333333333333,2,0.1,1000,0.07025237126200388,0.028647899999896254,0,58,464
15,0.13333333333333333,2,0.1,1400,0.06953764882594651,0.02379160000009506,0,58,464
15,0.13333333333333333,2,0.5,600,144.92803178151786,0.025276399999938803,0,58,464
15,0.13333333333333333,2,0.5,1000,136.31306938776868,0.02587420000008933,0,58,464
15,0.13333333333333333,2,0.5,1400,136.5680068343017,0.02402950000009696,0,58,464
15,0.13333333333333333,2,0.5,600,142.4559248257127,0.023731099999849903,4096,58,464
15,0.13333333333333333,2,0.5,1000,143.02092540725553,0.024818000000095708,0,58,464
15,0.13333333333333333,2,0.5,1400,144.87251485846573,0.024064299999963623,0,58,464
15,0.13333333333333333,2,0.5,600,183.85692613887625,0.024698299999954543,0,58,464
15,0.13333333333333333,2,0.5,1000,183.37025589974579,0.024464699999953154,0,58,464
15,0.13333333333333333,2,0.5,1400,183.45713626297726,0.02568339999993441,0,58,464
15,0.13333333333333333,2,0.5,600,96.82660667457823,0.02433429999996406,0,58,464
15,0.13333333333333333,2,0.5,1000,96.93656204676932,0.02468359999988934,0,58,464
15,0.13333333333333333,2,0.5,1400,96.86245912116988,0.02596169999992526,0,58,464
15,0.13333333333333333,2,0.5,600,64.5791236058677,0.028193900000133,0,58,464
15,0.13333333333333333,2,0.5,1000,64.40970605055378,0.024300499999981184,0,58,464
15,0.13333333333333333,2,0.5,1400,64.40657972842335,0.024990000000116197,0,58,464
15,0.13333333333333333,2,1.0,600,131.83510193944244,0.024876499999891166,0,58,464
15,0.13333333333333333,2,1.0,1000,122.56809092571783,0.023711199999979726,0,58,464
15,0.13333333333333333,2,1.0,1400,122.82408870002264,0.02760360000002038,0,58,464
15,0.13333333333333333,2,1.0,600,137.31469409478925,0.02574060000006284,0,58,464
15,0.13333333333333333,2,1.0,1000,137.79002093331525,0.025345399999878282,0,58,464
15,0.13333333333333333,2,1.0,1400,141.9975271014247,0.0254147999999077,0,58,464
15,0.13333333333333333,2,1.0,600,135.671364031998,0.02570319999995263,0,58,464
15,0.13333333333333333,2,1.0,1000,135.8085508122917,0.029687400000057096,0,58,464
15,0.13333333333333333,2,1.0,1400,135.97640828683862,0.02492449999999735,0,58,464
15,0.13333333333333333,2,1.0,600,79.61425276143966,0.03360350000002654,4096,58,464
15,0.13333333333333333,2,1.0,1000,79.69764472056463,0.0245698999999604,0,58,464
15,0.13333333333333333,2,1.0,1400,79.58140117917165,0.02807030000008126,0,58,464
15,0.13333333333333333,2,1.0,600,87.81169715681118,0.024478900000076464,0,58,464
15,0.13333333333333333,2,1.0,1000,87.71722406205899,0.026144700000031662,0,58,464
15,0.13333333333333333,2,1.0,1400,87.69597338599861,0.02528400000005604,0,58,464
15,0.13333333333333333,2,5.0,600,95.01638851501238,0.02617940000004637,0,58,464
15,0.13333333333333333,2,5.0,1000,90.03166647454356,0.024143999999978405,0,58,464
15,0.13333333333333333,2,5.0,1400,90.31317564631296,0.02394460000004983,0,58,464
15,0.13333333333333333,2,5.0,600,111.79040448211296,0.026334599999927377,0,58,464
15,0.13333333333333333,2,5.0,1000,112.21924256345187,0.02392120000013165,0,58,464
15,0.13333333333333333,2,5.0,1400,115.08199020770695,0.024578699999892706,0,58,464
15,0.13333333333333333,2,5.0,600,143.73267830904638,0.02504640000006475,0,58,464
15,0.13333333333333333,2,5.0,1000,143.36778198544133,0.025435300000026473,0,58,464
15,0.13333333333333333,2,5.0,1400,143.42190565990276,0.02368730000011965,0,58,464
15,0.13333333333333333,2,5.0,600,84.7383984762841,0.025582900000017617,8192,58,464
15,0.13333333333333333,2,5.0,1000,84.83640435587724,0.025065999999924315,28672,58,464
15,0.13333333333333333,2,5.0,1400,84.68424459394701,0.02509789999999157,36864,58,464
15,0.13333333333333333,2,5.0,600,75.87023988383137,0.023842500000000655,0,58,464
15,0.13333333333333333,2,5.0,1000,75.48371594237781,0.025131599999895116,0,58,464
15,0.13333333333333333,2,5.0,1400,75.5454913017948,0.02650149999999485,0,58,464
15,0.13333333333333333,2,0.1,600,0.09606518341812886,0.023315600000159975,0,58,464
15,0.13333333333333333,2,0.1,1000,0.06549902198940573,0.02331329999992704,0,58,464
15,0.13333333333333333,2,0.1,1400,0.06544385960936094,0.023665100000016537,0,58,464
15,0.13333333333333333,2,0.1,600,0.06356521357374449,0.025011399999812056,0,58,464
15,0.13333333333333333,2,0.1,1000,0.05900839646760018,0.024460699999963254,0,58,464
15,0.13333333333333333,2,0.1,1400,0.052562295196416677,0.025265400000080263,0,58,464
15,0.13333333333333333,2,0.1,600,0.04576945765144861,0.02397500000006403,0,58,464
15,0.13333333333333333,2,0.1,1000,0.047116827569843416,0.02333150000004025,0,58,464
15,0.13333333333333333,2,0.1,1400,0.04762837823230438,0.024085499999955573,0,58,464
15,0.13333333333333333,2,0.1,600,0.01115233076665248,0.024186299999882976,0,58,464
15,0.13333333333333333,2,0.1,1000,0.005141566839652869,0.026783800000202973,0,58,464
15,0.13333333333333333,2,0.1,1400,0.0033597316547719558,0.024339199999985794,0,58,464
15,0.13333333333333333,2,0.1,600,0.07746275272731286,0.02505480000013449,0,58,464
15,0.13333333333333333,2,0.1,1000,0.07025237126200388,0.02478519999999662,0,58,464
15,0.13333333333333333,2,0.1,1400,0.06953764882594651,0.02535899999998037,0,58,464
15,0.13333333333333333,2,0.5,600,144.92803178151786,0.024176300000135598,0,58,464
15,0.13333333333333333,2,0.5,1000,136.31306938776868,0.02374599999984639,0,58,464
15,0.13333333333333333,2,0.5,1400,136.5680068343017,0.023626700000022538,0,58,464
15,0.13333333333333333,2,0.5,600,142.4559248257127,0.02707559999998921,0,58,464
15,0.13333333333333333,2,0.5,1000,143.02092540725553,0.024016099999926155,0,58,464
15,0.13333333333333333,2,0.5,1400,144.87251485846573,0.024390399999902,0,58,464
15,0.13333333333333333,2,0.5,600,183.85692613887625,0.025228700000070603,0,58,464
15,0.13333333333333333,2,0.5,1000,183.37025589974579,0.02345219999983783,0,58,464
15,0.13333333333333333,2,0.5,1400,183.45713626297726,0.02418849999980921,0,58,464
15,0.13333333333333333,2,0.5,600,96.82660667457823,0.025480400000105874,0,58,464
15,0.13333333333333333,2,0.5,1000,96.93656204676932,0.02614339999990989,0,58,464
15,0.13333333333333333,2,0.5,1400,96.86245912116988,0.026149600000053397,0,58,464
15,0.13333333333333333,2,0.5,600,64.5791236058677,0.030163899999934074,0,58,464
15,0.13333333333333333,2,0.5,1000,64.40970605055378,0.024425000000064756,0,58,464
15,0.13333333333333333,2,0.5,1400,64.40657972842335,0.02883649999989757,0,58,464
15,0.13333333333333333,2,1.0,600,131.83510193944244,0.024250999999821943,0,58,464
15,0.13333333333333333,2,1.0,1000,122.56809092571783,0.026257100000066202,0,58,464
15,0.13333333333333333,2,1.0,1400,122.82408870002264,0.024951699999974153,0,58,464
15,0.13333333333333333,2,1.0,600,137.31469409478925,0.023450600000160193,0,58,464
15,0.13333333333333333,2,1.0,1000,137.79002093331525,0.02387710000016341,0,58,464
15,0.13333333333333333,2,1.0,1400,141.9975271014247,0.02696320000018204,0,58,464
15,0.13333333333333333,2,1.0,600,135.671364031998,0.02315309999994497,0,58,464
15,0.13333333333333333,2,1.0,1000,135.8085508122917,0.024130900000045585,0,58,464
15,0.13333333333333333,2,1.0,1400,135.97640828683862,0.025177500000154396,0,58,464
15,0.13333333333333333,2,1.0,600,79.61425276143966,0.028404499999851396,0,58,464
15,0.13333333333333333,2,1.0,1000,79.69764472056463,0.02544120000015937,0,58,464
15,0.13333333333333333,2,1.0,1400,79.58140117917165,0.024934100000109538,0,58,464
15,0.13333333333333333,2,1.0,600,87.81169715681118,0.0277917000000798,0,58,464
15,0.13333333333333333,2,1.0,1000,87.71722406205899,0.024245400000154405,20480,58,464
15,0.13333333333333333,2,1.0,1400,87.69597338599861,0.02489319999995132,45056,58,464
15,0.13333333333333333,2,5.0,600,95.01638851501238,0.023455900000044494,0,58,464
15,0.13333333333333333,2,5.0,1000,90.03166647454356,0.02512780000006387,0,58,464
15,0.13333333333333333,2,5.0,1400,90.31317564631296,0.02409720000014204,0,58,464
15,0.13333333333333333,2,5.0,600,111.79040448211296,0.023919599999999264,0,58,464
15,0.13333333333333333,2,5.0,1000,112.21924256345187,0.025720000000092114,0,58,464
15,0.13333333333333333,2,5.0,1400,115.08199020770695,0.02426740000009886,0,58,464
15,0.13333333333333333,2,5.0,600,143.73267830904638,0.023760699999911594,0,58,464
15,0.13333333333333333,2,5.0,1000,143.36778198544133,0.02347789999998895,0,58,464
15,0.13333333333333333,2,5.0,1400,143.42190565990276,0.02397200000018529,0,58,464
15,0.13333333333333333,2,5.0,600,84.7383984762841,0.025043500000037966,0,58,464
15,0.13333333333333333,2,5.0,1000,84.83640435587724,0.02415859999996428,0,58,464
15,0.13333333333333333,2,5.0,1400,84.68424459394701,0.025225599999885162,0,58,464
15,0.13333333333333333,2,5.0,600,75.87023988383137,0.02448709999998755,0,58,464
15,0.13333333333333333,2,5.0,1000,75.48371594237781,0.02455629999985831,0,58,464
15,0.13333333333333333,2,5.0,1400,75.5454913017948,0.024459400000068854,0,58,464
15,0.14285714285714285,2,0.1,600,74.2080803971858,0.024092500000051587,0,62,496
15,0.14285714285714285,2,0.1,1000,74.19204730437968,0.024876300000187257,0,62,496
15,0.14285714285714285,2,0.1,1400,74.20501629750937,0.025329800000008618,0,62,496
15,0.14285714285714285,2,0.1,600,38.69982518324221,0.02508069999998952,0,62,496
15,0.14285714285714285,2,0.1,1000,39.3049782310314,0.02507970000010573,0,62,496
15,0.14285714285714285,2,0.1,1400,38.900626605036834,0.02487729999984367,0,62,496
15,0.14285714285714285,2,0.1,600,0.045769448503007765,0.025826400000141803,0,62,496
15,0.14285714285714285,2,0.1,1000,0.04711681842140255,0.024188200000025972,0,62,496
15,0.14285714285714285,2,0.1,1400,0.04762836908386354,0.028064999999969586,0,62,496
15,0.14285714285714285,2,0.1,600,57.95956366268785,0.02454699999998411,0,62,496
15,0.14285714285714285,2,0.1,1000,58.52485504986788,0.034095999999863125,0,62,496
15,0.14285714285714285,2,0.1,1400,58.36636268767414,0.024732700000186014,0,62,496
15,0.14285714285714285,2,0.1,600,38.81927665955815,0.028232599999910235,0,62,496
15,0.14285714285714285,2,0.1,1000,38.836129150544465,0.026833299999907467,0,62,496
15,0.14285714285714285,2,0.1,1400,38.90936150645436,0.024885500000209504,0,62,496
15,0.14285714285714285,2,0.5,600,140.53633132436886,0.024489300000141156,0,62,496
15,0.14285714285714285,2,0.5,1000,131.64057841545292,0.026142799999888666,0,62,496
15,0.14285714285714285,2,0.5,1400,131.90095138702944,0.025159600000051796,0,62,496
15,0.14285714285714285,2,0.5,600,124.92059886968336,0.026487099999940256,0,62,496
15,0.14285714285714285,2,0.5,1000,125.47938259296231,0.026164800000060495,0,62,496
15,0.14285714285714285,2,0.5,1400,127.5861622239908,0.02855570000019725,0,62,496
15,0.14285714285714285,2,0.5,600,157.89703549462152,0.024359100000083345,0,62,496
15,0.14285714285714285,2,0.5,1000,157.41036525549103,0.026648400000112815,0,62,496
15,0.14285714285714285,2,0.5,1400,157.49724561872253,0.0238449999999375,0,62,496
15,0.14285714285714285,2,0.5,600,111.7549773559056,0.025206400000115536,0,62,496
15,0.14285714285714285,2,0.5,1000,111.96014916026425,0.02542130000006182,0,62,496
15,0.14285714285714285,2,0.5,1400,111.8665296507189,0.024193799999920884,0,62,496
15,0.14285714285714285,2,0.5,600,67.20767898718877,0.027882999999974345,0,62,496
15,0.14285714285714285,2,0.5,1000,66.72967854897321,0.028920100000050297,0,62,496
15,0.14285714285714285,2,0.5,1400,66.70654860646286,0.030703399999993053,0,62,496
15,0.14285714285714285,2,1.0,600,131.22468896324918,0.04055130000006102,0,62,496
15,0.14285714285714285,2,1.0,1000,123.70469010604295,0.025007100000038918,32768,62,496
15,0.14285714285714285,2,1.0,1400,123.93647353770639,0.02596280000011575,36864,62,496
15,0.14285714285714285,2,1.0,600,126.33829105225014,0.02396079999994072,0,62,496
15,0.14285714285714285,2,1.0,1000,127.0370355637426,0.026616399999966234,0,62,496
15,0.14285714285714285,2,1.0,1400,131.17235124256942,0.02771789999997054,0,62,496
15,0.14285714285714285,2,1.0,600,133.44457706127255,0.024903600000016013,0,62,496
15,0.14285714285714285,2,1.0,1000,133.58176384156627,0.024694299999964642,0,62,496
15,0.14285714285714285,2,1.0,1400,133.74962131611318,0.026398900000003778,0,62,496
15,0.14285714285714285,2,1.0,600,90.74114072238062,0.02667650000012145,0,62,496
15,0.14285714285714285,2,1.0,1000,90.79470820628057,0.02698170000007849,0,62,496
15,0.14285714285714285,2,1.0,1400,90.72795382701351,0.029927999999927124,0,62,496
15,0.14285714285714285,2,1.0,600,116.25437618204889,0.02386720000004061,0,62,496
15,0.14285714285714285,2,1.0,1000,115.97688709391313,0.025833299999931114,0,62,496
15,0.14285714285714285,2,1.0,1400,116.06811264274177,0.027125399999931687,0,62,496
15,0.14285714285714285,2,5.0,600,109.40750546363313,0.025955699999940407,0,62,496
15,0.14285714285714285,2,5.0,1000,103.67577140345695,0.026248200000054567,0,62,496
15,0.14285714285714285,2,5.0,1400,103.97013324097622,0.025751499999842054,0,62,496
15,0.14285714285714285,2,5.0,600,107.92616576698889,0.027189600000156133,0,62,496
15,0.14285714285714285,2,5.0,1000,108.36974178597993,0.028624300000046787,0,62,496
15,0.14285714285714285,2,5.0,1400,111.27167161402697,0.027331799999956274,0,62,496
15,0.14285714285714285,2,5.0,600,136.47376635567707,0.02547669999989921,0,62,496
15,0.14285714285714285,2,5.0,1000,136.10887003207202,0.024516599999969912,0,62,496
15,0.14285714285714285,2,5.0,1400,136.16299370653346,0.024742699999933393,0,62,496
15,0.14285714285714285,2,5.0,600,91.68474040345728,0.027312599999959275,0,62,496
15,0.14285714285714285,2,5.0,1000,91.80632942684618,0.02492260000008173,0,62,496
15,0.14285714285714285,2,5.0,1400,91.67195462028407,0.02539630000001125,0,62,496
15,0.14285714285714285,2,5.0,600,81.85625870293833,0.026273400000036418,0,62,496
15,0.14285714285714285,2,5.0,1000,81.5307350842146,0.025277100000039354,0,62,496
15,0.14285714285714285,2,5.0,1400,81.63840464940003,0.024957999999969616,0,62,496
15,0.19047619047619047,2,0.1,600,74.03015347449379,0.02652100000000246,0,90,720
15,0.19047619047619047,2,0.1,1000,71.03820169802368,0.02659799999992174,0,90,720
15,0.19047619047619047,2,0.1,1400,71.24486554858119,0.026687300000048708,0,90,720
15,0.19047619047619047,2,0.1,600,32.04012744459036,0.026757899999893198,0,86,688
15,0.19047619047619047,2,0.1,1000,31.97863206608533,0.028146200000037425,0,86,688
15,0.19047619047619047,2,0.1,1400,31.86989713468258,0.026619799999934912,0,86,688
15,0.19047619047619047,2,0.1,600,60.45211534529127,0.026373400000011316,0,94,752
15,0.19047619047619047,2,0.1,1000,59.607612115915565,0.02622039999982917,0,94,752
15,0.19047619047619047,2,0.1,1400,59.54318357570071,0.03173799999990479,0,94,752
15,0.19047619047619047,2,0.1,600,30.020057059181536,0.03323609999984001,0,82,656
15,0.19047619047619047,2,0.1,1000,30.107289414669566,0.027100300000029165,0,82,656
15,0.19047619047619047,2,0.1,1400,26.777401312093588,0.02819679999993241,0,82,656
15,0.19047619047619047,2,0.1,600,78.0811792734812,0.027191399999992427,0,82,656
15,0.19047619047619047,2,0.1,1000,77.16049189821331,0.02874500000007174,0,82,656
15,0.19047619047619047,2,0.1,1400,76.98666010783813,0.029092799999943963,0,82,656
15,0.19047619047619047,2,0.5,600,139.27478352438152,0.026686700000027486,8192,90,720
15,0.19047619047619047,2,0.5,1000,138.1730090066831,0.0268740000001344,16384,90,720
15,0.19047619047619047,2,0.5,1400,137.04379512300574,0.02815110000005916,0,90,720
15,0.19047619047619047,2,0.5,600,99.71127447737618,0.02635410000016236,16384,86,688
15,0.19047619047619047,2,0.5,1000,100.06702457680937,0.029362800000171774,40960,86,688
15,0.19047619047619047,2,0.5,1400,117.12081190846501,0.03033059999984289,45056,86,688
15,0.19047619047619047,2,0.5,600,159.55751567827315,0.025464199999987613,0,94,752
15,0.19047619047619047,2,0.5,1000,159.56864500907926,0.02540739999994912,0,94,752
15,0.19047619047619047,2,0.5,1400,159.6896426271186,0.02889000000004671,0,94,752
15,0.19047619047619047,2,0.5,600,97.97479014179098,0.029310499999837702,0,82,656
15,0.19047619047619047,2,0.5,1000,98.12018047938699,0.02810999999996966,0,82,656
15,0.19047619047619047,2,0.5,1400,96.89062754943441,0.026461299999937182,0,82,656
15,0.19047619047619047,2,0.5,600,73.08599764657346,0.02868310000008023,0,82,656
15,0.19047619047619047,2,0.5,1000,68.91145979238111,0.03282810000018799,0,82,656
15,0.19047619047619047,2,0.5,1400,68.97475183090617,0.040461199999981545,0,82,656
15,0.19047619047619047,2,1.0,600,132.0864679963857,0.02823590000002696,0,90,720
15,0.19047619047619047,2,1.0,1000,122.38290913939262,0.02721520000000055,0,90,720
15,0.19047619047619047,2,1.0,1400,121.17772573594101,0.028959900000018024,0,90,720
15,0.19047619047619047,2,1.0,600,92.46712504420466,0.026919499999848995,0,86,688
15,0.19047619047619047,2,1.0,1000,93.15872130328097,0.029539499999827967,0,86,688
15,0.19047619047619047,2,1.0,1400,99.24719220922319,0.02697200000011435,0,86,688
15,0.19047619047619047,2,1.0,600,117.99450162116327,0.02574100000015278,0,94,752
15,0.19047619047619047,2,1.0,1000,117.95996208236478,0.025855399999954898,0,94,752
15,0.19047619047619047,2,1.0,1400,118.13560149752749,0.026237199999968652,0,94,752
15,0.19047619047619047,2,1.0,600,103.67316470974986,0.030865599999970073,0,82,656
15,0.19047619047619047,2,1.0,1000,103.69040011722431,0.03074390000006133,0,82,656
15,0.19047619047619047,2,1.0,1400,97.77898771127425,0.02831970000011097,0,82,656
15,0.19047619047619047,2,1.0,600,133.72200674488505,0.02653520000012577,0,82,656
15,0.19047619047619047,2,1.0,1000,128.64680062579075,0.02766620000011244,0,82,656
15,0.19047619047619047,2,1.0,1400,128.6935186405602,0.029988099999854967,0,82,656
15,0.19047619047619047,2,5.0,600,105.35412946558749,0.027131000000053973,0,90,720
15,0.19047619047619047,2,5.0,1000,101.29818216839413,0.026087299999971947,0,90,720
15,0.19047619047619047,2,5.0,1400,99.4856954806044,0.028590699999995195,0,90,720
15,0.19047619047619047,2,5.0,600,110.53363819991115,0.0273391000000629,0,86,688
15,0.19047619047619047,2,5.0,1000,110.85620099991039,0.02832499999999527,0,86,688
15,0.19047619047619047,2,5.0,1400,113.06664272662772,0.026168399999960457,4096,86,688
15,0.19047619047619047,2,5.0,600,124.4793087805171,0.02623489999996309,0,94,752
15,0.19047619047619047,2,5.0,1000,124.20249605217334,0.030509500000107437,0,94,752
15,0.19047619047619047,2,5.0,1400,124.26203259036924,0.02800670000010541,0,94,752
15,0.19047619047619047,2,5.0,600,79.91077442733786,0.028318500000068525,0,82,656
15,0.19047619047619047,2,5.0,1000,80.03157053748707,0.03343359999985296,0,82,656
15,0.19047619047619047,2,5.0,1400,77.0584994756757,0.027317600000060338,0,82,656
15,0.19047619047619047,2,5.0,600,93.63230367133161,0.027122799999915514,0,82,656
15,0.19047619047619047,2,5.0,1000,88.81553996990104,0.026997400000027483,0,82,656
15,0.19047619047619047,2,5.0,1400,88.88742938038725,0.02951090000010481,8192,82,656
15,0.13333333333333333,4,0.1,600,0.05272423499156034,0.027310299999953713,0,58,464
15,0.13333333333333333,4,0.1,1000,0.051146081652411385,0.026139499999999316,0,58,464
15,0.13333333333333333,4,0.1,1400,0.04970612360965417,0.028058899999905407,0,58,464
15,0.13333333333333333,4,0.1,600,0.019919141115939253,0.023834900000110792,16384,58,464
15,0.13333333333333333,4,0.1,1000,0.021820240058343432,0.024574400000119567,36864,58,464
15,0.13333333333333333,4,0.1,1400,0.016631552196676887,0.02400579999994079,0,58,464
15,0.13333333333333333,4,0.1,600,0.011353303361342137,0.023330199999918477,4096,58,464
15,0.13333333333333333,4,0.1,1000,0.008935744992820745,0.02868110000008528,40960,58,464
15,0.13333333333333333,4,0.1,1400,0.0081464868007097,0.027291900000136593,45056,58,464
15,0.13333333333333333,4,0.1,600,0.026598120397429818,0.024404500000173357,0,58,464
15,0.13333333333333333,4,0.1,1000,0.005414827564405636,0.024323400000184847,0,58,464
15,0.13333333333333333,4,0.1,1400,0.004058781759309316,0.02487050000013369,0,58,464
15,0.13333333333333333,4,0.1,600,0.05741067199372513,0.023209100000030958,0,58,464
15,0.13333333333333333,4,0.1,1000,0.023183194082753895,0.023944599999822458,0,58,464
15,0.13333333333333333,4,0.1,1400,0.02187770957325559,0.05143189999989772,0,58,464
15,0.13333333333333333,4,0.5,600,100.90626210360746,0.024173300000029485,0,58,464
15,0.13333333333333333,4,0.5,1000,100.86058305605563,0.024397200000066732,0,58,464
15,0.13333333333333333,4,0.5,1400,101.10631894392154,0.023165199999994,0,58,464
15,0.13333333333333333,4,0.5,600,58.089914762688636,0.026041599999871323,0,58,464
15,0.13333333333333333,4,0.5,1000,58.42469778498648,0.025380899999845496,0,58,464
15,0.13333333333333333,4,0.5,1400,55.75159772452304,0.02450530000010076,0,58,464
15,0.13333333333333333,4,0.5,600,110.03351823852537,0.02325939999991533,0,58,464
15,0.13333333333333333,4,0.5,1000,110.42847983142465,0.0247037999999975,0,58,464
15,0.13333333333333333,4,0.5,1400,110.57418305001687,0.02422460000002502,0,58,464
15,0.13333333333333333,4,0.5,600,84.59330180538694,0.02422049999995579,0,58,464
15,0.13333333333333333,4,0.5,1000,82.1620924286428,0.02353709999988496,0,58,464
15,0.13333333333333333,4,0.5,1400,82.41979396179966,0.024880899999971007,0,58,464
15,0.13333333333333333,4,0.5,600,65.59464282287469,0.024541100000078586,0,58,464
15,0.13333333333333333,4,0.5,1000,63.616742695537,0.02344319999997424,0,58,464
15,0.13333333333333333,4,0.5,1400,63.81783851499497,0.02824570000007043,0,58,464
15,0.13333333333333333,4,1.0,600,116.71576494337404,0.022946999999930995,0,58,464
15,0.13333333333333333,4,1.0,1000,116.90939872511537,0.02576890000000276,0,58,464
15,0.13333333333333333,4,1.0,1400,117.06118853221703,0.02554029999987506,0,58,464
15,0.13333333333333333,4,1.0,600,116.54777142156847,0.026871199999959572,0,58,464
15,0.13333333333333333,4,1.0,1000,116.97264923158325,0.023725799999965602,0,58,464
15,0.13333333333333333,4,1.0,1400,101.97358030346075,0.024745100000018283,0,58,464
15,0.13333333333333333,4,1.0,600,118.31338437357782,0.023873200000025463,0,58,464
15,0.13333333333333333,4,1.0,1000,118.6270708190793,0.02713050000011208,0,58,464
15,0.13333333333333333,4,1.0,1400,118.9444793906249,0.02382420000003549,0,58,464
15,0.13333333333333333,4,1.0,600,91.06443956765146,0.023528200000100696,4096,58,464
15,0.13333333333333333,4,1.0,1000,84.66694033969527,0.024408900000025824,0,58,464
15,0.13333333333333333,4,1.0,1400,85.18683334456836,0.025413700000171957,0,58,464
15,0.13333333333333333,4,1.0,600,124.32438513284819,0.023184599999922284,0,58,464
15,0.13333333333333333,4,1.0,1000,115.58288961588907,0.023824999999987995,0,58,464
15,0.13333333333333333,4,1.0,1400,115.3707199834099,0.023416699999870616,0,58,464
15,0.13333333333333333,4,5.0,600,110.82552022889334,0.024203200000101788,0,58,464
15,0.13333333333333333,4,5.0,1000,111.03203834350363,0.027835900000127367,0,58,464
15,0.13333333333333333,4,5.0,1400,111.34730366705412,0.02468470000007983,0,58,464
15,0.13333333333333333,4,5.0,600,70.93490230975253,0.028199999999969805,0,58,464
15,0.13333333333333333,4,5.0,1000,71.27448476775176,0.026125500000034663,0,58,464
15,0.13333333333333333,4,5.0,1400,69.44542066500038,0.02564950000009958,4096,58,464
15,0.13333333333333333,4,5.0,600,115.11714460898956,0.028284200000143755,0,58,464
15,0.13333333333333333,4,5.0,1000,115.52075208071192,0.0252863000000616,0,58,464
15,0.13333333333333333,4,5.0,1400,115.60267426384841,0.025287899999966612,0,58,464
15,0.13333333333333333,4,5.0,600,94.14108157793588,0.025086499999815715,0,58,464
15,0.13333333333333333,4,5.0,1000,89.15892772323359,0.026746000000002823,0,58,464
15,0.13333333333333333,4,5.0,1400,89.50458959575698,0.030129499999929976,0,58,464
15,0.13333333333333333,4,5.0,600,85.50530214144337,0.024080599999933838,0,58,464
15,0.13333333333333333,4,5.0,1000,80.44250808455804,0.024621499999966545,0,58,464
15,0.13333333333333333,4,5.0,1400,80.39914576709383,0.023943200000076104,0,58,464
15,0.13333333333333333,4,0.1,600,0.05272423499156034,0.024577600000156963,0,58,464
15,0.13333333333333333,4,0.1,1000,0.051146081652411385,0.024459900000010748,0,58,464
15,0.13333333333333333,4,0.1,1400,0.04970612360965417,0.025307399999974223,0,58,464
15,0.13333333333333333,4,0.1,600,0.019919141115939253,0.02383359999998902,0,58,464
15,0.13333333333333333,4,0.1,1000,0.021820240058343432,0.024080800000092495,0,58,464
15,0.13333333333333333,4,0.1,1400,0.016631552196676887,0.025018499999987398,0,58,464
15,0.13333333333333333,4,0.1,600,0.011353303361342137,0.02498350000018945,0,58,464
15,0.13333333333333333,4,0.1,1000,0.008935744992820745,0.024188399999957255,0,58,464
15,0.13333333333333333,4,0.1,1400,0.0081464868007097,0.023764699999901495,0,58,464
15,0.13333333333333333,4,0.1,600,0.026598120397429818,0.023687999999992826,0,58,464
15,0.13333333333333333,4,0.1,1000,0.005414827564405636,0.024197599999979502,0,58,464
15,0.13333333333333333,4,0.1,1400,0.004058781759309316,0.03271820000009029,0,58,464
15,0.13333333333333333,4,0.1,600,0.05741067199372513,0.02429419999998572,0,58,464
15,0.13333333333333333,4,0.1,1000,0.023183194082753895,0.024954299999990326,0,58,464
15,0.13333333333333333,4,0.1,1400,0.02187770957325559,0.02654050000001007,0,58,464
15,0.13333333333333333,4,0.5,600,100.90626210360746,0.029179699999986042,0,58,464
15,0.13333333333333333,4,0.5,1000,100.86058305605563,0.0246394999999211,0,58,464
15,0.13333333333333333,4,0.5,1400,101.10631894392154,0.023789300000089497,0,58,464
15,0.13333333333333333,4,0.5,600,58.089914762688636,0.02340330000015456,0,58,464
15,0.13333333333333333,4,0.5,1000,58.42469778498648,0.024634599999899365,4096,58,464
15,0.13333333333333333,4,0.5,1400,55.75159772452304,0.029485100000101738,0,58,464
15,0.13333333333333333,4,0.5,600,110.03351823852537,0.0304826999999932,0,58,464
15,0.13333333333333333,4,0.5,1000,110.42847983142465,0.023714899999959016,0,58,464
15,0.13333333333333333,4,0.5,1400,110.57418305001687,0.02496300000007068,0,58,464
15,0.13333333333333333,4,0.5,600,84.59330180538694,0.023975500000005923,0,58,464
15,0.13333333333333333,4,0.5,1000,82.1620924286428,0.027987899999970978,0,58,464
15,0.13333333333333333,4,0.5,1400,82.41979396179966,0.026083700000071985,0,58,464
15,0.13333333333333333,4,0.5,600,65.59464282287469,0.022663199999897188,0,58,464
15,0.13333333333333333,4,0.5,1000,63.616742695537,0.023449799999980314,0,58,464
15,0.13333333333333333,4,0.5,1400,63.81783851499497,0.024211599999944156,0,58,464
15,0.13333333333333333,4,1.0,600,116.71576494337404,0.022866199999953096,0,58,464
15,0.13333333333333333,4,1.0,1000,116.90939872511537,0.02320430000008855,0,58,464
15,0.13333333333333333,4,1.0,1400,117.06118853221703,0.02457700000013574,0,58,464
15,0.13333333333333333,4,1.0,600,116.54777142156847,0.02321069999993597,0,58,464
15,0.13333333333333333,4,1.0,1000,116.97264923158325,0.023885899999868343,0,58,464
15,0.13333333333333333,4,1.0,1400,101.97358030346075,0.02408629999990808,0,58,464
15,0.13333333333333333,4,1.0,600,118.31338437357782,0.02310289999991255,0,58,464
15,0.13333333333333333,4,1.0,1000,118.6270708190793,0.026010700000142606,0,58,464
15,0.13333333333333333,4,1.0,1400,118.9444793906249,0.02352599999994709,0,58,464
15,0.13333333333333333,4,1.0,600,91.06443956765146,0.02431029999979728,0,58,464
15,0.13333333333333333,4,1.0,1000,84.66694033969527,0.024377599999979793,4096,58,464
15,0.13333333333333333,4,1.0,1400,85.18683334456836,0.024097799999935887,0,58,464
15,0.13333333333333333,4,1.0,600,124.32438513284819,0.023484399999915695,0,58,464
15,0.13333333333333333,4,1.0,1000,115.58288961588907,0.022949800000105824,0,58,464
15,0.13333333333333333,4,1.0,1400,115.3707199834099,0.023353399999905378,4096,58,464
15,0.13333333333333333,4,5.0,600,110.82552022889334,0.023400100000117163,0,58,464
15,0.13333333333333333,4,5.0,1000,111.03203834350363,0.023139000000128362,0,58,464
15,0.13333333333333333,4,5.0,1400,111.34730366705412,0.023668799999995827,0,58,464
15,0.13333333333333333,4,5.0,600,70.93490230975253,0.02320940000004157,0,58,464
15,0.13333333333333333,4,5.0,1000,71.27448476775176,0.024704299999939394,0,58,464
15,0.13333333333333333,4,5.0,1400,69.44542066500038,0.024960400000054506,0,58,464
15,0.13333333333333333,4,5.0,600,115.11714460898956,0.02283439999996517,0,58,464
15,0.13333333333333333,4,5.0,1000,115.52075208071192,0.02380940000011833,0,58,464
15,0.13333333333333333,4,5.0,1400,115.60267426384841,0.023121899999978268,0,58,464
15,0.13333333333333333,4,5.0,600,94.14108157793588,0.02463979999993171,0,58,464
15,0.13333333333333333,4,5.0,1000,89.15892772323359,0.025627700000086406,0,58,464
15,0.13333333333333333,4,5.0,1400,89.50458959575698,0.023912099999961356,0,58,464
15,0.13333333333333333,4,5.0,600,85.50530214144337,0.023559699999850636,0,58,464
15,0.13333333333333333,4,5.0,1000,80.44250808455804,0.023453099999869664,0,58,464
15,0.13333333333333333,4,5.0,1400,80.39914576709383,0.024675000000115688,0,58,464
15,0.14285714285714285,4,0.1,600,6.647567085370431,0.023794500000121843,0,62,496
15,0.14285714285714285,4,0.1,1000,6.464885589394522,0.024335800000017116,0,62,496
15,0.14285714285714285,4,0.1,1400,6.795860590096444,0.024763899999925343,0,62,496
15,0.14285714285714285,4,0.1,600,61.68686058596193,0.02400279999983468,0,62,496
15,0.14285714285714285,4,0.1,1000,61.75842649004552,0.024533700000120007,0,62,496
15,0.14285714285714285,4,0.1,1400,61.73287193782556,0.02427480000005744,0,62,496
15,0.14285714285714285,4,0.1,600,9.288566029764613,0.02414639999983592,0,62,496
15,0.14285714285714285,4,0.1,1000,9.394434579263333,0.02538579999986723,0,62,496
15,0.14285714285714285,4,0.1,1400,9.730365272825843,0.023468599999887374,0,62,496
15,0.14285714285714285,4,0.1,600,85.03876521077656,0.027758800000128758,0,62,496
15,0.14285714285714285,4,0.1,1000,85.03931445750061,0.025288499999987835,0,62,496
15,0.14285714285714285,4,0.1,1400,85.04130894824124,0.024914699999953882,0,62,496
15,0.14285714285714285,4,0.1,600,17.870103074440514,0.026860999999826163,0,62,496
15,0.14285714285714285,4,0.1,1000,18.276829583452468,0.0232731999999487,4096,62,496
15,0.14285714285714285,4,0.1,1400,18.52461156597873,0.023289199999908305,0,62,496
15,0.14285714285714285,4,0.5,600,94.28995231959057,0.02383389999999963,0,62,496
15,0.14285714285714285,4,0.5,1000,94.19119808618217,0.02508979999993244,0,62,496
15,0.14285714285714285,4,0.5,1400,94.39777052464042,0.02777539999988221,0,62,496
15,0.14285714285714285,4,0.5,600,74.62121227887403,0.023904700000002777,0,62,496
15,0.14285714285714285,4,0.5,1000,74.92117888874691,0.02477639999983694,0,62,496
15,0.14285714285714285,4,0.5,1400,72.98629507366,0.02471830000013142,0,62,496
15,0.14285714285714285,4,0.5,600,127.48035600850868,0.023593800000071496,0,62,496
15,0.14285714285714285,4,0.5,1000,127.87905761783342,0.026207300000123723,0,62,496
15,0.14285714285714285,4,0.5,1400,128.03006752606115,0.026374100000111866,4096,62,496
15,0.14285714285714285,4,0.5,600,112.84509434185026,0.024538299999903757,0,62,496
15,0.14285714285714285,4,0.5,1000,110.55023716494003,0.024444799999855604,0,62,496
15,0.14285714285714285,4,0.5,1400,110.89841109003106,0.02678790000004483,0,62,496
15,0.14285714285714285,4,0.5,600,77.46671058113915,0.023528100000021368,0,62,496
15,0.14285714285714285,4,0.5,1000,75.45087687569139,0.027054300000145304,0,62,496
15,0.14285714285714285,4,0.5,1400,75.64273086802955,0.02540410000005977,0,62,496
15,0.14285714285714285,4,1.0,600,131.94269073026925,0.025648499999988417,4096,62,496
15,0.14285714285714285,4,1.0,1000,132.02399447514057,0.025876700000026176,0,62,496
15,0.14285714285714285,4,1.0,1400,132.24316467237963,0.024959500000022672,32768,62,496
15,0.14285714285714285,4,1.0,600,99.09669682560614,0.024521900000081587,0,62,496
15,0.14285714285714285,4,1.0,1000,99.31122529198821,0.026016399999889472,0,62,496
15,0.14285714285714285,4,1.0,1400,87.71145202989794,0.025854900000013004,0,62,496
15,0.14285714285714285,4,1.0,600,124.47113838488902,0.024181700000099227,0,62,496
15,0.14285714285714285,4,1.0,1000,124.81678866199685,0.02447019999999611,0,62,496
15,0.14285714285714285,4,1.0,1400,125.24556271133515,0.025128300000005765,0,62,496
15,0.14285714285714285,4,1.0,600,110.80891510742137,0.025031299999909606,0,62,496
15,0.14285714285714285,4,1.0,1000,104.32010739553995,0.027451700000028723,0,62,496
15,0.14285714285714285,4,1.0,1400,104.73783814319734,0.024171900000055757,0,62,496
15,0.14285714285714285,4,1.0,600,123.50848683682378,0.025331800000003568,0,62,496
15,0.14285714285714285,4,1.0,1000,114.67271593222608,0.02979009999990012,0,62,496
15,0.14285714285714285,4,1.0,1400,114.48467450049161,0.02595789999986664,0,62,496
15,0.14285714285714285,4,5.0,600,120.58412198346271,0.02587390000007872,0,62,496
15,0.14285714285714285,4,5.0,1000,120.84774181522722,0.024871200000006866,0,62,496
15,0.14285714285714285,4,5.0,1400,121.19739791580692,0.02397900000005393,0,62,496
15,0.14285714285714285,4,5.0,600,79.74137475950913,0.02395229999979165,0,62,496
15,0.14285714285714285,4,5.0,1000,80.02485209068216,0.026982500000030996,0,62,496
15,0.14285714285714285,4,5.0,1400,73.90743973993372,0.026395000000093205,0,62,496
15,0.14285714285714285,4,5.0,600,121.58256259280252,0.023502700000108234,0,62,496
15,0.14285714285714285,4,5.0,1000,121.99251257827473,0.02603229999999712,0,62,496
15,0.14285714285714285,4,5.0,1400,122.07985234741734,0.025461500000119486,0,62,496
15,0.14285714285714285,4,5.0,600,94.0983619572442,0.02579990000003818,0,62,496
15,0.14285714285714285,4,5.0,1000,89.14640509455616,0.025543099999822516,0,62,496
15,0.14285714285714285,4,5.0,1400,89.4983842269758,0.025224900000011985,0,62,496
15,0.14285714285714285,4,5.0,600,103.10579268911329,0.024799600000051214,0,62,496
15,0.14285714285714285,4,5.0,1000,98.1104335205492,0.02456779999988612,0,62,496
15,0.14285714285714285,4,5.0,1400,98.10507232008449,0.024300399999901856,0,62,496
15,0.19047619047619047,4,0.1,600,50.022552426859,0.025544500000023618,0,94,752
15,0.19047619047619047,4,0.1,1000,49.994115278049975,0.026859399999921152,0,94,752
15,0.19047619047619047,4,0.1,1400,50.123036148018016,0.026809099999809405,0,94,752
15,0.19047619047619047,4,0.1,600,77.15383647075816,0.027316599999949176,0,86,688
15,0.19047619047619047,4,0.1,1000,78.18535000982206,0.028350499999987733,0,86,688
15,0.19047619047619047,4,0.1,1400,77.54856182728058,0.02844679999998334,0,86,688
15,0.19047619047619047,4,0.1,600,65.4631113676966,0.026040700000066863,0,102,816
15,0.19047619047619047,4,0.1,1000,65.46091814102462,0.027080099999921003,0,102,816
15,0.19047619047619047,4,0.1,1400,65.46069723413353,0.027169099999809987,0,102,816
15,0.19047619047619047,4,0.1,600,45.677073251263515,0.028685700000096404,0,86,688
15,0.19047619047619047,4,0.1,1000,45.500721278446036,0.02540129999988494,0,86,688
15,0.19047619047619047,4,0.1,1400,46.157959858795934,0.027817199999844888,4096,86,688
15,0.19047619047619047,4,0.1,600,69.95855456310774,0.02598519999992277,0,86,688
15,0.19047619047619047,4,0.1,1000,69.86452758606173,0.02540980000003401,0,86,688
15,0.19047619047619047,4,0.1,1400,69.67996412530397,0.026120100000071034,0,86,688
15,0.19047619047619047,4,0.5,600,77.34436355078753,0.025108099999897604,12288,94,752
15,0.19047619047619047,4,0.5,1000,74.46151979157759,0.02579040000000532,16384,94,752
15,0.19047619047619047,4,0.5,1400,74.70892965726453,0.025694700000030934,4096,94,752
15,0.19047619047619047,4,0.5,600,86.53213102816076,0.026494599999978163,16384,86,688
15,0.19047619047619047,4,0.5,1000,86.7606197385183,0.028186900000036985,45056,86,688
15,0.19047619047619047,4,0.5,1400,79.26186845135673,0.029339100000015605,53248,86,688
15,0.19047619047619047,4,0.5,600,102.98041408866597,0.02563759999998183,0,102,816
15,0.19047619047619047,4,0.5,1000,103.28768510089563,0.025108399999908215,0,102,816
15,0.19047619047619047,4,0.5,1400,103.1745430145063,0.025581899999906454,0,102,816
15,0.19047619047619047,4,0.5,600,70.47672824350356,0.02925639999989471,0,86,688
15,0.19047619047619047,4,0.5,1000,69.41831051648322,0.025563200000078723,0,86,688
15,0.19047619047619047,4,0.5,1400,69.90949810765277,0.02614539999990484,0,86,688
15,0.19047619047619047,4,0.5,600,110.75512209502813,0.025919200000089404,0,86,688
15,0.19047619047619047,4,0.5,1000,108.70818801308468,0.025895600000012564,0,86,688
15,0.19047619047619047,4,0.5,1400,108.94622023465861,0.025484600000027058,0,86,688
15,0.19047619047619047,4,1.0,600,119.18472581414811,0.02542249999987689,0,94,752
15,0.19047619047619047,4,1.0,1000,119.32645572949562,0.02521789999991597,0,94,752
15,0.19047619047619047,4,1.0,1400,119.57405316294702,0.032446100000015576,0,94,752
15,0.19047619047619047,4,1.0,600,79.79901369558624,0.02904609999995955,0,86,688
15,0.19047619047619047,4,1.0,1000,79.71977821277412,0.02705180000020846,0,86,688
15,0.19047619047619047,4,1.0,1400,79.50311621130827,0.027646900000036112,0,86,688
15,0.19047619047619047,4,1.0,600,110.89084826411778,0.025666700000101628,0,102,816
15,0.19047619047619047,4,1.0,1000,111.23645555474106,0.02858509999987291,0,102,816
15,0.19047619047619047,4,1.0,1400,111.67581576971982,0.02604719999999361,0,102,816
15,0.19047619047619047,4,1.0,600,102.31472979780824,0.033258799999885014,0,86,688
15,0.19047619047619047,4,1.0,1000,100.38779877918265,0.028804700000137018,0,86,688
15,0.19047619047619047,4,1.0,1400,100.85026565252392,0.02641540000013265,0,86,688
15,0.19047619047619047,4,1.0,600,117.78619211756855,0.02783950000002733,0,86,688
15,0.19047619047619047,4,1.0,1000,109.17512960763406,0.025813799999923503,0,86,688
15,0.19047619047619047,4,1.0,1400,109.18915775004679,0.028363799999851835,0,86,688
15,0.19047619047619047,4,5.0,600,104.17074189434888,0.025872299999946335,0,94,752
15,0.19047619047619047,4,5.0,1000,103.0756106570808,0.02645030000007864,0,94,752
15,0.19047619047619047,4,5.0,1400,103.33923031578588,0.026279500000100597,0,94,752
15,0.19047619047619047,4,5.0,600,77.01606218377944,0.025578600000017104,0,86,688
15,0.19047619047619047,4,5.0,1000,77.34117106221717,0.03283750000014152,0,86,688
15,0.19047619047619047,4,5.0,1400,75.39886932359845,0.0293832999998358,0,86,688
15,0.19047619047619047,4,5.0,600,106.18278929234441,0.02623870000002171,0,102,816
15,0.19047619047619047,4,5.0,1000,106.5481005443972,0.0289976999999908,0,102,816
15,0.19047619047619047,4,5.0,1400,106.52594618204915,0.030050600000095073,0,102,816
15,0.19047619047619047,4,5.0,600,87.68203882986028,0.028966000000082204,0,86,688
15,0.19047619047619047,4,5.0,1000,84.62131622186914,0.029782600000089587,0,86,688
15,0.19047619047619047,4,5.0,1400,85.01377420600667,0.028366499999947337,0,86,688
15,0.19047619047619047,4,5.0,600,86.20733305047906,0.028667099999893253,0,86,688
15,0.19047619047619047,4,5.0,1000,81.10694624247891,0.026229099999909522,0,86,688
15,0.19047619047619047,4,5.0,1400,81.04654205754572,0.0287445999999818,12288,86,688
15,0.29523809523809524,4,0.1,600,98.25732691316192,0.02881569999999556,0,198,1584
15,0.29523809523809524,4,0.1,1000,93.4558180927853,0.03015940000000228,0,198,1584
15,0.29523809523809524,4,0.1,1400,93.40538927228972,0.034885900000062975,36864,198,1584
15,0.29523809523809524,4,0.1,600,53.33623439573928,0.030440799999951196,4096,198,1584
15,0.29523809523809524,4,0.1,1000,53.39199373561594,0.03139409999994314,0,198,1584
15,0.29523809523809524,4,0.1,1400,50.48393511635794,0.031130599999869446,36864,198,1584
15,0.29523809523809524,4,0.1,600,79.89094880226655,0.03058680000003733,0,186,1488
15,0.29523809523809524,4,0.1,1000,79.913790933991,0.029784000000063315,0,186,1488
15,0.29523809523809524,4,0.1,1400,79.9826305737549,0.03059979999989082,0,186,1488
15,0.29523809523809524,4,0.1,600,78.53095547183185,0.03192269999999553,0,186,1488
15,0.29523809523809524,4,0.1,1000,79.03040184900709,0.03179190000014387,0,186,1488
15,0.29523809523809524,4,0.1,1400,79.65818958080956,0.030183399999941685,0,186,1488
15,0.29523809523809524,4,0.1,600,93.370019035477,0.030139199999894117,0,182,1456
15,0.29523809523809524,4,0.1,1000,93.60216666543388,0.03091349999999693,0,182,1456
15,0.29523809523809524,4,0.1,1400,93.32673108751169,0.031603799999857074,0,182,1456
15,0.29523809523809524,4,0.5,600,82.68623896657991,0.030325299999958588,0,198,1584
15,0.29523809523809524,4,0.5,1000,82.16035755014306,0.02926930000012362,0,198,1584
15,0.29523809523809524,4,0.5,1400,82.14390746851528,0.03128459999993538,0,198,1584
15,0.29523809523809524,4,0.5,600,67.3866924068833,0.029310099999975137,0,198,1584
15,0.29523809523809524,4,0.5,1000,68.0049865605474,0.030323100000032355,0,198,1584
15,0.29523809523809524,4,0.5,1400,62.33543472902825,0.03135789999987537,0,198,1584
15,0.29523809523809524,4,0.5,600,83.74146017453944,0.029787999999825843,0,186,1488
15,0.29523809523809524,4,0.5,1000,83.95725080172396,0.033037700000022596,0,186,1488
15,0.29523809523809524,4,0.5,1400,84.10534749037654,0.030068699999901582,0,186,1488
15,0.29523809523809524,4,0.5,600,72.22667966900386,0.031455699999924036,0,186,1488
15,0.29523809523809524,4,0.5,1000,64.03996177576772,0.03241210000010142,0,186,1488
15,0.29523809523809524,4,0.5,1400,64.42315914939759,0.030212599999913436,0,186,1488
15,0.29523809523809524,4,0.5,600,80.40587972649656,0.03455089999988559,0,182,1456
15,0.29523809523809524,4,0.5,1000,78.34478616238194,0.033265099999880476,0,182,1456
15,0.29523809523809524,4,0.5,1400,78.51168361654925,0.03210239999998521,0,182,1456
15,0.29523809523809524,4,1.0,600,98.13876130197987,0.03205890000003819,0,198,1584
15,0.29523809523809524,4,1.0,1000,98.24573651159886,0.03182780000020102,0,198,1584
15,0.29523809523809524,4,1.0,1400,98.48804000690517,0.03493820000016967,4096,198,1584
15,0.29523809523809524,4,1.0,600,98.29345271964549,0.03222640000012689,0,198,1584
15,0.29523809523809524,4,1.0,1000,100.06654181885138,0.0313155999999708,0,198,1584
15,0.29523809523809524,4,1.0,1400,93.8505965002106,0.03162859999997636,4096,198,1584
15,0.29523809523809524,4,1.0,600,92.12212471793441,0.032196399999975256,0,186,1488
15,0.29523809523809524,4,1.0,1000,92.39344778212103,0.029716600000028848,0,186,1488
15,0.29523809523809524,4,1.0,1400,92.65429349989732,0.030133099999829938,40960,186,1488
15,0.29523809523809524,4,1.0,600,89.49634774008578,0.03044650000015281,0,186,1488
15,0.29523809523809524,4,1.0,1000,85.36706857360538,0.032803600000079314,0,186,1488
15,0.29523809523809524,4,1.0,1400,85.82171929926876,0.030441200000041135,45056,186,1488
15,0.29523809523809524,4,1.0,600,96.52061723447419,0.030656899999939924,0,182,1456
15,0.29523809523809524,4,1.0,1000,88.01045683386349,0.031113499999946725,0,182,1456
15,0.29523809523809524,4,1.0,1400,87.71915643534473,0.030823200000213546,0,182,1456
15,0.29523809523809524,4,5.0,600,91.20414493710054,0.03342479999992065,0,198,1584
15,0.29523809523809524,4,5.0,1000,90.78246793617049,0.03064819999985957,0,198,1584
15,0.29523809523809524,4,5.0,1400,91.0528310619604,0.0311804000000393,0,198,1584
15,0.29523809523809524,4,5.0,600,78.10692465081392,0.030056600000079925,0,198,1584
15,0.29523809523809524,4,5.0,1000,78.81819393700997,0.030624600000010105,0,198,1584
15,0.29523809523809524,4,5.0,1400,77.57298270605077,0.03307500000005348,0,198,1584
15,0.29523809523809524,4,5.0,600,83.18354509348464,0.034942100000080245,0,186,1488
15,0.29523809523809524,4,5.0,1000,83.46886855154779,0.030966500000204178,0,186,1488
15,0.29523809523809524,4,5.0,1400,83.39811992363448,0.030321399999820642,0,186,1488
15,0.29523809523809524,4,5.0,600,74.11018715199542,0.030856800000037765,0,186,1488
15,0.29523809523809524,4,5.0,1000,73.41415970930106,0.030239299999948344,0,186,1488
15,0.29523809523809524,4,5.0,1400,73.73168831215992,0.03245850000007522,0,186,1488
15,0.29523809523809524,4,5.0,600,76.88372067395278,0.03082300000005489,0,182,1456
15,0.29523809523809524,4,5.0,1000,71.54257198275334,0.029729399999951056,0,182,1456
15,0.29523809523809524,4,5.0,1400,71.49577702678637,0.030394399999977395,0,182,1456
15,0.3904761904761905,4,0.1,600,42.207114744875796,0.033708400000023175,0,570,4560
15,0.3904761904761905,4,0.1,1000,31.527169425362093,0.03513309999993908,0,570,4560
15,0.3904761904761905,4,0.1,1400,31.730014908582966,0.03364910000004784,0,570,4560
15,0.3904761904761905,4,0.1,600,44.49992087561801,0.03438440000013543,0,358,2864
15,0.3904761904761905,4,0.1,1000,44.63041311510092,0.033824200000026394,0,358,2864
15,0.3904761904761905,4,0.1,1400,40.27838516682728,0.03566569999998137,0,358,2864
15,0.3904761904761905,4,0.1,600,83.63548273958749,0.033358600000156,0,406,3248
15,0.3904761904761905,4,0.1,1000,83.6331943480297,0.03258869999990566,0,406,3248
15,0.3904761904761905,4,0.1,1400,83.63217120369626,0.03910479999990457,8192,406,3248
15,0.3904761904761905,4,0.1,600,44.16297491112745,0.03699980000010328,4096,746,5968
15,0.3904761904761905,4,0.1,1000,41.83056431358388,0.041888400000061665,0,746,5968
15,0.3904761904761905,4,0.1,1400,42.105566255489016,0.03493479999997362,12288,746,5968
15,0.3904761904761905,4,0.1,600,79.82000336548228,0.032630600000175036,0,338,2704
15,0.3904761904761905,4,0.1,1000,74.06086684811868,0.03304789999992863,0,338,2704
15,0.3904761904761905,4,0.1,1400,73.8069405281175,0.03276049999999486,16384,338,2704
15,0.3904761904761905,4,0.5,600,57.10648915020491,0.035290999999915584,0,570,4560
15,0.3904761904761905,4,0.5,1000,56.61108959622519,0.035853999999972075,4096,570,4560
15,0.3904761904761905,4,0.5,1400,57.02422731347096,0.03408769999987271,28672,570,4560
15,0.3904761904761905,4,0.5,600,61.00206336858125,0.03313279999997576,0,358,2864
15,0.3904761904761905,4,0.5,1000,61.29714756631124,0.03302930000018023,0,358,2864
15,0.3904761904761905,4,0.5,1400,59.03844456888732,0.03351550000002135,0,358,2864
15,0.3904761904761905,4,0.5,600,63.873640656109586,0.034274800000048344,0,406,3248
15,0.3904761904761905,4,0.5,1000,64.05316051617439,0.03522620000012466,0,406,3248
15,0.3904761904761905,4,0.5,1400,64.0919502374437,0.0420125000000553,0,406,3248
15,0.3904761904761905,4,0.5,600,79.59442614015127,0.04255640000019412,0,746,5968
15,0.3904761904761905,4,0.5,1000,78.64436324802192,0.03467060000002675,0,746,5968
15,0.3904761904761905,4,0.5,1400,78.84788160520756,0.03480340000010074,4096,746,5968
15,0.3904761904761905,4,0.5,600,78.36936090276652,0.03916419999995924,0,338,2704
15,0.3904761904761905,4,0.5,1000,78.56113177423946,0.032965399999966394,0,338,2704
15,0.3904761904761905,4,0.5,1400,78.28088270339269,0.033531299999822295,0,338,2704
15,0.3904761904761905,4,1.0,600,86.53340805720435,0.03422240000008969,69632,570,4560
15,0.3904761904761905,4,1.0,1000,86.29154075538167,0.04124720000004345,0,570,4560
15,0.3904761904761905,4,1.0,1400,86.59301403050749,0.03391470000019581,0,570,4560
15,0.3904761904761905,4,1.0,600,72.09673070102251,0.03311329999996815,0,358,2864
15,0.3904761904761905,4,1.0,1000,71.96269433711049,0.03345209999997678,0,358,2864
15,0.3904761904761905,4,1.0,1400,71.8195657012893,0.033402799999976196,0,358,2864
15,0.3904761904761905,4,1.0,600,75.92474033631225,0.03652450000004137,0,406,3248
15,0.3904761904761905,4,1.0,1000,76.1916095737539,0.033992800000078205,0,406,3248
15,0.3904761904761905,4,1.0,1400,76.4317203533782,0.03756610000004912,0,406,3248
15,0.3904761904761905,4,1.0,600,68.45160107234032,0.035557600000174716,0,746,5968
15,0.3904761904761905,4,1.0,1000,62.40693892967935,0.03443710000010469,0,746,5968
15,0.3904761904761905,4,1.0,1400,62.7725880078813,0.03358230000003459,0,746,5968
15,0.3904761904761905,4,1.0,600,87.87277705500641,0.032415799999853334,0,338,2704
15,0.3904761904761905,4,1.0,1000,78.26130660573664,0.036505399999896326,0,338,2704
15,0.3904761904761905,4,1.0,1400,77.87741094367654,0.03499809999993886,0,338,2704
15,0.3904761904761905,4,5.0,600,74.28067655209294,0.038530300000047646,0,570,4560
15,0.3904761904761905,4,5.0,1000,74.85647108643569,0.03678669999999329,0,570,4560
15,0.3904761904761905,4,5.0,1400,75.1690051844228,0.03706000000011045,0,570,4560
15,0.3904761904761905,4,5.0,600,62.328408315664724,0.033437800000001516,4096,358,2864
15,0.3904761904761905,4,5.0,1000,62.66821016249154,0.0349489000000176,0,358,2864
15,0.3904761904761905,4,5.0,1400,61.89359251284021,0.03331460000003972,12288,358,2864
15,0.3904761904761905,4,5.0,600,69.82437560025431,0.035518799999863404,0,406,3248
15,0.3904761904761905,4,5.0,1000,70.1085069085035,0.036264200000005076,4096,406,3248
15,0.3904761904761905,4,5.0,1400,70.03216553112932,0.036022600000023886,49152,406,3248
15,0.3904761904761905,4,5.0,600,61.229452411050964,0.036445499999899766,0,746,5968
15,0.3904761904761905,4,5.0,1000,60.30012922879388,0.03726599999981772,0,746,5968
15,0.3904761904761905,4,5.0,1400,60.54250743921625,0.03637669999989157,0,746,5968
15,0.3904761904761905,4,5.0,600,72.37887706651746,0.03305230000000847,0,338,2704
15,0.3904761904761905,4,5.0,1000,66.10965439338831,0.03381740000008904,0,338,2704
15,0.3904761904761905,4,5.0,1400,65.36148452630229,0.03417639999997846,0,338,2704
15,0.13333333333333333,6,0.1,600,0.01868383167078985,0.023909499999945183,0,58,464
15,0.13333333333333333,6,0.1,1000,0.016250130931851077,0.027897899999970832,0,58,464
15,0.13333333333333333,6,0.1,1400,0.014695907262517675,0.02468870000006973,0,58,464
15,0.13333333333333333,6,0.1,600,0.04848492540358093,0.024093900000025315,0,58,464
15,0.13333333333333333,6,0.1,1000,0.007718472116099599,0.02791139999999359,0,58,464
15,0.13333333333333333,6,0.1,1400,0.008006326899044425,0.025526399999989735,0,58,464
15,0.13333333333333333,6,0.1,600,0.01294063850430175,0.02480339999988246,0,58,464
15,0.13333333333333333,6,0.1,1000,0.00783328127888975,0.024584699999877557,0,58,464
15,0.13333333333333333,6,0.1,1400,0.006706432223333687,0.025701100000105725,0,58,464
15,0.13333333333333333,6,0.1,600,0.10817566679923571,0.02791109999998298,0,58,464
15,0.13333333333333333,6,0.1,1000,0.024339947013043248,0.0260264000000916,0,58,464
15,0.13333333333333333,6,0.1,1400,0.019051961791550515,0.024134000000003653,0,58,464
15,0.13333333333333333,6,0.1,600,0.013909570319436926,0.02396849999990991,0,58,464
15,0.13333333333333333,6,0.1,1000,0.010463213507215456,0.03938370000014402,0,58,464
15,0.13333333333333333,6,0.1,1400,0.009123616551380375,0.027543400000013207,0,58,464
15,0.13333333333333333,6,0.5,600,64.52868816930084,0.025808599999891157,0,58,464
15,0.13333333333333333,6,0.5,1000,64.49708602917904,0.0259661000000051,0,58,464
15,0.13333333333333333,6,0.5,1400,64.72981420370165,0.024589500000047337,0,58,464
15,0.13333333333333333,6,0.5,600,102.30299180072821,0.027904199999966295,0,58,464
15,0.13333333333333333,6,0.5,1000,95.86049902531637,0.025036200000158715,0,58,464
15,0.13333333333333333,6,0.5,1400,96.24782818763852,0.024811900000031528,0,58,464
15,0.13333333333333333,6,0.5,600,96.26773221180645,0.02546100000017759,0,58,464
15,0.13333333333333333,6,0.5,1000,96.39737326355159,0.0277505999999903,0,58,464
15,0.13333333333333333,6,0.5,1400,96.47031584055861,0.026499100000137332,0,58,464
15,0.13333333333333333,6,0.5,600,123.76719402983785,0.02492309999979625,0,58,464
15,0.13333333333333333,6,0.5,1000,110.03381434186618,0.026023099999974875,0,58,464
15,0.13333333333333333,6,0.5,1400,109.70823075136231,0.02713199999993776,0,58,464
15,0.13333333333333333,6,0.5,600,145.8216311842222,0.02475359999993998,0,58,464
15,0.13333333333333333,6,0.5,1000,146.08003934314158,0.023525099999915255,0,58,464
15,0.13333333333333333,6,0.5,1400,146.1914615715218,0.025303399999984322,0,58,464
15,0.13333333333333333,6,1.0,600,117.29256599765071,0.024537399999871923,0,58,464
15,0.13333333333333333,6,1.0,1000,117.21356313818151,0.025634699999955046,0,58,464
15,0.13333333333333333,6,1.0,1400,117.4033244954305,0.02657990000011523,0,58,464
15,0.13333333333333333,6,1.0,600,124.06841808506232,0.026000099999919257,0,58,464
15,0.13333333333333333,6,1.0,1000,114.37192092770157,0.02616530000000239,0,58,464
15,0.13333333333333333,6,1.0,1400,114.68710112463918,0.025530500000058964,0,58,464
15,0.13333333333333333,6,1.0,600,90.2135804129881,0.02423029999999926,0,58,464
15,0.13333333333333333,6,1.0,1000,90.28124336450756,0.024972499999876163,0,58,464
15,0.13333333333333333,6,1.0,1400,90.29525903846086,0.025011899999981324,0,58,464
15,0.13333333333333333,6,1.0,600,86.75059841454464,0.025927099999989878,8192,58,464
15,0.13333333333333333,6,1.0,1000,85.0376321267698,0.02837760000011258,0,58,464
15,0.13333333333333333,6,1.0,1400,84.70321837536939,0.024639699999852382,0,58,464
15,0.13333333333333333,6,1.0,600,92.83307428392825,0.024010199999793258,0,58,464
15,0.13333333333333333,6,1.0,1000,92.85068787007444,0.023997100000087812,0,58,464
15,0.13333333333333333,6,1.0,1400,92.89790385766325,0.030099600000085047,0,58,464
15,0.13333333333333333,6,5.0,600,115.62860073327255,0.025104499999997643,0,58,464
15,0.13333333333333333,6,5.0,1000,115.58055137089954,0.02760060000014164,0,58,464
15,0.13333333333333333,6,5.0,1400,115.69097676123313,0.024372500000026776,0,58,464
15,0.13333333333333333,6,5.0,600,105.11895958995284,0.025919700000031298,0,58,464
15,0.13333333333333333,6,5.0,1000,99.0621411060606,0.027325100000098246,0,58,464
15,0.13333333333333333,6,5.0,1400,99.47137672086275,0.029119200000195633,0,58,464
15,0.13333333333333333,6,5.0,600,88.07972977167168,0.025846499999943262,0,58,464
15,0.13333333333333333,6,5.0,1000,88.1838266800389,0.02635239999995065,0,58,464
15,0.13333333333333333,6,5.0,1400,88.2287693248949,0.027913299999909214,0,58,464
15,0.13333333333333333,6,5.0,600,142.36860127222627,0.024418900000000576,0,58,464
15,0.13333333333333333,6,5.0,1000,152.72385911781268,0.026643299999932424,0,58,464
15,0.13333333333333333,6,5.0,1400,152.69842015872203,0.024452299999893512,0,58,464
15,0.13333333333333333,6,5.0,600,108.2188026847152,0.025939000000107626,0,58,464
15,0.13333333333333333,6,5.0,1000,108.37481718058427,0.026207200000044395,0,58,464
15,0.13333333333333333,6,5.0,1400,108.66733495071388,0.024516200000107347,0,58,464
15,0.13333333333333333,6,0.1,600,0.01868383167078985,0.02430329999992864,0,58,464
15,0.13333333333333333,6,0.1,1000,0.016250130931851077,0.028733299999885276,0,58,464
15,0.13333333333333333,6,0.1,1400,0.014695907262517675,0.025014499999997497,0,58,464
15,0.13333333333333333,6,0.1,600,0.04848492540358093,0.02480339999988246,0,58,464
15,0.13333333333333333,6,0.1,1000,0.007718472116099599,0.026487500000030195,0,58,464
15,0.13333333333333333,6,0.1,1400,0.008006326899044425,0.02511570000001484,0,58,464
15,0.13333333333333333,6,0.1,600,0.01294063850430175,0.025055999999949563,0,58,464
15,0.13333333333333333,6,0.1,1000,0.00783328127888975,0.024082700000008117,0,58,464
15,0.13333333333333333,6,0.1,1400,0.006706432223333687,0.025720099999944068,0,58,464
15,0.13333333333333333,6,0.1,600,0.10817566679923571,0.025062400000024354,0,58,464
15,0.13333333333333333,6,0.1,1000,0.024339947013043248,0.024032199999965087,0,58,464
15,0.13333333333333333,6,0.1,1400,0.019051961791550515,0.02546529999995073,0,58,464
15,0.13333333333333333,6,0.1,600,0.013909570319436926,0.02405899999985195,0,58,464
15,0.13333333333333333,6,0.1,1000,0.010463213507215456,0.022961300000133633,0,58,464
15,0.13333333333333333,6,0.1,1400,0.009123616551380375,0.025446999999985565,0,58,464
15,0.13333333333333333,6,0.5,600,64.52868816930084,0.02372960000002422,0,58,464
15,0.13333333333333333,6,0.5,1000,64.49708602917904,0.024545800000169038,0,58,464
15,0.13333333333333333,6,0.5,1400,64.72981420370165,0.02482810000014979,0,58,464
15,0.13333333333333333,6,0.5,600,102.30299180072821,0.025791800000206422,0,58,464
15,0.13333333333333333,6,0.5,1000,95.86049902531637,0.027396799999905852,0,58,464
15,0.13333333333333333,6,0.5,1400,96.24782818763852,0.02614890000018022,0,58,464
15,0.13333333333333333,6,0.5,600,96.26773221180645,0.025170500000058382,0,58,464
15,0.13333333333333333,6,0.5,1000,96.39737326355159,0.02569260000018403,0,58,464
15,0.13333333333333333,6,0.5,1400,96.47031584055861,0.02485959999989973,0,58,464
15,0.13333333333333333,6,0.5,600,123.76719402983785,0.02367509999999129,0,58,464
15,0.13333333333333333,6,0.5,1000,110.03381434186618,0.02367509999999129,0,58,464
15,0.13333333333333333,6,0.5,1400,109.70823075136231,0.02295660000004318,0,58,464
15,0.13333333333333333,6,0.5,600,145.8216311842222,0.024321800000052463,0,58,464
15,0.13333333333333333,6,0.5,1000,146.08003934314158,0.027364399999896705,4096,58,464
15,0.13333333333333333,6,0.5,1400,146.1914615715218,0.025294600000052014,0,58,464
15,0.13333333333333333,6,1.0,600,117.29256599765071,0.02459950000002209,0,58,464
15,0.13333333333333333,6,1.0,1000,117.21356313818151,0.025751200000058816,0,58,464
15,0.13333333333333333,6,1.0,1400,117.4033244954305,0.024522199999864824,0,58,464
15,0.13333333333333333,6,1.0,600,124.06841808506232,0.024514199999885022,0,58,464
15,0.13333333333333333,6,1.0,1000,114.37192092770157,0.024615600000061022,0,58,464
15,0.13333333333333333,6,1.0,1400,114.68710112463918,0.024835499999880994,0,58,464
15,0.13333333333333333,6,1.0,600,90.2135804129881,0.0249237999998968,0,58,464
15,0.13333333333333333,6,1.0,1000,90.28124336450756,0.024385899999970206,0,58,464
15,0.13333333333333333,6,1.0,1400,90.29525903846086,0.0248993000000155,0,58,464
15,0.13333333333333333,6,1.0,600,86.75059841454464,0.02456150000011803,0,58,464
15,0.13333333333333333,6,1.0,1000,85.0376321267698,0.025320499999907042,0,58,464
15,0.13333333333333333,6,1.0,1400,84.70321837536939,0.024497599999904196,0,58,464
15,0.13333333333333333,6,1.0,600,92.83307428392825,0.024416799999926297,0,58,464
15,0.13333333333333333,6,1.0,1000,92.85068787007444,0.023386600000094404,0,58,464
15,0.13333333333333333,6,1.0,1400,92.89790385766325,0.02499620000003233,0,58,464
15,0.13333333333333333,6,5.0,600,115.62860073327255,0.024461700000074416,0,58,464
15,0.13333333333333333,6,5.0,1000,115.58055137089954,0.026341399999864734,0,58,464
15,0.13333333333333333,6,5.0,1400,115.69097676123313,0.03524020000008932,0,58,464
15,0.13333333333333333,6,5.0,600,105.11895958995284,0.024111400000037975,0,58,464
15,0.13333333333333333,6,5.0,1000,99.0621411060606,0.024517899999864312,0,58,464
15,0.13333333333333333,6,5.0,1400,99.47137672086275,0.024728899999900023,0,58,464
15,0.13333333333333333,6,5.0,600,88.07972977167168,0.023783200000025317,0,58,464
15,0.13333333333333333,6,5.0,1000,88.1838266800389,0.024346299999933763,0,58,464
15,0.13333333333333333,6,5.0,1400,88.2287693248949,0.02615179999997963,0,58,464
15,0.13333333333333333,6,5.0,600,142.36860127222627,0.02363809999997102,0,58,464
15,0.13333333333333333,6,5.0,1000,152.72385911781268,0.025618200000053548,0,58,464
15,0.13333333333333333,6,5.0,1400,152.69842015872203,0.027107699999987744,0,58,464
15,0.13333333333333333,6,5.0,600,108.2188026847152,0.02312349999988328,0,58,464
15,0.13333333333333333,6,5.0,1000,108.37481718058427,0.02457579999986592,0,58,464
15,0.13333333333333333,6,5.0,1400,108.66733495071388,0.02370429999996304,0,58,464
15,0.14285714285714285,6,0.1,600,0.17490997558188395,0.024679599999899438,0,62,496
15,0.14285714285714285,6,0.1,1000,0.15575017574265226,0.023906800000077055,0,62,496
15,0.14285714285714285,6,0.1,1400,0.16615079460638027,0.026921599999923274,0,62,496
15,0.14285714285714285,6,0.1,600,56.877298344833314,0.0260177999998632,0,62,496
15,0.14285714285714285,6,0.1,1000,56.83784869185127,0.026271400000041467,0,62,496
15,0.14285714285714285,6,0.1,1400,56.83646799354006,0.025120199999946635,0,62,496
15,0.14285714285714285,6,0.1,600,29.66991291264125,0.0306687999998303,0,62,496
15,0.14285714285714285,6,0.1,1000,29.67754637748654,0.02610780000009072,0,62,496
15,0.14285714285714285,6,0.1,1400,29.659499891441666,0.025144100000034086,0,62,496
15,0.14285714285714285,6,0.1,600,20.440329457166513,0.02621990000011465,0,62,496
15,0.14285714285714285,6,0.1,1000,20.347759786932457,0.02572839999993448,0,62,496
15,0.14285714285714285,6,0.1,1400,20.353882592436037,0.023747199999888835,0,62,496
15,0.14285714285714285,6,0.1,600,27.037545053129538,0.025454199999785487,0,62,496
15,0.14285714285714285,6,0.1,1000,27.035579091284145,0.023651299999983166,0,62,496
15,0.14285714285714285,6,0.1,1400,27.03831936973748,0.023659100000031685,0,62,496
15,0.14285714285714285,6,0.5,600,65.38726356414955,0.025009200000113196,8192,62,496
15,0.14285714285714285,6,0.5,1000,65.34974922321129,0.027561999999988984,0,62,496
15,0.14285714285714285,6,0.5,1400,65.58565356215819,0.02554910000003474,0,62,496
15,0.14285714285714285,6,0.5,600,95.43250866971486,0.02755469999988236,0,62,496
15,0.14285714285714285,6,0.5,1000,88.85895217888556,0.027264099999911195,0,62,496
15,0.14285714285714285,6,0.5,1400,89.1626050022102,0.026206600000023172,0,62,496
15,0.14285714285714285,6,0.5,600,97.24284062695044,0.025652100000115752,0,62,496
15,0.14285714285714285,6,0.5,1000,97.38534234693049,0.029157599999962258,0,62,496
15,0.14285714285714285,6,0.5,1400,97.47152210854446,0.02458000000001448,0,62,496
15,0.14285714285714285,6,0.5,600,147.39475381508774,0.024554300000090734,0,62,496
15,0.14285714285714285,6,0.5,1000,134.9364142161321,0.02383959999997387,0,62,496
15,0.14285714285714285,6,0.5,1400,134.65756083807247,0.026733900000181166,0,62,496
15,0.14285714285714285,6,0.5,600,110.20963461672636,0.023320600000033664,0,62,496
15,0.14285714285714285,6,0.5,1000,110.47472605250846,0.02717050000001109,0,62,496
15,0.14285714285714285,6,0.5,1400,110.60456697153253,0.024022399999921618,0,62,496
15,0.14285714285714285,6,1.0,600,125.10166355855777,0.02529340000000957,0,62,496
15,0.14285714285714285,6,1.0,1000,125.00814927375629,0.02642599999990125,0,62,496
15,0.14285714285714285,6,1.0,1400,125.20961478191637,0.025440300000127536,0,62,496
15,0.14285714285714285,6,1.0,600,91.78372639734253,0.03816439999991417,0,62,496
15,0.14285714285714285,6,1.0,1000,81.71801998124415,0.025811800000155927,0,62,496
15,0.14285714285714285,6,1.0,1400,82.17047024654164,0.025795499999958338,0,62,496
15,0.14285714285714285,6,1.0,600,71.13384175913039,0.02593669999987469,0,62,496
15,0.14285714285714285,6,1.0,1000,71.21629293388544,0.025199199999860866,0,62,496
15,0.14285714285714285,6,1.0,1400,71.28295752868634,0.025408599999991566,0,62,496
15,0.14285714285714285,6,1.0,600,98.60271111340651,0.02602330000013353,0,62,496
15,0.14285714285714285,6,1.0,1000,85.27779488228539,0.024739599999975326,0,62,496
15,0.14285714285714285,6,1.0,1400,85.13550394113763,0.025976800000080402,0,62,496
15,0.14285714285714285,6,1.0,600,70.94743206292738,0.023759100000006583,0,62,496
15,0.14285714285714285,6,1.0,1000,70.96742902354296,0.024478799999997136,0,62,496
15,0.14285714285714285,6,1.0,1400,71.02121344125112,0.026462400000127673,0,62,496
15,0.14285714285714285,6,5.0,600,113.34523015212037,0.024310400000103982,0,62,496
15,0.14285714285714285,6,5.0,1000,113.29301158379798,0.025496999999859327,0,62,496
15,0.14285714285714285,6,5.0,1400,113.40897681358932,0.024389100000007602,0,62,496
15,0.14285714285714285,6,5.0,600,101.68542131510596,0.027052500000081636,0,62,496
15,0.14285714285714285,6,5.0,1000,95.61022758418308,0.02672250000000531,0,62,496
15,0.14285714285714285,6,5.0,1400,96.0525259920316,0.02676449999989927,0,62,496
15,0.14285714285714285,6,5.0,600,82.90574458800401,0.027750999999852866,0,62,496
15,0.14285714285714285,6,5.0,1000,82.99976439024259,0.027813700000024255,0,62,496
15,0.14285714285714285,6,5.0,1400,83.02516341277122,0.02696339999988595,0,62,496
15,0.14285714285714285,6,5.0,600,141.70400773957417,0.026422500000080618,0,62,496
15,0.14285714285714285,6,5.0,1000,150.9566703003535,0.02500400000008085,0,62,496
15,0.14285714285714285,6,5.0,1400,150.98042051582198,0.023725300000023708,0,62,496
15,0.14285714285714285,6,5.0,600,104.79623469364223,0.023586100000102306,0,62,496
15,0.14285714285714285,6,5.0,1000,104.9524764700664,0.02494580000006863,0,62,496
15,0.14285714285714285,6,5.0,1400,105.2456206111094,0.025530799999842202,0,62,496
15,0.19047619047619047,6,0.1,600,39.39880470260598,0.025461800000130097,0,90,720
15,0.19047619047619047,6,0.1,1000,39.355734213658536,0.027235300000029383,0,90,720
15,0.19047619047619047,6,0.1,1400,39.41041380776001,0.02667610000003151,0,90,720
15,0.19047619047619047,6,0.1,600,3.1381604656320343,0.02842729999997573,0,98,784
15,0.19047619047619047,6,0.1,1000,3.076934135650204,0.032630899999958274,0,98,784
15,0.19047619047619047,6,0.1,1400,3.0881412843271536,0.027298499999915293,0,98,784
15,0.19047619047619047,6,0.1,600,21.015238896159765,0.028439299999945433,0,86,688
15,0.19047619047619047,6,0.1,1000,20.962419625266552,0.028999099999964528,0,86,688
15,0.19047619047619047,6,0.1,1400,20.909654715755064,0.026728999999932057,0,86,688
15,0.19047619047619047,6,0.1,600,147.71273785862965,0.027469699999983277,0,86,688
15,0.19047619047619047,6,0.1,1000,171.68112733139228,0.027223499999990963,0,86,688
15,0.19047619047619047,6,0.1,1400,171.721277952345,0.02670269999998709,0,86,688
15,0.19047619047619047,6,0.1,600,89.53305878121549,0.02577700000006189,0,86,688
15,0.19047619047619047,6,0.1,1000,89.6633854490013,0.02588289999994231,0,86,688
15,0.19047619047619047,6,0.1,1400,90.09012555975109,0.02591219999999339,0,86,688
15,0.19047619047619047,6,0.5,600,86.06243863959838,0.026965100000097664,0,90,720
15,0.19047619047619047,6,0.5,1000,87.3168033353641,0.026808000000073662,0,90,720
15,0.19047619047619047,6,0.5,1400,87.59711625017484,0.026959300000044095,0,90,720
15,0.19047619047619047,6,0.5,600,99.96419454959948,0.028165899999976318,0,98,784
15,0.19047619047619047,6,0.5,1000,93.36037954977027,0.025995200000124896,0,98,784
15,0.19047619047619047,6,0.5,1400,93.57516735178535,0.028247400000054768,0,98,784
15,0.19047619047619047,6,0.5,600,92.91491053578935,0.026083500000140702,0,86,688
15,0.19047619047619047,6,0.5,1000,93.14424133555731,0.02694999999994252,0,86,688
15,0.19047619047619047,6,0.5,1400,93.13681817887075,0.032479399999829184,0,86,688
15,0.19047619047619047,6,0.5,600,92.78001798407229,0.03063879999990604,0,86,688
15,0.19047619047619047,6,0.5,1000,88.38007372003973,0.02792360000012195,0,86,688
15,0.19047619047619047,6,0.5,1400,88.49112682779622,0.027674100000012913,0,86,688
15,0.19047619047619047,6,0.5,600,96.97390852712412,0.026496799999904397,0,86,688
15,0.19047619047619047,6,0.5,1000,97.21342714052477,0.027764899999965564,0,86,688
15,0.19047619047619047,6,0.5,1400,97.51828312468473,0.04139609999992899,0,86,688
15,0.19047619047619047,6,1.0,600,117.85848268588977,0.02713810000000194,0,90,720
15,0.19047619047619047,6,1.0,1000,118.91893410422158,0.029757300000028408,0,90,720
15,0.19047619047619047,6,1.0,1400,118.99799379233733,0.028976899999861416,0,90,720
15,0.19047619047619047,6,1.0,600,84.10600724236022,0.028710900000078254,0,98,784
15,0.19047619047619047,6,1.0,1000,75.98190020395074,0.028810399999883884,0,98,784
15,0.19047619047619047,6,1.0,1400,76.18582773220234,0.028188300000010713,0,98,784
15,0.19047619047619047,6,1.0,600,87.20821943666863,0.026086000000077547,0,86,688
15,0.19047619047619047,6,1.0,1000,87.32680317632335,0.030568599999924118,0,86,688
15,0.19047619047619047,6,1.0,1400,87.36647432997094,0.028408800000079282,0,86,688
15,0.19047619047619047,6,1.0,600,75.10352043676728,0.026995599999963815,0,86,688
15,0.19047619047619047,6,1.0,1000,72.7224461302032,0.027849000000060187,0,86,688
15,0.19047619047619047,6,1.0,1400,72.69681914454449,0.02658649999989393,0,86,688
15,0.19047619047619047,6,1.0,600,87.85464162199544,0.02682549999985895,0,86,688
15,0.19047619047619047,6,1.0,1000,88.11656564724082,0.025910899999871617,0,86,688
15,0.19047619047619047,6,1.0,1400,88.29743669923332,0.029698499999994965,8192,86,688
15,0.19047619047619047,6,5.0,600,111.00958850291649,0.02983119999998962,4096,90,720
15,0.19047619047619047,6,5.0,1000,112.30989430351094,0.02851809999992838,28672,90,720
15,0.19047619047619047,6,5.0,1400,112.48349587022622,0.027809700000034354,28672,90,720
15,0.19047619047619047,6,5.0,600,97.15714170656146,0.02928410000004078,0,98,784
15,0.19047619047619047,6,5.0,1000,91.42436893223862,0.027829000000110682,0,98,784
15,0.19047619047619047,6,5.0,1400,91.69903352271092,0.026901700000053097,4096,98,784
15,0.19047619047619047,6,5.0,600,82.13263034618996,0.02679349999993974,4096,86,688
15,0.19047619047619047,6,5.0,1000,82.26079734518915,0.030310999999983324,12288,86,688
15,0.19047619047619047,6,5.0,1400,82.25035693542002,0.028231999999889013,0,86,688
15,0.19047619047619047,6,5.0,600,106.19712811653132,0.030791000000135682,0,86,688
15,0.19047619047619047,6,5.0,1000,127.0988604007164,0.025519999999914944,0,86,688
15,0.19047619047619047,6,5.0,1400,127.01696591910493,0.02707779999991544,0,86,688
15,0.19047619047619047,6,5.0,600,89.31478902704842,0.026824999999917054,0,86,688
15,0.19047619047619047,6,5.0,1000,89.52063849747117,0.02445779999993647,0,86,688
15,0.19047619047619047,6,5.0,1400,89.70828108989664,0.02759409999998752,0,86,688
15,0.29523809523809524,6,0.1,600,12.308925874316701,0.02904020000005403,0,202,1616
15,0.29523809523809524,6,0.1,1000,12.874679178944445,0.028931499999998778,0,202,1616
15,0.29523809523809524,6,0.1,1400,12.889601618861422,0.03884720000019115,0,202,1616
15,0.29523809523809524,6,0.1,600,95.45511958429177,0.02962310000020807,0,206,1648
15,0.29523809523809524,6,0.1,1000,100.28784731560526,0.030166499999950247,0,206,1648
15,0.29523809523809524,6,0.1,1400,100.62465281862605,0.03144700000007106,0,206,1648
15,0.29523809523809524,6,0.1,600,46.401831807093615,0.029268399999864414,0,234,1872
15,0.29523809523809524,6,0.1,1000,44.18142249516129,0.029468700000052195,0,234,1872
15,0.29523809523809524,6,0.1,1400,44.36010599856863,0.029295999999931155,0,234,1872
15,0.29523809523809524,6,0.1,600,111.97518624615451,0.028454399999873203,0,182,1456
15,0.29523809523809524,6,0.1,1000,137.76418039195732,0.028690499999811436,0,182,1456
15,0.29523809523809524,6,0.1,1400,137.40950011523665,0.029226299999891125,0,182,1456
15,0.29523809523809524,6,0.1,600,72.95540194538978,0.029809099999965838,0,230,1840
15,0.29523809523809524,6,0.1,1000,73.0373385473817,0.03059190000021772,0,230,1840
15,0.29523809523809524,6,0.1,1400,73.51946555099636,0.02979730000015479,0,230,1840
15,0.29523809523809524,6,0.5,600,69.13824821433496,0.03152460000001156,0,202,1616
15,0.29523809523809524,6,0.5,1000,75.9757552168415,0.03056579999997666,0,202,1616
15,0.29523809523809524,6,0.5,1400,77.65428409225338,0.03035290000002533,0,202,1616
15,0.29523809523809524,6,0.5,600,81.4978861340014,0.029812900000024456,0,206,1648
15,0.29523809523809524,6,0.5,1000,82.290248999177,0.03142589999993106,4096,206,1648
15,0.29523809523809524,6,0.5,1400,82.48685713126548,0.0300081999998838,0,206,1648
15,0.29523809523809524,6,0.5,600,83.08401085142991,0.03059480000001713,0,234,1872
15,0.29523809523809524,6,0.5,1000,84.02743344224163,0.029331299999967086,4096,234,1872
15,0.29523809523809524,6,0.5,1400,83.99446658313991,0.030275200000005498,0,234,1872
15,0.29523809523809524,6,0.5,600,81.76647733662827,0.030669600000010178,0,182,1456
15,0.29523809523809524,6,0.5,1000,88.09792109325697,0.030080399999860674,0,182,1456
15,0.29523809523809524,6,0.5,1400,88.02359150683506,0.030274899999994886,28672,182,1456
15,0.29523809523809524,6,0.5,600,83.94937233015163,0.029537899999922956,0,230,1840
15,0.29523809523809524,6,0.5,1000,84.1796416457339,0.03096800000002986,0,230,1840
15,0.29523809523809524,6,0.5,1400,84.40322038329067,0.03148830000009184,32768,230,1840
15,0.29523809523809524,6,1.0,600,104.8118446202959,0.031443999999964944,0,202,1616
15,0.29523809523809524,6,1.0,1000,104.86373073333795,0.03019259999996393,0,202,1616
15,0.29523809523809524,6,1.0,1400,105.2498582697452,0.030823999999938678,0,202,1616
15,0.29523809523809524,6,1.0,600,76.90370304223124,0.033493000000135,0,206,1648
15,0.29523809523809524,6,1.0,1000,75.54526601904696,0.03326769999989665,0,206,1648
15,0.29523809523809524,6,1.0,1400,75.73660608668366,0.030750500000067404,0,206,1648
15,0.29523809523809524,6,1.0,600,76.90763910335286,0.03739699999982804,0,234,1872
15,0.29523809523809524,6,1.0,1000,81.95967663989803,0.03210179999996399,0,234,1872
15,0.29523809523809524,6,1.0,1400,81.97953499947477,0.031138800000007905,0,234,1872
15,0.29523809523809524,6,1.0,600,91.74712684579124,0.03047670000000835,0,182,1456
15,0.29523809523809524,6,1.0,1000,96.70080951301364,0.03231110000001536,0,182,1456
15,0.29523809523809524,6,1.0,1400,96.68880289096477,0.031717700000172044,0,182,1456
15,0.29523809523809524,6,1.0,600,71.41668186526738,0.029847300000028554,0,230,1840
15,0.29523809523809524,6,1.0,1000,68.0514318597948,0.029892100000097344,0,230,1840
15,0.29523809523809524,6,1.0,1400,68.07855311862765,0.03034780000007231,0,230,1840
15,0.29523809523809524,6,5.0,600,94.50107422783267,0.030278899999984787,0,202,1616
15,0.29523809523809524,6,5.0,1000,102.1775709384446,0.03168320000008862,0,202,1616
15,0.29523809523809524,6,5.0,1400,102.97172311996235,0.03007260000003953,0,202,1616
15,0.29523809523809524,6,5.0,600,82.00792750091495,0.032921299999998155,0,206,1648
15,0.29523809523809524,6,5.0,1000,83.70840654897488,0.03366690000007111,0,206,1648
15,0.29523809523809524,6,5.0,1400,83.92642906245557,0.031567900000027294,0,206,1648
15,0.29523809523809524,6,5.0,600,77.4339569911544,0.0337514000000283,0,234,1872
15,0.29523809523809524,6,5.0,1000,77.70313198201352,0.030534200000147393,0,234,1872
15,0.29523809523809524,6,5.0,1400,77.81087653892473,0.02976730000000316,0,234,1872
15,0.29523809523809524,6,5.0,600,69.40521108597483,0.031740099999979066,0,182,1456
15,0.29523809523809524,6,5.0,1000,99.53633651021207,0.030001599999877726,0,182,1456
15,0.29523809523809524,6,5.0,1400,99.47195153963368,0.05459170000017366,0,182,1456
15,0.29523809523809524,6,5.0,600,69.64990177360126,0.031355600000097184,0,230,1840
15,0.29523809523809524,6,5.0,1000,66.11613869016921,0.033411300000125266,4096,230,1840
15,0.29523809523809524,6,5.0,1400,66.14763157917113,0.031109900000046764,0,230,1840
15,0.3904761904761905,6,0.1,600,58.6341295198465,0.039795499999854655,0,366,2928
15,0.3904761904761905,6,0.1,1000,60.571093918480535,0.03588420000005499,0,366,2928
15,0.3904761904761905,6,0.1,1400,60.943850968720795,0.032513399999970716,16384,366,2928
15,0.3904761904761905,6,0.1,600,86.25892551403435,0.03421370000000934,4096,410,3280
15,0.3904761904761905,6,0.1,1000,86.6104133555858,0.034270699999979115,0,410,3280
15,0.3904761904761905,6,0.1,1400,86.94873400292539,0.033792200000107186,57344,410,3280
15,0.3904761904761905,6,0.1,600,63.160007607006186,0.03253689999996823,0,354,2832
15,0.3904761904761905,6,0.1,1000,63.03782848246144,0.03303180000011707,0,354,2832
15,0.3904761904761905,6,0.1,1400,62.9687470057657,0.03468879999991259,0,354,2832
15,0.3904761904761905,6,0.1,600,111.78858140919527,0.03673959999991894,0,726,5808
15,0.3904761904761905,6,0.1,1000,117.86032555194721,0.03724499999998443,0,726,5808
15,0.3904761904761905,6,0.1,1400,117.50586958254988,0.03785500000003594,0,726,5808
15,0.3904761904761905,6,0.1,600,84.73549194076773,0.032864399999880334,0,530,4240
15,0.3904761904761905,6,0.1,1000,85.03857601548061,0.03414599999996426,0,530,4240
15,0.3904761904761905,6,0.1,1400,85.18111610638452,0.04249740000000202,0,530,4240
15,0.3904761904761905,6,0.5,600,58.08998644346127,0.038583200000175566,0,366,2928
15,0.3904761904761905,6,0.5,1000,67.06797546766619,0.03566630000000259,0,366,2928
15,0.3904761904761905,6,0.5,1400,69.83854455427343,0.03411429999982829,0,366,2928
15,0.3904761904761905,6,0.5,600,62.436586909937716,0.034327300000086325,0,410,3280
15,0.3904761904761905,6,0.5,1000,68.47024844218424,0.034639099999822065,0,410,3280
15,0.3904761904761905,6,0.5,1400,68.92232951018289,0.033917100000053324,0,410,3280
15,0.3904761904761905,6,0.5,600,57.81175528911316,0.03455400000007103,0,354,2832
15,0.3904761904761905,6,0.5,1000,54.88293726746046,0.03253810000001067,0,354,2832
15,0.3904761904761905,6,0.5,1400,55.28039685204073,0.03337680000004184,4096,354,2832
15,0.3904761904761905,6,0.5,600,74.71435512968722,0.04890900000009424,4096,726,5808
15,0.3904761904761905,6,0.5,1000,83.33500950688875,0.03658450000011726,0,726,5808
15,0.3904761904761905,6,0.5,1400,83.29029198830878,0.03473389999999199,0,726,5808
15,0.3904761904761905,6,0.5,600,80.57825675739063,0.032743299999992814,0,530,4240
15,0.3904761904761905,6,0.5,1000,79.16054230129538,0.03226270000004661,0,530,4240
15,0.3904761904761905,6,0.5,1400,79.09846068987446,0.031977699999970355,0,530,4240
15,0.3904761904761905,6,1.0,600,72.9318496903949,0.03967210000018895,0,366,2928
15,0.3904761904761905,6,1.0,1000,80.66458914415506,0.03451180000001841,0,366,2928
15,0.3904761904761905,6,1.0,1400,80.92293179517844,0.036007500000096115,0,366,2928
15,0.3904761904761905,6,1.0,600,72.62963591768825,0.032979500000010376,0,410,3280
15,0.3904761904761905,6,1.0,1000,74.42582957376442,0.04331369999999879,0,410,3280
15,0.3904761904761905,6,1.0,1400,74.54372586691534,0.03395809999983612,20480,410,3280
15,0.3904761904761905,6,1.0,600,60.66533263444779,0.0347713000001022,0,354,2832
15,0.3904761904761905,6,1.0,1000,63.87607511487364,0.03352610000001732,0,354,2832
15,0.3904761904761905,6,1.0,1400,63.90520969129071,0.0347494000000097,8192,354,2832
15,0.3904761904761905,6,1.0,600,86.98298409203747,0.034405599999900005,0,726,5808
15,0.3904761904761905,6,1.0,1000,91.09570746366579,0.03445420000002741,4096,726,5808
15,0.3904761904761905,6,1.0,1400,91.05766155467646,0.037149600000020655,24576,726,5808
15,0.3904761904761905,6,1.0,600,63.929572862681376,0.03387339999994765,0,530,4240
15,0.3904761904761905,6,1.0,1000,61.718746490524246,0.032718400000021575,0,530,4240
15,0.3904761904761905,6,1.0,1400,61.76803449304635,0.03378729999985808,0,530,4240
15,0.3904761904761905,6,5.0,600,75.66869992487437,0.03352369999993243,0,366,2928
15,0.3904761904761905,6,5.0,1000,80.21324781262773,0.03378040000006877,0,366,2928
15,0.3904761904761905,6,5.0,1400,80.49830759728697,0.0338429000000815,0,366,2928
15,0.3904761904761905,6,5.0,600,62.49470685065452,0.034409299999879295,0,410,3280
15,0.3904761904761905,6,5.0,1000,64.15837189462626,0.035775899999862304,0,410,3280
15,0.3904761904761905,6,5.0,1400,64.35508087980247,0.03775279999990744,0,410,3280
15,0.3904761904761905,6,5.0,600,74.90207823780067,0.03262359999985165,0,354,2832
15,0.3904761904761905,6,5.0,1000,70.02182115359335,0.034803699999883975,0,354,2832
15,0.3904761904761905,6,5.0,1400,70.08681826794316,0.03332090000003518,0,354,2832
15,0.3904761904761905,6,5.0,600,62.93022517050288,0.04257689999985814,0,726,5808
15,0.3904761904761905,6,5.0,1000,89.68661452921715,0.03591940000001159,0,726,5808
15,0.3904761904761905,6,5.0,1400,89.97909056631595,0.03423350000002756,0,726,5808
15,0.3904761904761905,6,5.0,600,67.13622493991151,0.03305380000006153,0,530,4240
15,0.3904761904761905,6,5.0,1000,64.3586510178561,0.03387250000014319,0,530,4240
15,0.3904761904761905,6,5.0,1400,64.20428801148553,0.036758199999894714,0,530,4240
15,0.49523809523809526,6,0.1,600,36.675647064476124,0.03762890000007246,4096,898,7184
15,0.49523809523809526,6,0.1,1000,61.91564266142256,0.040091399999937494,0,898,7184
15,0.49523809523809526,6,0.1,1400,62.0346862791822,0.04065349999996215,0,898,7184
15,0.49523809523809526,6,0.1,600,44.73802251800719,0.04072679999990214,0,1174,9392
15,0.49523809523809526,6,0.1,1000,44.567421554644326,0.041758500000014465,0,1174,9392
15,0.49523809523809526,6,0.1,1400,44.98027094796031,0.04068530000017745,0,1174,9392
15,0.49523809523809526,6,0.1,600,48.32843540773345,0.03736059999982899,0,802,6416
15,0.49523809523809526,6,0.1,1000,50.37215394953116,0.037581899999850066,0,802,6416
15,0.49523809523809526,6,0.1,1400,50.45486224434485,0.03936090000001968,0,802,6416
15,0.49523809523809526,6,0.1,600,36.14146668631451,0.0387383999998292,8192,890,7120
15,0.49523809523809526,6,0.1,1000,58.730916949164055,0.03788880000001882,0,890,7120
15,0.49523809523809526,6,0.1,1400,58.736460351170365,0.04011310000009871,0,890,7120
15,0.49523809523809526,6,0.1,600,58.21376340127413,0.04171320000000378,32768,1558,12464
15,0.49523809523809526,6,0.1,1000,56.63329417015398,0.039241700000047786,8192,1558,12464
15,0.49523809523809526,6,0.1,1400,56.49046914341573,0.03865599999994629,8192,1558,12464
15,0.49523809523809526,6,0.5,600,67.02088017846661,0.04463779999991857,24576,898,7184
15,0.49523809523809526,6,0.5,1000,75.1173925287497,0.04206319999980224,16384,898,7184
15,0.49523809523809526,6,0.5,1400,75.64429363957223,0.03785969999989902,0,898,7184
15,0.49523809523809526,6,0.5,600,57.38066878875842,0.03801370000019233,0,1174,9392
15,0.49523809523809526,6,0.5,1000,59.08199847329776,0.042388399999936155,0,1174,9392
15,0.49523809523809526,6,0.5,1400,59.43353599605772,0.040748300000132076,0,1174,9392
15,0.49523809523809526,6,0.5,600,60.47090751038288,0.040716199999906166,0,802,6416
15,0.49523809523809526,6,0.5,1000,56.94020000008993,0.03789679999999862,0,802,6416
15,0.49523809523809526,6,0.5,1400,57.38616494758352,0.04110250000007909,0,802,6416
15,0.49523809523809526,6,0.5,600,63.5091810517343,0.03878280000003542,0,890,7120
15,0.49523809523809526,6,0.5,1000,77.0073618046911,0.03812489999995705,0,890,7120
15,0.49523809523809526,6,0.5,1400,77.22955587648615,0.03912379999997029,0,890,7120
15,0.49523809523809526,6,0.5,600,52.34162539551756,0.038655399999925066,0,1558,12464
15,0.49523809523809526,6,0.5,1000,52.44924423834237,0.039151600000195685,0,1558,12464
15,0.49523809523809526,6,0.5,1400,53.57533941787878,0.04004140000006373,8192,1558,12464
15,0.49523809523809526,6,1.0,600,68.49350161079332,0.038314300000138246,0,898,7184
15,0.49523809523809526,6,1.0,1000,73.11889970441459,0.03831379999996898,0,898,7184
15,0.49523809523809526,6,1.0,1400,73.81042053442201,0.039409700000078374,0,898,7184
15,0.49523809523809526,6,1.0,600,48.07517921810943,0.038192999999864696,0,1174,9392
15,0.49523809523809526,6,1.0,1000,43.981661262658996,0.0427766000000247,0,1174,9392
15,0.49523809523809526,6,1.0,1400,44.07703623244253,0.04033469999990302,0,1174,9392
15,0.49523809523809526,6,1.0,600,48.50486282924755,0.039731899999878806,0,802,6416
15,0.49523809523809526,6,1.0,1000,49.775388173829214,0.03701169999999365,0,802,6416
15,0.49523809523809526,6,1.0,1400,51.39231460430719,0.04716359999997621,0,802,6416
15,0.49523809523809526,6,1.0,600,58.2992130152334,0.03756300000009105,0,890,7120
15,0.49523809523809526,6,1.0,1000,55.775710804976384,0.03835130000015852,12288,890,7120
15,0.49523809523809526,6,1.0,1400,54.39032087392526,0.03866450000009536,0,890,7120
15,0.49523809523809526,6,1.0,600,61.68162023253946,0.03898550000008072,0,1558,12464
15,0.49523809523809526,6,1.0,1000,62.5045106615985,0.03812240000002021,0,1558,12464
15,0.49523809523809526,6,1.0,1400,62.65081914881528,0.037986499999988155,4096,1558,12464
15,0.49523809523809526,6,5.0,600,60.70288491662643,0.03679749999992055,36864,898,7184
15,0.49523809523809526,6,5.0,1000,65.50700981834683,0.038424999999961074,16384,898,7184
15,0.49523809523809526,6,5.0,1400,66.14786425661704,0.03855999999996129,4096,898,7184
15,0.49523809523809526,6,5.0,600,50.34801600346882,0.03774999999995998,4096,1174,9392
15,0.49523809523809526,6,5.0,1000,47.81809706852892,0.04197829999998248,4096,1174,9392
15,0.49523809523809526,6,5.0,1400,47.984728541900495,0.03829940000014176,0,1174,9392
15,0.49523809523809526,6,5.0,600,65.59436371601497,0.03738440000006449,0,802,6416
15,0.49523809523809526,6,5.0,1000,64.2439914878437,0.0380804999999782,0,802,6416
15,0.49523809523809526,6,5.0,1400,64.32178452663948,0.0386602999999468,0,802,6416
15,0.49523809523809526,6,5.0,600,57.08466704473735,0.04151000000001659,0,890,7120
15,0.49523809523809526,6,5.0,1000,71.88182117820683,0.03959579999991547,0,890,7120
15,0.49523809523809526,6,5.0,1400,72.30682528538874,0.03953249999995023,0,890,7120
15,0.49523809523809526,6,5.0,600,61.685090882787925,0.04223950000005061,0,1558,12464
15,0.49523809523809526,6,5.0,1000,62.515511395996505,0.03850219999981164,0,1558,12464
15,0.49523809523809526,6,5.0,1400,62.660662305437796,0.040048999999953594,0,1558,12464
15,0.13333333333333333,8,0.1,600,0.013819900416052971,0.025218699999868477,0,58,464
15,0.13333333333333333,8,0.1,1000,0.012183604413067291,0.025907100000040373,0,58,464
15,0.13333333333333333,8,0.1,1400,0.004281518136000317,0.027016100000082588,0,58,464
15,0.13333333333333333,8,0.1,600,0.10669947337986968,0.02515310000012505,0,58,464
15,0.13333333333333333,8,0.1,1000,0.01599267814521068,0.0243579000000409,0,58,464
15,0.13333333333333333,8,0.1,1400,0.02382348687618794,0.02452210000001287,0,58,464
15,0.13333333333333333,8,0.1,600,0.013900863738062805,0.02751130000001467,0,58,464
15,0.13333333333333333,8,0.1,1000,0.010115435574279146,0.025639899999987392,0,58,464
15,0.13333333333333333,8,0.1,1400,0.00710428456031657,0.026665500000035536,0,58,464
15,0.13333333333333333,8,0.1,600,0.007638731964373817,0.02545759999998154,0,58,464
15,0.13333333333333333,8,0.1,1000,0.006667141886937749,0.026248500000065178,0,58,464
15,0.13333333333333333,8,0.1,1400,0.006730763332953035,0.024758199999951103,0,58,464
15,0.13333333333333333,8,0.1,600,0.11853915001192065,0.02648389999990286,0,58,464
15,0.13333333333333333,8,0.1,1000,0.0966533213932617,0.027332800000067436,0,58,464
15,0.13333333333333333,8,0.1,1400,0.07312685339658963,0.024953199999799835,0,58,464
15,0.13333333333333333,8,0.5,600,107.19584469089187,0.024433000000044558,0,58,464
15,0.13333333333333333,8,0.5,1000,105.97308019612585,0.037981500000114465,0,58,464
15,0.13333333333333333,8,0.5,1400,101.40950557457849,0.031246599999803948,0,58,464
15,0.13333333333333333,8,0.5,600,54.18936240766668,0.024484399999892048,0,58,464
15,0.13333333333333333,8,0.5,1000,53.62463095510206,0.02765610000005836,0,58,464
15,0.13333333333333333,8,0.5,1400,146.1562352788319,0.028605799999922965,0,58,464
15,0.13333333333333333,8,0.5,600,116.77143878667741,0.024901199999931123,0,58,464
15,0.13333333333333333,8,0.5,1000,116.99931816369235,0.026290800000197123,0,58,464
15,0.13333333333333333,8,0.5,1400,117.34850051007402,0.026115899999922476,0,58,464
15,0.13333333333333333,8,0.5,600,81.1618042345356,0.023482999999941967,0,58,464
15,0.13333333333333333,8,0.5,1000,80.87836771765915,0.026379300000144212,0,58,464
15,0.13333333333333333,8,0.5,1400,80.62230497132533,0.02373049999982868,0,58,464
15,0.13333333333333333,8,0.5,600,143.5256399925718,0.02468629999998484,0,58,464
15,0.13333333333333333,8,0.5,1000,123.91240667324634,0.02661620000003495,0,58,464
15,0.13333333333333333,8,0.5,1400,122.89761382021028,0.024657599999954982,0,58,464
15,0.13333333333333333,8,1.0,600,128.6803473015066,0.024631300000010015,0,58,464
15,0.13333333333333333,8,1.0,1000,128.37983619116892,0.02626630000008845,0,58,464
15,0.13333333333333333,8,1.0,1400,128.03926557143978,0.024532599999929516,0,58,464
15,0.13333333333333333,8,1.0,600,133.13543068682938,0.026765100000147868,0,58,464
15,0.13333333333333333,8,1.0,1000,130.4419452977964,0.025135900000123,0,58,464
15,0.13333333333333333,8,1.0,1400,132.04723169769682,0.02521880000017518,0,58,464
15,0.13333333333333333,8,1.0,600,65.69630082722932,0.025681400000166832,0,58,464
15,0.13333333333333333,8,1.0,1000,65.94310921455596,0.024380300000075295,0,58,464
15,0.13333333333333333,8,1.0,1400,66.29350930490031,0.024354399999992893,0,58,464
15,0.13333333333333333,8,1.0,600,76.78478054299792,0.02511040000013054,0,58,464
15,0.13333333333333333,8,1.0,1000,76.64661233666469,0.023837499999899592,0,58,464
15,0.13333333333333333,8,1.0,1400,76.73902480923493,0.024576800000204457,0,58,464
15,0.13333333333333333,8,1.0,600,143.52218006590718,0.024952299999995375,0,58,464
15,0.13333333333333333,8,1.0,1000,142.05790154173212,0.02627529999995204,0,58,464
15,0.13333333333333333,8,1.0,1400,137.5764244745486,0.0253055000000586,0,58,464
15,0.13333333333333333,8,5.0,600,92.14053738006622,0.0249992999999904,0,58,464
15,0.13333333333333333,8,5.0,1000,91.71289484440159,0.02594490000001315,0,58,464
15,0.13333333333333333,8,5.0,1400,82.8814932637607,0.026100099999894155,0,58,464
15,0.13333333333333333,8,5.0,600,96.41067369635314,0.024707000000034895,0,58,464
15,0.13333333333333333,8,5.0,1000,88.35677660589926,0.026549500000101034,0,58,464
15,0.13333333333333333,8,5.0,1400,111.16699289403036,0.02579050000008465,0,58,464
15,0.13333333333333333,8,5.0,600,82.55224704212836,0.023182199999837394,0,58,464
15,0.13333333333333333,8,5.0,1000,82.83373913025683,0.025189299999965442,0,58,464
15,0.13333333333333333,8,5.0,1400,83.09324050177068,0.024329099999931714,0,58,464
15,0.13333333333333333,8,5.0,600,97.72672662594455,0.023032699999930628,0,58,464
15,0.13333333333333333,8,5.0,1000,97.91236958580843,0.02355659999989257,0,58,464
15,0.13333333333333333,8,5.0,1400,98.02949009710785,0.024322600000004968,0,58,464
15,0.13333333333333333,8,5.0,600,86.8420175761221,0.025204799999983152,0,58,464
15,0.13333333333333333,8,5.0,1000,83.5314287555899,0.024004099999956452,0,58,464
15,0.13333333333333333,8,5.0,1400,80.8263848719415,0.02599469999995563,0,58,464
15,0.13333333333333333,8,0.1,600,0.013819900416052971,0.02519769999980781,0,58,464
15,0.13333333333333333,8,0.1,1000,0.012183604413067291,0.024419999999963693,0,58,464
15,0.13333333333333333,8,0.1,1400,0.004281518136000317,0.02473140000006424,0,58,464
15,0.13333333333333333,8,0.1,600,0.10669947337986968,0.02419999999983702,0,58,464
15,0.13333333333333333,8,0.1,1000,0.01599267814521068,0.025082899999915753,0,58,464
15,0.13333333333333333,8,0.1,1400,0.02382348687618794,0.02452990000006139,0,58,464
15,0.13333333333333333,8,0.1,600,0.013900863738062805,0.02529200000003584,0,58,464
15,0.13333333333333333,8,0.1,1000,0.010115435574279146,0.025641000000177883,0,58,464
15,0.13333333333333333,8,0.1,1400,0.00710428456031657,0.026197299999921597,0,58,464
15,0.13333333333333333,8,0.1,600,0.007638731964373817,0.030015299999831768,0,58,464
15,0.13333333333333333,8,0.1,1000,0.006667141886937749,0.026871499999970183,0,58,464
15,0.13333333333333333,8,0.1,1400,0.006730763332953035,0.02946339999994052,0,58,464
15,0.13333333333333333,8,0.1,600,0.11853915001192065,0.0239118999998027,0,58,464
15,0.13333333333333333,8,0.1,1000,0.0966533213932617,0.02631629999996221,0,58,464
15,0.13333333333333333,8,0.1,1400,0.07312685339658963,0.02416599999992286,0,58,464
15,0.13333333333333333,8,0.5,600,107.19584469089187,0.023867500000051223,0,58,464
15,0.13333333333333333,8,0.5,1000,105.97308019612585,0.02398029999994833,0,58,464
15,0.13333333333333333,8,0.5,1400,101.40950557457849,0.024716800000078365,0,58,464
15,0.13333333333333333,8,0.5,600,54.18936240766668,0.02481749999992644,0,58,464
15,0.13333333333333333,8,0.5,1000,53.62463095510206,0.024822200000016892,0,58,464
15,0.13333333333333333,8,0.5,1400,146.1562352788319,0.03272830000014437,0,58,464
15,0.13333333333333333,8,0.5,600,116.77143878667741,0.025498099999822443,0,58,464
15,0.13333333333333333,8,0.5,1000,116.99931816369235,0.02685709999991559,0,58,464
15,0.13333333333333333,8,0.5,1400,117.34850051007402,0.023463799999944968,0,58,464
15,0.13333333333333333,8,0.5,600,81.1618042345356,0.02344349999998485,0,58,464
15,0.13333333333333333,8,0.5,1000,80.87836771765915,0.023784400000067762,0,58,464
15,0.13333333333333333,8,0.5,1400,80.62230497132533,0.024000799999839728,0,58,464
15,0.13333333333333333,8,0.5,600,143.5256399925718,0.024138300000004165,0,58,464
15,0.13333333333333333,8,0.5,1000,123.91240667324634,0.029365899999902467,0,58,464
15,0.13333333333333333,8,0.5,1400,122.89761382021028,0.0249416999999994,0,58,464
15,0.13333333333333333,8,1.0,600,128.6803473015066,0.025239399999918533,0,58,464
15,0.13333333333333333,8,1.0,1000,128.37983619116892,0.02502079999999296,0,58,464
15,0.13333333333333333,8,1.0,1400,128.03926557143978,0.024415900000121837,0,58,464
15,0.13333333333333333,8,1.0,600,133.13543068682938,0.024961399999938294,0,58,464
15,0.13333333333333333,8,1.0,1000,130.4419452977964,0.02954690000001392,0,58,464
15,0.13333333333333333,8,1.0,1400,132.04723169769682,0.02813109999988228,0,58,464
15,0.13333333333333333,8,1.0,600,65.69630082722932,0.023265999999921405,0,58,464
15,0.13333333333333333,8,1.0,1000,65.94310921455596,0.033701999999948384,0,58,464
15,0.13333333333333333,8,1.0,1400,66.29350930490031,0.024089499999945474,0,58,464
15,0.13333333333333333,8,1.0,600,76.78478054299792,0.02351079999993999,0,58,464
15,0.13333333333333333,8,1.0,1000,76.64661233666469,0.02468270000008488,0,58,464
15,0.13333333333333333,8,1.0,1400,76.73902480923493,0.02319889999989755,0,58,464
15,0.13333333333333333,8,1.0,600,143.52218006590718,0.02396580000004178,0,58,464
15,0.13333333333333333,8,1.0,1000,142.05790154173212,0.02506970000013098,0,58,464
15,0.13333333333333333,8,1.0,1400,137.5764244745486,0.02542249999987689,0,58,464
15,0.13333333333333333,8,5.0,600,92.14053738006622,0.024322299999994357,0,58,464
15,0.13333333333333333,8,5.0,1000,91.71289484440159,0.024824399999943125,0,58,464
15,0.13333333333333333,8,5.0,1400,82.8814932637607,0.02521060000003672,0,58,464
15,0.13333333333333333,8,5.0,600,96.41067369635314,0.02512479999995776,0,58,464
15,0.13333333333333333,8,5.0,1000,88.35677660589926,0.024362299999893366,0,58,464
15,0.13333333333333333,8,5.0,1400,111.16699289403036,0.025311000000101558,0,58,464
15,0.13333333333333333,8,5.0,600,82.55224704212836,0.024547200000142766,0,58,464
15,0.13333333333333333,8,5.0,1000,82.83373913025683,0.023949600000150895,0,58,464
15,0.13333333333333333,8,5.0,1400,83.09324050177068,0.023934300000064468,0,58,464
15,0.13333333333333333,8,5.0,600,97.72672662594455,0.02397530000007464,0,58,464
15,0.13333333333333333,8,5.0,1000,97.91236958580843,0.024313200000051438,0,58,464
15,0.13333333333333333,8,5.0,1400,98.02949009710785,0.02310599999987062,0,58,464
15,0.13333333333333333,8,5.0,600,86.8420175761221,0.025804099999959362,0,58,464
15,0.13333333333333333,8,5.0,1000,83.5314287555899,0.025319600000102582,0,58,464
15,0.13333333333333333,8,5.0,1400,80.8263848719415,0.025079699999878358,0,58,464
15,0.14285714285714285,8,0.1,600,17.257840253009473,0.025253099999872575,0,62,496
15,0.14285714285714285,8,0.1,1000,17.256203957006488,0.025064700000029916,0,62,496
15,0.14285714285714285,8,0.1,1400,17.248301870729417,0.025831299999936164,0,62,496
15,0.14285714285714285,8,0.1,600,40.43628302240573,0.026490100000046368,0,62,496
15,0.14285714285714285,8,0.1,1000,30.566210840333696,0.02472459999989951,0,62,496
15,0.14285714285714285,8,0.1,1400,30.70429565960248,0.025310100000069724,0,62,496
15,0.14285714285714285,8,0.1,600,0.24217919948995278,0.025478499999962878,0,62,496
15,0.14285714285714285,8,0.1,1000,0.24399172194850935,0.024420599999984915,0,62,496
15,0.14285714285714285,8,0.1,1400,0.2513787110410777,0.027188100000103077,0,62,496
15,0.14285714285714285,8,0.1,600,10.009145787699135,0.024890700000014476,0,62,496
15,0.14285714285714285,8,0.1,1000,10.031049814014608,0.02387359999988803,0,62,496
15,0.14285714285714285,8,0.1,1400,10.031017275581183,0.024113299999953597,0,62,496
15,0.14285714285714285,8,0.1,600,28.848255288241305,0.02462480000008327,0,62,496
15,0.14285714285714285,8,0.1,1000,28.827377597598183,0.026686100000006263,0,62,496
15,0.14285714285714285,8,0.1,1400,28.827635888594756,0.026011899999957677,0,62,496
15,0.14285714285714285,8,0.5,600,109.40156897118464,0.026188999999931184,0,62,496
15,0.14285714285714285,8,0.5,1000,108.17880447641858,0.026955099999895538,0,62,496
15,0.14285714285714285,8,0.5,1400,103.61522985487126,0.024057500000026266,0,62,496
15,0.14285714285714285,8,0.5,600,50.8970639536418,0.024423100000149134,0,62,496
15,0.14285714285714285,8,0.5,1000,50.31531081397765,0.025631800000155636,0,62,496
15,0.14285714285714285,8,0.5,1400,150.31167658508323,0.02436859999988883,0,62,496
15,0.14285714285714285,8,0.5,600,117.67080717445607,0.024245699999937642,0,62,496
15,0.14285714285714285,8,0.5,1000,117.90988686632035,0.025163800000200354,0,62,496
15,0.14285714285714285,8,0.5,1400,118.2424681566256,0.02473280000003797,0,62,496
15,0.14285714285714285,8,0.5,600,86.28628868814846,0.024603899999874557,0,62,496
15,0.14285714285714285,8,0.5,1000,86.01188811028473,0.024700599999960104,0,62,496
15,0.14285714285714285,8,0.5,1400,85.75630059549522,0.025166099999978542,0,62,496
15,0.14285714285714285,8,0.5,600,125.15602132650393,0.02502720000006775,0,62,496
15,0.14285714285714285,8,0.5,1000,105.49444171497638,0.025081799999952636,0,62,496
15,0.14285714285714285,8,0.5,1400,105.77650867962404,0.0267837999999756,0,62,496
15,0.14285714285714285,8,1.0,600,125.39901894047858,0.02465570000003936,0,62,496
15,0.14285714285714285,8,1.0,1000,125.09850783014087,0.025866700000051424,0,62,496
15,0.14285714285714285,8,1.0,1400,124.75793721041174,0.024625300000025163,0,62,496
15,0.14285714285714285,8,1.0,600,131.38414493177157,0.025697999999920285,0,62,496
15,0.14285714285714285,8,1.0,1000,129.22737728275104,0.02551610000000437,0,62,496
15,0.14285714285714285,8,1.0,1400,130.23477400197473,0.025343000000020766,0,62,496
15,0.14285714285714285,8,1.0,600,64.8978082070309,0.025161900000057358,0,62,496
15,0.14285714285714285,8,1.0,1000,65.1712252968595,0.025313500000038403,0,62,496
15,0.14285714285714285,8,1.0,1400,65.51342900152733,0.026305200000024342,0,62,496
15,0.14285714285714285,8,1.0,600,76.02259021649499,0.023948399999881076,0,62,496
15,0.14285714285714285,8,1.0,1000,76.90055902705951,0.02364550000015697,0,62,496
15,0.14285714285714285,8,1.0,1400,77.00216160001361,0.02506060000018806,0,62,496
15,0.14285714285714285,8,1.0,600,130.15310572994738,0.024301400000013018,0,62,496
15,0.14285714285714285,8,1.0,1000,128.669796767437,0.025173100000074555,0,62,496
15,0.14285714285714285,8,1.0,1400,115.2615286523335,0.024712299999919196,0,62,496
15,0.14285714285714285,8,5.0,600,91.6925480905708,0.028059700000085286,0,62,496
15,0.14285714285714285,8,5.0,1000,91.26490555490616,0.025625500000160173,0,62,496
15,0.14285714285714285,8,5.0,1400,82.43350397426528,0.026089400000046226,0,62,496
15,0.14285714285714285,8,5.0,600,94.03343634945507,0.024399099999982354,0,62,496
15,0.14285714285714285,8,5.0,1000,90.73354594292925,0.02807000000007065,0,62,496
15,0.14285714285714285,8,5.0,1400,109.74266497796485,0.027657200000021476,0,62,496
15,0.14285714285714285,8,5.0,600,87.09081902037727,0.029306500000075175,0,62,496
15,0.14285714285714285,8,5.0,1000,87.39550338689516,0.025779800000009345,0,62,496
15,0.14285714285714285,8,5.0,1400,87.6837244407741,0.026780299999927593,0,62,496
15,0.14285714285714285,8,5.0,600,95.35932428014185,0.024078500000086933,0,62,496
15,0.14285714285714285,8,5.0,1000,99.93625843493899,0.02582599999982449,0,62,496
15,0.14285714285714285,8,5.0,1400,100.06229277091481,0.024115700000038487,0,62,496
15,0.14285714285714285,8,5.0,600,92.36086271514057,0.023708199999873614,0,62,496
15,0.14285714285714285,8,5.0,1000,89.04068643591697,0.024116900000080932,0,62,496
15,0.14285714285714285,8,5.0,1400,86.54825255131432,0.024905799999942246,0,62,496
15,0.19047619047619047,8,0.1,600,53.128751748538754,0.03320979999989504,0,82,656
15,0.19047619047619047,8,0.1,1000,51.62142936439752,0.026662099999839484,0,82,656
15,0.19047619047619047,8,0.1,1400,51.716981506802156,0.026906099999905564,0,82,656
15,0.19047619047619047,8,0.1,600,44.00851633567273,0.02708159999997406,0,82,656
15,0.19047619047619047,8,0.1,1000,44.12683766687291,0.02944789999992281,0,82,656
15,0.19047619047619047,8,0.1,1400,44.254348310021086,0.026579999999967185,0,82,656
15,0.19047619047619047,8,0.1,600,3.0509672924099647,0.02634689999990769,0,90,720
15,0.19047619047619047,8,0.1,1000,2.9930311033414845,0.026383399999986068,0,90,720
15,0.19047619047619047,8,0.1,1400,3.0027286913972424,0.026683000000048196,0,90,720
15,0.19047619047619047,8,0.1,600,18.985800983690336,0.02515969999990375,0,94,752
15,0.19047619047619047,8,0.1,1000,18.983910758682615,0.024895400000104928,0,94,752
15,0.19047619047619047,8,0.1,1400,18.988009994993817,0.025729599999976926,0,94,752
15,0.19047619047619047,8,0.1,600,112.80941465040524,0.026466400000117574,0,90,720
15,0.19047619047619047,8,0.1,1000,112.80789916342141,0.02666629999998804,0,90,720
15,0.19047619047619047,8,0.1,1400,112.78115579287768,0.02814400000011119,0,90,720
15,0.19047619047619047,8,0.5,600,59.2882945331087,0.02646649999996953,0,82,656
15,0.19047619047619047,8,0.5,1000,59.204196640268364,0.02596670000002632,0,82,656
15,0.19047619047619047,8,0.5,1400,53.36227745435195,0.026503000000047905,0,82,656
15,0.19047619047619047,8,0.5,600,45.785652636679934,0.026214099999833707,0,82,656
15,0.19047619047619047,8,0.5,1000,45.70206164734679,0.032837200000130906,0,82,656
15,0.19047619047619047,8,0.5,1400,87.88631757527156,0.028327199999921504,0,82,656
15,0.19047619047619047,8,0.5,600,101.75547202075795,0.027944099999785976,0,90,720
15,0.19047619047619047,8,0.5,1000,102.10876715244437,0.026356899999882444,0,90,720
15,0.19047619047619047,8,0.5,1400,102.37161344883093,0.026806300000089323,0,90,720
15,0.19047619047619047,8,0.5,600,77.31696051773743,0.025545700000066063,0,94,752
15,0.19047619047619047,8,0.5,1000,77.62967678647709,0.02587319999997817,0,94,752
15,0.19047619047619047,8,0.5,1400,77.45210444708408,0.02735179999990578,0,94,752
15,0.19047619047619047,8,0.5,600,116.33428950180938,0.02869919999989179,0,90,720
15,0.19047619047619047,8,0.5,1000,96.81004981721428,0.02679230000012467,0,90,720
15,0.19047619047619047,8,0.5,1400,91.99722088618043,0.026905400000032387,0,90,720
15,0.19047619047619047,8,1.0,600,83.01013636792037,0.027032499999904758,0,82,656
15,0.19047619047619047,8,1.0,1000,82.63298275931811,0.027334300000120493,0,82,656
15,0.19047619047619047,8,1.0,1400,82.58041573264248,0.02899969999998575,0,82,656
15,0.19047619047619047,8,1.0,600,113.13162068280457,0.027339299999994182,0,82,656
15,0.19047619047619047,8,1.0,1000,111.08583499566363,0.03020209999999679,0,82,656
15,0.19047619047619047,8,1.0,1400,110.26101792838229,0.026372000000037588,0,82,656
15,0.19047619047619047,8,1.0,600,60.67529772420486,0.026217999999971653,4096,90,720
15,0.19047619047619047,8,1.0,1000,60.93687323899256,0.02678139999989071,8192,90,720
15,0.19047619047619047,8,1.0,1400,61.19716530934442,0.026384699999880468,0,90,720
15,0.19047619047619047,8,1.0,600,65.26995814044206,0.025012600000081875,4096,94,752
15,0.19047619047619047,8,1.0,1000,70.7002027608337,0.025992699999960678,16384,94,752
15,0.19047619047619047,8,1.0,1400,79.88914358196227,0.02644600000007813,16384,94,752
15,0.19047619047619047,8,1.0,600,101.80492929993213,0.02855749999980617,0,90,720
15,0.19047619047619047,8,1.0,1000,100.54947142949989,0.026842399999850386,24576,90,720
15,0.19047619047619047,8,1.0,1400,87.29423635302963,0.03142300000013165,28672,90,720
15,0.19047619047619047,8,5.0,600,87.10085364881871,0.028131700000130877,0,82,656
15,0.19047619047619047,8,5.0,1000,86.79919180429975,0.026358799999798066,0,82,656
15,0.19047619047619047,8,5.0,1400,82.48555535491391,0.027713400000038746,0,82,656
15,0.19047619047619047,8,5.0,600,74.98814372572245,0.027476900000010573,0,82,656
15,0.19047619047619047,8,5.0,1000,73.0456868415411,0.02816090000010263,0,82,656
15,0.19047619047619047,8,5.0,1400,84.98059978345107,0.02941370000007737,0,82,656
15,0.19047619047619047,8,5.0,600,78.94325635871596,0.02746700000011515,0,90,720
15,0.19047619047619047,8,5.0,1000,79.35668032420766,0.02840450000007877,0,90,720
15,0.19047619047619047,8,5.0,1400,79.64485602467481,0.026693799999975454,0,90,720
15,0.19047619047619047,8,5.0,600,85.30424332239703,0.027189700000008088,0,94,752
15,0.19047619047619047,8,5.0,1000,88.28190498529624,0.025380000000041036,0,94,752
15,0.19047619047619047,8,5.0,1400,88.96976486618536,0.025219399999969028,0,94,752
15,0.19047619047619047,8,5.0,600,74.72156349285657,0.026304100000061226,0,90,720
15,0.19047619047619047,8,5.0,1000,72.96238417361653,0.02666640000006737,0,90,720
15,0.19047619047619047,8,5.0,1400,71.81081623977185,0.030054899999868212,0,90,720
15,0.29523809523809524,8,0.1,600,79.64801865191058,0.03021929999999884,0,170,1360
15,0.29523809523809524,8,0.1,1000,88.19071738068236,0.031272100000023784,0,170,1360
15,0.29523809523809524,8,0.1,1400,88.45226757306662,0.031706399999848145,0,170,1360
15,0.29523809523809524,8,0.1,600,80.7902651483994,0.029957899999999427,0,186,1488
15,0.29523809523809524,8,0.1,1000,80.7455755772821,0.029457500000034997,0,186,1488
15,0.29523809523809524,8,0.1,1400,81.16375629441696,0.030063899999959176,0,186,1488
15,0.29523809523809524,8,0.1,600,34.08423080763222,0.02948959999980616,0,178,1424
15,0.29523809523809524,8,0.1,1000,34.17145761731021,0.03115709999997307,0,178,1424
15,0.29523809523809524,8,0.1,1400,34.38025410169104,0.03024809999988065,0,178,1424
15,0.29523809523809524,8,0.1,600,63.86145969765725,0.029998699999850942,0,182,1456
15,0.29523809523809524,8,0.1,1000,64.65049249580237,0.029094200000145065,0,182,1456
15,0.29523809523809524,8,0.1,1400,64.72328347957395,0.028460900000027323,0,182,1456
15,0.29523809523809524,8,0.1,600,90.63253154498052,0.04150119999985691,0,162,1296
15,0.29523809523809524,8,0.1,1000,90.64583357952212,0.0322088000000349,0,162,1296
15,0.29523809523809524,8,0.1,1400,88.19732578034564,0.030268599999999424,0,162,1296
15,0.29523809523809524,8,0.5,600,78.05212931621072,0.029436000000032436,0,170,1360
15,0.29523809523809524,8,0.5,1000,79.65250066304347,0.030509899999970003,0,170,1360
15,0.29523809523809524,8,0.5,1400,73.80384047600182,0.036420399999997244,0,170,1360
15,0.29523809523809524,8,0.5,600,40.078735301600766,0.031083999999964362,0,186,1488
15,0.29523809523809524,8,0.5,1000,39.73396500597397,0.03064089999998032,0,186,1488
15,0.29523809523809524,8,0.5,1400,66.11202480446327,0.030269000000089363,0,186,1488
15,0.29523809523809524,8,0.5,600,94.27285745331385,0.031129699999837612,4096,178,1424
15,0.29523809523809524,8,0.5,1000,94.45613726016234,0.02940160000002834,0,178,1424
15,0.29523809523809524,8,0.5,1400,94.63879628217458,0.02918750000003456,24576,178,1424
15,0.29523809523809524,8,0.5,600,73.84443085574596,0.028998900000033245,0,182,1456
15,0.29523809523809524,8,0.5,1000,77.73517269740897,0.027709599999980128,0,182,1456
15,0.29523809523809524,8,0.5,1400,79.1089035260782,0.028390999999828637,0,182,1456
15,0.29523809523809524,8,0.5,600,77.07019769825207,0.02920270000004166,0,162,1296
15,0.29523809523809524,8,0.5,1000,67.30172579917263,0.03339619999997012,0,162,1296
15,0.29523809523809524,8,0.5,1400,64.6465952352053,0.03159329999994043,0,162,1296
15,0.29523809523809524,8,1.0,600,60.95785037078143,0.030104100000016842,0,170,1360
15,0.29523809523809524,8,1.0,1000,66.18743161953971,0.030902299999979732,0,170,1360
15,0.29523809523809524,8,1.0,1400,66.16499095536246,0.03071860000000015,0,170,1360
15,0.29523809523809524,8,1.0,600,92.06341168531037,0.03036130000009507,0,186,1488
15,0.29523809523809524,8,1.0,1000,85.56916280277764,0.029628399999864996,0,186,1488
15,0.29523809523809524,8,1.0,1400,84.00809119424811,0.03127300000005562,0,186,1488
15,0.29523809523809524,8,1.0,600,61.420701459325954,0.03017960000011044,0,178,1424
15,0.29523809523809524,8,1.0,1000,58.402584690223286,0.032983500000000276,0,178,1424
15,0.29523809523809524,8,1.0,1400,58.48851260779329,0.029650700000047436,0,178,1424
15,0.29523809523809524,8,1.0,600,89.77583107502461,0.029206599999952232,0,182,1456
15,0.29523809523809524,8,1.0,1000,89.97606274210261,0.0290784999999687,0,182,1456
15,0.29523809523809524,8,1.0,1400,97.6559117290569,0.03016750000006141,0,182,1456
15,0.29523809523809524,8,1.0,600,80.35386963754034,0.029459200000019337,0,162,1296
15,0.29523809523809524,8,1.0,1000,78.97304726174686,0.030700300000034986,0,162,1296
15,0.29523809523809524,8,1.0,1400,69.53145793684432,0.03012100000000828,0,162,1296
15,0.29523809523809524,8,5.0,600,62.37602448352112,0.030439899999919362,0,170,1360
15,0.29523809523809524,8,5.0,1000,63.451382879003106,0.02995350000014696,0,170,1360
15,0.29523809523809524,8,5.0,1400,59.263086626091486,0.03107430000000022,0,170,1360
15,0.29523809523809524,8,5.0,600,61.45021375507351,0.02968050000004041,0,186,1488
15,0.29523809523809524,8,5.0,1000,56.63405369315411,0.03004020000003038,0,186,1488
15,0.29523809523809524,8,5.0,1400,74.5510892417663,0.03032600000005914,0,186,1488
15,0.29523809523809524,8,5.0,600,75.20811636391855,0.02962729999990188,0,178,1424
15,0.29523809523809524,8,5.0,1000,74.48162200921718,0.030516199999965465,0,178,1424
15,0.29523809523809524,8,5.0,1400,74.60826126760638,0.030024000000139495,0,178,1424
15,0.29523809523809524,8,5.0,600,87.54844477511128,0.03087849999997161,0,182,1456
15,0.29523809523809524,8,5.0,1000,89.49524461910683,0.03157620000001771,0,182,1456
15,0.29523809523809524,8,5.0,1400,91.87510182053093,0.03009329999986221,4096,182,1456
15,0.29523809523809524,8,5.0,600,53.6382156545273,0.030777500000112923,0,162,1296
15,0.29523809523809524,8,5.0,1000,52.69236078525882,0.031130999999959386,0,162,1296
15,0.29523809523809524,8,5.0,1400,51.828767414755724,0.03055010000002767,28672,162,1296
15,0.3904761904761905,8,0.1,600,79.19933931280758,0.03374829999984286,0,422,3376
15,0.3904761904761905,8,0.1,1000,78.6096444914117,0.03276400000004287,0,422,3376
15,0.3904761904761905,8,0.1,1400,78.9473905291477,0.03330649999998059,0,422,3376
15,0.3904761904761905,8,0.1,600,31.267372956381973,0.03291990000002443,0,474,3792
15,0.3904761904761905,8,0.1,1000,31.100248815539643,0.032657699999845136,0,474,3792
15,0.3904761904761905,8,0.1,1400,31.123276445231312,0.03327129999979661,0,474,3792
15,0.3904761904761905,8,0.1,600,35.900109971853965,0.033901199999945675,0,370,2960
15,0.3904761904761905,8,0.1,1000,36.11230591352074,0.034648300000071686,0,370,2960
15,0.3904761904761905,8,0.1,1400,36.23330541089896,0.0335135000000264,0,370,2960
15,0.3904761904761905,8,0.1,600,114.46925168516177,0.033556999999973414,0,314,2512
15,0.3904761904761905,8,0.1,1000,115.94028856234404,0.03287460000001374,0,314,2512
15,0.3904761904761905,8,0.1,1400,115.93834807574835,0.03410869999993338,0,314,2512
15,0.3904761904761905,8,0.1,600,87.22117187641496,0.03378440000005867,0,342,2736
15,0.3904761904761905,8,0.1,1000,87.23451713006457,0.03438799999980802,0,342,2736
15,0.3904761904761905,8,0.1,1400,87.23034189422623,0.033347999999932654,0,342,2736
15,0.3904761904761905,8,0.5,600,57.625103311050616,0.034290600000076665,0,422,3376
15,0.3904761904761905,8,0.5,1000,57.61574602432638,0.03581690000009985,0,422,3376
15,0.3904761904761905,8,0.5,1400,49.51446617346927,0.03423479999992196,0,422,3376
15,0.3904761904761905,8,0.5,600,34.690400474618166,0.033980299999939234,0,474,3792
15,0.3904761904761905,8,0.5,1000,34.39982915101837,0.03415780000000268,0,474,3792
15,0.3904761904761905,8,0.5,1400,61.98321002260783,0.03463370000008581,0,474,3792
15,0.3904761904761905,8,0.5,600,105.81553975212248,0.033635400000093796,0,370,2960
15,0.3904761904761905,8,0.5,1000,105.97199611114218,0.03375909999999749,0,370,2960
15,0.3904761904761905,8,0.5,1400,106.10593804879414,0.034602799999902345,0,370,2960
15,0.3904761904761905,8,0.5,600,80.19816478308631,0.03248809999990954,0,314,2512
15,0.3904761904761905,8,0.5,1000,81.61416891340349,0.032659699999840086,0,314,2512
15,0.3904761904761905,8,0.5,1400,81.86162053109949,0.03516429999990578,0,314,2512
15,0.3904761904761905,8,0.5,600,74.1756669943342,0.032755100000031234,0,342,2736
15,0.3904761904761905,8,0.5,1000,69.2299966230318,0.0328269999999975,0,342,2736
15,0.3904761904761905,8,0.5,1400,63.972844605495766,0.03386189999991984,0,342,2736
15,0.3904761904761905,8,1.0,600,43.30884888043613,0.033960699999852295,0,422,3376
15,0.3904761904761905,8,1.0,1000,43.54014379455388,0.035236200000099416,0,422,3376
15,0.3904761904761905,8,1.0,1400,43.4372321051244,0.035018699999909586,24576,422,3376
15,0.3904761904761905,8,1.0,600,82.22930698357656,0.03476829999999609,0,474,3792
15,0.3904761904761905,8,1.0,1000,77.1087925098966,0.03459760000009737,0,474,3792
15,0.3904761904761905,8,1.0,1400,78.29815273626077,0.03360889999999017,36864,474,3792
15,0.3904761904761905,8,1.0,600,62.9833645132927,0.033568699999932505,0,370,2960
15,0.3904761904761905,8,1.0,1000,62.948387814191335,0.04946620000009716,0,370,2960
15,0.3904761904761905,8,1.0,1400,63.10632282793142,0.033103700000083336,0,370,2960
15,0.3904761904761905,8,1.0,600,80.4918377237645,0.031560900000158654,0,314,2512
15,0.3904761904761905,8,1.0,1000,86.96120223845409,0.03661529999999402,0,314,2512
15,0.3904761904761905,8,1.0,1400,89.51886784580817,0.03295309999998608,0,314,2512
15,0.3904761904761905,8,1.0,600,64.49015106711322,0.04012050000005729,0,342,2736
15,0.3904761904761905,8,1.0,1000,63.52201828313993,0.03324259999999413,0,342,2736
15,0.3904761904761905,8,1.0,1400,62.259789686875685,0.036911700000018755,0,342,2736
15,0.3904761904761905,8,5.0,600,56.908724343294324,0.03514569999993,0,422,3376
15,0.3904761904761905,8,5.0,1000,57.18498282223002,0.03712859999995999,0,422,3376
15,0.3904761904761905,8,5.0,1400,54.913702113231274,0.03668200000015531,0,422,3376
15,0.3904761904761905,8,5.0,600,54.70087362931027,0.03336600000011458,0,474,3792
15,0.3904761904761905,8,5.0,1000,52.24742226069604,0.03405109999994238,0,474,3792
15,0.3904761904761905,8,5.0,1400,70.67358640386016,0.045528500000045824,0,474,3792
15,0.3904761904761905,8,5.0,600,64.90885011297063,0.034488799999962794,0,370,2960
15,0.3904761904761905,8,5.0,1000,64.28367389651365,0.037388700000065,0,370,2960
15,0.3904761904761905,8,5.0,1400,64.40465991794069,0.03437250000001768,0,370,2960
15,0.3904761904761905,8,5.0,600,74.27201286770618,0.035021500000084416,0,314,2512
15,0.3904761904761905,8,5.0,1000,77.99352173422324,0.037348099999917395,0,314,2512
15,0.3904761904761905,8,5.0,1400,79.7425226864153,0.033229300000130024,0,314,2512
15,0.3904761904761905,8,5.0,600,48.59830777826712,0.03507839999997486,0,342,2736
15,0.3904761904761905,8,5.0,1000,47.440791864659104,0.03334640000002764,0,342,2736
15,0.3904761904761905,8,5.0,1400,46.475485252314186,0.034079600000040955,0,342,2736
15,0.49523809523809526,8,0.1,600,62.73724908090199,0.04499209999994491,12288,2578,20624
15,0.49523809523809526,8,0.1,1000,62.74637511682068,0.04451500000004671,16384,2578,20624
15,0.49523809523809526,8,0.1,1400,62.7905041320774,0.044810999999981505,20480,2578,20624
15,0.49523809523809526,8,0.1,600,55.24327851556565,0.04091300000004594,0,1562,12496
15,0.49523809523809526,8,0.1,1000,55.15682803015351,0.042178800000101546,4096,1562,12496
15,0.49523809523809526,8,0.1,1400,55.183886272620526,0.04292329999998401,4096,1562,12496
15,0.49523809523809526,8,0.1,600,42.647755572642396,0.037594500000068365,0,842,6736
15,0.49523809523809526,8,0.1,1000,42.6930991436342,0.037851499999987936,4096,842,6736
15,0.49523809523809526,8,0.1,1400,42.813069257708044,0.03848779999998442,0,842,6736
15,0.49523809523809526,8,0.1,600,90.89775166430302,0.0413300000000163,40960,606,4848
15,0.49523809523809526,8,0.1,1000,91.05995721638665,0.05299880000006851,16384,606,4848
15,0.49523809523809526,8,0.1,1400,90.97559029976081,0.037299299999858704,0,606,4848
15,0.49523809523809526,8,0.1,600,61.58504524269657,0.039039799999954994,0,1150,9200
15,0.49523809523809526,8,0.1,1000,61.59087984372713,0.04166009999994458,0,1150,9200
15,0.49523809523809526,8,0.1,1400,61.59231013219685,0.04484339999999065,0,1150,9200
15,0.49523809523809526,8,0.5,600,41.96022827339133,0.048737699999946926,0,2578,20624
15,0.49523809523809526,8,0.5,1000,41.95498792496979,0.044838600000048245,0,2578,20624
15,0.49523809523809526,8,0.5,1400,39.12730240282173,0.043391000000156055,0,2578,20624
15,0.49523809523809526,8,0.5,600,35.545677575862896,0.04049920000011298,0,1562,12496
15,0.49523809523809526,8,0.5,1000,35.55750418860647,0.04981739999993806,0,1562,12496
15,0.49523809523809526,8,0.5,1400,62.831536002520146,0.039801899999929446,0,1562,12496
15,0.49523809523809526,8,0.5,600,90.07596777614523,0.03814020000004348,0,842,6736
15,0.49523809523809526,8,0.5,1000,90.2995818905088,0.046236500000077285,0,842,6736
15,0.49523809523809526,8,0.5,1400,90.43097747051947,0.04595089999997981,0,842,6736
15,0.49523809523809526,8,0.5,600,60.35555722285799,0.03902560000005906,0,606,4848
15,0.49523809523809526,8,0.5,1000,62.9547794306665,0.03673279999998158,0,606,4848
15,0.49523809523809526,8,0.5,1400,63.71370363684676,0.048124000000143496,0,606,4848
15,0.49523809523809526,8,0.5,600,70.62382277940331,0.04109709999988809,0,1150,9200
15,0.49523809523809526,8,0.5,1000,59.149832604506585,0.03984940000009374,0,1150,9200
15,0.49523809523809526,8,0.5,1400,58.24877586835557,0.03922510000006696,0,1150,9200
15,0.49523809523809526,8,1.0,600,45.48388402957021,0.04555619999996452,0,2578,20624
15,0.49523809523809526,8,1.0,1000,45.4555330962967,0.04567619999988892,12288,2578,20624
15,0.49523809523809526,8,1.0,1400,45.45089017927613,0.045324200000095516,16384,2578,20624
15,0.49523809523809526,8,1.0,600,71.92709781805299,0.040137699999831966,0,1562,12496
15,0.49523809523809526,8,1.0,1000,70.56543510596954,0.04554289999987304,4096,1562,12496
15,0.49523809523809526,8,1.0,1400,72.04584353927503,0.043310399999882065,8192,1562,12496
15,0.49523809523809526,8,1.0,600,59.2467001310965,0.05710959999987608,0,842,6736
15,0.49523809523809526,8,1.0,1000,59.52528520099438,0.06872019999991608,8192,842,6736
15,0.49523809523809526,8,1.0,1400,59.76446570245228,0.058022300000175164,0,842,6736
15,0.49523809523809526,8,1.0,600,74.21561427938283,0.038210199999866745,12288,606,4848
15,0.49523809523809526,8,1.0,1000,87.58201810138227,0.05013549999989664,77824,606,4848
15,0.49523809523809526,8,1.0,1400,89.06007830552657,0.04747980000001917,16384,606,4848
15,0.49523809523809526,8,1.0,600,54.535234568876845,0.04416860000014822,0,1150,9200
15,0.49523809523809526,8,1.0,1000,53.13776700380228,0.044038400000090405,0,1150,9200
15,0.49523809523809526,8,1.0,1400,53.06575551244714,0.04429869999989933,0,1150,9200
15,0.49523809523809526,8,5.0,600,47.68518537142006,0.05185390000019652,0,2578,20624
15,0.49523809523809526,8,5.0,1000,47.8727349086314,0.06454800000005889,0,2578,20624
15,0.49523809523809526,8,5.0,1400,46.45098135947642,0.07854850000012448,0,2578,20624
15,0.49523809523809526,8,5.0,600,51.150893988195726,0.05497190000005503,0,1562,12496
15,0.49523809523809526,8,5.0,1000,50.80785788177361,0.055387000000109765,0,1562,12496
15,0.49523809523809526,8,5.0,1400,68.00612334515462,0.0701496000001498,0,1562,12496
15,0.49523809523809526,8,5.0,600,62.22684588145407,0.05211220000001049,0,842,6736
15,0.49523809523809526,8,5.0,1000,62.10237083071307,0.047859099999868704,0,842,6736
15,0.49523809523809526,8,5.0,1400,62.201677083744315,0.06133699999986675,0,842,6736
15,0.49523809523809526,8,5.0,600,59.92903574638363,0.04827180000006592,0,606,4848
15,0.49523809523809526,8,5.0,1000,63.55185245349816,0.05624820000002728,0,606,4848
15,0.49523809523809526,8,5.0,1400,63.52374473209018,0.05587809999997262,0,606,4848
15,0.49523809523809526,8,5.0,600,44.04501751828063,0.046284900000046036,0,1150,9200
15,0.49523809523809526,8,5.0,1000,41.71877418164924,0.041021900000032474,0,1150,9200
15,0.49523809523809526,8,5.0,1400,41.560615684798776,0.04298790000007102,0,1150,9200
15,0.13333333333333333,10,0.1,600,0.10569076729137855,0.028764299999920695,0,58,464
15,0.13333333333333333,10,0.1,1000,0.05733715600019836,0.029475399999910223,0,58,464
15,0.13333333333333333,10,0.1,1400,0.057285609828066526,0.02649929999984124,0,58,464
15,0.13333333333333333,10,0.1,600,0.04170061972611096,0.027916800000184594,0,58,464
15,0.13333333333333333,10,0.1,1000,0.036380992707452625,0.029236800000035146,0,58,464
15,0.13333333333333333,10,0.1,1400,0.03338533603684665,0.028159700000060184,0,58,464
15,0.13333333333333333,10,0.1,600,0.06926180687527463,0.0337925000001178,0,58,464
15,0.13333333333333333,10,0.1,1000,0.04350744581556403,0.034070600000177365,0,58,464
15,0.13333333333333333,10,0.1,1400,0.043432718166911265,0.031365600000071936,0,58,464
15,0.13333333333333333,10,0.1,600,0.05040900926977847,0.04660960000001069,0,58,464
15,0.13333333333333333,10,0.1,1000,0.01871514964713005,0.07793759999981376,0,58,464
15,0.13333333333333333,10,0.1,1400,0.01567021717463481,0.029212200000074517,0,58,464
15,0.13333333333333333,10,0.1,600,0.08991922273995814,0.04626089999987926,0,58,464
15,0.13333333333333333,10,0.1,1000,0.011295966900291231,0.039579600000024584,0,58,464
15,0.13333333333333333,10,0.1,1400,0.012101537314658625,0.03764350000005834,0,58,464
15,0.13333333333333333,10,0.5,600,55.60120398989264,0.03644829999984722,0,58,464
15,0.13333333333333333,10,0.5,1000,69.71846871111903,0.04237460000013016,0,58,464
15,0.13333333333333333,10,0.5,1400,69.67397540425804,0.03699870000014016,0,58,464
15,0.13333333333333333,10,0.5,600,72.62734392081435,0.03678020000006654,0,58,464
15,0.13333333333333333,10,0.5,1000,72.89232642516093,0.04801980000002004,0,58,464
15,0.13333333333333333,10,0.5,1400,72.46863677019644,0.032612100000051214,0,58,464
15,0.13333333333333333,10,0.5,600,100.46397000492452,0.0342596999998932,0,58,464
15,0.13333333333333333,10,0.5,1000,138.51440086150154,0.06445510000003196,0,58,464
15,0.13333333333333333,10,0.5,1400,138.6486262373407,0.040498300000081144,0,58,464
15,0.13333333333333333,10,0.5,600,86.06964049051591,0.03905699999995704,0,58,464
15,0.13333333333333333,10,0.5,1000,84.36288248863153,0.04378800000017691,0,58,464
15,0.13333333333333333,10,0.5,1400,84.27780263755827,0.03555710000000545,0,58,464
15,0.13333333333333333,10,0.5,600,105.7565152803619,0.03435489999992569,0,58,464
15,0.13333333333333333,10,0.5,1000,104.93958107501406,0.028805500000089523,0,58,464
15,0.13333333333333333,10,0.5,1400,104.94757770398812,0.0292071000001215,0,58,464
15,0.13333333333333333,10,1.0,600,107.75113807331526,0.03186500000015258,0,58,464
15,0.13333333333333333,10,1.0,1000,120.15078922633982,0.031194299999924624,0,58,464
15,0.13333333333333333,10,1.0,1400,120.27974045061157,0.030978000000004613,0,58,464
15,0.13333333333333333,10,1.0,600,121.50712583912471,0.041715100000146776,0,58,464
15,0.13333333333333333,10,1.0,1000,121.47215224303119,0.04146739999987403,0,58,464
15,0.13333333333333333,10,1.0,1400,121.32865341778093,0.04204359999994267,0,58,464
15,0.13333333333333333,10,1.0,600,118.2990377935739,0.03339529999993829,0,58,464
15,0.13333333333333333,10,1.0,1000,129.7239530810723,0.03123279999999795,0,58,464
15,0.13333333333333333,10,1.0,1400,129.76346251238397,0.03268119999984265,0,58,464
15,0.13333333333333333,10,1.0,600,87.49100466468265,0.03042589999995471,0,58,464
15,0.13333333333333333,10,1.0,1000,83.13998884231411,0.03206500000010237,0,58,464
15,0.13333333333333333,10,1.0,1400,83.12794096321208,0.03494239999986348,0,58,464
15,0.13333333333333333,10,1.0,600,77.85340472642798,0.031241399999998976,0,58,464
15,0.13333333333333333,10,1.0,1000,72.59602477229956,0.04426399999988462,0,58,464
15,0.13333333333333333,10,1.0,1400,72.72473831451477,0.035320599999977276,0,58,464
15,0.13333333333333333,10,5.0,600,110.86847333716162,0.02805480000006355,0,58,464
15,0.13333333333333333,10,5.0,1000,115.93021576158121,0.03054019999990487,0,58,464
15,0.13333333333333333,10,5.0,1400,116.26232158963569,0.026861800000006042,0,58,464
15,0.13333333333333333,10,5.0,600,100.08428596921648,0.028624700000136727,0,58,464
15,0.13333333333333333,10,5.0,1000,100.06024223905268,0.03123130000017227,0,58,464
15,0.13333333333333333,10,5.0,1400,99.94017758250043,0.029786999999942054,0,58,464
15,0.13333333333333333,10,5.0,600,108.73704837342184,0.031443999999964944,0,58,464
15,0.13333333333333333,10,5.0,1000,128.19469147813268,0.026933899999903588,0,58,464
15,0.13333333333333333,10,5.0,1400,128.30615116531527,0.027767900000071677,0,58,464
15,0.13333333333333333,10,5.0,600,94.0087023934421,0.030444600000009814,0,58,464
15,0.13333333333333333,10,5.0,1000,86.11249558824389,0.02818820000015876,0,58,464
15,0.13333333333333333,10,5.0,1400,86.19099673951757,0.029728000000204702,0,58,464
15,0.13333333333333333,10,5.0,600,79.96998697083255,0.027157100000067658,0,58,464
15,0.13333333333333333,10,5.0,1000,74.65261863865526,0.02695979999998599,0,58,464
15,0.13333333333333333,10,5.0,1400,74.75492860460088,0.02668010000002141,0,58,464
15,0.13333333333333333,10,0.1,600,0.10569076729137855,0.030593899999985297,0,58,464
15,0.13333333333333333,10,0.1,1000,0.05733715600019836,0.027200600000014674,0,58,464
15,0.13333333333333333,10,0.1,1400,0.057285609828066526,0.025694700000030934,0,58,464
15,0.13333333333333333,10,0.1,600,0.04170061972611096,0.02735260000008566,0,58,464
15,0.13333333333333333,10,0.1,1000,0.036380992707452625,0.03669650000006186,0,58,464
15,0.13333333333333333,10,0.1,1400,0.03338533603684665,0.026422500000080618,0,58,464
15,0.13333333333333333,10,0.1,600,0.06926180687527463,0.027067499999930078,0,58,464
15,0.13333333333333333,10,0.1,1000,0.04350744581556403,0.030606100000113656,0,58,464
15,0.13333333333333333,10,0.1,1400,0.043432718166911265,0.026842799999940326,0,58,464
15,0.13333333333333333,10,0.1,600,0.05040900926977847,0.026030900000023394,0,58,464
15,0.13333333333333333,10,0.1,1000,0.01871514964713005,0.026460199999974066,0,58,464
15,0.13333333333333333,10,0.1,1400,0.01567021717463481,0.02872479999996358,0,58,464
15,0.13333333333333333,10,0.1,600,0.08991922273995814,0.028847100000120918,0,58,464
15,0.13333333333333333,10,0.1,1000,0.011295966900291231,0.029802600000039092,0,58,464
15,0.13333333333333333,10,0.1,1400,0.012101537314658625,0.02943690000006427,0,58,464
15,0.13333333333333333,10,0.5,600,55.60120398989264,0.030618600000025253,0,58,464
15,0.13333333333333333,10,0.5,1000,69.71846871111903,0.025852100000065548,0,58,464
15,0.13333333333333333,10,0.5,1400,69.67397540425804,0.03394789999993009,0,58,464
15,0.13333333333333333,10,0.5,600,72.62734392081435,0.026223200000004,0,58,464
15,0.13333333333333333,10,0.5,1000,72.89232642516093,0.028453500000068743,0,58,464
15,0.13333333333333333,10,0.5,1400,72.46863677019644,0.02683359999991808,0,58,464
15,0.13333333333333333,10,0.5,600,100.46397000492452,0.03082049999989067,0,58,464
15,0.13333333333333333,10,0.5,1000,138.51440086150154,0.028309400000125606,0,58,464
15,0.13333333333333333,10,0.5,1400,138.6486262373407,0.026860299999952986,0,58,464
15,0.13333333333333333,10,0.5,600,86.06964049051591,0.027330200000051263,0,58,464
15,0.13333333333333333,10,0.5,1000,84.36288248863153,0.02691799999979594,0,58,464
15,0.13333333333333333,10,0.5,1400,84.27780263755827,0.04005080000001726,0,58,464
15,0.13333333333333333,10,0.5,600,105.7565152803619,0.029351499999847874,0,58,464
15,0.13333333333333333,10,0.5,1000,104.93958107501406,0.02945240000008198,0,58,464
15,0.13333333333333333,10,0.5,1400,104.94757770398812,0.05467440000006718,0,58,464
15,0.13333333333333333,10,1.0,600,107.75113807331526,0.02992790000007517,0,58,464
15,0.13333333333333333,10,1.0,1000,120.15078922633982,0.02961789999994835,0,58,464
15,0.13333333333333333,10,1.0,1400,120.27974045061157,0.027563299999883384,0,58,464
15,0.13333333333333333,10,1.0,600,121.50712583912471,0.027119800000036776,0,58,464
15,0.13333333333333333,10,1.0,1000,121.47215224303119,0.02701959999990322,0,58,464
15,0.13333333333333333,10,1.0,1400,121.32865341778093,0.030056099999910657,0,58,464
15,0.13333333333333333,10,1.0,600,118.2990377935739,0.033101299999998446,0,58,464
15,0.13333333333333333,10,1.0,1000,129.7239530810723,0.028649700000187295,0,58,464
15,0.13333333333333333,10,1.0,1400,129.76346251238397,0.034145200000011755,0,58,464
15,0.13333333333333333,10,1.0,600,87.49100466468265,0.02995910000004187,0,58,464
15,0.13333333333333333,10,1.0,1000,83.13998884231411,0.03142569999999978,0,58,464
15,0.13333333333333333,10,1.0,1400,83.12794096321208,0.029300400000010995,0,58,464
15,0.13333333333333333,10,1.0,600,77.85340472642798,0.04300710000006802,0,58,464
15,0.13333333333333333,10,1.0,1000,72.59602477229956,0.028361599999925602,0,58,464
15,0.13333333333333333,10,1.0,1400,72.72473831451477,0.02863500000012209,0,58,464
15,0.13333333333333333,10,5.0,600,110.86847333716162,0.03486530000009225,0,58,464
15,0.13333333333333333,10,5.0,1000,115.93021576158121,0.025407999999970343,0,58,464
15,0.13333333333333333,10,5.0,1400,116.26232158963569,0.02829040000005989,0,58,464
15,0.13333333333333333,10,5.0,600,100.08428596921648,0.0286697000001368,0,58,464
15,0.13333333333333333,10,5.0,1000,100.06024223905268,0.02891249999993306,0,58,464
15,0.13333333333333333,10,5.0,1400,99.94017758250043,0.02715530000000399,0,58,464
15,0.13333333333333333,10,5.0,600,108.73704837342184,0.027820699999892895,0,58,464
15,0.13333333333333333,10,5.0,1000,128.19469147813268,0.027155999999877167,0,58,464
15,0.13333333333333333,10,5.0,1400,128.30615116531527,0.027663600000096267,0,58,464
15,0.13333333333333333,10,5.0,600,94.0087023934421,0.028323900000032154,0,58,464
15,0.13333333333333333,10,5.0,1000,86.11249558824389,0.0298757000000478,0,58,464
15,0.13333333333333333,10,5.0,1400,86.19099673951757,0.029989599999908023,0,58,464
15,0.13333333333333333,10,5.0,600,79.96998697083255,0.027017300000125033,0,58,464
15,0.13333333333333333,10,5.0,1000,74.65261863865526,0.029511100000036095,0,58,464
15,0.13333333333333333,10,5.0,1400,74.75492860460088,0.032600600000023405,0,58,464
15,0.14285714285714285,10,0.1,600,13.926869779916844,0.029971299999942858,0,62,496
15,0.14285714285714285,10,0.1,1000,13.877513232632483,0.027601299999787443,0,62,496
15,0.14285714285714285,10,0.1,1400,13.877740486934973,0.027018999999882,0,62,496
15,0.14285714285714285,10,0.1,600,51.51395932957029,0.027630400000134614,0,62,496
15,0.14285714285714285,10,0.1,1000,51.55065537271736,0.029314200000044366,0,62,496
15,0.14285714285714285,10,0.1,1400,51.578685793755874,0.02939949999995406,0,62,496
15,0.14285714285714285,10,0.1,600,26.262566616963515,0.026239099999884274,0,62,496
15,0.14285714285714285,10,0.1,1000,26.199956765115378,0.02831760000003669,0,62,496
15,0.14285714285714285,10,0.1,1400,26.300180623241932,0.027763800000002448,0,62,496
15,0.14285714285714285,10,0.1,600,36.84044992253982,0.028405900000052497,0,62,496
15,0.14285714285714285,10,0.1,1000,15.38087262572854,0.032016099999964354,0,62,496
15,0.14285714285714285,10,0.1,1400,15.87296725479463,0.027115800000046875,0,62,496
15,0.14285714285714285,10,0.1,600,3.2444892931926357,0.029651599999851896,0,62,496
15,0.14285714285714285,10,0.1,1000,3.2885019185578144,0.026990300000079515,0,62,496
15,0.14285714285714285,10,0.1,1400,3.3950213218632737,0.027386400000068534,0,62,496
15,0.14285714285714285,10,0.5,600,48.45981891242003,0.028727100000196515,0,62,496
15,0.14285714285714285,10,0.5,1000,62.81208083394181,0.029100599999992482,0,62,496
15,0.14285714285714285,10,0.5,1400,62.73004958016551,0.028386799999907453,0,62,496
15,0.14285714285714285,10,0.5,600,70.21940701592432,0.030648600000176884,0,62,496
15,0.14285714285714285,10,0.5,1000,70.55176570440685,0.028613899999982095,0,62,496
15,0.14285714285714285,10,0.5,1400,70.17782936092118,0.0303694000001542,0,62,496
15,0.14285714285714285,10,0.5,600,97.62840476547473,0.029306300000143892,0,62,496
15,0.14285714285714285,10,0.5,1000,123.01831771303175,0.025634200000013152,0,62,496
15,0.14285714285714285,10,0.5,1400,123.23302584318584,0.02666519999979755,0,62,496
15,0.14285714285714285,10,0.5,600,93.06545814421166,0.026986500000020897,0,62,496
15,0.14285714285714285,10,0.5,1000,91.5610424051374,0.026350399999955698,0,62,496
15,0.14285714285714285,10,0.5,1400,91.5003718317435,0.030564599999934217,0,62,496
15,0.14285714285714285,10,0.5,600,93.40638404465473,0.028166699999928824,0,62,496
15,0.14285714285714285,10,0.5,1000,92.60185320761792,0.02759979999996176,0,62,496
15,0.14285714285714285,10,0.5,1400,92.62002737657276,0.02886739999985366,0,62,496
15,0.14285714285714285,10,1.0,600,110.88794959158396,0.026549999999815554,0,62,496
15,0.14285714285714285,10,1.0,1000,123.5551537100828,0.02657920000001468,0,62,496
15,0.14285714285714285,10,1.0,1400,123.73104524734276,0.030441799999834984,0,62,496
15,0.14285714285714285,10,1.0,600,111.34646232286877,0.028861199999937526,0,62,496
15,0.14285714285714285,10,1.0,1000,111.30524714950276,0.028623700000025565,0,62,496
15,0.14285714285714285,10,1.0,1400,111.15713929003458,0.028723799999852417,0,62,496
15,0.14285714285714285,10,1.0,600,91.94351789519293,0.027930799999921874,0,62,496
15,0.14285714285714285,10,1.0,1000,101.86709336168224,0.027845000000070286,0,62,496
15,0.14285714285714285,10,1.0,1400,102.02708011994977,0.026922900000045047,0,62,496
15,0.14285714285714285,10,1.0,600,87.6599601563024,0.028159299999970244,0,62,496
15,0.14285714285714285,10,1.0,1000,86.1483935925609,0.030574200000046403,0,62,496
15,0.14285714285714285,10,1.0,1400,86.0362006318524,0.029880499999990207,0,62,496
15,0.14285714285714285,10,1.0,600,78.81097826864969,0.028499500000179978,0,62,496
15,0.14285714285714285,10,1.0,1000,73.48060750173629,0.030710799999951632,0,62,496
15,0.14285714285714285,10,1.0,1400,73.61350713924226,0.03620280000018283,0,62,496
15,0.14285714285714285,10,5.0,600,108.58133558271005,0.02735150000012254,0,62,496
15,0.14285714285714285,10,5.0,1000,116.57212399764722,0.026875799999970695,0,62,496
15,0.14285714285714285,10,5.0,1400,116.84071649684934,0.026679100000137623,0,62,496
15,0.14285714285714285,10,5.0,600,99.64832833987603,0.03033740000000762,0,62,496
15,0.14285714285714285,10,5.0,1000,99.67914478889656,0.031193000000030224,0,62,496
15,0.14285714285714285,10,5.0,1400,99.59959111731241,0.0313639000000876,0,62,496
15,0.14285714285714285,10,5.0,600,118.63329285032293,0.03203839999991942,0,62,496
15,0.14285714285714285,10,5.0,1000,133.12500110108468,0.03413640000007945,0,62,496
15,0.14285714285714285,10,5.0,1400,133.208908631453,0.029608999999936714,0,62,496
15,0.14285714285714285,10,5.0,600,91.93894128794203,0.02660399999990659,0,62,496
15,0.14285714285714285,10,5.0,1000,89.64802611632864,0.027233300000034433,0,62,496
15,0.14285714285714285,10,5.0,1400,89.59517616171156,0.027477200000021185,0,62,496
15,0.14285714285714285,10,5.0,600,81.6252042847081,0.025812699999960387,0,62,496
15,0.14285714285714285,10,5.0,1000,76.28333376766389,0.026834999999891807,0,62,496
15,0.14285714285714285,10,5.0,1400,76.37628110843981,0.028313099999877522,0,62,496
15,0.19047619047619047,10,0.1,600,91.30404917598896,0.036913400000003094,0,86,688
15,0.19047619047619047,10,0.1,1000,91.29492327477948,0.0296749000001455,0,86,688
15,0.19047619047619047,10,0.1,1400,91.2968493519796,0.046595900000056645,0,86,688
15,0.19047619047619047,10,0.1,600,92.98626918292929,0.038342499999998836,0,98,784
15,0.19047619047619047,10,0.1,1000,92.89788574016619,0.03375970000001871,0,98,784
15,0.19047619047619047,10,0.1,1400,92.50144052370293,0.03246539999986453,0,98,784
15,0.19047619047619047,10,0.1,600,64.53985324515136,0.032928699999956734,0,86,688
15,0.19047619047619047,10,0.1,1000,64.44764903763102,0.030601700000033816,0,86,688
15,0.19047619047619047,10,0.1,1400,64.52306971617709,0.03143509999995331,0,86,688
15,0.19047619047619047,10,0.1,600,44.575693985133455,0.03899630000000798,0,86,688
15,0.19047619047619047,10,0.1,1000,36.637812996006,0.03235509999990427,0,86,688
15,0.19047619047619047,10,0.1,1400,37.04549373307811,0.03175019999980577,0,86,688
15,0.19047619047619047,10,0.1,600,31.99584018539634,0.03830900000002657,0,86,688
15,0.19047619047619047,10,0.1,1000,10.373306712787212,0.03203809999990881,0,86,688
15,0.19047619047619047,10,0.1,1400,10.680466003572539,0.031849399999828165,0,86,688
15,0.19047619047619047,10,0.5,600,51.3636855495414,0.030328800000006595,0,86,688
15,0.19047619047619047,10,0.5,1000,65.40865445031102,0.027616500000021915,0,86,688
15,0.19047619047619047,10,0.5,1400,65.35870861739411,0.054949399999941306,0,86,688
15,0.19047619047619047,10,0.5,600,79.3494558522657,0.02861979999988762,4096,98,784
15,0.19047619047619047,10,0.5,1000,74.08699873791498,0.030280199999879187,0,98,784
15,0.19047619047619047,10,0.5,1400,74.03743911573932,0.03983420000008664,0,98,784
15,0.19047619047619047,10,0.5,600,77.0719795502219,0.029758099999980914,4096,86,688
15,0.19047619047619047,10,0.5,1000,93.40058798969521,0.0435631000000285,0,86,688
15,0.19047619047619047,10,0.5,1400,93.60761785085413,0.037956000000122,0,86,688
15,0.19047619047619047,10,0.5,600,93.94934586670445,0.03442729999983385,0,86,688
15,0.19047619047619047,10,0.5,1000,89.75208716789776,0.029291600000078688,0,86,688
15,0.19047619047619047,10,0.5,1400,89.86672324263223,0.031707200000028024,0,86,688
15,0.19047619047619047,10,0.5,600,50.26878387237198,0.03384639999990213,0,86,688
15,0.19047619047619047,10,0.5,1000,48.72236387543868,0.03417340000009972,0,86,688
15,0.19047619047619047,10,0.5,1400,48.931939782412385,0.032354899999972986,0,86,688
15,0.19047619047619047,10,1.0,600,90.77419709509576,0.03045790000010129,0,86,688
15,0.19047619047619047,10,1.0,1000,95.9465947735265,0.03932670000017424,0,86,688
15,0.19047619047619047,10,1.0,1400,96.16178216732668,0.042467900000019654,0,86,688
15,0.19047619047619047,10,1.0,600,100.12110163733328,0.029721399999971254,0,98,784
15,0.19047619047619047,10,1.0,1000,95.75492045280389,0.03361330000007001,0,98,784
15,0.19047619047619047,10,1.0,1400,95.5363517720016,0.032053099999984624,0,98,784
15,0.19047619047619047,10,1.0,600,128.41595225937164,0.030822600000192324,0,86,688
15,0.19047619047619047,10,1.0,1000,139.72096786376554,0.028220199999850593,0,86,688
15,0.19047619047619047,10,1.0,1400,139.8201260995173,0.02963769999996657,0,86,688
15,0.19047619047619047,10,1.0,600,77.33495875590341,0.03067260000011629,0,86,688
15,0.19047619047619047,10,1.0,1000,74.43827405667682,0.050422999999909734,0,86,688
15,0.19047619047619047,10,1.0,1400,74.40851693984919,0.03622859999995853,0,86,688
15,0.19047619047619047,10,1.0,600,95.98595138271779,0.035175900000012916,0,86,688
15,0.19047619047619047,10,1.0,1000,93.81897115935872,0.03339719999985391,0,86,688
15,0.19047619047619047,10,1.0,1400,93.85929429208717,0.031355800000028466,0,86,688
15,0.19047619047619047,10,5.0,600,91.58537327662744,0.02991029999998318,0,86,688
15,0.19047619047619047,10,5.0,1000,103.04695928687963,0.029891399999996793,0,86,688
15,0.19047619047619047,10,5.0,1400,103.3233744436264,0.0283563000000413,0,86,688
15,0.19047619047619047,10,5.0,600,110.86997202869104,0.030581399999846326,0,98,784
15,0.19047619047619047,10,5.0,1000,103.23266941015126,0.0338773000000856,0,98,784
15,0.19047619047619047,10,5.0,1400,103.12355134834544,0.030802600000015445,0,98,784
15,0.19047619047619047,10,5.0,600,93.65098700356062,0.0289976999999908,0,86,688
15,0.19047619047619047,10,5.0,1000,106.24154547236947,0.030203199999959907,0,86,688
15,0.19047619047619047,10,5.0,1400,106.34976192457452,0.03374259999986862,0,86,688
15,0.19047619047619047,10,5.0,600,84.13518697532855,0.030838600000151928,0,86,688
15,0.19047619047619047,10,5.0,1000,80.36452068773697,0.03589409999995041,0,86,688
15,0.19047619047619047,10,5.0,1400,80.32388410805623,0.03141290000007757,0,86,688
15,0.19047619047619047,10,5.0,600,89.75599660270224,0.03012980000016796,0,86,688
15,0.19047619047619047,10,5.0,1000,81.31143461209747,0.028561999999965337,0,86,688
15,0.19047619047619047,10,5.0,1400,81.44918621079536,0.028931999999940672,0,86,688
15,0.29523809523809524,10,0.1,600,103.32498691049001,0.03301380000016252,0,166,1328
15,0.29523809523809524,10,0.1,1000,103.20307011610846,0.053164599999945494,0,166,1328
15,0.29523809523809524,10,0.1,1400,103.5230705642142,0.03355379999993602,0,166,1328
15,0.29523809523809524,10,0.1,600,91.99073349687089,0.03270040000006702,0,294,2352
15,0.29523809523809524,10,0.1,1000,114.19126184072142,0.03277439999988019,0,294,2352
15,0.29523809523809524,10,0.1,1400,114.50624796797936,0.04012809999994715,0,294,2352
15,0.29523809523809524,10,0.1,600,66.86283669677482,0.04218859999991764,0,150,1200
15,0.29523809523809524,10,0.1,1000,66.151386528117,0.033890800000108356,0,150,1200
15,0.29523809523809524,10,0.1,1400,66.02465678520656,0.03623229999993782,0,150,1200
15,0.29523809523809524,10,0.1,600,64.95695526646462,0.04618540000001303,0,214,1712
15,0.29523809523809524,10,0.1,1000,64.52384072792856,0.03389710000010382,0,214,1712
15,0.29523809523809524,10,0.1,1400,64.52943144255251,0.03387660000021242,0,214,1712
15,0.29523809523809524,10,0.1,600,59.128994507797856,0.034796299999925395,0,186,1488
15,0.29523809523809524,10,0.1,1000,53.74241195115885,0.03462570000010601,0,186,1488
15,0.29523809523809524,10,0.1,1400,54.07015293980411,0.03326429999992797,0,186,1488
15,0.29523809523809524,10,0.5,600,68.90872809831792,0.03508980000015072,0,166,1328
15,0.29523809523809524,10,0.5,1000,91.52263516300016,0.03613279999990482,0,166,1328
15,0.29523809523809524,10,0.5,1400,91.38054778075035,0.03247270000019853,0,166,1328
15,0.29523809523809524,10,0.5,600,79.05057716298897,0.04600510000000213,0,294,2352
15,0.29523809523809524,10,0.5,1000,79.7925404696179,0.034633399999847825,0,294,2352
15,0.29523809523809524,10,0.5,1400,79.75797599407377,0.03272600000013881,0,294,2352
15,0.29523809523809524,10,0.5,600,75.64769209147246,0.03489290000015899,0,150,1200
15,0.29523809523809524,10,0.5,1000,100.51913705072963,0.03362850000007711,0,150,1200
15,0.29523809523809524,10,0.5,1400,100.7830789029452,0.032834800000046016,0,150,1200
15,0.29523809523809524,10,0.5,600,73.61109354461159,0.0406985000001896,0,214,1712
15,0.29523809523809524,10,0.5,1000,73.63019705256097,0.037832400000070265,0,214,1712
15,0.29523809523809524,10,0.5,1400,73.57029981280498,0.03234369999995579,0,214,1712
15,0.29523809523809524,10,0.5,600,73.30754929806785,0.03905089999989286,0,186,1488
15,0.29523809523809524,10,0.5,1000,86.4065368344201,0.041148999999904845,0,186,1488
15,0.29523809523809524,10,0.5,1400,86.41286946061562,0.03950459999987288,0,186,1488
15,0.29523809523809524,10,1.0,600,81.49563993010052,0.030682800000022326,0,166,1328
15,0.29523809523809524,10,1.0,1000,101.414952306172,0.037470199999916076,0,166,1328
15,0.29523809523809524,10,1.0,1400,102.20132260339722,0.030801999999994223,0,166,1328
15,0.29523809523809524,10,1.0,600,65.30593839251203,0.03598740000006728,0,294,2352
15,0.29523809523809524,10,1.0,1000,62.73368631561565,0.03530909999994947,0,294,2352
15,0.29523809523809524,10,1.0,1400,62.73294541910832,0.03460969999991903,0,294,2352
15,0.29523809523809524,10,1.0,600,69.4940857009995,0.03551970000012261,0,150,1200
15,0.29523809523809524,10,1.0,1000,93.79447238580431,0.0345426999999745,0,150,1200
15,0.29523809523809524,10,1.0,1400,93.80128097012802,0.03481940000006034,0,150,1200
15,0.29523809523809524,10,1.0,600,63.815646269032044,0.03338069999995241,0,214,1712
15,0.29523809523809524,10,1.0,1000,63.44116690377131,0.0619930000000295,0,214,1712
15,0.29523809523809524,10,1.0,1400,63.35420352068675,0.03843960000017432,0,214,1712
15,0.29523809523809524,10,1.0,600,63.08454499248507,0.04753409999989344,0,186,1488
15,0.29523809523809524,10,1.0,1000,61.662376423919504,0.05187300000011419,0,186,1488
15,0.29523809523809524,10,1.0,1400,62.120937810572094,0.03606349999995473,0,186,1488
15,0.29523809523809524,10,5.0,600,73.88017286593886,0.03339800000003379,0,166,1328
15,0.29523809523809524,10,5.0,1000,89.01535652570183,0.03216349999979684,0,166,1328
15,0.29523809523809524,10,5.0,1400,91.95069512247821,0.03460540000014589,0,166,1328
15,0.29523809523809524,10,5.0,600,75.10941673856065,0.0392884000000322,0,294,2352
15,0.29523809523809524,10,5.0,1000,78.38693378242982,0.037156999999979234,0,294,2352
15,0.29523809523809524,10,5.0,1400,81.07201534132813,0.03637890000004518,0,294,2352
15,0.29523809523809524,10,5.0,600,83.09279577834012,0.03379979999999705,0,150,1200
15,0.29523809523809524,10,5.0,1000,102.60772041768035,0.03666920000000573,0,150,1200
15,0.29523809523809524,10,5.0,1400,102.69267259682591,0.03495280000015555,0,150,1200
15,0.29523809523809524,10,5.0,600,70.98621449904662,0.0345287999998618,0,214,1712
15,0.29523809523809524,10,5.0,1000,70.03595386167082,0.03919389999987288,0,214,1712
15,0.29523809523809524,10,5.0,1400,69.97450732329732,0.0354239000000689,0,214,1712
15,0.29523809523809524,10,5.0,600,61.34777805851155,0.03286520000006021,0,186,1488
15,0.29523809523809524,10,5.0,1000,58.43682048863249,0.036851800000022195,0,186,1488
15,0.29523809523809524,10,5.0,1400,58.909769093027606,0.03348170000003847,0,186,1488
15,0.3904761904761905,10,0.1,600,52.92653947162066,0.03747010000006412,0,306,2448
15,0.3904761904761905,10,0.1,1000,53.28276218783322,0.03673619999995026,0,306,2448
15,0.3904761904761905,10,0.1,1400,53.52448736510827,0.03723629999990408,0,306,2448
15,0.3904761904761905,10,0.1,600,68.43665244585324,0.03483630000005178,0,382,3056
15,0.3904761904761905,10,0.1,1000,66.98691661379614,0.03793519999999262,0,382,3056
15,0.3904761904761905,10,0.1,1400,68.58680402503526,0.037528800000018236,0,382,3056
15,0.3904761904761905,10,0.1,600,63.0384011162363,0.037751300000081756,0,366,2928
15,0.3904761904761905,10,0.1,1000,62.77741612912806,0.0376166999999441,0,366,2928
15,0.3904761904761905,10,0.1,1400,62.58839083712606,0.0397557000001143,0,366,2928
15,0.3904761904761905,10,0.1,600,58.18122852383205,0.04459479999991345,0,422,3376
15,0.3904761904761905,10,0.1,1000,58.09862573206846,0.037380200000143304,0,422,3376
15,0.3904761904761905,10,0.1,1400,58.27956918025464,0.03717330000017682,0,422,3376
15,0.3904761904761905,10,0.1,600,78.52855436672728,0.03634890000012092,0,314,2512
15,0.3904761904761905,10,0.1,1000,73.00006945692591,0.039262499999949796,0,314,2512
15,0.3904761904761905,10,0.1,1400,72.75374678797952,0.039431699999795455,0,314,2512
15,0.3904761904761905,10,0.5,600,64.25573434341392,0.04480480000006537,0,306,2448
15,0.3904761904761905,10,0.5,1000,75.13410646469723,0.044329399999924135,0,306,2448
15,0.3904761904761905,10,0.5,1400,74.66719066549562,0.03619320000007065,0,306,2448
15,0.3904761904761905,10,0.5,600,46.329463790395685,0.03717770000002929,0,382,3056
15,0.3904761904761905,10,0.5,1000,48.178684446724844,0.03702649999991081,0,382,3056
15,0.3904761904761905,10,0.5,1400,49.777595784368174,0.04194950000010067,0,382,3056
15,0.3904761904761905,10,0.5,600,66.49633688803667,0.040256600000020626,0,366,2928
15,0.3904761904761905,10,0.5,1000,92.01872881225161,0.0367473000001155,0,366,2928
15,0.3904761904761905,10,0.5,1400,92.40006701005048,0.03924529999994775,0,366,2928
15,0.3904761904761905,10,0.5,600,66.19335218672029,0.03728810000006888,0,422,3376
15,0.3904761904761905,10,0.5,1000,66.92054981001831,0.038423299999976734,0,422,3376
15,0.3904761904761905,10,0.5,1400,66.8503976350206,0.037581000000045606,0,422,3376
15,0.3904761904761905,10,0.5,600,73.79738787297009,0.03742170000009537,0,314,2512
15,0.3904761904761905,10,0.5,1000,81.48901383479924,0.03832620000002862,0,314,2512
15,0.3904761904761905,10,0.5,1400,81.42959032870577,0.04124109999997927,0,314,2512
15,0.3904761904761905,10,1.0,600,82.75272684733966,0.03750620000005256,0,306,2448
15,0.3904761904761905,10,1.0,1000,86.34306654201218,0.03760059999990517,0,306,2448
15,0.3904761904761905,10,1.0,1400,83.20846288082357,0.038511699999844495,0,306,2448
15,0.3904761904761905,10,1.0,600,72.59735762741144,0.039358200000151555,0,382,3056
15,0.3904761904761905,10,1.0,1000,74.45834907069498,0.040126399999962814,0,382,3056
15,0.3904761904761905,10,1.0,1400,75.0857326863443,0.03828479999992851,0,382,3056
15,0.3904761904761905,10,1.0,600,67.64812832705906,0.03838710000013634,0,366,2928
15,0.3904761904761905,10,1.0,1000,78.26900346304716,0.037078700000165554,0,366,2928
15,0.3904761904761905,10,1.0,1400,75.11459521678289,0.03682210000010855,0,366,2928
15,0.3904761904761905,10,1.0,600,56.65691116581056,0.03766440000003968,0,422,3376
15,0.3904761904761905,10,1.0,1000,57.337867261715516,0.03805669999997008,0,422,3376
15,0.3904761904761905,10,1.0,1400,57.268322585498424,0.03853019999996832,0,422,3376
15,0.3904761904761905,10,1.0,600,56.86170531183472,0.03926840000008269,0,314,2512
15,0.3904761904761905,10,1.0,1000,57.49110564973713,0.03960400000005393,0,314,2512
15,0.3904761904761905,10,1.0,1400,57.552769873513576,0.037735899999916,0,314,2512
15,0.3904761904761905,10,5.0,600,74.3184458596007,0.03762219999998706,0,306,2448
15,0.3904761904761905,10,5.0,1000,82.61061959695883,0.059949400000050446,0,306,2448
15,0.3904761904761905,10,5.0,1400,84.32877762854734,0.03839889999994739,0,306,2448
15,0.3904761904761905,10,5.0,600,63.52348228423183,0.04107550000003357,0,382,3056
15,0.3904761904761905,10,5.0,1000,63.269004506017595,0.03513229999998657,0,382,3056
15,0.3904761904761905,10,5.0,1400,65.45322168275928,0.03512159999991127,0,382,3056
15,0.3904761904761905,10,5.0,600,64.65944489615548,0.03467950000003839,0,366,2928
15,0.3904761904761905,10,5.0,1000,77.78650974608196,0.034715300000016214,0,366,2928
15,0.3904761904761905,10,5.0,1400,78.28661940563588,0.034611000000040804,0,366,2928
15,0.3904761904761905,10,5.0,600,57.51470793937176,0.0340289999999186,0,422,3376
15,0.3904761904761905,10,5.0,1000,58.27619441944648,0.03412290000005669,0,422,3376
15,0.3904761904761905,10,5.0,1400,58.19503086391628,0.035391599999911705,0,422,3376
15,0.3904761904761905,10,5.0,600,56.66136233994909,0.0350416999999652,0,314,2512
15,0.3904761904761905,10,5.0,1000,55.22129111412368,0.03468550000002324,0,314,2512
15,0.3904761904761905,10,5.0,1400,55.73374385832972,0.035963400000127876,0,314,2512
15,0.49523809523809526,10,0.1,600,58.39126573956193,0.0414592999998149,0,674,5392
15,0.49523809523809526,10,0.1,1000,58.06433685437844,0.03962660000001961,0,674,5392
15,0.49523809523809526,10,0.1,1400,47.705716834324036,0.03945659999999407,0,674,5392
15,0.49523809523809526,10,0.1,600,57.85632747662156,0.042864300000019284,0,1170,9360
15,0.49523809523809526,10,0.1,1000,65.79740511890138,0.0401016000000709,0,1170,9360
15,0.49523809523809526,10,0.1,1400,70.41659908941885,0.043985499999962485,0,1170,9360
15,0.49523809523809526,10,0.1,600,50.42678498390834,0.04149680000000444,0,834,6672
15,0.49523809523809526,10,0.1,1000,49.96068044000477,0.04163369999992028,0,834,6672
15,0.49523809523809526,10,0.1,1400,49.99817967652005,0.039345599999933256,0,834,6672
15,0.49523809523809526,10,0.1,600,63.93259406248457,0.03890169999999671,0,958,7664
15,0.49523809523809526,10,0.1,1000,63.77581428094647,0.047310599999946135,0,958,7664
15,0.49523809523809526,10,0.1,1400,63.581110057545175,0.04045629999995981,0,958,7664
15,0.49523809523809526,10,0.1,600,72.79241634991216,0.04101700000001074,0,954,7632
15,0.49523809523809526,10,0.1,1000,73.92704503538171,0.041253999999980806,0,954,7632
15,0.49523809523809526,10,0.1,1400,74.20207854841468,0.04810770000017328,0,954,7632
15,0.49523809523809526,10,0.5,600,59.93132410205748,0.041959800000086034,0,674,5392
15,0.49523809523809526,10,0.5,1000,60.877340780477205,0.04314669999985199,0,674,5392
15,0.49523809523809526,10,0.5,1400,55.917679292883506,0.045888200000035795,0,674,5392
15,0.49523809523809526,10,0.5,600,49.22760313546761,0.046450399999912406,0,1170,9360
15,0.49523809523809526,10,0.5,1000,54.918832341319124,0.04154159999984586,0,1170,9360
15,0.49523809523809526,10,0.5,1400,56.8363623378128,0.03961879999997109,0,1170,9360
15,0.49523809523809526,10,0.5,600,61.593532443604104,0.05224620000012692,0,834,6672
15,0.49523809523809526,10,0.5,1000,68.57580848795499,0.04802020000010998,0,834,6672
15,0.49523809523809526,10,0.5,1400,67.92827402280543,0.04635000000007494,0,834,6672
15,0.49523809523809526,10,0.5,600,59.770070150034876,0.040284399999791276,0,958,7664
15,0.49523809523809526,10,0.5,1000,65.11144257805084,0.048410599999897386,0,958,7664
15,0.49523809523809526,10,0.5,1400,62.73075702903441,0.04432550000001356,0,958,7664
15,0.49523809523809526,10,0.5,600,57.088699364310244,0.044553899999982605,0,954,7632
15,0.49523809523809526,10,0.5,1000,55.73323464930341,0.041173000000071625,0,954,7632
15,0.49523809523809526,10,0.5,1400,53.68009355844486,0.041149399999994785,0,954,7632
15,0.49523809523809526,10,1.0,600,55.76881436387328,0.043268099999977494,0,674,5392
15,0.49523809523809526,10,1.0,1000,61.16244611292733,0.041910599999937403,0,674,5392
15,0.49523809523809526,10,1.0,1400,59.86164052554397,0.0657146000000921,0,674,5392
15,0.49523809523809526,10,1.0,600,60.53995049190766,0.05153599999994185,0,1170,9360
15,0.49523809523809526,10,1.0,1000,59.502781794575974,0.04371470000000954,0,1170,9360
15,0.49523809523809526,10,1.0,1400,63.34100459762627,0.04059959999995044,0,1170,9360
15,0.49523809523809526,10,1.0,600,73.41036741279599,0.058580500000061875,0,834,6672
15,0.49523809523809526,10,1.0,1000,83.9627173153579,0.041183599999840226,0,834,6672
15,0.49523809523809526,10,1.0,1400,74.47071543414039,0.04070739999997386,0,834,6672
15,0.49523809523809526,10,1.0,600,59.437034920179784,0.03779050000002826,0,958,7664
15,0.49523809523809526,10,1.0,1000,60.75753389072025,0.04038859999991473,0,958,7664
15,0.49523809523809526,10,1.0,1400,60.51860347514061,0.03758309999989251,0,958,7664
15,0.49523809523809526,10,1.0,600,44.588931651772164,0.04135739999992438,0,954,7632
15,0.49523809523809526,10,1.0,1000,45.27203904012041,0.0400293000000147,0,954,7632
15,0.49523809523809526,10,1.0,1400,44.952281451974144,0.0390737000000172,0,954,7632
15,0.49523809523809526,10,5.0,600,54.586016590458456,0.038094900000032794,0,674,5392
15,0.49523809523809526,10,5.0,1000,60.071388715810954,0.0383787000000666,0,674,5392
15,0.49523809523809526,10,5.0,1400,59.74397559197898,0.04675420000012309,0,674,5392
15,0.49523809523809526,10,5.0,600,58.49475722547276,0.03907159999994292,0,1170,9360
15,0.49523809523809526,10,5.0,1000,59.7152482792435,0.03994079999984024,0,1170,9360
15,0.49523809523809526,10,5.0,1400,60.50475648397704,0.04096849999996266,0,1170,9360
15,0.49523809523809526,10,5.0,600,62.93122766204345,0.038261400000010326,0,834,6672
15,0.49523809523809526,10,5.0,1000,70.68270635267287,0.03955289999998968,0,834,6672
15,0.49523809523809526,10,5.0,1400,70.13277377499652,0.038347300000168616,0,834,6672
15,0.49523809523809526,10,5.0,600,50.24932689184623,0.04602270000009412,0,958,7664
15,0.49523809523809526,10,5.0,1000,52.31714205443021,0.041148400000110996,0,958,7664
15,0.49523809523809526,10,5.0,1400,52.70166206193999,0.03773019999994176,0,958,7664
15,0.49523809523809526,10,5.0,600,53.902431929489374,0.03742360000001099,0,954,7632
15,0.49523809523809526,10,5.0,1000,54.87492936517059,0.03785549999997784,0,954,7632
15,0.49523809523809526,10,5.0,1400,53.423055692766376,0.041537100000141436,0,954,7632
20,0.1,2,0.1,600,0.10276830389203233,0.035707600000023376,0,78,624
20,0.1,2,0.1,1000,0.018462461725988248,0.03187159999993128,0,78,624
20,0.1,2,0.1,1400,0.015118721437451214,0.036372199999959776,0,78,624
20,0.1,2,0.1,600,0.09445136629962976,0.03523870000003626,0,78,624
20,0.1,2,0.1,1000,0.08267952519485734,0.03500619999999799,0,78,624
20,0.1,2,0.1,1400,0.03962714582693376,0.034350099999983286,0,78,624
20,0.1,2,0.1,600,0.06883809908493706,0.03325279999990016,0,78,624
20,0.1,2,0.1,1000,0.06521503760312777,0.038224700000000666,0,78,624
20,0.1,2,0.1,1400,0.03695800136780426,0.03537049999999908,0,78,624
20,0.1,2,0.1,600,0.051715874891972706,0.04125150000004396,0,78,624
20,0.1,2,0.1,1000,0.04630031454272486,0.044271600000001854,0,78,624
20,0.1,2,0.1,1400,0.04552965631379781,0.049752699999999095,0,78,624
20,0.1,2,0.1,600,0.00944595765656919,0.03623029999994287,0,78,624
20,0.1,2,0.1,1000,0.00535384100667411,0.03702429999998458,0,78,624
20,0.1,2,0.1,1400,0.005226092290605149,0.03777669999999489,0,78,624
20,0.1,2,0.5,600,134.06322758869626,0.03849760000002789,0,78,624
20,0.1,2,0.5,1000,128.86698064020388,0.04171629999996185,0,78,624
20,0.1,2,0.5,1400,127.9565693033088,0.03693680000014865,0,78,624
20,0.1,2,0.5,600,123.91296320055174,0.033981899999844245,0,78,624
20,0.1,2,0.5,1000,123.5975836532614,0.03407820000006723,0,78,624
20,0.1,2,0.5,1400,133.37049839331706,0.03529060000005302,0,78,624
20,0.1,2,0.5,600,66.52495063040178,0.034124300000030416,0,78,624
20,0.1,2,0.5,1000,66.81952089071376,0.03340699999989738,0,78,624
20,0.1,2,0.5,1400,57.222665698756025,0.03518519999988712,0,78,624
20,0.1,2,0.5,600,181.46666367179085,0.034931599999936225,0,78,624
20,0.1,2,0.5,1000,181.41882201892972,0.0356818000000203,0,78,624
20,0.1,2,0.5,1400,164.64639259302774,0.041387600000007296,0,78,624
20,0.1,2,0.5,600,62.08015931314535,0.03506120000020019,0,78,624
20,0.1,2,0.5,1000,62.290256155178746,0.03822990000003301,0,78,624
20,0.1,2,0.5,1400,62.363013828691116,0.034700500000099055,0,78,624
20,0.1,2,1.0,600,161.0812539372375,0.03439470000012079,0,78,624
20,0.1,2,1.0,1000,157.24094301993236,0.03428970000004483,0,78,624
20,0.1,2,1.0,1400,153.4084647981018,0.0373560999998972,0,78,624
20,0.1,2,1.0,600,76.50428832755631,0.03563000000008287,0,78,624
20,0.1,2,1.0,1000,76.50128522973645,0.03585490000000391,0,78,624
20,0.1,2,1.0,1400,98.10328459051782,0.0337673999999879,0,78,624
20,0.1,2,1.0,600,134.51053206220115,0.03370530000006511,0,78,624
20,0.1,2,1.0,1000,134.36476769296667,0.039390499999854,0,78,624
20,0.1,2,1.0,1400,131.35707162296836,0.036391399999956775,0,78,624
20,0.1,2,1.0,600,109.76523317823002,0.03526899999997113,0,78,624
20,0.1,2,1.0,1000,109.7993502952828,0.03497940000011113,0,78,624
20,0.1,2,1.0,1400,106.32049265948376,0.03325570000015432,0,78,624
20,0.1,2,1.0,600,119.83952306239854,0.03316369999993185,0,78,624
20,0.1,2,1.0,1000,119.94373622949391,0.0339449999999033,0,78,624
20,0.1,2,1.0,1400,119.79624778640692,0.034277100000053906,0,78,624
20,0.1,2,5.0,600,147.07955516029588,0.03493550000007417,0,78,624
20,0.1,2,5.0,1000,142.41212794756498,0.034953900000118665,0,78,624
20,0.1,2,5.0,1400,133.63884143262888,0.03706299999998919,0,78,624
20,0.1,2,5.0,600,97.67676502989009,0.03392699999994875,0,78,624
20,0.1,2,5.0,1000,97.14662742784479,0.03543220000005931,0,78,624
20,0.1,2,5.0,1400,114.82662026345113,0.033989200000178243,0,78,624
20,0.1,2,5.0,600,132.60485206743684,0.03327229999990777,0,78,624
20,0.1,2,5.0,1000,132.92193999966136,0.03290590000005977,0,78,624
20,0.1,2,5.0,1400,123.68602434306717,0.035650999999916166,0,78,624
20,0.1,2,5.0,600,131.13939106639182,0.059038399999963076,0,78,624
20,0.1,2,5.0,1000,131.12947939781557,0.036124199999903794,0,78,624
20,0.1,2,5.0,1400,128.55411378108184,0.035296699999889825,0,78,624
20,0.1,2,5.0,600,149.15869845110285,0.034649199999876146,0,78,624
20,0.1,2,5.0,1000,149.48721669183885,0.0384495999999217,0,78,624
20,0.1,2,5.0,1400,149.28556220489153,0.03601780000008148,0,78,624
20,0.1,2,0.1,600,0.10276830389203233,0.03505150000000867,0,78,624
20,0.1,2,0.1,1000,0.018462461725988248,0.034046900000021196,0,78,624
20,0.1,2,0.1,1400,0.015118721437451214,0.03572800000006282,0,78,624
20,0.1,2,0.1,600,0.09445136629962976,0.03647399999999834,0,78,624
20,0.1,2,0.1,1000,0.08267952519485734,0.03567750000001979,0,78,624
20,0.1,2,0.1,1400,0.03962714582693376,0.03754320000007283,0,78,624
20,0.1,2,0.1,600,0.06883809908493706,0.034525799999983064,0,78,624
20,0.1,2,0.1,1000,0.06521503760312777,0.03499029999989034,0,78,624
20,0.1,2,0.1,1400,0.03695800136780426,0.03469350000000304,0,78,624
20,0.1,2,0.1,600,0.051715874891972706,0.03505390000009356,0,78,624
20,0.1,2,0.1,1000,0.04630031454272486,0.03355320000014217,0,78,624
20,0.1,2,0.1,1400,0.04552965631379781,0.03580200000010336,0,78,624
20,0.1,2,0.1,600,0.00944595765656919,0.03392030000009072,0,78,624
20,0.1,2,0.1,1000,0.00535384100667411,0.03735429999983353,0,78,624
20,0.1,2,0.1,1400,0.005226092290605149,0.036305899999888425,0,78,624
20,0.1,2,0.5,600,134.06322758869626,0.03510069999992993,0,78,624
20,0.1,2,0.5,1000,128.86698064020388,0.03380129999982273,0,78,624
20,0.1,2,0.5,1400,127.9565693033088,0.04376079999997273,0,78,624
20,0.1,2,0.5,600,123.91296320055174,0.03734819999999672,0,78,624
20,0.1,2,0.5,1000,123.5975836532614,0.036534500000016124,0,78,624
20,0.1,2,0.5,1400,133.37049839331706,0.03731300000004012,0,78,624
20,0.1,2,0.5,600,66.52495063040178,0.04142260000003262,0,78,624
20,0.1,2,0.5,1000,66.81952089071376,0.04235309999990022,0,78,624
20,0.1,2,0.5,1400,57.222665698756025,0.041865799999868614,0,78,624
20,0.1,2,0.5,600,181.46666367179085,0.03375340000002325,0,78,624
20,0.1,2,0.5,1000,181.41882201892972,0.03377819999991516,0,78,624
20,0.1,2,0.5,1400,164.64639259302774,0.039124799999854076,0,78,624
20,0.1,2,0.5,600,62.08015931314535,0.03566870000008748,0,78,624
20,0.1,2,0.5,1000,62.290256155178746,0.03539109999996981,0,78,624
20,0.1,2,0.5,1400,62.363013828691116,0.035324700000046505,0,78,624
20,0.1,2,1.0,600,161.0812539372375,0.03977209999993647,0,78,624
20,0.1,2,1.0,1000,157.24094301993236,0.034602499999891734,0,78,624
20,0.1,2,1.0,1400,153.4084647981018,0.035976799999843934,0,78,624
20,0.1,2,1.0,600,76.50428832755631,0.034244999999827996,0,78,624
20,0.1,2,1.0,1000,76.50128522973645,0.03789449999999306,0,78,624
20,0.1,2,1.0,1400,98.10328459051782,0.03563210000015715,0,78,624
20,0.1,2,1.0,600,134.51053206220115,0.03686980000020412,0,78,624
20,0.1,2,1.0,1000,134.36476769296667,0.03616950000014185,0,78,624
20,0.1,2,1.0,1400,131.35707162296836,0.034205800000108866,0,78,624
20,0.1,2,1.0,600,109.76523317823002,0.03616170000009333,0,78,624
20,0.1,2,1.0,1000,109.7993502952828,0.03373969999984183,0,78,624
20,0.1,2,1.0,1400,106.32049265948376,0.04416700000001583,0,78,624
20,0.1,2,1.0,600,119.83952306239854,0.036054899999953705,0,78,624
20,0.1,2,1.0,1000,119.94373622949391,0.03928059999998368,0,78,624
20,0.1,2,1.0,1400,119.79624778640692,0.039094299999987925,0,78,624
20,0.1,2,5.0,600,147.07955516029588,0.03658199999995304,0,78,624
20,0.1,2,5.0,1000,142.41212794756498,0.034451999999873806,0,78,624
20,0.1,2,5.0,1400,133.63884143262888,0.035690999999815176,0,78,624
20,0.1,2,5.0,600,97.67676502989009,0.035380900000063775,0,78,624
20,0.1,2,5.0,1000,97.14662742784479,0.03706669999996848,0,78,624
20,0.1,2,5.0,1400,114.82662026345113,0.03583290000005945,0,78,624
20,0.1,2,5.0,600,132.60485206743684,0.03636610000012297,0,78,624
20,0.1,2,5.0,1000,132.92193999966136,0.03510380000011537,0,78,624
20,0.1,2,5.0,1400,123.68602434306717,0.03502470000012181,0,78,624
20,0.1,2,5.0,600,131.13939106639182,0.03518450000001394,0,78,624
20,0.1,2,5.0,1000,131.12947939781557,0.03775159999986499,0,78,624
20,0.1,2,5.0,1400,128.55411378108184,0.0344159999999647,0,78,624
20,0.1,2,5.0,600,149.15869845110285,0.03527570000005653,0,78,624
20,0.1,2,5.0,1000,149.48721669183885,0.03826429999980974,0,78,624
20,0.1,2,5.0,1400,149.28556220489153,0.03676420000010694,0,78,624
20,0.14736842105263157,2,0.1,600,162.99271312888195,0.04070539999997891,0,118,944
20,0.14736842105263157,2,0.1,1000,162.84137509632617,0.04026700000008532,0,118,944
20,0.14736842105263157,2,0.1,1400,162.79728953351415,0.04020799999989322,0,118,944
20,0.14736842105263157,2,0.1,600,103.86975367389324,0.04124000000001615,0,138,1104
20,0.14736842105263157,2,0.1,1000,102.27633358341203,0.03891440000006696,0,138,1104
20,0.14736842105263157,2,0.1,1400,102.58510699097779,0.04113159999997151,0,138,1104
20,0.14736842105263157,2,0.1,600,92.74910107401328,0.03888830000005328,0,122,976
20,0.14736842105263157,2,0.1,1000,92.86242919983228,0.03948979999995572,0,122,976
20,0.14736842105263157,2,0.1,1400,92.87405276787818,0.03863720000003923,0,122,976
20,0.14736842105263157,2,0.1,600,34.34790310107541,0.07426830000008522,0,134,1072
20,0.14736842105263157,2,0.1,1000,34.31837778803685,0.03872810000007121,0,134,1072
20,0.14736842105263157,2,0.1,1400,34.39833756018128,0.03957409999998163,0,134,1072
20,0.14736842105263157,2,0.1,600,118.9151766891737,0.041542699999808974,0,134,1072
20,0.14736842105263157,2,0.1,1000,118.89367882313759,0.03832409999995434,0,134,1072
20,0.14736842105263157,2,0.1,1400,118.78786024803318,0.04951419999997597,0,134,1072
20,0.14736842105263157,2,0.5,600,128.22927873978753,0.03936950000002071,0,118,944
20,0.14736842105263157,2,0.5,1000,117.97948862266809,0.040544400000044334,0,118,944
20,0.14736842105263157,2,0.5,1400,104.14813422774121,0.04285709999999199,0,118,944
20,0.14736842105263157,2,0.5,600,121.82013141756407,0.041862799999989875,0,138,1104
20,0.14736842105263157,2,0.5,1000,121.65349044555423,0.03955139999993662,0,138,1104
20,0.14736842105263157,2,0.5,1400,130.58695035881144,0.042075500000009924,0,138,1104
20,0.14736842105263157,2,0.5,600,140.50439268125066,0.04970649999995658,0,122,976
20,0.14736842105263157,2,0.5,1000,140.66816293034418,0.04008130000011079,0,122,976
20,0.14736842105263157,2,0.5,1400,131.89603764073718,0.04740130000004683,0,122,976
20,0.14736842105263157,2,0.5,600,167.8934009458176,0.04104200000006131,0,134,1072
20,0.14736842105263157,2,0.5,1000,167.48584644196652,0.06595599999991464,0,134,1072
20,0.14736842105263157,2,0.5,1400,159.1124874276504,0.04709939999997914,0,134,1072
20,0.14736842105263157,2,0.5,600,96.28460785536757,0.03980149999983951,0,134,1072
20,0.14736842105263157,2,0.5,1000,96.53714241840574,0.046527499999911015,0,134,1072
20,0.14736842105263157,2,0.5,1400,96.28639353750188,0.046010700000124416,0,134,1072
20,0.14736842105263157,2,1.0,600,189.91250396335226,0.039667400000098496,0,118,944
20,0.14736842105263157,2,1.0,1000,177.4394996008351,0.03961119999985385,0,118,944
20,0.14736842105263157,2,1.0,1400,175.6966518879696,0.03915289999986271,0,118,944
20,0.14736842105263157,2,1.0,600,72.32619133922123,0.03876839999998083,0,138,1104
20,0.14736842105263157,2,1.0,1000,71.93226567553525,0.04126799999994546,0,138,1104
20,0.14736842105263157,2,1.0,1400,88.79331485781258,0.04069159999994554,0,138,1104
20,0.14736842105263157,2,1.0,600,138.92129044503477,0.038771900000028836,0,122,976
20,0.14736842105263157,2,1.0,1000,139.0208111455273,0.03646179999986998,0,122,976
20,0.14736842105263157,2,1.0,1400,137.9102871228728,0.040836399999989226,0,122,976
20,0.14736842105263157,2,1.0,600,127.58315059603946,0.04560459999993327,0,134,1072
20,0.14736842105263157,2,1.0,1000,127.49557540834016,0.044449499999927866,0,134,1072
20,0.14736842105263157,2,1.0,1400,122.17152656685515,0.04660110000008899,0,134,1072
20,0.14736842105263157,2,1.0,600,130.66784088301802,0.04709800000000541,0,134,1072
20,0.14736842105263157,2,1.0,1000,130.2573804269876,0.041820400000005975,0,134,1072
20,0.14736842105263157,2,1.0,1400,130.01461235770205,0.043156400000043504,0,134,1072
20,0.14736842105263157,2,5.0,600,145.60591289127476,0.037306900000203314,0,118,944
20,0.14736842105263157,2,5.0,1000,143.07640987356967,0.03837490000000798,0,118,944
20,0.14736842105263157,2,5.0,1400,137.52383195067733,0.03794310000012047,0,118,944
20,0.14736842105263157,2,5.0,600,89.51355000749642,0.038271900000154346,0,138,1104
20,0.14736842105263157,2,5.0,1000,89.11617494383286,0.042341899999883026,0,138,1104
20,0.14736842105263157,2,5.0,1400,108.97818412431226,0.0432604000000083,0,138,1104
20,0.14736842105263157,2,5.0,600,142.79026049672217,0.047738299999991796,0,122,976
20,0.14736842105263157,2,5.0,1000,143.01497809036036,0.03826899999990019,0,122,976
20,0.14736842105263157,2,5.0,1400,142.01300956193128,0.0399337999999716,0,122,976
20,0.14736842105263157,2,5.0,600,134.08389756003893,0.04193179999992935,0,134,1072
20,0.14736842105263157,2,5.0,1000,133.78251873246552,0.03681529999994382,0,134,1072
20,0.14736842105263157,2,5.0,1400,128.93674774566156,0.04062060000001111,0,134,1072
20,0.14736842105263157,2,5.0,600,128.64723170296108,0.041264799999908064,0,134,1072
20,0.14736842105263157,2,5.0,1000,126.58154787897521,0.03911489999995865,0,134,1072
20,0.14736842105263157,2,5.0,1400,126.46961123720594,0.04066899999997986,0,134,1072
20,0.1,4,0.1,600,0.1990986960455692,0.0393387999999959,0,78,624
20,0.1,4,0.1,1000,0.050236346121217995,0.035218400000076144,0,78,624
20,0.1,4,0.1,1400,0.048178665445065876,0.04156839999996009,0,78,624
20,0.1,4,0.1,600,0.10780358106595123,0.03840559999980542,0,78,624
20,0.1,4,0.1,1000,0.10150926357174325,0.03593829999999798,0,78,624
20,0.1,4,0.1,1400,0.027661045672418713,0.039543300000104864,0,78,624
20,0.1,4,0.1,600,0.012644710141312205,0.08420399999999972,0,78,624
20,0.1,4,0.1,1000,0.010385292506184245,0.08735959999989973,0,78,624
20,0.1,4,0.1,1400,0.011265048001611468,0.08355610000012348,0,78,624
20,0.1,4,0.1,600,0.1181068450398965,0.04068120000010822,0,78,624
20,0.1,4,0.1,1000,0.11240662552591871,0.044314299999996365,0,78,624
20,0.1,4,0.1,1400,0.037534755060858904,0.04745909999996911,0,78,624
20,0.1,4,0.1,600,0.026135447011896656,0.046070300000110365,0,78,624
20,0.1,4,0.1,1000,0.02096255603747213,0.04281059999993886,0,78,624
20,0.1,4,0.1,1400,0.018523479633117984,0.05188160000011521,0,78,624
20,0.1,4,0.5,600,157.43729264178768,0.04667599999993399,0,78,624
20,0.1,4,0.5,1000,156.5993148087204,0.05422450000014578,0,78,624
20,0.1,4,0.5,1400,156.31238395161108,0.04700150000007852,0,78,624
20,0.1,4,0.5,600,149.9809890280807,0.043091100000083316,0,78,624
20,0.1,4,0.5,1000,150.2587964055173,0.043311099999982616,0,78,624
20,0.1,4,0.5,1400,143.82958151938237,0.0411477999998624,0,78,624
20,0.1,4,0.5,600,179.06483917506227,0.06338699999992059,0,78,624
20,0.1,4,0.5,1000,179.47402326953872,0.0953581999999642,0,78,624
20,0.1,4,0.5,1400,181.6252917790998,0.08044319999999061,0,78,624
20,0.1,4,0.5,600,103.02963124048026,0.0374323999999433,0,78,624
20,0.1,4,0.5,1000,103.63781257660018,0.04176839999990989,0,78,624
20,0.1,4,0.5,1400,93.52910438673626,0.051688000000012835,0,78,624
20,0.1,4,0.5,600,130.0700527761352,0.0460705999998936,0,78,624
20,0.1,4,0.5,1000,130.76770548048268,0.0432376999999633,0,78,624
20,0.1,4,0.5,1400,130.3459707174041,0.044633299999986775,0,78,624
20,0.1,4,1.0,600,145.42321880814328,0.040495499999906315,0,78,624
20,0.1,4,1.0,1000,145.1566191170229,0.044465800000125455,0,78,624
20,0.1,4,1.0,1400,145.18527522283398,0.0422843000001194,0,78,624
20,0.1,4,1.0,600,150.2825893118519,0.06561680000004344,0,78,624
20,0.1,4,1.0,1000,150.36508391012936,0.03942219999998997,0,78,624
20,0.1,4,1.0,1400,127.47135283703338,0.04838259999996808,0,78,624
20,0.1,4,1.0,600,172.49413655768663,0.04021209999996245,0,78,624
20,0.1,4,1.0,1000,172.55671103708795,0.040390300000126445,0,78,624
20,0.1,4,1.0,1400,172.35586436277055,0.0430197999999109,0,78,624
20,0.1,4,1.0,600,150.16999316638933,0.045581000000083804,0,78,624
20,0.1,4,1.0,1000,150.67901066804575,0.04223940000019866,0,78,624
20,0.1,4,1.0,1400,150.1834157488495,0.04940370000008443,0,78,624
20,0.1,4,1.0,600,119.55517116484269,0.057308100000000195,0,78,624
20,0.1,4,1.0,1000,120.50099888908814,0.05958429999986947,0,78,624
20,0.1,4,1.0,1400,120.08555415815397,0.05274850000000697,0,78,624
20,0.1,4,5.0,600,164.63953748163897,0.05472020000001976,0,78,624
20,0.1,4,5.0,1000,158.02960998563455,0.050144699999918885,0,78,624
20,0.1,4,5.0,1400,157.86348926603287,0.046482799999921554,0,78,624
20,0.1,4,5.0,600,136.71357508619727,0.04018230000019685,0,78,624
20,0.1,4,5.0,1000,136.86633832766674,0.03877450000004501,0,78,624
20,0.1,4,5.0,1400,120.94340729597653,0.03855999999996129,0,78,624
20,0.1,4,5.0,600,140.7773252343075,0.04618520000008175,0,78,624
20,0.1,4,5.0,1000,140.99896778539727,0.04195389999995314,0,78,624
20,0.1,4,5.0,1400,140.68813295892937,0.04861879999998564,0,78,624
20,0.1,4,5.0,600,130.89794494656195,0.06210209999994731,0,78,624
20,0.1,4,5.0,1000,131.3418495931283,0.04118790000006811,0,78,624
20,0.1,4,5.0,1400,128.158514477009,0.04561589999980242,0,78,624
20,0.1,4,5.0,600,131.77736763779362,0.03998700000011013,0,78,624
20,0.1,4,5.0,1000,131.90934537135252,0.041156799999953364,0,78,624
20,0.1,4,5.0,1400,131.85482948057341,0.04424779999999373,0,78,624
20,0.1,4,0.1,600,0.1990986960455692,0.03998649999994086,0,78,624
20,0.1,4,0.1,1000,0.050236346121217995,0.045949800000016694,0,78,624
20,0.1,4,0.1,1400,0.048178665445065876,0.03939659999991818,0,78,624
20,0.1,4,0.1,600,0.10780358106595123,0.03835170000002108,0,78,624
20,0.1,4,0.1,1000,0.10150926357174325,0.042206100000157676,0,78,624
20,0.1,4,0.1,1400,0.027661045672418713,0.04184709999981351,0,78,624
20,0.1,4,0.1,600,0.012644710141312205,0.04453730000000178,0,78,624
20,0.1,4,0.1,1000,0.010385292506184245,0.04371100000003025,0,78,624
20,0.1,4,0.1,1400,0.011265048001611468,0.04145779999998922,0,78,624
20,0.1,4,0.1,600,0.1181068450398965,0.03932069999996202,0,78,624
20,0.1,4,0.1,1000,0.11240662552591871,0.04347419999999147,0,78,624
20,0.1,4,0.1,1400,0.037534755060858904,0.0493228000000272,0,78,624
20,0.1,4,0.1,600,0.026135447011896656,0.038323100000070554,0,78,624
20,0.1,4,0.1,1000,0.02096255603747213,0.03981969999995272,0,78,624
20,0.1,4,0.1,1400,0.018523479633117984,0.04397760000006201,0,78,624
20,0.1,4,0.5,600,157.43729264178768,0.035632300000088435,0,78,624
20,0.1,4,0.5,1000,156.5993148087204,0.037654400000064925,0,78,624
20,0.1,4,0.5,1400,156.31238395161108,0.03849439999999049,0,78,624
20,0.1,4,0.5,600,149.9809890280807,0.03603150000003552,0,78,624
20,0.1,4,0.5,1000,150.2587964055173,0.038413499999933265,0,78,624
20,0.1,4,0.5,1400,143.82958151938237,0.0357189000001199,0,78,624
20,0.1,4,0.5,600,179.06483917506227,0.036859600000070714,0,78,624
20,0.1,4,0.5,1000,179.47402326953872,0.036977600000000166,0,78,624
20,0.1,4,0.5,1400,181.6252917790998,0.03975409999998192,0,78,624
20,0.1,4,0.5,600,103.02963124048026,0.04110889999992651,0,78,624
20,0.1,4,0.5,1000,103.63781257660018,0.036111099999970975,0,78,624
20,0.1,4,0.5,1400,93.52910438673626,0.04139989999998761,0,78,624
20,0.1,4,0.5,600,130.0700527761352,0.03557320000004438,0,78,624
20,0.1,4,0.5,1000,130.76770548048268,0.039405199999919205,0,78,624
20,0.1,4,0.5,1400,130.3459707174041,0.036080200000014884,0,78,624
20,0.1,4,1.0,600,145.42321880814328,0.03339260000007016,0,78,624
20,0.1,4,1.0,1000,145.1566191170229,0.034881399999903806,0,78,624
20,0.1,4,1.0,1400,145.18527522283398,0.03486940000016148,0,78,624
20,0.1,4,1.0,600,150.2825893118519,0.0348873000000367,0,78,624
20,0.1,4,1.0,1000,150.36508391012936,0.03609550000010131,0,78,624
20,0.1,4,1.0,1400,127.47135283703338,0.034421399999928326,0,78,624
20,0.1,4,1.0,600,172.49413655768663,0.03500510000003487,0,78,624
20,0.1,4,1.0,1000,172.55671103708795,0.034485399999994115,0,78,624
20,0.1,4,1.0,1400,172.35586436277055,0.03467060000002675,0,78,624
20,0.1,4,1.0,600,150.16999316638933,0.03385260000004564,0,78,624
20,0.1,4,1.0,1000,150.67901066804575,0.034702600000173334,0,78,624
20,0.1,4,1.0,1400,150.1834157488495,0.03514679999989312,0,78,624
20,0.1,4,1.0,600,119.55517116484269,0.034012000000075204,0,78,624
20,0.1,4,1.0,1000,120.50099888908814,0.033454600000141,0,78,624
20,0.1,4,1.0,1400,120.08555415815397,0.033831599999984974,0,78,624
20,0.1,4,5.0,600,164.63953748163897,0.03558019999991302,0,78,624
20,0.1,4,5.0,1000,158.02960998563455,0.0368433000001005,0,78,624
20,0.1,4,5.0,1400,157.86348926603287,0.03980320000005122,0,78,624
20,0.1,4,5.0,600,136.71357508619727,0.036382599999797094,0,78,624
20,0.1,4,5.0,1000,136.86633832766674,0.03509570000005624,0,78,624
20,0.1,4,5.0,1400,120.94340729597653,0.04399269999998978,0,78,624
20,0.1,4,5.0,600,140.7773252343075,0.0358326999999008,0,78,624
20,0.1,4,5.0,1000,140.99896778539727,0.037026100000048245,0,78,624
20,0.1,4,5.0,1400,140.68813295892937,0.03729169999996884,0,78,624
20,0.1,4,5.0,600,130.89794494656195,0.034891900000047826,0,78,624
20,0.1,4,5.0,1000,131.3418495931283,0.035750100000086604,0,78,624
20,0.1,4,5.0,1400,128.158514477009,0.04290639999999257,0,78,624
20,0.1,4,5.0,600,131.77736763779362,0.034325799999805895,0,78,624
20,0.1,4,5.0,1000,131.90934537135252,0.03596870000001218,0,78,624
20,0.1,4,5.0,1400,131.85482948057341,0.03420190000019829,0,78,624
20,0.14736842105263157,4,0.1,600,100.60703570391921,0.03904429999988679,0,134,1072
20,0.14736842105263157,4,0.1,1000,99.95711927198371,0.03935449999994489,0,134,1072
20,0.14736842105263157,4,0.1,1400,99.89353303045387,0.03980909999995674,0,134,1072
20,0.14736842105263157,4,0.1,600,75.0287928872125,0.040545699999938734,0,122,976
20,0.14736842105263157,4,0.1,1000,74.78934487419589,0.03841360000001259,0,122,976
20,0.14736842105263157,4,0.1,1400,74.28458916065414,0.04263859999991837,0,122,976
20,0.14736842105263157,4,0.1,600,61.8696577005066,0.03786249999984648,0,122,976
20,0.14736842105263157,4,0.1,1000,61.78425163344381,0.038428599999861035,0,122,976
20,0.14736842105263157,4,0.1,1400,61.776869076527454,0.03977850000001126,0,122,976
20,0.14736842105263157,4,0.1,600,113.76810555748821,0.036035999999967316,0,134,1072
20,0.14736842105263157,4,0.1,1000,114.17499624430961,0.05984800000010182,0,134,1072
20,0.14736842105263157,4,0.1,1400,96.22763736086466,0.038118800000120245,0,134,1072
20,0.14736842105263157,4,0.1,600,88.9878614289475,0.03713800000014089,0,126,1008
20,0.14736842105263157,4,0.1,1000,88.8261712338234,0.04020270000000892,0,126,1008
20,0.14736842105263157,4,0.1,1400,88.83506141085573,0.03812629999993078,0,126,1008
20,0.14736842105263157,4,0.5,600,120.18092944360501,0.03784780000000865,0,134,1072
20,0.14736842105263157,4,0.5,1000,118.79559625699576,0.038839600000073915,0,134,1072
20,0.14736842105263157,4,0.5,1400,118.68910108270917,0.038347799999883136,0,134,1072
20,0.14736842105263157,4,0.5,600,106.74870138239376,0.03899079999996502,0,122,976
20,0.14736842105263157,4,0.5,1000,104.26382680519986,0.03739980000000287,0,122,976
20,0.14736842105263157,4,0.5,1400,97.89241854407058,0.039659000000028755,0,122,976
20,0.14736842105263157,4,0.5,600,187.11703017180594,0.03811269999982869,0,122,976
20,0.14736842105263157,4,0.5,1000,186.22343554143146,0.04011070000001382,0,122,976
20,0.14736842105263157,4,0.5,1400,182.99453893771042,0.038618799999994735,0,122,976
20,0.14736842105263157,4,0.5,600,129.26837888757265,0.039320800000041345,0,134,1072
20,0.14736842105263157,4,0.5,1000,129.40184986819534,0.041130900000098336,0,134,1072
20,0.14736842105263157,4,0.5,1400,121.40529811799172,0.03788129999998091,0,134,1072
20,0.14736842105263157,4,0.5,600,165.31076052325275,0.03787910000005468,0,126,1008
20,0.14736842105263157,4,0.5,1000,166.2655674488083,0.03750719999993635,0,126,1008
20,0.14736842105263157,4,0.5,1400,167.5925519092378,0.040977399999974295,0,126,1008
20,0.14736842105263157,4,1.0,600,116.9563231492695,0.0375762000001032,0,134,1072
20,0.14736842105263157,4,1.0,1000,106.80096188212356,0.038395699999909993,0,134,1072
20,0.14736842105263157,4,1.0,1400,106.84385856963245,0.037843900000098074,0,134,1072
20,0.14736842105263157,4,1.0,600,144.82507345918222,0.0379824000001463,0,122,976
20,0.14736842105263157,4,1.0,1000,139.6872668452103,0.037748199999896315,0,122,976
20,0.14736842105263157,4,1.0,1400,118.90410327032886,0.0397422999999435,0,122,976
20,0.14736842105263157,4,1.0,600,143.89898326319232,0.03706770000007964,0,122,976
20,0.14736842105263157,4,1.0,1000,139.45557250094734,0.03855559999988145,0,122,976
20,0.14736842105263157,4,1.0,1400,139.33071661752226,0.03837010000006558,0,122,976
20,0.14736842105263157,4,1.0,600,149.9445094445791,0.03802219999988665,0,134,1072
20,0.14736842105263157,4,1.0,1000,150.10605443154924,0.037657100000160426,0,134,1072
20,0.14736842105263157,4,1.0,1400,148.4980785175196,0.039789300000165895,0,134,1072
20,0.14736842105263157,4,1.0,600,116.63426585699422,0.04422500000009677,0,126,1008
20,0.14736842105263157,4,1.0,1000,117.28076574312006,0.037514599999894926,0,126,1008
20,0.14736842105263157,4,1.0,1400,120.31549341898209,0.03915150000011636,0,126,1008
20,0.14736842105263157,4,5.0,600,122.2762728514444,0.04128809999997429,0,134,1072
20,0.14736842105263157,4,5.0,1000,116.64271666695312,0.038410200000043915,0,134,1072
20,0.14736842105263157,4,5.0,1400,116.57625573097971,0.03916150000009111,0,134,1072
20,0.14736842105263157,4,5.0,600,130.5498574339726,0.03980099999989761,0,122,976
20,0.14736842105263157,4,5.0,1000,129.66900571294582,0.03959199999985685,0,122,976
20,0.14736842105263157,4,5.0,1400,116.2623712207316,0.03793949999999313,0,122,976
20,0.14736842105263157,4,5.0,600,127.85682066806983,0.03900859999998829,0,122,976
20,0.14736842105263157,4,5.0,1000,126.05875205971864,0.03903079999986403,0,122,976
20,0.14736842105263157,4,5.0,1400,130.97350614884263,0.04087540000000445,0,122,976
20,0.14736842105263157,4,5.0,600,138.42086978745215,0.04349010000009912,0,134,1072
20,0.14736842105263157,4,5.0,1000,138.6873891773889,0.03874749999999949,0,134,1072
20,0.14736842105263157,4,5.0,1400,127.78058690915243,0.03936589999989337,0,134,1072
20,0.14736842105263157,4,5.0,600,122.71730332827438,0.0380368000000999,0,126,1008
20,0.14736842105263157,4,5.0,1000,122.81919697799448,0.038509999999860156,0,126,1008
20,0.14736842105263157,4,5.0,1400,126.73476853301851,0.037754599999971106,0,126,1008
20,0.19473684210526315,4,0.1,600,139.96974781185662,0.040044300000090516,0,190,1520
20,0.19473684210526315,4,0.1,1000,140.26217575198908,0.04206460000000334,0,190,1520
20,0.19473684210526315,4,0.1,1400,140.35312405482372,0.04187309999997524,0,190,1520
20,0.19473684210526315,4,0.1,600,164.31595737575975,0.04138009999996939,0,222,1776
20,0.19473684210526315,4,0.1,1000,164.80426671359973,0.041999699999905715,0,222,1776
20,0.19473684210526315,4,0.1,1400,123.43323168464855,0.04340799999999945,0,222,1776
20,0.19473684210526315,4,0.1,600,104.73289345096114,0.040465199999971446,0,194,1552
20,0.19473684210526315,4,0.1,1000,104.72503503641703,0.042106099999955404,0,194,1552
20,0.19473684210526315,4,0.1,1400,104.600688560346,0.041925400000081936,0,194,1552
20,0.19473684210526315,4,0.1,600,126.85061546976831,0.040648599999940416,0,198,1584
20,0.19473684210526315,4,0.1,1000,127.02003239834542,0.04335500000001957,0,198,1584
20,0.19473684210526315,4,0.1,1400,128.67596972794857,0.041031900000007226,0,198,1584
20,0.19473684210526315,4,0.1,600,88.48678666272221,0.041318700000147146,0,226,1808
20,0.19473684210526315,4,0.1,1000,88.3725360831594,0.043393499999865526,0,226,1808
20,0.19473684210526315,4,0.1,1400,88.2543040744781,0.04372230000012678,0,226,1808
20,0.19473684210526315,4,0.5,600,99.05787887896274,0.04137089999994714,0,190,1520
20,0.19473684210526315,4,0.5,1000,99.03564371331318,0.04090209999981198,0,190,1520
20,0.19473684210526315,4,0.5,1400,99.05946104132666,0.044178999999985535,0,190,1520
20,0.19473684210526315,4,0.5,600,130.63123742629793,0.04006870000011986,0,222,1776
20,0.19473684210526315,4,0.5,1000,123.61388293170009,0.05690160000017386,0,222,1776
20,0.19473684210526315,4,0.5,1400,126.23746166896478,0.06429329999991751,0,222,1776
20,0.19473684210526315,4,0.5,600,131.56693198522112,0.055222500000127184,0,194,1552
20,0.19473684210526315,4,0.5,1000,132.03447511114024,0.10046339999985321,0,194,1552
20,0.19473684210526315,4,0.5,1400,130.3567442278376,0.050171899999895686,0,194,1552
20,0.19473684210526315,4,0.5,600,91.00492595693723,0.05287799999996423,0,198,1584
20,0.19473684210526315,4,0.5,1000,91.20489780153561,0.05578119999995579,0,198,1584
20,0.19473684210526315,4,0.5,1400,93.01682280028058,0.04747160000010808,0,198,1584
20,0.19473684210526315,4,0.5,600,123.62724009935737,0.03880400000002737,0,226,1808
20,0.19473684210526315,4,0.5,1000,123.72168409251675,0.03963459999999941,0,226,1808
20,0.19473684210526315,4,0.5,1400,124.01637447153321,0.04798260000006849,0,226,1808
20,0.19473684210526315,4,1.0,600,110.91465889290001,0.045245699999895805,0,190,1520
20,0.19473684210526315,4,1.0,1000,103.46467421883264,0.05312470000012581,0,190,1520
20,0.19473684210526315,4,1.0,1400,103.58835279518668,0.04897679999999127,0,190,1520
20,0.19473684210526315,4,1.0,600,119.51153051229187,0.04224599999997736,0,222,1776
20,0.19473684210526315,4,1.0,1000,117.26523605325023,0.0412644000000455,0,222,1776
20,0.19473684210526315,4,1.0,1400,105.64033526068395,0.0440932999999859,0,222,1776
20,0.19473684210526315,4,1.0,600,131.57020822251675,0.056284200000163764,0,194,1552
20,0.19473684210526315,4,1.0,1000,132.44511277127677,0.04915350000010221,0,194,1552
20,0.19473684210526315,4,1.0,1400,137.5560406538624,0.04351829999995971,0,194,1552
20,0.19473684210526315,4,1.0,600,131.08863885681413,0.04328740000005382,0,198,1584
20,0.19473684210526315,4,1.0,1000,131.09109345746626,0.0425539000000299,0,198,1584
20,0.19473684210526315,4,1.0,1400,126.5709918561216,0.04224619999990864,0,198,1584
20,0.19473684210526315,4,1.0,600,116.8258201125298,0.04379539999990811,0,226,1808
20,0.19473684210526315,4,1.0,1000,117.57536631348873,0.044630300000108036,0,226,1808
20,0.19473684210526315,4,1.0,1400,117.86069809014197,0.051926600000115286,0,226,1808
20,0.19473684210526315,4,5.0,600,97.07460057641721,0.04318760000001021,0,190,1520
20,0.19473684210526315,4,5.0,1000,89.50193105020637,0.057041300000037154,0,190,1520
20,0.19473684210526315,4,5.0,1400,89.47770860185632,0.048263499999848136,0,190,1520
20,0.19473684210526315,4,5.0,600,111.71149574431551,0.046563300000116215,0,222,1776
20,0.19473684210526315,4,5.0,1000,111.37083861590474,0.04221810000012738,0,222,1776
20,0.19473684210526315,4,5.0,1400,102.00943606445938,0.04186289999984183,0,222,1776
20,0.19473684210526315,4,5.0,600,114.19837270046648,0.04325979999998708,0,194,1552
20,0.19473684210526315,4,5.0,1000,115.85899214372807,0.04714790000002722,0,194,1552
20,0.19473684210526315,4,5.0,1400,117.49593472744755,0.05386720000001333,0,194,1552
20,0.19473684210526315,4,5.0,600,116.07607262781195,0.046004899999843474,0,198,1584
20,0.19473684210526315,4,5.0,1000,112.66878139949954,0.04353740000010475,0,198,1584
20,0.19473684210526315,4,5.0,1400,111.52778717856407,0.04434620000006362,0,198,1584
20,0.19473684210526315,4,5.0,600,114.20225504913114,0.04455540000003566,0,226,1808
20,0.19473684210526315,4,5.0,1000,112.44483754176602,0.04379889999995612,0,226,1808
20,0.19473684210526315,4,5.0,1400,119.45890333863227,0.04408590000002732,0,226,1808
20,0.29473684210526313,4,0.1,600,95.84999611758504,0.05338849999998274,0,470,3760
20,0.29473684210526313,4,0.1,1000,74.49829204700971,0.05083700000000135,0,470,3760
20,0.29473684210526313,4,0.1,1400,74.33326424762446,0.04979849999995167,0,470,3760
20,0.29473684210526313,4,0.1,600,118.16798605470917,0.052600700000084544,0,1034,8272
20,0.29473684210526313,4,0.1,1000,118.36727070456831,0.051215899999988324,0,1034,8272
20,0.29473684210526313,4,0.1,1400,116.51586139404371,0.0528321000001597,0,1034,8272
20,0.29473684210526313,4,0.1,600,38.56252364824944,0.05875749999995605,0,918,7344
20,0.29473684210526313,4,0.1,1000,42.22123082116904,0.05207819999986896,0,918,7344
20,0.29473684210526313,4,0.1,1400,43.54580392462151,0.05417699999998149,0,918,7344
20,0.29473684210526313,4,0.1,600,67.68083175994444,0.049402399999962654,0,810,6480
20,0.29473684210526313,4,0.1,1000,67.76200139427158,0.05537840000010874,0,810,6480
20,0.29473684210526313,4,0.1,1400,61.42379137650531,0.05091859999993176,0,810,6480
20,0.29473684210526313,4,0.1,600,83.33602746346378,0.049827399999912814,0,682,5456
20,0.29473684210526313,4,0.1,1000,83.34313526203513,0.0510853999999199,0,682,5456
20,0.29473684210526313,4,0.1,1400,83.62912709688187,0.056563800000049014,0,682,5456
20,0.29473684210526313,4,0.5,600,84.09159383609249,0.04958329999999478,0,470,3760
20,0.29473684210526313,4,0.5,1000,78.71424164302697,0.04965519999996104,0,470,3760
20,0.29473684210526313,4,0.5,1400,78.80238499898499,0.051776499999959924,0,470,3760
20,0.29473684210526313,4,0.5,600,74.4724171973097,0.04858889999991334,0,1034,8272
20,0.29473684210526313,4,0.5,1000,72.40489111023787,0.05503359999988788,0,1034,8272
20,0.29473684210526313,4,0.5,1400,72.14256121240084,0.05099710000013147,0,1034,8272
20,0.29473684210526313,4,0.5,600,94.0627939276569,0.05033570000000509,0,918,7344
20,0.29473684210526313,4,0.5,1000,95.13606827467787,0.054175499999928434,0,918,7344
20,0.29473684210526313,4,0.5,1400,95.48729897553102,0.05214309999996658,0,918,7344
20,0.29473684210526313,4,0.5,600,79.22502481052265,0.05443979999995463,0,810,6480
20,0.29473684210526313,4,0.5,1000,79.1288668979734,0.0555967000000237,0,810,6480
20,0.29473684210526313,4,0.5,1400,85.8132133898366,0.09878700000012941,0,810,6480
20,0.29473684210526313,4,0.5,600,110.2918282846858,0.062323699999979,0,682,5456
20,0.29473684210526313,4,0.5,1000,108.39039394337084,0.057223700000122335,0,682,5456
20,0.29473684210526313,4,0.5,1400,109.43691515635498,0.05726890000005369,0,682,5456
20,0.29473684210526313,4,1.0,600,85.03779088142815,0.05535540000005312,0,470,3760
20,0.29473684210526313,4,1.0,1000,83.0898375826491,0.06433880000008685,0,470,3760
20,0.29473684210526313,4,1.0,1400,83.10586327933774,0.05894580000017413,0,470,3760
20,0.29473684210526313,4,1.0,600,95.01298259670054,0.05384049999997842,0,1034,8272
20,0.29473684210526313,4,1.0,1000,93.13238911431229,0.05688329999998132,0,1034,8272
20,0.29473684210526313,4,1.0,1400,91.37682644504252,0.06105119999983799,0,1034,8272
20,0.29473684210526313,4,1.0,600,91.33935098543624,0.05576470000005429,0,918,7344
20,0.29473684210526313,4,1.0,1000,91.51858590327026,0.06216879999988123,0,918,7344
20,0.29473684210526313,4,1.0,1400,112.35660256272675,0.07170739999992293,0,918,7344
20,0.29473684210526313,4,1.0,600,100.71231797178687,0.05777360000001863,0,810,6480
20,0.29473684210526313,4,1.0,1000,100.61603116938261,0.0544371000000865,0,810,6480
20,0.29473684210526313,4,1.0,1400,103.05947449612574,0.08085830000004535,0,810,6480
20,0.29473684210526313,4,1.0,600,117.27898053814266,0.055199600000150895,0,682,5456
20,0.29473684210526313,4,1.0,1000,117.45887063089553,0.06580079999980626,0,682,5456
20,0.29473684210526313,4,1.0,1400,119.00072142159553,0.06132109999998647,0,682,5456
20,0.29473684210526313,4,5.0,600,65.61395605708829,0.050796199999922464,0,470,3760
20,0.29473684210526313,4,5.0,1000,62.58770800063596,0.06183899999996356,0,470,3760
20,0.29473684210526313,4,5.0,1400,62.60339241167572,0.05092519999993783,0,470,3760
20,0.29473684210526313,4,5.0,600,91.67568043275755,0.05168539999999666,0,1034,8272
20,0.29473684210526313,4,5.0,1000,90.65142079905806,0.05561389999979838,0,1034,8272
20,0.29473684210526313,4,5.0,1400,85.25256043068424,0.058598599999868384,0,1034,8272
20,0.29473684210526313,4,5.0,600,89.19281569789297,0.0836687000000893,0,918,7344
20,0.29473684210526313,4,5.0,1000,89.89366880656793,0.06008169999995516,0,918,7344
20,0.29473684210526313,4,5.0,1400,87.69235627163805,0.06058359999997265,0,918,7344
20,0.29473684210526313,4,5.0,600,91.95388737642881,0.06029639999997016,0,810,6480
20,0.29473684210526313,4,5.0,1000,88.20122465151641,0.06420759999991787,0,810,6480
20,0.29473684210526313,4,5.0,1400,91.06386388505197,0.08485889999997198,0,810,6480
20,0.29473684210526313,4,5.0,600,92.03721487175387,0.04997370000000956,0,682,5456
20,0.29473684210526313,4,5.0,1000,91.24807427341226,0.05770759999995789,0,682,5456
20,0.29473684210526313,4,5.0,1400,94.98940428880694,0.05146199999990131,0,682,5456
20,0.1,6,0.1,600,0.09648383920884156,0.03608380000014222,0,78,624
20,0.1,6,0.1,1000,0.048266435050130146,0.03384510000000773,0,78,624
20,0.1,6,0.1,1400,0.05006461726072538,0.033963800000037736,0,78,624
20,0.1,6,0.1,600,0.06299507589272436,0.03323729999988245,0,78,624
20,0.1,6,0.1,1000,0.040202945605934966,0.03572589999998854,0,78,624
20,0.1,6,0.1,1400,0.006617056010705798,0.036867700000129844,0,78,624
20,0.1,6,0.1,600,0.093514958573514,0.03401429999985339,0,78,624
20,0.1,6,0.1,1000,0.08038298527904604,0.03390480000007301,0,78,624
20,0.1,6,0.1,1400,0.07934673149126092,0.034200999999939086,0,78,624
20,0.1,6,0.1,600,0.10071520052528227,0.03456109999979162,0,78,624
20,0.1,6,0.1,1000,0.014820567915944083,0.03331180000009226,0,78,624
20,0.1,6,0.1,1400,0.01322675668914582,0.03341380000006211,0,78,624
20,0.1,6,0.1,600,0.2794238468082553,0.03491940000003524,0,78,624
20,0.1,6,0.1,1000,0.07251558160821985,0.03705760000002556,0,78,624
20,0.1,6,0.1,1400,0.024647600530855372,0.03383709999980056,0,78,624
20,0.1,6,0.5,600,195.82467577314017,0.0334434000001238,0,78,624
20,0.1,6,0.5,1000,175.82088412054145,0.034106900000097085,0,78,624
20,0.1,6,0.5,1400,176.1771056237525,0.035251000000016575,0,78,624
20,0.1,6,0.5,600,141.1320909193793,0.03347440000015922,0,78,624
20,0.1,6,0.5,1000,144.2686336059,0.03452389999984007,0,78,624
20,0.1,6,0.5,1400,139.90629224746408,0.034375700000055076,0,78,624
20,0.1,6,0.5,600,116.1750334271499,0.03401890000009189,0,78,624
20,0.1,6,0.5,1000,120.13147893613878,0.03621689999999944,0,78,624
20,0.1,6,0.5,1400,120.03502414443614,0.033667400000013004,0,78,624
20,0.1,6,0.5,600,78.43144935725695,0.03779109999982211,0,78,624
20,0.1,6,0.5,1000,71.75448696351125,0.033925100000033126,0,78,624
20,0.1,6,0.5,1400,72.54453129783799,0.03381319999994048,0,78,624
20,0.1,6,0.5,600,186.2172414447135,0.03548539999997047,0,78,624
20,0.1,6,0.5,1000,153.4110064127294,0.034324599999990824,0,78,624
20,0.1,6,0.5,1400,148.6566176167538,0.03403709999997773,0,78,624
20,0.1,6,1.0,600,159.90782203685805,0.03444739999986268,0,78,624
20,0.1,6,1.0,1000,150.46582819135682,0.0334639000000152,0,78,624
20,0.1,6,1.0,1400,150.6748815897777,0.03367500000013024,0,78,624
20,0.1,6,1.0,600,96.85623885685617,0.03520270000012715,0,78,624
20,0.1,6,1.0,1000,91.36323491511396,0.03275600000006307,0,78,624
20,0.1,6,1.0,1400,91.25027527984614,0.042443000000048414,0,78,624
20,0.1,6,1.0,600,150.8401609929932,0.03308839999999691,0,78,624
20,0.1,6,1.0,1000,157.69473651272835,0.032166799999913565,0,78,624
20,0.1,6,1.0,1400,158.29036566103196,0.03320710000002691,0,78,624
20,0.1,6,1.0,600,126.98998536443156,0.03373310000006313,0,78,624
20,0.1,6,1.0,1000,109.48250275026497,0.03322229999980664,0,78,624
20,0.1,6,1.0,1400,110.1017720809775,0.03695960000004561,0,78,624
20,0.1,6,1.0,600,155.65343228838077,0.03241830000001755,0,78,624
20,0.1,6,1.0,1000,120.47926141078787,0.03221439999992981,0,78,624
20,0.1,6,1.0,1400,112.23505953398684,0.03237669999998616,0,78,624
20,0.1,6,5.0,600,129.17662014395944,0.03225309999993442,0,78,624
20,0.1,6,5.0,1000,123.262931395309,0.03219830000011825,0,78,624
20,0.1,6,5.0,1400,123.47105178667309,0.03316050000012183,0,78,624
20,0.1,6,5.0,600,129.34096704000166,0.03326979999997093,0,78,624
20,0.1,6,5.0,1000,128.9934348865015,0.03273439999998118,0,78,624
20,0.1,6,5.0,1400,128.16603751277412,0.033453599999802464,0,78,624
20,0.1,6,5.0,600,128.02709489791653,0.03346400000009453,0,78,624
20,0.1,6,5.0,1000,140.3971705457637,0.0327654000000166,0,78,624
20,0.1,6,5.0,1400,140.51267281983803,0.03288790000010522,0,78,624
20,0.1,6,5.0,600,96.69287254717554,0.03390679999984059,0,78,624
20,0.1,6,5.0,1000,81.07420623781344,0.03441930000008142,0,78,624
20,0.1,6,5.0,1400,81.64158565744417,0.03296649999992951,0,78,624
20,0.1,6,5.0,600,140.18573248933652,0.03240049999999428,0,78,624
20,0.1,6,5.0,1000,119.20103830270935,0.03248289999987719,0,78,624
20,0.1,6,5.0,1400,116.78461014810205,0.03273699999999735,0,78,624
20,0.1,6,0.1,600,0.09648383920884156,0.03360700000007455,0,78,624
20,0.1,6,0.1,1000,0.048266435050130146,0.03298199999994722,0,78,624
20,0.1,6,0.1,1400,0.05006461726072538,0.036669299999857685,0,78,624
20,0.1,6,0.1,600,0.06299507589272436,0.03320690000009563,0,78,624
20,0.1,6,0.1,1000,0.040202945605934966,0.03286359999992783,0,78,624
20,0.1,6,0.1,1400,0.006617056010705798,0.034970700000030774,0,78,624
20,0.1,6,0.1,600,0.093514958573514,0.03288580000003094,0,78,624
20,0.1,6,0.1,1000,0.08038298527904604,0.03250709999997525,0,78,624
20,0.1,6,0.1,1400,0.07934673149126092,0.033100099999956,0,78,624
20,0.1,6,0.1,600,0.10071520052528227,0.03234730000008312,0,78,624
20,0.1,6,0.1,1000,0.014820567915944083,0.03572800000006282,0,78,624
20,0.1,6,0.1,1400,0.01322675668914582,0.03787290000013854,0,78,624
20,0.1,6,0.1,600,0.2794238468082553,0.03512819999991734,0,78,624
20,0.1,6,0.1,1000,0.07251558160821985,0.03617899999994734,0,78,624
20,0.1,6,0.1,1400,0.024647600530855372,0.038807799999858617,0,78,624
20,0.1,6,0.5,600,195.82467577314017,0.03630199999997785,0,78,624
20,0.1,6,0.5,1000,175.82088412054145,0.03630610000004708,0,78,624
20,0.1,6,0.5,1400,176.1771056237525,0.034903700000086246,0,78,624
20,0.1,6,0.5,600,141.1320909193793,0.035052999999834356,0,78,624
20,0.1,6,0.5,1000,144.2686336059,0.03331219999995483,0,78,624
20,0.1,6,0.5,1400,139.90629224746408,0.038397999999915555,0,78,624
20,0.1,6,0.5,600,116.1750334271499,0.0344484999998258,0,78,624
20,0.1,6,0.5,1000,120.13147893613878,0.034144499999911204,0,78,624
20,0.1,6,0.5,1400,120.03502414443614,0.03309300000000803,0,78,624
20,0.1,6,0.5,600,78.43144935725695,0.03325740000013866,0,78,624
20,0.1,6,0.5,1000,71.75448696351125,0.03330810000011297,0,78,624
20,0.1,6,0.5,1400,72.54453129783799,0.03497319999996762,0,78,624
20,0.1,6,0.5,600,186.2172414447135,0.03216930000007778,0,78,624
20,0.1,6,0.5,1000,153.4110064127294,0.03297029999998813,0,78,624
20,0.1,6,0.5,1400,148.6566176167538,0.034663500000078784,0,78,624
20,0.1,6,1.0,600,159.90782203685805,0.03251079999995454,0,78,624
20,0.1,6,1.0,1000,150.46582819135682,0.034488100000089617,0,78,624
20,0.1,6,1.0,1400,150.6748815897777,0.033628000000135216,0,78,624
20,0.1,6,1.0,600,96.85623885685617,0.03385179999986576,0,78,624
20,0.1,6,1.0,1000,91.36323491511396,0.032926599999882455,0,78,624
20,0.1,6,1.0,1400,91.25027527984614,0.03386260000002039,0,78,624
20,0.1,6,1.0,600,150.8401609929932,0.03527399999984482,0,78,624
20,0.1,6,1.0,1000,157.69473651272835,0.03386199999999917,0,78,624
20,0.1,6,1.0,1400,158.29036566103196,0.053427800000008574,0,78,624
20,0.1,6,1.0,600,126.98998536443156,0.032681299999921976,0,78,624
20,0.1,6,1.0,1000,109.48250275026497,0.033771699999988414,0,78,624
20,0.1,6,1.0,1400,110.1017720809775,0.03331099999991238,0,78,624
20,0.1,6,1.0,600,155.65343228838077,0.033066299999973126,0,78,624
20,0.1,6,1.0,1000,120.47926141078787,0.03366510000000744,0,78,624
20,0.1,6,1.0,1400,112.23505953398684,0.033132300000033865,0,78,624
20,0.1,6,5.0,600,129.17662014395944,0.03453049999984614,0,78,624
20,0.1,6,5.0,1000,123.262931395309,0.03801870000006602,0,78,624
20,0.1,6,5.0,1400,123.47105178667309,0.03533179999999447,0,78,624
20,0.1,6,5.0,600,129.34096704000166,0.0344591999999011,0,78,624
20,0.1,6,5.0,1000,128.9934348865015,0.03537940000001072,0,78,624
20,0.1,6,5.0,1400,128.16603751277412,0.03320420000000013,0,78,624
20,0.1,6,5.0,600,128.02709489791653,0.04106070000011641,0,78,624
20,0.1,6,5.0,1000,140.3971705457637,0.035051299999850016,0,78,624
20,0.1,6,5.0,1400,140.51267281983803,0.03653729999996358,0,78,624
20,0.1,6,5.0,600,96.69287254717554,0.03386879999993653,0,78,624
20,0.1,6,5.0,1000,81.07420623781344,0.035583099999939805,0,78,624
20,0.1,6,5.0,1400,81.64158565744417,0.039277100000163045,0,78,624
20,0.1,6,5.0,600,140.18573248933652,0.03313109999999142,0,78,624
20,0.1,6,5.0,1000,119.20103830270935,0.03363560000002508,0,78,624
20,0.1,6,5.0,1400,116.78461014810205,0.03530049999994844,0,78,624
20,0.14736842105263157,6,0.1,600,117.36106773669817,0.037836699999843404,0,118,944
20,0.14736842105263157,6,0.1,1000,97.78342673338297,0.03710659999978816,0,118,944
20,0.14736842105263157,6,0.1,1400,97.97531805780376,0.03827760000012859,0,118,944
20,0.14736842105263157,6,0.1,600,155.95883952855954,0.0425207999999202,0,118,944
20,0.14736842105263157,6,0.1,1000,133.8456975651812,0.03957089999994423,0,118,944
20,0.14736842105263157,6,0.1,1400,119.42804542833898,0.03848789999983637,0,118,944
20,0.14736842105263157,6,0.1,600,87.4907301868824,0.03609809999989011,0,122,976
20,0.14736842105263157,6,0.1,1000,87.64791996666523,0.037155700000084835,0,122,976
20,0.14736842105263157,6,0.1,1400,86.94933110037815,0.03896370000006755,0,122,976
20,0.14736842105263157,6,0.1,600,126.13539668646341,0.03886099999999715,0,118,944
20,0.14736842105263157,6,0.1,1000,124.60004674946494,0.0644857999998294,0,118,944
20,0.14736842105263157,6,0.1,1400,113.526072168855,0.040072099999861166,0,118,944
20,0.14736842105263157,6,0.1,600,84.39498107692012,0.04022650000001704,0,122,976
20,0.14736842105263157,6,0.1,1000,81.68336396850664,0.03588480000007621,0,122,976
20,0.14736842105263157,6,0.1,1400,76.86559676590507,0.041023499999937485,0,122,976
20,0.14736842105263157,6,0.5,600,141.43073328661043,0.0398133000001053,0,118,944
20,0.14736842105263157,6,0.5,1000,127.76319230204811,0.038508099999944534,0,118,944
20,0.14736842105263157,6,0.5,1400,128.37837073264743,0.04264469999998255,0,118,944
20,0.14736842105263157,6,0.5,600,133.60985634486195,0.03888010000014219,0,118,944
20,0.14736842105263157,6,0.5,1000,119.40750580865969,0.03897350000011102,0,118,944
20,0.14736842105263157,6,0.5,1400,115.60851850926716,0.04022090000012213,0,118,944
20,0.14736842105263157,6,0.5,600,112.60773273568121,0.0401444999999967,0,122,976
20,0.14736842105263157,6,0.5,1000,116.38153104499786,0.038470800000141026,0,122,976
20,0.14736842105263157,6,0.5,1400,116.06198347851404,0.0399225999999544,0,122,976
20,0.14736842105263157,6,0.5,600,73.20070972009599,0.045263599999998405,0,118,944
20,0.14736842105263157,6,0.5,1000,57.651278833667035,0.036433499999930063,0,118,944
20,0.14736842105263157,6,0.5,1400,55.892244503711886,0.03710640000008425,0,118,944
20,0.14736842105263157,6,0.5,600,99.48492760989144,0.03824110000005021,0,122,976
20,0.14736842105263157,6,0.5,1000,86.11039886953597,0.03679450000004181,0,122,976
20,0.14736842105263157,6,0.5,1400,77.19618886001767,0.036970000000110304,0,122,976
20,0.14736842105263157,6,1.0,600,129.69364142303218,0.03898009999988972,0,118,944
20,0.14736842105263157,6,1.0,1000,117.25343544226375,0.03742529999999533,0,118,944
20,0.14736842105263157,6,1.0,1400,117.61636130772204,0.03765209999983199,0,118,944
20,0.14736842105263157,6,1.0,600,108.71295336652284,0.03852940000001581,0,118,944
20,0.14736842105263157,6,1.0,1000,103.95396209151532,0.0385879999998906,0,118,944
20,0.14736842105263157,6,1.0,1400,91.86168672251044,0.042212399999925765,0,118,944
20,0.14736842105263157,6,1.0,600,139.55496412145004,0.03730380000001787,0,122,976
20,0.14736842105263157,6,1.0,1000,150.6666414622282,0.040823899999850255,0,122,976
20,0.14736842105263157,6,1.0,1400,151.02601881514076,0.04037749999997686,0,122,976
20,0.14736842105263157,6,1.0,600,83.50953512727378,0.04073640000001433,0,118,944
20,0.14736842105263157,6,1.0,1000,79.06168476061102,0.03703900000004978,0,118,944
20,0.14736842105263157,6,1.0,1400,78.31988138301003,0.03792599999997037,0,118,944
20,0.14736842105263157,6,1.0,600,128.9076424590395,0.040724700000055236,0,122,976
20,0.14736842105263157,6,1.0,1000,109.49154116813312,0.038642800000161515,0,122,976
20,0.14736842105263157,6,1.0,1400,103.1932924805522,0.04368260000001101,0,122,976
20,0.14736842105263157,6,5.0,600,139.46696013631205,0.03738680000014938,0,118,944
20,0.14736842105263157,6,5.0,1000,138.66835575478268,0.040128299999878436,0,118,944
20,0.14736842105263157,6,5.0,1400,138.82131689153374,0.03837910000015654,0,118,944
20,0.14736842105263157,6,5.0,600,118.24637622700612,0.059015199999976176,0,118,944
20,0.14736842105263157,6,5.0,1000,120.37094111668917,0.0414976999998089,0,118,944
20,0.14736842105263157,6,5.0,1400,116.23563704878302,0.04250050000018746,0,118,944
20,0.14736842105263157,6,5.0,600,115.61810317940812,0.03961279999998624,0,122,976
20,0.14736842105263157,6,5.0,1000,129.11790033610774,0.03956840000000739,0,122,976
20,0.14736842105263157,6,5.0,1400,129.19846187622662,0.039217299999791067,0,122,976
20,0.14736842105263157,6,5.0,600,83.5969602047769,0.040140500000006796,0,118,944
20,0.14736842105263157,6,5.0,1000,70.50895902892871,0.03894270000000688,0,118,944
20,0.14736842105263157,6,5.0,1400,70.4576314992447,0.045523699999876044,0,118,944
20,0.14736842105263157,6,5.0,600,139.779037180858,0.03602380000006633,0,122,976
20,0.14736842105263157,6,5.0,1000,121.68774816500103,0.03788430000008702,0,122,976
20,0.14736842105263157,6,5.0,1400,113.45297931974079,0.037478400000054535,0,122,976
20,0.19473684210526315,6,0.1,600,118.24954968225099,0.04076329999998052,0,186,1488
20,0.19473684210526315,6,0.1,1000,99.9195359708888,0.04175830000008318,0,186,1488
20,0.19473684210526315,6,0.1,1400,100.48528507462363,0.04075929999999062,0,186,1488
20,0.19473684210526315,6,0.1,600,122.54823691979242,0.04246880000005149,0,198,1584
20,0.19473684210526315,6,0.1,1000,130.98030079579098,0.040297700000110126,0,198,1584
20,0.19473684210526315,6,0.1,1400,122.2535824293457,0.04145879999987301,0,198,1584
20,0.19473684210526315,6,0.1,600,89.83067664239296,0.0410028000001148,0,182,1456
20,0.19473684210526315,6,0.1,1000,90.16865831741691,0.039907899999889196,0,182,1456
20,0.19473684210526315,6,0.1,1400,89.83119819254041,0.041026700000202254,0,182,1456
20,0.19473684210526315,6,0.1,600,67.1640653968532,0.0391772000000401,0,174,1392
20,0.19473684210526315,6,0.1,1000,64.24008079472898,0.04010130000006029,0,174,1392
20,0.19473684210526315,6,0.1,1400,62.06046517646028,0.04639950000000681,0,174,1392
20,0.19473684210526315,6,0.1,600,127.20657544754675,0.04064990000006219,0,174,1392
20,0.19473684210526315,6,0.1,1000,126.23057474845974,0.04115460000002713,0,174,1392
20,0.19473684210526315,6,0.1,1400,125.61546409702706,0.04103920000011385,0,174,1392
20,0.19473684210526315,6,0.5,600,122.70240849026027,0.04024430000004031,0,186,1488
20,0.19473684210526315,6,0.5,1000,108.85630424470017,0.0409153000000515,0,186,1488
20,0.19473684210526315,6,0.5,1400,109.50901237565121,0.04174579999994421,0,186,1488
20,0.19473684210526315,6,0.5,600,112.15836074777623,0.04066899999997986,0,198,1584
20,0.19473684210526315,6,0.5,1000,101.34412268107697,0.044317899999896326,0,198,1584
20,0.19473684210526315,6,0.5,1400,99.77531497667222,0.04230450000000019,0,198,1584
20,0.19473684210526315,6,0.5,600,116.20086168667514,0.03927879999992001,0,182,1456
20,0.19473684210526315,6,0.5,1000,119.67444897745615,0.040306099999952494,0,182,1456
20,0.19473684210526315,6,0.5,1400,119.32961785231998,0.040959499999871696,0,182,1456
20,0.19473684210526315,6,0.5,600,98.97163806069535,0.044324500000129774,0,174,1392
20,0.19473684210526315,6,0.5,1000,84.32270691334092,0.04525399999988622,0,174,1392
20,0.19473684210526315,6,0.5,1400,84.12911200386418,0.0412008999999216,0,174,1392
20,0.19473684210526315,6,0.5,600,123.96383825009167,0.03857790000006389,0,174,1392
20,0.19473684210526315,6,0.5,1000,117.54560422643027,0.039082099999859565,0,174,1392
20,0.19473684210526315,6,0.5,1400,109.21113530089096,0.03985959999999977,0,174,1392
20,0.19473684210526315,6,1.0,600,119.40491814786745,0.042387100000041755,0,186,1488
20,0.19473684210526315,6,1.0,1000,111.0431536877249,0.04099760000008246,0,186,1488
20,0.19473684210526315,6,1.0,1400,111.55913003468798,0.04067769999983284,0,186,1488
20,0.19473684210526315,6,1.0,600,115.14093204085205,0.039998600000217266,0,198,1584
20,0.19473684210526315,6,1.0,1000,125.12289704291457,0.04203280000001541,0,198,1584
20,0.19473684210526315,6,1.0,1400,120.92516748445932,0.041783399999985704,0,198,1584
20,0.19473684210526315,6,1.0,600,121.95592199900577,0.03949479999982941,0,182,1456
20,0.19473684210526315,6,1.0,1000,131.81185004271902,0.04012660000012147,0,182,1456
20,0.19473684210526315,6,1.0,1400,131.81639889347795,0.04834860000005392,0,182,1456
20,0.19473684210526315,6,1.0,600,110.00978136390938,0.04019420000008722,0,174,1392
20,0.19473684210526315,6,1.0,1000,97.89323865755298,0.039083600000139995,0,174,1392
20,0.19473684210526315,6,1.0,1400,97.19915824643549,0.04146700000001147,0,174,1392
20,0.19473684210526315,6,1.0,600,129.27146491031885,0.040573199999926146,0,174,1392
20,0.19473684210526315,6,1.0,1000,117.6420088439058,0.03940110000007735,0,174,1392
20,0.19473684210526315,6,1.0,1400,116.67852808147931,0.040243500000087806,0,174,1392
20,0.19473684210526315,6,5.0,600,114.79616454283095,0.04156760000000759,0,186,1488
20,0.19473684210526315,6,5.0,1000,114.9912124984163,0.03992199999993318,0,186,1488
20,0.19473684210526315,6,5.0,1400,115.11856487341402,0.04421010000010028,0,186,1488
20,0.19473684210526315,6,5.0,600,117.54462856915006,0.04241260000003422,0,198,1584
20,0.19473684210526315,6,5.0,1000,113.65488040115513,0.04036080000014408,0,198,1584
20,0.19473684210526315,6,5.0,1400,111.73858558385956,0.04062629999998535,0,198,1584
20,0.19473684210526315,6,5.0,600,118.16755336590339,0.0406242999999904,0,182,1456
20,0.19473684210526315,6,5.0,1000,126.21682436379274,0.040246099999876606,0,182,1456
20,0.19473684210526315,6,5.0,1400,126.24775088439954,0.04314479999993637,0,182,1456
20,0.19473684210526315,6,5.0,600,89.63436660592107,0.04142320000005384,0,174,1392
20,0.19473684210526315,6,5.0,1000,79.39178039538999,0.0426970999999412,0,174,1392
20,0.19473684210526315,6,5.0,1400,79.18838315875031,0.03922080000006645,0,174,1392
20,0.19473684210526315,6,5.0,600,130.5804370376601,0.04475170000000617,0,174,1392
20,0.19473684210526315,6,5.0,1000,121.17745177652165,0.03997579999986556,0,174,1392
20,0.19473684210526315,6,5.0,1400,114.46642536329767,0.04104600000005121,0,174,1392
20,0.29473684210526313,6,0.1,600,90.41894893921618,0.04721959999983483,0,646,5168
20,0.29473684210526313,6,0.1,1000,94.79633383034161,0.04728009999985261,0,646,5168
20,0.29473684210526313,6,0.1,1400,96.271541438728,0.04868549999991956,0,646,5168
20,0.29473684210526313,6,0.1,600,112.97300258196795,0.04628279999997176,0,538,4304
20,0.29473684210526313,6,0.1,1000,93.11702679078029,0.04704360000005181,0,538,4304
20,0.29473684210526313,6,0.1,1400,93.21253903763322,0.048224000000118394,0,538,4304
20,0.29473684210526313,6,0.1,600,114.50068265979633,0.052699799999800234,0,478,3824
20,0.29473684210526313,6,0.1,1000,133.28710537456408,0.0470772000001034,0,478,3824
20,0.29473684210526313,6,0.1,1400,133.1404907423227,0.046155599999792685,0,478,3824
20,0.29473684210526313,6,0.1,600,76.65277170365871,0.04726440000013099,0,690,5520
20,0.29473684210526313,6,0.1,1000,62.397690684891074,0.04652160000000549,4096,690,5520
20,0.29473684210526313,6,0.1,1400,62.54863259656689,0.04665920000002188,0,690,5520
20,0.29473684210526313,6,0.1,600,110.97690543426978,0.04594829999996364,0,474,3792
20,0.29473684210526313,6,0.1,1000,122.98926246330338,0.04657569999994848,0,474,3792
20,0.29473684210526313,6,0.1,1400,120.43665463461126,0.04733870000018214,0,474,3792
20,0.29473684210526313,6,0.5,600,122.92860340971794,0.04751429999987522,0,646,5168
20,0.29473684210526313,6,0.5,1000,106.00290181473098,0.04748290000020461,0,646,5168
20,0.29473684210526313,6,0.5,1400,108.043902499419,0.04914209999992636,0,646,5168
20,0.29473684210526313,6,0.5,600,98.67854340530712,0.04857820000006541,0,538,4304
20,0.29473684210526313,6,0.5,1000,92.72867020210607,0.047426399999949354,0,538,4304
20,0.29473684210526313,6,0.5,1400,87.1566998116388,0.054752300000018295,0,538,4304
20,0.29473684210526313,6,0.5,600,120.15187005566018,0.045526399999971545,0,478,3824
20,0.29473684210526313,6,0.5,1000,116.40141925153024,0.046905200000082914,0,478,3824
20,0.29473684210526313,6,0.5,1400,115.90865408256785,0.047501500000180386,0,478,3824
20,0.29473684210526313,6,0.5,600,95.30168713073067,0.04672479999999268,0,690,5520
20,0.29473684210526313,6,0.5,1000,83.03046085854632,0.04674079999995229,0,690,5520
20,0.29473684210526313,6,0.5,1400,84.95475324685923,0.04651230000013129,0,690,5520
20,0.29473684210526313,6,0.5,600,122.9270950441052,0.04640749999998661,0,474,3792
20,0.29473684210526313,6,0.5,1000,117.9253323098992,0.049087299999882816,0,474,3792
20,0.29473684210526313,6,0.5,1400,115.07615306900826,0.048957799999925555,0,474,3792
20,0.29473684210526313,6,1.0,600,119.9232372962602,0.046541400000023714,0,646,5168
20,0.29473684210526313,6,1.0,1000,112.18114963024335,0.04745909999996911,0,646,5168
20,0.29473684210526313,6,1.0,1400,112.62528479897708,0.04782529999988583,0,646,5168
20,0.29473684210526313,6,1.0,600,91.30425858540931,0.04688039999996363,0,538,4304
20,0.29473684210526313,6,1.0,1000,93.23035090076377,0.048328200000014476,0,538,4304
20,0.29473684210526313,6,1.0,1400,87.3427159017855,0.04929250000009233,0,538,4304
20,0.29473684210526313,6,1.0,600,115.6045319633547,0.050413199999866265,0,478,3824
20,0.29473684210526313,6,1.0,1000,110.04974645679034,0.046368999999913285,0,478,3824
20,0.29473684210526313,6,1.0,1400,104.1398855537463,0.04880379999985962,0,478,3824
20,0.29473684210526313,6,1.0,600,121.87962205116158,0.04500719999987268,0,690,5520
20,0.29473684210526313,6,1.0,1000,105.44938102842681,0.045066700000006676,0,690,5520
20,0.29473684210526313,6,1.0,1400,106.12317766967332,0.04763209999987339,0,690,5520
20,0.29473684210526313,6,1.0,600,122.7483892303285,0.04749240000001009,0,474,3792
20,0.29473684210526313,6,1.0,1000,113.78549629977798,0.04419680000000881,0,474,3792
20,0.29473684210526313,6,1.0,1400,106.73522368036394,0.04653009999992719,0,474,3792
20,0.29473684210526313,6,5.0,600,95.51550859651701,0.04876289999992878,0,646,5168
20,0.29473684210526313,6,5.0,1000,94.96029232467308,0.04658109999991211,0,646,5168
20,0.29473684210526313,6,5.0,1400,95.13014467543609,0.04749770000012177,0,646,5168
20,0.29473684210526313,6,5.0,600,104.33028836928757,0.04623829999991358,0,538,4304
20,0.29473684210526313,6,5.0,1000,99.17565570263262,0.0489238000000114,0,538,4304
20,0.29473684210526313,6,5.0,1400,96.37250967451493,0.048173800000085976,0,538,4304
20,0.29473684210526313,6,5.0,600,111.37706081157289,0.05092760000002272,0,478,3824
20,0.29473684210526313,6,5.0,1000,115.46855800242983,0.04698200000007091,0,478,3824
20,0.29473684210526313,6,5.0,1400,114.12289885313552,0.04926150000005691,0,478,3824
20,0.29473684210526313,6,5.0,600,100.8055243732915,0.04929829999991853,0,690,5520
20,0.29473684210526313,6,5.0,1000,86.67466084546784,0.04699449999998251,0,690,5520
20,0.29473684210526313,6,5.0,1400,87.1878744592441,0.04710860000000139,0,690,5520
20,0.29473684210526313,6,5.0,600,104.87924095964134,0.04553349999991951,0,474,3792
20,0.29473684210526313,6,5.0,1000,105.05491742844298,0.046841900000117676,0,474,3792
20,0.29473684210526313,6,5.0,1400,101.08094734561502,0.05091360000005807,0,474,3792
20,0.39473684210526316,6,0.1,600,95.42470271739727,0.05844130000014047,0,2406,19248
20,0.39473684210526316,6,0.1,1000,95.11748016720748,0.05661869999994451,0,2406,19248
20,0.39473684210526316,6,0.1,1400,95.3942184791743,0.05729619999988245,0,2406,19248
20,0.39473684210526316,6,0.1,600,80.34079863976226,0.0533920999998827,0,1426,11408
20,0.39473684210526316,6,0.1,1000,78.16236809662932,0.05565290000004097,0,1426,11408
20,0.39473684210526316,6,0.1,1400,75.67107114047216,0.055705299999999625,0,1426,11408
20,0.39473684210526316,6,0.1,600,113.32146081007751,0.058638400000063484,0,1982,15856
20,0.39473684210526316,6,0.1,1000,121.88252552312728,0.054459499999893524,0,1982,15856
20,0.39473684210526316,6,0.1,1400,122.500229475883,0.05547349999983453,0,1982,15856
20,0.39473684210526316,6,0.1,600,68.17734981680346,0.0574141999998119,0,3322,26576
20,0.39473684210526316,6,0.1,1000,47.53888575879961,0.05942740000000413,0,3322,26576
20,0.39473684210526316,6,0.1,1400,47.526257822686354,0.059015600000066115,0,3322,26576
20,0.39473684210526316,6,0.1,600,108.01065480141793,0.05367510000019138,0,1486,11888
20,0.39473684210526316,6,0.1,1000,103.95701474309695,0.05307629999992969,0,1486,11888
20,0.39473684210526316,6,0.1,1400,114.70427531393902,0.054554699999926015,0,1486,11888
20,0.39473684210526316,6,0.5,600,92.82861943163206,0.0562929999998687,0,2406,19248
20,0.39473684210526316,6,0.5,1000,74.5347768714261,0.05758889999992789,0,2406,19248
20,0.39473684210526316,6,0.5,1400,75.69954425740887,0.057651299999861294,0,2406,19248
20,0.39473684210526316,6,0.5,600,74.70255487253186,0.05431680000015149,0,1426,11408
20,0.39473684210526316,6,0.5,1000,68.19257023102122,0.05983339999988857,0,1426,11408
20,0.39473684210526316,6,0.5,1400,67.56215993567797,0.05843290000007073,0,1426,11408
20,0.39473684210526316,6,0.5,600,102.87678873351314,0.057320200000049226,0,1982,15856
20,0.39473684210526316,6,0.5,1000,106.67664807989783,0.05896830000006048,0,1982,15856
20,0.39473684210526316,6,0.5,1400,106.6384098906576,0.061831499999925654,0,1982,15856
20,0.39473684210526316,6,0.5,600,70.56939491074228,0.05908980000003794,0,3322,26576
20,0.39473684210526316,6,0.5,1000,75.30669567189288,0.059000800000148956,0,3322,26576
20,0.39473684210526316,6,0.5,1400,75.6576439624645,0.06552560000000085,0,3322,26576
20,0.39473684210526316,6,0.5,600,91.34421266563699,0.057739900000115085,0,1486,11888
20,0.39473684210526316,6,0.5,1000,93.90170743828742,0.05576429999996435,0,1486,11888
20,0.39473684210526316,6,0.5,1400,96.83728609228469,0.05571549999990566,0,1486,11888
20,0.39473684210526316,6,1.0,600,69.43719835521667,0.06543440000018563,0,2406,19248
20,0.39473684210526316,6,1.0,1000,69.34107560353554,0.07527679999998327,0,2406,19248
20,0.39473684210526316,6,1.0,1400,69.57721411139829,0.065811100000019,0,2406,19248
20,0.39473684210526316,6,1.0,600,74.49777833193069,0.05802019999987351,0,1426,11408
20,0.39473684210526316,6,1.0,1000,77.21568413948107,0.059506600000077015,0,1426,11408
20,0.39473684210526316,6,1.0,1400,75.31921517982612,0.06496599999991304,0,1426,11408
20,0.39473684210526316,6,1.0,600,77.7733098690272,0.058895399999983056,0,1982,15856
20,0.39473684210526316,6,1.0,1000,76.11927644063728,0.05592649999994137,0,1982,15856
20,0.39473684210526316,6,1.0,1400,75.59302884367511,0.057210799999893425,0,1982,15856
20,0.39473684210526316,6,1.0,600,94.199943547193,0.05807079999999587,0,3322,26576
20,0.39473684210526316,6,1.0,1000,79.92221076819676,0.05987789999994675,0,3322,26576
20,0.39473684210526316,6,1.0,1400,78.84234449306359,0.059359500000027765,0,3322,26576
20,0.39473684210526316,6,1.0,600,84.9449626122028,0.05629089999979442,0,1486,11888
20,0.39473684210526316,6,1.0,1000,87.28904688540669,0.05563740000002326,0,1486,11888
20,0.39473684210526316,6,1.0,1400,86.00445322355792,0.05491629999983161,0,1486,11888
20,0.39473684210526316,6,5.0,600,79.10783328100878,0.05606749999992644,0,2406,19248
20,0.39473684210526316,6,5.0,1000,77.26391675274395,0.057695100000046295,0,2406,19248
20,0.39473684210526316,6,5.0,1400,81.7857436185061,0.05587629999990895,0,2406,19248
20,0.39473684210526316,6,5.0,600,80.1566957200506,0.053816399999959685,0,1426,11408
20,0.39473684210526316,6,5.0,1000,80.324162772132,0.05634989999998652,0,1426,11408
20,0.39473684210526316,6,5.0,1400,79.74819757973893,0.06090390000008483,0,1426,11408
20,0.39473684210526316,6,5.0,600,87.83882765254432,0.05486760000007962,0,1982,15856
20,0.39473684210526316,6,5.0,1000,93.1675698363769,0.059502199999997174,0,1982,15856
20,0.39473684210526316,6,5.0,1400,91.29888931108884,0.057375299999876006,0,1982,15856
20,0.39473684210526316,6,5.0,600,75.47709052290118,0.060829000000012456,0,3322,26576
20,0.39473684210526316,6,5.0,1000,73.06655268400804,0.06020140000009633,0,3322,26576
20,0.39473684210526316,6,5.0,1400,72.59356154904748,0.07205680000015491,0,3322,26576
20,0.39473684210526316,6,5.0,600,90.36934879030422,0.05629270000008546,0,1486,11888
20,0.39473684210526316,6,5.0,1000,90.46853376525415,0.057702900000094814,0,1486,11888
20,0.39473684210526316,6,5.0,1400,90.6945796466034,0.055755099999942104,0,1486,11888
20,0.49473684210526314,6,0.1,600,72.6166748489612,0.07227399999987938,0,4462,35696
20,0.49473684210526314,6,0.1,1000,77.6910558968667,0.07015380000007099,0,4462,35696
20,0.49473684210526314,6,0.1,1400,77.7301040580536,0.0781382999998641,0,4462,35696
20,0.49473684210526314,6,0.1,600,51.92560279061067,0.0697167000000718,0,3906,31248
20,0.49473684210526314,6,0.1,1000,73.05612061213311,0.07406930000001921,0,3906,31248
20,0.49473684210526314,6,0.1,1400,72.79495700059967,0.06849160000001575,0,3906,31248
20,0.49473684210526314,6,0.1,600,71.5155116384436,0.07314530000007835,0,6138,49104
20,0.49473684210526314,6,0.1,1000,82.0459616492559,0.07419909999998708,0,6138,49104
20,0.49473684210526314,6,0.1,1400,81.66681891551798,0.07255339999983335,0,6138,49104
20,0.49473684210526314,6,0.1,600,81.3244902966985,0.08659959999999955,0,12734,101872
20,0.49473684210526314,6,0.1,1000,78.73241426231122,0.09429870000008123,-4096,12734,101872
20,0.49473684210526314,6,0.1,1400,71.35046060628841,0.09035489999996571,0,12734,101872
20,0.49473684210526314,6,0.1,600,88.5866093283884,0.07051129999990735,0,6050,48400
20,0.49473684210526314,6,0.1,1000,95.74497155960727,0.070211099999824,0,6050,48400
20,0.49473684210526314,6,0.1,1400,95.72348261130892,0.07109479999985524,0,6050,48400
20,0.49473684210526314,6,0.5,600,85.50546617167434,0.06726789999993343,0,4462,35696
20,0.49473684210526314,6,0.5,1000,69.61564880455155,0.08963730000004944,0,4462,35696
20,0.49473684210526314,6,0.5,1400,70.7887475893981,0.06679189999999835,0,4462,35696
20,0.49473684210526314,6,0.5,600,43.64112079682636,0.07191910000005919,0,3906,31248
20,0.49473684210526314,6,0.5,1000,47.746109283286955,0.08075829999984308,0,3906,31248
20,0.49473684210526314,6,0.5,1400,47.76936707244479,0.06742660000008982,0,3906,31248
20,0.49473684210526314,6,0.5,600,69.37648299604473,0.07847780000020066,0,6138,49104
20,0.49473684210526314,6,0.5,1000,77.86819726867759,0.07172719999994115,0,6138,49104
20,0.49473684210526314,6,0.5,1400,76.78501998758661,0.0728583999998591,0,6138,49104
20,0.49473684210526314,6,0.5,600,78.54317996775161,0.08811330000003181,0,12734,101872
20,0.49473684210526314,6,0.5,1000,72.04243572482275,0.0893693999998959,0,12734,101872
20,0.49473684210526314,6,0.5,1400,72.95140230346158,0.09094379999987723,0,12734,101872
20,0.49473684210526314,6,0.5,600,89.02616498687671,0.07310480000001007,0,6050,48400
20,0.49473684210526314,6,0.5,1000,83.91252259500827,0.07091230000014548,0,6050,48400
20,0.49473684210526314,6,0.5,1400,83.34341772081174,0.08222459999979037,0,6050,48400
20,0.49473684210526314,6,1.0,600,55.681206260704,0.06645749999984218,0,4462,35696
20,0.49473684210526314,6,1.0,1000,54.87253530426242,0.06761690000007547,0,4462,35696
20,0.49473684210526314,6,1.0,1400,55.051074859566896,0.06689230000006319,0,4462,35696
20,0.49473684210526314,6,1.0,600,54.82771722165079,0.06675780000000486,0,3906,31248
20,0.49473684210526314,6,1.0,1000,55.296701701061984,0.06788329999994858,0,3906,31248
20,0.49473684210526314,6,1.0,1400,54.38376504115949,0.06826739999996789,0,3906,31248
20,0.49473684210526314,6,1.0,600,68.09897458381103,0.0703232000000753,0,6138,49104
20,0.49473684210526314,6,1.0,1000,67.08141648753201,0.07236330000000635,0,6138,49104
20,0.49473684210526314,6,1.0,1400,67.12119443537513,0.07386529999985214,0,6138,49104
20,0.49473684210526314,6,1.0,600,81.01651188002404,0.09585500000002867,0,12734,101872
20,0.49473684210526314,6,1.0,1000,69.87858799999178,0.0942602000000079,0,12734,101872
20,0.49473684210526314,6,1.0,1400,68.36033139976624,0.08911189999980706,0,12734,101872
20,0.49473684210526314,6,1.0,600,76.82861821294733,0.07280569999988984,0,6050,48400
20,0.49473684210526314,6,1.0,1000,80.84049863936971,0.06926799999996547,0,6050,48400
20,0.49473684210526314,6,1.0,1400,81.7028557197144,0.07148359999996501,0,6050,48400
20,0.49473684210526314,6,5.0,600,54.75600221348468,0.0667567999998937,0,4462,35696
20,0.49473684210526314,6,5.0,1000,57.13233134641871,0.06271560000004683,0,4462,35696
20,0.49473684210526314,6,5.0,1400,63.58868348266299,0.06547809999983656,0,4462,35696
20,0.49473684210526314,6,5.0,600,56.78116400259526,0.06417000000010376,0,3906,31248
20,0.49473684210526314,6,5.0,1000,58.71291199618981,0.06627409999987321,0,3906,31248
20,0.49473684210526314,6,5.0,1400,58.99133090978204,0.06519670000011502,0,3906,31248
20,0.49473684210526314,6,5.0,600,59.278232387658676,0.07320350000009057,0,6138,49104
20,0.49473684210526314,6,5.0,1000,68.05709182624554,0.06925150000006397,0,6138,49104
20,0.49473684210526314,6,5.0,1400,68.10023600425008,0.07813740000005964,0,6138,49104
20,0.49473684210526314,6,5.0,600,73.40285549212341,0.08582520000004479,0,12734,101872
20,0.49473684210526314,6,5.0,1000,65.27794538059479,0.09066579999989699,0,12734,101872
20,0.49473684210526314,6,5.0,1400,65.74906341586905,0.08920600000010381,0,12734,101872
20,0.49473684210526314,6,5.0,600,85.47740203907935,0.07785379999995712,0,6050,48400
20,0.49473684210526314,6,5.0,1000,86.28672181961099,0.07413110000015877,4096,6050,48400
20,0.49473684210526314,6,5.0,1400,86.9216539975903,0.11050279999994927,0,6050,48400
20,0.1,8,0.1,600,0.10735565444497511,0.035849599999892234,0,78,624
20,0.1,8,0.1,1000,0.06143895155743066,0.03672819999997046,0,78,624
20,0.1,8,0.1,1400,0.06321468471529154,0.03739769999992859,0,78,624
20,0.1,8,0.1,600,0.043836432027363176,0.0375774999999976,0,78,624
20,0.1,8,0.1,1000,0.04327920356344574,0.03834829999982503,0,78,624
20,0.1,8,0.1,1400,0.033690450628783765,0.0414811999999074,0,78,624
20,0.1,8,0.1,600,0.08905118206303567,0.03398169999991296,0,78,624
20,0.1,8,0.1,1000,0.024672319147914363,0.03702039999984663,0,78,624
20,0.1,8,0.1,1400,0.02475294935617862,0.03363049999984469,0,78,624
20,0.1,8,0.1,600,0.08387582722473515,0.0328038000000106,0,78,624
20,0.1,8,0.1,1000,0.03919230633524027,0.03497620000007373,0,78,624
20,0.1,8,0.1,1400,0.025835773479750485,0.031008199999860153,0,78,624
20,0.1,8,0.1,600,0.05283638493039698,0.03333750000001601,0,78,624
20,0.1,8,0.1,1000,0.051570163344574135,0.03742110000007415,0,78,624
20,0.1,8,0.1,1400,0.04965585363739932,0.03334109999991597,0,78,624
20,0.1,8,0.5,600,105.71801695700893,0.03251810000006117,0,78,624
20,0.1,8,0.5,1000,94.28824748898191,0.03236850000007507,0,78,624
20,0.1,8,0.5,1400,94.49247337734683,0.03446289999988039,0,78,624
20,0.1,8,0.5,600,86.75329273975238,0.03380860000015673,0,78,624
20,0.1,8,0.5,1000,87.08442150038749,0.03215560000012374,0,78,624
20,0.1,8,0.5,1400,84.87247606241435,0.03471380000019053,0,78,624
20,0.1,8,0.5,600,87.29664916160128,0.03292950000013661,0,78,624
20,0.1,8,0.5,1000,118.59947841663198,0.03369080000015856,0,78,624
20,0.1,8,0.5,1400,118.62423641666635,0.03375899999991816,0,78,624
20,0.1,8,0.5,600,187.30039522858377,0.03275619999999435,0,78,624
20,0.1,8,0.5,1000,185.1542874056828,0.031935700000076395,0,78,624
20,0.1,8,0.5,1400,179.94779822595336,0.03343789999985347,0,78,624
20,0.1,8,0.5,600,132.69109251763948,0.03512280000018109,0,78,624
20,0.1,8,0.5,1000,132.6986981612186,0.03452600000014172,0,78,624
20,0.1,8,0.5,1400,132.66835752928512,0.033804599999939455,0,78,624
20,0.1,8,1.0,600,149.86140187764698,0.03297520000000986,0,78,624
20,0.1,8,1.0,1000,128.84624383897142,0.033744200000001,0,78,624
20,0.1,8,1.0,1400,129.19084183297147,0.03586310000014237,0,78,624
20,0.1,8,1.0,600,141.2402471541546,0.03543219999983194,0,78,624
20,0.1,8,1.0,1000,141.59716301659,0.03500039999994442,0,78,624
20,0.1,8,1.0,1400,133.63605380946612,0.032697099999950296,0,78,624
20,0.1,8,1.0,600,140.74524837776366,0.03498740000009093,0,78,624
20,0.1,8,1.0,1000,153.4282881508792,0.03358109999999215,0,78,624
20,0.1,8,1.0,1400,153.4664897846972,0.03534049999984745,0,78,624
20,0.1,8,1.0,600,170.26654190197607,0.035355700000081924,0,78,624
20,0.1,8,1.0,1000,167.43634035096582,0.03281599999991158,0,78,624
20,0.1,8,1.0,1400,162.9564353312107,0.03267219999997906,0,78,624
20,0.1,8,1.0,600,115.95637733252487,0.034500600000001214,0,78,624
20,0.1,8,1.0,1000,115.93077747414037,0.0337526999999227,0,78,624
20,0.1,8,1.0,1400,115.86842107251857,0.033259099999895625,0,78,624
20,0.1,8,5.0,600,134.2076844215092,0.03249049999999443,0,78,624
20,0.1,8,5.0,1000,119.04549391081181,0.031975299999885465,0,78,624
20,0.1,8,5.0,1400,119.46614818332891,0.03434109999989232,0,78,624
20,0.1,8,5.0,600,109.4740475903945,0.032613099999935,0,78,624
20,0.1,8,5.0,1000,109.73297287956792,0.034623000000010506,0,78,624
20,0.1,8,5.0,1400,104.90490357974372,0.03308459999993829,0,78,624
20,0.1,8,5.0,600,128.97285819787803,0.0338878999998542,0,78,624
20,0.1,8,5.0,1000,155.5091343906829,0.034542300000111936,0,78,624
20,0.1,8,5.0,1400,155.30635015191405,0.03414740000016536,0,78,624
20,0.1,8,5.0,600,159.17489319818876,0.032450799999878654,0,78,624
20,0.1,8,5.0,1000,154.18589971838665,0.03348299999993287,0,78,624
20,0.1,8,5.0,1400,149.0138392449219,0.03545310000004065,0,78,624
20,0.1,8,5.0,600,125.45813960843252,0.03388859999995475,0,78,624
20,0.1,8,5.0,1000,125.60727487551901,0.03506300000003648,0,78,624
20,0.1,8,5.0,1400,125.57678741512946,0.037065699999857316,0,78,624
20,0.1,8,0.1,600,0.10735565444497511,0.03256039999996574,0,78,624
20,0.1,8,0.1,1000,0.06143895155743066,0.032397400000036214,0,78,624
20,0.1,8,0.1,1400,0.06321468471529154,0.0364603000000443,0,78,624
20,0.1,8,0.1,600,0.043836432027363176,0.03373320000014246,0,78,624
20,0.1,8,0.1,1000,0.04327920356344574,0.03407780000020466,0,78,624
20,0.1,8,0.1,1400,0.033690450628783765,0.03329470000016954,0,78,624
20,0.1,8,0.1,600,0.08905118206303567,0.035537400000066555,0,78,624
20,0.1,8,0.1,1000,0.024672319147914363,0.03435510000008435,0,78,624
20,0.1,8,0.1,1400,0.02475294935617862,0.03389599999991333,0,78,624
20,0.1,8,0.1,600,0.08387582722473515,0.03524769999989985,0,78,624
20,0.1,8,0.1,1000,0.03919230633524027,0.032303200000114884,0,78,624
20,0.1,8,0.1,1400,0.025835773479750485,0.03317020000008597,0,78,624
20,0.1,8,0.1,600,0.05283638493039698,0.03450670000006539,0,78,624
20,0.1,8,0.1,1000,0.051570163344574135,0.03599380000014207,0,78,624
20,0.1,8,0.1,1400,0.04965585363739932,0.034464300000081494,0,78,624
20,0.1,8,0.5,600,105.71801695700893,0.03332030000001396,0,78,624
20,0.1,8,0.5,1000,94.28824748898191,0.03184249999981148,0,78,624
20,0.1,8,0.5,1400,94.49247337734683,0.03594420000013088,0,78,624
20,0.1,8,0.5,600,86.75329273975238,0.03401460000009138,0,78,624
20,0.1,8,0.5,1000,87.08442150038749,0.03333199999997305,0,78,624
20,0.1,8,0.5,1400,84.87247606241435,0.035750400000097216,0,78,624
20,0.1,8,0.5,600,87.29664916160128,0.03392529999996441,0,78,624
20,0.1,8,0.5,1000,118.59947841663198,0.036131400000158465,0,78,624
20,0.1,8,0.5,1400,118.62423641666635,0.033463500000152635,0,78,624
20,0.1,8,0.5,600,187.30039522858377,0.03463049999982104,0,78,624
20,0.1,8,0.5,1000,185.1542874056828,0.0312347999999929,0,78,624
20,0.1,8,0.5,1400,179.94779822595336,0.03345549999994546,0,78,624
20,0.1,8,0.5,600,132.69109251763948,0.032968699999855744,0,78,624
20,0.1,8,0.5,1000,132.6986981612186,0.0337389000001167,0,78,624
20,0.1,8,0.5,1400,132.66835752928512,0.03367800000000898,0,78,624
20,0.1,8,1.0,600,149.86140187764698,0.03390949999993609,0,78,624
20,0.1,8,1.0,1000,128.84624383897142,0.03223669999988488,0,78,624
20,0.1,8,1.0,1400,129.19084183297147,0.03365639999992709,0,78,624
20,0.1,8,1.0,600,141.2402471541546,0.03343769999992219,0,78,624
20,0.1,8,1.0,1000,141.59716301659,0.03309520000016164,0,78,624
20,0.1,8,1.0,1400,133.63605380946612,0.03339529999993829,0,78,624
20,0.1,8,1.0,600,140.74524837776366,0.03429909999999836,0,78,624
20,0.1,8,1.0,1000,153.4282881508792,0.03365869999993265,0,78,624
20,0.1,8,1.0,1400,153.4664897846972,0.03369580000003225,0,78,624
20,0.1,8,1.0,600,170.26654190197607,0.03393519999985983,0,78,624
20,0.1,8,1.0,1000,167.43634035096582,0.03268239999988509,0,78,624
20,0.1,8,1.0,1400,162.9564353312107,0.032630499999868334,0,78,624
20,0.1,8,1.0,600,115.95637733252487,0.03475679999996828,0,78,624
20,0.1,8,1.0,1000,115.93077747414037,0.034377500000118744,0,78,624
20,0.1,8,1.0,1400,115.86842107251857,0.03399050000007264,0,78,624
20,0.1,8,5.0,600,134.2076844215092,0.03206780000004983,0,78,624
20,0.1,8,5.0,1000,119.04549391081181,0.032050699999899734,0,78,624
20,0.1,8,5.0,1400,119.46614818332891,0.03472309999983736,0,78,624
20,0.1,8,5.0,600,109.4740475903945,0.03307619999986855,0,78,624
20,0.1,8,5.0,1000,109.73297287956792,0.034638900000118156,0,78,624
20,0.1,8,5.0,1400,104.90490357974372,0.034064800000123796,0,78,624
20,0.1,8,5.0,600,128.97285819787803,0.03559500000005755,0,78,624
20,0.1,8,5.0,1000,155.5091343906829,0.03413170000021637,0,78,624
20,0.1,8,5.0,1400,155.30635015191405,0.033491099999992,0,78,624
20,0.1,8,5.0,600,159.17489319818876,0.033196300000099654,0,78,624
20,0.1,8,5.0,1000,154.18589971838665,0.032902999999805616,0,78,624
20,0.1,8,5.0,1400,149.0138392449219,0.033458999999993466,0,78,624
20,0.1,8,5.0,600,125.45813960843252,0.035114999999905194,0,78,624
20,0.1,8,5.0,1000,125.60727487551901,0.033876599999985046,0,78,624
20,0.1,8,5.0,1400,125.57678741512946,0.034392900000057125,0,78,624
20,0.14736842105263157,8,0.1,600,28.76677840311382,0.03578560000005382,0,138,1104
20,0.14736842105263157,8,0.1,1000,29.101832492105885,0.03589660000011463,0,138,1104
20,0.14736842105263157,8,0.1,1400,29.330352804535487,0.03624450000006618,0,138,1104
20,0.14736842105263157,8,0.1,600,147.3688440397495,0.03464480000002368,0,134,1072
20,0.14736842105263157,8,0.1,1000,147.0121351658388,0.03730190000010225,0,134,1072
20,0.14736842105263157,8,0.1,1400,147.18490549045782,0.043599600000106875,0,134,1072
20,0.14736842105263157,8,0.1,600,79.70957394020779,0.03815699999995559,0,122,976
20,0.14736842105263157,8,0.1,1000,79.92240951599013,0.03819320000002335,0,122,976
20,0.14736842105263157,8,0.1,1400,79.52920283374674,0.038259100000004764,0,122,976
20,0.14736842105263157,8,0.1,600,65.64929765095295,0.037599799999952666,0,126,1008
20,0.14736842105263157,8,0.1,1000,64.63559195713995,0.04177299999992101,0,126,1008
20,0.14736842105263157,8,0.1,1400,64.54493561957788,0.037501300000030824,0,126,1008
20,0.14736842105263157,8,0.1,600,118.06480718620364,0.039900600000009945,0,134,1072
20,0.14736842105263157,8,0.1,1000,118.0326640840262,0.03858960000002298,0,134,1072
20,0.14736842105263157,8,0.1,1400,118.02515195543957,0.03876200000013341,0,134,1072
20,0.14736842105263157,8,0.5,600,121.68541359084898,0.03726249999999709,0,138,1104
20,0.14736842105263157,8,0.5,1000,111.44610059463984,0.037787600000001476,0,138,1104
20,0.14736842105263157,8,0.5,1400,112.08415151322237,0.036993100000017876,0,138,1104
20,0.14736842105263157,8,0.5,600,117.73732371748069,0.03673010000011345,0,134,1072
20,0.14736842105263157,8,0.5,1000,118.04762974241352,0.036878299999898445,0,134,1072
20,0.14736842105263157,8,0.5,1400,116.31197467556915,0.0398213000000851,0,134,1072
20,0.14736842105263157,8,0.5,600,82.43202100414744,0.037775799999963056,0,122,976
20,0.14736842105263157,8,0.5,1000,92.22226630457973,0.038639999999986685,0,122,976
20,0.14736842105263157,8,0.5,1400,92.44058419695956,0.03908000000001266,0,122,976
20,0.14736842105263157,8,0.5,600,184.1588293555451,0.04509890000008454,0,126,1008
20,0.14736842105263157,8,0.5,1000,166.71083630802943,0.03794030000017301,0,126,1008
20,0.14736842105263157,8,0.5,1400,166.23484709813906,0.036145799999985684,0,126,1008
20,0.14736842105263157,8,0.5,600,172.17067802988387,0.039999200000011115,0,134,1072
20,0.14736842105263157,8,0.5,1000,172.43177738085944,0.037059400000089227,0,134,1072
20,0.14736842105263157,8,0.5,1400,172.3957180528543,0.036981400000058784,0,134,1072
20,0.14736842105263157,8,1.0,600,145.91276253660695,0.03500540000004548,0,138,1104
20,0.14736842105263157,8,1.0,1000,128.944127576992,0.046256599999878745,0,138,1104
20,0.14736842105263157,8,1.0,1400,129.41570683277797,0.04056089999994583,0,138,1104
20,0.14736842105263157,8,1.0,600,140.78319288369764,0.036117600000125094,0,134,1072
20,0.14736842105263157,8,1.0,1000,141.22743466562608,0.03719260000002578,0,134,1072
20,0.14736842105263157,8,1.0,1400,133.80434192832993,0.038455899999917165,0,134,1072
20,0.14736842105263157,8,1.0,600,110.62345285435804,0.038316100000201914,0,122,976
20,0.14736842105263157,8,1.0,1000,126.4804072673762,0.04368700000009085,0,122,976
20,0.14736842105263157,8,1.0,1400,126.56695638385229,0.0374722000001384,0,122,976
20,0.14736842105263157,8,1.0,600,151.9538556258546,0.04580749999990985,0,126,1008
20,0.14736842105263157,8,1.0,1000,142.13127482430153,0.03782849999993232,0,126,1008
20,0.14736842105263157,8,1.0,1400,139.05908896425444,0.03726269999992837,0,126,1008
20,0.14736842105263157,8,1.0,600,111.33529553108876,0.03675269999985176,0,134,1072
20,0.14736842105263157,8,1.0,1000,111.35854545969201,0.039129700000103185,0,134,1072
20,0.14736842105263157,8,1.0,1400,111.32948410437109,0.044851999999991676,0,134,1072
20,0.14736842105263157,8,5.0,600,128.72071823150446,0.034838699999909295,0,138,1104
20,0.14736842105263157,8,5.0,1000,118.06901683106473,0.03656990000013138,0,138,1104
20,0.14736842105263157,8,5.0,1400,118.3494041777682,0.03704149999998663,0,138,1104
20,0.14736842105263157,8,5.0,600,125.55622089002125,0.040724100000034014,0,134,1072
20,0.14736842105263157,8,5.0,1000,125.90494258416949,0.055747100000189675,0,134,1072
20,0.14736842105263157,8,5.0,1400,121.86269525855319,0.03805790000001252,0,134,1072
20,0.14736842105263157,8,5.0,600,105.69824864910338,0.037738499999932174,0,122,976
20,0.14736842105263157,8,5.0,1000,134.29609261107402,0.04050140000003921,0,122,976
20,0.14736842105263157,8,5.0,1400,134.2668324041229,0.03948509999986527,0,122,976
20,0.14736842105263157,8,5.0,600,142.13671493036946,0.040141899999980524,0,126,1008
20,0.14736842105263157,8,5.0,1000,136.5930059490079,0.03652030000012019,0,126,1008
20,0.14736842105263157,8,5.0,1400,135.29824750123936,0.039558700000043245,0,126,1008
20,0.14736842105263157,8,5.0,600,110.1203537363131,0.03721100000007027,0,134,1072
20,0.14736842105263157,8,5.0,1000,110.24858822373534,0.037592399999994086,0,134,1072
20,0.14736842105263157,8,5.0,1400,110.16289701147524,0.03840740000009646,0,134,1072
20,0.19473684210526315,8,0.1,600,56.43824950352325,0.04037130000006073,0,282,2256
20,0.19473684210526315,8,0.1,1000,56.72782154838728,0.04250240000010308,0,282,2256
20,0.19473684210526315,8,0.1,1400,57.06151068937313,0.04139020000002347,0,282,2256
20,0.19473684210526315,8,0.1,600,69.62147984991815,0.040692299999818715,0,278,2224
20,0.19473684210526315,8,0.1,1000,69.54239335603215,0.04044619999990573,0,278,2224
20,0.19473684210526315,8,0.1,1400,69.61799693993223,0.04305890000000545,0,278,2224
20,0.19473684210526315,8,0.1,600,64.37335551401132,0.04198769999993601,0,190,1520
20,0.19473684210526315,8,0.1,1000,64.26655974099403,0.047952299999906245,0,190,1520
20,0.19473684210526315,8,0.1,1400,64.2706928473105,0.045934600000009596,0,190,1520
20,0.19473684210526315,8,0.1,600,100.54480537013812,0.04491540000003624,0,210,1680
20,0.19473684210526315,8,0.1,1000,98.42153892532694,0.04016300000012052,0,210,1680
20,0.19473684210526315,8,0.1,1400,98.34924205005295,0.04100650000009409,0,210,1680
20,0.19473684210526315,8,0.1,600,116.21012461342355,0.04205499999989115,0,242,1936
20,0.19473684210526315,8,0.1,1000,116.17920784747987,0.042731599999797254,0,242,1936
20,0.19473684210526315,8,0.1,1400,116.1853783506758,0.04281760000003487,0,242,1936
20,0.19473684210526315,8,0.5,600,101.66434115182525,0.04015140000001338,0,282,2256
20,0.19473684210526315,8,0.5,1000,97.53343051952359,0.04067250000002787,0,282,2256
20,0.19473684210526315,8,0.5,1400,98.10608932423622,0.04125589999989643,0,282,2256
20,0.19473684210526315,8,0.5,600,84.7119503487679,0.04074179999997796,0,278,2224
20,0.19473684210526315,8,0.5,1000,84.97968027173137,0.0408661999999822,0,278,2224
20,0.19473684210526315,8,0.5,1400,84.06010138512927,0.04299839999998767,0,278,2224
20,0.19473684210526315,8,0.5,600,112.83011365467357,0.04304819999993015,0,190,1520
20,0.19473684210526315,8,0.5,1000,136.34847388719035,0.044203599999946164,0,190,1520
20,0.19473684210526315,8,0.5,1400,136.56340525047918,0.041287000000011176,0,190,1520
20,0.19473684210526315,8,0.5,600,188.23052713392522,0.041159099999958926,0,210,1680
20,0.19473684210526315,8,0.5,1000,172.1381855201901,0.04110750000018015,0,210,1680
20,0.19473684210526315,8,0.5,1400,170.8718431990139,0.04576849999989463,0,210,1680
20,0.19473684210526315,8,0.5,600,125.92437301942012,0.04067810000015015,0,242,1936
20,0.19473684210526315,8,0.5,1000,126.00446920644916,0.04531969999993635,0,242,1936
20,0.19473684210526315,8,0.5,1400,125.88167397792188,0.04484040000011191,0,242,1936
20,0.19473684210526315,8,1.0,600,142.48516674812203,0.045364300000073854,0,282,2256
20,0.19473684210526315,8,1.0,1000,126.44550367728834,0.04405759999986003,0,282,2256
20,0.19473684210526315,8,1.0,1400,122.69545066277452,0.050147100000003775,0,282,2256
20,0.19473684210526315,8,1.0,600,138.2814525942771,0.04740429999992557,0,278,2224
20,0.19473684210526315,8,1.0,1000,138.7509441846827,0.04983519999996133,0,278,2224
20,0.19473684210526315,8,1.0,1400,131.724935957844,0.04232709999996587,0,278,2224
20,0.19473684210526315,8,1.0,600,95.05436425203274,0.042783600000120714,0,190,1520
20,0.19473684210526315,8,1.0,1000,102.79322892538362,0.04266020000000026,0,190,1520
20,0.19473684210526315,8,1.0,1400,102.5777517889874,0.05200070000000778,0,190,1520
20,0.19473684210526315,8,1.0,600,138.67299121266282,0.04407209999999395,0,210,1680
20,0.19473684210526315,8,1.0,1000,130.05480533033818,0.04231079999999565,0,210,1680
20,0.19473684210526315,8,1.0,1400,129.1144051138541,0.042386800000031144,0,210,1680
20,0.19473684210526315,8,1.0,600,107.17266884095194,0.04412430000002132,0,242,1936
20,0.19473684210526315,8,1.0,1000,107.23351203882201,0.044205000000147265,0,242,1936
20,0.19473684210526315,8,1.0,1400,107.24506048596137,0.04607869999995273,0,242,1936
20,0.19473684210526315,8,5.0,600,114.05145039812155,0.0408537000000706,0,282,2256
20,0.19473684210526315,8,5.0,1000,105.92996283955756,0.04025890000002619,0,282,2256
20,0.19473684210526315,8,5.0,1400,102.41285094261367,0.04161500000009255,0,282,2256
20,0.19473684210526315,8,5.0,600,106.99570487717577,0.04110230000014781,0,278,2224
20,0.19473684210526315,8,5.0,1000,107.37500801182205,0.04160020000017539,0,278,2224
20,0.19473684210526315,8,5.0,1400,103.82287810632694,0.04970930000013141,0,278,2224
20,0.19473684210526315,8,5.0,600,98.53215042224406,0.04277720000004592,0,190,1520
20,0.19473684210526315,8,5.0,1000,113.30310514687594,0.043513699999948585,0,190,1520
20,0.19473684210526315,8,5.0,1400,113.30539568582996,0.042951500000071974,0,190,1520
20,0.19473684210526315,8,5.0,600,138.27128375319546,0.03934780000008686,0,210,1680
20,0.19473684210526315,8,5.0,1000,132.0672631552522,0.04101730000002135,0,210,1680
20,0.19473684210526315,8,5.0,1400,130.8248044278795,0.04367720000004738,0,210,1680
20,0.19473684210526315,8,5.0,600,114.72600039308377,0.041422400000101334,0,242,1936
20,0.19473684210526315,8,5.0,1000,114.9047634816202,0.04515040000001136,0,242,1936
20,0.19473684210526315,8,5.0,1400,114.94298867048218,0.041003999999929874,0,242,1936
20,0.29473684210526313,8,0.1,600,83.92766005649987,0.04786029999991115,0,586,4688
20,0.29473684210526313,8,0.1,1000,80.92535799831333,0.04838150000000496,0,586,4688
20,0.29473684210526313,8,0.1,1400,77.51673352850914,0.04768390000003819,0,586,4688
20,0.29473684210526313,8,0.1,600,70.98166780582201,0.050691799999867726,0,658,5264
20,0.29473684210526313,8,0.1,1000,70.94824727413179,0.04670209999994768,0,658,5264
20,0.29473684210526313,8,0.1,1400,71.08756268804213,0.04702040000006491,0,658,5264
20,0.29473684210526313,8,0.1,600,84.79741647712788,0.052673899999945206,0,498,3984
20,0.29473684210526313,8,0.1,1000,58.64617419877576,0.04815740000003643,0,498,3984
20,0.29473684210526313,8,0.1,1400,58.851812465444915,0.050060199999961696,0,498,3984
20,0.29473684210526313,8,0.1,600,93.20436155929035,0.050265200000012555,0,566,4528
20,0.29473684210526313,8,0.1,1000,93.03642766530876,0.04788890000008905,0,566,4528
20,0.29473684210526313,8,0.1,1400,91.06348627132229,0.051984100000026956,0,566,4528
20,0.29473684210526313,8,0.1,600,140.98864696787922,0.0458917000000838,0,554,4432
20,0.29473684210526313,8,0.1,1000,141.2081270944283,0.05223929999988286,0,554,4432
20,0.29473684210526313,8,0.1,1400,140.93881119178334,0.047607800000150746,0,554,4432
20,0.29473684210526313,8,0.5,600,89.09254769759528,0.052428599999984726,0,586,4688
20,0.29473684210526313,8,0.5,1000,85.10776565415172,0.05346379999991768,0,586,4688
20,0.29473684210526313,8,0.5,1400,84.37651671590353,0.048027100000126666,0,586,4688
20,0.29473684210526313,8,0.5,600,98.80402787790382,0.049954300000081275,0,658,5264
20,0.29473684210526313,8,0.5,1000,101.42569050654782,0.048099800000045434,0,658,5264
20,0.29473684210526313,8,0.5,1400,105.11080155065963,0.04739830000016809,0,658,5264
20,0.29473684210526313,8,0.5,600,75.43082969663726,0.049976799999967625,0,498,3984
20,0.29473684210526313,8,0.5,1000,91.11746776434912,0.049989000000095984,0,498,3984
20,0.29473684210526313,8,0.5,1400,91.34292227127257,0.049319199999899865,0,498,3984
20,0.29473684210526313,8,0.5,600,116.81069384374854,0.04818750000004002,0,566,4528
20,0.29473684210526313,8,0.5,1000,110.1521196237815,0.04905389999998988,0,566,4528
20,0.29473684210526313,8,0.5,1400,109.8061719415729,0.048435499999868625,0,566,4528
20,0.29473684210526313,8,0.5,600,73.09241517947551,0.050878000000011525,0,554,4432
20,0.29473684210526313,8,0.5,1000,73.21353642305057,0.0507943999998588,0,554,4432
20,0.29473684210526313,8,0.5,1400,73.23088911727808,0.04846699999984594,0,554,4432
20,0.29473684210526313,8,1.0,600,134.90969489448267,0.04820130000007339,0,586,4688
20,0.29473684210526313,8,1.0,1000,107.9872761967537,0.04973939999990762,0,586,4688
20,0.29473684210526313,8,1.0,1400,108.16432697204426,0.049092799999925774,0,586,4688
20,0.29473684210526313,8,1.0,600,112.99482661828313,0.04898039999989123,0,658,5264
20,0.29473684210526313,8,1.0,1000,114.5384636868563,0.04959469999994326,0,658,5264
20,0.29473684210526313,8,1.0,1400,109.61538803239546,0.05094080000003487,0,658,5264
20,0.29473684210526313,8,1.0,600,54.02068725633345,0.0529082999998991,0,498,3984
20,0.29473684210526313,8,1.0,1000,63.59390069422831,0.05355839999992895,0,498,3984
20,0.29473684210526313,8,1.0,1400,63.58063061456191,0.05231499999990774,0,498,3984
20,0.29473684210526313,8,1.0,600,118.96248589194352,0.05288689999997587,0,566,4528
20,0.29473684210526313,8,1.0,1000,118.87579193523037,0.05494079999994028,0,566,4528
20,0.29473684210526313,8,1.0,1400,118.25164162027657,0.05474709999998595,0,566,4528
20,0.29473684210526313,8,1.0,600,74.54198445038982,0.054366400000162685,0,554,4432
20,0.29473684210526313,8,1.0,1000,74.59857311854455,0.056031999999959226,0,554,4432
20,0.29473684210526313,8,1.0,1400,74.5318293443395,0.04967110000006869,0,554,4432
20,0.29473684210526313,8,5.0,600,102.16543301891326,0.047051300000021,0,586,4688
20,0.29473684210526313,8,5.0,1000,90.53709762287285,0.051591400000006615,0,586,4688
20,0.29473684210526313,8,5.0,1400,89.51432131934193,0.04880809999986013,0,586,4688
20,0.29473684210526313,8,5.0,600,96.11238933887554,0.048050499999817475,0,658,5264
20,0.29473684210526313,8,5.0,1000,97.38344299623223,0.048820599999999104,0,658,5264
20,0.29473684210526313,8,5.0,1400,96.41557627390736,0.048791899999969246,0,658,5264
20,0.29473684210526313,8,5.0,600,72.8390190317753,0.04787439999995513,0,498,3984
20,0.29473684210526313,8,5.0,1000,78.62627290483859,0.04778870000018287,0,498,3984
20,0.29473684210526313,8,5.0,1400,78.60137682959211,0.04683569999997417,0,498,3984
20,0.29473684210526313,8,5.0,600,106.65468801553733,0.04803140000012718,0,566,4528
20,0.29473684210526313,8,5.0,1000,105.77803671605692,0.04753600000003644,0,566,4528
20,0.29473684210526313,8,5.0,1400,105.56088755808686,0.04841450000003533,0,566,4528
20,0.29473684210526313,8,5.0,600,74.80616696814104,0.04895089999990887,0,554,4432
20,0.29473684210526313,8,5.0,1000,74.9581215499781,0.05021609999994325,0,554,4432
20,0.29473684210526313,8,5.0,1400,75.0311143145852,0.04937100000006467,0,554,4432
20,0.39473684210526316,8,0.1,600,71.80723336228581,0.06081599999993159,0,3110,24880
20,0.39473684210526316,8,0.1,1000,63.597661838316476,0.05980519999980061,0,3110,24880
20,0.39473684210526316,8,0.1,1400,63.82184551671938,0.06031830000006266,0,3110,24880
20,0.39473684210526316,8,0.1,600,105.20821626756096,0.08144309999988764,0,1850,14800
20,0.39473684210526316,8,0.1,1000,105.72390333521987,0.057347500000105356,0,1850,14800
20,0.39473684210526316,8,0.1,1400,85.37057796914814,0.05920149999997193,0,1850,14800
20,0.39473684210526316,8,0.1,600,68.7666532745541,0.05855010000004768,0,1454,11632
20,0.39473684210526316,8,0.1,1000,44.29141358078776,0.054466600000068865,0,1454,11632
20,0.39473684210526316,8,0.1,1400,44.60479157295483,0.055171599999994214,0,1454,11632
20,0.39473684210526316,8,0.1,600,79.89701832604882,0.0548106999999618,0,1630,13040
20,0.39473684210526316,8,0.1,1000,81.5013557185062,0.055807599999980084,0,1630,13040
20,0.39473684210526316,8,0.1,1400,81.4537564616865,0.05710929999986547,0,1630,13040
20,0.39473684210526316,8,0.1,600,68.2979097857304,0.05556920000003629,0,1622,12976
20,0.39473684210526316,8,0.1,1000,68.32600125463573,0.05596590000004653,0,1622,12976
20,0.39473684210526316,8,0.1,1400,68.1383559491675,0.05607999999983804,0,1622,12976
20,0.39473684210526316,8,0.5,600,72.58463028585483,0.06632170000011683,0,3110,24880
20,0.39473684210526316,8,0.5,1000,66.62452301794892,0.0630209000000832,0,3110,24880
20,0.39473684210526316,8,0.5,1400,66.73654176062846,0.06248239999990801,0,3110,24880
20,0.39473684210526316,8,0.5,600,57.61683434105761,0.05658229999994546,0,1850,14800
20,0.39473684210526316,8,0.5,1000,58.55753380874432,0.05851800000004914,0,1850,14800
20,0.39473684210526316,8,0.5,1400,58.28551267795485,0.06838379999999233,0,1850,14800
20,0.39473684210526316,8,0.5,600,46.537680825211936,0.055692200000066805,0,1454,11632
20,0.39473684210526316,8,0.5,1000,65.55068983306379,0.0581417999999303,0,1454,11632
20,0.39473684210526316,8,0.5,1400,65.7463765490499,0.05600159999994503,0,1454,11632
20,0.39473684210526316,8,0.5,600,92.0732221379712,0.05886129999998957,49152,1630,13040
20,0.39473684210526316,8,0.5,1000,89.71051729069025,0.05928530000005594,90112,1630,13040
20,0.39473684210526316,8,0.5,1400,89.42727993667663,0.06261080000012953,40960,1630,13040
20,0.39473684210526316,8,0.5,600,77.19144505370038,0.05620749999980035,0,1622,12976
20,0.39473684210526316,8,0.5,1000,77.29006196457854,0.0570941999999377,0,1622,12976
20,0.39473684210526316,8,0.5,1400,77.19365639156543,0.05623620000005758,0,1622,12976
20,0.39473684210526316,8,1.0,600,76.64676619665816,0.05965340000011565,0,3110,24880
20,0.39473684210526316,8,1.0,1000,65.14080085988064,0.06295569999997497,0,3110,24880
20,0.39473684210526316,8,1.0,1400,64.98242144870817,0.06388990000004924,0,3110,24880
20,0.39473684210526316,8,1.0,600,72.83095623821707,0.05567989999985912,0,1850,14800
20,0.39473684210526316,8,1.0,1000,73.96348013060772,0.058667700000114564,0,1850,14800
20,0.39473684210526316,8,1.0,1400,77.63208211713687,0.06015419999994265,0,1850,14800
20,0.39473684210526316,8,1.0,600,46.05239961036978,0.054848900000024514,0,1454,11632
20,0.39473684210526316,8,1.0,1000,46.76435512363121,0.062295599999970364,0,1454,11632
20,0.39473684210526316,8,1.0,1400,46.76819186361978,0.056996499999968364,0,1454,11632
20,0.39473684210526316,8,1.0,600,87.51084349158268,0.05589660000009644,0,1630,13040
20,0.39473684210526316,8,1.0,1000,89.05461081767363,0.05583799999999428,0,1630,13040
20,0.39473684210526316,8,1.0,1400,88.89495599137933,0.05561629999988327,0,1630,13040
20,0.39473684210526316,8,1.0,600,66.77285277963847,0.061772400000108973,0,1622,12976
20,0.39473684210526316,8,1.0,1000,67.03295965381098,0.058226900000136084,0,1622,12976
20,0.39473684210526316,8,1.0,1400,67.16502412386413,0.05632470000000467,8192,1622,12976
20,0.39473684210526316,8,5.0,600,67.77569412500358,0.059100800000123854,0,3110,24880
20,0.39473684210526316,8,5.0,1000,64.89280573464664,0.06075959999998304,4096,3110,24880
20,0.39473684210526316,8,5.0,1400,64.89416204976432,0.062054700000089724,4096,3110,24880
20,0.39473684210526316,8,5.0,600,68.42317742387456,0.0656218000001445,0,1850,14800
20,0.39473684210526316,8,5.0,1000,70.18132173877311,0.055636899999853995,0,1850,14800
20,0.39473684210526316,8,5.0,1400,72.88380004760926,0.05349030000002131,0,1850,14800
20,0.39473684210526316,8,5.0,600,50.683603504831865,0.05254160000004049,0,1454,11632
20,0.39473684210526316,8,5.0,1000,55.334246103989344,0.05234700000005432,0,1454,11632
20,0.39473684210526316,8,5.0,1400,55.31930556660385,0.05308029999991959,0,1454,11632
20,0.39473684210526316,8,5.0,600,87.10406305155439,0.05324130000008154,0,1630,13040
20,0.39473684210526316,8,5.0,1000,88.04529634801418,0.05140919999985272,0,1630,13040
20,0.39473684210526316,8,5.0,1400,87.6322877825033,0.05337860000008732,0,1630,13040
20,0.39473684210526316,8,5.0,600,53.9941266624727,0.05392189999997754,0,1622,12976
20,0.39473684210526316,8,5.0,1000,54.16620833240003,0.07519449999995231,0,1622,12976
20,0.39473684210526316,8,5.0,1400,54.252110493465594,0.05745369999999639,0,1622,12976
20,0.49473684210526314,8,0.1,600,57.57822046351772,0.0767739000000347,0,8986,71888
20,0.49473684210526314,8,0.1,1000,51.50526348147191,0.08035340000014912,0,8986,71888
20,0.49473684210526314,8,0.1,1400,51.57967546072438,0.0767083000000639,0,8986,71888
20,0.49473684210526314,8,0.1,600,100.37948261709961,0.07722239999998237,0,7746,61968
20,0.49473684210526314,8,0.1,1000,100.33979799549911,0.07426710000004277,0,7746,61968
20,0.49473684210526314,8,0.1,1400,100.69808280179505,0.07386600000018007,0,7746,61968
20,0.49473684210526314,8,0.1,600,66.81967444519218,0.0678078999999343,16384,4878,39024
20,0.49473684210526314,8,0.1,1000,42.17978134774008,0.06635370000003604,49152,4878,39024
20,0.49473684210526314,8,0.1,1400,42.49225160989824,0.06715810000014244,118784,4878,39024
20,0.49473684210526314,8,0.1,600,57.387604090395456,0.06958120000012968,0,4302,34416
20,0.49473684210526314,8,0.1,1000,80.24097176087683,0.06885460000012245,0,4302,34416
20,0.49473684210526314,8,0.1,1400,79.74065386869279,0.06639829999994618,0,4302,34416
20,0.49473684210526314,8,0.1,600,71.74060269266144,0.07268440000007104,0,7378,59024
20,0.49473684210526314,8,0.1,1000,71.79344953315595,0.0723969999999099,0,7378,59024
20,0.49473684210526314,8,0.1,1400,71.63624240321626,0.07264749999990272,0,7378,59024
20,0.49473684210526314,8,0.5,600,73.31259641113398,0.083661500000062,0,8986,71888
20,0.49473684210526314,8,0.5,1000,63.91905300965706,0.08397300000001451,0,8986,71888
20,0.49473684210526314,8,0.5,1400,63.73129995439183,0.07960159999993266,0,8986,71888
20,0.49473684210526314,8,0.5,600,60.272260913485546,0.07852619999994204,0,7746,61968
20,0.49473684210526314,8,0.5,1000,60.65361303080544,0.07801519999998163,0,7746,61968
20,0.49473684210526314,8,0.5,1400,61.71222190951102,0.09002129999998942,0,7746,61968
20,0.49473684210526314,8,0.5,600,40.55481945435799,0.0744525000000067,0,4878,39024
20,0.49473684210526314,8,0.5,1000,59.07568094797272,0.07015200000000732,0,4878,39024
20,0.49473684210526314,8,0.5,1400,58.87905129829343,0.0702581000000464,0,4878,39024
20,0.49473684210526314,8,0.5,600,75.51764348753525,0.0688050999999632,4096,4302,34416
20,0.49473684210526314,8,0.5,1000,77.45175874734987,0.06550379999998768,8192,4302,34416
20,0.49473684210526314,8,0.5,1400,77.33101320772386,0.06565210000007937,40960,4302,34416
20,0.49473684210526314,8,0.5,600,71.68523769166595,0.07487749999995685,0,7378,59024
20,0.49473684210526314,8,0.5,1000,71.73363144402788,0.19405259999984992,0,7378,59024
20,0.49473684210526314,8,0.5,1400,71.60608386837261,0.07628439999984948,0,7378,59024
20,0.49473684210526314,8,1.0,600,65.20750979916036,0.09142610000003515,0,8986,71888
20,0.49473684210526314,8,1.0,1000,51.45000661419055,0.08091170000011516,0,8986,71888
20,0.49473684210526314,8,1.0,1400,51.83685089508677,0.07862629999999626,0,8986,71888
20,0.49473684210526314,8,1.0,600,72.53535259028342,0.07691690000001472,0,7746,61968
20,0.49473684210526314,8,1.0,1000,75.0187442809602,0.0753552999999556,4096,7746,61968
20,0.49473684210526314,8,1.0,1400,80.51987102380147,0.07487409999998818,0,7746,61968
20,0.49473684210526314,8,1.0,600,42.0379049965612,0.0673165999999128,0,4878,39024
20,0.49473684210526314,8,1.0,1000,41.34811516437423,0.06946509999988848,0,4878,39024
20,0.49473684210526314,8,1.0,1400,41.35002704129944,0.0668343999998342,0,4878,39024
20,0.49473684210526314,8,1.0,600,85.77100324100684,0.06426549999991948,0,4302,34416
20,0.49473684210526314,8,1.0,1000,86.26907638764321,0.06614330000002155,0,4302,34416
20,0.49473684210526314,8,1.0,1400,86.22879889464325,0.0677107999999862,0,4302,34416
20,0.49473684210526314,8,1.0,600,60.06801781275817,0.07701820000011139,0,7378,59024
20,0.49473684210526314,8,1.0,1000,60.10030377106577,0.0801386000000548,0,7378,59024
20,0.49473684210526314,8,1.0,1400,60.057320847082316,0.09057260000008682,0,7378,59024
20,0.49473684210526314,8,5.0,600,58.02108617620775,0.0879102999999759,0,8986,71888
20,0.49473684210526314,8,5.0,1000,55.15313514760482,0.0823301000000356,0,8986,71888
20,0.49473684210526314,8,5.0,1400,55.41900849192651,0.07842040000014094,0,8986,71888
20,0.49473684210526314,8,5.0,600,68.6093615560068,0.07645819999993364,0,7746,61968
20,0.49473684210526314,8,5.0,1000,69.94914595999622,0.07694920000017191,0,7746,61968
20,0.49473684210526314,8,5.0,1400,75.01594137109134,0.07593950000000405,0,7746,61968
20,0.49473684210526314,8,5.0,600,44.500485948746324,0.07911389999981111,0,4878,39024
20,0.49473684210526314,8,5.0,1000,48.21025911375216,0.0651553000000149,0,4878,39024
20,0.49473684210526314,8,5.0,1400,48.055720783842666,0.07518229999982395,0,4878,39024
20,0.49473684210526314,8,5.0,600,80.73890346649345,0.09105710000017098,0,4302,34416
20,0.49473684210526314,8,5.0,1000,81.14588747855952,0.06558170000016617,0,4302,34416
20,0.49473684210526314,8,5.0,1400,81.07469382691588,0.0672921000000315,0,4302,34416
20,0.49473684210526314,8,5.0,600,47.52537279037095,0.07319470000015826,0,7378,59024
20,0.49473684210526314,8,5.0,1000,47.54364685658389,0.07373800000004849,0,7378,59024
20,0.49473684210526314,8,5.0,1400,47.52753125571482,0.07355910000001131,0,7378,59024
20,0.1,10,0.1,600,0.023097347158350566,0.035244599999941784,0,78,624
20,0.1,10,0.1,1000,0.022835535933034796,0.03575239999986479,0,78,624
20,0.1,10,0.1,1400,0.024671153637547214,0.034600200000113546,0,78,624
20,0.1,10,0.1,600,0.019057330200035864,0.032879600000114806,0,78,624
20,0.1,10,0.1,1000,0.01947052822650172,0.03366979999987052,0,78,624
20,0.1,10,0.1,1400,0.020190204108618548,0.03786190000005263,0,78,624
20,0.1,10,0.1,600,0.06534016771735576,0.03204830000004222,0,78,624
20,0.1,10,0.1,1000,0.03251414546214963,0.036659899999904155,0,78,624
20,0.1,10,0.1,1400,0.015978860852688664,0.03267090000008466,0,78,624
20,0.1,10,0.1,600,0.03799025210277031,0.03634759999999915,0,78,624
20,0.1,10,0.1,1000,0.031728521373617084,0.037524099999927785,0,78,624
20,0.1,10,0.1,1400,0.027512058571814737,0.03478629999995064,0,78,624
20,0.1,10,0.1,600,0.009511036419959684,0.03417719999993096,0,78,624
20,0.1,10,0.1,1000,0.0051236380229339505,0.034648899999865534,0,78,624
20,0.1,10,0.1,1400,0.005925297856668946,0.04327110000008361,0,78,624
20,0.1,10,0.5,600,79.53693390581525,0.03499180000017077,0,78,624
20,0.1,10,0.5,1000,79.77495710743472,0.035375600000179475,0,78,624
20,0.1,10,0.5,1400,79.85833297646721,0.03532449999988785,0,78,624
20,0.1,10,0.5,600,114.8113324300338,0.031698600000027,0,78,624
20,0.1,10,0.5,1000,113.80452416152954,0.03301230000010946,0,78,624
20,0.1,10,0.5,1400,114.13834664691326,0.03779510000003938,0,78,624
20,0.1,10,0.5,600,163.58802006021833,0.03270139999995081,0,78,624
20,0.1,10,0.5,1000,161.40010861883118,0.031985099999928934,0,78,624
20,0.1,10,0.5,1400,139.73211756316132,0.031564900000148555,0,78,624
20,0.1,10,0.5,600,123.54858069425863,0.03139499999997497,0,78,624
20,0.1,10,0.5,1000,123.13329169102907,0.03238489999989724,0,78,624
20,0.1,10,0.5,1400,123.4502345010161,0.03231000000005224,0,78,624
20,0.1,10,0.5,600,115.41726203159703,0.03631420000010621,0,78,624
20,0.1,10,0.5,1000,112.13445611320076,0.0354272999998102,0,78,624
20,0.1,10,0.5,1400,112.42799795725404,0.033650200000010955,0,78,624
20,0.1,10,1.0,600,61.201742276964175,0.03338280000002669,0,78,624
20,0.1,10,1.0,1000,61.41102838445702,0.033919100000048275,0,78,624
20,0.1,10,1.0,1400,61.40757348267634,0.04080240000007507,0,78,624
20,0.1,10,1.0,600,150.24002572151917,0.032962100000077044,0,78,624
20,0.1,10,1.0,1000,148.58659617887406,0.034073799999987386,0,78,624
20,0.1,10,1.0,1400,148.92972520353106,0.031999600000062856,0,78,624
20,0.1,10,1.0,600,170.24371694646692,0.03199380000000929,0,78,624
20,0.1,10,1.0,1000,161.5052651987072,0.03111499999999978,0,78,624
20,0.1,10,1.0,1400,156.6074815170601,0.03264579999995476,0,78,624
20,0.1,10,1.0,600,121.7659054090216,0.03257480000002033,0,78,624
20,0.1,10,1.0,1000,121.40642257062318,0.03389399999991838,0,78,624
20,0.1,10,1.0,1400,121.69712418909106,0.034001799999941795,0,78,624
20,0.1,10,1.0,600,125.52800850616593,0.03386540000019522,0,78,624
20,0.1,10,1.0,1000,121.47204169167857,0.03460380000001351,0,78,624
20,0.1,10,1.0,1400,121.66369152752371,0.03365710000002764,0,78,624
20,0.1,10,5.0,600,84.45116757459255,0.03495759999987058,0,78,624
20,0.1,10,5.0,1000,84.65003465790409,0.034218900000041685,0,78,624
20,0.1,10,5.0,1400,84.81911554589621,0.034698800000114716,0,78,624
20,0.1,10,5.0,600,138.18066171923775,0.03147229999990486,0,78,624
20,0.1,10,5.0,1000,133.1752033648185,0.03547810000009122,0,78,624
20,0.1,10,5.0,1400,133.5310176657513,0.03368650000015805,0,78,624
20,0.1,10,5.0,600,175.5066166340449,0.03263590000005934,0,78,624
20,0.1,10,5.0,1000,172.24877634906443,0.032966999999871405,0,78,624
20,0.1,10,5.0,1400,162.37256919450468,0.03447259999984453,0,78,624
20,0.1,10,5.0,600,125.92326371801958,0.032965999999987616,0,78,624
20,0.1,10,5.0,1000,125.71470220161919,0.03325679999989006,0,78,624
20,0.1,10,5.0,1400,125.83768693541049,0.03478710000013052,0,78,624
20,0.1,10,5.0,600,96.60213230874702,0.035059900000078414,0,78,624
20,0.1,10,5.0,1000,94.37241656563508,0.034544000000096275,0,78,624
20,0.1,10,5.0,1400,94.36710519016488,0.03380109999989145,0,78,624
20,0.1,10,0.1,600,0.023097347158350566,0.033136300000023766,0,78,624
20,0.1,10,0.1,1000,0.022835535933034796,0.03837319999979627,0,78,624
20,0.1,10,0.1,1400,0.024671153637547214,0.03468569999995452,0,78,624
20,0.1,10,0.1,600,0.019057330200035864,0.033294800000021496,0,78,624
20,0.1,10,0.1,1000,0.01947052822650172,0.03222070000015265,0,78,624
20,0.1,10,0.1,1400,0.020190204108618548,0.032003899999835994,0,78,624
20,0.1,10,0.1,600,0.06534016771735576,0.035715700000082506,0,78,624
20,0.1,10,0.1,1000,0.03251414546214963,0.03627910000000156,0,78,624
20,0.1,10,0.1,1400,0.015978860852688664,0.033743400000048496,0,78,624
20,0.1,10,0.1,600,0.03799025210277031,0.03285919999984799,0,78,624
20,0.1,10,0.1,1000,0.031728521373617084,0.03398990000005142,0,78,624
20,0.1,10,0.1,1400,0.027512058571814737,0.03370859999995446,0,78,624
20,0.1,10,0.1,600,0.009511036419959684,0.03423350000002756,0,78,624
20,0.1,10,0.1,1000,0.0051236380229339505,0.03522659999998723,0,78,624
20,0.1,10,0.1,1400,0.005925297856668946,0.034659400000009555,0,78,624
20,0.1,10,0.5,600,79.53693390581525,0.0348997999999483,0,78,624
20,0.1,10,0.5,1000,79.77495710743472,0.03448279999997794,0,78,624
20,0.1,10,0.5,1400,79.85833297646721,0.03640309999991587,0,78,624
20,0.1,10,0.5,600,114.8113324300338,0.03232339999999567,0,78,624
20,0.1,10,0.5,1000,113.80452416152954,0.032306900000094174,0,78,624
20,0.1,10,0.5,1400,114.13834664691326,0.03360989999987396,0,78,624
20,0.1,10,0.5,600,163.58802006021833,0.03207919999999831,0,78,624
20,0.1,10,0.5,1000,161.40010861883118,0.03070590000015727,0,78,624
20,0.1,10,0.5,1400,139.73211756316132,0.03198840000004566,0,78,624
20,0.1,10,0.5,600,123.54858069425863,0.033466800000041985,0,78,624
20,0.1,10,0.5,1000,123.13329169102907,0.0331728999999541,0,78,624
20,0.1,10,0.5,1400,123.4502345010161,0.03393140000002859,0,78,624
20,0.1,10,0.5,600,115.41726203159703,0.03499710000005507,0,78,624
20,0.1,10,0.5,1000,112.13445611320076,0.03401880000001256,0,78,624
20,0.1,10,0.5,1400,112.42799795725404,0.03465879999998833,0,78,624
20,0.1,10,1.0,600,61.201742276964175,0.03644850000000588,0,78,624
20,0.1,10,1.0,1000,61.41102838445702,0.03310050000004594,0,78,624
20,0.1,10,1.0,1400,61.40757348267634,0.03831270000000586,0,78,624
20,0.1,10,1.0,600,150.24002572151917,0.03169389999993655,0,78,624
20,0.1,10,1.0,1000,148.58659617887406,0.03195099999993545,0,78,624
20,0.1,10,1.0,1400,148.92972520353106,0.03202559999999721,0,78,624
20,0.1,10,1.0,600,170.24371694646692,0.03245860000015455,0,78,624
20,0.1,10,1.0,1000,161.5052651987072,0.03410159999998541,0,78,624
20,0.1,10,1.0,1400,156.6074815170601,0.031459499999982654,0,78,624
20,0.1,10,1.0,600,121.7659054090216,0.034745899999961694,0,78,624
20,0.1,10,1.0,1000,121.40642257062318,0.033303899999964415,0,78,624
20,0.1,10,1.0,1400,121.69712418909106,0.03492329999994581,0,78,624
20,0.1,10,1.0,600,125.52800850616593,0.03460199999994984,0,78,624
20,0.1,10,1.0,1000,121.47204169167857,0.03453399999989415,0,78,624
20,0.1,10,1.0,1400,121.66369152752371,0.03831220000006397,0,78,624
20,0.1,10,5.0,600,84.45116757459255,0.034892599999921003,0,78,624
20,0.1,10,5.0,1000,84.65003465790409,0.034551800000144794,0,78,624
20,0.1,10,5.0,1400,84.81911554589621,0.04139449999979661,0,78,624
20,0.1,10,5.0,600,138.18066171923775,0.03155119999996714,0,78,624
20,0.1,10,5.0,1000,133.1752033648185,0.0316150999999536,0,78,624
20,0.1,10,5.0,1400,133.5310176657513,0.03098550000004252,0,78,624
20,0.1,10,5.0,600,175.5066166340449,0.0321168000000398,0,78,624
20,0.1,10,5.0,1000,172.24877634906443,0.032044100000121034,0,78,624
20,0.1,10,5.0,1400,162.37256919450468,0.03262319999998908,0,78,624
20,0.1,10,5.0,600,125.92326371801958,0.03329410000014832,0,78,624
20,0.1,10,5.0,1000,125.71470220161919,0.03168699999991986,0,78,624
20,0.1,10,5.0,1400,125.83768693541049,0.032849599999963175,0,78,624
20,0.1,10,5.0,600,96.60213230874702,0.034812200000033044,0,78,624
20,0.1,10,5.0,1000,94.37241656563508,0.03384559999994963,0,78,624
20,0.1,10,5.0,1400,94.36710519016488,0.03414029999999002,0,78,624
20,0.14736842105263157,10,0.1,600,91.20533027794191,0.04021579999994174,0,122,976
20,0.14736842105263157,10,0.1,1000,91.55672509338078,0.04159320000007938,0,122,976
20,0.14736842105263157,10,0.1,1400,91.6381206598595,0.03745739999999387,0,122,976
20,0.14736842105263157,10,0.1,600,130.98213947437446,0.03604840000002696,0,118,944
20,0.14736842105263157,10,0.1,1000,130.8317654479724,0.03808030000004692,0,118,944
20,0.14736842105263157,10,0.1,1400,131.30599151574583,0.036157900000034715,0,118,944
20,0.14736842105263157,10,0.1,600,88.9503277354924,0.0381712000000789,0,118,944
20,0.14736842105263157,10,0.1,1000,89.25480405799561,0.03687030000014602,0,118,944
20,0.14736842105263157,10,0.1,1400,89.6112188476628,0.03655660000003991,0,118,944
20,0.14736842105263157,10,0.1,600,111.26180530718402,0.04059419999998681,0,122,976
20,0.14736842105263157,10,0.1,1000,111.20083612500504,0.04113200000006145,0,122,976
20,0.14736842105263157,10,0.1,1400,111.2611346525401,0.039190399999824876,0,122,976
20,0.14736842105263157,10,0.1,600,91.0077230478724,0.035689399999910165,0,126,1008
20,0.14736842105263157,10,0.1,1000,91.30731851405666,0.03623280000010709,0,126,1008
20,0.14736842105263157,10,0.1,1400,91.54046266576718,0.03745730000014191,0,126,1008
20,0.14736842105263157,10,0.5,600,100.51424582811103,0.03739470000004985,0,122,976
20,0.14736842105263157,10,0.5,1000,100.78712362847696,0.03681189999997514,0,122,976
20,0.14736842105263157,10,0.5,1400,100.90942316818321,0.03752259999987473,0,122,976
20,0.14736842105263157,10,0.5,600,134.8085363645491,0.03681000000005952,0,118,944
20,0.14736842105263157,10,0.5,1000,122.94329913737201,0.036109399999986636,0,118,944
20,0.14736842105263157,10,0.5,1400,122.25721772416891,0.035472200000185694,0,118,944
20,0.14736842105263157,10,0.5,600,129.8462063336225,0.03543989999980113,0,118,944
20,0.14736842105263157,10,0.5,1000,129.19406620832677,0.037286499999936495,0,118,944
20,0.14736842105263157,10,0.5,1400,129.55847908676876,0.03638579999983449,0,118,944
20,0.14736842105263157,10,0.5,600,98.13958361659549,0.0365079999999125,0,122,976
20,0.14736842105263157,10,0.5,1000,97.90289349548038,0.04061209999986204,0,122,976
20,0.14736842105263157,10,0.5,1400,98.02823334791402,0.040352799999936906,0,122,976
20,0.14736842105263157,10,0.5,600,77.61178832752066,0.03664620000017749,0,126,1008
20,0.14736842105263157,10,0.5,1000,70.78806876134448,0.03575640000008207,0,126,1008
20,0.14736842105263157,10,0.5,1400,71.23394048865579,0.03820420000010927,0,126,1008
20,0.14736842105263157,10,1.0,600,100.63376769113049,0.03608609999992041,0,122,976
20,0.14736842105263157,10,1.0,1000,100.90371355272978,0.03566699999987577,0,122,976
20,0.14736842105263157,10,1.0,1400,100.94783868344662,0.04347450000000208,0,122,976
20,0.14736842105263157,10,1.0,600,134.08127356657113,0.03598139999985506,0,118,944
20,0.14736842105263157,10,1.0,1000,132.18024201220035,0.039759300000014264,0,118,944
20,0.14736842105263157,10,1.0,1400,129.76648408233186,0.043634600000132195,0,118,944
20,0.14736842105263157,10,1.0,600,127.68150814948207,0.03672579999988557,0,118,944
20,0.14736842105263157,10,1.0,1000,120.15102240255243,0.037884900000108246,0,118,944
20,0.14736842105263157,10,1.0,1400,116.5307345195834,0.035751299999901676,0,118,944
20,0.14736842105263157,10,1.0,600,145.51983915230986,0.042709800000011455,0,122,976
20,0.14736842105263157,10,1.0,1000,145.40641702468278,0.036227900000085356,0,122,976
20,0.14736842105263157,10,1.0,1400,145.51632748637024,0.038471399999934874,0,122,976
20,0.14736842105263157,10,1.0,600,100.35032223051628,0.037921700000197234,0,126,1008
20,0.14736842105263157,10,1.0,1000,92.07512787493351,0.03681660000006559,0,126,1008
20,0.14736842105263157,10,1.0,1400,92.12750041401918,0.0382720000000063,0,126,1008
20,0.14736842105263157,10,5.0,600,88.07228087452255,0.03712129999985336,0,122,976
20,0.14736842105263157,10,5.0,1000,88.24254241914976,0.03856899999982488,0,122,976
20,0.14736842105263157,10,5.0,1400,88.35698223839842,0.038935099999889644,0,122,976
20,0.14736842105263157,10,5.0,600,155.43184872183184,0.03544230000011339,0,118,944
20,0.14736842105263157,10,5.0,1000,146.14625081939377,0.03646739999999227,0,118,944
20,0.14736842105263157,10,5.0,1400,142.4145904379719,0.036516499999834195,0,118,944
20,0.14736842105263157,10,5.0,600,164.82073360764278,0.041118800000049305,0,118,944
20,0.14736842105263157,10,5.0,1000,160.04379943563106,0.03689910000002783,0,118,944
20,0.14736842105263157,10,5.0,1400,153.8056739357009,0.037690999999995256,0,118,944
20,0.14736842105263157,10,5.0,600,123.70486854055684,0.03892619999987801,0,122,976
20,0.14736842105263157,10,5.0,1000,123.57114589710042,0.03630199999997785,0,122,976
20,0.14736842105263157,10,5.0,1400,123.64739579495433,0.04324750000000677,0,122,976
20,0.14736842105263157,10,5.0,600,93.54293943873674,0.03689859999985856,0,126,1008
20,0.14736842105263157,10,5.0,1000,90.40814155115771,0.03584070000010797,0,126,1008
20,0.14736842105263157,10,5.0,1400,90.52760128819037,0.04649100000006001,0,126,1008
20,0.19473684210526315,10,0.1,600,70.4375333331023,0.038670299999921554,0,182,1456
20,0.19473684210526315,10,0.1,1000,70.52401377165842,0.04185179999990396,0,182,1456
20,0.19473684210526315,10,0.1,1400,70.87599936450862,0.04509759999996277,0,182,1456
20,0.19473684210526315,10,0.1,600,179.04971680429756,0.03900850000013634,0,186,1488
20,0.19473684210526315,10,0.1,1000,166.3331333566168,0.03960950000009689,0,186,1488
20,0.19473684210526315,10,0.1,1400,166.5286615004113,0.041275199999972756,0,186,1488
20,0.19473684210526315,10,0.1,600,65.59628532293499,0.03897670000014841,0,210,1680
20,0.19473684210526315,10,0.1,1000,65.46343854675062,0.03993209999998726,0,210,1680
20,0.19473684210526315,10,0.1,1400,65.44994639219668,0.04175250000002961,0,210,1680
20,0.19473684210526315,10,0.1,600,121.1886937202767,0.04098189999990609,0,206,1648
20,0.19473684210526315,10,0.1,1000,121.08828512941068,0.045234700000037265,0,206,1648
20,0.19473684210526315,10,0.1,1400,121.31107256471184,0.041789800000060495,0,206,1648
20,0.19473684210526315,10,0.1,600,90.0437591183723,0.04285629999981211,0,226,1808
20,0.19473684210526315,10,0.1,1000,90.81189413810532,0.039378700000042954,0,226,1808
20,0.19473684210526315,10,0.1,1400,94.05494301998489,0.043151400000169815,0,226,1808
20,0.19473684210526315,10,0.5,600,84.18352541679745,0.04054459999997562,0,182,1456
20,0.19473684210526315,10,0.5,1000,84.26137419823652,0.042883399999936955,0,182,1456
20,0.19473684210526315,10,0.5,1400,84.2573541171584,0.045019599999932325,0,182,1456
20,0.19473684210526315,10,0.5,600,134.40665267166227,0.04007180000007793,0,186,1488
20,0.19473684210526315,10,0.5,1000,120.52101681515153,0.040271699999948396,0,186,1488
20,0.19473684210526315,10,0.5,1400,120.55303303035097,0.042574199999990014,0,186,1488
20,0.19473684210526315,10,0.5,600,91.84564293617183,0.039038399999981266,0,210,1680
20,0.19473684210526315,10,0.5,1000,91.63980630376223,0.039092299999992974,0,210,1680
20,0.19473684210526315,10,0.5,1400,90.94702438735473,0.039999099999931786,0,210,1680
20,0.19473684210526315,10,0.5,600,101.95763190767201,0.04012620000003153,0,206,1648
20,0.19473684210526315,10,0.5,1000,101.71909385489026,0.0442443000001731,0,206,1648
20,0.19473684210526315,10,0.5,1400,101.54026617264637,0.043775200000027326,0,206,1648
20,0.19473684210526315,10,0.5,600,108.61397382231532,0.04486769999994067,0,226,1808
20,0.19473684210526315,10,0.5,1000,107.39184816028853,0.04334859999994478,0,226,1808
20,0.19473684210526315,10,0.5,1400,107.88091222250075,0.04083860000014283,0,226,1808
20,0.19473684210526315,10,1.0,600,84.47796200274152,0.039647199999990335,0,182,1456
20,0.19473684210526315,10,1.0,1000,84.55453272937184,0.04204189999995833,0,182,1456
20,0.19473684210526315,10,1.0,1400,84.6592946636632,0.04185589999997319,0,182,1456
20,0.19473684210526315,10,1.0,600,134.21903875975494,0.040213600000015504,0,186,1488
20,0.19473684210526315,10,1.0,1000,131.52327830278023,0.03793129999985467,0,186,1488
20,0.19473684210526315,10,1.0,1400,131.20665769543456,0.04004609999992681,0,186,1488
20,0.19473684210526315,10,1.0,600,116.67800464990906,0.04290699999978642,0,210,1680
20,0.19473684210526315,10,1.0,1000,107.18605331276069,0.038502699999980905,0,210,1680
20,0.19473684210526315,10,1.0,1400,103.07059570017283,0.04201869999997143,0,210,1680
20,0.19473684210526315,10,1.0,600,98.91047719440841,0.038917599999876984,0,206,1648
20,0.19473684210526315,10,1.0,1000,98.92843514281542,0.03838980000000447,0,206,1648
20,0.19473684210526315,10,1.0,1400,97.25128561152533,0.04043110000020533,0,206,1648
20,0.19473684210526315,10,1.0,600,75.34321028367178,0.045521400000097856,0,226,1808
20,0.19473684210526315,10,1.0,1000,79.37810561290365,0.03979600000002392,0,226,1808
20,0.19473684210526315,10,1.0,1400,80.56309222927618,0.039888499999960914,0,226,1808
20,0.19473684210526315,10,5.0,600,81.24169798121027,0.06396009999980379,0,182,1456
20,0.19473684210526315,10,5.0,1000,81.31106584572353,0.04298420000009173,0,182,1456
20,0.19473684210526315,10,5.0,1400,81.34086631385767,0.041288299999905576,0,182,1456
20,0.19473684210526315,10,5.0,600,142.38100634236494,0.03876539999987472,0,186,1488
20,0.19473684210526315,10,5.0,1000,139.33456155241333,0.039187099999935526,0,186,1488
20,0.19473684210526315,10,5.0,1400,136.95357264583603,0.04115729999989526,0,186,1488
20,0.19473684210526315,10,5.0,600,145.91109028821782,0.0388353000000734,0,210,1680
20,0.19473684210526315,10,5.0,1000,140.02635823844548,0.03768860000013774,0,210,1680
20,0.19473684210526315,10,5.0,1400,128.41050610686145,0.03980320000005122,0,210,1680
20,0.19473684210526315,10,5.0,600,92.04015798955483,0.04188750000002983,0,206,1648
20,0.19473684210526315,10,5.0,1000,91.9444229257627,0.0398776000001817,0,206,1648
20,0.19473684210526315,10,5.0,1400,91.03220765642754,0.04133780000006482,0,206,1648
20,0.19473684210526315,10,5.0,600,78.22624351072875,0.03862000000003718,0,226,1808
20,0.19473684210526315,10,5.0,1000,80.77022146638201,0.048822599999994054,0,226,1808
20,0.19473684210526315,10,5.0,1400,82.46791187819557,0.04573770000001787,0,226,1808
20,0.29473684210526313,10,0.1,600,137.90632805932282,0.04486880000013116,0,558,4464
20,0.29473684210526313,10,0.1,1000,138.00622014010114,0.04804229999990639,0,558,4464
20,0.29473684210526313,10,0.1,1400,138.31378073071284,0.04687289999992572,0,558,4464
20,0.29473684210526313,10,0.1,600,112.88434456783908,0.04582039999991139,0,718,5744
20,0.29473684210526313,10,0.1,1000,112.52804835310697,0.04490080000005037,0,718,5744
20,0.29473684210526313,10,0.1,1400,112.60664534559089,0.048650000000179716,0,718,5744
20,0.29473684210526313,10,0.1,600,85.28465113871276,0.04419099999995524,0,706,5648
20,0.29473684210526313,10,0.1,1000,94.60974501573843,0.045733400000017355,0,706,5648
20,0.29473684210526313,10,0.1,1400,90.10700042077256,0.0450261999999384,0,706,5648
20,0.29473684210526313,10,0.1,600,87.98633547152683,0.04523730000005344,0,538,4304
20,0.29473684210526313,10,0.1,1000,88.09505418906319,0.0503208000000086,0,538,4304
20,0.29473684210526313,10,0.1,1400,88.13830329137411,0.04792320000001382,0,538,4304
20,0.29473684210526313,10,0.1,600,94.1127345819612,0.047319400000105816,0,690,5520
20,0.29473684210526313,10,0.1,1000,90.74823513163204,0.048033399999894755,0,690,5520
20,0.29473684210526313,10,0.1,1400,91.14221864189417,0.04775910000012118,0,690,5520
20,0.29473684210526313,10,0.5,600,88.7813344716943,0.048929300000054354,0,558,4464
20,0.29473684210526313,10,0.5,1000,88.69518929867279,0.04787540000006629,0,558,4464
20,0.29473684210526313,10,0.5,1400,88.85448856788506,0.047638999999890075,0,558,4464
20,0.29473684210526313,10,0.5,600,129.16845006011553,0.045046199999887904,0,718,5744
20,0.29473684210526313,10,0.5,1000,123.48876043589607,0.05015459999981431,0,718,5744
20,0.29473684210526313,10,0.5,1400,125.09316794760949,0.04560129999981655,0,718,5744
20,0.29473684210526313,10,0.5,600,105.43669572285819,0.0701818000000003,0,706,5648
20,0.29473684210526313,10,0.5,1000,103.98166528241258,0.04848909999986972,0,706,5648
20,0.29473684210526313,10,0.5,1400,104.13590054799283,0.04986220000000685,0,706,5648
20,0.29473684210526313,10,0.5,600,70.8947330129201,0.04581380000013269,0,538,4304
20,0.29473684210526313,10,0.5,1000,72.33620747817791,0.04891689999999471,0,538,4304
20,0.29473684210526313,10,0.5,1400,72.1390152972731,0.04844760000014503,0,538,4304
20,0.29473684210526313,10,0.5,600,67.36846316799466,0.047180800000205636,0,690,5520
20,0.29473684210526313,10,0.5,1000,66.92199045200644,0.048629099999971004,0,690,5520
20,0.29473684210526313,10,0.5,1400,74.25186148727026,0.04737339999996948,0,690,5520
20,0.29473684210526313,10,1.0,600,76.69364407194146,0.04735189999996692,0,558,4464
20,0.29473684210526313,10,1.0,1000,76.73832562884141,0.04901549999999588,0,558,4464
20,0.29473684210526313,10,1.0,1400,78.99080033910055,0.04865180000001601,0,558,4464
20,0.29473684210526313,10,1.0,600,102.26399689696544,0.046402800000123534,0,718,5744
20,0.29473684210526313,10,1.0,1000,101.72885744177353,0.0469897000000401,0,718,5744
20,0.29473684210526313,10,1.0,1400,102.40976195348159,0.047016799999937575,0,718,5744
20,0.29473684210526313,10,1.0,600,100.73060040951178,0.05015099999991435,0,706,5648
20,0.29473684210526313,10,1.0,1000,98.63697071875997,0.04701440000008006,0,706,5648
20,0.29473684210526313,10,1.0,1400,97.84385450720862,0.047824699999864606,0,706,5648
20,0.29473684210526313,10,1.0,600,79.86027017971394,0.04694320000021435,0,538,4304
20,0.29473684210526313,10,1.0,1000,80.54183184072127,0.0474587999999585,0,538,4304
20,0.29473684210526313,10,1.0,1400,80.20670359008801,0.04885029999991275,0,538,4304
20,0.29473684210526313,10,1.0,600,57.10146553614862,0.044746100000111255,0,690,5520
20,0.29473684210526313,10,1.0,1000,59.269007121544796,0.0495056999998269,0,690,5520
20,0.29473684210526313,10,1.0,1400,61.33161334154652,0.04805280000005041,0,690,5520
20,0.29473684210526313,10,5.0,600,73.63600955781433,0.04957409999997253,0,558,4464
20,0.29473684210526313,10,5.0,1000,73.17149610865705,0.04600790000017696,0,558,4464
20,0.29473684210526313,10,5.0,1400,75.22853801689138,0.05496560000005957,0,558,4464
20,0.29473684210526313,10,5.0,600,115.92974699476078,0.046966999999995096,0,718,5744
20,0.29473684210526313,10,5.0,1000,110.91030029050242,0.04598529999998391,0,718,5744
20,0.29473684210526313,10,5.0,1400,109.38151830105816,0.04798039999991488,0,718,5744
20,0.29473684210526313,10,5.0,600,106.1829961656116,0.04386520000002747,0,706,5648
20,0.29473684210526313,10,5.0,1000,107.41055050302452,0.04824260000009417,0,706,5648
20,0.29473684210526313,10,5.0,1400,107.06142984773084,0.046524500000032276,0,706,5648
20,0.29473684210526313,10,5.0,600,67.53637890379535,0.057320499999832464,0,538,4304
20,0.29473684210526313,10,5.0,1000,69.49333552380939,0.04752690000009352,0,538,4304
20,0.29473684210526313,10,5.0,1400,69.06239042552653,0.04884799999990719,0,538,4304
20,0.29473684210526313,10,5.0,600,51.91005800384702,0.04761349999989761,0,690,5520
20,0.29473684210526313,10,5.0,1000,53.14918069342482,0.04759100000001126,0,690,5520
20,0.29473684210526313,10,5.0,1400,55.06272130980417,0.0480265999999574,0,690,5520
20,0.39473684210526316,10,0.1,600,93.13239080931412,0.05855100000007951,0,2782,22256
20,0.39473684210526316,10,0.1,1000,93.29641330634288,0.05826840000008815,0,2782,22256
20,0.39473684210526316,10,0.1,1400,93.65044982446919,0.06231079999997746,0,2782,22256
20,0.39473684210526316,10,0.1,600,114.31354668233406,0.05069040000012137,0,1658,13264
20,0.39473684210526316,10,0.1,1000,117.26508066176973,0.05335259999992559,0,1658,13264
20,0.39473684210526316,10,0.1,1400,117.57526818458926,0.05572860000006585,0,1658,13264
20,0.39473684210526316,10,0.1,600,89.02180502003914,0.05492809999987003,0,1742,13936
20,0.39473684210526316,10,0.1,1000,84.78714256373578,0.056545899999946414,0,1742,13936
20,0.39473684210526316,10,0.1,1400,85.42075116556704,0.05668339999988348,0,1742,13936
20,0.39473684210526316,10,0.1,600,67.37633876803906,0.06561999999985346,0,3846,30768
20,0.39473684210526316,10,0.1,1000,67.65874474117365,0.060185000000046784,0,3846,30768
20,0.39473684210526316,10,0.1,1400,72.69495911116933,0.0672233000000233,0,3846,30768
20,0.39473684210526316,10,0.1,600,39.0005560663309,0.05743280000001505,0,2218,17744
20,0.39473684210526316,10,0.1,1000,35.32328206690297,0.05791440000007242,0,2218,17744
20,0.39473684210526316,10,0.1,1400,35.377001472863554,0.059658899999931236,0,2218,17744
20,0.39473684210526316,10,0.5,600,74.66011814709017,0.060604900000043926,0,2782,22256
20,0.39473684210526316,10,0.5,1000,74.72911625717074,0.05847500000004402,0,2782,22256
20,0.39473684210526316,10,0.5,1400,75.01835766872533,0.0610681000000568,0,2782,22256
20,0.39473684210526316,10,0.5,600,89.91834014229094,0.05327069999998457,0,1658,13264
20,0.39473684210526316,10,0.5,1000,90.09235751979685,0.05429410000010648,0,1658,13264
20,0.39473684210526316,10,0.5,1400,94.06172838455373,0.05413149999981215,0,1658,13264
20,0.39473684210526316,10,0.5,600,71.85223039343417,0.05365600000004633,0,1742,13936
20,0.39473684210526316,10,0.5,1000,71.57631392448647,0.05615049999983057,0,1742,13936
20,0.39473684210526316,10,0.5,1400,71.77443733849256,0.053780200000119294,0,1742,13936
20,0.39473684210526316,10,0.5,600,60.2848870516871,0.057731800000055955,0,3846,30768
20,0.39473684210526316,10,0.5,1000,61.342082011397686,0.05901779999999235,0,3846,30768
20,0.39473684210526316,10,0.5,1400,60.64705900245893,0.06014709999999468,0,3846,30768
20,0.39473684210526316,10,0.5,600,53.567665372556434,0.058004599999776474,0,2218,17744
20,0.39473684210526316,10,0.5,1000,55.09569727520377,0.05457180000007611,0,2218,17744
20,0.39473684210526316,10,0.5,1400,56.51552732793198,0.05520159999991847,0,2218,17744
20,0.39473684210526316,10,1.0,600,43.90968689333104,0.05960719999984576,0,2782,22256
20,0.39473684210526316,10,1.0,1000,44.09976746351553,0.05810150000002068,0,2782,22256
20,0.39473684210526316,10,1.0,1400,44.28900877447825,0.059798600000021906,0,2782,22256
20,0.39473684210526316,10,1.0,600,98.40667083134211,0.05474030000004859,0,1658,13264
20,0.39473684210526316,10,1.0,1000,97.90061270092134,0.055667000000084954,0,1658,13264
20,0.39473684210526316,10,1.0,1400,98.65441181215279,0.05789920000006532,0,1658,13264
20,0.39473684210526316,10,1.0,600,81.71210370439535,0.053775299999870185,0,1742,13936
20,0.39473684210526316,10,1.0,1000,88.27903755783984,0.055825800000093295,0,1742,13936
20,0.39473684210526316,10,1.0,1400,87.58389967925953,0.056038500000113345,0,1742,13936
20,0.39473684210526316,10,1.0,600,58.099031094189826,0.06265829999983907,0,3846,30768
20,0.39473684210526316,10,1.0,1000,57.001940596974535,0.06303100000013728,0,3846,30768
20,0.39473684210526316,10,1.0,1400,57.0400745428694,0.063416400000051,0,3846,30768
20,0.39473684210526316,10,1.0,600,46.824728927347444,0.058879599999954735,0,2218,17744
20,0.39473684210526316,10,1.0,1000,46.888077113092145,0.058978199999955905,0,2218,17744
20,0.39473684210526316,10,1.0,1400,47.24610313732089,0.057224299999916184,0,2218,17744
20,0.39473684210526316,10,5.0,600,60.60924648454967,0.05896450000000186,0,2782,22256
20,0.39473684210526316,10,5.0,1000,60.56557497228456,0.05958480000003874,0,2782,22256
20,0.39473684210526316,10,5.0,1400,61.04812366382327,0.05858680000005734,0,2782,22256
20,0.39473684210526316,10,5.0,600,91.24563351433962,0.05669889999990119,0,1658,13264
20,0.39473684210526316,10,5.0,1000,91.04152998959681,0.054145900000094116,0,1658,13264
20,0.39473684210526316,10,5.0,1400,92.27766382171228,0.06025380000005498,0,1658,13264
20,0.39473684210526316,10,5.0,600,76.82923057270126,0.06189259999996466,0,1742,13936
20,0.39473684210526316,10,5.0,1000,82.4244164042707,0.055743000000120446,0,1742,13936
20,0.39473684210526316,10,5.0,1400,82.19072069904878,0.05750510000007125,0,1742,13936
20,0.39473684210526316,10,5.0,600,55.36961826069769,0.06273219999980029,0,3846,30768
20,0.39473684210526316,10,5.0,1000,56.14006433002893,0.06359359999987646,0,3846,30768
20,0.39473684210526316,10,5.0,1400,55.52069326071738,0.06318790000000263,0,3846,30768
20,0.39473684210526316,10,5.0,600,41.59050676139635,0.05883010000002287,0,2218,17744
20,0.39473684210526316,10,5.0,1000,42.23814427832096,0.06422409999981937,0,2218,17744
20,0.39473684210526316,10,5.0,1400,43.284954508157334,0.060647400000107154,0,2218,17744
20,0.49473684210526314,10,0.1,600,38.73060675903422,0.0898755999999139,0,9122,72976
20,0.49473684210526314,10,0.1,1000,38.44691647541486,0.08427539999979672,0,9122,72976
20,0.49473684210526314,10,0.1,1400,38.554891291036064,0.08798049999995783,0,9122,72976
20,0.49473684210526314,10,0.1,600,137.26235101354155,0.06683539999994537,0,4062,32496
20,0.49473684210526314,10,0.1,1000,137.3055998920993,0.0684287999999924,0,4062,32496
20,0.49473684210526314,10,0.1,1400,137.27244194307312,0.0724496000000272,0,4062,32496
20,0.49473684210526314,10,0.1,600,56.18644783115417,0.07265170000005128,0,5578,44624
20,0.49473684210526314,10,0.1,1000,74.31004805019552,0.07229039999992892,0,5578,44624
20,0.49473684210526314,10,0.1,1400,74.32127559426215,0.07324140000014268,0,5578,44624
20,0.49473684210526314,10,0.1,600,38.49886238850349,0.08298119999994924,0,9186,73488
20,0.49473684210526314,10,0.1,1000,38.4199622823565,0.08230930000013359,0,9186,73488
20,0.49473684210526314,10,0.1,1400,38.37416692193475,0.08438109999997323,0,9186,73488
20,0.49473684210526314,10,0.1,600,95.32181060544269,0.09053529999982857,0,11826,94608
20,0.49473684210526314,10,0.1,1000,71.7071895924262,0.09059240000010504,0,11826,94608
20,0.49473684210526314,10,0.1,1400,72.17522457202857,0.09200359999999819,0,11826,94608
20,0.49473684210526314,10,0.5,600,58.9236143997346,0.08052299999985735,0,9122,72976
20,0.49473684210526314,10,0.5,1000,58.94770677827294,0.08592830000020513,0,9122,72976
20,0.49473684210526314,10,0.5,1400,59.02781020744138,0.08188499999982923,0,9122,72976
20,0.49473684210526314,10,0.5,600,61.29172417142751,0.07413429999996879,0,4062,32496
20,0.49473684210526314,10,0.5,1000,61.8848878436069,0.08139759999994567,0,4062,32496
20,0.49473684210526314,10,0.5,1400,66.64189314719142,0.0801246999999421,0,4062,32496
20,0.49473684210526314,10,0.5,600,55.43236505425691,0.07668089999992844,0,5578,44624
20,0.49473684210526314,10,0.5,1000,64.43602939812412,0.07342029999995248,0,5578,44624
20,0.49473684210526314,10,0.5,1400,64.6541822503067,0.0757719000000634,0,5578,44624
20,0.49473684210526314,10,0.5,600,64.23232471537115,0.09040089999984957,0,9186,73488
20,0.49473684210526314,10,0.5,1000,63.991147844222226,0.08963130000006458,0,9186,73488
20,0.49473684210526314,10,0.5,1400,64.0153945518857,0.0908067000000301,0,9186,73488
20,0.49473684210526314,10,0.5,600,36.63514317914669,0.10775230000012925,0,11826,94608
20,0.49473684210526314,10,0.5,1000,36.55456084524018,0.10412780000001476,0,11826,94608
20,0.49473684210526314,10,0.5,1400,36.79835387345773,0.10070219999988694,0,11826,94608
20,0.49473684210526314,10,1.0,600,41.194469623129145,0.09135620000006384,0,9122,72976
20,0.49473684210526314,10,1.0,1000,41.23276561302894,0.08466760000010254,0,9122,72976
20,0.49473684210526314,10,1.0,1400,41.51360165064527,0.08213640000008127,0,9122,72976
20,0.49473684210526314,10,1.0,600,75.87364595924785,0.0673960999999963,0,4062,32496
20,0.49473684210526314,10,1.0,1000,75.75660423135392,0.07166879999999765,0,4062,32496
20,0.49473684210526314,10,1.0,1400,75.82772472729401,0.06900489999998172,0,4062,32496
20,0.49473684210526314,10,1.0,600,60.62311126596177,0.08106120000002193,0,5578,44624
20,0.49473684210526314,10,1.0,1000,68.68170620277645,0.08394199999997909,0,5578,44624
20,0.49473684210526314,10,1.0,1400,68.53417290365094,0.08105650000015885,0,5578,44624
20,0.49473684210526314,10,1.0,600,53.79845578341819,0.085705500000131,0,9186,73488
20,0.49473684210526314,10,1.0,1000,53.14113730952962,0.08255830000007336,0,9186,73488
20,0.49473684210526314,10,1.0,1400,52.8855148844257,0.0801825999999437,0,9186,73488
20,0.49473684210526314,10,1.0,600,39.515964021780725,0.088778899999852,0,11826,94608
20,0.49473684210526314,10,1.0,1000,40.320384254826166,0.09258149999982379,0,11826,94608
20,0.49473684210526314,10,1.0,1400,40.86330040834494,0.0903889999999592,0,11826,94608
20,0.49473684210526314,10,5.0,600,46.60522788208459,0.08037829999989299,0,9122,72976
20,0.49473684210526314,10,5.0,1000,46.63505613898593,0.0797728999998526,0,9122,72976
20,0.49473684210526314,10,5.0,1400,46.76199501698555,0.0803533000000698,0,9122,72976
20,0.49473684210526314,10,5.0,600,71.82877452001709,0.06432330000006914,0,4062,32496
20,0.49473684210526314,10,5.0,1000,72.11784447782776,0.07439050000016323,0,4062,32496
20,0.49473684210526314,10,5.0,1400,71.62547018495454,0.07401709999999184,0,4062,32496
20,0.49473684210526314,10,5.0,600,59.089273803833386,0.07731409999996686,0,5578,44624
20,0.49473684210526314,10,5.0,1000,65.05812371595648,0.0743505999998888,0,5578,44624
20,0.49473684210526314,10,5.0,1400,65.34854468367239,0.08160850000012942,0,5578,44624
20,0.49473684210526314,10,5.0,600,48.34976216909981,0.0838216999998167,0,9186,73488
20,0.49473684210526314,10,5.0,1000,47.85747925260676,0.08944369999994706,0,9186,73488
20,0.49473684210526314,10,5.0,1400,47.768681155597974,0.08131230000003598,0,9186,73488
20,0.49473684210526314,10,5.0,600,39.442760707112846,0.09558569999990141,0,11826,94608
20,0.49473684210526314,10,5.0,1000,40.24699669998242,0.10088070000006155,0,11826,94608
20,0.49473684210526314,10,5.0,1400,40.907068698728274,0.09697060000007696,0,11826,94608
30,0.06666666666666667,2,0.1,600,0.15163076036491221,0.051335999999992055,0,118,944
30,0.06666666666666667,2,0.1,1000,0.09813113711345518,0.05882919999999103,0,118,944
30,0.06666666666666667,2,0.1,1400,0.06847450722411816,0.058003699999972014,0,118,944
30,0.06666666666666667,2,0.1,600,0.11977241300546278,0.05487930000003871,0,118,944
30,0.06666666666666667,2,0.1,1000,0.10758248041085246,0.05682359999991604,0,118,944
30,0.06666666666666667,2,0.1,1400,0.09851111836081239,0.05488030000014987,0,118,944
30,0.06666666666666667,2,0.1,600,0.19940089715191928,0.05316510000011476,0,118,944
30,0.06666666666666667,2,0.1,1000,0.17836121519963485,0.05346430000008695,0,118,944
30,0.06666666666666667,2,0.1,1400,0.06726193126319958,0.052147299999887764,0,118,944
30,0.06666666666666667,2,0.1,600,0.1342987855216189,0.06039329999975962,0,118,944
30,0.06666666666666667,2,0.1,1000,0.09505478858763707,0.05962649999992209,0,118,944
30,0.06666666666666667,2,0.1,1400,0.09416663103124244,0.05541750000020329,0,118,944
30,0.06666666666666667,2,0.1,600,0.09103636444118642,0.06035389999988183,0,118,944
30,0.06666666666666667,2,0.1,1000,0.034980818302824186,0.05505140000013853,0,118,944
30,0.06666666666666667,2,0.1,1400,0.02810312786079244,0.05621229999997013,0,118,944
30,0.06666666666666667,2,0.5,600,175.24469287761056,0.05656020000014905,0,118,944
30,0.06666666666666667,2,0.5,1000,175.4260463537595,0.052640400000200316,0,118,944
30,0.06666666666666667,2,0.5,1400,173.55368347394113,0.05977340000026743,0,118,944
30,0.06666666666666667,2,0.5,600,198.33259310971346,0.06505310000011377,0,118,944
30,0.06666666666666667,2,0.5,1000,193.2781886723732,0.05753099999992628,0,118,944
30,0.06666666666666667,2,0.5,1400,193.26238508640142,0.056752399999822956,0,118,944
30,0.06666666666666667,2,0.5,600,248.89189821765012,0.06625920000033148,0,118,944
30,0.06666666666666667,2,0.5,1000,250.2792666588188,0.05940359999976863,0,118,944
30,0.06666666666666667,2,0.5,1400,230.432197660564,0.056629200000315905,0,118,944
30,0.06666666666666667,2,0.5,600,186.07638281353508,0.06160469999986162,0,118,944
30,0.06666666666666667,2,0.5,1000,184.95670415852624,0.06006539999998495,0,118,944
30,0.06666666666666667,2,0.5,1400,186.77888325803926,0.05560010000044713,0,118,944
30,0.06666666666666667,2,0.5,600,232.81743459429956,0.05906310000000303,0,118,944
30,0.06666666666666667,2,0.5,1000,229.73250475593935,0.06388150000020687,0,118,944
30,0.06666666666666667,2,0.5,1400,229.68013487984175,0.058684599999651255,0,118,944
30,0.06666666666666667,2,1.0,600,153.26699475632088,0.0590225000000828,0,118,944
30,0.06666666666666667,2,1.0,1000,148.3009347620372,0.06182319999970787,0,118,944
30,0.06666666666666667,2,1.0,1400,133.88800125152275,0.06418219999977737,0,118,944
30,0.06666666666666667,2,1.0,600,166.67355691945653,0.051727500000197324,0,118,944
30,0.06666666666666667,2,1.0,1000,164.53792021205132,0.0565734000001612,0,118,944
30,0.06666666666666667,2,1.0,1400,164.50367862020641,0.052881000000070344,0,118,944
30,0.06666666666666667,2,1.0,600,201.55930268171207,0.08316020000029312,0,118,944
30,0.06666666666666667,2,1.0,1000,243.36487203233494,0.05635149999989153,0,118,944
30,0.06666666666666667,2,1.0,1400,234.62818322134353,0.05141230000026553,0,118,944
30,0.06666666666666667,2,1.0,600,198.0856034224977,0.05327770000030796,0,118,944
30,0.06666666666666667,2,1.0,1000,195.36706480597007,0.05349439999963579,0,118,944
30,0.06666666666666667,2,1.0,1400,209.83025332545805,0.058158600000297156,0,118,944
30,0.06666666666666667,2,1.0,600,213.94643935510064,0.06291969999983849,0,118,944
30,0.06666666666666667,2,1.0,1000,194.95257331310563,0.061193099999854894,0,118,944
30,0.06666666666666667,2,1.0,1400,194.70237010834018,0.059147500000108266,0,118,944
30,0.06666666666666667,2,5.0,600,180.31391609289477,0.055605000000014115,0,118,944
30,0.06666666666666667,2,5.0,1000,172.96307062626778,0.061802300000181276,0,118,944
30,0.06666666666666667,2,5.0,1400,169.0557590590001,0.062146600000232866,0,118,944
30,0.06666666666666667,2,5.0,600,177.93311556765676,0.05764289999979155,0,118,944
30,0.06666666666666667,2,5.0,1000,176.68824255195142,0.05238729999973657,0,118,944
30,0.06666666666666667,2,5.0,1400,176.51220934819872,0.05087960000037128,0,118,944
30,0.06666666666666667,2,5.0,600,205.35255383091797,0.05162010000003647,0,118,944
30,0.06666666666666667,2,5.0,1000,253.78515318270954,0.05173500000000786,0,118,944
30,0.06666666666666667,2,5.0,1400,242.10977616753075,0.05299270000023171,0,118,944
30,0.06666666666666667,2,5.0,600,201.79164235993903,0.05254289999993489,0,118,944
30,0.06666666666666667,2,5.0,1000,201.57495230823068,0.06165340000006836,0,118,944
30,0.06666666666666667,2,5.0,1400,221.71523177622853,0.05215790000011111,0,118,944
30,0.06666666666666667,2,5.0,600,163.11329730205125,0.05482839999967837,0,118,944
30,0.06666666666666667,2,5.0,1000,157.95251062419229,0.053384400000140886,0,118,944
30,0.06666666666666667,2,5.0,1400,157.77863909069174,0.05335210000021107,0,118,944
30,0.09885057471264368,2,0.1,600,135.10312873168107,0.06517650000023423,0,186,1488
30,0.09885057471264368,2,0.1,1000,115.97355604160578,0.06252729999960138,0,186,1488
30,0.09885057471264368,2,0.1,1400,116.4204079707515,0.056341299999985495,0,186,1488
30,0.09885057471264368,2,0.1,600,152.99989555223488,0.05810479999991003,0,190,1520
30,0.09885057471264368,2,0.1,1000,133.37231018503016,0.06511230000023716,0,190,1520
30,0.09885057471264368,2,0.1,1400,133.74630322228907,0.059269899999890185,0,190,1520
30,0.09885057471264368,2,0.1,600,188.94156334164748,0.06208169999990787,0,218,1744
30,0.09885057471264368,2,0.1,1000,229.83097114310218,0.06674169999996593,0,218,1744
30,0.09885057471264368,2,0.1,1400,222.26578544300878,0.059350699999868084,0,218,1744
30,0.09885057471264368,2,0.1,600,158.39992380324193,0.05607259999987946,0,222,1776
30,0.09885057471264368,2,0.1,1000,158.4117468775692,0.057785899999998946,0,222,1776
30,0.09885057471264368,2,0.1,1400,189.8392184000168,0.05877680000003238,0,222,1776
30,0.09885057471264368,2,0.1,600,132.45273020845536,0.059404300000096555,0,190,1520
30,0.09885057471264368,2,0.1,1000,132.54910453844928,0.05966309999985242,0,190,1520
30,0.09885057471264368,2,0.1,1400,132.32047099746308,0.059200800000326126,0,190,1520
30,0.09885057471264368,2,0.5,600,174.69144318556553,0.055370000000039,0,186,1488
30,0.09885057471264368,2,0.5,1000,173.95495002801815,0.060558099999980186,0,186,1488
30,0.09885057471264368,2,0.5,1400,173.04217583410838,0.06009300000005169,0,186,1488
30,0.09885057471264368,2,0.5,600,159.1396255198683,0.0559835999997631,0,190,1520
30,0.09885057471264368,2,0.5,1000,159.16182617967763,0.05324929999960659,0,190,1520
30,0.09885057471264368,2,0.5,1400,158.87303425934007,0.05634369999961564,0,190,1520
30,0.09885057471264368,2,0.5,600,223.52147694154345,0.05763340000021344,0,218,1744
30,0.09885057471264368,2,0.5,1000,255.75610908863732,0.05742129999998724,0,218,1744
30,0.09885057471264368,2,0.5,1400,250.78317942861338,0.05604689999972834,0,218,1744
30,0.09885057471264368,2,0.5,600,181.97783989164415,0.061890800000128365,0,222,1776
30,0.09885057471264368,2,0.5,1000,180.919611337797,0.06575169999996433,0,222,1776
30,0.09885057471264368,2,0.5,1400,212.65543166827374,0.058602999999948224,0,222,1776
30,0.09885057471264368,2,0.5,600,205.5455646176475,0.06479750000016793,0,190,1520
30,0.09885057471264368,2,0.5,1000,205.3806545053718,0.07632539999985966,0,190,1520
30,0.09885057471264368,2,0.5,1400,205.46584519697424,0.0690506999999343,0,190,1520
30,0.09885057471264368,2,1.0,600,139.95991997174443,0.06698809999988953,0,186,1488
30,0.09885057471264368,2,1.0,1000,137.4520470859868,0.07375420000016675,0,186,1488
30,0.09885057471264368,2,1.0,1400,137.06951824710373,0.07563820000041233,0,186,1488
30,0.09885057471264368,2,1.0,600,195.53545979261443,0.05834489999961079,0,190,1520
30,0.09885057471264368,2,1.0,1000,189.8562985799429,0.06560699999999997,0,190,1520
30,0.09885057471264368,2,1.0,1400,190.0979846766459,0.06123550000029354,0,190,1520
30,0.09885057471264368,2,1.0,600,170.6600799117694,0.0607850999999755,0,218,1744
30,0.09885057471264368,2,1.0,1000,214.01564319600817,0.062098900000364665,0,218,1744
30,0.09885057471264368,2,1.0,1400,212.65842981426212,0.06192850000024919,0,218,1744
30,0.09885057471264368,2,1.0,600,177.86921870922902,0.056681400000343274,0,222,1776
30,0.09885057471264368,2,1.0,1000,178.06879924760213,0.05596259999992981,0,222,1776
30,0.09885057471264368,2,1.0,1400,208.76424434336158,0.061756099999911385,0,222,1776
30,0.09885057471264368,2,1.0,600,176.23187841657992,0.056406300000162446,0,190,1520
30,0.09885057471264368,2,1.0,1000,157.60020953851202,0.05688799999961702,0,190,1520
30,0.09885057471264368,2,1.0,1400,157.4002123749237,0.061586000000261265,0,190,1520
30,0.09885057471264368,2,5.0,600,124.18913162768341,0.05856050000011237,0,186,1488
30,0.09885057471264368,2,5.0,1000,119.39352088088133,0.06107770000016899,0,186,1488
30,0.09885057471264368,2,5.0,1400,116.52922412430924,0.05999100000008184,0,186,1488
30,0.09885057471264368,2,5.0,600,158.40927448269034,0.05605080000032103,0,190,1520
30,0.09885057471264368,2,5.0,1000,151.4808355004637,0.059301199999936216,0,190,1520
30,0.09885057471264368,2,5.0,1400,151.2958990998369,0.05825880000020334,0,190,1520
30,0.09885057471264368,2,5.0,600,176.54970488890544,0.05853960000013103,0,218,1744
30,0.09885057471264368,2,5.0,1000,214.6758747228428,0.06159720000005109,0,218,1744
30,0.09885057471264368,2,5.0,1400,203.68064838384126,0.059728700000050594,0,218,1744
30,0.09885057471264368,2,5.0,600,185.45731509065837,0.05794979999973293,0,222,1776
30,0.09885057471264368,2,5.0,1000,188.48418964986953,0.05720199999996112,0,222,1776
30,0.09885057471264368,2,5.0,1400,213.46912120709234,0.05521900000030655,0,222,1776
30,0.09885057471264368,2,5.0,600,142.0672942325189,0.05904849999978978,0,190,1520
30,0.09885057471264368,2,5.0,1000,133.50985946909552,0.06366579999985333,0,190,1520
30,0.09885057471264368,2,5.0,1400,133.2602356709651,0.06127749999996013,0,190,1520
30,0.06666666666666667,4,0.1,600,0.16773747096049715,0.04991429999972752,0,118,944
30,0.06666666666666667,4,0.1,1000,0.16984797887374645,0.059415200000330515,0,118,944
30,0.06666666666666667,4,0.1,1400,0.15450659674195877,0.05963359999987006,0,118,944
30,0.06666666666666667,4,0.1,600,0.1522395527385201,0.05247929999995904,0,118,944
30,0.06666666666666667,4,0.1,1000,0.021676536378177527,0.059443300000111776,0,118,944
30,0.06666666666666667,4,0.1,1400,0.020232468273476415,0.05110180000019682,0,118,944
30,0.06666666666666667,4,0.1,600,0.1662833390466922,0.06120829999963462,0,118,944
30,0.06666666666666667,4,0.1,1000,0.049541397176197696,0.057522200000221346,0,118,944
30,0.06666666666666667,4,0.1,1400,0.04434086181262038,0.05209259999992355,0,118,944
30,0.06666666666666667,4,0.1,600,0.10542876934189842,0.05202480000025389,0,118,944
30,0.06666666666666667,4,0.1,1000,0.03311938272437443,0.05701359999966371,0,118,944
30,0.06666666666666667,4,0.1,1400,0.029005316603052902,0.056687499999952706,0,118,944
30,0.06666666666666667,4,0.1,600,0.1446987093798474,0.05242610000004788,0,118,944
30,0.06666666666666667,4,0.1,1000,0.14226839374980324,0.055599700000129815,0,118,944
30,0.06666666666666667,4,0.1,1400,0.0398175712407877,0.057978299999831506,0,118,944
30,0.06666666666666667,4,0.5,600,194.97862247155808,0.0502635999996528,0,118,944
30,0.06666666666666667,4,0.5,1000,195.04711289290395,0.05396500000006199,0,118,944
30,0.06666666666666667,4,0.5,1400,183.05181036847242,0.05053140000018175,0,118,944
30,0.06666666666666667,4,0.5,600,195.0987751603076,0.052666300000055344,0,118,944
30,0.06666666666666667,4,0.5,1000,166.6070603808688,0.04988390000016807,0,118,944
30,0.06666666666666667,4,0.5,1400,166.37763087409837,0.05435299999999188,0,118,944
30,0.06666666666666667,4,0.5,600,250.85103263659795,0.04904919999989943,0,118,944
30,0.06666666666666667,4,0.5,1000,240.01817191239903,0.053838700000142126,0,118,944
30,0.06666666666666667,4,0.5,1400,239.59953905218836,0.048970400000143854,0,118,944
30,0.06666666666666667,4,0.5,600,308.50408500182925,0.07253020000007382,0,118,944
30,0.06666666666666667,4,0.5,1000,305.83355625803165,0.049602600000071106,0,118,944
30,0.06666666666666667,4,0.5,1400,306.238874635562,0.04842370000005758,0,118,944
30,0.06666666666666667,4,0.5,600,231.7519868132222,0.051712400000269554,0,118,944
30,0.06666666666666667,4,0.5,1000,232.09510895529255,0.05503820000012638,0,118,944
30,0.06666666666666667,4,0.5,1400,223.8038854465212,0.055447600000206876,0,118,944
30,0.06666666666666667,4,1.0,600,210.0796399716843,0.05471949999991921,0,118,944
30,0.06666666666666667,4,1.0,1000,210.3286163993787,0.05289390000007188,0,118,944
30,0.06666666666666667,4,1.0,1400,195.6036919644671,0.05320660000006683,0,118,944
30,0.06666666666666667,4,1.0,600,145.14265158469948,0.053702700000030745,0,118,944
30,0.06666666666666667,4,1.0,1000,184.56123965043244,0.055006800000228395,0,118,944
30,0.06666666666666667,4,1.0,1400,184.6438654858873,0.050068000000010215,0,118,944
30,0.06666666666666667,4,1.0,600,267.3068524504852,0.05592190000015762,0,118,944
30,0.06666666666666667,4,1.0,1000,253.20780966007337,0.05912530000023253,0,118,944
30,0.06666666666666667,4,1.0,1400,253.15883475917894,0.05154609999999593,0,118,944
30,0.06666666666666667,4,1.0,600,294.4188485011049,0.053932999999688036,0,118,944
30,0.06666666666666667,4,1.0,1000,286.51054469005663,0.061419000000114465,0,118,944
30,0.06666666666666667,4,1.0,1400,287.1988917877397,0.05330699999967692,0,118,944
30,0.06666666666666667,4,1.0,600,224.34207293191128,0.05520460000025196,0,118,944
30,0.06666666666666667,4,1.0,1000,224.69869733913188,0.053481500000089,0,118,944
30,0.06666666666666667,4,1.0,1400,245.43775221165083,0.05337250000002314,0,118,944
30,0.06666666666666667,4,5.0,600,206.9170091893737,0.05298179999999775,0,118,944
30,0.06666666666666667,4,5.0,1000,206.9866018497171,0.05342500000006112,0,118,944
30,0.06666666666666667,4,5.0,1400,196.29399791589495,0.05239419999998063,0,118,944
30,0.06666666666666667,4,5.0,600,194.03470868595986,0.055511099999876024,0,118,944
30,0.06666666666666667,4,5.0,1000,211.83469890570444,0.04957680000006803,0,118,944
30,0.06666666666666667,4,5.0,1400,211.61598716596401,0.05789879999974801,0,118,944
30,0.06666666666666667,4,5.0,600,253.51555065837755,0.052351199999975506,0,118,944
30,0.06666666666666667,4,5.0,1000,246.7138019284389,0.057669000000259985,0,118,944
30,0.06666666666666667,4,5.0,1400,246.445651325046,0.05368739999994432,0,118,944
30,0.06666666666666667,4,5.0,600,275.11425789087735,0.04839429999992717,0,118,944
30,0.06666666666666667,4,5.0,1000,267.8682804667991,0.05003790000000663,0,118,944
30,0.06666666666666667,4,5.0,1400,268.37196086209866,0.052979099999902246,0,118,944
30,0.06666666666666667,4,5.0,600,239.56360470379664,0.05650919999970938,0,118,944
30,0.06666666666666667,4,5.0,1000,239.70659872184658,0.05877169999985199,0,118,944
30,0.06666666666666667,4,5.0,1400,244.89780024129237,0.054462600000078965,0,118,944
30,0.09885057471264368,4,0.1,600,76.46438476611407,0.061755100000027596,0,210,1680
30,0.09885057471264368,4,0.1,1000,76.28151057378405,0.05790819999992891,0,210,1680
30,0.09885057471264368,4,0.1,1400,77.15269390283837,0.05997369999977309,0,210,1680
30,0.09885057471264368,4,0.1,600,146.94136124278455,0.059668299999884766,0,198,1584
30,0.09885057471264368,4,0.1,1000,176.39059202068523,0.06389760000001843,0,198,1584
30,0.09885057471264368,4,0.1,1400,176.58284813223798,0.057267899999715155,0,198,1584
30,0.09885057471264368,4,0.1,600,163.64134065542416,0.05853400000023612,0,194,1552
30,0.09885057471264368,4,0.1,1000,163.01981134737574,0.057041600000047765,0,194,1552
30,0.09885057471264368,4,0.1,1400,162.68381435350534,0.06047439999974813,0,194,1552
30,0.09885057471264368,4,0.1,600,243.56510416704174,0.05783340000016324,0,186,1488
30,0.09885057471264368,4,0.1,1000,208.9078569472541,0.06072290000020075,0,186,1488
30,0.09885057471264368,4,0.1,1400,209.34394655590188,0.057337100000040664,0,186,1488
30,0.09885057471264368,4,0.1,600,215.5281473851231,0.05964830000039001,0,206,1648
30,0.09885057471264368,4,0.1,1000,215.67058967522644,0.054149300000062794,0,206,1648
30,0.09885057471264368,4,0.1,1400,224.900869201842,0.05554870000014489,0,206,1648
30,0.09885057471264368,4,0.5,600,204.959294545755,0.060673700000279496,0,210,1680
30,0.09885057471264368,4,0.5,1000,208.86059835564598,0.0639976000002207,0,210,1680
30,0.09885057471264368,4,0.5,1400,207.69927455531936,0.05705549999993309,0,210,1680
30,0.09885057471264368,4,0.5,600,172.8602032519836,0.05712999999968815,0,198,1584
30,0.09885057471264368,4,0.5,1000,159.06391337969598,0.05998660000022937,0,198,1584
30,0.09885057471264368,4,0.5,1400,159.0897889092951,0.06169980000004216,0,198,1584
30,0.09885057471264368,4,0.5,600,303.0764394903748,0.06381710000005114,0,194,1552
30,0.09885057471264368,4,0.5,1000,281.59046759090734,0.06106279999994513,0,194,1552
30,0.09885057471264368,4,0.5,1400,281.2542543524485,0.060050000000046566,0,194,1552
30,0.09885057471264368,4,0.5,600,212.4307019005088,0.05717740000000049,0,186,1488
30,0.09885057471264368,4,0.5,1000,203.42592283297085,0.05543349999970815,0,186,1488
30,0.09885057471264368,4,0.5,1400,204.16176706514796,0.058323599999766884,0,186,1488
30,0.09885057471264368,4,0.5,600,229.25160550771355,0.06020260000013877,0,206,1648
30,0.09885057471264368,4,0.5,1000,229.6044115276834,0.05981479999991279,0,206,1648
30,0.09885057471264368,4,0.5,1400,218.1258778983898,0.058892999999898166,0,206,1648
30,0.09885057471264368,4,1.0,600,183.0102220043979,0.059364300000197545,0,210,1680
30,0.09885057471264368,4,1.0,1000,183.28547318202118,0.0600402000000031,0,210,1680
30,0.09885057471264368,4,1.0,1400,187.06201955281352,0.06664020000016535,0,210,1680
30,0.09885057471264368,4,1.0,600,130.21423593939681,0.06192370000007941,0,198,1584
30,0.09885057471264368,4,1.0,1000,172.95162566415468,0.060172200000124576,0,198,1584
30,0.09885057471264368,4,1.0,1400,172.70404015127625,0.05807679999998072,0,198,1584
30,0.09885057471264368,4,1.0,600,213.86333957106294,0.060236799999984214,0,194,1552
30,0.09885057471264368,4,1.0,1000,202.38953973015373,0.05628810000007434,0,194,1552
30,0.09885057471264368,4,1.0,1400,202.5185206979376,0.05955600000015693,0,194,1552
30,0.09885057471264368,4,1.0,600,227.68497328280225,0.05860900000016045,0,186,1488
30,0.09885057471264368,4,1.0,1000,213.5282034812018,0.06163160000005519,0,186,1488
30,0.09885057471264368,4,1.0,1400,215.55814937802245,0.055119200000262936,0,186,1488
30,0.09885057471264368,4,1.0,600,221.79066955786365,0.059038800000053016,0,206,1648
30,0.09885057471264368,4,1.0,1000,222.01389159813394,0.05600819999972373,0,206,1648
30,0.09885057471264368,4,1.0,1400,217.16316189261676,0.06424250000009124,0,206,1648
30,0.09885057471264368,4,5.0,600,193.93894776932947,0.05816540000023451,0,210,1680
30,0.09885057471264368,4,5.0,1000,194.52537534382012,0.05866969999988214,0,210,1680
30,0.09885057471264368,4,5.0,1400,192.74815577248177,0.06148090000033335,0,210,1680
30,0.09885057471264368,4,5.0,600,168.35927287013746,0.06135820000008607,0,198,1584
30,0.09885057471264368,4,5.0,1000,196.07145719305151,0.057488200000079814,0,198,1584
30,0.09885057471264368,4,5.0,1400,195.62645123048165,0.056751900000108435,0,198,1584
30,0.09885057471264368,4,5.0,600,254.32228375648577,0.058491200000389654,0,194,1552
30,0.09885057471264368,4,5.0,1000,235.28878412084472,0.06737380000004123,0,194,1552
30,0.09885057471264368,4,5.0,1400,234.82271066512592,0.056391200000234676,0,194,1552
30,0.09885057471264368,4,5.0,600,241.2670526165425,0.05570510000006834,0,186,1488
30,0.09885057471264368,4,5.0,1000,227.10168707976393,0.0606431999999586,0,186,1488
30,0.09885057471264368,4,5.0,1400,228.65223800209267,0.057926599999973405,0,186,1488
30,0.09885057471264368,4,5.0,600,207.51565105596148,0.06056269999999131,0,206,1648
30,0.09885057471264368,4,5.0,1000,207.5857718918862,0.062336299999969924,0,206,1648
30,0.09885057471264368,4,5.0,1400,223.72810409207247,0.05854890000000523,0,206,1648
30,0.14942528735632185,4,0.1,600,191.9507860584427,0.06928940000034345,0,434,3472
30,0.14942528735632185,4,0.1,1000,191.74154427173102,0.07204060000003665,0,434,3472
30,0.14942528735632185,4,0.1,1400,191.86597310699713,0.07573920000004364,0,434,3472
30,0.14942528735632185,4,0.1,600,143.60617697416455,0.06797780000033526,0,442,3536
30,0.14942528735632185,4,0.1,1000,137.7770291798326,0.0661619000002247,0,442,3536
30,0.14942528735632185,4,0.1,1400,138.0783690285164,0.07041419999995924,0,442,3536
30,0.14942528735632185,4,0.1,600,142.6099216031866,0.0618133999996644,0,466,3728
30,0.14942528735632185,4,0.1,1000,147.52646857475995,0.07026099999984581,0,466,3728
30,0.14942528735632185,4,0.1,1400,146.7862473119286,0.06788640000013402,0,466,3728
30,0.14942528735632185,4,0.1,600,211.18746351049077,0.06582239999988815,0,386,3088
30,0.14942528735632185,4,0.1,1000,210.68000652515553,0.06732039999997141,0,386,3088
30,0.14942528735632185,4,0.1,1400,222.09783114194676,0.06960939999999027,0,386,3088
30,0.14942528735632185,4,0.1,600,142.23046303974726,0.06235220000007757,0,386,3088
30,0.14942528735632185,4,0.1,1000,143.0918616375301,0.0644588999998632,0,386,3088
30,0.14942528735632185,4,0.1,1400,151.6887692341529,0.06533370000033756,0,386,3088
30,0.14942528735632185,4,0.5,600,170.38080843800614,0.06393219999972644,0,434,3472
30,0.14942528735632185,4,0.5,1000,170.9129681699242,0.06804830000010043,0,434,3472
30,0.14942528735632185,4,0.5,1400,174.7028425579168,0.06174190000001545,0,434,3472
30,0.14942528735632185,4,0.5,600,157.95346098306155,0.06559079999988171,0,442,3536
30,0.14942528735632185,4,0.5,1000,160.7823980040483,0.06703269999979966,0,442,3536
30,0.14942528735632185,4,0.5,1400,160.56839620603537,0.07614449999982753,0,442,3536
30,0.14942528735632185,4,0.5,600,203.50272914668042,0.06852039999967019,0,466,3728
30,0.14942528735632185,4,0.5,1000,202.85712433432093,0.06489929999997912,0,466,3728
30,0.14942528735632185,4,0.5,1400,202.0591251796803,0.06628100000034465,0,466,3728
30,0.14942528735632185,4,0.5,600,201.9050934282413,0.06916339999997945,0,386,3088
30,0.14942528735632185,4,0.5,1000,198.24037114275762,0.06334629999992103,0,386,3088
30,0.14942528735632185,4,0.5,1400,197.7580961022068,0.0692191999996794,0,386,3088
30,0.14942528735632185,4,0.5,600,180.2477903126115,0.06916409999985262,0,386,3088
30,0.14942528735632185,4,0.5,1000,180.23350330101925,0.0675175000001218,0,386,3088
30,0.14942528735632185,4,0.5,1400,191.40990654322678,0.09509889999981169,0,386,3088
30,0.14942528735632185,4,1.0,600,164.141767586595,0.06394739999996091,0,434,3472
30,0.14942528735632185,4,1.0,1000,164.20415645712797,0.0684292999999343,0,434,3472
30,0.14942528735632185,4,1.0,1400,164.0560316960299,0.06605169999966165,0,434,3472
30,0.14942528735632185,4,1.0,600,161.969164428059,0.06629130000010264,0,442,3536
30,0.14942528735632185,4,1.0,1000,184.86366151522873,0.06300580000015543,0,442,3536
30,0.14942528735632185,4,1.0,1400,184.22974838158393,0.07450399999970614,0,442,3536
30,0.14942528735632185,4,1.0,600,169.5710615071063,0.06498829999964073,0,466,3728
30,0.14942528735632185,4,1.0,1000,167.04983027287875,0.06634230000008756,0,466,3728
30,0.14942528735632185,4,1.0,1400,170.0255529296182,0.0686689999997725,0,466,3728
30,0.14942528735632185,4,1.0,600,225.95853340051184,0.06287080000038259,0,386,3088
30,0.14942528735632185,4,1.0,1000,219.44486635299126,0.06922510000003967,0,386,3088
30,0.14942528735632185,4,1.0,1400,226.93519801184354,0.06583810000029189,0,386,3088
30,0.14942528735632185,4,1.0,600,153.37820016280875,0.0742617999999311,0,386,3088
30,0.14942528735632185,4,1.0,1000,153.5640639922454,0.06485580000025948,0,386,3088
30,0.14942528735632185,4,1.0,1400,168.20321352088988,0.06782400000020061,0,386,3088
30,0.14942528735632185,4,5.0,600,166.30297845528173,0.0710414000000128,0,434,3472
30,0.14942528735632185,4,5.0,1000,167.0056440079041,0.0687025000001995,20480,434,3472
30,0.14942528735632185,4,5.0,1400,165.415910940908,0.06547409999984666,4096,434,3472
30,0.14942528735632185,4,5.0,600,144.20765937943838,0.0672577000000274,0,442,3536
30,0.14942528735632185,4,5.0,1000,159.26772563563983,0.06884029999991981,0,442,3536
30,0.14942528735632185,4,5.0,1400,158.77925469724696,0.07030420000000959,0,442,3536
30,0.14942528735632185,4,5.0,600,197.5699043073209,0.06549880000011399,0,466,3728
30,0.14942528735632185,4,5.0,1000,195.65416894190673,0.06597820000024512,0,466,3728
30,0.14942528735632185,4,5.0,1400,198.8521733888773,0.0664147999996203,0,466,3728
30,0.14942528735632185,4,5.0,600,191.46154779591038,0.06709799999998722,0,386,3088
30,0.14942528735632185,4,5.0,1000,183.77048607249228,0.06706080000003567,0,386,3088
30,0.14942528735632185,4,5.0,1400,184.78236246836184,0.06673079999973197,0,386,3088
30,0.14942528735632185,4,5.0,600,154.74976605285465,0.0638317999996616,0,386,3088
30,0.14942528735632185,4,5.0,1000,154.94638215467756,0.07046059999993304,0,386,3088
30,0.14942528735632185,4,5.0,1400,173.55396888753668,0.07160879999992176,0,386,3088
30,0.19770114942528735,4,0.1,600,107.59113743285758,0.08411819999992076,0,1062,8496
30,0.19770114942528735,4,0.1,1000,107.44404725126726,0.07838170000013633,0,1062,8496
30,0.19770114942528735,4,0.1,1400,104.28529931768111,0.0820594999995592,0,1062,8496
30,0.19770114942528735,4,0.1,600,144.78359419054019,0.11321129999987534,24576,1054,8432
30,0.19770114942528735,4,0.1,1000,164.7642921152828,0.08574510000016744,0,1054,8432
30,0.19770114942528735,4,0.1,1400,163.36644599628832,0.08343719999993482,4096,1054,8432
30,0.19770114942528735,4,0.1,600,151.43903238268095,0.08427209999990737,0,2046,16368
30,0.19770114942528735,4,0.1,1000,149.25956509758097,0.09279270000024553,0,2046,16368
30,0.19770114942528735,4,0.1,1400,149.1672487398234,0.08399570000028689,8192,2046,16368
30,0.19770114942528735,4,0.1,600,167.3304063514023,0.10231620000013208,0,774,6192
30,0.19770114942528735,4,0.1,1000,168.81390741649358,0.08191299999998591,0,774,6192
30,0.19770114942528735,4,0.1,1400,169.1043860125882,0.09966910000002827,0,774,6192
30,0.19770114942528735,4,0.1,600,131.93773097183166,0.09701909999967029,0,746,5968
30,0.19770114942528735,4,0.1,1000,132.29534561125166,0.08721459999969738,0,746,5968
30,0.19770114942528735,4,0.1,1400,131.6747104372391,0.08700859999999011,0,746,5968
30,0.19770114942528735,4,0.5,600,155.43402361804888,0.08219650000000911,0,1062,8496
30,0.19770114942528735,4,0.5,1000,158.6077619116051,0.08406689999992523,0,1062,8496
30,0.19770114942528735,4,0.5,1400,158.2718302567006,0.07576490000019476,0,1062,8496
30,0.19770114942528735,4,0.5,600,131.78094723300933,0.07543770000029326,0,1054,8432
30,0.19770114942528735,4,0.5,1000,131.8611047059392,0.07242319999977553,0,1054,8432
30,0.19770114942528735,4,0.5,1400,133.12425014907663,0.07200929999999062,0,1054,8432
30,0.19770114942528735,4,0.5,600,189.66107734741527,0.08110750000014377,0,2046,16368
30,0.19770114942528735,4,0.5,1000,199.90533411074645,0.08601010000029419,0,2046,16368
30,0.19770114942528735,4,0.5,1400,200.0859956202466,0.07452990000001591,0,2046,16368
30,0.19770114942528735,4,0.5,600,187.0435739687961,0.07995470000014393,0,774,6192
30,0.19770114942528735,4,0.5,1000,187.8869151285473,0.07335650000004534,0,774,6192
30,0.19770114942528735,4,0.5,1400,190.2856867703503,0.07354589999977179,0,774,6192
30,0.19770114942528735,4,0.5,600,122.31768269162592,0.07362150000017209,0,746,5968
30,0.19770114942528735,4,0.5,1000,122.40030604617873,0.08100299999978233,0,746,5968
30,0.19770114942528735,4,0.5,1400,136.98217838278245,0.08385589999988952,0,746,5968
30,0.19770114942528735,4,1.0,600,157.0043324266982,0.0879256000002897,0,1062,8496
30,0.19770114942528735,4,1.0,1000,157.29886074373223,0.07491509999999835,0,1062,8496
30,0.19770114942528735,4,1.0,1400,155.69109898825212,0.09425080000028174,0,1062,8496
30,0.19770114942528735,4,1.0,600,122.76137032168081,0.07692849999966711,0,1054,8432
30,0.19770114942528735,4,1.0,1000,151.60749839102752,0.07524359999979424,0,1054,8432
30,0.19770114942528735,4,1.0,1400,151.18652820200833,0.07957050000004529,0,1054,8432
30,0.19770114942528735,4,1.0,600,159.93466483369096,0.09227340000006734,0,2046,16368
30,0.19770114942528735,4,1.0,1000,159.08650384893772,0.09069200000021738,0,2046,16368
30,0.19770114942528735,4,1.0,1400,163.2818435839505,0.08093349999990096,0,2046,16368
30,0.19770114942528735,4,1.0,600,177.16576945129893,0.10922320000008767,0,774,6192
30,0.19770114942528735,4,1.0,1000,189.63955821637228,0.11635479999995368,0,774,6192
30,0.19770114942528735,4,1.0,1400,195.22471265387043,0.09221429999979591,0,774,6192
30,0.19770114942528735,4,1.0,600,126.4424467630294,0.1085862999998426,0,746,5968
30,0.19770114942528735,4,1.0,1000,126.75469311865615,0.10041640000008556,0,746,5968
30,0.19770114942528735,4,1.0,1400,146.04876972614204,0.12155980000034106,0,746,5968
30,0.19770114942528735,4,5.0,600,136.5212643116459,0.12954889999991792,0,1062,8496
30,0.19770114942528735,4,5.0,1000,135.39642699435373,0.10835180000003675,0,1062,8496
30,0.19770114942528735,4,5.0,1400,135.05744347986288,0.08829969999987952,0,1062,8496
30,0.19770114942528735,4,5.0,600,113.16675511888286,0.07688729999972566,0,1054,8432
30,0.19770114942528735,4,5.0,1000,132.86897623486183,0.08263859999988199,0,1054,8432
30,0.19770114942528735,4,5.0,1400,131.4780357103463,0.09876389999999446,0,1054,8432
30,0.19770114942528735,4,5.0,600,174.37781032768382,0.08032719999982874,0,2046,16368
30,0.19770114942528735,4,5.0,1000,181.05657577476939,0.08088989999987461,0,2046,16368
30,0.19770114942528735,4,5.0,1400,179.03428598363084,0.09645559999989928,0,2046,16368
30,0.19770114942528735,4,5.0,600,168.1133798747324,0.07987849999972241,0,774,6192
30,0.19770114942528735,4,5.0,1000,172.03409124293296,0.08105429999977787,0,774,6192
30,0.19770114942528735,4,5.0,1400,175.16210333216222,0.07824629999959143,0,774,6192
30,0.19770114942528735,4,5.0,600,113.73611638823562,0.07411229999979696,0,746,5968
30,0.19770114942528735,4,5.0,1000,113.93775822704393,0.08133270000007542,0,746,5968
30,0.19770114942528735,4,5.0,1400,134.7008711298219,0.07907429999977467,0,746,5968
30,0.06666666666666667,6,0.1,600,0.012190269088004723,0.07574780000004466,0,118,944
30,0.06666666666666667,6,0.1,1000,0.011935944895508538,0.08810399999993024,0,118,944
30,0.06666666666666667,6,0.1,1400,0.0071012852531431876,0.07375790000014604,0,118,944
30,0.06666666666666667,6,0.1,600,0.09718807973697056,0.060800100000051316,0,118,944
30,0.06666666666666667,6,0.1,1000,0.059921059422087114,0.06743920000008075,0,118,944
30,0.06666666666666667,6,0.1,1400,0.05536176298792671,0.07770119999986491,0,118,944
30,0.06666666666666667,6,0.1,600,0.08933206161510189,0.061824999999771535,0,118,944
30,0.06666666666666667,6,0.1,1000,0.04686629737900309,0.10231039999962377,0,118,944
30,0.06666666666666667,6,0.1,1400,0.015670386294157537,0.11594000000013693,0,118,944
30,0.06666666666666667,6,0.1,600,0.12049477011116277,0.06196470000031695,0,118,944
30,0.06666666666666667,6,0.1,1000,0.07536391657811306,0.06481639999992694,0,118,944
30,0.06666666666666667,6,0.1,1400,0.0731216135647045,0.0728969000001598,0,118,944
30,0.06666666666666667,6,0.1,600,0.13931566020298763,0.0868969999996807,0,118,944
30,0.06666666666666667,6,0.1,1000,0.10707098867079053,0.07175460000007661,0,118,944
30,0.06666666666666667,6,0.1,1400,0.0882111261840965,0.0735685999998168,0,118,944
30,0.06666666666666667,6,0.5,600,202.35765423011802,0.07394589999967138,0,118,944
30,0.06666666666666667,6,0.5,1000,201.8934907170354,0.07957249999981286,0,118,944
30,0.06666666666666667,6,0.5,1400,225.96955399224814,0.10476790000029723,0,118,944
30,0.06666666666666667,6,0.5,600,248.6837704870678,0.09172480000006544,0,118,944
30,0.06666666666666667,6,0.5,1000,219.8036232526752,0.07819169999993392,0,118,944
30,0.06666666666666667,6,0.5,1400,203.10821366365974,0.06840300000021671,0,118,944
30,0.06666666666666667,6,0.5,600,178.24349424008875,0.06582849999995233,0,118,944
30,0.06666666666666667,6,0.5,1000,175.5668640408994,0.0980466000000888,0,118,944
30,0.06666666666666667,6,0.5,1400,157.18394226295598,0.07930320000014035,0,118,944
30,0.06666666666666667,6,0.5,600,147.05135397248213,0.06875429999990956,0,118,944
30,0.06666666666666667,6,0.5,1000,145.18404641822764,0.07078610000007757,0,118,944
30,0.06666666666666667,6,0.5,1400,145.31193005208237,0.17309070000010252,0,118,944
30,0.06666666666666667,6,0.5,600,204.07290197101818,0.05934630000001562,0,118,944
30,0.06666666666666667,6,0.5,1000,190.79216090195848,0.0655018000002201,0,118,944
30,0.06666666666666667,6,0.5,1400,184.56633026642757,0.054355799999939336,0,118,944
30,0.06666666666666667,6,1.0,600,204.87352967794197,0.06068460000005871,0,118,944
30,0.06666666666666667,6,1.0,1000,205.04374934830903,0.06261900000026799,0,118,944
30,0.06666666666666667,6,1.0,1400,230.40092763927532,0.06736069999988104,0,118,944
30,0.06666666666666667,6,1.0,600,287.69454262394703,0.07182689999990544,0,118,944
30,0.06666666666666667,6,1.0,1000,262.82188696345673,0.06747129999985191,0,118,944
30,0.06666666666666667,6,1.0,1400,245.1752761761733,0.10814289999962057,0,118,944
30,0.06666666666666667,6,1.0,600,215.7023945331692,0.11465369999996256,0,118,944
30,0.06666666666666667,6,1.0,1000,201.60767612104846,0.0735552999999527,0,118,944
30,0.06666666666666667,6,1.0,1400,191.3428652588087,0.09188410000024305,0,118,944
30,0.06666666666666667,6,1.0,600,236.3747781557883,0.07063349999998536,0,118,944
30,0.06666666666666667,6,1.0,1000,215.48287883194004,0.20100240000010672,0,118,944
30,0.06666666666666667,6,1.0,1400,214.80169872075442,0.07833389999996143,0,118,944
30,0.06666666666666667,6,1.0,600,261.5259998560196,0.0676843999999619,0,118,944
30,0.06666666666666667,6,1.0,1000,259.60173181105785,0.0764936000000489,0,118,944
30,0.06666666666666667,6,1.0,1400,254.7351619065473,0.07790639999984705,0,118,944
30,0.06666666666666667,6,5.0,600,213.69543394117764,0.0796439000000646,0,118,944
30,0.06666666666666667,6,5.0,1000,213.69621964711925,0.06634930000018358,0,118,944
30,0.06666666666666667,6,5.0,1400,274.5467786110082,0.06331219999992754,0,118,944
30,0.06666666666666667,6,5.0,600,234.0114129857074,0.07491669999990336,0,118,944
30,0.06666666666666667,6,5.0,1000,225.69598409309816,0.05722739999964688,0,118,944
30,0.06666666666666667,6,5.0,1400,223.01591097641088,0.05194870000013907,0,118,944
30,0.06666666666666667,6,5.0,600,214.27282050777282,0.052955800000290765,0,118,944
30,0.06666666666666667,6,5.0,1000,197.98538935440888,0.05696189999980561,0,118,944
30,0.06666666666666667,6,5.0,1400,193.90602158332266,0.05221560000018144,0,118,944
30,0.06666666666666667,6,5.0,600,202.4619936129726,0.0564475000001039,0,118,944
30,0.06666666666666667,6,5.0,1000,193.11614525356515,0.055267900000217196,0,118,944
30,0.06666666666666667,6,5.0,1400,192.95088266768778,0.05290079999986119,0,118,944
30,0.06666666666666667,6,5.0,600,241.02009526769788,0.06539859999975306,0,118,944
30,0.06666666666666667,6,5.0,1000,229.78490775540652,0.0698643999999149,0,118,944
30,0.06666666666666667,6,5.0,1400,232.301173833219,0.06411049999996976,0,118,944
30,0.09885057471264368,6,0.1,600,203.8782019870009,0.07954859999972541,0,194,1552
30,0.09885057471264368,6,0.1,1000,203.2201143174102,0.06499759999996968,0,194,1552
30,0.09885057471264368,6,0.1,1400,203.3732477981498,0.06824170000027152,0,194,1552
30,0.09885057471264368,6,0.1,600,172.1611179058813,0.05328720000034082,0,178,1424
30,0.09885057471264368,6,0.1,1000,158.91649932700423,0.05981740000015634,0,178,1424
30,0.09885057471264368,6,0.1,1400,138.97493873479064,0.06624959999999191,0,178,1424
30,0.09885057471264368,6,0.1,600,157.65251718964865,0.06346450000000914,0,182,1456
30,0.09885057471264368,6,0.1,1000,190.78690071032818,0.05844550000028903,0,182,1456
30,0.09885057471264368,6,0.1,1400,189.31423846187852,0.05726679999997941,0,182,1456
30,0.09885057471264368,6,0.1,600,199.87609157920284,0.06877729999996518,0,190,1520
30,0.09885057471264368,6,0.1,1000,155.51816175246566,0.07726730000013049,0,190,1520
30,0.09885057471264368,6,0.1,1400,155.28033745450318,0.07513550000021496,0,190,1520
30,0.09885057471264368,6,0.1,600,172.01783181635955,0.06046569999989515,0,226,1808
30,0.09885057471264368,6,0.1,1000,171.7068355926805,0.07184370000004492,0,226,1808
30,0.09885057471264368,6,0.1,1400,171.8894677483422,0.06597699999974793,0,226,1808
30,0.09885057471264368,6,0.5,600,174.59409019962362,0.07964010000023336,0,194,1552
30,0.09885057471264368,6,0.5,1000,174.53916158400645,0.08520750000025146,0,194,1552
30,0.09885057471264368,6,0.5,1400,226.07902834422217,0.06843120000030467,0,194,1552
30,0.09885057471264368,6,0.5,600,170.6202582444541,0.08246980000012627,0,178,1424
30,0.09885057471264368,6,0.5,1000,172.75561556129557,0.09422269999959099,0,178,1424
30,0.09885057471264368,6,0.5,1400,157.52237444487778,0.10325980000015988,0,178,1424
30,0.09885057471264368,6,0.5,600,175.40499018253266,0.08837410000023738,0,182,1456
30,0.09885057471264368,6,0.5,1000,170.89066876520425,0.27989930000012464,0,182,1456
30,0.09885057471264368,6,0.5,1400,166.5340195180649,0.08601929999986169,0,182,1456
30,0.09885057471264368,6,0.5,600,191.858469232573,0.07800150000002759,-1310720,190,1520
30,0.09885057471264368,6,0.5,1000,187.8028502280887,0.10746319999998377,0,190,1520
30,0.09885057471264368,6,0.5,1400,180.71369477952794,0.0884885000000395,0,190,1520
30,0.09885057471264368,6,0.5,600,194.9797450393386,0.0739992999997412,0,226,1808
30,0.09885057471264368,6,0.5,1000,180.9407591768647,0.06971380000004501,0,226,1808
30,0.09885057471264368,6,0.5,1400,178.0323563167643,0.08339200000000346,0,226,1808
30,0.09885057471264368,6,1.0,600,162.9607769032642,0.06024669999987964,0,194,1552
30,0.09885057471264368,6,1.0,1000,162.80283196733637,0.06874379999999292,0,194,1552
30,0.09885057471264368,6,1.0,1400,240.61650525399855,0.0941011999998409,0,194,1552
30,0.09885057471264368,6,1.0,600,216.3931709511537,0.06737259999999878,0,178,1424
30,0.09885057471264368,6,1.0,1000,213.51581195902932,0.07993899999974019,0,178,1424
30,0.09885057471264368,6,1.0,1400,212.5636798762424,0.09173950000013065,0,178,1424
30,0.09885057471264368,6,1.0,600,180.3981259958554,0.06437740000001213,0,182,1456
30,0.09885057471264368,6,1.0,1000,185.02679688601037,0.09404580000000351,0,182,1456
30,0.09885057471264368,6,1.0,1400,182.05909155545902,0.05722359999981563,0,182,1456
30,0.09885057471264368,6,1.0,600,215.7974718379287,0.05607620000000679,0,190,1520
30,0.09885057471264368,6,1.0,1000,210.41537331506163,0.05917429999999513,0,190,1520
30,0.09885057471264368,6,1.0,1400,209.75226548429603,0.05960869999989882,0,190,1520
30,0.09885057471264368,6,1.0,600,232.6171131833645,0.05729799999971874,0,226,1808
30,0.09885057471264368,6,1.0,1000,221.4510244709169,0.05848699999978635,0,226,1808
30,0.09885057471264368,6,1.0,1400,237.10941216598158,0.05783320000000458,0,226,1808
30,0.09885057471264368,6,5.0,600,183.23079209380458,0.059988500000144995,0,194,1552
30,0.09885057471264368,6,5.0,1000,182.94281985922893,0.05902620000006209,0,194,1552
30,0.09885057471264368,6,5.0,1400,269.2060172818662,0.09231769999996686,0,194,1552
30,0.09885057471264368,6,5.0,600,212.94912845476694,0.05783500000006825,0,178,1424
30,0.09885057471264368,6,5.0,1000,208.26447966279645,0.059292699999787146,0,178,1424
30,0.09885057471264368,6,5.0,1400,206.24597577819205,0.059287899999617366,0,178,1424
30,0.09885057471264368,6,5.0,600,173.0983234454602,0.05952750000005835,0,182,1456
30,0.09885057471264368,6,5.0,1000,172.72143529081177,0.058942600000136736,0,182,1456
30,0.09885057471264368,6,5.0,1400,166.4483268292912,0.06033519999982673,0,182,1456
30,0.09885057471264368,6,5.0,600,195.77599491044245,0.05992459999970379,0,190,1520
30,0.09885057471264368,6,5.0,1000,183.09543815605795,0.05914419999999154,0,190,1520
30,0.09885057471264368,6,5.0,1400,180.77089579352656,0.05781470000010813,0,190,1520
30,0.09885057471264368,6,5.0,600,227.93512107097217,0.06698649999998452,0,226,1808
30,0.09885057471264368,6,5.0,1000,225.77327971436904,0.06395309999970777,0,226,1808
30,0.09885057471264368,6,5.0,1400,233.2864459579313,0.057233999999880325,0,226,1808
30,0.14942528735632185,6,0.1,600,138.16704104363234,0.06627939999998489,0,454,3632
30,0.14942528735632185,6,0.1,1000,138.80948819900394,0.06867089999968812,0,454,3632
30,0.14942528735632185,6,0.1,1400,156.07101079382022,0.07205810000004931,0,454,3632
30,0.14942528735632185,6,0.1,600,169.96690683495333,0.06875159999981406,0,394,3152
30,0.14942528735632185,6,0.1,1000,170.5883660054975,0.09249009999984992,0,394,3152
30,0.14942528735632185,6,0.1,1400,150.83994982501682,0.07085779999988517,0,394,3152
30,0.14942528735632185,6,0.1,600,149.3004508523489,0.07085880000022371,0,442,3536
30,0.14942528735632185,6,0.1,1000,158.82924490942145,0.07261930000004213,0,442,3536
30,0.14942528735632185,6,0.1,1400,151.55479706908218,0.06991310000012163,0,442,3536
30,0.14942528735632185,6,0.1,600,125.41199445241448,0.07062240000004749,0,674,5392
30,0.14942528735632185,6,0.1,1000,105.85721892531558,0.07340019999992364,0,674,5392
30,0.14942528735632185,6,0.1,1400,105.94951158219094,0.07006840000030934,0,674,5392
30,0.14942528735632185,6,0.1,600,66.3456523638562,0.06793410000000222,0,522,4176
30,0.14942528735632185,6,0.1,1000,117.67139130169889,0.06947330000002694,0,522,4176
30,0.14942528735632185,6,0.1,1400,117.80174212346463,0.07222280000041792,0,522,4176
30,0.14942528735632185,6,0.5,600,130.43521660758657,0.0673756000001049,0,454,3632
30,0.14942528735632185,6,0.5,1000,130.65854245785087,0.06617189999997208,0,454,3632
30,0.14942528735632185,6,0.5,1400,222.19586906484062,0.07139320000032967,0,454,3632
30,0.14942528735632185,6,0.5,600,192.70499268785707,0.06496679999963817,0,394,3152
30,0.14942528735632185,6,0.5,1000,192.8893835785425,0.11768639999991137,0,394,3152
30,0.14942528735632185,6,0.5,1400,179.9062091867741,0.08577009999999063,0,394,3152
30,0.14942528735632185,6,0.5,600,170.60155850093824,0.06554050000022471,0,442,3536
30,0.14942528735632185,6,0.5,1000,171.0169297623677,0.06447359999992841,0,442,3536
30,0.14942528735632185,6,0.5,1400,165.5345437639848,0.06464240000013888,0,442,3536
30,0.14942528735632185,6,0.5,600,165.70487107308483,0.06521210000028077,0,674,5392
30,0.14942528735632185,6,0.5,1000,149.48467170577223,0.06688069999972868,0,674,5392
30,0.14942528735632185,6,0.5,1400,149.28980923179122,0.06671689999984665,0,674,5392
30,0.14942528735632185,6,0.5,600,217.95161503125672,0.06446710000000166,0,522,4176
30,0.14942528735632185,6,0.5,1000,209.0533533541133,0.08053329999984271,0,522,4176
30,0.14942528735632185,6,0.5,1400,210.73247034340338,0.06631759999982023,0,522,4176
30,0.14942528735632185,6,1.0,600,121.01566722223954,0.06553949999988617,0,454,3632
30,0.14942528735632185,6,1.0,1000,120.69933389428822,0.07010740000032456,0,454,3632
30,0.14942528735632185,6,1.0,1400,185.65082201240378,0.07039750000012646,0,454,3632
30,0.14942528735632185,6,1.0,600,209.13673397176592,0.06498650000003181,0,394,3152
30,0.14942528735632185,6,1.0,1000,211.08390180568648,0.0693479000001389,0,394,3152
30,0.14942528735632185,6,1.0,1400,203.59732838264435,0.07572610000033819,0,394,3152
30,0.14942528735632185,6,1.0,600,165.44986020971425,0.08263380000016696,0,442,3536
30,0.14942528735632185,6,1.0,1000,163.54310027190462,0.06848029999991923,0,442,3536
30,0.14942528735632185,6,1.0,1400,159.3516193895467,0.06936510000014096,0,442,3536
30,0.14942528735632185,6,1.0,600,184.59695482812404,0.06740780000018276,0,674,5392
30,0.14942528735632185,6,1.0,1000,180.51017023670212,0.07073619999982839,0,674,5392
30,0.14942528735632185,6,1.0,1400,183.79037714692726,0.07266840000011143,0,674,5392
30,0.14942528735632185,6,1.0,600,193.30127042741626,0.06657769999992524,0,522,4176
30,0.14942528735632185,6,1.0,1000,183.879494328041,0.06452390000004016,0,522,4176
30,0.14942528735632185,6,1.0,1400,178.58986046273984,0.07200729999976829,0,522,4176
30,0.14942528735632185,6,5.0,600,134.80737207387224,0.11716630000000805,0,454,3632
30,0.14942528735632185,6,5.0,1000,134.58373242356643,0.08486489999995683,0,454,3632
30,0.14942528735632185,6,5.0,1400,207.27786364115474,0.07083710000006249,0,454,3632
30,0.14942528735632185,6,5.0,600,180.72361357041027,0.07161589999986973,0,394,3152
30,0.14942528735632185,6,5.0,1000,183.56215722831428,0.07438589999992473,0,394,3152
30,0.14942528735632185,6,5.0,1400,184.20199454812976,0.07155220000004192,0,394,3152
30,0.14942528735632185,6,5.0,600,150.01330500090037,0.06757870000001276,0,442,3536
30,0.14942528735632185,6,5.0,1000,149.72723397270093,0.08563700000013341,0,442,3536
30,0.14942528735632185,6,5.0,1400,143.36725849222512,0.08657649999986461,0,442,3536
30,0.14942528735632185,6,5.0,600,164.18686556195115,0.06843249999974432,0,674,5392
30,0.14942528735632185,6,5.0,1000,157.46542092051914,0.07214199999998527,0,674,5392
30,0.14942528735632185,6,5.0,1400,165.94341542009147,0.06798069999967993,0,674,5392
30,0.14942528735632185,6,5.0,600,182.8384504695655,0.06748070000003281,0,522,4176
30,0.14942528735632185,6,5.0,1000,183.03228958061902,0.09449020000010933,0,522,4176
30,0.14942528735632185,6,5.0,1400,187.87856568369057,0.06802059999972698,0,522,4176
30,0.19770114942528735,6,0.1,600,132.70979499100608,0.07955929999980071,0,846,6768
30,0.19770114942528735,6,0.1,1000,133.1485773097843,0.07278369999994538,0,846,6768
30,0.19770114942528735,6,0.1,1400,133.4503728419109,0.07580469999993511,0,846,6768
30,0.19770114942528735,6,0.1,600,117.76673036462272,0.07353649999959089,0,1030,8240
30,0.19770114942528735,6,0.1,1000,117.52501849358352,0.08925670000007813,0,1030,8240
30,0.19770114942528735,6,0.1,1400,106.20624374837759,0.07705140000007304,0,1030,8240
30,0.19770114942528735,6,0.1,600,116.34586886878516,0.07303989999991245,0,826,6608
30,0.19770114942528735,6,0.1,1000,129.19541549386537,0.07324079999989408,0,826,6608
30,0.19770114942528735,6,0.1,1400,129.5190255514545,0.07105009999986578,0,826,6608
30,0.19770114942528735,6,0.1,600,135.92061677125798,0.08017340000014883,0,1890,15120
30,0.19770114942528735,6,0.1,1000,135.89743526056952,0.07859079999980167,0,1890,15120
30,0.19770114942528735,6,0.1,1400,135.91239836244546,0.08108439999978145,0,1890,15120
30,0.19770114942528735,6,0.1,600,151.7937055221774,0.09189939999987473,0,2850,22800
30,0.19770114942528735,6,0.1,1000,151.8623780078359,0.08622300000024552,0,2850,22800
30,0.19770114942528735,6,0.1,1400,134.7476784157213,0.08231969999997091,0,2850,22800
30,0.19770114942528735,6,0.5,600,134.21243279499086,0.07777619999978924,0,846,6768
30,0.19770114942528735,6,0.5,1000,133.99938847206727,0.09656519999998636,0,846,6768
30,0.19770114942528735,6,0.5,1400,176.3122975797629,0.07809720000022935,0,846,6768
30,0.19770114942528735,6,0.5,600,152.13614127578677,0.08139080000000831,0,1030,8240
30,0.19770114942528735,6,0.5,1000,150.72279379278984,0.07207770000013625,0,1030,8240
30,0.19770114942528735,6,0.5,1400,142.1831260905794,0.0783502999997836,0,1030,8240
30,0.19770114942528735,6,0.5,600,147.93781584881722,0.08537389999992229,0,826,6608
30,0.19770114942528735,6,0.5,1000,146.66680065347794,0.09459530000003724,0,826,6608
30,0.19770114942528735,6,0.5,1400,150.87077167818137,0.08242220000011002,0,826,6608
30,0.19770114942528735,6,0.5,600,124.67934685899178,0.07846130000007179,0,1890,15120
30,0.19770114942528735,6,0.5,1000,123.14492263763906,0.07966460000034203,0,1890,15120
30,0.19770114942528735,6,0.5,1400,138.18797388796347,0.07812930000000051,0,1890,15120
30,0.19770114942528735,6,0.5,600,156.129581613176,0.08619249999992462,0,2850,22800
30,0.19770114942528735,6,0.5,1000,156.93037104866895,0.07958850000022721,0,2850,22800
30,0.19770114942528735,6,0.5,1400,150.6427473747544,0.08293189999994866,0,2850,22800
30,0.19770114942528735,6,1.0,600,123.58043989155483,0.08187589999988631,0,846,6768
30,0.19770114942528735,6,1.0,1000,123.69115579074858,0.136214199999813,0,846,6768
30,0.19770114942528735,6,1.0,1400,177.48405587777268,0.2920594999995956,0,846,6768
30,0.19770114942528735,6,1.0,600,160.4977908846437,0.07973989999982223,0,1030,8240
30,0.19770114942528735,6,1.0,1000,158.1595544418007,0.07695060000014564,0,1030,8240
30,0.19770114942528735,6,1.0,1400,148.38226825024012,0.07651639999994586,0,1030,8240
30,0.19770114942528735,6,1.0,600,118.79135747763536,0.10865329999978712,0,826,6608
30,0.19770114942528735,6,1.0,1000,115.80455979577847,0.0782720000001973,0,826,6608
30,0.19770114942528735,6,1.0,1400,116.0881727328532,0.10677290000012363,0,826,6608
30,0.19770114942528735,6,1.0,600,140.73028785631257,0.07911779999994906,0,1890,15120
30,0.19770114942528735,6,1.0,1000,140.18041562227262,0.11037869999972827,0,1890,15120
30,0.19770114942528735,6,1.0,1400,152.16701680802697,0.08573139999998602,0,1890,15120
30,0.19770114942528735,6,1.0,600,176.39154082116806,0.10206049999987954,0,2850,22800
30,0.19770114942528735,6,1.0,1000,173.75349319976172,0.09348499999987325,0,2850,22800
30,0.19770114942528735,6,1.0,1400,170.89271757359685,0.08461739999984275,0,2850,22800
30,0.19770114942528735,6,5.0,600,112.39073616318679,0.07749469999998837,0,846,6768
30,0.19770114942528735,6,5.0,1000,112.42024059719525,0.08127999999987878,0,846,6768
30,0.19770114942528735,6,5.0,1400,158.49167654518337,0.0808655999999246,0,846,6768
30,0.19770114942528735,6,5.0,600,155.54379021291055,0.11587020000024495,0,1030,8240
30,0.19770114942528735,6,5.0,1000,156.59941908255863,0.09852980000005118,0,1030,8240
30,0.19770114942528735,6,5.0,1400,158.89332363446172,0.09865669999999227,0,1030,8240
30,0.19770114942528735,6,5.0,600,133.70838605826037,0.08661209999991115,0,826,6608
30,0.19770114942528735,6,5.0,1000,135.0365445767366,0.09139210000012099,0,826,6608
30,0.19770114942528735,6,5.0,1400,134.5115654390969,0.08898739999995087,0,826,6608
30,0.19770114942528735,6,5.0,600,123.05369415654927,0.11285259999976915,0,1890,15120
30,0.19770114942528735,6,5.0,1000,120.27376430376891,0.10729059999994206,0,1890,15120
30,0.19770114942528735,6,5.0,1400,131.58652606374133,0.09526000000005297,0,1890,15120
30,0.19770114942528735,6,5.0,600,169.51828042148873,0.08976029999985258,0,2850,22800
30,0.19770114942528735,6,5.0,1000,171.62212268086233,0.09110629999986486,0,2850,22800
30,0.19770114942528735,6,5.0,1400,170.4657986524914,0.08004499999969994,0,2850,22800
30,0.2988505747126437,6,0.1,600,115.68987974701,0.11690610000005108,0,3950,31600
30,0.2988505747126437,6,0.1,1000,116.02731018624758,0.14629540000032648,0,3950,31600
30,0.2988505747126437,6,0.1,1400,142.22771017345318,0.11362550000012561,0,3950,31600
30,0.2988505747126437,6,0.1,600,102.71277525070815,0.10774590000028184,0,4858,38864
30,0.2988505747126437,6,0.1,1000,123.15854946090397,0.11647790000006353,0,4858,38864
30,0.2988505747126437,6,0.1,1400,103.09044199388619,0.10304270000006,0,4858,38864
30,0.2988505747126437,6,0.1,600,110.17227858467945,0.11092759999974078,0,5622,44976
30,0.2988505747126437,6,0.1,1000,113.7840243710401,0.10196230000019568,-4096,5622,44976
30,0.2988505747126437,6,0.1,1400,113.78943948143464,0.11362910000025295,0,5622,44976
30,0.2988505747126437,6,0.1,600,99.9762622235914,0.17266530000006242,0,22382,179056
30,0.2988505747126437,6,0.1,1000,99.29272950017753,0.164090099999612,0,22382,179056
30,0.2988505747126437,6,0.1,1400,101.74174757589319,0.15134009999974296,0,22382,179056
30,0.2988505747126437,6,0.1,600,136.9804760098577,0.30496850000008635,0,69294,554352
30,0.2988505747126437,6,0.1,1000,137.56671746842727,0.29442900000003647,45056,69294,554352
30,0.2988505747126437,6,0.1,1400,137.67086686645345,0.30178090000026714,0,69294,554352
30,0.2988505747126437,6,0.5,600,83.35166367324292,0.1670150999998441,0,3950,31600
30,0.2988505747126437,6,0.5,1000,83.4527675081766,0.12364350000007107,0,3950,31600
30,0.2988505747126437,6,0.5,1400,91.71084070977126,0.11181729999998424,0,3950,31600
30,0.2988505747126437,6,0.5,600,105.83993198894542,0.09806430000026012,0,4858,38864
30,0.2988505747126437,6,0.5,1000,112.66589531029635,0.09943020000036995,0,4858,38864
30,0.2988505747126437,6,0.5,1400,113.02164327785901,0.09962429999995948,0,4858,38864
30,0.2988505747126437,6,0.5,600,126.13235480385681,0.10065540000005058,0,5622,44976
30,0.2988505747126437,6,0.5,1000,121.25259867383481,0.10432910000008633,-2732032,5622,44976
30,0.2988505747126437,6,0.5,1400,114.73159168840986,0.10747250000031272,0,5622,44976
30,0.2988505747126437,6,0.5,600,84.34883314034924,0.14429840000002514,16384,22382,179056
30,0.2988505747126437,6,0.5,1000,84.14168115113301,0.15316329999996015,0,22382,179056
30,0.2988505747126437,6,0.5,1400,92.03759784578799,0.16881340000009004,0,22382,179056
30,0.2988505747126437,6,0.5,600,146.12335917259776,0.2938059999996767,0,69294,554352
30,0.2988505747126437,6,0.5,1000,144.48520650892132,0.2873733000001266,0,69294,554352
30,0.2988505747126437,6,0.5,1400,148.43551258859048,0.2815947999997661,-4096,69294,554352
30,0.2988505747126437,6,1.0,600,75.98016566996472,0.09740030000011757,16384,3950,31600
30,0.2988505747126437,6,1.0,1000,76.93804905839218,0.09902869999996256,0,3950,31600
30,0.2988505747126437,6,1.0,1400,102.49050325999994,0.11854440000024624,0,3950,31600
30,0.2988505747126437,6,1.0,600,141.68407195315493,0.1036696999999549,0,4858,38864
30,0.2988505747126437,6,1.0,1000,156.8598822216585,0.10083850000000893,0,4858,38864
30,0.2988505747126437,6,1.0,1400,152.19909784624912,0.11385910000035437,0,4858,38864
30,0.2988505747126437,6,1.0,600,83.99591748133501,0.10280639999973573,0,5622,44976
30,0.2988505747126437,6,1.0,1000,83.8633132228311,0.10047880000001896,0,5622,44976
30,0.2988505747126437,6,1.0,1400,84.03044590556784,0.10651589999997668,0,5622,44976
30,0.2988505747126437,6,1.0,600,101.88513403396429,0.163429200000337,0,22382,179056
30,0.2988505747126437,6,1.0,1000,100.6366279108221,0.15287629999966157,0,22382,179056
30,0.2988505747126437,6,1.0,1400,101.71158947202075,0.16166900000007445,0,22382,179056
30,0.2988505747126437,6,1.0,600,118.60476233181967,0.2917325999997047,0,69294,554352
30,0.2988505747126437,6,1.0,1000,125.81047235989138,0.2921888000000763,0,69294,554352
30,0.2988505747126437,6,1.0,1400,123.1703750698399,0.28119459999970786,0,69294,554352
30,0.2988505747126437,6,5.0,600,68.55130656599714,0.10145680000005086,0,3950,31600
30,0.2988505747126437,6,5.0,1000,69.99430828558258,0.10351489999993646,0,3950,31600
30,0.2988505747126437,6,5.0,1400,91.37641718717427,0.1029871999999159,0,3950,31600
30,0.2988505747126437,6,5.0,600,108.87798464402607,0.11878430000024309,0,4858,38864
30,0.2988505747126437,6,5.0,1000,114.1880508113116,0.11293909999994867,0,4858,38864
30,0.2988505747126437,6,5.0,1400,114.61692877661096,0.10188490000018646,0,4858,38864
30,0.2988505747126437,6,5.0,600,97.57544259459162,0.10822800000005373,0,5622,44976
30,0.2988505747126437,6,5.0,1000,99.90840737645549,0.10355429999981425,0,5622,44976
30,0.2988505747126437,6,5.0,1400,99.29115618214172,0.10221030000002429,0,5622,44976
30,0.2988505747126437,6,5.0,600,97.07545882702487,0.15156130000013945,0,22382,179056
30,0.2988505747126437,6,5.0,1000,95.74090485276837,0.16321390000030078,0,22382,179056
30,0.2988505747126437,6,5.0,1400,100.07170130672911,0.15109260000008362,0,22382,179056
30,0.2988505747126437,6,5.0,600,120.61261895845442,0.44938200000024153,0,69294,554352
30,0.2988505747126437,6,5.0,1000,124.20217431933251,0.35337570000001506,0,69294,554352
30,0.2988505747126437,6,5.0,1400,123.5281120081332,0.4221102999999857,0,69294,554352
30,0.06666666666666667,8,0.1,600,0.1014824076001955,0.15947360000018307,0,118,944
30,0.06666666666666667,8,0.1,1000,0.05713210351969051,0.07227979999970557,0,118,944
30,0.06666666666666667,8,0.1,1400,0.051770821959845705,0.06907700000010664,0,118,944
30,0.06666666666666667,8,0.1,600,0.39071532180463586,0.06198419999964244,0,118,944
30,0.06666666666666667,8,0.1,1000,0.1836571127636455,0.0602165000000241,0,118,944
30,0.06666666666666667,8,0.1,1400,0.1766027714652852,0.0628167999998368,0,118,944
30,0.06666666666666667,8,0.1,600,0.051143071808001046,0.06327439999995477,0,118,944
30,0.06666666666666667,8,0.1,1000,0.03619868247769805,0.05827839999983553,0,118,944
30,0.06666666666666667,8,0.1,1400,0.0208915526844659,0.07200730000022304,0,118,944
30,0.06666666666666667,8,0.1,600,0.1368508309679588,0.053465200000118784,0,118,944
30,0.06666666666666667,8,0.1,1000,0.12399175807004685,0.0555490000001555,0,118,944
30,0.06666666666666667,8,0.1,1400,0.04397567017461005,0.05434800000011819,0,118,944
30,0.06666666666666667,8,0.1,600,0.023635220651983837,0.05517009999994116,0,118,944
30,0.06666666666666667,8,0.1,1000,0.021924260096479464,0.051336300000002666,0,118,944
30,0.06666666666666667,8,0.1,1400,0.01816404071159303,0.05240430000003471,0,118,944
30,0.06666666666666667,8,0.5,600,235.0837899016302,0.05405419999988226,0,118,944
30,0.06666666666666667,8,0.5,1000,200.871501491949,0.05423880000034842,0,118,944
30,0.06666666666666667,8,0.5,1400,200.81306426635786,0.054391799999848445,0,118,944
30,0.06666666666666667,8,0.5,600,239.91643236279916,0.05446729999994204,0,118,944
30,0.06666666666666667,8,0.5,1000,233.75410057332545,0.051064900000255875,0,118,944
30,0.06666666666666667,8,0.5,1400,233.48148696402077,0.05459359999986191,0,118,944
30,0.06666666666666667,8,0.5,600,179.30733803692561,0.0542276999999558,0,118,944
30,0.06666666666666667,8,0.5,1000,184.34749074180675,0.060059699999783334,0,118,944
30,0.06666666666666667,8,0.5,1400,176.26617755211447,0.05143550000002506,0,118,944
30,0.06666666666666667,8,0.5,600,234.3184244360159,0.0546518000001015,0,118,944
30,0.06666666666666667,8,0.5,1000,239.68493527506618,0.05278600000019651,0,118,944
30,0.06666666666666667,8,0.5,1400,234.68341350597973,0.05294569999978194,0,118,944
30,0.06666666666666667,8,0.5,600,206.76571134945695,0.05041990000017904,0,118,944
30,0.06666666666666667,8,0.5,1000,206.67908576373117,0.05240319999984422,0,118,944
30,0.06666666666666667,8,0.5,1400,206.9581041495644,0.051550700000007055,0,118,944
30,0.06666666666666667,8,1.0,600,184.6013907789371,0.0503975999999966,0,118,944
30,0.06666666666666667,8,1.0,1000,171.202441799528,0.05310190000000148,0,118,944
30,0.06666666666666667,8,1.0,1400,171.50858286450185,0.054459200000110286,0,118,944
30,0.06666666666666667,8,1.0,600,288.8410586198995,0.05545849999998609,0,118,944
30,0.06666666666666667,8,1.0,1000,270.099043034649,0.05015609999963999,0,118,944
30,0.06666666666666667,8,1.0,1400,269.7963386736268,0.05040319999989151,0,118,944
30,0.06666666666666667,8,1.0,600,211.10755219177636,0.052403899999717396,0,118,944
30,0.06666666666666667,8,1.0,1000,226.14607377572423,0.06189910000011878,0,118,944
30,0.06666666666666667,8,1.0,1400,217.01229849182684,0.05708589999994729,0,118,944
30,0.06666666666666667,8,1.0,600,260.56989934307677,0.05667750000020533,0,118,944
30,0.06666666666666667,8,1.0,1000,274.2365843059467,0.05248519999986456,0,118,944
30,0.06666666666666667,8,1.0,1400,247.875939536856,0.051666800000020885,0,118,944
30,0.06666666666666667,8,1.0,600,217.96469752108823,0.051692500000172004,0,118,944
30,0.06666666666666667,8,1.0,1000,218.09696998319262,0.054614500000297994,0,118,944
30,0.06666666666666667,8,1.0,1400,218.13583646889265,0.05913719999989553,0,118,944
30,0.06666666666666667,8,5.0,600,189.11656058555312,0.05474559999993289,0,118,944
30,0.06666666666666667,8,5.0,1000,170.92151982937065,0.05518469999969966,0,118,944
30,0.06666666666666667,8,5.0,1400,170.98147616712998,0.052201099999820144,0,118,944
30,0.06666666666666667,8,5.0,600,273.1397579295064,0.053403699999762466,0,118,944
30,0.06666666666666667,8,5.0,1000,252.05471095959538,0.05098550000002433,0,118,944
30,0.06666666666666667,8,5.0,1400,251.61255942148003,0.05113329999994676,0,118,944
30,0.06666666666666667,8,5.0,600,215.26591523702908,0.05390159999979005,0,118,944
30,0.06666666666666667,8,5.0,1000,238.23841947544256,0.06753290000006018,0,118,944
30,0.06666666666666667,8,5.0,1400,233.00202453919638,0.052457199999935256,0,118,944
30,0.06666666666666667,8,5.0,600,210.50217581580696,0.055098199999974895,0,118,944
30,0.06666666666666667,8,5.0,1000,229.17846809380478,0.05518290000009074,0,118,944
30,0.06666666666666667,8,5.0,1400,206.4695134081667,0.054687599999851955,0,118,944
30,0.06666666666666667,8,5.0,600,223.60178685179892,0.05070860000023458,0,118,944
30,0.06666666666666667,8,5.0,1000,223.7270692607888,0.05411950000006982,0,118,944
30,0.06666666666666667,8,5.0,1400,223.81033069232674,0.0540806000003613,0,118,944
30,0.09885057471264368,8,0.1,600,196.87234840878645,0.0572093999999197,0,182,1456
30,0.09885057471264368,8,0.1,1000,177.22985516940363,0.058369300000322255,0,182,1456
30,0.09885057471264368,8,0.1,1400,177.3403878523655,0.05800540000018373,0,182,1456
30,0.09885057471264368,8,0.1,600,225.63599567651787,0.060153599999921425,0,194,1552
30,0.09885057471264368,8,0.1,1000,205.19120269940476,0.057214699999804,0,194,1552
30,0.09885057471264368,8,0.1,1400,207.02395756441769,0.05662050000000818,0,194,1552
30,0.09885057471264368,8,0.1,600,193.56717999617047,0.05645300000014686,0,202,1616
30,0.09885057471264368,8,0.1,1000,203.5520408962975,0.05364770000005592,0,202,1616
30,0.09885057471264368,8,0.1,1400,203.5474929004395,0.05648879999989731,0,202,1616
30,0.09885057471264368,8,0.1,600,140.98313016802956,0.05965619999960836,0,182,1456
30,0.09885057471264368,8,0.1,1000,142.00232939144271,0.053316800000175135,0,182,1456
30,0.09885057471264368,8,0.1,1400,141.8798232497878,0.053386199999749806,0,182,1456
30,0.09885057471264368,8,0.1,600,160.74100214152617,0.08524290000013934,0,182,1456
30,0.09885057471264368,8,0.1,1000,160.62146956694684,0.06084680000003573,0,182,1456
30,0.09885057471264368,8,0.1,1400,160.73896947810488,0.06148810000013327,0,182,1456
30,0.09885057471264368,8,0.5,600,202.2242023274233,0.056568200000128854,0,182,1456
30,0.09885057471264368,8,0.5,1000,193.11651022738778,0.05928449999964869,0,182,1456
30,0.09885057471264368,8,0.5,1400,196.99768080705786,0.05655899999965186,0,182,1456
30,0.09885057471264368,8,0.5,600,181.6890112456257,0.05251600000019607,0,194,1552
30,0.09885057471264368,8,0.5,1000,168.19525627145768,0.054636200000004465,0,194,1552
30,0.09885057471264368,8,0.5,1400,172.46955989109125,0.06057430000009845,0,194,1552
30,0.09885057471264368,8,0.5,600,197.5523433548622,0.05717959999992672,0,202,1616
30,0.09885057471264368,8,0.5,1000,211.23906438895725,0.05670670000017708,0,202,1616
30,0.09885057471264368,8,0.5,1400,210.1115816991902,0.05606899999975212,0,202,1616
30,0.09885057471264368,8,0.5,600,295.57512930174624,0.05343459999994593,0,182,1456
30,0.09885057471264368,8,0.5,1000,301.2392710157777,0.05826389999992898,0,182,1456
30,0.09885057471264368,8,0.5,1400,295.38586569626386,0.0596666000001278,0,182,1456
30,0.09885057471264368,8,0.5,600,225.74963231206323,0.059628800000155024,0,182,1456
30,0.09885057471264368,8,0.5,1000,225.68665371369286,0.05922499999996944,0,182,1456
30,0.09885057471264368,8,0.5,1400,225.02359872309995,0.06007559999989098,0,182,1456
30,0.09885057471264368,8,1.0,600,226.3090847138465,0.056911899999704474,0,182,1456
30,0.09885057471264368,8,1.0,1000,220.02334437690777,0.06100700000024517,0,182,1456
30,0.09885057471264368,8,1.0,1400,223.5619245037419,0.06279760000006718,0,182,1456
30,0.09885057471264368,8,1.0,600,266.03520561243886,0.05790740000020378,0,194,1552
30,0.09885057471264368,8,1.0,1000,250.60665897557809,0.05858149999994566,0,194,1552
30,0.09885057471264368,8,1.0,1400,252.3135766627294,0.05696399999987989,0,194,1552
30,0.09885057471264368,8,1.0,600,201.98691365143915,0.05813810000017838,0,202,1616
30,0.09885057471264368,8,1.0,1000,243.22591131895004,0.05741349999971135,0,202,1616
30,0.09885057471264368,8,1.0,1400,246.61501611263083,0.058946000000105414,0,202,1616
30,0.09885057471264368,8,1.0,600,257.0312855617958,0.05915289999984452,0,182,1456
30,0.09885057471264368,8,1.0,1000,272.9214980642549,0.06148510000002716,0,182,1456
30,0.09885057471264368,8,1.0,1400,256.4281500194555,0.06296669999983351,0,182,1456
30,0.09885057471264368,8,1.0,600,198.34219885975105,0.0705868999998529,0,182,1456
30,0.09885057471264368,8,1.0,1000,198.536773902071,0.059105900000304246,0,182,1456
30,0.09885057471264368,8,1.0,1400,196.17275127481165,0.06720780000023296,0,182,1456
30,0.09885057471264368,8,5.0,600,219.19115967043462,0.055658000000221364,0,182,1456
30,0.09885057471264368,8,5.0,1000,206.83781577125447,0.059536600000228646,0,182,1456
30,0.09885057471264368,8,5.0,1400,209.1511602397933,0.05620360000011715,0,182,1456
30,0.09885057471264368,8,5.0,600,256.5697064025429,0.05759719999969093,0,194,1552
30,0.09885057471264368,8,5.0,1000,230.88445103338057,0.058691099999578,0,194,1552
30,0.09885057471264368,8,5.0,1400,240.67918584223128,0.05771120000008523,0,194,1552
30,0.09885057471264368,8,5.0,600,204.4763312147355,0.059570200000052864,0,202,1616
30,0.09885057471264368,8,5.0,1000,227.25438472517823,0.060112800000297284,0,202,1616
30,0.09885057471264368,8,5.0,1400,225.19690919226235,0.060956700000133424,0,202,1616
30,0.09885057471264368,8,5.0,600,212.48721264737392,0.057382200000120065,0,182,1456
30,0.09885057471264368,8,5.0,1000,235.63925104148706,0.059457800000018324,0,182,1456
30,0.09885057471264368,8,5.0,1400,208.3270748727186,0.05983660000038071,0,182,1456
30,0.09885057471264368,8,5.0,600,205.2744564244271,0.05634669999972175,0,182,1456
30,0.09885057471264368,8,5.0,1000,205.25960629991653,0.060492099999919446,0,182,1456
30,0.09885057471264368,8,5.0,1400,202.37557050931045,0.05849679999982982,0,182,1456
30,0.14942528735632185,8,0.1,600,119.93867055475553,0.06831999999985783,0,422,3376
30,0.14942528735632185,8,0.1,1000,116.2913804035524,0.06981900000027963,0,422,3376
30,0.14942528735632185,8,0.1,1400,116.76564038085469,0.06849099999999453,0,422,3376
30,0.14942528735632185,8,0.1,600,139.39984830524196,0.0742168000001584,0,410,3280
30,0.14942528735632185,8,0.1,1000,141.4971695153644,0.06307999999989988,0,410,3280
30,0.14942528735632185,8,0.1,1400,149.59399204774573,0.06953949999979159,0,410,3280
30,0.14942528735632185,8,0.1,600,142.6317171319806,0.06500949999963268,0,406,3248
30,0.14942528735632185,8,0.1,1000,146.24404827884987,0.06345729999975447,0,406,3248
30,0.14942528735632185,8,0.1,1400,145.92317133066953,0.06634040000017194,0,406,3248
30,0.14942528735632185,8,0.1,600,159.8174217450384,0.06557199999997465,0,402,3216
30,0.14942528735632185,8,0.1,1000,160.04669741446477,0.06469119999974282,0,402,3216
30,0.14942528735632185,8,0.1,1400,160.12304481130843,0.08801500000026863,0,402,3216
30,0.14942528735632185,8,0.1,600,147.67456871689177,0.06599169999981314,0,498,3984
30,0.14942528735632185,8,0.1,1000,147.79162738158345,0.06350419999989754,0,498,3984
30,0.14942528735632185,8,0.1,1400,147.69262659127202,0.07132689999980357,0,498,3984
30,0.14942528735632185,8,0.5,600,163.79112875207713,0.06650279999985287,0,422,3376
30,0.14942528735632185,8,0.5,1000,167.11053846042202,0.0649796999996397,0,422,3376
30,0.14942528735632185,8,0.5,1400,172.42664408317654,0.0671729000000596,0,422,3376
30,0.14942528735632185,8,0.5,600,171.8564928368758,0.06263850000004823,0,410,3280
30,0.14942528735632185,8,0.5,1000,167.2816294249246,0.06651980000015101,0,410,3280
30,0.14942528735632185,8,0.5,1400,175.07969533502856,0.0691516000001684,0,410,3280
30,0.14942528735632185,8,0.5,600,189.93322983089203,0.06051900000011301,0,406,3248
30,0.14942528735632185,8,0.5,1000,181.88639463686508,0.06532019999986005,0,406,3248
30,0.14942528735632185,8,0.5,1400,181.84181680911848,0.0640398999998979,0,406,3248
30,0.14942528735632185,8,0.5,600,203.66332848330984,0.07296260000020993,0,402,3216
30,0.14942528735632185,8,0.5,1000,220.99170160195587,0.060822299999927054,0,402,3216
30,0.14942528735632185,8,0.5,1400,220.7714163354312,0.06265299999995477,0,402,3216
30,0.14942528735632185,8,0.5,600,193.42088044206122,0.06409680000024309,0,498,3984
30,0.14942528735632185,8,0.5,1000,194.71736863430766,0.06490579999990587,0,498,3984
30,0.14942528735632185,8,0.5,1400,194.40694355100942,0.0702385000004142,0,498,3984
30,0.14942528735632185,8,1.0,600,195.24604105480472,0.06087370000022929,0,422,3376
30,0.14942528735632185,8,1.0,1000,199.12084777133333,0.08310500000015963,0,422,3376
30,0.14942528735632185,8,1.0,1400,201.30547109618468,0.06204260000004069,0,422,3376
30,0.14942528735632185,8,1.0,600,222.4758313425689,0.06224179999981061,0,410,3280
30,0.14942528735632185,8,1.0,1000,208.790165153038,0.06354800000008254,0,410,3280
30,0.14942528735632185,8,1.0,1400,227.69257850696292,0.0733248999999887,0,410,3280
30,0.14942528735632185,8,1.0,600,171.69566199775343,0.06550319999996645,0,406,3248
30,0.14942528735632185,8,1.0,1000,175.2291539542132,0.06350219999967521,0,406,3248
30,0.14942528735632185,8,1.0,1400,179.03804562685377,0.064503699999932,0,406,3248
30,0.14942528735632185,8,1.0,600,175.81015444416647,0.0721587000002728,0,402,3216
30,0.14942528735632185,8,1.0,1000,183.91267524065015,0.06938650000029156,0,402,3216
30,0.14942528735632185,8,1.0,1400,181.0779279783342,0.06620650000013484,0,402,3216
30,0.14942528735632185,8,1.0,600,174.67585610429254,0.06494930000008026,0,498,3984
30,0.14942528735632185,8,1.0,1000,176.260551418678,0.07956460000013976,0,498,3984
30,0.14942528735632185,8,1.0,1400,176.48017755974362,0.0718351000000439,0,498,3984
30,0.14942528735632185,8,5.0,600,154.42169078152483,0.06911379999974088,0,422,3376
30,0.14942528735632185,8,5.0,1000,147.0252420686604,0.0695596000000478,0,422,3376
30,0.14942528735632185,8,5.0,1400,149.04722883766843,0.06505289999995512,0,422,3376
30,0.14942528735632185,8,5.0,600,207.7314663236762,0.06635540000024776,0,410,3280
30,0.14942528735632185,8,5.0,1000,199.4164001697045,0.063821199999893,0,410,3280
30,0.14942528735632185,8,5.0,1400,207.89174618156596,0.06801280000036058,0,410,3280
30,0.14942528735632185,8,5.0,600,181.73259697889122,0.062214099999891914,0,406,3248
30,0.14942528735632185,8,5.0,1000,194.53545950221647,0.06178490000002057,0,406,3248
30,0.14942528735632185,8,5.0,1400,193.77082801796257,0.0720553999999538,0,406,3248
30,0.14942528735632185,8,5.0,600,165.72747877163414,0.06532090000018798,0,402,3216
30,0.14942528735632185,8,5.0,1000,188.99552632428123,0.06523740000011458,0,402,3216
30,0.14942528735632185,8,5.0,1400,171.8405184850593,0.06503160000011121,0,402,3216
30,0.14942528735632185,8,5.0,600,185.5427120661966,0.06465600000001359,0,498,3984
30,0.14942528735632185,8,5.0,1000,188.1228890454739,0.06537669999988793,0,498,3984
30,0.14942528735632185,8,5.0,1400,186.41725904945304,0.0667198000001008,0,498,3984
30,0.19770114942528735,8,0.1,600,173.14570146683445,0.07783650000010311,0,1142,9136
30,0.19770114942528735,8,0.1,1000,151.4459892755324,0.08005689999981769,0,1142,9136
30,0.19770114942528735,8,0.1,1400,152.15274859744395,0.07388730000002397,0,1142,9136
30,0.19770114942528735,8,0.1,600,193.0120496962334,0.0725521999997909,0,1138,9104
30,0.19770114942528735,8,0.1,1000,199.23882787759308,0.09698610000032204,0,1138,9104
30,0.19770114942528735,8,0.1,1400,200.42520291184994,0.07425449999982447,0,1138,9104
30,0.19770114942528735,8,0.1,600,153.05306341254862,0.07141790000014225,0,730,5840
30,0.19770114942528735,8,0.1,1000,153.04287591677075,0.07735940000020491,0,730,5840
30,0.19770114942528735,8,0.1,1400,153.04027709406387,0.07025350000003527,0,730,5840
30,0.19770114942528735,8,0.1,600,146.8604292323432,0.07679989999996906,0,1114,8912
30,0.19770114942528735,8,0.1,1000,147.27677411981477,0.07373649999999543,0,1114,8912
30,0.19770114942528735,8,0.1,1400,147.38945232456462,0.07306910000033895,0,1114,8912
30,0.19770114942528735,8,0.1,600,121.58129216671303,0.07533699999976307,0,958,7664
30,0.19770114942528735,8,0.1,1000,143.46116214120443,0.07461360000024797,0,958,7664
30,0.19770114942528735,8,0.1,1400,145.8283230116335,0.08419720000028974,0,958,7664
30,0.19770114942528735,8,0.5,600,182.23403205265507,0.08113940000021103,0,1142,9136
30,0.19770114942528735,8,0.5,1000,197.22262100060712,0.07654569999976957,0,1142,9136
30,0.19770114942528735,8,0.5,1400,197.713616869953,0.078922700000021,0,1142,9136
30,0.19770114942528735,8,0.5,600,160.61677876729817,0.07954259999996793,0,1138,9104
30,0.19770114942528735,8,0.5,1000,172.07172288219016,0.07528910000019096,0,1138,9104
30,0.19770114942528735,8,0.5,1400,173.57076313872668,0.08100489999969795,0,1138,9104
30,0.19770114942528735,8,0.5,600,169.48278862243382,0.0731762999998864,0,730,5840
30,0.19770114942528735,8,0.5,1000,178.5570651027871,0.07663089999959993,0,730,5840
30,0.19770114942528735,8,0.5,1400,167.6094168617467,0.07646359999989727,0,730,5840
30,0.19770114942528735,8,0.5,600,153.19049728457225,0.07958529999996244,0,1114,8912
30,0.19770114942528735,8,0.5,1000,160.53719735606285,0.07849030000033963,0,1114,8912
30,0.19770114942528735,8,0.5,1400,157.22840283040512,0.07934470000009242,0,1114,8912
30,0.19770114942528735,8,0.5,600,148.8023819731486,0.07697879999977886,0,958,7664
30,0.19770114942528735,8,0.5,1000,151.35954962631178,0.07580250000000888,0,958,7664
30,0.19770114942528735,8,0.5,1400,150.5480241755563,0.07698169999957827,0,958,7664
30,0.19770114942528735,8,1.0,600,157.10479721250837,0.07294240000010177,0,1142,9136
30,0.19770114942528735,8,1.0,1000,154.38231910974216,0.07348879999972269,0,1142,9136
30,0.19770114942528735,8,1.0,1400,156.8914607711132,0.0811890999998468,0,1142,9136
30,0.19770114942528735,8,1.0,600,190.02020844996898,0.07360179999977845,0,1138,9104
30,0.19770114942528735,8,1.0,1000,185.10369871551129,0.07118469999977606,0,1138,9104
30,0.19770114942528735,8,1.0,1400,189.5864535105509,0.07576719999997295,0,1138,9104
30,0.19770114942528735,8,1.0,600,152.24589046808836,0.07112899999992806,0,730,5840
30,0.19770114942528735,8,1.0,1000,165.62003036013226,0.07157189999998081,0,730,5840
30,0.19770114942528735,8,1.0,1400,161.10622417690092,0.06949550000035742,0,730,5840
30,0.19770114942528735,8,1.0,600,172.04979810398052,0.07271040000023277,0,1114,8912
30,0.19770114942528735,8,1.0,1000,177.04966016158926,0.072686099999828,0,1114,8912
30,0.19770114942528735,8,1.0,1400,176.27926186392278,0.07349539999995613,0,1114,8912
30,0.19770114942528735,8,1.0,600,178.314067364919,0.07134339999993244,0,958,7664
30,0.19770114942528735,8,1.0,1000,180.62253850690945,0.07325470000023415,0,958,7664
30,0.19770114942528735,8,1.0,1400,178.07052297734964,0.07305110000015702,0,958,7664
30,0.19770114942528735,8,5.0,600,147.09880082608245,0.07473750000008295,0,1142,9136
30,0.19770114942528735,8,5.0,1000,147.470885840248,0.07397259999970629,0,1142,9136
30,0.19770114942528735,8,5.0,1400,147.97106320058987,0.07534439999972165,0,1142,9136
30,0.19770114942528735,8,5.0,600,174.84947894105218,0.08263649999980771,0,1138,9104
30,0.19770114942528735,8,5.0,1000,178.73620739757254,0.07556120000026567,0,1138,9104
30,0.19770114942528735,8,5.0,1400,183.66533988268537,0.07570029999988037,0,1138,9104
30,0.19770114942528735,8,5.0,600,153.34844570192263,0.06798729999991338,0,730,5840
30,0.19770114942528735,8,5.0,1000,166.66535244529678,0.0725694000002477,0,730,5840
30,0.19770114942528735,8,5.0,1400,167.65830106641272,0.07142279999970924,0,730,5840
30,0.19770114942528735,8,5.0,600,141.71649886537054,0.07495779999999286,0,1114,8912
30,0.19770114942528735,8,5.0,1000,155.93572366043318,0.08014930000035747,0,1114,8912
30,0.19770114942528735,8,5.0,1400,152.0814746459877,0.07370139999966341,0,1114,8912
30,0.19770114942528735,8,5.0,600,154.53536320592607,0.07465869999987262,0,958,7664
30,0.19770114942528735,8,5.0,1000,158.25293802043302,0.07129249999979947,0,958,7664
30,0.19770114942528735,8,5.0,1400,154.74001589908565,0.06954640000003565,0,958,7664
30,0.2988505747126437,8,0.1,600,132.3234176696184,0.09261770000011893,0,4706,37648
30,0.2988505747126437,8,0.1,1000,124.14382564188703,0.09394350000002305,0,4706,37648
30,0.2988505747126437,8,0.1,1400,125.1791004614017,0.09346380000033605,0,4706,37648
30,0.2988505747126437,8,0.1,600,143.44212069779724,0.1127371999996285,0,10230,81840
30,0.2988505747126437,8,0.1,1000,143.48469917116498,0.10939909999979136,0,10230,81840
30,0.2988505747126437,8,0.1,1400,146.16918977435003,0.10776179999993474,0,10230,81840
30,0.2988505747126437,8,0.1,600,99.07100016752175,0.1097794000002068,0,5174,41392
30,0.2988505747126437,8,0.1,1000,98.84111263208312,0.09484279999969658,0,5174,41392
30,0.2988505747126437,8,0.1,1400,113.11239883785208,0.09271309999985533,0,5174,41392
30,0.2988505747126437,8,0.1,600,109.64275171382226,0.09410780000007435,0,5874,46992
30,0.2988505747126437,8,0.1,1000,109.93731761661903,0.09384999999974752,0,5874,46992
30,0.2988505747126437,8,0.1,1400,109.80202637953877,0.1010630000000674,0,5874,46992
30,0.2988505747126437,8,0.1,600,143.6544966881438,0.11574889999974403,0,4298,34384
30,0.2988505747126437,8,0.1,1000,125.76412575601432,0.10029470000017682,0,4298,34384
30,0.2988505747126437,8,0.1,1400,126.82190625889562,0.09667639999997846,0,4298,34384
30,0.2988505747126437,8,0.5,600,115.0738288064461,0.10364209999988816,0,4706,37648
30,0.2988505747126437,8,0.5,1000,115.59507183947557,0.1080203999999867,0,4706,37648
30,0.2988505747126437,8,0.5,1400,115.51912761281243,0.09903640000038649,0,4706,37648
30,0.2988505747126437,8,0.5,600,113.73029578635447,0.12349700000004304,0,10230,81840
30,0.2988505747126437,8,0.5,1000,123.48397642015652,0.12219730000015261,0,10230,81840
30,0.2988505747126437,8,0.5,1400,128.91741786641833,0.11536329999989903,0,10230,81840
30,0.2988505747126437,8,0.5,600,104.2788116000539,0.08961880000015299,0,5174,41392
30,0.2988505747126437,8,0.5,1000,107.5288564647845,0.10251149999976406,0,5174,41392
30,0.2988505747126437,8,0.5,1400,112.22887373609008,0.09984740000027159,0,5174,41392
30,0.2988505747126437,8,0.5,600,136.56829769963463,0.10368719999996756,0,5874,46992
30,0.2988505747126437,8,0.5,1000,141.01415470210011,0.10544200000003912,0,5874,46992
30,0.2988505747126437,8,0.5,1400,141.20657415023297,0.10665220000009867,0,5874,46992
30,0.2988505747126437,8,0.5,600,124.17244871684778,0.10075410000035845,0,4298,34384
30,0.2988505747126437,8,0.5,1000,123.39084246338655,0.09761299999991024,0,4298,34384
30,0.2988505747126437,8,0.5,1400,123.9158988669441,0.1012551000003441,0,4298,34384
30,0.2988505747126437,8,1.0,600,102.63934245857723,0.10068520000004355,0,4706,37648
30,0.2988505747126437,8,1.0,1000,111.37040263703783,0.10244179999972403,0,4706,37648
30,0.2988505747126437,8,1.0,1400,111.57178908501966,0.10637729999962175,0,4706,37648
30,0.2988505747126437,8,1.0,600,118.50233142614458,0.13864739999962694,4096,10230,81840
30,0.2988505747126437,8,1.0,1000,122.15729975922108,0.1155122999998639,0,10230,81840
30,0.2988505747126437,8,1.0,1400,129.06964521344378,0.12095689999978276,0,10230,81840
30,0.2988505747126437,8,1.0,600,108.93978130690171,0.1000782999999501,0,5174,41392
30,0.2988505747126437,8,1.0,1000,111.9509160120632,0.10190090000014607,102400,5174,41392
30,0.2988505747126437,8,1.0,1400,112.69693321332954,0.10304210000003877,143360,5174,41392
30,0.2988505747126437,8,1.0,600,98.03381767080168,0.10007379999979094,0,5874,46992
30,0.2988505747126437,8,1.0,1000,105.6074377971754,0.09908069999983127,0,5874,46992
30,0.2988505747126437,8,1.0,1400,106.14011121701361,0.09548750000021755,0,5874,46992
30,0.2988505747126437,8,1.0,600,128.48501278910823,0.08817349999981161,0,4298,34384
30,0.2988505747126437,8,1.0,1000,124.94194130561208,0.09271710000029998,0,4298,34384
30,0.2988505747126437,8,1.0,1400,124.6699810250545,0.092676499999925,0,4298,34384
30,0.2988505747126437,8,5.0,600,95.85749117392663,0.08969129999968573,0,4706,37648
30,0.2988505747126437,8,5.0,1000,106.89970347431777,0.0902541000000383,0,4706,37648
30,0.2988505747126437,8,5.0,1400,107.4240196549703,0.09213079999972251,0,4706,37648
30,0.2988505747126437,8,5.0,600,115.82277306469688,0.12220560000014302,0,10230,81840
30,0.2988505747126437,8,5.0,1000,122.25417212560585,0.10934799999995448,4096,10230,81840
30,0.2988505747126437,8,5.0,1400,126.9094930846841,0.11641259999987597,0,10230,81840
30,0.2988505747126437,8,5.0,600,102.96099989054021,0.11065860000007888,0,5174,41392
30,0.2988505747126437,8,5.0,1000,107.23941287482678,0.0951905000001716,0,5174,41392
30,0.2988505747126437,8,5.0,1400,108.51745438305787,0.10901089999970281,0,5174,41392
30,0.2988505747126437,8,5.0,600,103.69806534772907,0.09931430000006003,0,5874,46992
30,0.2988505747126437,8,5.0,1000,112.15264228827863,0.09936410000000251,0,5874,46992
30,0.2988505747126437,8,5.0,1400,110.42112383179841,0.10062889999971958,0,5874,46992
30,0.2988505747126437,8,5.0,600,114.51440065860068,0.09768669999994017,0,4298,34384
30,0.2988505747126437,8,5.0,1000,113.64297463130302,0.0949055999999473,0,4298,34384
30,0.2988505747126437,8,5.0,1400,110.53530898192248,0.09292140000025029,0,4298,34384
30,0.39770114942528734,8,0.1,600,76.52611200303662,0.14196110000011686,-1101824,17762,142096
30,0.39770114942528734,8,0.1,1000,69.819203554328,0.13951829999996335,0,17762,142096
30,0.39770114942528734,8,0.1,1400,70.10245559060142,0.15101970000023357,0,17762,142096
30,0.39770114942528734,8,0.1,600,113.36004492130377,0.21121820000007574,-2150400,42606,340848
30,0.39770114942528734,8,0.1,1000,116.34024566273992,0.22727759999997943,0,42606,340848
30,0.39770114942528734,8,0.1,1400,130.79006802904527,0.22934219999979177,0,42606,340848
30,0.39770114942528734,8,0.1,600,64.74869627216734,0.16914859999997134,0,20174,161392
30,0.39770114942528734,8,0.1,1000,65.2689502973797,0.15939140000000407,0,20174,161392
30,0.39770114942528734,8,0.1,1400,82.61216665503606,0.16452720000006593,0,20174,161392
30,0.39770114942528734,8,0.1,600,80.99092419814396,0.3005136000001585,-2965504,64478,515824
30,0.39770114942528734,8,0.1,1000,80.91742489411845,0.27629320000005464,0,64478,515824
30,0.39770114942528734,8,0.1,1400,80.90373239722999,0.26752269999997225,0,64478,515824
30,0.39770114942528734,8,0.1,600,115.58705857266278,0.17087160000028234,0,20638,165104
30,0.39770114942528734,8,0.1,1000,115.15769657909442,0.16611250000005384,0,20638,165104
30,0.39770114942528734,8,0.1,1400,131.0634189360008,0.15185969999993176,0,20638,165104
30,0.39770114942528734,8,0.5,600,91.81429858025976,0.13790070000004562,0,17762,142096
30,0.39770114942528734,8,0.5,1000,96.49837442718346,0.13988530000005994,0,17762,142096
30,0.39770114942528734,8,0.5,1400,96.87989990844626,0.13623779999988983,0,17762,142096
30,0.39770114942528734,8,0.5,600,79.13109489330154,0.22723249999990003,0,42606,340848
30,0.39770114942528734,8,0.5,1000,83.65893127304153,0.24130839999997988,0,42606,340848
30,0.39770114942528734,8,0.5,1400,86.54395280971283,0.2164135999996688,0,42606,340848
30,0.39770114942528734,8,0.5,600,76.04320306267194,0.16572050000013405,0,20174,161392
30,0.39770114942528734,8,0.5,1000,75.1723153759587,0.15312470000026224,0,20174,161392
30,0.39770114942528734,8,0.5,1400,74.72522953400004,0.1634380999998939,0,20174,161392
30,0.39770114942528734,8,0.5,600,70.94142990977763,0.2613024000002042,0,64478,515824
30,0.39770114942528734,8,0.5,1000,75.55747316426461,0.2783392000001186,0,64478,515824
30,0.39770114942528734,8,0.5,1400,75.605960745481,0.27581340000006094,0,64478,515824
30,0.39770114942528734,8,0.5,600,108.77452645687954,0.14711679999982152,-2494464,20638,165104
30,0.39770114942528734,8,0.5,1000,106.81827982786514,0.17786419999993086,0,20638,165104
30,0.39770114942528734,8,0.5,1400,106.51662440227572,0.18141449999984616,0,20638,165104
30,0.39770114942528734,8,1.0,600,82.66463969715886,0.1370801999996729,0,17762,142096
30,0.39770114942528734,8,1.0,1000,85.91583430117461,0.14210940000020855,0,17762,142096
30,0.39770114942528734,8,1.0,1400,86.29829156951514,0.13701940000009927,0,17762,142096
30,0.39770114942528734,8,1.0,600,83.39753379581478,0.20528469999999288,0,42606,340848
30,0.39770114942528734,8,1.0,1000,86.89623547451488,0.20928830000002563,0,42606,340848
30,0.39770114942528734,8,1.0,1400,90.73980862574624,0.21430419999978767,0,42606,340848
30,0.39770114942528734,8,1.0,600,68.04396768422752,0.18901329999971495,0,20174,161392
30,0.39770114942528734,8,1.0,1000,68.55647658707862,0.14535460000024614,0,20174,161392
30,0.39770114942528734,8,1.0,1400,69.03409664285937,0.16851649999989604,0,20174,161392
30,0.39770114942528734,8,1.0,600,104.1080452726478,0.28775919999998223,0,64478,515824
30,0.39770114942528734,8,1.0,1000,103.33093916207964,0.275385500000084,0,64478,515824
30,0.39770114942528734,8,1.0,1400,103.10155404703738,0.2762536000000182,-4096,64478,515824
30,0.39770114942528734,8,1.0,600,95.13719944157758,0.15067139999973733,0,20638,165104
30,0.39770114942528734,8,1.0,1000,99.20420903286322,0.1465570000000298,0,20638,165104
30,0.39770114942528734,8,1.0,1400,98.30571409927288,0.14411770000015167,0,20638,165104
30,0.39770114942528734,8,5.0,600,70.6486566210303,0.1508432000000539,0,17762,142096
30,0.39770114942528734,8,5.0,1000,73.97074701864365,0.1381931999999324,0,17762,142096
30,0.39770114942528734,8,5.0,1400,74.48950170475175,0.14275909999969372,0,17762,142096
30,0.39770114942528734,8,5.0,600,84.25777449822219,0.20535900000004403,0,42606,340848
30,0.39770114942528734,8,5.0,1000,86.15345135640003,0.20722139999998035,0,42606,340848
30,0.39770114942528734,8,5.0,1400,88.747227806897,0.20863820000022315,0,42606,340848
30,0.39770114942528734,8,5.0,600,73.63631313827425,0.14503059999969992,0,20174,161392
30,0.39770114942528734,8,5.0,1000,74.07200747019516,0.14613770000005388,0,20174,161392
30,0.39770114942528734,8,5.0,1400,72.56429564919996,0.1471731000001455,0,20174,161392
30,0.39770114942528734,8,5.0,600,77.86054402478112,0.26250579999987167,0,64478,515824
30,0.39770114942528734,8,5.0,1000,82.19611530083925,0.26420260000031703,0,64478,515824
30,0.39770114942528734,8,5.0,1400,82.45525213312843,0.2717634000000544,0,64478,515824
30,0.39770114942528734,8,5.0,600,85.06782504030716,0.14770850000013525,0,20638,165104
30,0.39770114942528734,8,5.0,1000,91.11804891239512,0.14574350000020786,0,20638,165104
30,0.39770114942528734,8,5.0,1400,87.6614117918503,0.15101839999988442,0,20638,165104
30,0.06666666666666667,10,0.1,600,0.029970119475951924,0.04884449999963181,0,118,944
30,0.06666666666666667,10,0.1,1000,0.024419126294936113,0.052315899999939575,0,118,944
30,0.06666666666666667,10,0.1,1400,0.018416640053783927,0.050184299999727955,0,118,944
30,0.06666666666666667,10,0.1,600,0.0799348997501364,0.05090950000021621,0,118,944
30,0.06666666666666667,10,0.1,1000,0.06828639212535119,0.04859650000025795,-2326528,118,944
30,0.06666666666666667,10,0.1,1400,0.06757107935635952,0.05318029999989449,0,118,944
30,0.06666666666666667,10,0.1,600,0.2733005698379187,0.05078880000019126,0,118,944
30,0.06666666666666667,10,0.1,1000,0.1217813766065691,0.059401600000001054,0,118,944
30,0.06666666666666667,10,0.1,1400,0.11588784614826868,0.051876699999866105,0,118,944
30,0.06666666666666667,10,0.1,600,0.13002182153529407,0.05013940000026196,0,118,944
30,0.06666666666666667,10,0.1,1000,0.059552515468589966,0.051680300000043644,0,118,944
30,0.06666666666666667,10,0.1,1400,0.059015530988549975,0.05143629999975019,0,118,944
30,0.06666666666666667,10,0.1,600,0.09981310245376508,0.054042499999923166,0,118,944
30,0.06666666666666667,10,0.1,1000,0.06443086432554278,0.04946429999972679,0,118,944
30,0.06666666666666667,10,0.1,1400,0.05875386700869319,0.05070750000004409,0,118,944
30,0.06666666666666667,10,0.5,600,168.1529199923032,0.05200860000013563,0,118,944
30,0.06666666666666667,10,0.5,1000,168.13764540391318,0.05252440000003844,0,118,944
30,0.06666666666666667,10,0.5,1400,168.36424235547221,0.05292199999985314,0,118,944
30,0.06666666666666667,10,0.5,600,223.60033886119834,0.052612500000122964,0,118,944
30,0.06666666666666667,10,0.5,1000,224.75731145393047,0.054879799999980605,0,118,944
30,0.06666666666666667,10,0.5,1400,225.25297684531537,0.05304690000002665,0,118,944
30,0.06666666666666667,10,0.5,600,226.67781237364287,0.05181319999974221,0,118,944
30,0.06666666666666667,10,0.5,1000,224.41439549908443,0.05004319999989093,0,118,944
30,0.06666666666666667,10,0.5,1400,224.42247632752367,0.051212300000315736,0,118,944
30,0.06666666666666667,10,0.5,600,197.11690598403933,0.05291669999996884,0,118,944
30,0.06666666666666667,10,0.5,1000,182.65535972723987,0.0527074999999968,0,118,944
30,0.06666666666666667,10,0.5,1400,183.04283822511445,0.05348180000009961,0,118,944
30,0.06666666666666667,10,0.5,600,209.38623904746404,0.05104239999991478,0,118,944
30,0.06666666666666667,10,0.5,1000,204.30163099000953,0.05085820000022068,0,118,944
30,0.06666666666666667,10,0.5,1400,204.68064269147084,0.052012399999966874,0,118,944
30,0.06666666666666667,10,1.0,600,190.12579917426817,0.05129769999985001,0,118,944
30,0.06666666666666667,10,1.0,1000,190.4141290998462,0.05157629999985147,0,118,944
30,0.06666666666666667,10,1.0,1400,190.69652082191612,0.05168760000015027,0,118,944
30,0.06666666666666667,10,1.0,600,164.98989287576237,0.051229700000021694,0,118,944
30,0.06666666666666667,10,1.0,1000,165.6059675848422,0.05183579999993526,0,118,944
30,0.06666666666666667,10,1.0,1400,165.75076093339916,0.05287819999966814,0,118,944
30,0.06666666666666667,10,1.0,600,247.28147759716447,0.05401190000020506,0,118,944
30,0.06666666666666667,10,1.0,1000,237.0508994409995,0.05081689999997252,0,118,944
30,0.06666666666666667,10,1.0,1400,236.7915058832686,0.05066759999999704,0,118,944
30,0.06666666666666667,10,1.0,600,256.3505210587654,0.051827400000092894,0,118,944
30,0.06666666666666667,10,1.0,1000,249.0443370829625,0.05192209999995612,0,118,944
30,0.06666666666666667,10,1.0,1400,249.073445217756,0.04836879999993471,0,118,944
30,0.06666666666666667,10,1.0,600,271.0931477326089,0.04589350000014747,0,118,944
30,0.06666666666666667,10,1.0,1000,255.27832935162274,0.04696140000032756,0,118,944
30,0.06666666666666667,10,1.0,1400,255.84018028786772,0.04745460000003732,0,118,944
30,0.06666666666666667,10,5.0,600,203.39297729307916,0.05028630000015255,0,118,944
30,0.06666666666666667,10,5.0,1000,203.30792845430685,0.048485299999811104,0,118,944
30,0.06666666666666667,10,5.0,1400,203.5109132938322,0.05105820000017047,0,118,944
30,0.06666666666666667,10,5.0,600,203.02910506363278,0.05552380000017365,0,118,944
30,0.06666666666666667,10,5.0,1000,203.82365482047916,0.05909479999991163,0,118,944
30,0.06666666666666667,10,5.0,1400,204.03459098464256,0.04994840000017575,0,118,944
30,0.06666666666666667,10,5.0,600,243.0281126451553,0.052068099999814876,0,118,944
30,0.06666666666666667,10,5.0,1000,231.26508363089636,0.05530780000026425,0,118,944
30,0.06666666666666667,10,5.0,1400,230.87172995748156,0.04724759999999151,0,118,944
30,0.06666666666666667,10,5.0,600,238.26447216914283,0.04827640000030442,0,118,944
30,0.06666666666666667,10,5.0,1000,226.51764053190806,0.04949209999995219,0,118,944
30,0.06666666666666667,10,5.0,1400,226.76446352323825,0.050277100000130304,0,118,944
30,0.06666666666666667,10,5.0,600,220.6141493017327,0.05378949999976612,0,118,944
30,0.06666666666666667,10,5.0,1000,217.68150403190003,0.05594179999980042,0,118,944
30,0.06666666666666667,10,5.0,1400,218.07580959054548,0.0498013000001265,0,118,944
30,0.09885057471264368,10,0.1,600,160.49126956867724,0.058310899999924004,0,182,1456
30,0.09885057471264368,10,0.1,1000,160.4827120997099,0.05781710000019302,0,182,1456
30,0.09885057471264368,10,0.1,1400,160.40229226025286,0.05723770000031436,0,182,1456
30,0.09885057471264368,10,0.1,600,212.95551650768104,0.05916179999985616,0,182,1456
30,0.09885057471264368,10,0.1,1000,213.69835287308888,0.06149760000016613,0,182,1456
30,0.09885057471264368,10,0.1,1400,213.63184929550084,0.05976590000000215,0,182,1456
30,0.09885057471264368,10,0.1,600,157.06309385622484,0.05672439999989365,0,226,1808
30,0.09885057471264368,10,0.1,1000,148.88191349714526,0.05654569999978776,0,226,1808
30,0.09885057471264368,10,0.1,1400,148.3732186845758,0.061525999999958,0,226,1808
30,0.09885057471264368,10,0.1,600,164.37834894195726,0.05896840000013981,0,190,1520
30,0.09885057471264368,10,0.1,1000,155.37883413356485,0.05950760000041555,0,190,1520
30,0.09885057471264368,10,0.1,1400,155.6987632131139,0.05964029999995546,0,190,1520
30,0.09885057471264368,10,0.1,600,259.03439107835226,0.06008620000011433,0,174,1392
30,0.09885057471264368,10,0.1,1000,259.05031011195223,0.057828299999982846,0,174,1392
30,0.09885057471264368,10,0.1,1400,258.42093983403237,0.06204729999990377,0,174,1392
30,0.09885057471264368,10,0.5,600,180.93212588049605,0.05417390000002342,0,182,1456
30,0.09885057471264368,10,0.5,1000,178.1091285387671,0.05679249999957392,0,182,1456
30,0.09885057471264368,10,0.5,1400,178.29380519323269,0.05594269999983226,0,182,1456
30,0.09885057471264368,10,0.5,600,193.36060787610168,0.05374759999995149,0,182,1456
30,0.09885057471264368,10,0.5,1000,194.30137105740954,0.055713899999773275,0,182,1456
30,0.09885057471264368,10,0.5,1400,194.31329269477828,0.05446170000004713,0,182,1456
30,0.09885057471264368,10,0.5,600,253.40137627735092,0.05575319999979911,0,226,1808
30,0.09885057471264368,10,0.5,1000,251.6990527222394,0.05594780000001265,0,226,1808
30,0.09885057471264368,10,0.5,1400,251.47908737917814,0.05328510000026654,0,226,1808
30,0.09885057471264368,10,0.5,600,202.84176348335052,0.052435699999932694,0,190,1520
30,0.09885057471264368,10,0.5,1000,201.08889892624893,0.05351019999989148,0,190,1520
30,0.09885057471264368,10,0.5,1400,198.0022685445606,0.05299680000007356,0,190,1520
30,0.09885057471264368,10,0.5,600,196.72486117236707,0.05239929999970627,0,174,1392
30,0.09885057471264368,10,0.5,1000,186.0633858706159,0.051863500000308704,0,174,1392
30,0.09885057471264368,10,0.5,1400,186.3700530055395,0.05335269999977754,0,174,1392
30,0.09885057471264368,10,1.0,600,163.34182653566586,0.05813629999965997,0,182,1456
30,0.09885057471264368,10,1.0,1000,165.9859419036025,0.05274839999992764,0,182,1456
30,0.09885057471264368,10,1.0,1400,165.95985819167498,0.05560139999988678,0,182,1456
30,0.09885057471264368,10,1.0,600,208.36542302628212,0.05371910000030766,0,182,1456
30,0.09885057471264368,10,1.0,1000,208.79227168833776,0.05489399999987654,0,182,1456
30,0.09885057471264368,10,1.0,1400,208.94784689539517,0.053195899999991525,0,182,1456
30,0.09885057471264368,10,1.0,600,235.82163350154116,0.07602700000006735,0,226,1808
30,0.09885057471264368,10,1.0,1000,226.61868677479816,0.053256099999998696,0,226,1808
30,0.09885057471264368,10,1.0,1400,226.30118196706945,0.057032600000184175,0,226,1808
30,0.09885057471264368,10,1.0,600,199.58976599452,0.05282739999984187,0,190,1520
30,0.09885057471264368,10,1.0,1000,195.331122676066,0.052729399999861926,0,190,1520
30,0.09885057471264368,10,1.0,1400,195.08203591481055,0.053257900000062364,0,190,1520
30,0.09885057471264368,10,1.0,600,259.27423726287924,0.0533183999996254,0,174,1392
30,0.09885057471264368,10,1.0,1000,250.6772004395286,0.0519030999998904,0,174,1392
30,0.09885057471264368,10,1.0,1400,245.1157142457883,0.051901599999837345,0,174,1392
30,0.09885057471264368,10,5.0,600,174.20026558743527,0.053722499999821594,0,182,1456
30,0.09885057471264368,10,5.0,1000,173.2233132461791,0.05266490000030899,0,182,1456
30,0.09885057471264368,10,5.0,1400,173.41023592769048,0.05325049999964904,0,182,1456
30,0.09885057471264368,10,5.0,600,199.58484589724202,0.05602499999986321,0,182,1456
30,0.09885057471264368,10,5.0,1000,200.0463198319899,0.052564000000074884,0,182,1456
30,0.09885057471264368,10,5.0,1400,200.1298228305093,0.062415299999884155,0,182,1456
30,0.09885057471264368,10,5.0,600,217.3791902205432,0.055737199999839504,0,226,1808
30,0.09885057471264368,10,5.0,1000,203.11966081661694,0.05301800000006551,0,226,1808
30,0.09885057471264368,10,5.0,1400,202.42747352939273,0.05265610000014931,0,226,1808
30,0.09885057471264368,10,5.0,600,223.18549362331257,0.05312729999968724,0,190,1520
30,0.09885057471264368,10,5.0,1000,212.5734586208716,0.051994700000250305,0,190,1520
30,0.09885057471264368,10,5.0,1400,211.75029143217378,0.05269980000002761,0,190,1520
30,0.09885057471264368,10,5.0,600,243.09399247603886,0.05203750000009677,0,174,1392
30,0.09885057471264368,10,5.0,1000,231.00952993067884,0.0527074999999968,0,174,1392
30,0.09885057471264368,10,5.0,1400,227.2114559252652,0.05200239999976475,0,174,1392
30,0.14942528735632185,10,0.1,600,147.33784693188755,0.06598080000003392,0,590,4720
30,0.14942528735632185,10,0.1,1000,147.19285575241508,0.064894699999968,0,590,4720
30,0.14942528735632185,10,0.1,1400,146.97790251727707,0.06483250000019325,0,590,4720
30,0.14942528735632185,10,0.1,600,104.18128084378193,0.06240020000041113,0,462,3696
30,0.14942528735632185,10,0.1,1000,104.34333703844356,0.06343329999981506,0,462,3696
30,0.14942528735632185,10,0.1,1400,104.28483694303671,0.061712100000022474,0,462,3696
30,0.14942528735632185,10,0.1,600,181.26081996325883,0.060261500000251544,0,578,4624
30,0.14942528735632185,10,0.1,1000,172.89505423442577,0.06025950000002922,0,578,4624
30,0.14942528735632185,10,0.1,1400,172.2081218100691,0.06229090000033466,0,578,4624
30,0.14942528735632185,10,0.1,600,157.48400842616766,0.059240699999918434,0,518,4144
30,0.14942528735632185,10,0.1,1000,144.29359373494498,0.06011369999987437,0,518,4144
30,0.14942528735632185,10,0.1,1400,146.93810609931145,0.06440740000016376,0,518,4144
30,0.14942528735632185,10,0.1,600,234.5357423044778,0.05936950000022989,0,350,2800
30,0.14942528735632185,10,0.1,1000,209.79747704886663,0.06130700000039724,0,350,2800
30,0.14942528735632185,10,0.1,1400,209.21330417685118,0.06061849999969127,0,350,2800
30,0.14942528735632185,10,0.5,600,173.02698540537992,0.06031620000021576,0,590,4720
30,0.14942528735632185,10,0.5,1000,172.41858322344143,0.06264580000015485,0,590,4720
30,0.14942528735632185,10,0.5,1400,172.6144150856609,0.060515099999975064,0,590,4720
30,0.14942528735632185,10,0.5,600,215.3110925824292,0.06267420000040147,0,462,3696
30,0.14942528735632185,10,0.5,1000,217.79633439706842,0.06523819999983971,0,462,3696
30,0.14942528735632185,10,0.5,1400,217.76450862644612,0.06109770000011849,0,462,3696
30,0.14942528735632185,10,0.5,600,214.32042862053797,0.06121930000017528,0,578,4624
30,0.14942528735632185,10,0.5,1000,210.64600133601493,0.06075409999994008,0,578,4624
30,0.14942528735632185,10,0.5,1400,206.846678837348,0.06161370000017996,0,578,4624
30,0.14942528735632185,10,0.5,600,196.28724963969944,0.05997789999992165,0,518,4144
30,0.14942528735632185,10,0.5,1000,199.8416154319408,0.059873400000014954,0,518,4144
30,0.14942528735632185,10,0.5,1400,200.21117344749436,0.061451799999758805,0,518,4144
30,0.14942528735632185,10,0.5,600,198.05126761934798,0.06141539999998713,0,350,2800
30,0.14942528735632185,10,0.5,1000,197.72381716021258,0.05921070000022155,0,350,2800
30,0.14942528735632185,10,0.5,1400,205.55802147294335,0.06008030000020881,0,350,2800
30,0.14942528735632185,10,1.0,600,166.1517229449535,0.059767700000065815,0,590,4720
30,0.14942528735632185,10,1.0,1000,175.71524797736464,0.062197899999773654,0,590,4720
30,0.14942528735632185,10,1.0,1400,175.82261098519498,0.06033260000003793,0,590,4720
30,0.14942528735632185,10,1.0,600,153.35329838239235,0.06089289999999892,0,462,3696
30,0.14942528735632185,10,1.0,1000,156.7464805232123,0.06002230000012787,0,462,3696
30,0.14942528735632185,10,1.0,1400,156.6859649938713,0.06037659999992684,0,462,3696
30,0.14942528735632185,10,1.0,600,191.6149343963171,0.060073300000112795,0,578,4624
30,0.14942528735632185,10,1.0,1000,187.65574768140755,0.06511450000016339,0,578,4624
30,0.14942528735632185,10,1.0,1400,187.24365789504938,0.060901599999851896,0,578,4624
30,0.14942528735632185,10,1.0,600,209.00962554573664,0.058973799999876064,0,518,4144
30,0.14942528735632185,10,1.0,1000,195.92456480466427,0.06497209999997722,0,518,4144
30,0.14942528735632185,10,1.0,1400,198.7637531389058,0.059964600000057544,0,518,4144
30,0.14942528735632185,10,1.0,600,235.16233119653012,0.05914359999997032,0,350,2800
30,0.14942528735632185,10,1.0,1000,231.31881359088226,0.06390370000008261,0,350,2800
30,0.14942528735632185,10,1.0,1400,231.77941316055558,0.06202480000001742,0,350,2800
30,0.14942528735632185,10,5.0,600,135.38147610972837,0.062011099999836006,0,590,4720
30,0.14942528735632185,10,5.0,1000,134.15267997252704,0.061409700000240264,0,590,4720
30,0.14942528735632185,10,5.0,1400,134.22454179391337,0.06038840000019263,0,590,4720
30,0.14942528735632185,10,5.0,600,180.70203412144187,0.059965399999782676,0,462,3696
30,0.14942528735632185,10,5.0,1000,187.39800613697568,0.0625969000002442,0,462,3696
30,0.14942528735632185,10,5.0,1400,187.4388759484264,0.059887200000048324,0,462,3696
30,0.14942528735632185,10,5.0,600,177.33912491540974,0.0633389999998144,0,578,4624
30,0.14942528735632185,10,5.0,1000,170.55994622083855,0.060907699999916076,0,578,4624
30,0.14942528735632185,10,5.0,1400,171.31936439147964,0.06147420000024795,0,578,4624
30,0.14942528735632185,10,5.0,600,199.6733458859066,0.05959840000014083,0,518,4144
30,0.14942528735632185,10,5.0,1000,202.63562395233546,0.06479769999987184,0,518,4144
30,0.14942528735632185,10,5.0,1400,204.976215709907,0.0612090999998145,0,518,4144
30,0.14942528735632185,10,5.0,600,223.20498597430256,0.05896499999971638,0,350,2800
30,0.14942528735632185,10,5.0,1000,225.7274616126046,0.060106099999757134,0,350,2800
30,0.14942528735632185,10,5.0,1400,234.5727484385119,0.05938060000016776,0,350,2800
30,0.19770114942528735,10,0.1,600,125.11338620493385,0.0681299000002582,0,1362,10896
30,0.19770114942528735,10,0.1,1000,121.58312644121365,0.06781679999994594,0,1362,10896
30,0.19770114942528735,10,0.1,1400,120.09748002277335,0.0681734999998298,0,1362,10896
30,0.19770114942528735,10,0.1,600,140.69721341259137,0.07056629999988218,0,1182,9456
30,0.19770114942528735,10,0.1,1000,140.8954912081167,0.06697050000002491,0,1182,9456
30,0.19770114942528735,10,0.1,1400,140.99255700264362,0.07272910000028787,0,1182,9456
30,0.19770114942528735,10,0.1,600,165.39633540589386,0.07218949999969482,0,2658,21264
30,0.19770114942528735,10,0.1,1000,154.40481363887037,0.07237409999970623,0,2658,21264
30,0.19770114942528735,10,0.1,1400,154.40647282093178,0.07188230000019757,0,2658,21264
30,0.19770114942528735,10,0.1,600,158.17390276159614,0.06775599999991755,0,1126,9008
30,0.19770114942528735,10,0.1,1000,156.7692149629186,0.06816509999998743,0,1126,9008
30,0.19770114942528735,10,0.1,1400,162.84287398878223,0.0712532999996256,0,1126,9008
30,0.19770114942528735,10,0.1,600,75.7465722567052,0.06606749999991735,0,962,7696
30,0.19770114942528735,10,0.1,1000,75.65596774506025,0.06674120000025141,0,962,7696
30,0.19770114942528735,10,0.1,1400,99.00820235839736,0.06769489999987854,0,962,7696
30,0.19770114942528735,10,0.5,600,160.9565509980715,0.06869510000024093,0,1362,10896
30,0.19770114942528735,10,0.5,1000,159.20150593998508,0.07108629999993354,0,1362,10896
30,0.19770114942528735,10,0.5,1400,159.15623574805957,0.06811990000005608,0,1362,10896
30,0.19770114942528735,10,0.5,600,189.7488485388495,0.06755239999984042,0,1182,9456
30,0.19770114942528735,10,0.5,1000,190.94254851654082,0.09403420000035112,0,1182,9456
30,0.19770114942528735,10,0.5,1400,188.00248011753726,0.071297300000424,0,1182,9456
30,0.19770114942528735,10,0.5,600,176.6310405572759,0.07147840000016004,0,2658,21264
30,0.19770114942528735,10,0.5,1000,171.2717990525743,0.07306599999992613,0,2658,21264
30,0.19770114942528735,10,0.5,1400,173.26759970098544,0.07425749999993059,0,2658,21264
30,0.19770114942528735,10,0.5,600,146.88079873908544,0.06874569999990854,0,1126,9008
30,0.19770114942528735,10,0.5,1000,143.62448902912195,0.06792889999996987,0,1126,9008
30,0.19770114942528735,10,0.5,1400,146.01462626986932,0.07653759999993781,0,1126,9008
30,0.19770114942528735,10,0.5,600,207.85669773635826,0.0677944000003663,0,962,7696
30,0.19770114942528735,10,0.5,1000,205.06678139231474,0.06882099999984348,0,962,7696
30,0.19770114942528735,10,0.5,1400,208.2373601754938,0.0660689999999704,0,962,7696
30,0.19770114942528735,10,1.0,600,158.19008136560439,0.06933630000003177,0,1362,10896
30,0.19770114942528735,10,1.0,1000,156.62682913191406,0.0713052000000971,0,1362,10896
30,0.19770114942528735,10,1.0,1400,156.9353673892811,0.07003380000014658,0,1362,10896
30,0.19770114942528735,10,1.0,600,135.8971456491413,0.06877180000037697,0,1182,9456
30,0.19770114942528735,10,1.0,1000,141.40189848998688,0.07805830000006608,0,1182,9456
30,0.19770114942528735,10,1.0,1400,144.57189612244844,0.06751710000025923,0,1182,9456
30,0.19770114942528735,10,1.0,600,124.07320726529777,0.07294290000027104,0,2658,21264
30,0.19770114942528735,10,1.0,1000,121.56176397348317,0.07488259999990987,0,2658,21264
30,0.19770114942528735,10,1.0,1400,122.50373824854964,0.07561759999998685,0,2658,21264
30,0.19770114942528735,10,1.0,600,188.64254355588878,0.06802679999964312,0,1126,9008
30,0.19770114942528735,10,1.0,1000,195.12292853295705,0.06979180000007545,0,1126,9008
30,0.19770114942528735,10,1.0,1400,196.01536302856934,0.07315740000012738,0,1126,9008
30,0.19770114942528735,10,1.0,600,210.51806638318772,0.06702429999995729,0,962,7696
30,0.19770114942528735,10,1.0,1000,206.73555109571754,0.06750069999998232,0,962,7696
30,0.19770114942528735,10,1.0,1400,207.91258300061713,0.06793689999994967,0,962,7696
30,0.19770114942528735,10,5.0,600,125.34054976612104,0.06917220000013913,0,1362,10896
30,0.19770114942528735,10,5.0,1000,123.31725253454019,0.06800459999976738,0,1362,10896
30,0.19770114942528735,10,5.0,1400,123.51620272170702,0.06800890000022264,0,1362,10896
30,0.19770114942528735,10,5.0,600,151.63330336620555,0.06751219999978275,0,1182,9456
30,0.19770114942528735,10,5.0,1000,156.90759504981747,0.07247800000004645,0,1182,9456
30,0.19770114942528735,10,5.0,1400,158.60631757552227,0.06867909999982658,0,1182,9456
30,0.19770114942528735,10,5.0,600,124.53776627089269,0.07205310000017562,0,2658,21264
30,0.19770114942528735,10,5.0,1000,119.68016413151263,0.07174820000000182,0,2658,21264
30,0.19770114942528735,10,5.0,1400,120.47378793747995,0.0727697000002081,0,2658,21264
30,0.19770114942528735,10,5.0,600,170.35373781931423,0.067208799999662,0,1126,9008
30,0.19770114942528735,10,5.0,1000,174.5738351231873,0.06779760000017632,0,1126,9008
30,0.19770114942528735,10,5.0,1400,175.5657775856903,0.07077840000010838,0,1126,9008
30,0.19770114942528735,10,5.0,600,186.00559644561608,0.06589119999989634,0,962,7696
30,0.19770114942528735,10,5.0,1000,185.41199923131222,0.08427859999983411,0,962,7696
30,0.19770114942528735,10,5.0,1400,189.54618567974424,0.06634489999987636,0,962,7696
30,0.2988505747126437,10,0.1,600,136.66356216207123,0.12041230000022551,0,12190,97520
30,0.2988505747126437,10,0.1,1000,136.3312775322183,0.1108620999998493,0,12190,97520
30,0.2988505747126437,10,0.1,1400,136.54463309136688,0.10735979999981282,0,12190,97520
30,0.2988505747126437,10,0.1,600,173.58972093735244,0.09387720000040645,0,5242,41936
30,0.2988505747126437,10,0.1,1000,174.03877002695904,0.09376139999994848,0,5242,41936
30,0.2988505747126437,10,0.1,1400,173.01064265067942,0.09953169999971578,0,5242,41936
30,0.2988505747126437,10,0.1,600,139.0315794747345,0.12839960000019346,0,18566,148528
30,0.2988505747126437,10,0.1,1000,142.49006522164785,0.13220499999988533,0,18566,148528
30,0.2988505747126437,10,0.1,1400,143.34196393997757,0.1305830999999671,0,18566,148528
30,0.2988505747126437,10,0.1,600,95.68491566478386,0.09823740000001635,0,6050,48400
30,0.2988505747126437,10,0.1,1000,95.37695731329775,0.09228329999996276,0,6050,48400
30,0.2988505747126437,10,0.1,1400,95.80215247931191,0.09859999999980573,0,6050,48400
30,0.2988505747126437,10,0.1,600,71.66995646639349,0.10369540000010602,0,7574,60592
30,0.2988505747126437,10,0.1,1000,107.38633066992257,0.10105529999964347,0,7574,60592
30,0.2988505747126437,10,0.1,1400,107.90850608494132,0.09688460000006671,0,7574,60592
30,0.2988505747126437,10,0.5,600,97.83412820595052,0.10894609999968452,0,12190,97520
30,0.2988505747126437,10,0.5,1000,97.49321479016751,0.11096450000013647,0,12190,97520
30,0.2988505747126437,10,0.5,1400,97.36910446563382,0.1113617000000886,0,12190,97520
30,0.2988505747126437,10,0.5,600,119.1423429555431,0.09775379999973666,0,5242,41936
30,0.2988505747126437,10,0.5,1000,124.23727497036211,0.09526520000008531,0,5242,41936
30,0.2988505747126437,10,0.5,1400,126.94672549650748,0.09060150000004796,0,5242,41936
30,0.2988505747126437,10,0.5,600,131.87184136641795,0.1244579999997768,0,18566,148528
30,0.2988505747126437,10,0.5,1000,126.68182798423092,0.126921499999753,0,18566,148528
30,0.2988505747126437,10,0.5,1400,131.99953509289566,0.13366820000010193,0,18566,148528
30,0.2988505747126437,10,0.5,600,109.33673430656641,0.09291230000008,0,6050,48400
30,0.2988505747126437,10,0.5,1000,111.2188552540287,0.09502969999994093,0,6050,48400
30,0.2988505747126437,10,0.5,1400,111.33405654581713,0.09403550000024552,0,6050,48400
30,0.2988505747126437,10,0.5,600,131.35802055431506,0.09930619999977353,0,7574,60592
30,0.2988505747126437,10,0.5,1000,139.47990225501357,0.10466940000014802,-1445888,7574,60592
30,0.2988505747126437,10,0.5,1400,136.57166903451105,0.10057389999974475,0,7574,60592
30,0.2988505747126437,10,1.0,600,97.6036877543372,0.12024150000024747,0,12190,97520
30,0.2988505747126437,10,1.0,1000,94.41665653842549,0.1170191999999588,-4096,12190,97520
30,0.2988505747126437,10,1.0,1400,94.6131800093247,0.12796069999967585,-2965504,12190,97520
30,0.2988505747126437,10,1.0,600,132.7708304965957,0.09353489999966769,0,5242,41936
30,0.2988505747126437,10,1.0,1000,133.4058668504259,0.09689059999982419,0,5242,41936
30,0.2988505747126437,10,1.0,1400,133.9554017549817,0.0986206000002312,0,5242,41936
30,0.2988505747126437,10,1.0,600,85.47868737508853,0.13222240000004604,0,18566,148528
30,0.2988505747126437,10,1.0,1000,88.38236781691808,0.13268779999998515,0,18566,148528
30,0.2988505747126437,10,1.0,1400,92.21603314647291,0.13456459999997605,0,18566,148528
30,0.2988505747126437,10,1.0,600,122.13175501012363,0.09808819999989282,0,6050,48400
30,0.2988505747126437,10,1.0,1000,124.85111061778467,0.09813389999999345,0,6050,48400
30,0.2988505747126437,10,1.0,1400,125.79035097493333,0.10146520000034798,0,6050,48400
30,0.2988505747126437,10,1.0,600,128.48347918530973,0.10684300000002622,0,7574,60592
30,0.2988505747126437,10,1.0,1000,131.38771557057024,0.10022049999997762,0,7574,60592
30,0.2988505747126437,10,1.0,1400,137.27609110641404,0.10805940000000192,4096,7574,60592
30,0.2988505747126437,10,5.0,600,96.18821345834539,0.11289309999983743,0,12190,97520
30,0.2988505747126437,10,5.0,1000,93.9489133269231,0.1089308999999048,0,12190,97520
30,0.2988505747126437,10,5.0,1400,94.17956606599238,0.11379850000002989,0,12190,97520
30,0.2988505747126437,10,5.0,600,111.17440639153956,0.09146229999987554,0,5242,41936
30,0.2988505747126437,10,5.0,1000,114.20546092244265,0.08921479999980875,0,5242,41936
30,0.2988505747126437,10,5.0,1400,116.58204982146206,0.09032649999971909,0,5242,41936
30,0.2988505747126437,10,5.0,600,84.65887341120424,0.12836060000017824,0,18566,148528
30,0.2988505747126437,10,5.0,1000,84.03089844884138,0.127977699999974,0,18566,148528
30,0.2988505747126437,10,5.0,1400,88.04952252126891,0.1259888999998111,0,18566,148528
30,0.2988505747126437,10,5.0,600,123.12307319096304,0.09290109999983542,0,6050,48400
30,0.2988505747126437,10,5.0,1000,125.75480686848886,0.09840780000013183,0,6050,48400
30,0.2988505747126437,10,5.0,1400,126.21368283102554,0.09772460000021965,-1044480,6050,48400
30,0.2988505747126437,10,5.0,600,123.16392382712164,0.09760869999990973,0,7574,60592
30,0.2988505747126437,10,5.0,1000,125.86665732858017,0.09822719999965557,0,7574,60592
30,0.2988505747126437,10,5.0,1400,132.0174447925616,0.10111219999998866,0,7574,60592
30,0.39770114942528734,10,0.1,600,105.2699243461275,0.2270808999996916,0,49926,399408
30,0.39770114942528734,10,0.1,1000,102.07944756400644,0.22511420000000726,0,49926,399408
30,0.39770114942528734,10,0.1,1400,102.04260002234294,0.22161099999993894,0,49926,399408
30,0.39770114942528734,10,0.1,600,108.94446567064223,0.22039919999997437,0,49722,397776
30,0.39770114942528734,10,0.1,1000,114.10751452302564,0.22133739999981117,0,49722,397776
30,0.39770114942528734,10,0.1,1400,114.50600316843796,0.21667600000000675,0,49722,397776
30,0.39770114942528734,10,0.1,600,88.51674976026399,0.2120067000000745,0,43754,350032
30,0.39770114942528734,10,0.1,1000,89.0848819149146,0.2072874000000411,0,43754,350032
30,0.39770114942528734,10,0.1,1400,90.42370028502397,0.20983590000014374,0,43754,350032
30,0.39770114942528734,10,0.1,600,92.5807520858442,0.19473790000029112,-1523712,38910,311280
30,0.39770114942528734,10,0.1,1000,95.18685031154428,0.19456020000006902,0,38910,311280
30,0.39770114942528734,10,0.1,1400,95.66440353627112,0.19164589999991222,0,38910,311280
30,0.39770114942528734,10,0.1,600,99.62432740727449,0.3378809999999248,0,93038,744304
30,0.39770114942528734,10,0.1,1000,101.48576328259698,0.356912199999897,0,93038,744304
30,0.39770114942528734,10,0.1,1400,101.7091343227963,0.35974850000002334,20480,93038,744304
30,0.39770114942528734,10,0.5,600,64.34687075130651,0.22273679999989326,1794048,49926,399408
30,0.39770114942528734,10,0.5,1000,63.33848886731905,0.21648159999995187,356352,49926,399408
30,0.39770114942528734,10,0.5,1400,63.36592510939812,0.21418799999992189,929792,49926,399408
30,0.39770114942528734,10,0.5,600,93.7747739879607,0.21529469999995854,4096,49722,397776
30,0.39770114942528734,10,0.5,1000,97.05058564817304,0.2139139000000796,0,49722,397776
30,0.39770114942528734,10,0.5,1400,98.68376425707032,0.21904300000005605,0,49722,397776
30,0.39770114942528734,10,0.5,600,74.5163562141269,0.2017230000001291,0,43754,350032
30,0.39770114942528734,10,0.5,1000,68.24599494304175,0.2034045000000333,0,43754,350032
30,0.39770114942528734,10,0.5,1400,72.8826659289546,0.20345320000024003,0,43754,350032
30,0.39770114942528734,10,0.5,600,104.40967510901078,0.1942521000000852,0,38910,311280
30,0.39770114942528734,10,0.5,1000,110.27919002915961,0.1946867999999995,0,38910,311280
30,0.39770114942528734,10,0.5,1400,110.30412302381002,0.21236689999977898,0,38910,311280
30,0.39770114942528734,10,0.5,600,104.7344498214062,0.3495978999999352,0,93038,744304
30,0.39770114942528734,10,0.5,1000,102.42517005468052,0.34820929999978034,0,93038,744304
30,0.39770114942528734,10,0.5,1400,103.03773973257319,0.3554017000001295,0,93038,744304
30,0.39770114942528734,10,1.0,600,73.18562621670766,0.22670549999975265,0,49926,399408
30,0.39770114942528734,10,1.0,1000,72.99255937784406,0.2195329999999558,0,49926,399408
30,0.39770114942528734,10,1.0,1400,73.15000320314168,0.2178048000000672,0,49926,399408
30,0.39770114942528734,10,1.0,600,104.0261797755418,0.2367284000001746,0,49722,397776
30,0.39770114942528734,10,1.0,1000,104.99072296601732,0.23538920000009966,0,49722,397776
30,0.39770114942528734,10,1.0,1400,107.95966408346095,0.23470059999999648,0,49722,397776
30,0.39770114942528734,10,1.0,600,59.169437196288655,0.2107754999997269,0,43754,350032
30,0.39770114942528734,10,1.0,1000,61.953370055313734,0.2110171999997874,0,43754,350032
30,0.39770114942528734,10,1.0,1400,64.18491638028073,0.2151972999999998,-2347008,43754,350032
30,0.39770114942528734,10,1.0,600,88.32353964960672,0.18665939999982584,0,38910,311280
30,0.39770114942528734,10,1.0,1000,89.78387385793056,0.18662459999995917,0,38910,311280
30,0.39770114942528734,10,1.0,1400,90.30525151468744,0.1957988999997724,0,38910,311280
30,0.39770114942528734,10,1.0,600,94.01049025257224,0.33075090000011187,0,93038,744304
30,0.39770114942528734,10,1.0,1000,106.95083662911463,0.33713239999997313,0,93038,744304
30,0.39770114942528734,10,1.0,1400,109.06979931925075,0.33309189999999944,90112,93038,744304
30,0.39770114942528734,10,5.0,600,75.4297098727674,0.22592740000027334,0,49926,399408
30,0.39770114942528734,10,5.0,1000,73.68148004690097,0.2202314999999544,0,49926,399408
30,0.39770114942528734,10,5.0,1400,73.78939412158311,0.2232427999997526,0,49926,399408
30,0.39770114942528734,10,5.0,600,88.84921818454946,0.2175545999998576,0,49722,397776
30,0.39770114942528734,10,5.0,1000,91.22173007015995,0.21982600000001185,0,49722,397776
30,0.39770114942528734,10,5.0,1400,93.4094110342833,0.22390620000032868,0,49722,397776
30,0.39770114942528734,10,5.0,600,58.059031637821256,0.20322920000035083,0,43754,350032
30,0.39770114942528734,10,5.0,1000,59.19924886153031,0.20601950000036595,0,43754,350032
30,0.39770114942528734,10,5.0,1400,60.68572540355351,0.21945469999991474,0,43754,350032
30,0.39770114942528734,10,5.0,600,74.17410862946235,0.19207409999989977,-1101824,38910,311280
30,0.39770114942528734,10,5.0,1000,75.99403043605912,0.19965380000030564,0,38910,311280
30,0.39770114942528734,10,5.0,1400,76.31078126143639,0.2004650999997466,0,38910,311280
30,0.39770114942528734,10,5.0,600,91.7667044701822,0.35269860000016706,-1241088,93038,744304
30,0.39770114942528734,10,5.0,1000,98.02580282482607,0.34370979999994233,0,93038,744304
30,0.39770114942528734,10,5.0,1400,98.85458979429649,0.33914839999988544,-16384,93038,744304
30,0.49885057471264366,10,0.1,600,88.24091079864142,0.5681908000001386,-2326528,167102,1336816
30,0.49885057471264366,10,0.1,1000,88.65587682156176,0.6214767000001302,0,167102,1336816
30,0.49885057471264366,10,0.1,1400,88.76615672961572,0.5731863999999405,1040384,167102,1336816
30,0.49885057471264366,10,0.1,600,79.23886600332759,1.0424984999999651,-17256448,334274,2674192
30,0.49885057471264366,10,0.1,1000,79.23500462207282,1.011739999999918,3801088,334274,2674192
30,0.49885057471264366,10,0.1,1400,78.73737162614016,0.9949304000001575,2166784,334274,2674192
30,0.49885057471264366,10,0.1,600,66.49968993322861,6.131468099999893,15585280,2185698,17485584
30,0.49885057471264366,10,0.1,1000,79.20470216172077,6.182046399999763,16777216,2185698,17485584
30,0.49885057471264366,10,0.1,1400,85.84810925302858,6.211258100000123,16801792,2185698,17485584
30,0.49885057471264366,10,0.1,600,74.8800966699386,1.0119297000001097,-1966080,337310,2698480
30,0.49885057471264366,10,0.1,1000,73.63012716862286,1.0176162000002478,1048576,337310,2698480
30,0.49885057471264366,10,0.1,1400,73.22630626211958,1.0190419999998994,2625536,337310,2698480
30,0.49885057471264366,10,0.1,600,70.38661991292827,1.196902399999999,6926336,394766,3158128
30,0.49885057471264366,10,0.1,1000,71.22009297613978,1.1816872000003968,2695168,394766,3158128
30,0.49885057471264366,10,0.1,1400,71.40656282583721,1.2083041999999296,2326528,394766,3158128
30,0.49885057471264366,10,0.5,600,67.91549276696195,0.5496789999997418,-2760704,167102,1336816
30,0.49885057471264366,10,0.5,1000,70.99024980200923,0.5395580999997946,8192,167102,1336816
30,0.49885057471264366,10,0.5,1400,71.15624245422143,0.5439825999997083,61440,167102,1336816
30,0.49885057471264366,10,0.5,600,73.4165493269078,0.9895645999999942,7774208,334274,2674192
30,0.49885057471264366,10,0.5,1000,72.09945472924073,0.9800429000001714,2379776,334274,2674192
30,0.49885057471264366,10,0.5,1400,72.16516785552395,1.0241682000000765,2416640,334274,2674192
30,0.49885057471264366,10,0.5,600,72.33234533263224,6.055861699999696,16809984,2185698,17485584
30,0.49885057471264366,10,0.5,1000,68.30356742490432,6.058574300000146,16814080,2185698,17485584
30,0.49885057471264366,10,0.5,1400,67.2219806123847,6.080304399999932,16822272,2185698,17485584
30,0.49885057471264366,10,0.5,600,72.28313600112665,1.0002262000002702,9015296,337310,2698480
30,0.49885057471264366,10,0.5,1000,75.78090333290127,0.9971777000000657,1978368,337310,2698480
30,0.49885057471264366,10,0.5,1400,76.21506510407258,0.9923898000001827,2670592,337310,2698480
30,0.49885057471264366,10,0.5,600,71.4954469758695,1.1545074999999088,1093632,394766,3158128
30,0.49885057471264366,10,0.5,1000,74.41118199564488,1.1510391000001619,2101248,394766,3158128
30,0.49885057471264366,10,0.5,1400,75.17522550472295,1.1444906000001538,2125824,394766,3158128
30,0.49885057471264366,10,1.0,600,60.910571021329005,0.5495740999999725,6397952,167102,1336816
30,0.49885057471264366,10,1.0,1000,58.803380731311485,0.5423735999997916,45056,167102,1336816
30,0.49885057471264366,10,1.0,1400,59.178533417549964,0.5554239000002781,1081344,167102,1336816
30,0.49885057471264366,10,1.0,600,67.97667784151565,0.9944906999999148,-2076672,334274,2674192
30,0.49885057471264366,10,1.0,1000,69.0804910830996,0.9798499999997148,2101248,334274,2674192
30,0.49885057471264366,10,1.0,1400,72.7684554748112,0.9791355000002113,2101248,334274,2674192
30,0.49885057471264366,10,1.0,600,53.178662831924925,6.077260600000045,16871424,2185698,17485584
30,0.49885057471264366,10,1.0,1000,53.25381718409149,5.9967297999996845,16781312,2185698,17485584
30,0.49885057471264366,10,1.0,1400,54.53967352386629,5.990888400000131,16777216,2185698,17485584
30,0.49885057471264366,10,1.0,600,68.54731384890945,1.0165266000003612,-3104768,337310,2698480
30,0.49885057471264366,10,1.0,1000,71.140841988173,1.0908887000000504,1576960,337310,2698480
30,0.49885057471264366,10,1.0,1400,71.55174815560682,1.1301115000001118,2101248,337310,2698480
30,0.49885057471264366,10,1.0,600,61.39207591178806,1.2046877999996468,-536576,394766,3158128
30,0.49885057471264366,10,1.0,1000,67.17699396895327,1.1978805000003376,2101248,394766,3158128
30,0.49885057471264366,10,1.0,1400,70.07958342235061,1.1715925000003153,2113536,394766,3158128
30,0.49885057471264366,10,5.0,600,51.662194322322755,0.5593688000003567,-1187840,167102,1336816
30,0.49885057471264366,10,5.0,1000,53.35670355162967,0.5799732000000404,0,167102,1336816
30,0.49885057471264366,10,5.0,1400,53.59586247905076,0.5664434000000256,0,167102,1336816
30,0.49885057471264366,10,5.0,600,56.42971951380842,1.081842499999766,1036288,334274,2674192
30,0.49885057471264366,10,5.0,1000,57.42670031568329,1.2874392999997326,2101248,334274,2674192
30,0.49885057471264366,10,5.0,1400,59.01303565149573,1.2044911999996657,2101248,334274,2674192
30,0.49885057471264366,10,5.0,600,47.24491487726809,6.352232700000059,16781312,2185698,17485584
30,0.49885057471264366,10,5.0,1000,47.66362312379337,6.309461300000294,16781312,2185698,17485584
30,0.49885057471264366,10,5.0,1400,48.22677600059783,6.253436500000134,16777216,2185698,17485584
30,0.49885057471264366,10,5.0,600,61.770061819388076,1.046977799999695,-688128,337310,2698480
30,0.49885057471264366,10,5.0,1000,64.32957774072987,1.0333206000000246,1052672,337310,2698480
30,0.49885057471264366,10,5.0,1400,64.48023974900995,1.0417191999999886,2101248,337310,2698480
30,0.49885057471264366,10,5.0,600,63.99911403095287,1.1878357999999025,-221184,394766,3158128
30,0.49885057471264366,10,5.0,1000,67.40116758493299,1.1999111000000084,2101248,394766,3158128
30,0.49885057471264366,10,5.0,1400,69.6004602693734,1.1963971000000129,2101248,394766,3158128
40,0.05,2,0.1,600,0.12033604617036363,0.06769870000016454,0,158,1264
40,0.05,2,0.1,1000,0.05464432665690563,0.06753290000006018,0,158,1264
40,0.05,2,0.1,1400,0.05494545147177777,0.06697119999989809,0,158,1264
40,0.05,2,0.1,600,0.03587344496970563,0.06583630000022822,0,158,1264
40,0.05,2,0.1,1000,0.015588663307531468,0.06668200000012803,0,158,1264
40,0.05,2,0.1,1400,0.013373761962626305,0.0840422999999646,0,158,1264
40,0.05,2,0.1,600,0.1638789095567302,0.0694882000002508,0,158,1264
40,0.05,2,0.1,1000,0.08923027832999197,0.06671340000002601,0,158,1264
40,0.05,2,0.1,1400,0.08082874874325705,0.06990510000014183,0,158,1264
40,0.05,2,0.1,600,0.2983943166664425,0.06833839999990232,0,158,1264
40,0.05,2,0.1,1000,0.22017090271475012,0.06645259999959308,0,158,1264
40,0.05,2,0.1,1400,0.22200434942833017,0.06843570000000909,0,158,1264
40,0.05,2,0.1,600,0.10911999063109618,0.06610159999991083,0,158,1264
40,0.05,2,0.1,1000,0.03579573959272818,0.06721950000019206,0,158,1264
40,0.05,2,0.1,1400,0.030243215745540432,0.07595779999974184,-2101248,158,1264
40,0.05,2,0.5,600,230.35364027620136,0.07120450000002165,0,158,1264
40,0.05,2,0.5,1000,216.06218737193242,0.0676210000001447,0,158,1264
40,0.05,2,0.5,1400,216.67074475287646,0.06861119999985021,0,158,1264
40,0.05,2,0.5,600,290.02679599344043,0.06550669999978709,0,158,1264
40,0.05,2,0.5,1000,288.9020121605128,0.06928160000006756,0,158,1264
40,0.05,2,0.5,1400,285.45092687354315,0.07002140000031432,0,158,1264
40,0.05,2,0.5,600,327.6280905728807,0.07116480000013325,0,158,1264
40,0.05,2,0.5,1000,297.23485109792443,0.06720420000010563,0,158,1264
40,0.05,2,0.5,1400,296.84469691677987,0.06881209999983184,0,158,1264
40,0.05,2,0.5,600,209.20452583851153,0.06676139999990482,0,158,1264
40,0.05,2,0.5,1000,205.96386290511768,0.0678422999999384,0,158,1264
40,0.05,2,0.5,1400,206.18079466326697,0.07286339999973279,0,158,1264
40,0.05,2,0.5,600,286.8514209255362,0.06646330000012313,0,158,1264
40,0.05,2,0.5,1000,287.6123696576686,0.06594229999973322,0,158,1264
40,0.05,2,0.5,1400,287.29645401583736,0.06661329999997179,0,158,1264
40,0.05,2,1.0,600,243.33215688730712,0.06851639999968029,0,158,1264
40,0.05,2,1.0,1000,236.47370073474497,0.06590770000002522,0,158,1264
40,0.05,2,1.0,1400,237.1722454875527,0.06984409999995478,0,158,1264
40,0.05,2,1.0,600,288.4549728637527,0.06880540000020119,0,158,1264
40,0.05,2,1.0,1000,281.94797497351925,0.06869400000005044,0,158,1264
40,0.05,2,1.0,1400,278.9461097390834,0.09184980000009091,0,158,1264
40,0.05,2,1.0,600,305.78823978802257,0.06911919999993188,0,158,1264
40,0.05,2,1.0,1000,302.61132205423274,0.06782430000021122,0,158,1264
40,0.05,2,1.0,1400,301.85847779881215,0.07168479999972988,0,158,1264
40,0.05,2,1.0,600,331.9553488897557,0.06976149999991321,0,158,1264
40,0.05,2,1.0,1000,325.9863000652186,0.06739530000004379,0,158,1264
40,0.05,2,1.0,1400,326.0541628149858,0.06814889999986917,0,158,1264
40,0.05,2,1.0,600,280.7262292977222,0.06516160000001037,0,158,1264
40,0.05,2,1.0,1000,264.20869101443816,0.06597180000017033,0,158,1264
40,0.05,2,1.0,1400,264.17512476923343,0.07482149999987087,0,158,1264
40,0.05,2,5.0,600,275.6424089690986,0.06858650000003763,0,158,1264
40,0.05,2,5.0,1000,254.96224399207486,0.06936449999966499,0,158,1264
40,0.05,2,5.0,1400,255.8771992201371,0.06759710000005725,0,158,1264
40,0.05,2,5.0,600,288.80724236530017,0.06578269999999975,0,158,1264
40,0.05,2,5.0,1000,282.5356249211516,0.06582879999996294,0,158,1264
40,0.05,2,5.0,1400,279.95491246264646,0.07192759999998088,0,158,1264
40,0.05,2,5.0,600,233.41718604059488,0.06666719999975612,0,158,1264
40,0.05,2,5.0,1000,217.7984968487125,0.06927539999969667,0,158,1264
40,0.05,2,5.0,1400,217.2601201859511,0.07148860000006607,0,158,1264
40,0.05,2,5.0,600,320.81995783921104,0.06398869999975432,0,158,1264
40,0.05,2,5.0,1000,313.28022049261966,0.06844520000004195,0,158,1264
40,0.05,2,5.0,1400,313.3008937079501,0.06997390000015002,0,158,1264
40,0.05,2,5.0,600,263.2691609436754,0.06707589999996344,0,158,1264
40,0.05,2,5.0,1000,259.4066080745653,0.06629740000016682,0,158,1264
40,0.05,2,5.0,1400,259.5710061692262,0.06760269999995216,0,158,1264
40,0.05,4,0.1,600,0.09984275427215893,0.06762860000026194,0,158,1264
40,0.05,4,0.1,1000,0.08875433321639269,0.07023750000007567,0,158,1264
40,0.05,4,0.1,1400,0.0525359631594221,0.06772210000008272,0,158,1264
40,0.05,4,0.1,600,0.09182641148676643,0.0699968999997509,0,158,1264
40,0.05,4,0.1,1000,0.0359677711988713,0.06985709999980827,0,158,1264
40,0.05,4,0.1,1400,0.026897173579431114,0.08978549999983443,0,158,1264
40,0.05,4,0.1,600,0.1571408967910724,0.0687684999998055,0,158,1264
40,0.05,4,0.1,1000,0.10109131089937161,0.06751749999966705,0,158,1264
40,0.05,4,0.1,1400,0.09421458470518233,0.0718485000002147,0,158,1264
40,0.05,4,0.1,600,0.16733794775067598,0.06765319999976782,0,158,1264
40,0.05,4,0.1,1000,0.0628079695659922,0.06691310000041994,0,158,1264
40,0.05,4,0.1,1400,0.03499062496005579,0.06740970000009838,0,158,1264
40,0.05,4,0.1,600,0.19797043242257745,0.06644319999986692,0,158,1264
40,0.05,4,0.1,1000,0.11024115648958577,0.07336430000032124,0,158,1264
40,0.05,4,0.1,1400,0.0991890933397656,0.0668706999999813,0,158,1264
40,0.05,4,0.5,600,318.1833929901329,0.06909369999993942,0,158,1264
40,0.05,4,0.5,1000,315.306751936334,0.06845249999969383,0,158,1264
40,0.05,4,0.5,1400,315.1260499047351,0.0683632000000216,0,158,1264
40,0.05,4,0.5,600,290.434650643248,0.06769739999981539,0,158,1264
40,0.05,4,0.5,1000,262.7528589346741,0.06669789999978093,0,158,1264
40,0.05,4,0.5,1400,252.17604065649746,0.07002459999966959,0,158,1264
40,0.05,4,0.5,600,240.09904344509556,0.06869120000010298,0,158,1264
40,0.05,4,0.5,1000,233.23381807447709,0.06629500000008193,0,158,1264
40,0.05,4,0.5,1400,233.97472005336581,0.06791559999965102,0,158,1264
40,0.05,4,0.5,600,282.01066336868666,0.0655917999997655,0,158,1264
40,0.05,4,0.5,1000,268.9587126036968,0.06471860000010565,0,158,1264
40,0.05,4,0.5,1400,255.90617586515862,0.06885360000023866,0,158,1264
40,0.05,4,0.5,600,470.9619947407401,0.06564689999959228,0,158,1264
40,0.05,4,0.5,1000,444.2185053262437,0.06743539999979475,0,158,1264
40,0.05,4,0.5,1400,438.041612583402,0.0761277000001428,0,158,1264
40,0.05,4,1.0,600,256.27384522313764,0.0688494000000901,0,158,1264
40,0.05,4,1.0,1000,252.6198619484662,0.06675639999957639,0,158,1264
40,0.05,4,1.0,1400,247.76734466400117,0.07425759999978254,0,158,1264
40,0.05,4,1.0,600,222.53420876652598,0.06836919999977908,0,158,1264
40,0.05,4,1.0,1000,205.37653300849544,0.06705250000004526,0,158,1264
40,0.05,4,1.0,1400,201.19470280799467,0.0680685999996058,0,158,1264
40,0.05,4,1.0,600,296.4656841988661,0.0659534999999778,0,158,1264
40,0.05,4,1.0,1000,279.0261308354296,0.06660089999968477,0,158,1264
40,0.05,4,1.0,1400,279.28448944427066,0.06654259999959322,0,158,1264
40,0.05,4,1.0,600,280.93320363222,0.06710380000004079,0,158,1264
40,0.05,4,1.0,1000,249.36415569513179,0.06701979999979812,0,158,1264
40,0.05,4,1.0,1400,237.40028793465848,0.06700490000002901,0,158,1264
40,0.05,4,1.0,600,285.3429909202625,0.06492800000023635,0,158,1264
40,0.05,4,1.0,1000,274.2760393377175,0.0700317000000723,0,158,1264
40,0.05,4,1.0,1400,273.5189658450368,0.07535299999972267,0,158,1264
40,0.05,4,5.0,600,268.2126905137778,0.07022720000031768,376832,158,1264
40,0.05,4,5.0,1000,260.64502614682175,0.06815430000006018,552960,158,1264
40,0.05,4,5.0,1400,254.8392909590625,0.06772189999992406,892928,158,1264
40,0.05,4,5.0,600,250.26965878334147,0.06886499999973239,0,158,1264
40,0.05,4,5.0,1000,237.7219452371885,0.06808760000012626,0,158,1264
40,0.05,4,5.0,1400,234.37224441097854,0.06839170000012018,0,158,1264
40,0.05,4,5.0,600,263.9926268836728,0.06661149999990812,0,158,1264
40,0.05,4,5.0,1000,249.9629502915088,0.07082189999982802,0,158,1264
40,0.05,4,5.0,1400,250.5941532399426,0.06954959999984567,0,158,1264
40,0.05,4,5.0,600,281.16509800790914,0.06524129999979777,0,158,1264
40,0.05,4,5.0,1000,264.6864233811804,0.06641070000023319,0,158,1264
40,0.05,4,5.0,1400,252.34381420681217,0.06670480000002499,0,158,1264
40,0.05,4,5.0,600,346.66104138042726,0.06615529999999126,0,158,1264
40,0.05,4,5.0,1000,329.18681245146246,0.06578429999990476,0,158,1264
40,0.05,4,5.0,1400,322.997787475278,0.06671770000002653,0,158,1264
40,0.09871794871794871,4,0.1,600,248.45493408364794,0.0820358999999371,0,422,3376
40,0.09871794871794871,4,0.1,1000,240.61370755982836,0.08446480000020529,0,422,3376
40,0.09871794871794871,4,0.1,1400,233.7778943503201,0.08355130000018107,0,422,3376
40,0.09871794871794871,4,0.1,600,179.2725724808439,0.08269120000022667,0,490,3920
40,0.09871794871794871,4,0.1,1000,179.65073836462702,0.08641020000004573,0,490,3920
40,0.09871794871794871,4,0.1,1400,177.91515641466,0.08250989999987723,0,490,3920
40,0.09871794871794871,4,0.1,600,253.8483748031684,0.08460349999995742,0,622,4976
40,0.09871794871794871,4,0.1,1000,254.48803845652472,0.08375669999986712,0,622,4976
40,0.09871794871794871,4,0.1,1400,245.91822257807567,0.0803129999999328,0,622,4976
40,0.09871794871794871,4,0.1,600,296.1601124290802,0.08530000000018845,0,422,3376
40,0.09871794871794871,4,0.1,1000,275.5821624050399,0.07978230000026088,0,422,3376
40,0.09871794871794871,4,0.1,1400,266.70158450923293,0.07941440000013245,0,422,3376
40,0.09871794871794871,4,0.1,600,405.0273424135788,0.07954860000018016,0,450,3600
40,0.09871794871794871,4,0.1,1000,398.6048058445803,0.08325700000023062,0,450,3600
40,0.09871794871794871,4,0.1,1400,407.20593530387947,0.08156320000034611,0,450,3600
40,0.09871794871794871,4,0.5,600,190.71713268848043,0.08117540000012013,0,422,3376
40,0.09871794871794871,4,0.5,1000,190.5807203611963,0.08289899999999761,0,422,3376
40,0.09871794871794871,4,0.5,1400,183.61704275549926,0.08866939999961687,0,422,3376
40,0.09871794871794871,4,0.5,600,242.5099150435589,0.08414670000001934,0,490,3920
40,0.09871794871794871,4,0.5,1000,225.462071661065,0.0832884000001286,0,490,3920
40,0.09871794871794871,4,0.5,1400,219.2413413483337,0.08105860000023313,0,490,3920
40,0.09871794871794871,4,0.5,600,314.14690478131666,0.08328419999998005,0,622,4976
40,0.09871794871794871,4,0.5,1000,299.61549132760905,0.08092450000003737,0,622,4976
40,0.09871794871794871,4,0.5,1400,299.36636012133613,0.0805460999999923,0,622,4976
40,0.09871794871794871,4,0.5,600,239.09427958116225,0.07896350000009988,0,422,3376
40,0.09871794871794871,4,0.5,1000,226.08159591978873,0.08294279999972787,0,422,3376
40,0.09871794871794871,4,0.5,1400,210.25288699643343,0.08063589999983378,0,422,3376
40,0.09871794871794871,4,0.5,600,284.6345885842855,0.07994699999971999,0,450,3600
40,0.09871794871794871,4,0.5,1000,278.75121726582097,0.08012120000012146,0,450,3600
40,0.09871794871794871,4,0.5,1400,285.8242371682821,0.07987580000008165,0,450,3600
40,0.09871794871794871,4,1.0,600,199.8994704326171,0.08242740000014237,0,422,3376
40,0.09871794871794871,4,1.0,1000,196.78744335248234,0.0840702999998939,0,422,3376
40,0.09871794871794871,4,1.0,1400,195.32681401427388,0.08576410000023316,0,422,3376
40,0.09871794871794871,4,1.0,600,242.91976801612006,0.08354229999986273,0,490,3920
40,0.09871794871794871,4,1.0,1000,234.44912867321986,0.08049570000002859,0,490,3920
40,0.09871794871794871,4,1.0,1400,222.16002318957308,0.08458959999961735,0,490,3920
40,0.09871794871794871,4,1.0,600,208.19638895292698,0.08025090000001,0,622,4976
40,0.09871794871794871,4,1.0,1000,203.46907650444751,0.08304219999990892,0,622,4976
40,0.09871794871794871,4,1.0,1400,203.55847335260177,0.08110489999990023,0,622,4976
40,0.09871794871794871,4,1.0,600,315.46630247727074,0.08139879999998811,0,422,3376
40,0.09871794871794871,4,1.0,1000,299.638422450764,0.08236029999989114,0,422,3376
40,0.09871794871794871,4,1.0,1400,295.8552487941936,0.0809623999998621,0,422,3376
40,0.09871794871794871,4,1.0,600,257.6384806728918,0.0809730999999374,0,450,3600
40,0.09871794871794871,4,1.0,1000,249.23191317584548,0.08280650000006062,0,450,3600
40,0.09871794871794871,4,1.0,1400,254.02817142108213,0.08036889999993946,0,450,3600
40,0.09871794871794871,4,5.0,600,244.28672394040936,0.08243789999960427,0,422,3376
40,0.09871794871794871,4,5.0,1000,245.5261023293089,0.08432349999975486,0,422,3376
40,0.09871794871794871,4,5.0,1400,243.59390352868252,0.08254970000007233,0,422,3376
40,0.09871794871794871,4,5.0,600,248.49420646221233,0.08370680000007269,0,490,3920
40,0.09871794871794871,4,5.0,1000,246.81905492607783,0.08388570000033724,0,490,3920
40,0.09871794871794871,4,5.0,1400,234.08415160705835,0.08231900000009773,0,490,3920
40,0.09871794871794871,4,5.0,600,258.58655236854383,0.08127349999995204,0,622,4976
40,0.09871794871794871,4,5.0,1000,251.22219748777562,0.08455040000035297,0,622,4976
40,0.09871794871794871,4,5.0,1400,250.4893401390464,0.08180270000002565,0,622,4976
40,0.09871794871794871,4,5.0,600,283.9836586670226,0.08552170000029946,0,422,3376
40,0.09871794871794871,4,5.0,1000,264.02664606863203,0.07972149999977773,0,422,3376
40,0.09871794871794871,4,5.0,1400,251.58560329023524,0.08011189999979251,0,422,3376
40,0.09871794871794871,4,5.0,600,307.86353047106724,0.0797298999996201,0,450,3600
40,0.09871794871794871,4,5.0,1000,297.6916844496301,0.08139879999998811,0,450,3600
40,0.09871794871794871,4,5.0,1400,296.5204148172944,0.08667670000022554,0,450,3600
40,0.14871794871794872,4,0.1,600,186.10205426658766,0.10052980000000389,0,3746,29968
40,0.14871794871794872,4,0.1,1000,178.6251392216942,0.10621859999992012,0,3746,29968
40,0.14871794871794872,4,0.1,1400,179.631112206944,0.10133799999994153,0,3746,29968
40,0.14871794871794872,4,0.1,600,186.69530240253903,0.09527109999999084,0,1986,15888
40,0.14871794871794872,4,0.1,1000,186.91424475978425,0.09835299999986091,0,1986,15888
40,0.14871794871794872,4,0.1,1400,176.34333885534843,0.09905690000005052,0,1986,15888
40,0.14871794871794872,4,0.1,600,229.45553132826592,0.09883440000021437,0,1622,12976
40,0.14871794871794872,4,0.1,1000,219.4559009703259,0.1018738999996458,0,1622,12976
40,0.14871794871794872,4,0.1,1400,214.0657923347909,0.09568649999982881,0,1622,12976
40,0.14871794871794872,4,0.1,600,221.1512550924607,0.09445709999999963,0,1078,8624
40,0.14871794871794872,4,0.1,1000,216.1625403673448,0.09304789999987406,0,1078,8624
40,0.14871794871794872,4,0.1,1400,213.9773360061457,0.09404489999997168,0,1078,8624
40,0.14871794871794872,4,0.1,600,185.72822673762644,0.09360589999960212,0,1214,9712
40,0.14871794871794872,4,0.1,1000,193.32724204851758,0.09525669999993625,0,1214,9712
40,0.14871794871794872,4,0.1,1400,194.92525374764713,0.10123669999984486,0,1214,9712
40,0.14871794871794872,4,0.5,600,155.2573859423867,0.10002850000000763,0,3746,29968
40,0.14871794871794872,4,0.5,1000,158.115811756136,0.10343950000014956,0,3746,29968
40,0.14871794871794872,4,0.5,1400,171.68692329536606,0.10160379999979341,0,3746,29968
40,0.14871794871794872,4,0.5,600,223.11659883111577,0.09913039999992179,0,1986,15888
40,0.14871794871794872,4,0.5,1000,211.5711162901078,0.09844179999981861,0,1986,15888
40,0.14871794871794872,4,0.5,1400,205.50991819127984,0.09777600000006714,0,1986,15888
40,0.14871794871794872,4,0.5,600,227.9285739391203,0.11668790000021545,0,1622,12976
40,0.14871794871794872,4,0.5,1000,220.72274668196576,0.09952399999974659,0,1622,12976
40,0.14871794871794872,4,0.5,1400,217.5279100809285,0.09664520000023913,0,1622,12976
40,0.14871794871794872,4,0.5,600,239.3914978142484,0.0955311999996411,0,1078,8624
40,0.14871794871794872,4,0.5,1000,217.396556598649,0.09961919999977908,0,1078,8624
40,0.14871794871794872,4,0.5,1400,209.4151718990857,0.09586599999965983,0,1078,8624
40,0.14871794871794872,4,0.5,600,229.53074335192437,0.0930092999997214,0,1214,9712
40,0.14871794871794872,4,0.5,1000,238.89743878955278,0.09487100000023929,0,1214,9712
40,0.14871794871794872,4,0.5,1400,238.96707842335357,0.09577940000008311,0,1214,9712
40,0.14871794871794872,4,1.0,600,167.1079936269316,0.107018700000026,0,3746,29968
40,0.14871794871794872,4,1.0,1000,159.6800267621481,0.10246969999980138,0,3746,29968
40,0.14871794871794872,4,1.0,1400,168.27721721112755,0.10342169999967155,0,3746,29968
40,0.14871794871794872,4,1.0,600,177.92495588480807,0.09896799999978612,0,1986,15888
40,0.14871794871794872,4,1.0,1000,177.14679132871137,0.09865539999964312,0,1986,15888
40,0.14871794871794872,4,1.0,1400,178.43586106787677,0.09812629999987621,0,1986,15888
40,0.14871794871794872,4,1.0,600,215.77380521497867,0.09528120000004492,0,1622,12976
40,0.14871794871794872,4,1.0,1000,209.55937647778768,0.100286199999573,0,1622,12976
40,0.14871794871794872,4,1.0,1400,206.0458271084092,0.10027600000012171,0,1622,12976
40,0.14871794871794872,4,1.0,600,222.10722361117493,0.09391000000005079,0,1078,8624
40,0.14871794871794872,4,1.0,1000,232.49231207368118,0.09712829999989481,0,1078,8624
40,0.14871794871794872,4,1.0,1400,219.19082535791438,0.09805009999990943,0,1078,8624
40,0.14871794871794872,4,1.0,600,246.66015756375273,0.09281049999981406,0,1214,9712
40,0.14871794871794872,4,1.0,1000,240.24376365221656,0.09817310000016732,0,1214,9712
40,0.14871794871794872,4,1.0,1400,242.31048011719818,0.09691269999984797,0,1214,9712
40,0.14871794871794872,4,5.0,600,191.46343172789506,0.10041959999989558,0,3746,29968
40,0.14871794871794872,4,5.0,1000,192.3415250833144,0.10277889999997569,0,3746,29968
40,0.14871794871794872,4,5.0,1400,194.88416403921883,0.10651880000023084,0,3746,29968
40,0.14871794871794872,4,5.0,600,191.76107950696743,0.09809119999999893,0,1986,15888
40,0.14871794871794872,4,5.0,1000,190.1028029428423,0.10482809999984966,0,1986,15888
40,0.14871794871794872,4,5.0,1400,186.50336977105405,0.09854089999998905,0,1986,15888
40,0.14871794871794872,4,5.0,600,207.1691503035551,0.09545990000015081,0,1622,12976
40,0.14871794871794872,4,5.0,1000,202.87442846849953,0.09582760000012058,0,1622,12976
40,0.14871794871794872,4,5.0,1400,203.30420844287502,0.09756479999987278,0,1622,12976
40,0.14871794871794872,4,5.0,600,225.688090802596,0.09310520000008182,0,1078,8624
40,0.14871794871794872,4,5.0,1000,220.20537804324036,0.09700720000000729,0,1078,8624
40,0.14871794871794872,4,5.0,1400,212.82554038503883,0.09869939999998678,0,1078,8624
40,0.14871794871794872,4,5.0,600,229.75567371163498,0.09584959999983766,0,1214,9712
40,0.14871794871794872,4,5.0,1000,231.53700754678306,0.0950753000001896,0,1214,9712
40,0.14871794871794872,4,5.0,1400,231.84468858008188,0.09422769999991942,0,1214,9712
40,0.05,6,0.1,600,0.19105538062534366,0.08627560000013546,16384,158,1264
40,0.05,6,0.1,1000,0.16846451413479846,0.08543550000013056,0,158,1264
40,0.05,6,0.1,1400,0.12509848662262515,0.08729949999997189,0,158,1264
40,0.05,6,0.1,600,0.08552965286518752,0.08466980000002877,0,158,1264
40,0.05,6,0.1,1000,0.038784393393057656,0.08461480000005395,0,158,1264
40,0.05,6,0.1,1400,0.037264290247427743,0.0887219000001096,0,158,1264
40,0.05,6,0.1,600,0.1886675471932957,0.08681260000003022,0,158,1264
40,0.05,6,0.1,1000,0.16496732865657024,0.08705519999966782,0,158,1264
40,0.05,6,0.1,1400,0.15439685583161386,0.08723159999999552,0,158,1264
40,0.05,6,0.1,600,0.17151796195917313,0.08770529999992505,0,158,1264
40,0.05,6,0.1,1000,0.09283780809472073,0.08781300000009651,0,158,1264
40,0.05,6,0.1,1400,0.07253713379776261,0.08685289999993984,0,158,1264
40,0.05,6,0.1,600,0.12710578669989156,0.08465180000030159,0,158,1264
40,0.05,6,0.1,1000,0.12229390730261035,0.08609900000010384,0,158,1264
40,0.05,6,0.1,1400,0.07509771175842336,0.08564440000009199,0,158,1264
40,0.05,6,0.5,600,244.67592188015956,0.0665395000000899,0,158,1264
40,0.05,6,0.5,1000,248.6526443334098,0.0666905999996743,0,158,1264
40,0.05,6,0.5,1400,248.91513338928976,0.06655640000008134,0,158,1264
40,0.05,6,0.5,600,243.1826824508178,0.07582869999987452,0,158,1264
40,0.05,6,0.5,1000,243.13046991565452,0.07530839999981254,0,158,1264
40,0.05,6,0.5,1400,228.4618894160987,0.10526590000017677,0,158,1264
40,0.05,6,0.5,600,187.26573108673486,0.07476700000006531,0,158,1264
40,0.05,6,0.5,1000,274.9036335516353,0.07328710000001593,0,158,1264
40,0.05,6,0.5,1400,273.3653709136928,0.07300290000011955,0,158,1264
40,0.05,6,0.5,600,317.54196491243056,0.06616910000002463,0,158,1264
40,0.05,6,0.5,1000,310.2016796641165,0.0684427000001051,0,158,1264
40,0.05,6,0.5,1400,296.6799379860037,0.06854139999995823,0,158,1264
40,0.05,6,0.5,600,277.5121046093995,0.07149019999997108,0,158,1264
40,0.05,6,0.5,1000,277.5911558694122,0.06740080000008675,0,158,1264
40,0.05,6,0.5,1400,265.4486129198229,0.06902399999989939,0,158,1264
40,0.05,6,1.0,600,218.21178295332902,0.06605030000037004,0,158,1264
40,0.05,6,1.0,1000,224.45766227372283,0.0658688000003167,0,158,1264
40,0.05,6,1.0,1400,225.95552282146184,0.07176610000033179,0,158,1264
40,0.05,6,1.0,600,274.69269714473484,0.06669709999960105,0,158,1264
40,0.05,6,1.0,1000,266.1790139202609,0.06668169999966267,0,158,1264
40,0.05,6,1.0,1400,254.248230822277,0.06851319999987027,0,158,1264
40,0.05,6,1.0,600,206.00593710450966,0.07260519999999815,0,158,1264
40,0.05,6,1.0,1000,284.4435086212732,0.07148589999997057,0,158,1264
40,0.05,6,1.0,1400,287.9111886280503,0.0694392999998854,0,158,1264
40,0.05,6,1.0,600,233.82981736669817,0.06748240000024452,0,158,1264
40,0.05,6,1.0,1000,239.77227735645678,0.06789130000015575,0,158,1264
40,0.05,6,1.0,1400,236.44246987495498,0.07095380000009754,0,158,1264
40,0.05,6,1.0,600,239.3555520733085,0.06814389999999548,0,158,1264
40,0.05,6,1.0,1000,239.46227123895213,0.07030619999977716,0,158,1264
40,0.05,6,1.0,1400,230.22349921591504,0.07044649999988906,0,158,1264
40,0.05,6,5.0,600,224.9636044846887,0.06614469999976791,0,158,1264
40,0.05,6,5.0,1000,232.49718178366763,0.06596779999972568,0,158,1264
40,0.05,6,5.0,1400,235.87305403706776,0.06705109999984415,0,158,1264
40,0.05,6,5.0,600,228.31434899235725,0.0672367000001941,0,158,1264
40,0.05,6,5.0,1000,222.4981692564987,0.06710160000011456,0,158,1264
40,0.05,6,5.0,1400,214.3711318823613,0.07202890000007756,0,158,1264
40,0.05,6,5.0,600,192.9319656696426,0.06889890000002197,0,158,1264
40,0.05,6,5.0,1000,260.76776604222897,0.06863900000007561,0,158,1264
40,0.05,6,5.0,1400,263.75399080865515,0.06909509999968577,0,158,1264
40,0.05,6,5.0,600,216.86065778795313,0.06632850000005419,0,158,1264
40,0.05,6,5.0,1000,219.75698134463337,0.06787380000014309,0,158,1264
40,0.05,6,5.0,1400,216.84117562777615,0.06823519999989003,0,158,1264
40,0.05,6,5.0,600,238.8100191783254,0.06845609999982116,0,158,1264
40,0.05,6,5.0,1000,238.96151674491227,0.06876210000018546,0,158,1264
40,0.05,6,5.0,1400,233.0433452691949,0.06921680000004926,0,158,1264
40,0.09871794871794871,6,0.1,600,246.68437937381742,0.08197960000006788,0,454,3632
40,0.09871794871794871,6,0.1,1000,268.76646046351175,0.08364529999971637,0,454,3632
40,0.09871794871794871,6,0.1,1400,229.51801044454956,0.0796768999998676,0,454,3632
40,0.09871794871794871,6,0.1,600,215.35011825845032,0.08155669999996462,0,466,3728
40,0.09871794871794871,6,0.1,1000,207.93085627742175,0.08214790000010908,0,466,3728
40,0.09871794871794871,6,0.1,1400,208.39314327605973,0.08095249999996668,0,466,3728
40,0.09871794871794871,6,0.1,600,230.70544722815836,0.08388139999988198,0,526,4208
40,0.09871794871794871,6,0.1,1000,294.72799849143763,0.08498140000028798,0,526,4208
40,0.09871794871794871,6,0.1,1400,298.12505966413397,0.08313630000020567,0,526,4208
40,0.09871794871794871,6,0.1,600,183.65185507088586,0.08116600000039398,0,454,3632
40,0.09871794871794871,6,0.1,1000,183.44258462314926,0.08296829999972033,0,454,3632
40,0.09871794871794871,6,0.1,1400,176.4606355200749,0.08369320000019798,0,454,3632
40,0.09871794871794871,6,0.1,600,236.88700551775656,0.08180330000004687,0,550,4400
40,0.09871794871794871,6,0.1,1000,236.26057968090157,0.08667949999971825,0,550,4400
40,0.09871794871794871,6,0.1,1400,246.5413428137869,0.08381469999994806,0,550,4400
40,0.09871794871794871,6,0.5,600,258.3268370630671,0.08475799999996525,0,454,3632
40,0.09871794871794871,6,0.5,1000,249.98734434808236,0.08161790000031033,0,454,3632
40,0.09871794871794871,6,0.5,1400,242.53757932088917,0.08087270000032731,0,454,3632
40,0.09871794871794871,6,0.5,600,280.8981445257722,0.08314339999969889,0,466,3728
40,0.09871794871794871,6,0.5,1000,278.2243175830098,0.0815403999999944,0,466,3728
40,0.09871794871794871,6,0.5,1400,262.8994041797908,0.08156110000027184,0,466,3728
40,0.09871794871794871,6,0.5,600,120.92135619840352,0.0856684000000314,0,526,4208
40,0.09871794871794871,6,0.5,1000,166.95624873227655,0.08583099999987098,0,526,4208
40,0.09871794871794871,6,0.5,1400,172.99590506078073,0.08836240000027829,0,526,4208
40,0.09871794871794871,6,0.5,600,244.45905897645204,0.08329009999988557,0,454,3632
40,0.09871794871794871,6,0.5,1000,246.0813092077736,0.08416739999984202,0,454,3632
40,0.09871794871794871,6,0.5,1400,252.67053438402732,0.085475100000167,0,454,3632
40,0.09871794871794871,6,0.5,600,216.73800313710348,0.08399929999995948,0,550,4400
40,0.09871794871794871,6,0.5,1000,216.8942738085635,0.0846745999997438,0,550,4400
40,0.09871794871794871,6,0.5,1400,226.0377302696917,0.08093749999989086,0,550,4400
40,0.09871794871794871,6,1.0,600,241.47885522343321,0.08359780000000683,0,454,3632
40,0.09871794871794871,6,1.0,1000,250.992508174989,0.0824797000000217,0,454,3632
40,0.09871794871794871,6,1.0,1400,248.98411394107865,0.08204269999987446,0,454,3632
40,0.09871794871794871,6,1.0,600,236.96937987767606,0.0797261000002436,0,466,3728
40,0.09871794871794871,6,1.0,1000,235.0709882407831,0.08250399999997171,0,466,3728
40,0.09871794871794871,6,1.0,1400,224.0473469065434,0.07992170000034093,0,466,3728
40,0.09871794871794871,6,1.0,600,187.6758930679977,0.0830655999998271,0,526,4208
40,0.09871794871794871,6,1.0,1000,238.83349130810072,0.07966790000000401,0,526,4208
40,0.09871794871794871,6,1.0,1400,244.6243681748698,0.0829939000000195,0,526,4208
40,0.09871794871794871,6,1.0,600,171.55521168648997,0.08217710000008083,0,454,3632
40,0.09871794871794871,6,1.0,1000,188.9172738224646,0.07936229999995703,0,454,3632
40,0.09871794871794871,6,1.0,1400,198.13925044461416,0.0825488000000405,0,454,3632
40,0.09871794871794871,6,1.0,600,236.01234697526442,0.08259749999979249,0,550,4400
40,0.09871794871794871,6,1.0,1000,236.24684380741763,0.08211620000020048,0,550,4400
40,0.09871794871794871,6,1.0,1400,238.73447714951746,0.08114699999987351,0,550,4400
40,0.09871794871794871,6,5.0,600,216.70567579977512,0.08266009999988455,0,454,3632
40,0.09871794871794871,6,5.0,1000,221.67921926856488,0.08029940000005809,0,454,3632
40,0.09871794871794871,6,5.0,1400,211.6105721823965,0.08319610000035027,0,454,3632
40,0.09871794871794871,6,5.0,600,219.0764582937869,0.07896240000036414,0,466,3728
40,0.09871794871794871,6,5.0,1000,217.6090334438718,0.0810698999998749,0,466,3728
40,0.09871794871794871,6,5.0,1400,209.11138718655263,0.08236889999989216,0,466,3728
40,0.09871794871794871,6,5.0,600,151.7329832023529,0.08065720000013243,0,526,4208
40,0.09871794871794871,6,5.0,1000,209.75368599307788,0.08459710000033738,0,526,4208
40,0.09871794871794871,6,5.0,1400,214.73060663934592,0.08362480000005235,0,526,4208
40,0.09871794871794871,6,5.0,600,205.545110410719,0.08452239999996891,0,454,3632
40,0.09871794871794871,6,5.0,1000,210.38916775578065,0.08030839999992168,0,454,3632
40,0.09871794871794871,6,5.0,1400,213.5969738472443,0.0802907000002051,0,454,3632
40,0.09871794871794871,6,5.0,600,210.0844956869903,0.102691699999923,0,550,4400
40,0.09871794871794871,6,5.0,1000,210.1370392557892,0.0826665999998113,0,550,4400
40,0.09871794871794871,6,5.0,1400,215.00078531651275,0.08410780000031082,0,550,4400
40,0.14871794871794872,6,0.1,600,248.61103760987623,0.09041320000005726,0,1618,12944
40,0.14871794871794872,6,0.1,1000,244.22624777513286,0.09149750000005952,0,1618,12944
40,0.14871794871794872,6,0.1,1400,250.01501002894238,0.09465369999998074,0,1618,12944
40,0.14871794871794872,6,0.1,600,101.35050507755561,0.09273020000000542,0,1230,9840
40,0.14871794871794872,6,0.1,1000,101.27730458929756,0.09237410000014279,0,1230,9840
40,0.14871794871794872,6,0.1,1400,101.57986330054365,0.09190200000011828,0,1230,9840
40,0.14871794871794872,6,0.1,600,134.36479283976468,0.0973812000001999,0,3494,27952
40,0.14871794871794872,6,0.1,1000,175.11182015345977,0.09664310000016485,0,3494,27952
40,0.14871794871794872,6,0.1,1400,179.5087140522492,0.10027080000008937,0,3494,27952
40,0.14871794871794872,6,0.1,600,202.53871315557478,0.09280680000028951,0,1262,10096
40,0.14871794871794872,6,0.1,1000,199.1935727504953,0.09474969999973837,0,1262,10096
40,0.14871794871794872,6,0.1,1400,194.32435388394018,0.09582280000040555,0,1262,10096
40,0.14871794871794872,6,0.1,600,145.83200487311015,0.09864480000032927,0,1478,11824
40,0.14871794871794872,6,0.1,1000,146.29645644288038,0.09634169999981168,0,1478,11824
40,0.14871794871794872,6,0.1,1400,148.47218011248287,0.10065040000017689,0,1478,11824
40,0.14871794871794872,6,0.5,600,222.2452424795287,0.09530369999993127,0,1618,12944
40,0.14871794871794872,6,0.5,1000,219.8953856511839,0.09571779999987484,0,1618,12944
40,0.14871794871794872,6,0.5,1400,219.61108323080157,0.09795680000024731,0,1618,12944
40,0.14871794871794872,6,0.5,600,184.6341543828082,0.09700799999973242,0,1230,9840
40,0.14871794871794872,6,0.5,1000,185.9682618564301,0.096949400000085,0,1230,9840
40,0.14871794871794872,6,0.5,1400,172.6943538875072,0.09604459999991377,0,1230,9840
40,0.14871794871794872,6,0.5,600,135.0303807763381,0.10489300000017465,0,3494,27952
40,0.14871794871794872,6,0.5,1000,209.449648669828,0.10365430000001652,0,3494,27952
40,0.14871794871794872,6,0.5,1400,224.81476756563555,0.10442709999961153,0,3494,27952
40,0.14871794871794872,6,0.5,600,179.42144615739235,0.09565020000036384,0,1262,10096
40,0.14871794871794872,6,0.5,1000,188.18720137349604,0.09865350000018225,0,1262,10096
40,0.14871794871794872,6,0.5,1400,194.12089077062075,0.1022198999999091,0,1262,10096
40,0.14871794871794872,6,0.5,600,200.26860738221743,0.09945719999996072,0,1478,11824
40,0.14871794871794872,6,0.5,1000,200.5167921480891,0.09852730000011434,0,1478,11824
40,0.14871794871794872,6,0.5,1400,211.17402200337713,0.09878979999984949,0,1478,11824
40,0.14871794871794872,6,1.0,600,182.95069943683302,0.09935889999997016,0,1618,12944
40,0.14871794871794872,6,1.0,1000,183.59205968978046,0.0963078999998288,0,1618,12944
40,0.14871794871794872,6,1.0,1400,185.84833070388962,0.09809919999997874,0,1618,12944
40,0.14871794871794872,6,1.0,600,202.1350824468694,0.09842729999991207,0,1230,9840
40,0.14871794871794872,6,1.0,1000,204.2620692518552,0.09646710000015446,0,1230,9840
40,0.14871794871794872,6,1.0,1400,196.40127295466323,0.09782279999990351,0,1230,9840
40,0.14871794871794872,6,1.0,600,138.1497326275134,0.1079703000000336,0,3494,27952
40,0.14871794871794872,6,1.0,1000,204.83845768578448,0.10481990000016594,0,3494,27952
40,0.14871794871794872,6,1.0,1400,211.11351449196758,0.10309319999987565,0,3494,27952
40,0.14871794871794872,6,1.0,600,163.3630347796107,0.09667590000026394,0,1262,10096
40,0.14871794871794872,6,1.0,1000,175.76305120892357,0.09779710000020714,0,1262,10096
40,0.14871794871794872,6,1.0,1400,185.19673455518927,0.09747580000021117,0,1262,10096
40,0.14871794871794872,6,1.0,600,146.6452658603359,0.10086749999982203,0,1478,11824
40,0.14871794871794872,6,1.0,1000,146.87077792631015,0.09769629999982499,0,1478,11824
40,0.14871794871794872,6,1.0,1400,156.31696254766496,0.09791939999968235,0,1478,11824
40,0.14871794871794872,6,5.0,600,179.2265462773561,0.09665070000028209,0,1618,12944
40,0.14871794871794872,6,5.0,1000,183.636931919886,0.09791709999990417,0,1618,12944
40,0.14871794871794872,6,5.0,1400,184.6363205126464,0.09792509999988397,0,1618,12944
40,0.14871794871794872,6,5.0,600,180.81472664798912,0.09550739999986035,0,1230,9840
40,0.14871794871794872,6,5.0,1000,181.26380980122764,0.10174230000029638,0,1230,9840
40,0.14871794871794872,6,5.0,1400,171.97812083742457,0.1020383000000038,0,1230,9840
40,0.14871794871794872,6,5.0,600,109.20329187460521,0.10252380000019912,0,3494,27952
40,0.14871794871794872,6,5.0,1000,161.00633476799825,0.10475950000000012,0,3494,27952
40,0.14871794871794872,6,5.0,1400,168.35831895246795,0.10906849999992119,0,3494,27952
40,0.14871794871794872,6,5.0,600,154.05437867884595,0.09672970000019632,0,1262,10096
40,0.14871794871794872,6,5.0,1000,160.31275228824728,0.2115097999999307,0,1262,10096
40,0.14871794871794872,6,5.0,1400,173.53158369917426,0.0969052999998894,0,1262,10096
40,0.14871794871794872,6,5.0,600,157.73859042650975,0.09523559999979625,0,1478,11824
40,0.14871794871794872,6,5.0,1000,157.9425094138894,0.09835980000025302,0,1478,11824
40,0.14871794871794872,6,5.0,1400,169.10979727570358,0.12442950000013298,0,1478,11824
40,0.1987179487179487,6,0.1,600,173.8956243281533,0.11676679999982298,0,2990,23920
40,0.1987179487179487,6,0.1,1000,187.55150758094328,0.10964700000022276,0,2990,23920
40,0.1987179487179487,6,0.1,1400,188.9320458297289,0.1112198000000717,0,2990,23920
40,0.1987179487179487,6,0.1,600,110.45573083132736,0.114758200000324,0,4674,37392
40,0.1987179487179487,6,0.1,1000,110.70670529722534,0.12092549999988478,0,4674,37392
40,0.1987179487179487,6,0.1,1400,110.72022610804576,0.11503439999978582,0,4674,37392
40,0.1987179487179487,6,0.1,600,156.16493112185063,0.11740659999986747,0,5734,45872
40,0.1987179487179487,6,0.1,1000,160.4191989988651,0.11991400000033536,0,5734,45872
40,0.1987179487179487,6,0.1,1400,159.89613478922257,0.11761530000012499,0,5734,45872
40,0.1987179487179487,6,0.1,600,138.13771810574448,0.11560939999981201,0,5142,41136
40,0.1987179487179487,6,0.1,1000,137.93582390949186,0.11855289999994056,0,5142,41136
40,0.1987179487179487,6,0.1,1400,134.67518409886827,0.11842680000017936,0,5142,41136
40,0.1987179487179487,6,0.1,600,172.15838803962265,0.14780560000008336,0,15262,122096
40,0.1987179487179487,6,0.1,1000,171.65853805232229,0.15094410000028802,0,15262,122096
40,0.1987179487179487,6,0.1,1400,171.6682155920739,0.1503101000002971,0,15262,122096
40,0.1987179487179487,6,0.5,600,198.46479924609312,0.10938319999968371,0,2990,23920
40,0.1987179487179487,6,0.5,1000,194.85170228061128,0.11216130000002522,0,2990,23920
40,0.1987179487179487,6,0.5,1400,198.0413102781313,0.11075649999975212,0,2990,23920
40,0.1987179487179487,6,0.5,600,175.318790439391,0.11248249999971449,0,4674,37392
40,0.1987179487179487,6,0.5,1000,176.17981048529106,0.1137167000001682,0,4674,37392
40,0.1987179487179487,6,0.5,1400,163.46226967320058,0.11774790000026769,0,4674,37392
40,0.1987179487179487,6,0.5,600,88.85401106268951,0.1173108000002685,0,5734,45872
40,0.1987179487179487,6,0.5,1000,135.45943799488433,0.12414269999999306,0,5734,45872
40,0.1987179487179487,6,0.5,1400,137.22480205699327,0.12491959999988467,0,5734,45872
40,0.1987179487179487,6,0.5,600,126.21258150454652,0.1150167999999212,0,5142,41136
40,0.1987179487179487,6,0.5,1000,133.55994011379644,0.11874029999989943,0,5142,41136
40,0.1987179487179487,6,0.5,1400,137.4565654607624,0.116967399999794,0,5142,41136
40,0.1987179487179487,6,0.5,600,136.39560889535355,0.1456210999999712,0,15262,122096
40,0.1987179487179487,6,0.5,1000,136.83953745822404,0.1459061999998994,0,15262,122096
40,0.1987179487179487,6,0.5,1400,135.06465484678563,0.14531350000015664,0,15262,122096
40,0.1987179487179487,6,1.0,600,121.66048206395132,0.11203400000022157,0,2990,23920
40,0.1987179487179487,6,1.0,1000,122.68288259494838,0.10952140000017607,0,2990,23920
40,0.1987179487179487,6,1.0,1400,132.97413186881587,0.11199360000000524,0,2990,23920
40,0.1987179487179487,6,1.0,600,176.41688919345853,0.1180423000000701,0,4674,37392
40,0.1987179487179487,6,1.0,1000,176.0321708082632,0.11765220000006593,0,4674,37392
40,0.1987179487179487,6,1.0,1400,162.1512376946881,0.11495920000015758,0,4674,37392
40,0.1987179487179487,6,1.0,600,91.14559953062263,0.12567649999982677,0,5734,45872
40,0.1987179487179487,6,1.0,1000,133.30487032647486,0.1174791000003097,0,5734,45872
40,0.1987179487179487,6,1.0,1400,137.96960173227052,0.12075589999994918,0,5734,45872
40,0.1987179487179487,6,1.0,600,106.17597803142418,0.11508269999967524,0,5142,41136
40,0.1987179487179487,6,1.0,1000,122.42235463979208,0.12409849999994549,0,5142,41136
40,0.1987179487179487,6,1.0,1400,129.198345284736,0.12148000000024695,0,5142,41136
40,0.1987179487179487,6,1.0,600,128.18504705319438,0.1508472000000438,0,15262,122096
40,0.1987179487179487,6,1.0,1000,128.72723627045957,0.1468829000000369,0,15262,122096
40,0.1987179487179487,6,1.0,1400,125.89736692644006,0.14633439999988695,0,15262,122096
40,0.1987179487179487,6,5.0,600,150.0707497932575,0.1107732999998916,0,2990,23920
40,0.1987179487179487,6,5.0,1000,150.57103803692544,0.11059999999997672,0,2990,23920
40,0.1987179487179487,6,5.0,1400,158.0522380562711,0.11420750000024782,0,2990,23920
40,0.1987179487179487,6,5.0,600,155.43058202791406,0.1178954000001795,0,4674,37392
40,0.1987179487179487,6,5.0,1000,157.70935478902211,0.11539409999977579,0,4674,37392
40,0.1987179487179487,6,5.0,1400,148.74959491675318,0.11533310000004349,0,4674,37392
40,0.1987179487179487,6,5.0,600,86.54589404196103,0.11831179999990127,0,5734,45872
40,0.1987179487179487,6,5.0,1000,137.65199610715823,0.11940910000021177,0,5734,45872
40,0.1987179487179487,6,5.0,1400,139.76623587372876,0.1263571999998021,0,5734,45872
40,0.1987179487179487,6,5.0,600,114.96138138858329,0.11499779999985549,0,5142,41136
40,0.1987179487179487,6,5.0,1000,124.18373690459327,0.1180751999995664,0,5142,41136
40,0.1987179487179487,6,5.0,1400,136.8925962802268,0.12496379999993223,0,5142,41136
40,0.1987179487179487,6,5.0,600,133.8451653332043,0.14661700000033306,0,15262,122096
40,0.1987179487179487,6,5.0,1000,134.19574184943772,0.1586899999997513,0,15262,122096
40,0.1987179487179487,6,5.0,1400,136.58560502891947,0.14596979999987525,0,15262,122096
40,0.05,8,0.1,600,0.02257515060890316,0.08522489999995742,0,158,1264
40,0.05,8,0.1,1000,0.018378728404443483,0.08499029999984486,0,158,1264
40,0.05,8,0.1,1400,0.01416676698663798,0.0849819000000025,0,158,1264
40,0.05,8,0.1,600,0.09228933520599603,0.08520420000013473,0,158,1264
40,0.05,8,0.1,1000,0.0871288816962058,0.08725640000011481,0,158,1264
40,0.05,8,0.1,1400,0.05669042458608012,0.08581660000027114,0,158,1264
40,0.05,8,0.1,600,0.13709506422806184,0.08528380000007019,0,158,1264
40,0.05,8,0.1,1000,0.053548345466715594,0.09183810000013182,0,158,1264
40,0.05,8,0.1,1400,0.04158606832142059,0.08587199999965378,0,158,1264
40,0.05,8,0.1,600,0.1406610058688807,0.08581039999990026,0,158,1264
40,0.05,8,0.1,1000,0.09606468052881471,0.08790649999991729,0,158,1264
40,0.05,8,0.1,1400,0.0704640475759894,0.0876178999997137,0,158,1264
40,0.05,8,0.1,600,0.26633505261007795,0.08583249999992404,0,158,1264
40,0.05,8,0.1,1000,0.08606591280202906,0.08482449999974051,0,158,1264
40,0.05,8,0.1,1400,0.019127200152846392,0.08507860000008804,0,158,1264
40,0.05,8,0.5,600,234.28364031006248,0.07370960000025661,0,158,1264
40,0.05,8,0.5,1000,234.51118928106362,0.07054229999994277,0,158,1264
40,0.05,8,0.5,1400,233.9959093895498,0.07217540000010558,0,158,1264
40,0.05,8,0.5,600,317.6276245512302,0.06775769999967451,0,158,1264
40,0.05,8,0.5,1000,317.7428948785408,0.07283189999998285,-4096,158,1264
40,0.05,8,0.5,1400,312.4561892202986,0.11944009999979244,0,158,1264
40,0.05,8,0.5,600,310.5107362039417,0.0723614000003181,0,158,1264
40,0.05,8,0.5,1000,290.67575093187645,0.06642179999971631,0,158,1264
40,0.05,8,0.5,1400,289.7672313360342,0.0691991999997299,0,158,1264
40,0.05,8,0.5,600,239.83909420237111,0.06630660000018906,0,158,1264
40,0.05,8,0.5,1000,235.89165010516197,0.06788559999995414,0,158,1264
40,0.05,8,0.5,1400,233.6091607945797,0.06806050000022879,0,158,1264
40,0.05,8,0.5,600,225.77162799416175,0.06887649999998757,0,158,1264
40,0.05,8,0.5,1000,180.30907516043982,0.06938959999979488,0,158,1264
40,0.05,8,0.5,1400,172.23530095014794,0.06984629999988101,0,158,1264
40,0.05,8,1.0,600,173.56427470107792,0.06938260000015362,0,158,1264
40,0.05,8,1.0,1000,173.58844811090225,0.0690335999997842,0,158,1264
40,0.05,8,1.0,1400,173.2189833421653,0.07131099999969592,0,158,1264
40,0.05,8,1.0,600,361.0722019611529,0.06674089999978605,0,158,1264
40,0.05,8,1.0,1000,361.8322059963081,0.06732349999992948,0,158,1264
40,0.05,8,1.0,1400,350.0482874298569,0.07023350000008577,0,158,1264
40,0.05,8,1.0,600,313.93825998671565,0.06749589999981254,0,158,1264
40,0.05,8,1.0,1000,294.2560230273061,0.06566659999998592,0,158,1264
40,0.05,8,1.0,1400,273.858662981736,0.07102030000032755,0,158,1264
40,0.05,8,1.0,600,286.0928975188981,0.06978149999986272,0,158,1264
40,0.05,8,1.0,1000,270.5994418141404,0.06814590000021781,0,158,1264
40,0.05,8,1.0,1400,259.6025255187627,0.07109880000007252,0,158,1264
40,0.05,8,1.0,600,282.8907148995246,0.06691619999992326,0,158,1264
40,0.05,8,1.0,1000,255.0154545846765,0.06756010000026436,0,158,1264
40,0.05,8,1.0,1400,238.3591940405164,0.0683432000000721,0,158,1264
40,0.05,8,5.0,600,168.23290678757286,0.07046500000024025,0,158,1264
40,0.05,8,5.0,1000,168.33928105242865,0.0694868000000497,0,158,1264
40,0.05,8,5.0,1400,168.19345096681494,0.07073520000039935,0,158,1264
40,0.05,8,5.0,600,282.4471096978411,0.06535139999959938,0,158,1264
40,0.05,8,5.0,1000,283.00408720871167,0.06621050000012474,0,158,1264
40,0.05,8,5.0,1400,277.6052135154716,0.06595480000032694,0,158,1264
40,0.05,8,5.0,600,323.5040387191772,0.06667569999990519,0,158,1264
40,0.05,8,5.0,1000,316.40617170374264,0.07134769999993296,0,158,1264
40,0.05,8,5.0,1400,307.03850827438737,0.06827130000010584,0,158,1264
40,0.05,8,5.0,600,230.80003464746727,0.06710750000002008,0,158,1264
40,0.05,8,5.0,1000,217.0737211667508,0.06717410000010204,0,158,1264
40,0.05,8,5.0,1400,211.90448203539717,0.06855200000018158,0,158,1264
40,0.05,8,5.0,600,215.87367387757712,0.06888220000018919,0,158,1264
40,0.05,8,5.0,1000,200.12278976660755,0.06776500000023589,0,158,1264
40,0.05,8,5.0,1400,196.91149743438208,0.06894019999981538,0,158,1264
40,0.09871794871794871,8,0.1,600,250.404931366874,0.08097110000016983,0,398,3184
40,0.09871794871794871,8,0.1,1000,250.10571226668176,0.08222049999994852,0,398,3184
40,0.09871794871794871,8,0.1,1400,249.8766230318156,0.08881770000016331,0,398,3184
40,0.09871794871794871,8,0.1,600,161.72266505772734,0.07942850000017643,0,494,3952
40,0.09871794871794871,8,0.1,1000,160.9303756330317,0.0833981999999196,0,494,3952
40,0.09871794871794871,8,0.1,1400,161.6238683653404,0.08121260000007169,0,494,3952
40,0.09871794871794871,8,0.1,600,255.95494870801917,0.08074759999999515,0,474,3792
40,0.09871794871794871,8,0.1,1000,248.9511027827858,0.0829836000002615,0,474,3792
40,0.09871794871794871,8,0.1,1400,248.32705001527378,0.08393660000001546,0,474,3792
40,0.09871794871794871,8,0.1,600,204.56470702090596,0.08120179999968968,0,402,3216
40,0.09871794871794871,8,0.1,1000,180.049390287327,0.08263009999973292,0,402,3216
40,0.09871794871794871,8,0.1,1400,180.45892800654744,0.08375119999982417,0,402,3216
40,0.09871794871794871,8,0.1,600,175.5205960304976,0.08229889999984152,0,402,3216
40,0.09871794871794871,8,0.1,1000,174.51418847540762,0.08449620000010327,0,402,3216
40,0.09871794871794871,8,0.1,1400,173.9828160732977,0.082689400000163,0,402,3216
40,0.09871794871794871,8,0.5,600,183.10402068161517,0.08131580000008398,0,398,3184
40,0.09871794871794871,8,0.5,1000,177.63794606534898,0.0859654999999293,0,398,3184
40,0.09871794871794871,8,0.5,1400,177.5010212104303,0.08355489999985366,0,398,3184
40,0.09871794871794871,8,0.5,600,223.40527881803968,0.10357270000031349,0,494,3952
40,0.09871794871794871,8,0.5,1000,222.32753562063039,0.08006350000005114,0,494,3952
40,0.09871794871794871,8,0.5,1400,214.20479517715984,0.07996800000000803,0,494,3952
40,0.09871794871794871,8,0.5,600,257.23031014944536,0.08124750000024505,0,474,3792
40,0.09871794871794871,8,0.5,1000,255.52711981968199,0.08144109999966531,0,474,3792
40,0.09871794871794871,8,0.5,1400,254.36892043910143,0.08432780000021012,0,474,3792
40,0.09871794871794871,8,0.5,600,185.0202558735257,0.08956469999975525,0,402,3216
40,0.09871794871794871,8,0.5,1000,167.85804956959984,0.0832036000001608,0,402,3216
40,0.09871794871794871,8,0.5,1400,168.21344539643616,0.08390940000026603,0,402,3216
40,0.09871794871794871,8,0.5,600,208.63439308483882,0.08385210000005827,0,402,3216
40,0.09871794871794871,8,0.5,1000,188.45341065425822,0.08347390000017185,0,402,3216
40,0.09871794871794871,8,0.5,1400,188.09450373672757,0.08451259999992544,0,402,3216
40,0.09871794871794871,8,1.0,600,167.16533615646833,0.08350960000007035,0,398,3184
40,0.09871794871794871,8,1.0,1000,162.97645282321378,0.0831622000000607,0,398,3184
40,0.09871794871794871,8,1.0,1400,161.2962644181004,0.08422179999979562,0,398,3184
40,0.09871794871794871,8,1.0,600,275.72249149433094,0.08245130000022982,0,494,3952
40,0.09871794871794871,8,1.0,1000,275.7205945531343,0.08281280000028346,0,494,3952
40,0.09871794871794871,8,1.0,1400,262.01487262521783,0.08142309999993813,0,494,3952
40,0.09871794871794871,8,1.0,600,227.68254046573165,0.08141939999995884,0,474,3792
40,0.09871794871794871,8,1.0,1000,226.82142408141988,0.0811095999997633,0,474,3792
40,0.09871794871794871,8,1.0,1400,209.7210353696659,0.08101329999999507,0,474,3792
40,0.09871794871794871,8,1.0,600,176.06903316151497,0.08289779999995517,0,402,3216
40,0.09871794871794871,8,1.0,1000,168.66457433140576,0.08552880000024743,0,402,3216
40,0.09871794871794871,8,1.0,1400,175.2861421434396,0.08364530000017112,0,402,3216
40,0.09871794871794871,8,1.0,600,157.24281862267915,0.08356469999989713,0,402,3216
40,0.09871794871794871,8,1.0,1000,148.0370139696311,0.08631729999979143,0,402,3216
40,0.09871794871794871,8,1.0,1400,149.39129460259014,0.08627960000012536,0,402,3216
40,0.09871794871794871,8,5.0,600,156.08775222803354,0.08230039999989458,0,398,3184
40,0.09871794871794871,8,5.0,1000,154.2617524307864,0.08286369999996168,0,398,3184
40,0.09871794871794871,8,5.0,1400,151.63724454226718,0.09021600000005492,0,398,3184
40,0.09871794871794871,8,5.0,600,241.94308381889752,0.08534220000001369,0,494,3952
40,0.09871794871794871,8,5.0,1000,243.0617054922993,0.0802902999998878,0,494,3952
40,0.09871794871794871,8,5.0,1400,235.26645314653572,0.0812820000001011,0,494,3952
40,0.09871794871794871,8,5.0,600,265.4577298282318,0.08315640000000712,0,474,3792
40,0.09871794871794871,8,5.0,1000,263.8674618718657,0.08260729999983596,0,474,3792
40,0.09871794871794871,8,5.0,1400,257.26103908871954,0.08308440000018891,0,474,3792
40,0.09871794871794871,8,5.0,600,191.5346655962658,0.10675429999992048,0,402,3216
40,0.09871794871794871,8,5.0,1000,177.23031404159147,0.08322790000011082,0,402,3216
40,0.09871794871794871,8,5.0,1400,177.82749878307993,0.08352829999967071,0,402,3216
40,0.09871794871794871,8,5.0,600,176.21082244816813,0.08615050000025803,0,402,3216
40,0.09871794871794871,8,5.0,1000,163.3944639272922,0.08493209999960527,0,402,3216
40,0.09871794871794871,8,5.0,1400,163.19262033149917,0.08443800000031843,0,402,3216
40,0.14871794871794872,8,0.1,600,153.2364835523994,0.105695900000228,0,5146,41168
40,0.14871794871794872,8,0.1,1000,154.4220760898827,0.10504820000005566,0,5146,41168
40,0.14871794871794872,8,0.1,1400,148.4744892679216,0.10984159999998155,0,5146,41168
40,0.14871794871794872,8,0.1,600,166.0764376068982,0.09697589999996126,0,1314,10512
40,0.14871794871794872,8,0.1,1000,171.13135502826967,0.09706029999961174,0,1314,10512
40,0.14871794871794872,8,0.1,1400,174.44368153707063,0.09690339999997377,0,1314,10512
40,0.14871794871794872,8,0.1,600,181.50341510696197,0.09719889999996667,0,1390,11120
40,0.14871794871794872,8,0.1,1000,181.977956707133,0.1019306999996843,0,1390,11120
40,0.14871794871794872,8,0.1,1400,200.39064227152286,0.09732130000020334,0,1390,11120
40,0.14871794871794872,8,0.1,600,128.21453142268913,0.09474669999963226,0,1226,9808
40,0.14871794871794872,8,0.1,1000,128.87905945675828,0.09565780000002633,0,1226,9808
40,0.14871794871794872,8,0.1,1400,113.2637966009302,0.09668890000011743,0,1226,9808
40,0.14871794871794872,8,0.1,600,179.0421023995736,0.0945451000002322,0,1270,10160
40,0.14871794871794872,8,0.1,1000,171.97120465466264,0.09652319999986503,0,1270,10160
40,0.14871794871794872,8,0.1,1400,170.21143399696098,0.10114310000017213,0,1270,10160
40,0.14871794871794872,8,0.5,600,132.39892004845544,0.10590920000004189,0,5146,41168
40,0.14871794871794872,8,0.5,1000,137.7239732277274,0.10992729999998119,0,5146,41168
40,0.14871794871794872,8,0.5,1400,137.6568915714225,0.1075620000001436,0,5146,41168
40,0.14871794871794872,8,0.5,600,204.45464670058482,0.09345570000004955,0,1314,10512
40,0.14871794871794872,8,0.5,1000,210.08923838854233,0.09676219999983005,0,1314,10512
40,0.14871794871794872,8,0.5,1400,218.9035603941145,0.09873849999985396,0,1314,10512
40,0.14871794871794872,8,0.5,600,178.4372543769048,0.0943769999998949,0,1390,11120
40,0.14871794871794872,8,0.5,1000,177.63002713426704,0.09603539999989152,0,1390,11120
40,0.14871794871794872,8,0.5,1400,179.38046020684257,0.09621870000000854,0,1390,11120
40,0.14871794871794872,8,0.5,600,161.84059674116202,0.09617029999981241,0,1226,9808
40,0.14871794871794872,8,0.5,1000,161.45130977566868,0.10369710000031773,0,1226,9808
40,0.14871794871794872,8,0.5,1400,156.21887768059915,0.10105639999983396,0,1226,9808
40,0.14871794871794872,8,0.5,600,181.53151574133094,0.09476409999979296,0,1270,10160
40,0.14871794871794872,8,0.5,1000,163.37298620038447,0.09530670000003738,0,1270,10160
40,0.14871794871794872,8,0.5,1400,165.62239241125008,0.09885800000029121,0,1270,10160
40,0.14871794871794872,8,1.0,600,128.31884818474418,0.10557310000012876,0,5146,41168
40,0.14871794871794872,8,1.0,1000,130.14794341050265,0.10657089999995151,0,5146,41168
40,0.14871794871794872,8,1.0,1400,126.6766537363898,0.10748490000014499,0,5146,41168
40,0.14871794871794872,8,1.0,600,234.01550827414513,0.09706469999991896,0,1314,10512
40,0.14871794871794872,8,1.0,1000,236.23296731111245,0.09705089999988559,0,1314,10512
40,0.14871794871794872,8,1.0,1400,233.7380337121738,0.09652200000027733,0,1314,10512
40,0.14871794871794872,8,1.0,600,213.0545295471915,0.09219900000016423,0,1390,11120
40,0.14871794871794872,8,1.0,1000,211.39147933056043,0.0953045999999631,0,1390,11120
40,0.14871794871794872,8,1.0,1400,210.8066130970032,0.10122550000005504,0,1390,11120
40,0.14871794871794872,8,1.0,600,145.70036608657063,0.0945028999999522,0,1226,9808
40,0.14871794871794872,8,1.0,1000,143.93745388036683,0.09475900000006732,0,1226,9808
40,0.14871794871794872,8,1.0,1400,143.85513164076633,0.09558900000001813,0,1226,9808
40,0.14871794871794872,8,1.0,600,132.47706268198996,0.0990219000000252,0,1270,10160
40,0.14871794871794872,8,1.0,1000,129.67977156783212,0.09696649999978035,0,1270,10160
40,0.14871794871794872,8,1.0,1400,127.29197418945681,0.0987462999996751,0,1270,10160
40,0.14871794871794872,8,5.0,600,144.9699680603263,0.10611319999998159,0,5146,41168
40,0.14871794871794872,8,5.0,1000,141.89671168824313,0.10859239999990677,0,5146,41168
40,0.14871794871794872,8,5.0,1400,141.76841169845434,0.10998209999979736,0,5146,41168
40,0.14871794871794872,8,5.0,600,200.78072670393044,0.09508220000043366,0,1314,10512
40,0.14871794871794872,8,5.0,1000,205.42852798238877,0.09392679999973552,0,1314,10512
40,0.14871794871794872,8,5.0,1400,205.60314171702584,0.10040639999988343,0,1314,10512
40,0.14871794871794872,8,5.0,600,218.88282026079148,0.09497789999977613,0,1390,11120
40,0.14871794871794872,8,5.0,1000,218.42229300288497,0.09515240000018821,0,1390,11120
40,0.14871794871794872,8,5.0,1400,219.96843726708767,0.09725539999999455,0,1390,11120
40,0.14871794871794872,8,5.0,600,135.10255316755655,0.0963289999999688,0,1226,9808
40,0.14871794871794872,8,5.0,1000,129.4669226676027,0.09643899999991845,0,1226,9808
40,0.14871794871794872,8,5.0,1400,128.5549371290408,0.0974529000000075,0,1226,9808
40,0.14871794871794872,8,5.0,600,119.33300813394627,0.09831679999979315,0,1270,10160
40,0.14871794871794872,8,5.0,1000,110.84480740115494,0.1194100000002436,0,1270,10160
40,0.14871794871794872,8,5.0,1400,109.55479517369159,0.10003470000037851,0,1270,10160
40,0.1987179487179487,8,0.1,600,128.06364847966827,0.13232150000021647,0,7538,60304
40,0.1987179487179487,8,0.1,1000,130.6311404087932,0.12601600000016333,0,7538,60304
40,0.1987179487179487,8,0.1,1400,128.02403064261694,0.1222923999998784,0,7538,60304
40,0.1987179487179487,8,0.1,600,140.6657778690946,0.11376889999974082,0,5522,44176
40,0.1987179487179487,8,0.1,1000,140.4077777063197,0.11840719999963767,0,5522,44176
40,0.1987179487179487,8,0.1,1400,139.68683804054612,0.11979329999985566,0,5522,44176
40,0.1987179487179487,8,0.1,600,193.721761410872,0.11488520000011704,0,4822,38576
40,0.1987179487179487,8,0.1,1000,185.26144392586528,0.11550360000001092,-4096,4822,38576
40,0.1987179487179487,8,0.1,1400,185.63710982594873,0.11581800000021758,0,4822,38576
40,0.1987179487179487,8,0.1,600,129.8447946969556,0.11457250000012209,0,4806,38448
40,0.1987179487179487,8,0.1,1000,119.21384912760122,0.2380393000003096,0,4806,38448
40,0.1987179487179487,8,0.1,1400,118.59505417470422,0.11962279999988823,0,4806,38448
40,0.1987179487179487,8,0.1,600,84.02850628069966,0.12566070000002583,0,6710,53680
40,0.1987179487179487,8,0.1,1000,93.2634705157765,0.12263709999979255,0,6710,53680
40,0.1987179487179487,8,0.1,1400,93.19851291604657,0.12353759999996328,0,6710,53680
40,0.1987179487179487,8,0.5,600,109.9411107023274,0.12345380000033401,0,7538,60304
40,0.1987179487179487,8,0.5,1000,110.58901791797764,0.1252211000000898,0,7538,60304
40,0.1987179487179487,8,0.5,1400,112.6422001101781,0.1274069999999483,0,7538,60304
40,0.1987179487179487,8,0.5,600,160.56471286061537,0.11914179999985208,0,5522,44176
40,0.1987179487179487,8,0.5,1000,162.294049503406,0.1200155999999879,0,5522,44176
40,0.1987179487179487,8,0.5,1400,165.68574615203826,0.11575460000040039,0,5522,44176
40,0.1987179487179487,8,0.5,600,184.72865590756885,0.11521319999974367,0,4822,38576
40,0.1987179487179487,8,0.5,1000,184.87276898692733,0.11769249999997555,0,4822,38576
40,0.1987179487179487,8,0.5,1400,184.20338642377877,0.11441930000000866,0,4822,38576
40,0.1987179487179487,8,0.5,600,128.26751364175223,0.1158900000000358,0,4806,38448
40,0.1987179487179487,8,0.5,1000,120.9823565211599,0.11413729999958377,0,4806,38448
40,0.1987179487179487,8,0.5,1400,119.72743355561951,0.11573309999994308,0,4806,38448
40,0.1987179487179487,8,0.5,600,139.98515225142782,0.12302820000013526,0,6710,53680
40,0.1987179487179487,8,0.5,1000,139.9374425216244,0.1239144999999553,0,6710,53680
40,0.1987179487179487,8,0.5,1400,148.08716044015446,0.14783919999990758,0,6710,53680
40,0.1987179487179487,8,1.0,600,122.8264916152205,0.12284829999998692,0,7538,60304
40,0.1987179487179487,8,1.0,1000,114.790385886089,0.12399989999994432,0,7538,60304
40,0.1987179487179487,8,1.0,1400,112.80834849754098,0.1263917000001129,0,7538,60304
40,0.1987179487179487,8,1.0,600,208.60454123711247,0.1145595000002686,0,5522,44176
40,0.1987179487179487,8,1.0,1000,210.83321305415407,0.11677119999967545,0,5522,44176
40,0.1987179487179487,8,1.0,1400,214.08278520785603,0.11793360000001485,0,5522,44176
40,0.1987179487179487,8,1.0,600,186.04194406820912,0.11703209999996034,0,4822,38576
40,0.1987179487179487,8,1.0,1000,186.10114667265634,0.11751010000034512,0,4822,38576
40,0.1987179487179487,8,1.0,1400,189.45118950694265,0.11565479999990202,0,4822,38576
40,0.1987179487179487,8,1.0,600,95.38640940639546,0.11708349999980783,0,4806,38448
40,0.1987179487179487,8,1.0,1000,92.91700950467418,0.1191475000000537,0,4806,38448
40,0.1987179487179487,8,1.0,1400,94.01110329975646,0.12043810000022859,0,4806,38448
40,0.1987179487179487,8,1.0,600,115.37233052887372,0.12022819999992862,0,6710,53680
40,0.1987179487179487,8,1.0,1000,114.07891547880071,0.12159990000009202,0,6710,53680
40,0.1987179487179487,8,1.0,1400,114.15657483364474,0.12323699999978999,0,6710,53680
40,0.1987179487179487,8,5.0,600,115.32558022872934,0.12756899999976667,0,7538,60304
40,0.1987179487179487,8,5.0,1000,114.88908121603532,0.12439010000025519,0,7538,60304
40,0.1987179487179487,8,5.0,1400,114.87750517472355,0.1259221999998772,0,7538,60304
40,0.1987179487179487,8,5.0,600,170.8374745025058,0.11461189999999988,0,5522,44176
40,0.1987179487179487,8,5.0,1000,174.32241760332388,0.11950879999994868,0,5522,44176
40,0.1987179487179487,8,5.0,1400,173.85189042258952,0.11548069999980726,0,5522,44176
40,0.1987179487179487,8,5.0,600,168.6241579285185,0.11546329999964655,0,4822,38576
40,0.1987179487179487,8,5.0,1000,168.89885611262767,0.12046299999974508,0,4822,38576
40,0.1987179487179487,8,5.0,1400,172.27117275154822,0.12340589999985241,0,4822,38576
40,0.1987179487179487,8,5.0,600,104.70859661902193,0.11544140000023617,0,4806,38448
40,0.1987179487179487,8,5.0,1000,99.82931923002806,0.11611050000010437,0,4806,38448
40,0.1987179487179487,8,5.0,1400,98.96529706080354,0.12224120000018956,0,4806,38448
40,0.1987179487179487,8,5.0,600,99.22658408379483,0.1257476000000679,0,6710,53680
40,0.1987179487179487,8,5.0,1000,100.3598935407784,0.13841450000018085,0,6710,53680
40,0.1987179487179487,8,5.0,1400,101.25461674557768,0.12081149999994523,0,6710,53680
40,0.2987179487179487,8,0.1,600,133.360954031502,0.3228499000001648,32768,72810,582480
40,0.2987179487179487,8,0.1,1000,125.37211411095383,0.3478470999998535,4096,72810,582480
40,0.2987179487179487,8,0.1,1400,146.37617818218575,0.3235608999998476,0,72810,582480
40,0.2987179487179487,8,0.1,600,132.48379137407275,0.48802100000011706,0,131938,1055504
40,0.2987179487179487,8,0.1,1000,132.89826386800425,0.48105759999998554,0,131938,1055504
40,0.2987179487179487,8,0.1,1400,133.15281592364434,0.49178289999963454,0,131938,1055504
40,0.2987179487179487,8,0.1,600,150.5700814259667,0.3151566000001367,0,70410,563280
40,0.2987179487179487,8,0.1,1000,150.33036589036138,0.31442980000019816,0,70410,563280
40,0.2987179487179487,8,0.1,1400,150.33206723194328,0.3134802000004129,-4096,70410,563280
40,0.2987179487179487,8,0.1,600,122.98501152673701,0.5948174000000108,4628480,169550,1356400
40,0.2987179487179487,8,0.1,1000,122.71301844829676,0.6074419999999918,1208320,169550,1356400
40,0.2987179487179487,8,0.1,1400,122.64218769993187,0.596638399999847,1662976,169550,1356400
40,0.2987179487179487,8,0.1,600,81.64624619509867,0.32575120000001334,28672,71942,575536
40,0.2987179487179487,8,0.1,1000,73.9245677289968,0.33899079999991955,0,71942,575536
40,0.2987179487179487,8,0.1,1400,73.82309444323106,0.32606769999983953,0,71942,575536
40,0.2987179487179487,8,0.5,600,71.13475692682914,0.32043430000021544,4435968,72810,582480
40,0.2987179487179487,8,0.5,1000,61.39160428311686,0.3230358000000706,290816,72810,582480
40,0.2987179487179487,8,0.5,1400,61.724721287875155,0.3192845999997189,57344,72810,582480
40,0.2987179487179487,8,0.5,600,115.91494966411135,0.483716799999911,40960,131938,1055504
40,0.2987179487179487,8,0.5,1000,117.19714475070424,0.4932217999999011,0,131938,1055504
40,0.2987179487179487,8,0.5,1400,117.09371409266977,0.4927236999997149,0,131938,1055504
40,0.2987179487179487,8,0.5,600,124.77428113871063,0.31292460000031497,0,70410,563280
40,0.2987179487179487,8,0.5,1000,125.77974026421131,0.31553230000008625,0,70410,563280
40,0.2987179487179487,8,0.5,1400,126.2102983688992,0.31941710000000967,0,70410,563280
40,0.2987179487179487,8,0.5,600,77.89269313141251,0.5820791999999528,1052672,169550,1356400
40,0.2987179487179487,8,0.5,1000,77.95987494921293,0.5856033999998544,1052672,169550,1356400
40,0.2987179487179487,8,0.5,1400,73.19107115676584,0.5876953999995749,-1052672,169550,1356400
40,0.2987179487179487,8,0.5,600,86.90163244909915,0.32383230000004914,0,71942,575536
40,0.2987179487179487,8,0.5,1000,84.68367819237308,0.32256260000031034,0,71942,575536
40,0.2987179487179487,8,0.5,1400,83.8752177683189,0.33050479999974414,0,71942,575536
40,0.2987179487179487,8,1.0,600,88.27118295141383,0.32050389999994877,0,72810,582480
40,0.2987179487179487,8,1.0,1000,86.96211467354959,0.31250960000033956,-4096,72810,582480
40,0.2987179487179487,8,1.0,1400,86.32577359413827,0.31803949999994074,-1048576,72810,582480
40,0.2987179487179487,8,1.0,600,157.5746897425341,0.4926206000000093,0,131938,1055504
40,0.2987179487179487,8,1.0,1000,158.8259096441744,0.4901782000001731,0,131938,1055504
40,0.2987179487179487,8,1.0,1400,163.96813211672264,0.48776809999981197,0,131938,1055504
40,0.2987179487179487,8,1.0,600,123.80640016269143,0.3174055999998018,3121152,70410,563280
40,0.2987179487179487,8,1.0,1000,124.55297118616525,0.316053699999884,77824,70410,563280
40,0.2987179487179487,8,1.0,1400,120.88858286948312,0.3181720000002315,98304,70410,563280
40,0.2987179487179487,8,1.0,600,79.81748774207279,0.5939594000001307,1052672,169550,1356400
40,0.2987179487179487,8,1.0,1000,82.5394211574239,0.5991289000003235,1060864,169550,1356400
40,0.2987179487179487,8,1.0,1400,79.6546616157539,0.5849075000000994,1056768,169550,1356400
40,0.2987179487179487,8,1.0,600,89.04028848562524,0.3160315999998602,81920,71942,575536
40,0.2987179487179487,8,1.0,1000,88.43212354999447,0.32203519999984564,0,71942,575536
40,0.2987179487179487,8,1.0,1400,86.48415047858644,0.30670569999983854,0,71942,575536
40,0.2987179487179487,8,5.0,600,78.94861429214545,0.3105900999998994,4009984,72810,582480
40,0.2987179487179487,8,5.0,1000,78.61572621877922,0.3048205999998572,69632,72810,582480
40,0.2987179487179487,8,5.0,1400,78.82749541126996,0.3105515000002015,69632,72810,582480
40,0.2987179487179487,8,5.0,600,107.49253992911189,0.47170109999979104,-1761280,131938,1055504
40,0.2987179487179487,8,5.0,1000,108.47068305320273,0.46085969999967347,0,131938,1055504
40,0.2987179487179487,8,5.0,1400,109.94583599720751,0.48605149999957575,0,131938,1055504
40,0.2987179487179487,8,5.0,600,106.81819872764561,0.3015458999998373,-2400256,70410,563280
40,0.2987179487179487,8,5.0,1000,107.8045328065966,0.3043942999997853,0,70410,563280
40,0.2987179487179487,8,5.0,1400,108.44165425205152,0.2998101999996834,4096,70410,563280
40,0.2987179487179487,8,5.0,600,68.41532866971363,0.5777361000000383,-1355776,169550,1356400
40,0.2987179487179487,8,5.0,1000,68.96228555452356,0.5560762000000068,1048576,169550,1356400
40,0.2987179487179487,8,5.0,1400,68.37380886426234,0.5614398999996411,-1052672,169550,1356400
40,0.2987179487179487,8,5.0,600,68.60692799123221,0.3137067000002389,-1994752,71942,575536
40,0.2987179487179487,8,5.0,1000,68.81945368946279,0.3102661999996599,0,71942,575536
40,0.2987179487179487,8,5.0,1400,68.17291039571033,0.3134482000000389,0,71942,575536
40,0.05,10,0.1,600,0.3153764011006735,0.08335099999976592,0,158,1264
40,0.05,10,0.1,1000,0.06740590321928526,0.08553059999985635,0,158,1264
40,0.05,10,0.1,1400,0.04049972666662993,0.08399169999984224,0,158,1264
40,0.05,10,0.1,600,0.08487781050473185,0.08385150000003705,0,158,1264
40,0.05,10,0.1,1000,0.059475207955404404,0.0825582000002214,0,158,1264
40,0.05,10,0.1,1400,0.05756010342145082,0.08777379999992263,0,158,1264
40,0.05,10,0.1,600,0.18237430415230443,0.08232379999981276,0,158,1264
40,0.05,10,0.1,1000,0.07666302123009712,0.08189979999997377,0,158,1264
40,0.05,10,0.1,1400,0.07602781504379456,0.0856554000001779,0,158,1264
40,0.05,10,0.1,600,0.27704758168458876,0.08031769999979588,0,158,1264
40,0.05,10,0.1,1000,0.266298950799741,0.08126959999981409,0,158,1264
40,0.05,10,0.1,1400,0.09083620640816949,0.08224890000019514,0,158,1264
40,0.05,10,0.1,600,0.18943237463184734,0.0851449000001594,0,158,1264
40,0.05,10,0.1,1000,0.1599506299137571,0.08643350000011196,0,158,1264
40,0.05,10,0.1,1400,0.14982244231170466,0.08266269999967335,0,158,1264
40,0.05,10,0.5,600,297.1296534982021,0.06749930000023596,0,158,1264
40,0.05,10,0.5,1000,249.91737273704615,0.0641091000002234,0,158,1264
40,0.05,10,0.5,1400,243.27906030219182,0.06767660000014075,0,158,1264
40,0.05,10,0.5,600,254.781912508571,0.07339700000011362,0,158,1264
40,0.05,10,0.5,1000,248.54023500255175,0.07197799999994459,0,158,1264
40,0.05,10,0.5,1400,239.91238885044976,0.2202396000002409,-40054784,158,1264
40,0.05,10,0.5,600,294.4142491468246,0.0676962999996249,0,158,1264
40,0.05,10,0.5,1000,262.87648199040575,0.0636925999997402,0,158,1264
40,0.05,10,0.5,1400,262.4467986673669,0.06405979999999545,892928,158,1264
40,0.05,10,0.5,600,284.31135409495323,0.06983320000017557,0,158,1264
40,0.05,10,0.5,1000,284.6871972939478,0.06308259999968868,0,158,1264
40,0.05,10,0.5,1400,268.5473063035149,0.07183459999987463,0,158,1264
40,0.05,10,0.5,600,224.1310719943826,0.06559930000003078,0,158,1264
40,0.05,10,0.5,1000,244.82505622779456,0.06485860000020693,0,158,1264
40,0.05,10,0.5,1400,236.73226755105657,0.06493509999972957,0,158,1264
40,0.05,10,1.0,600,249.78968074096466,0.06855970000015077,0,158,1264
40,0.05,10,1.0,1000,211.62594637558473,0.06562639999992825,0,158,1264
40,0.05,10,1.0,1400,202.51800648138587,0.06349330000011832,0,158,1264
40,0.05,10,1.0,600,297.9650974310775,0.0659960999996656,0,158,1264
40,0.05,10,1.0,1000,284.1923620081937,0.06572119999964343,0,158,1264
40,0.05,10,1.0,1400,278.1743224200355,0.06390830000009373,0,158,1264
40,0.05,10,1.0,600,289.11141880765825,0.06273619999956281,4096,158,1264
40,0.05,10,1.0,1000,260.736204094092,0.061954100000093604,0,158,1264
40,0.05,10,1.0,1400,260.43501863837236,0.06348030000026483,0,158,1264
40,0.05,10,1.0,600,247.56720316294115,0.06723229999988689,0,158,1264
40,0.05,10,1.0,1000,248.27229888697863,0.06684459999996761,0,158,1264
40,0.05,10,1.0,1400,224.77364117090403,0.07039759999997841,0,158,1264
40,0.05,10,1.0,600,245.17049946602373,0.06495070000028136,0,158,1264
40,0.05,10,1.0,1000,301.7624184165152,0.06360999999969863,0,158,1264
40,0.05,10,1.0,1400,300.71478603945707,0.06469239999978527,0,158,1264
40,0.05,10,5.0,600,235.61615701816677,0.0649250999999822,0,158,1264
40,0.05,10,5.0,1000,226.06598323158062,0.06936309999991863,0,158,1264
40,0.05,10,5.0,1400,221.2704085118651,0.0665686000002097,0,158,1264
40,0.05,10,5.0,600,317.94342025687297,0.0657774999999674,0,158,1264
40,0.05,10,5.0,1000,306.3195163993497,0.07485709999991741,0,158,1264
40,0.05,10,5.0,1400,303.2412988249938,0.06791599999996834,0,158,1264
40,0.05,10,5.0,600,249.90883314313137,0.08844529999987572,0,158,1264
40,0.05,10,5.0,1000,228.57745142470318,0.06721309999966252,0,158,1264
40,0.05,10,5.0,1400,228.52603725966355,0.06519759999991948,0,158,1264
40,0.05,10,5.0,600,275.02351428925243,0.06533619999981966,0,158,1264
40,0.05,10,5.0,1000,275.52814503676035,0.06717449999996461,0,158,1264
40,0.05,10,5.0,1400,252.6294386456479,0.0653613999998015,0,158,1264
40,0.05,10,5.0,600,215.80812958111846,0.06418290000010529,0,158,1264
40,0.05,10,5.0,1000,305.7276961786505,0.06416780000017752,0,158,1264
40,0.05,10,5.0,1400,298.3950886163307,0.06498239999973521,0,158,1264
40,0.09871794871794871,10,0.1,600,312.0143875567493,0.07731160000003001,0,422,3376
40,0.09871794871794871,10,0.1,1000,283.3493742116198,0.08150210000030711,0,422,3376
40,0.09871794871794871,10,0.1,1400,268.41247732625027,0.08066120000012234,0,422,3376
40,0.09871794871794871,10,0.1,600,166.61833267077722,0.08110870000018622,0,410,3280
40,0.09871794871794871,10,0.1,1000,164.49014126835323,0.08372110000027533,0,410,3280
40,0.09871794871794871,10,0.1,1400,160.75743208525935,0.08192460000009305,0,410,3280
40,0.09871794871794871,10,0.1,600,202.11105175571277,0.07946179999999003,0,494,3952
40,0.09871794871794871,10,0.1,1000,200.77587431592448,0.0781010000000606,0,494,3952
40,0.09871794871794871,10,0.1,1400,199.68859982706527,0.07812180000018998,0,494,3952
40,0.09871794871794871,10,0.1,600,247.9658463128332,0.08195720000003348,0,398,3184
40,0.09871794871794871,10,0.1,1000,247.86335976816648,0.08213100000011764,0,398,3184
40,0.09871794871794871,10,0.1,1400,245.5371519072378,0.07879180000009,0,398,3184
40,0.09871794871794871,10,0.1,600,197.38179144182598,0.08206540000037421,0,510,4080
40,0.09871794871794871,10,0.1,1000,198.6592849056394,0.08103269999992335,0,510,4080
40,0.09871794871794871,10,0.1,1400,198.63936562612116,0.07911860000012894,0,510,4080
40,0.09871794871794871,10,0.5,600,242.43055773664435,0.08267150000028778,0,422,3376
40,0.09871794871794871,10,0.5,1000,229.81345047229064,0.07611140000017258,0,422,3376
40,0.09871794871794871,10,0.5,1400,237.00879731622925,0.08121799999980794,0,422,3376
40,0.09871794871794871,10,0.5,600,235.50538808084545,0.07612070000004678,0,410,3280
40,0.09871794871794871,10,0.5,1000,237.05944588095835,0.08750620000000708,0,410,3280
40,0.09871794871794871,10,0.5,1400,234.143633073119,0.0776823000001059,0,410,3280
40,0.09871794871794871,10,0.5,600,230.21144033792098,0.07829930000025342,0,494,3952
40,0.09871794871794871,10,0.5,1000,227.65853714692932,0.07642489999989266,0,494,3952
40,0.09871794871794871,10,0.5,1400,217.000888304473,0.07906980000007025,0,494,3952
40,0.09871794871794871,10,0.5,600,186.66514242446982,0.07694880000008197,0,398,3184
40,0.09871794871794871,10,0.5,1000,186.911725019764,0.07964560000027632,0,398,3184
40,0.09871794871794871,10,0.5,1400,166.79337838898758,0.07806510000000344,0,398,3184
40,0.09871794871794871,10,0.5,600,213.02836579527752,0.07669420000001992,0,510,4080
40,0.09871794871794871,10,0.5,1000,227.88040326123135,0.08061610000004293,0,510,4080
40,0.09871794871794871,10,0.5,1400,227.06429427069082,0.0846203000000969,0,510,4080
40,0.09871794871794871,10,1.0,600,271.0666175829283,0.07658119999996416,0,422,3376
40,0.09871794871794871,10,1.0,1000,247.35364928828847,0.0770290999998906,0,422,3376
40,0.09871794871794871,10,1.0,1400,245.95199103686866,0.07887030000028972,0,422,3376
40,0.09871794871794871,10,1.0,600,251.76747891605933,0.08008599999993748,0,410,3280
40,0.09871794871794871,10,1.0,1000,258.4208168956173,0.08306679999986954,0,410,3280
40,0.09871794871794871,10,1.0,1400,260.33075026024494,0.07998739999993631,0,410,3280
40,0.09871794871794871,10,1.0,600,233.63612939087477,0.07915360000015426,0,494,3952
40,0.09871794871794871,10,1.0,1000,236.49634304898382,0.07777310000028592,0,494,3952
40,0.09871794871794871,10,1.0,1400,235.90596640632813,0.07751809999990655,0,494,3952
40,0.09871794871794871,10,1.0,600,213.0810536948014,0.07767259999991438,0,398,3184
40,0.09871794871794871,10,1.0,1000,213.03704676773683,0.08100700000022698,0,398,3184
40,0.09871794871794871,10,1.0,1400,201.1787467864053,0.07887019999998302,0,398,3184
40,0.09871794871794871,10,1.0,600,162.58238697701245,0.07957920000035301,0,510,4080
40,0.09871794871794871,10,1.0,1000,206.60730220176634,0.0790034999999989,0,510,4080
40,0.09871794871794871,10,1.0,1400,206.5815465541941,0.0819789000001947,0,510,4080
40,0.09871794871794871,10,5.0,600,242.99989520369834,0.07718009999962305,0,422,3376
40,0.09871794871794871,10,5.0,1000,231.32502386087674,0.0789625000002161,0,422,3376
40,0.09871794871794871,10,5.0,1400,235.5005607247335,0.07709419999991951,0,422,3376
40,0.09871794871794871,10,5.0,600,236.72904721136922,0.07782070000030217,0,410,3280
40,0.09871794871794871,10,5.0,1000,235.49237582435413,0.08028469999999288,0,410,3280
40,0.09871794871794871,10,5.0,1400,251.0355777510441,0.07931689999986702,0,410,3280
40,0.09871794871794871,10,5.0,600,209.19348505912893,0.07644429999982094,0,494,3952
40,0.09871794871794871,10,5.0,1000,204.34497774715237,0.07700859999977183,0,494,3952
40,0.09871794871794871,10,5.0,1400,203.6819348099039,0.07856979999996838,0,494,3952
40,0.09871794871794871,10,5.0,600,223.176922320012,0.0775456999999733,0,398,3184
40,0.09871794871794871,10,5.0,1000,223.13831371905067,0.08864999999968859,0,398,3184
40,0.09871794871794871,10,5.0,1400,193.80462974592248,0.08222029999978986,0,398,3184
40,0.09871794871794871,10,5.0,600,156.8534079734258,0.08162029999994047,0,510,4080
40,0.09871794871794871,10,5.0,1000,229.67536837709852,0.08069939999995768,0,510,4080
40,0.09871794871794871,10,5.0,1400,229.38176826725189,0.08003970000027039,0,510,4080
40,0.14871794871794872,10,0.1,600,234.8737818319969,0.09658699999999953,0,1222,9776
40,0.14871794871794872,10,0.1,1000,231.09778532805402,0.09440530000028957,0,1222,9776
40,0.14871794871794872,10,0.1,1400,223.0877744717514,0.0917156000000432,0,1222,9776
40,0.14871794871794872,10,0.1,600,240.84413000002866,0.0982243000003109,0,2038,16304
40,0.14871794871794872,10,0.1,1000,241.77798467412143,0.09614990000000034,0,2038,16304
40,0.14871794871794872,10,0.1,1400,230.2361041732857,0.09777149999990797,0,2038,16304
40,0.14871794871794872,10,0.1,600,237.91497136831336,0.09260119999999006,0,1474,11792
40,0.14871794871794872,10,0.1,1000,246.9911185394138,0.09510740000041551,0,1474,11792
40,0.14871794871794872,10,0.1,1400,254.83773771376255,0.09090429999969274,0,1474,11792
40,0.14871794871794872,10,0.1,600,193.25090244408594,0.08927270000003773,0,990,7920
40,0.14871794871794872,10,0.1,1000,194.49176798709212,0.09242899999981091,0,990,7920
40,0.14871794871794872,10,0.1,1400,194.81893342658915,0.09367870000005496,0,990,7920
40,0.14871794871794872,10,0.1,600,216.87392357770148,0.09207370000012816,0,1410,11280
40,0.14871794871794872,10,0.1,1000,192.17510971308326,0.09135629999991579,0,1410,11280
40,0.14871794871794872,10,0.1,1400,192.22052264634544,0.09387800000013158,0,1410,11280
40,0.14871794871794872,10,0.5,600,265.5256990733341,0.08958239999992657,0,1222,9776
40,0.14871794871794872,10,0.5,1000,249.88644659689538,0.0910767999998825,0,1222,9776
40,0.14871794871794872,10,0.5,1400,251.6423599575133,0.0901546000000053,0,1222,9776
40,0.14871794871794872,10,0.5,600,170.55038377273524,0.09341630000017176,0,2038,16304
40,0.14871794871794872,10,0.5,1000,167.88140067885368,0.09377540000014051,0,2038,16304
40,0.14871794871794872,10,0.5,1400,166.87055892683924,0.09183470000016314,0,2038,16304
40,0.14871794871794872,10,0.5,600,220.02559912159452,0.08933909999996104,0,1474,11792
40,0.14871794871794872,10,0.5,1000,216.83094288336542,0.08945579999999609,0,1474,11792
40,0.14871794871794872,10,0.5,1400,218.01998655837383,0.0912490999999136,0,1474,11792
40,0.14871794871794872,10,0.5,600,159.46961369715888,0.08836429999973916,0,990,7920
40,0.14871794871794872,10,0.5,1000,162.6365157575224,0.09883679999984452,0,990,7920
40,0.14871794871794872,10,0.5,1400,157.93872714849786,0.08962049999990995,0,990,7920
40,0.14871794871794872,10,0.5,600,186.22770445702199,0.09322430000020177,0,1410,11280
40,0.14871794871794872,10,0.5,1000,190.8808793254799,0.09243430000014996,0,1410,11280
40,0.14871794871794872,10,0.5,1400,189.16269154404824,0.09665540000014516,0,1410,11280
40,0.14871794871794872,10,1.0,600,255.52765822589518,0.09247150000010151,0,1222,9776
40,0.14871794871794872,10,1.0,1000,239.63437732922304,0.09120819999998275,0,1222,9776
40,0.14871794871794872,10,1.0,1400,241.1563966026957,0.09272079999982452,0,1222,9776
40,0.14871794871794872,10,1.0,600,179.76917603143755,0.09377690000019356,0,2038,16304
40,0.14871794871794872,10,1.0,1000,180.99166719561595,0.09511740000016289,0,2038,16304
40,0.14871794871794872,10,1.0,1400,186.99295662496564,0.10033119999980045,0,2038,16304
40,0.14871794871794872,10,1.0,600,187.35154049924816,0.09240319999980784,0,1474,11792
40,0.14871794871794872,10,1.0,1000,187.17644273664305,0.09086539999998422,0,1474,11792
40,0.14871794871794872,10,1.0,1400,187.63405827386376,0.09188499999982014,0,1474,11792
40,0.14871794871794872,10,1.0,600,173.36063475238538,0.09646680000014385,0,990,7920
40,0.14871794871794872,10,1.0,1000,170.49975522806295,0.09605929999997898,0,990,7920
40,0.14871794871794872,10,1.0,1400,155.99008970408482,0.09228789999997389,0,990,7920
40,0.14871794871794872,10,1.0,600,136.57280149904196,0.09229569999979503,0,1410,11280
40,0.14871794871794872,10,1.0,1000,174.42627232695526,0.09544649999998,0,1410,11280
40,0.14871794871794872,10,1.0,1400,174.26504652709696,0.09245999999984633,0,1410,11280
40,0.14871794871794872,10,5.0,600,216.7256181199273,0.09010110000008353,0,1222,9776
40,0.14871794871794872,10,5.0,1000,210.91168678307855,0.09012929999971675,0,1222,9776
40,0.14871794871794872,10,5.0,1400,215.52489380936595,0.10092179999992368,0,1222,9776
40,0.14871794871794872,10,5.0,600,163.46150898602136,0.09631619999981922,0,2038,16304
40,0.14871794871794872,10,5.0,1000,163.59747234022478,0.09326659999987896,0,2038,16304
40,0.14871794871794872,10,5.0,1400,167.98857291589397,0.09322409999958836,0,2038,16304
40,0.14871794871794872,10,5.0,600,188.55160123236539,0.09244379999972807,0,1474,11792
40,0.14871794871794872,10,5.0,1000,186.7945744554013,0.09189619999960996,0,1474,11792
40,0.14871794871794872,10,5.0,1400,188.0956052832434,0.09678280000025552,0,1474,11792
40,0.14871794871794872,10,5.0,600,182.55493987714578,0.08982990000004065,0,990,7920
40,0.14871794871794872,10,5.0,1000,178.81121363068448,0.0920854999999392,0,990,7920
40,0.14871794871794872,10,5.0,1400,170.4029515891127,0.09732239999993908,0,990,7920
40,0.14871794871794872,10,5.0,600,127.0345304145849,0.09478889999991225,0,1410,11280
40,0.14871794871794872,10,5.0,1000,174.80297359000048,0.09487069999977393,0,1410,11280
40,0.14871794871794872,10,5.0,1400,174.40936899625513,0.09305929999982254,0,1410,11280
40,0.1987179487179487,10,0.1,600,219.38707389805592,0.10878589999992982,0,4762,38096
40,0.1987179487179487,10,0.1,1000,219.39434607760225,0.11001840000017182,0,4762,38096
40,0.1987179487179487,10,0.1,1400,219.50033915186975,0.10985100000016246,0,4762,38096
40,0.1987179487179487,10,0.1,600,196.832341562839,0.11450150000018766,0,6058,48464
40,0.1987179487179487,10,0.1,1000,197.1856017674191,0.12613820000024134,0,6058,48464
40,0.1987179487179487,10,0.1,1400,193.72071143789435,0.12067560000014055,0,6058,48464
40,0.1987179487179487,10,0.1,600,182.9293886929585,0.10745889999998326,0,4270,34160
40,0.1987179487179487,10,0.1,1000,179.48158749321,0.11024109999971188,-4096,4270,34160
40,0.1987179487179487,10,0.1,1400,180.66893210632392,0.11153309999963312,0,4270,34160
40,0.1987179487179487,10,0.1,600,127.36898915499437,0.10503240000025471,0,3066,24528
40,0.1987179487179487,10,0.1,1000,121.79246097897058,0.10473460000002888,0,3066,24528
40,0.1987179487179487,10,0.1,1400,121.17685825154646,0.1096904999999424,0,3066,24528
40,0.1987179487179487,10,0.1,600,197.59700862446235,0.11791039999980057,0,4034,32272
40,0.1987179487179487,10,0.1,1000,248.27110848505046,0.11350760000004811,0,4034,32272
40,0.1987179487179487,10,0.1,1400,255.9571095080256,0.11568820000002233,0,4034,32272
40,0.1987179487179487,10,0.5,600,217.96875794132325,0.10860619999994015,0,4762,38096
40,0.1987179487179487,10,0.5,1000,193.8108543411896,0.10854770000014469,0,4762,38096
40,0.1987179487179487,10,0.5,1400,190.0649335999976,0.11011240000016187,0,4762,38096
40,0.1987179487179487,10,0.5,600,206.54331341211753,0.11480329999994865,0,6058,48464
40,0.1987179487179487,10,0.5,1000,205.6342216043314,0.12042100000007849,-4096,6058,48464
40,0.1987179487179487,10,0.5,1400,197.79824703814464,0.11484659999996438,0,6058,48464
40,0.1987179487179487,10,0.5,600,160.00381728892918,0.10621339999988777,0,4270,34160
40,0.1987179487179487,10,0.5,1000,160.33786827272326,0.11504509999986112,0,4270,34160
40,0.1987179487179487,10,0.5,1400,160.40210146965916,0.11003320000008898,0,4270,34160
40,0.1987179487179487,10,0.5,600,101.78993873456028,0.10640130000001591,0,3066,24528
40,0.1987179487179487,10,0.5,1000,106.93918100705662,0.10902549999991606,0,3066,24528
40,0.1987179487179487,10,0.5,1400,107.72275244986436,0.11069869999982984,0,3066,24528
40,0.1987179487179487,10,0.5,600,150.6211145026186,0.10924299999987852,0,4034,32272
40,0.1987179487179487,10,0.5,1000,178.59317217366774,0.11094980000007126,0,4034,32272
40,0.1987179487179487,10,0.5,1400,179.01583823774607,0.10879359999989902,0,4034,32272
40,0.1987179487179487,10,1.0,600,201.16097947814814,0.10659900000018752,0,4762,38096
40,0.1987179487179487,10,1.0,1000,193.7461751045284,0.11514699999997902,0,4762,38096
40,0.1987179487179487,10,1.0,1400,194.088598417701,0.1079861000002893,0,4762,38096
40,0.1987179487179487,10,1.0,600,186.63589625352904,0.1173825000000761,0,6058,48464
40,0.1987179487179487,10,1.0,1000,184.00558537965955,0.11754840000003242,0,6058,48464
40,0.1987179487179487,10,1.0,1400,174.5733844404342,0.11425729999973555,0,6058,48464
40,0.1987179487179487,10,1.0,600,160.75154540942768,0.11211039999989225,0,4270,34160
40,0.1987179487179487,10,1.0,1000,159.2175339282863,0.10852199999999357,0,4270,34160
40,0.1987179487179487,10,1.0,1400,160.1789981844253,0.1091905999996925,0,4270,34160
40,0.1987179487179487,10,1.0,600,139.21757363258277,0.1052601000001232,0,3066,24528
40,0.1987179487179487,10,1.0,1000,142.60912819039612,0.10689619999993738,0,3066,24528
40,0.1987179487179487,10,1.0,1400,135.10677224982265,0.11265030000004117,0,3066,24528
40,0.1987179487179487,10,1.0,600,104.73679136359941,0.11172949999991033,0,4034,32272
40,0.1987179487179487,10,1.0,1000,125.03210475156244,0.11354019999998854,0,4034,32272
40,0.1987179487179487,10,1.0,1400,125.34023309587757,0.1098005000003468,0,4034,32272
40,0.1987179487179487,10,5.0,600,170.7067499098263,0.1085465999999542,0,4762,38096
40,0.1987179487179487,10,5.0,1000,163.59017434104464,0.10842449999972814,0,4762,38096
40,0.1987179487179487,10,5.0,1400,166.78355157423647,0.11142070000005333,0,4762,38096
40,0.1987179487179487,10,5.0,600,145.78579681539227,0.11328820000017004,0,6058,48464
40,0.1987179487179487,10,5.0,1000,145.02243933193662,0.12556229999972857,-4096,6058,48464
40,0.1987179487179487,10,5.0,1400,144.99086035973625,0.11768419999998514,0,6058,48464
40,0.1987179487179487,10,5.0,600,153.825961890013,0.11000229999990552,0,4270,34160
40,0.1987179487179487,10,5.0,1000,156.51578486419265,0.11429330000009941,0,4270,34160
40,0.1987179487179487,10,5.0,1400,155.97698281804222,0.11677959999997256,0,4270,34160
40,0.1987179487179487,10,5.0,600,126.3886102106317,0.10703220000004876,0,3066,24528
40,0.1987179487179487,10,5.0,1000,124.17584312928426,0.10937000000012631,0,3066,24528
40,0.1987179487179487,10,5.0,1400,119.62469729743334,0.10960720000002766,0,3066,24528
40,0.1987179487179487,10,5.0,600,105.61205509315384,0.1084219999997913,0,4034,32272
40,0.1987179487179487,10,5.0,1000,132.64222882251624,0.11022819999971034,0,4034,32272
40,0.1987179487179487,10,5.0,1400,134.1090067178129,0.10896469999988767,0,4034,32272
40,0.2987179487179487,10,0.1,600,116.16120081368652,0.25600930000018707,0,53642,429136
40,0.2987179487179487,10,0.1,1000,107.48941557047479,0.2553345999999692,0,53642,429136
40,0.2987179487179487,10,0.1,1400,110.2476483659164,0.2592506000000867,0,53642,429136
40,0.2987179487179487,10,0.1,600,95.30366199622969,0.3915049000002,36864,101646,813168
40,0.2987179487179487,10,0.1,1000,97.825462588847,0.38088450000032026,0,101646,813168
40,0.2987179487179487,10,0.1,1400,96.65980117916507,0.388746799999808,0,101646,813168
40,0.2987179487179487,10,0.1,600,152.48667848304981,0.34798049999972136,0,87242,697936
40,0.2987179487179487,10,0.1,1000,153.0860841193156,0.33958769999981087,0,87242,697936
40,0.2987179487179487,10,0.1,1400,147.6360418812771,0.34718000000020766,0,87242,697936
40,0.2987179487179487,10,0.1,600,121.2115073559291,0.23026180000033492,0,37802,302416
40,0.2987179487179487,10,0.1,1000,119.9728571846266,0.22543159999986528,0,37802,302416
40,0.2987179487179487,10,0.1,1400,119.66264320967255,0.21837109999978566,0,37802,302416
40,0.2987179487179487,10,0.1,600,161.55243425909526,0.2508941999999479,-26284032,46106,368848
40,0.2987179487179487,10,0.1,1000,150.10267703113198,0.2390132000000449,454656,46106,368848
40,0.2987179487179487,10,0.1,1400,150.01079408546767,0.24965089999977863,544768,46106,368848
40,0.2987179487179487,10,0.5,600,156.59754400137052,0.2554497999999512,0,53642,429136
40,0.2987179487179487,10,0.5,1000,117.95894053766024,0.257283599999937,0,53642,429136
40,0.2987179487179487,10,0.5,1400,123.08388879508458,0.25708810000014637,0,53642,429136
40,0.2987179487179487,10,0.5,600,129.38505184328037,0.3788918999998714,4509696,101646,813168
40,0.2987179487179487,10,0.5,1000,127.86657241595378,0.38530519999994794,966656,101646,813168
40,0.2987179487179487,10,0.5,1400,116.79382958017231,0.3892905000002429,212992,101646,813168
40,0.2987179487179487,10,0.5,600,125.56092036530306,0.3387422000000697,0,87242,697936
40,0.2987179487179487,10,0.5,1000,128.96389594013849,0.3585323000002063,0,87242,697936
40,0.2987179487179487,10,0.5,1400,130.87295396832982,0.3572447999999895,0,87242,697936
40,0.2987179487179487,10,0.5,600,61.4709317189411,0.22312739999961195,-20770816,37802,302416
40,0.2987179487179487,10,0.5,1000,60.00118360532499,0.33792159999984506,-3248128,37802,302416
40,0.2987179487179487,10,0.5,1400,60.38681022291654,0.21551429999999527,69632,37802,302416
40,0.2987179487179487,10,0.5,600,93.48884261974901,0.24159829999962312,45056,46106,368848
40,0.2987179487179487,10,0.5,1000,102.64770644247467,0.23879689999967013,0,46106,368848
40,0.2987179487179487,10,0.5,1400,99.98177175784987,0.239518599999883,0,46106,368848
40,0.2987179487179487,10,1.0,600,141.8304214966305,0.25670780000018567,0,53642,429136
40,0.2987179487179487,10,1.0,1000,124.86140074226712,0.2550447999997232,0,53642,429136
40,0.2987179487179487,10,1.0,1400,126.13377614754211,0.25579100000004473,0,53642,429136
40,0.2987179487179487,10,1.0,600,108.56512031506124,0.3866022000001976,40960,101646,813168
40,0.2987179487179487,10,1.0,1000,107.21624926897273,0.38471620000018447,0,101646,813168
40,0.2987179487179487,10,1.0,1400,102.62040325638715,0.39392080000015994,0,101646,813168
40,0.2987179487179487,10,1.0,600,103.62132376087987,0.33871129999988625,0,87242,697936
40,0.2987179487179487,10,1.0,1000,109.58110055534706,0.3517719000001307,0,87242,697936
40,0.2987179487179487,10,1.0,1400,110.4915598990113,0.3477262999999766,0,87242,697936
40,0.2987179487179487,10,1.0,600,84.46328898239771,0.21954069999992498,-22564864,37802,302416
40,0.2987179487179487,10,1.0,1000,88.87260021428766,0.21877289999974892,233472,37802,302416
40,0.2987179487179487,10,1.0,1400,86.96509211729318,0.2198628999999528,45056,37802,302416
40,0.2987179487179487,10,1.0,600,76.01737356310213,0.24497080000037386,-4096,46106,368848
40,0.2987179487179487,10,1.0,1000,106.64089482252518,0.24178440000014234,0,46106,368848
40,0.2987179487179487,10,1.0,1400,106.58590894586402,0.23901359999990746,0,46106,368848
40,0.2987179487179487,10,5.0,600,112.83092497514116,0.25987560000021404,-19709952,53642,429136
40,0.2987179487179487,10,5.0,1000,98.66455058440398,0.2575165999996898,110592,53642,429136
40,0.2987179487179487,10,5.0,1400,100.68175285325427,0.2586833000000297,495616,53642,429136
40,0.2987179487179487,10,5.0,600,116.23603223340022,0.38524269999970784,36864,101646,813168
40,0.2987179487179487,10,5.0,1000,114.20678252027703,0.40830670000013924,0,101646,813168
40,0.2987179487179487,10,5.0,1400,110.18446293901387,0.38157779999983177,0,101646,813168
40,0.2987179487179487,10,5.0,600,95.76424774802001,0.3523571999999149,0,87242,697936
40,0.2987179487179487,10,5.0,1000,102.21320602575166,0.35578979999991134,0,87242,697936
40,0.2987179487179487,10,5.0,1400,104.69464382134419,0.3385460999998031,0,87242,697936
40,0.2987179487179487,10,5.0,600,84.484976464659,0.21646259999988615,0,37802,302416
40,0.2987179487179487,10,5.0,1000,80.6850105001279,0.21309500000006665,0,37802,302416
40,0.2987179487179487,10,5.0,1400,80.84111905663201,0.2162693999998737,0,37802,302416
40,0.2987179487179487,10,5.0,600,69.02861898375482,0.24477659999956813,0,46106,368848
40,0.2987179487179487,10,5.0,1000,91.05047104627992,0.2471904999997605,0,46106,368848
40,0.2987179487179487,10,5.0,1400,88.67424971899932,0.2349715999998807,0,46106,368848
40,0.39871794871794874,10,0.1,600,104.18839239433785,1.770091400000183,11309056,611666,4893328
40,0.39871794871794874,10,0.1,1000,109.71860032123192,1.7699847000003501,3190784,611666,4893328
40,0.39871794871794874,10,0.1,1400,111.20269653053747,1.8153197999999975,4370432,611666,4893328
40,0.39871794871794874,10,0.1,600,128.5557030511361,3.2726344000002427,6774784,1158934,9271472
40,0.39871794871794874,10,0.1,1000,132.73635254908785,3.277140299999701,9736192,1158934,9271472
40,0.39871794871794874,10,0.1,1400,124.88879620801671,3.319564899999932,11862016,1158934,9271472
40,0.39871794871794874,10,0.1,600,66.0020121237965,1.9572883999999249,-55377920,683306,5466448
40,0.39871794871794874,10,0.1,1000,73.46655166079755,1.953423599999951,4272128,683306,5466448
40,0.39871794871794874,10,0.1,1400,72.60044370395444,1.9516691000003448,4751360,683306,5466448
40,0.39871794871794874,10,0.1,600,121.35588430478293,1.5487723999999616,241664,521018,4168144
40,0.39871794871794874,10,0.1,1000,126.09746904716371,1.5274850999999217,2105344,521018,4168144
40,0.39871794871794874,10,0.1,1400,126.38531413851986,1.4984854999997879,3145728,521018,4168144
40,0.39871794871794874,10,0.1,600,113.18051067607615,3.8904615000001286,10076160,1389458,11115664
40,0.39871794871794874,10,0.1,1000,121.08133251980152,3.9165563999999904,-29630464,1389458,11115664
40,0.39871794871794874,10,0.1,1400,115.0689145831916,3.8345313000004353,9560064,1389458,11115664
40,0.39871794871794874,10,0.5,600,109.04780237361543,1.7672841999997217,-782336,611666,4893328
40,0.39871794871794874,10,0.5,1000,87.7860912668109,1.7476900000001478,2117632,611666,4893328
40,0.39871794871794874,10,0.5,1400,91.03462993437776,1.7473297999999886,4202496,611666,4893328
40,0.39871794871794874,10,0.5,600,99.14366470217315,3.225479600000199,22405120,1158934,9271472
40,0.39871794871794874,10,0.5,1000,99.21218431809014,3.239759099999901,8114176,1158934,9271472
40,0.39871794871794874,10,0.5,1400,92.0726573877414,3.244950400000107,9732096,1158934,9271472
40,0.39871794871794874,10,0.5,600,96.96142846245148,1.9573405999999522,2850816,683306,5466448
40,0.39871794871794874,10,0.5,1000,97.81558855019625,1.9755525999999008,4206592,683306,5466448
40,0.39871794871794874,10,0.5,1400,95.95850900097916,1.9524120999999468,4206592,683306,5466448
40,0.39871794871794874,10,0.5,600,69.14007235760333,1.4970140999998875,-8192,521018,4168144
40,0.39871794871794874,10,0.5,1000,70.6268754084642,1.5275348000000122,2105344,521018,4168144
40,0.39871794871794874,10,0.5,1400,71.04856701423148,1.5350022000002355,2633728,521018,4168144
40,0.39871794871794874,10,0.5,600,64.50012286736408,3.8759318000002168,23273472,1389458,11115664
40,0.39871794871794874,10,0.5,1000,72.11806211609463,3.8457814999997026,14192640,1389458,11115664
40,0.39871794871794874,10,0.5,1400,72.2014357959623,3.9421480999999403,10244096,1389458,11115664
40,0.39871794871794874,10,1.0,600,101.70921913052243,1.7872605999996267,2097152,611666,4893328
40,0.39871794871794874,10,1.0,1000,93.4217560686125,1.800289199999952,3600384,611666,4893328
40,0.39871794871794874,10,1.0,1400,95.01058438703491,1.73786199999995,4591616,611666,4893328
40,0.39871794871794874,10,1.0,600,89.6444318228573,3.261080199999924,5779456,1158934,9271472
40,0.39871794871794874,10,1.0,1000,89.09288488879578,3.335943800000223,10268672,1158934,9271472
40,0.39871794871794874,10,1.0,1400,77.5017720207216,3.3215289999998276,9449472,1158934,9271472
40,0.39871794871794874,10,1.0,600,100.62738864427475,2.1160164000002624,10477568,683306,5466448
40,0.39871794871794874,10,1.0,1000,97.28372536233461,1.9970922000002247,4894720,683306,5466448
40,0.39871794871794874,10,1.0,1400,97.81720841153087,1.960222199999862,5312512,683306,5466448
40,0.39871794871794874,10,1.0,600,73.68434189730972,1.5142660999999862,10477568,521018,4168144
40,0.39871794871794874,10,1.0,1000,74.21881876054304,1.5311934999999721,3182592,521018,4168144
40,0.39871794871794874,10,1.0,1400,75.59117252868005,1.5186766000001626,3665920,521018,4168144
40,0.39871794871794874,10,1.0,600,60.584028259342105,3.8640323999998145,24555520,1389458,11115664
40,0.39871794871794874,10,1.0,1000,70.6019473505265,3.883393800000249,9682944,1389458,11115664
40,0.39871794871794874,10,1.0,1400,68.50420089309736,3.853743099999974,10010624,1389458,11115664
40,0.39871794871794874,10,5.0,600,75.87906495227519,1.7539708999997856,2101248,611666,4893328
40,0.39871794871794874,10,5.0,1000,70.85562669682643,1.7232561999999234,2121728,611666,4893328
40,0.39871794871794874,10,5.0,1400,74.49025434639455,1.7174416999996538,2170880,611666,4893328
40,0.39871794871794874,10,5.0,600,86.44411334440836,3.286885600000005,22757376,1158934,9271472
40,0.39871794871794874,10,5.0,1000,84.51287348262717,3.277195899999697,8994816,1158934,9271472
40,0.39871794871794874,10,5.0,1400,79.60343374109073,3.247577199999796,8835072,1158934,9271472
40,0.39871794871794874,10,5.0,600,60.74371765226873,1.9992363000001205,4227072,683306,5466448
40,0.39871794871794874,10,5.0,1000,61.342465871759096,1.9434888000000683,4202496,683306,5466448
40,0.39871794871794874,10,5.0,1400,62.429115930325736,1.9791599000000133,4231168,683306,5466448
40,0.39871794871794874,10,5.0,600,64.09690288299946,1.5098800999999185,2121728,521018,4168144
40,0.39871794871794874,10,5.0,1000,65.34600123892255,1.5208543999997346,2117632,521018,4168144
40,0.39871794871794874,10,5.0,1400,66.4305211040936,1.5086860999999772,2105344,521018,4168144
40,0.39871794871794874,10,5.0,600,52.38402029990903,3.9296407000001636,24637440,1389458,11115664
40,0.39871794871794874,10,5.0,1000,58.96161599184433,3.8830748000000312,8953856,1389458,11115664
40,0.39871794871794874,10,5.0,1400,57.089350348598856,3.885744799999884,8040448,1389458,11115664
