disc_level,dag_level,fold,n_train_spec,estimator,type,hidden_dims,activation,pseudo_count,sample_size,n_fit,n_test,n_edges,seed,split_seed,nn_seed,loglik,loglik_se,n_floored,unseen_rate,node_loglik,node_unseen,node_floored,fit_time_s,fit_cpu_s,fit_rss_delta_bytes,stored_params,free_params,memory_bytes,memory_bytes_native,n_jobs,device,torch_threads,torch_version,code_version,stop_epoch_mean,best_epoch_mean,frac_at_ceiling
L1,high,0,500,mle,mle,,,,500,500,50736,37,0,1850590142,981146138,-17.539206779915688,0.0648100469285998,9962,0.2437125512456638,"{""Diabetes_binary"": -2.162659666096451, ""HighBP"": -0.7063897987830736, ""HighChol"": -0.685632207494521, ""CholCheck"": -0.2662683414654717, ""BMI"": -1.0147728259204207, ""Smoker"": -0.6870745080432203, ""Stroke"": -0.15935811612632686, ""HeartDiseaseorAttack"": -0.29224243005123196, ""PhysActivity"": -0.5584438133384655, ""Fruits"": -0.6593268177545696, ""Veggies"": -0.4789770786391798, ""HvyAlcoholConsump"": -0.21697094042785056, ""AnyHealthcare"": -0.18416102753825309, ""NoDocbcCost"": -0.2660764539966471, ""GenHlth"": -1.6085501339024681, ""MentHlth"": -1.4097929306602788, ""PhysHlth"": -1.251973643536476, ""DiffWalk"": -0.4387529083344795, ""Sex"": -0.6896582351532082, ""Age"": -1.683095472284591, ""Education"": -0.6771805294493572, ""Income"": -1.441848900919148}","{""HvyAlcoholConsump"": 0.0, ""PhysHlth"": 0.005912961210974456, ""Sex"": 0.0, ""Diabetes_binary"": 0.23027041942604856, ""Age"": 0.0, ""Income"": 0.0012023021128981393, ""GenHlth"": 0.005912961210974456, ""BMI"": 0.0, ""PhysActivity"": 0.0, ""DiffWalk"": 0.0008081046988331757, ""MentHlth"": 0.019256543677073478, ""AnyHealthcare"": 0.0, ""NoDocbcCost"": 0.0, ""CholCheck"": 0.0, ""HighBP"": 0.0, ""HeartDiseaseorAttack"": 0.0, ""Stroke"": 0.0, ""HighChol"": 0.0, ""Education"": 0.0, ""Smoker"": 0.0, ""Fruits"": 0.0, ""Veggies"": 0.0}","{""Diabetes_binary"": 3462, ""HighBP"": 98, ""HighChol"": 0, ""CholCheck"": 168, ""BMI"": 471, ""Smoker"": 0, ""Stroke"": 0, ""HeartDiseaseorAttack"": 0, ""PhysActivity"": 0, ""Fruits"": 0, ""Veggies"": 0, ""HvyAlcoholConsump"": 0, ""AnyHealthcare"": 0, ""NoDocbcCost"": 0, ""GenHlth"": 1592, ""MentHlth"": 1988, ""PhysHlth"": 1458, ""DiffWalk"": 32, ""Sex"": 0, ""Age"": 0, ""Education"": 0, ""Income"": 693}",0.1106649000139441,0.109375,630784,2481,1348,19848,19848,10,cpu,1,2.14.1+cu130,d52d239,,,
L1,high,0,500,dirichlet_0.5,dirichlet,,,0.5,500,500,50736,37,0,1850590142,981146138,-12.722314423899093,0.0178505042959259,0,0.2437125512456638,"{""Diabetes_binary"": -0.47286369647957815, ""HighBP"": -0.6549682150056559, ""HighChol"": -0.6848061011134976, ""CholCheck"": -0.1776578879524808, ""BMI"": -0.8013075727856029, ""Smoker"": -0.6870808951905087, ""Stroke"": -0.15906674472744717, ""HeartDiseaseorAttack"": -0.28909739848149896, ""PhysActivity"": -0.5585550617892874, ""Fruits"": -0.6592661379573693, ""Veggies"": -0.47898227640557833, ""HvyAlcoholConsump"": -0.2171150636435484, ""AnyHealthcare"": -0.18417770918177495, ""NoDocbcCost"": -0.26505534527968433, ""GenHlth"": -0.8392486119837471, ""MentHlth"": -0.4446248275052712, ""PhysHlth"": -0.5641106601467869, ""DiffWalk"": -0.42221216457318744, ""Sex"": -0.6896258547471104, ""Age"": -1.6831076729676802, ""Education"": -0.6773968841231486, ""Income"": -1.1119876418586467}","{""HvyAlcoholConsump"": 0.0, ""PhysHlth"": 0.005912961210974456, ""Sex"": 0.0, ""Diabetes_binary"": 0.23027041942604856, ""Age"": 0.0, ""Income"": 0.0012023021128981393, ""GenHlth"": 0.005912961210974456, ""BMI"": 0.0, ""PhysActivity"": 0.0, ""DiffWalk"": 0.0008081046988331757, ""MentHlth"": 0.019256543677073478, ""AnyHealthcare"": 0.0, ""NoDocbcCost"": 0.0, ""CholCheck"": 0.0, ""HighBP"": 0.0, ""HeartDiseaseorAttack"": 0.0, ""Stroke"": 0.0, ""HighChol"": 0.0, ""Education"": 0.0, ""Smoker"": 0.0, ""Fruits"": 0.0, ""Veggies"": 0.0}","{""Diabetes_binary"": 0, ""HighBP"": 0, ""HighChol"": 0, ""CholCheck"": 0, ""BMI"": 0, ""Smoker"": 0, ""Stroke"": 0, ""HeartDiseaseorAttack"": 0, ""PhysActivity"": 0, ""Fruits"": 0, ""Veggies"": 0, ""HvyAlcoholConsump"": 0, ""AnyHealthcare"": 0, ""NoDocbcCost"": 0, ""GenHlth"": 0, ""MentHlth"": 0, ""PhysHlth"": 0, ""DiffWalk"": 0, ""Sex"": 0, ""Age"": 0, ""Education"": 0, ""Income"": 0}",0.1447627000161446,0.125,1208320,2481,1348,19848,19848,10,cpu,1,2.14.1+cu130,d52d239,,,
L1,high,0,500,nn_linear,nn,[],linear,,500,400,50736,37,0,1850590142,981146138,-12.659654467048044,0.0159436886352642,0,0.2437125512456638,"{""Diabetes_binary"": -0.3382057547569275, ""HighBP"": -0.6504665613174438, ""HighChol"": -0.6868979930877686, ""CholCheck"": -0.15852367877960205, ""BMI"": -0.8020575642585754, ""Smoker"": -0.6931228637695312, ""Stroke"": -0.16575221717357635, ""HeartDiseaseorAttack"": -0.2821750342845917, ""PhysActivity"": -0.5822761654853821, ""Fruits"": -0.6564809083938599, ""Veggies"": -0.47907334566116333, ""HvyAlcoholConsump"": -0.272628515958786, ""AnyHealthcare"": -0.19305860996246338, ""NoDocbcCost"": -0.2647022008895874, ""GenHlth"": -0.8103535771369934, ""MentHlth"": -0.4127325713634491, ""PhysHlth"": -0.5254822969436646, ""DiffWalk"": -0.42912161350250244, ""Sex"": -0.6868079900741577, ""Age"": -1.6927080154418945, ""Education"": -0.7798445224761963, ""Income"": -1.0971826314926147}","{""HvyAlcoholConsump"": 0.0, ""PhysHlth"": 0.005912961210974456, ""Sex"": 0.0, ""Diabetes_binary"": 0.23027041942604856, ""Age"": 0.0, ""Income"": 0.0012023021128981393, ""GenHlth"": 0.005912961210974456, ""BMI"": 0.0, ""PhysActivity"": 0.0, ""DiffWalk"": 0.0008081046988331757, ""MentHlth"": 0.019256543677073478, ""AnyHealthcare"": 0.0, ""NoDocbcCost"": 0.0, ""CholCheck"": 0.0, ""HighBP"": 0.0, ""HeartDiseaseorAttack"": 0.0, ""Stroke"": 0.0, ""HighChol"": 0.0, ""Education"": 0.0, ""Smoker"": 0.0, ""Fruits"": 0.0, ""Veggies"": 0.0}","{""Diabetes_binary"": 0, ""HighBP"": 0, ""HighChol"": 0, ""CholCheck"": 0, ""BMI"": 0, ""Smoker"": 0, ""Stroke"": 0, ""HeartDiseaseorAttack"": 0, ""PhysActivity"": 0, ""Fruits"": 0, ""Veggies"": 0, ""HvyAlcoholConsump"": 0, ""AnyHealthcare"": 0, ""NoDocbcCost"": 0, ""GenHlth"": 0, ""MentHlth"": 0, ""PhysHlth"": 0, ""DiffWalk"": 0, ""Sex"": 0, ""Age"": 0, ""Education"": 0, ""Income"": 0}",16.450985500006936,15.296875,175775744,378,378,3024,1512,10,cpu,1,2.14.1+cu130,d52d239,157.0,147.63636363636363,0.5454545454545454
L1,high,0,500,01_256x128_lr3e-4,nn,"[256, 128]",ReLU,,500,400,50736,37,0,1850590142,981146138,-12.536022741358924,0.0173525668512777,0,0.2437125512456638,"{""Diabetes_binary"": -0.336724191904068, ""HighBP"": -0.659764289855957, ""HighChol"": -0.6826803088188171, ""CholCheck"": -0.1806604117155075, ""BMI"": -0.7936253547668457, ""Smoker"": -0.6882796287536621, ""Stroke"": -0.15792548656463623, ""HeartDiseaseorAttack"": -0.29314810037612915, ""PhysActivity"": -0.5866251587867737, ""Fruits"": -0.6560121178627014, ""Veggies"": -0.47906166315078735, ""HvyAlcoholConsump"": -0.2163877934217453, ""AnyHealthcare"": -0.18282879889011383, ""NoDocbcCost"": -0.2667630910873413, ""GenHlth"": -0.8135629296302795, ""MentHlth"": -0.4151058793067932, ""PhysHlth"": -0.5215077996253967, ""DiffWalk"": -0.4389741122722626, ""Sex"": -0.6926044225692749, ""Age"": -1.6843332052230835, ""Education"": -0.6927106380462646, ""Income"": -1.0967376232147217}","{""HvyAlcoholConsump"": 0.0, ""PhysHlth"": 0.005912961210974456, ""Sex"": 0.0, ""Diabetes_binary"": 0.23027041942604856, ""Age"": 0.0, ""Income"": 0.0012023021128981393, ""GenHlth"": 0.005912961210974456, ""BMI"": 0.0, ""PhysActivity"": 0.0, ""DiffWalk"": 0.0008081046988331757, ""MentHlth"": 0.019256543677073478, ""AnyHealthcare"": 0.0, ""NoDocbcCost"": 0.0, ""CholCheck"": 0.0, ""HighBP"": 0.0, ""HeartDiseaseorAttack"": 0.0, ""Stroke"": 0.0, ""HighChol"": 0.0, ""Education"": 0.0, ""Smoker"": 0.0, ""Fruits"": 0.0, ""Veggies"": 0.0}","{""Diabetes_binary"": 0, ""HighBP"": 0, ""HighChol"": 0, ""CholCheck"": 0, ""BMI"": 0, ""Smoker"": 0, ""Stroke"": 0, ""HeartDiseaseorAttack"": 0, ""PhysActivity"": 0, ""Fruits"": 0, ""Veggies"": 0, ""HvyAlcoholConsump"": 0, ""AnyHealthcare"": 0, ""NoDocbcCost"": 0, ""GenHlth"": 0, ""MentHlth"": 0, ""PhysHlth"": 0, ""DiffWalk"": 0, ""Sex"": 0, ""Age"": 0, ""Education"": 0, ""Income"": 0}",17.413121599995065,16.359375,6537216,769463,769463,6155704,3077852,10,cpu,1,2.14.1+cu130,d52d239,54.95454545454545,34.95454545454545,0.0
L1,high,0,500,k6_128_64_9,nn,"[128, 64]",ReLU,,500,400,50736,37,0,1850590142,981146138,-12.530756242257167,0.0171533518194793,0,0.2437125512456638,"{""Diabetes_binary"": -0.33743414282798767, ""HighBP"": -0.6578829884529114, ""HighChol"": -0.6840625405311584, ""CholCheck"": -0.17605780065059662, ""BMI"": -0.7941201329231262, ""Smoker"": -0.6887922286987305, ""Stroke"": -0.15872250497341156, ""HeartDiseaseorAttack"": -0.28224238753318787, ""PhysActivity"": -0.5821210145950317, ""Fruits"": -0.6567612886428833, ""Veggies"": -0.4790584444999695, ""HvyAlcoholConsump"": -0.2163269966840744, ""AnyHealthcare"": -0.18322503566741943, ""NoDocbcCost"": -0.26456916332244873, ""GenHlth"": -0.8203139901161194, ""MentHlth"": -0.4173528254032135, ""PhysHlth"": -0.5286140441894531, ""DiffWalk"": -0.4365284740924835, ""Sex"": -0.6882078647613525, ""Age"": -1.6868194341659546, ""Education"": -0.691602349281311, ""Income"": -1.099940538406372}","{""HvyAlcoholConsump"": 0.0, ""PhysHlth"": 0.005912961210974456, ""Sex"": 0.0, ""Diabetes_binary"": 0.23027041942604856, ""Age"": 0.0, ""Income"": 0.0012023021128981393, ""GenHlth"": 0.005912961210974456, ""BMI"": 0.0, ""PhysActivity"": 0.0, ""DiffWalk"": 0.0008081046988331757, ""MentHlth"": 0.019256543677073478, ""AnyHealthcare"": 0.0, ""NoDocbcCost"": 0.0, ""CholCheck"": 0.0, ""HighBP"": 0.0, ""HeartDiseaseorAttack"": 0.0, ""Stroke"": 0.0, ""HighChol"": 0.0, ""Education"": 0.0, ""Smoker"": 0.0, ""Fruits"": 0.0, ""Veggies"": 0.0}","{""Diabetes_binary"": 0, ""HighBP"": 0, ""HighChol"": 0, ""CholCheck"": 0, ""BMI"": 0, ""Smoker"": 0, ""Stroke"": 0, ""HeartDiseaseorAttack"": 0, ""PhysActivity"": 0, ""Fruits"": 0, ""Veggies"": 0, ""HvyAlcoholConsump"": 0, ""AnyHealthcare"": 0, ""NoDocbcCost"": 0, ""GenHlth"": 0, ""MentHlth"": 0, ""PhysHlth"": 0, ""DiffWalk"": 0, ""Sex"": 0, ""Age"": 0, ""Education"": 0, ""Income"": 0}",31.67127920000348,29.734375,-59695104,204535,204535,1636280,818140,10,cpu,1,2.14.1+cu130,d52d239,125.36363636363636,75.36363636363636,0.0
L1,high,0,2000,mle,mle,,,,2000,2000,50736,37,0,1808620605,184518865,-14.29238457086145,0.0416354814989808,3805,0.0843385367391989,"{""Diabetes_binary"": -1.5218022434224436, ""HighBP"": -0.6507433345917111, ""HighChol"": -0.6745861275952726, ""CholCheck"": -0.15561025708748508, ""BMI"": -0.7889282438003009, ""Smoker"": -0.6867367511133377, ""Stroke"": -0.1536122204198278, ""HeartDiseaseorAttack"": -0.2811167560569969, ""PhysActivity"": -0.5554063493412812, ""Fruits"": -0.6560067905727168, ""Veggies"": -0.4794706570719201, ""HvyAlcoholConsump"": -0.21635220473296654, ""AnyHealthcare"": -0.18206657666890821, ""NoDocbcCost"": -0.26327379416500285, ""GenHlth"": -0.9831827671298671, ""MentHlth"": -0.7162848429518632, ""PhysHlth"": -0.6973421697133503, ""DiffWalk"": -0.4246609686216152, ""Sex"": -0.686380329097694, ""Age"": -1.681320055092966, ""Education"": -0.6769769605006665, ""Income"": -1.160524171113259}","{""HvyAlcoholConsump"": 0.0, ""PhysHlth"": 0.0022272153894670453, ""Sex"": 0.0, ""Diabetes_binary"": 0.08043598233995584, ""Age"": 0.0, ""Income"": 0.0, ""GenHlth"": 0.0022272153894670453, ""BMI"": 0.0, ""PhysActivity"": 0.0, ""DiffWalk"": 0.0, ""MentHlth"": 0.0031338694418164615, ""AnyHealthcare"": 0.0, ""NoDocbcCost"": 0.0, ""CholCheck"": 0.0, ""HighBP"": 0.0, ""HeartDiseaseorAttack"": 0.0, ""Stroke"": 0.0, ""HighChol"": 0.0, ""Education"": 0.0, ""Smoker"": 0.0, ""Fruits"": 0.0, ""Veggies"": 0.0}","{""Diabetes_binary"": 2297, ""HighBP"": 0, ""HighChol"": 0, ""CholCheck"": 0, ""BMI"": 0, ""Smoker"": 0, ""Stroke"": 0, ""HeartDiseaseorAttack"": 0, ""PhysActivity"": 0, ""Fruits"": 0, ""Veggies"": 0, ""HvyAlcoholConsump"": 0, ""AnyHealthcare"": 0, ""NoDocbcCost"": 0, ""GenHlth"": 365, ""MentHlth"": 621, ""PhysHlth"": 370, ""DiffWalk"": 9, ""Sex"": 0, ""Age"": 0, ""Education"": 0, ""Income"": 143}",0.2218726999999489,0.203125,73728,2481,1348,19848,19848,10,cpu,1,2.14.1+cu130,d52d239,,,
L1,high,0,2000,dirichlet_0.5,dirichlet,,,0.5,2000,2000,50736,37,0,1808620605,184518865,-12.4443627746745,0.0171704054203924,0,0.0843385367391989,"{""Diabetes_binary"": -0.39727325804457836, ""HighBP"": -0.6501520519928661, ""HighChol"": -0.6745289231158205, ""CholCheck"": -0.15554715585292025, ""BMI"": -0.7885954362801327, ""Smoker"": -0.6867381548692308, ""Stroke"": -0.15364237279404294, ""HeartDiseaseorAttack"": -0.28102385087079373, ""PhysActivity"": -0.5553773378929616, ""Fruits"": -0.6560064841395128, ""Veggies"": -0.4794825950693797, ""HvyAlcoholConsump"": -0.21637130693032658, ""AnyHealthcare"": -0.18206628827269175, ""NoDocbcCost"": -0.26324874539059034, ""GenHlth"": -0.8054832377340494, ""MentHlth"": -0.41853670397635895, ""PhysHlth"": -0.526258564687501, ""DiffWalk"": -0.4202227930838258, ""Sex"": -0.6863804012079582, ""Age"": -1.6813265880262138, ""Education"": -0.6769664977327768, ""Income"": -1.0891340267099667}","{""HvyAlcoholConsump"": 0.0, ""PhysHlth"": 0.0022272153894670453, ""Sex"": 0.0, ""Diabetes_binary"": 0.08043598233995584, ""Age"": 0.0, ""Income"": 0.0, ""GenHlth"": 0.0022272153894670453, ""BMI"": 0.0, ""PhysActivity"": 0.0, ""DiffWalk"": 0.0, ""MentHlth"": 0.0031338694418164615, ""AnyHealthcare"": 0.0, ""NoDocbcCost"": 0.0, ""CholCheck"": 0.0, ""HighBP"": 0.0, ""HeartDiseaseorAttack"": 0.0, ""Stroke"": 0.0, ""HighChol"": 0.0, ""Education"": 0.0, ""Smoker"": 0.0, ""Fruits"": 0.0, ""Veggies"": 0.0}","{""Diabetes_binary"": 0, ""HighBP"": 0, ""HighChol"": 0, ""CholCheck"": 0, ""BMI"": 0, ""Smoker"": 0, ""Stroke"": 0, ""HeartDiseaseorAttack"": 0, ""PhysActivity"": 0, ""Fruits"": 0, ""Veggies"": 0, ""HvyAlcoholConsump"": 0, ""AnyHealthcare"": 0, ""NoDocbcCost"": 0, ""GenHlth"": 0, ""MentHlth"": 0, ""PhysHlth"": 0, ""DiffWalk"": 0, ""Sex"": 0, ""Age"": 0, ""Education"": 0, ""Income"": 0}",0.2711550999956671,0.265625,487424,2481,1348,19848,19848,10,cpu,1,2.14.1+cu130,d52d239,,,
L1,high,0,2000,nn_linear,nn,[],linear,,2000,1600,50736,37,0,1808620605,184518865,-12.3387927648389,0.0167440005349823,0,0.0843385367391989,"{""Diabetes_binary"": -0.32853856682777405, ""HighBP"": -0.6480600237846375, ""HighChol"": -0.672713577747345, ""CholCheck"": -0.15523037314414978, ""BMI"": -0.7888991236686707, ""Smoker"": -0.6902581453323364, ""Stroke"": -0.15394635498523712, ""HeartDiseaseorAttack"": -0.27972421050071716, ""PhysActivity"": -0.5550791025161743, ""Fruits"": -0.6560474634170532, ""Veggies"": -0.47990432381629944, ""HvyAlcoholConsump"": -0.21690092980861664, ""AnyHealthcare"": -0.18205516040325165, ""NoDocbcCost"": -0.2635071873664856, ""GenHlth"": -0.7936660647392273, ""MentHlth"": -0.40732911229133606, ""PhysHlth"": -0.5124266743659973, ""DiffWalk"": -0.42036452889442444, ""Sex"": -0.6864062547683716, ""Age"": -1.6826852560043335, ""Education"": -0.6775926947593689, ""Income"": -1.087457299232483}","{""HvyAlcoholConsump"": 0.0, ""PhysHlth"": 0.0022272153894670453, ""Sex"": 0.0, ""Diabetes_binary"": 0.08043598233995584, ""Age"": 0.0, ""Income"": 0.0, ""GenHlth"": 0.0022272153894670453, ""BMI"": 0.0, ""PhysActivity"": 0.0, ""DiffWalk"": 0.0, ""MentHlth"": 0.0031338694418164615, ""AnyHealthcare"": 0.0, ""NoDocbcCost"": 0.0, ""CholCheck"": 0.0, ""HighBP"": 0.0, ""HeartDiseaseorAttack"": 0.0, ""Stroke"": 0.0, ""HighChol"": 0.0, ""Education"": 0.0, ""Smoker"": 0.0, ""Fruits"": 0.0, ""Veggies"": 0.0}","{""Diabetes_binary"": 0, ""HighBP"": 0, ""HighChol"": 0, ""CholCheck"": 0, ""BMI"": 0, ""Smoker"": 0, ""Stroke"": 0, ""HeartDiseaseorAttack"": 0, ""PhysActivity"": 0, ""Fruits"": 0, ""Veggies"": 0, ""HvyAlcoholConsump"": 0, ""AnyHealthcare"": 0, ""NoDocbcCost"": 0, ""GenHlth"": 0, ""MentHlth"": 0, ""PhysHlth"": 0, ""DiffWalk"": 0, ""Sex"": 0, ""Age"": 0, ""Education"": 0, ""Income"": 0}",41.65076889999909,40.65625,-55771136,378,378,3024,1512,10,cpu,1,2.14.1+cu130,d52d239,131.13636363636363,112.36363636363636,0.1818181818181818
L1,high,0,2000,01_256x128_lr3e-4,nn,"[256, 128]",ReLU,,2000,1600,50736,37,0,1808620605,184518865,-12.33634271508713,0.0170022338299535,0,0.0843385367391989,"{""Diabetes_binary"": -0.3280965983867645, ""HighBP"": -0.6492950320243835, ""HighChol"": -0.6738322973251343, ""CholCheck"": -0.15579503774642944, ""BMI"": -0.7884808778762817, ""Smoker"": -0.6871007084846497, ""Stroke"": -0.15373235940933228, ""HeartDiseaseorAttack"": -0.2810284495353699, ""PhysActivity"": -0.5551573634147644, ""Fruits"": -0.6560476422309875, ""Veggies"": -0.4790131449699402, ""HvyAlcoholConsump"": -0.21654468774795532, ""AnyHealthcare"": -0.18197932839393616, ""NoDocbcCost"": -0.26226720213890076, ""GenHlth"": -0.793473482131958, ""MentHlth"": -0.4065476059913635, ""PhysHlth"": -0.5130706429481506, ""DiffWalk"": -0.4198920726776123, ""Sex"": -0.686469554901123, ""Age"": -1.6834300756454468, ""Education"": -0.6769357919692993, ""Income"": -1.0881526470184326}","{""HvyAlcoholConsump"": 0.0, ""PhysHlth"": 0.0022272153894670453, ""Sex"": 0.0, ""Diabetes_binary"": 0.08043598233995584, ""Age"": 0.0, ""Income"": 0.0, ""GenHlth"": 0.0022272153894670453, ""BMI"": 0.0, ""PhysActivity"": 0.0, ""DiffWalk"": 0.0, ""MentHlth"": 0.0031338694418164615, ""AnyHealthcare"": 0.0, ""NoDocbcCost"": 0.0, ""CholCheck"": 0.0, ""HighBP"": 0.0, ""HeartDiseaseorAttack"": 0.0, ""Stroke"": 0.0, ""HighChol"": 0.0, ""Education"": 0.0, ""Smoker"": 0.0, ""Fruits"": 0.0, ""Veggies"": 0.0}","{""Diabetes_binary"": 0, ""HighBP"": 0, ""HighChol"": 0, ""CholCheck"": 0, ""BMI"": 0, ""Smoker"": 0, ""Stroke"": 0, ""HeartDiseaseorAttack"": 0, ""PhysActivity"": 0, ""Fruits"": 0, ""Veggies"": 0, ""HvyAlcoholConsump"": 0, ""AnyHealthcare"": 0, ""NoDocbcCost"": 0, ""GenHlth"": 0, ""MentHlth"": 0, ""PhysHlth"": 0, ""DiffWalk"": 0, ""Sex"": 0, ""Age"": 0, ""Education"": 0, ""Income"": 0}",39.382082099997206,36.609375,1277952,769463,769463,6155704,3077852,10,cpu,1,2.14.1+cu130,d52d239,36.09090909090909,16.09090909090909,0.0
L1,high,0,2000,k6_128_64_9,nn,"[128, 64]",ReLU,,2000,1600,50736,37,0,1808620605,184518865,-12.337273826871632,0.0169618801870928,0,0.0843385367391989,"{""Diabetes_binary"": -0.32807818055152893, ""HighBP"": -0.6490887999534607, ""HighChol"": -0.673530101776123, ""CholCheck"": -0.15508921444416046, ""BMI"": -0.7891087532043457, ""Smoker"": -0.6872647404670715, ""Stroke"": -0.15387776494026184, ""HeartDiseaseorAttack"": -0.2807786464691162, ""PhysActivity"": -0.5550961494445801, ""Fruits"": -0.6560535430908203, ""Veggies"": -0.4789893925189972, ""HvyAlcoholConsump"": -0.2163309007883072, ""AnyHealthcare"": -0.1823459416627884, ""NoDocbcCost"": -0.2627148926258087, ""GenHlth"": -0.7945188879966736, ""MentHlth"": -0.4068123400211334, ""PhysHlth"": -0.5130569934844971, ""DiffWalk"": -0.4208337962627411, ""Sex"": -0.6864194273948669, ""Age"": -1.6817941665649414, ""Education"": -0.6775160431861877, ""Income"": -1.0879751443862915}","{""HvyAlcoholConsump"": 0.0, ""PhysHlth"": 0.0022272153894670453, ""Sex"": 0.0, ""Diabetes_binary"": 0.08043598233995584, ""Age"": 0.0, ""Income"": 0.0, ""GenHlth"": 0.0022272153894670453, ""BMI"": 0.0, ""PhysActivity"": 0.0, ""DiffWalk"": 0.0, ""MentHlth"": 0.0031338694418164615, ""AnyHealthcare"": 0.0, ""NoDocbcCost"": 0.0, ""CholCheck"": 0.0, ""HighBP"": 0.0, ""HeartDiseaseorAttack"": 0.0, ""Stroke"": 0.0, ""HighChol"": 0.0, ""Education"": 0.0, ""Smoker"": 0.0, ""Fruits"": 0.0, ""Veggies"": 0.0}","{""Diabetes_binary"": 0, ""HighBP"": 0, ""HighChol"": 0, ""CholCheck"": 0, ""BMI"": 0, ""Smoker"": 0, ""Stroke"": 0, ""HeartDiseaseorAttack"": 0, ""PhysActivity"": 0, ""Fruits"": 0, ""Veggies"": 0, ""HvyAlcoholConsump"": 0, ""AnyHealthcare"": 0, ""NoDocbcCost"": 0, ""GenHlth"": 0, ""MentHlth"": 0, ""PhysHlth"": 0, ""DiffWalk"": 0, ""Sex"": 0, ""Age"": 0, ""Education"": 0, ""Income"": 0}",63.50590039999224,60.859375,-116224000,204535,204535,1636280,818140,10,cpu,1,2.14.1+cu130,d52d239,81.36363636363636,31.363636363636363,0.0
L1,high,0,10000,mle,mle,,,,10000,10000,50736,37,0,2624760806,2575112927,-12.824333250638578,0.0259147077281673,1015,0.0119244717754651,"{""Diabetes_binary"": -0.7096681926649202, ""HighBP"": -0.6477048194621147, ""HighChol"": -0.6722147399981963, ""CholCheck"": -0.15425876052726323, ""BMI"": -0.7872832487212233, ""Smoker"": -0.6863436320945413, ""Stroke"": -0.15325465410703232, ""HeartDiseaseorAttack"": -0.28032115198000834, ""PhysActivity"": -0.5548461185910821, ""Fruits"": -0.6561987757470139, ""Veggies"": -0.47901536908017406, ""HvyAlcoholConsump"": -0.21613839210087965, ""AnyHealthcare"": -0.18199007553186344, ""NoDocbcCost"": -0.26090358986708767, ""GenHlth"": -0.825158780213601, ""MentHlth"": -0.4581098732682384, ""PhysHlth"": -0.5454929914175582, ""DiffWalk"": -0.41871361098925586, ""Sex"": -0.6865095311101096, ""Age"": -1.6809056631691692, ""Education"": -0.6766083749778478, ""Income"": -1.092692905019397}","{""HvyAlcoholConsump"": 0.0, ""PhysHlth"": 0.0, ""Sex"": 0.0, ""Diabetes_binary"": 0.011490854619993694, ""Age"": 0.0, ""Income"": 0.0, ""GenHlth"": 0.0, ""BMI"": 0.0, ""PhysActivity"": 0.0, ""DiffWalk"": 0.0, ""MentHlth"": 0.0004336171554714601, ""AnyHealthcare"": 0.0, ""NoDocbcCost"": 0.0, ""CholCheck"": 0.0, ""HighBP"": 0.0, ""HeartDiseaseorAttack"": 0.0, ""Stroke"": 0.0, ""HighChol"": 0.0, ""Education"": 0.0, ""Smoker"": 0.0, ""Fruits"": 0.0, ""Veggies"": 0.0}","{""Diabetes_binary"": 748, ""HighBP"": 0, ""HighChol"": 0, ""CholCheck"": 0, ""BMI"": 0, ""Smoker"": 0, ""Stroke"": 0, ""HeartDiseaseorAttack"": 0, ""PhysActivity"": 0, ""Fruits"": 0, ""Veggies"": 0, ""HvyAlcoholConsump"": 0, ""AnyHealthcare"": 0, ""NoDocbcCost"": 0, ""GenHlth"": 77, ""MentHlth"": 103, ""PhysHlth"": 69, ""DiffWalk"": 0, ""Sex"": 0, ""Age"": 0, ""Education"": 0, ""Income"": 18}",0.1858230000070762,0.15625,12288,2481,1348,19848,19848,10,cpu,1,2.14.1+cu130,d52d239,,,
L1,high,0,10000,dirichlet_0.5,dirichlet,,,0.5,10000,10000,50736,37,0,2624760806,2575112927,-12.335738595678844,0.0168551460012567,0,0.0119244717754651,"{""Diabetes_binary"": -0.3461245118649822, ""HighBP"": -0.6477120512020287, ""HighChol"": -0.6722156610793764, ""CholCheck"": -0.15426550516032836, ""BMI"": -0.78724640158246, ""Smoker"": -0.6863438067886809, ""Stroke"": -0.15325751215669686, ""HeartDiseaseorAttack"": -0.2803131653094327, ""PhysActivity"": -0.5548436979323945, ""Fruits"": -0.6561992882635851, ""Veggies"": -0.4790160933013289, ""HvyAlcoholConsump"": -0.21613839896170625, ""AnyHealthcare"": -0.18199561805336886, ""NoDocbcCost"": -0.2609084650056745, ""GenHlth"": -0.7899827837454614, ""MentHlth"": -0.4087697102785175, ""PhysHlth"": -0.513135843370025, ""DiffWalk"": -0.4187460457718483, ""Sex"": -0.6865093160649165, ""Age"": -1.6809049753736651, ""Education"": -0.6766103410447594, ""Income"": -1.0844994033676079}","{""HvyAlcoholConsump"": 0.0, ""PhysHlth"": 0.0, ""Sex"": 0.0, ""Diabetes_binary"": 0.011490854619993694, ""Age"": 0.0, ""Income"": 0.0, ""GenHlth"": 0.0, ""BMI"": 0.0, ""PhysActivity"": 0.0, ""DiffWalk"": 0.0, ""MentHlth"": 0.0004336171554714601, ""AnyHealthcare"": 0.0, ""NoDocbcCost"": 0.0, ""CholCheck"": 0.0, ""HighBP"": 0.0, ""HeartDiseaseorAttack"": 0.0, ""Stroke"": 0.0, ""HighChol"": 0.0, ""Education"": 0.0, ""Smoker"": 0.0, ""Fruits"": 0.0, ""Veggies"": 0.0}","{""Diabetes_binary"": 0, ""HighBP"": 0, ""HighChol"": 0, ""CholCheck"": 0, ""BMI"": 0, ""Smoker"": 0, ""Stroke"": 0, ""HeartDiseaseorAttack"": 0, ""PhysActivity"": 0, ""Fruits"": 0, ""Veggies"": 0, ""HvyAlcoholConsump"": 0, ""AnyHealthcare"": 0, ""NoDocbcCost"": 0, ""GenHlth"": 0, ""MentHlth"": 0, ""PhysHlth"": 0, ""DiffWalk"": 0, ""Sex"": 0, ""Age"": 0, ""Education"": 0, ""Income"": 0}",0.2082965000008698,0.203125,176128,2481,1348,19848,19848,10,cpu,1,2.14.1+cu130,d52d239,,,
L1,high,0,10000,nn_linear,nn,[],linear,,10000,8000,50736,37,0,2624760806,2575112927,-12.313707880947998,0.0167331410962459,0,0.0119244717754651,"{""Diabetes_binary"": -0.32667532563209534, ""HighBP"": -0.647802472114563, ""HighChol"": -0.6722199320793152, ""CholCheck"": -0.15431885421276093, ""BMI"": -0.7870810627937317, ""Smoker"": -0.6863537430763245, ""Stroke"": -0.15368953347206116, ""HeartDiseaseorAttack"": -0.2796303331851959, ""PhysActivity"": -0.5549275875091553, ""Fruits"": -0.6561248302459717, ""Veggies"": -0.4790114462375641, ""HvyAlcoholConsump"": -0.216231569647789, ""AnyHealthcare"": -0.18218883872032166, ""NoDocbcCost"": -0.26114752888679504, ""GenHlth"": -0.7903798222541809, ""MentHlth"": -0.4053304195404053, ""PhysHlth"": -0.5106498003005981, ""DiffWalk"": -0.41998231410980225, ""Sex"": -0.688768208026886, ""Age"": -1.6811586618423462, ""Education"": -0.6766338348388672, ""Income"": -1.0834017992019653}","{""HvyAlcoholConsump"": 0.0, ""PhysHlth"": 0.0, ""Sex"": 0.0, ""Diabetes_binary"": 0.011490854619993694, ""Age"": 0.0, ""Income"": 0.0, ""GenHlth"": 0.0, ""BMI"": 0.0, ""PhysActivity"": 0.0, ""DiffWalk"": 0.0, ""MentHlth"": 0.0004336171554714601, ""AnyHealthcare"": 0.0, ""NoDocbcCost"": 0.0, ""CholCheck"": 0.0, ""HighBP"": 0.0, ""HeartDiseaseorAttack"": 0.0, ""Stroke"": 0.0, ""HighChol"": 0.0, ""Education"": 0.0, ""Smoker"": 0.0, ""Fruits"": 0.0, ""Veggies"": 0.0}","{""Diabetes_binary"": 0, ""HighBP"": 0, ""HighChol"": 0, ""CholCheck"": 0, ""BMI"": 0, ""Smoker"": 0, ""Stroke"": 0, ""HeartDiseaseorAttack"": 0, ""PhysActivity"": 0, ""Fruits"": 0, ""Veggies"": 0, ""HvyAlcoholConsump"": 0, ""AnyHealthcare"": 0, ""NoDocbcCost"": 0, ""GenHlth"": 0, ""MentHlth"": 0, ""PhysHlth"": 0, ""DiffWalk"": 0, ""Sex"": 0, ""Age"": 0, ""Education"": 0, ""Income"": 0}",88.6597339999862,86.359375,-49868800,378,378,3024,1512,10,cpu,1,2.14.1+cu130,d52d239,55.59090909090909,35.59090909090909,0.0
L1,high,0,10000,01_256x128_lr3e-4,nn,"[256, 128]",ReLU,,10000,8000,50736,37,0,2624760806,2575112927,-12.31682858755557,0.0169120976810189,0,0.0119244717754651,"{""Diabetes_binary"": -0.3270231783390045, ""HighBP"": -0.6492948532104492, ""HighChol"": -0.6723902225494385, ""CholCheck"": -0.15435205399990082, ""BMI"": -0.7875559329986572, ""Smoker"": -0.6861990094184875, ""Stroke"": -0.1534881442785263, ""HeartDiseaseorAttack"": -0.2804752290248871, ""PhysActivity"": -0.5549380779266357, ""Fruits"": -0.6572756171226501, ""Veggies"": -0.4789755344390869, ""HvyAlcoholConsump"": -0.21620512008666992, ""AnyHealthcare"": -0.18224522471427917, ""NoDocbcCost"": -0.2612842619419098, ""GenHlth"": -0.7899184823036194, ""MentHlth"": -0.40558841824531555, ""PhysHlth"": -0.5121289491653442, ""DiffWalk"": -0.4191983938217163, ""Sex"": -0.6874532699584961, ""Age"": -1.6809523105621338, ""Education"": -0.6767169833183289, ""Income"": -1.0831693410873413}","{""HvyAlcoholConsump"": 0.0, ""PhysHlth"": 0.0, ""Sex"": 0.0, ""Diabetes_binary"": 0.011490854619993694, ""Age"": 0.0, ""Income"": 0.0, ""GenHlth"": 0.0, ""BMI"": 0.0, ""PhysActivity"": 0.0, ""DiffWalk"": 0.0, ""MentHlth"": 0.0004336171554714601, ""AnyHealthcare"": 0.0, ""NoDocbcCost"": 0.0, ""CholCheck"": 0.0, ""HighBP"": 0.0, ""HeartDiseaseorAttack"": 0.0, ""Stroke"": 0.0, ""HighChol"": 0.0, ""Education"": 0.0, ""Smoker"": 0.0, ""Fruits"": 0.0, ""Veggies"": 0.0}","{""Diabetes_binary"": 0, ""HighBP"": 0, ""HighChol"": 0, ""CholCheck"": 0, ""BMI"": 0, ""Smoker"": 0, ""Stroke"": 0, ""HeartDiseaseorAttack"": 0, ""PhysActivity"": 0, ""Fruits"": 0, ""Veggies"": 0, ""HvyAlcoholConsump"": 0, ""AnyHealthcare"": 0, ""NoDocbcCost"": 0, ""GenHlth"": 0, ""MentHlth"": 0, ""PhysHlth"": 0, ""DiffWalk"": 0, ""Sex"": 0, ""Age"": 0, ""Education"": 0, ""Income"": 0}",188.93285979999928,178.78125,14192640,769463,769463,6155704,3077852,10,cpu,1,2.14.1+cu130,d52d239,37.5,17.5,0.0
L1,high,0,10000,k6_128_64_9,nn,"[128, 64]",ReLU,,10000,8000,50736,37,0,2624760806,2575112927,-12.311975948854403,0.0168888304528857,0,0.0119244717754651,"{""Diabetes_binary"": -0.32600823044776917, ""HighBP"": -0.6486738920211792, ""HighChol"": -0.6723074913024902, ""CholCheck"": -0.15423302352428436, ""BMI"": -0.787197470664978, ""Smoker"": -0.6862004399299622, ""Stroke"": -0.15355126559734344, ""HeartDiseaseorAttack"": -0.27990293502807617, ""PhysActivity"": -0.5549038648605347, ""Fruits"": -0.6573406457901001, ""Veggies"": -0.47897472977638245, ""HvyAlcoholConsump"": -0.2162300944328308, ""AnyHealthcare"": -0.18246370553970337, ""NoDocbcCost"": -0.26137325167655945, ""GenHlth"": -0.789592444896698, ""MentHlth"": -0.4060318171977997, ""PhysHlth"": -0.5100700259208679, ""DiffWalk"": -0.418806791305542, ""Sex"": -0.6874608993530273, ""Age"": -1.6809974908828735, ""Education"": -0.6766202449798584, ""Income"": -1.0830352306365967}","{""HvyAlcoholConsump"": 0.0, ""PhysHlth"": 0.0, ""Sex"": 0.0, ""Diabetes_binary"": 0.011490854619993694, ""Age"": 0.0, ""Income"": 0.0, ""GenHlth"": 0.0, ""BMI"": 0.0, ""PhysActivity"": 0.0, ""DiffWalk"": 0.0, ""MentHlth"": 0.0004336171554714601, ""AnyHealthcare"": 0.0, ""NoDocbcCost"": 0.0, ""CholCheck"": 0.0, ""HighBP"": 0.0, ""HeartDiseaseorAttack"": 0.0, ""Stroke"": 0.0, ""HighChol"": 0.0, ""Education"": 0.0, ""Smoker"": 0.0, ""Fruits"": 0.0, ""Veggies"": 0.0}","{""Diabetes_binary"": 0, ""HighBP"": 0, ""HighChol"": 0, ""CholCheck"": 0, ""BMI"": 0, ""Smoker"": 0, ""Stroke"": 0, ""HeartDiseaseorAttack"": 0, ""PhysActivity"": 0, ""Fruits"": 0, ""Veggies"": 0, ""HvyAlcoholConsump"": 0, ""AnyHealthcare"": 0, ""NoDocbcCost"": 0, ""GenHlth"": 0, ""MentHlth"": 0, ""PhysHlth"": 0, ""DiffWalk"": 0, ""Sex"": 0, ""Age"": 0, ""Education"": 0, ""Income"": 0}",264.7693281999964,255.0,-93749248,204535,204535,1636280,818140,10,cpu,1,2.14.1+cu130,d52d239,73.27272727272727,23.27272727272728,0.0
L1,high,0,50000,mle,mle,,,,50000,50000,50736,37,0,2918163265,711292373,-12.389150447324305,0.0189307544028342,184,0.0015570797855566,"{""Diabetes_binary"": -0.4099877494771644, ""HighBP"": -0.6472550756738588, ""HighChol"": -0.672190974034536, ""CholCheck"": -0.15404817093295023, ""BMI"": -0.7864326677564569, ""Smoker"": -0.6863036713418744, ""Stroke"": -0.15325559116372847, ""HeartDiseaseorAttack"": -0.2795989619197192, ""PhysActivity"": -0.5546098729928035, ""Fruits"": -0.6560184901815553, ""Veggies"": -0.47902934645962025, ""HvyAlcoholConsump"": -0.2161390010346352, ""AnyHealthcare"": -0.18188304341801212, ""NoDocbcCost"": -0.26077319549124767, ""GenHlth"": -0.7899229930391487, ""MentHlth"": -0.40957124038250997, ""PhysHlth"": -0.508610833955436, ""DiffWalk"": -0.41833080218332647, ""Sex"": -0.6863943288000695, ""Age"": -1.680786788109792, ""Education"": -0.6766326615449223, ""Income"": -1.0813749874309353}","{""HvyAlcoholConsump"": 0.0, ""PhysHlth"": 0.0, ""Sex"": 0.0, ""Diabetes_binary"": 0.0015176600441501103, ""Age"": 0.0, ""Income"": 0.0, ""GenHlth"": 0.0, ""BMI"": 0.0, ""PhysActivity"": 0.0, ""DiffWalk"": 0.0, ""MentHlth"": 3.941974140649637e-05, ""AnyHealthcare"": 0.0, ""NoDocbcCost"": 0.0, ""CholCheck"": 0.0, ""HighBP"": 0.0, ""HeartDiseaseorAttack"": 0.0, ""Stroke"": 0.0, ""HighChol"": 0.0, ""Education"": 0.0, ""Smoker"": 0.0, ""Fruits"": 0.0, ""Veggies"": 0.0}","{""Diabetes_binary"": 168, ""HighBP"": 0, ""HighChol"": 0, ""CholCheck"": 0, ""BMI"": 0, ""Smoker"": 0, ""Stroke"": 0, ""HeartDiseaseorAttack"": 0, ""PhysActivity"": 0, ""Fruits"": 0, ""Veggies"": 0, ""HvyAlcoholConsump"": 0, ""AnyHealthcare"": 0, ""NoDocbcCost"": 0, ""GenHlth"": 5, ""MentHlth"": 10, ""PhysHlth"": 1, ""DiffWalk"": 0, ""Sex"": 0, ""Age"": 0, ""Education"": 0, ""Income"": 0}",0.2039127000025473,0.21875,4255744,2481,1348,19848,19848,10,cpu,1,2.14.1+cu130,d52d239,,,
L1,high,0,50000,dirichlet_0.5,dirichlet,,,0.5,50000,50000,50736,37,0,2918163265,711292373,-12.301351719793168,0.0168582972292759,0,0.0015570797855566,"{""Diabetes_binary"": -0.32964282044592214, ""HighBP"": -0.647254433010869, ""HighChol"": -0.6721911225546721, ""CholCheck"": -0.15404680210246424, ""BMI"": -0.7864306197587023, ""Smoker"": -0.6863037019872846, ""Stroke"": -0.1532547994471347, ""HeartDiseaseorAttack"": -0.2796000349394544, ""PhysActivity"": -0.5546095934923285, ""Fruits"": -0.6560185195475845, ""Veggies"": -0.4790295129261631, ""HvyAlcoholConsump"": -0.21613895900577956, ""AnyHealthcare"": -0.18188410587162215, ""NoDocbcCost"": -0.2607743939200643, ""GenHlth"": -0.7877404170779541, ""MentHlth"": -0.40478914847362824, ""PhysHlth"": -0.5081454282628983, ""DiffWalk"": -0.41832359724279733, ""Sex"": -0.6863943154966359, ""Age"": -1.6807867651302668, ""Education"": -0.676632266385855, ""Income"": -1.0813603627130877}","{""HvyAlcoholConsump"": 0.0, ""PhysHlth"": 0.0, ""Sex"": 0.0, ""Diabetes_binary"": 0.0015176600441501103, ""Age"": 0.0, ""Income"": 0.0, ""GenHlth"": 0.0, ""BMI"": 0.0, ""PhysActivity"": 0.0, ""DiffWalk"": 0.0, ""MentHlth"": 3.941974140649637e-05, ""AnyHealthcare"": 0.0, ""NoDocbcCost"": 0.0, ""CholCheck"": 0.0, ""HighBP"": 0.0, ""HeartDiseaseorAttack"": 0.0, ""Stroke"": 0.0, ""HighChol"": 0.0, ""Education"": 0.0, ""Smoker"": 0.0, ""Fruits"": 0.0, ""Veggies"": 0.0}","{""Diabetes_binary"": 0, ""HighBP"": 0, ""HighChol"": 0, ""CholCheck"": 0, ""BMI"": 0, ""Smoker"": 0, ""Stroke"": 0, ""HeartDiseaseorAttack"": 0, ""PhysActivity"": 0, ""Fruits"": 0, ""Veggies"": 0, ""HvyAlcoholConsump"": 0, ""AnyHealthcare"": 0, ""NoDocbcCost"": 0, ""GenHlth"": 0, ""MentHlth"": 0, ""PhysHlth"": 0, ""DiffWalk"": 0, ""Sex"": 0, ""Age"": 0, ""Education"": 0, ""Income"": 0}",0.2331644000078085,0.1875,-49152,2481,1348,19848,19848,10,cpu,1,2.14.1+cu130,d52d239,,,
L1,high,0,full,mle,mle,,,,202944,202944,50736,37,0,2939416794,94352712,-12.307949036567374,0.0172278215691203,30,0.0002759381898454,"{""Diabetes_binary"": -0.33803141220951005, ""HighBP"": -0.6471864297046301, ""HighChol"": -0.6721929728231191, ""CholCheck"": -0.15403824220814116, ""BMI"": -0.7864265049584325, ""Smoker"": -0.6862077167586905, ""Stroke"": -0.15315967197454583, ""HeartDiseaseorAttack"": -0.27961410848082596, ""PhysActivity"": -0.5546360124971748, ""Fruits"": -0.6560089185977807, ""Veggies"": -0.4790376944589789, ""HvyAlcoholConsump"": -0.21613849121313752, ""AnyHealthcare"": -0.1817778966826119, ""NoDocbcCost"": -0.26074148164055155, ""GenHlth"": -0.7872461222796119, ""MentHlth"": -0.4050595733810718, ""PhysHlth"": -0.507563314821456, ""DiffWalk"": -0.41837692448462094, ""Sex"": -0.686387234062623, ""Age"": -1.6807904742901913, ""Education"": -0.6766086959582526, ""Income"": -1.0807191430814147}","{""HvyAlcoholConsump"": 0.0, ""PhysHlth"": 0.0, ""Sex"": 0.0, ""Diabetes_binary"": 0.0002759381898454746, ""Age"": 0.0, ""Income"": 0.0, ""GenHlth"": 0.0, ""BMI"": 0.0, ""PhysActivity"": 0.0, ""DiffWalk"": 0.0, ""MentHlth"": 0.0, ""AnyHealthcare"": 0.0, ""NoDocbcCost"": 0.0, ""CholCheck"": 0.0, ""HighBP"": 0.0, ""HeartDiseaseorAttack"": 0.0, ""Stroke"": 0.0, ""HighChol"": 0.0, ""Education"": 0.0, ""Smoker"": 0.0, ""Fruits"": 0.0, ""Veggies"": 0.0}","{""Diabetes_binary"": 28, ""HighBP"": 0, ""HighChol"": 0, ""CholCheck"": 0, ""BMI"": 0, ""Smoker"": 0, ""Stroke"": 0, ""HeartDiseaseorAttack"": 0, ""PhysActivity"": 0, ""Fruits"": 0, ""Veggies"": 0, ""HvyAlcoholConsump"": 0, ""AnyHealthcare"": 0, ""NoDocbcCost"": 0, ""GenHlth"": 0, ""MentHlth"": 2, ""PhysHlth"": 0, ""DiffWalk"": 0, ""Sex"": 0, ""Age"": 0, ""Education"": 0, ""Income"": 0}",0.5920308000058867,0.578125,0,2481,1348,19848,19848,10,cpu,1,2.14.1+cu130,d52d239,,,
L1,high,0,full,dirichlet_0.5,dirichlet,,,0.5,202944,202944,50736,37,0,2939416794,94352712,-12.293837692152758,0.0168726315015547,0,0.0002759381898454,"{""Diabetes_binary"": -0.32485922555696906, ""HighBP"": -0.6471858209075909, ""HighChol"": -0.6721929885486847, ""CholCheck"": -0.15403843621556085, ""BMI"": -0.7864259351248702, ""Smoker"": -0.6862077196560818, ""Stroke"": -0.15315956168871514, ""HeartDiseaseorAttack"": -0.2796141963066421, ""PhysActivity"": -0.5546358512621654, ""Fruits"": -0.6560089227616381, ""Veggies"": -0.47903773836044405, ""HvyAlcoholConsump"": -0.2161384955228512, ""AnyHealthcare"": -0.18177809770846085, ""NoDocbcCost"": -0.26074148703155414, ""GenHlth"": -0.7872250648910005, ""MentHlth"": -0.4041337431851503, ""PhysHlth"": -0.5075738450600575, ""DiffWalk"": -0.41837539233908844, ""Sex"": -0.6863872317315141, ""Age"": -1.6807904689864628, ""Education"": -0.6766086032135483, ""Income"": -1.0807188660937068}","{""HvyAlcoholConsump"": 0.0, ""PhysHlth"": 0.0, ""Sex"": 0.0, ""Diabetes_binary"": 0.0002759381898454746, ""Age"": 0.0, ""Income"": 0.0, ""GenHlth"": 0.0, ""BMI"": 0.0, ""PhysActivity"": 0.0, ""DiffWalk"": 0.0, ""MentHlth"": 0.0, ""AnyHealthcare"": 0.0, ""NoDocbcCost"": 0.0, ""CholCheck"": 0.0, ""HighBP"": 0.0, ""HeartDiseaseorAttack"": 0.0, ""Stroke"": 0.0, ""HighChol"": 0.0, ""Education"": 0.0, ""Smoker"": 0.0, ""Fruits"": 0.0, ""Veggies"": 0.0}","{""Diabetes_binary"": 0, ""HighBP"": 0, ""HighChol"": 0, ""CholCheck"": 0, ""BMI"": 0, ""Smoker"": 0, ""Stroke"": 0, ""HeartDiseaseorAttack"": 0, ""PhysActivity"": 0, ""Fruits"": 0, ""Veggies"": 0, ""HvyAlcoholConsump"": 0, ""AnyHealthcare"": 0, ""NoDocbcCost"": 0, ""GenHlth"": 0, ""MentHlth"": 0, ""PhysHlth"": 0, ""DiffWalk"": 0, ""Sex"": 0, ""Age"": 0, ""Education"": 0, ""Income"": 0}",0.6525782000098843,0.53125,90112,2481,1348,19848,19848,10,cpu,1,2.14.1+cu130,d52d239,,,
L1,high,2,500,mle,mle,,,,500,500,50736,37,0,320081029,2669689818,-17.038539811369848,0.0600933468583596,9077,0.2648415326395459,"{""Diabetes_binary"": -2.0168243574279314, ""HighBP"": -0.727501799012936, ""HighChol"": -0.6866027109753212, ""CholCheck"": -0.29538255325968865, ""BMI"": -0.8578387302396752, ""Smoker"": -0.6865119649946375, ""Stroke"": -0.22186261429159432, ""HeartDiseaseorAttack"": -0.2858330819416636, ""PhysActivity"": -0.5587853675725626, ""Fruits"": -0.6571594535154548, ""Veggies"": -0.487457883426353, ""HvyAlcoholConsump"": -0.22180028647244276, ""AnyHealthcare"": -0.18730299038466022, ""NoDocbcCost"": -0.27205857372979353, ""GenHlth"": -1.4627399760904078, ""MentHlth"": -1.0548955223243979, ""PhysHlth"": -1.3682001983822858, ""DiffWalk"": -0.47156546254879217, ""Sex"": -0.6898826882456336, ""Age"": -1.6838685901179207, ""Education"": -0.6747636804432412, ""Income"": -1.469701325972454}","{""HvyAlcoholConsump"": 0.0, ""PhysHlth"": 0.017482655313781143, ""Sex"": 0.0, ""Diabetes_binary"": 0.23502049826553137, ""Age"": 0.0, ""Income"": 0.002207505518763797, ""GenHlth"": 0.017482655313781143, ""BMI"": 0.0, ""PhysActivity"": 0.0, ""DiffWalk"": 0.0008475244402396721, ""MentHlth"": 0.02747555976032797, ""AnyHealthcare"": 0.0, ""NoDocbcCost"": 0.0, ""CholCheck"": 0.0, ""HighBP"": 0.00859350362661621, ""HeartDiseaseorAttack"": 0.0, ""Stroke"": 0.0, ""HighChol"": 0.0, ""Education"": 0.0, ""Smoker"": 0.0, ""Fruits"": 0.0, ""Veggies"": 0.0}","{""Diabetes_binary"": 3198, ""HighBP"": 133, ""HighChol"": 0, ""CholCheck"": 290, ""BMI"": 130, ""Smoker"": 0, ""Stroke"": 138, ""HeartDiseaseorAttack"": 0, ""PhysActivity"": 0, ""Fruits"": 0, ""Veggies"": 0, ""HvyAlcoholConsump"": 0, ""AnyHealthcare"": 0, ""NoDocbcCost"": 0, ""GenHlth"": 1305, ""MentHlth"": 1298, ""PhysHlth"": 1768, ""DiffWalk"": 100, ""Sex"": 0, ""Age"": 0, ""Education"": 0, ""Income"": 717}",0.1244753999926615,0.109375,618496,2481,1348,19848,19848,10,cpu,1,2.14.1+cu130,d52d239,,,
L1,high,2,500,dirichlet_0.5,dirichlet,,,0.5,500,500,50736,37,0,320081029,2669689818,-12.693433956239996,0.0172054552231712,0,0.2648415326395459,"{""Diabetes_binary"": -0.47077347435684813, ""HighBP"": -0.6595576197315676, ""HighChol"": -0.6861822479936426, ""CholCheck"": -0.15973047226391016, ""BMI"": -0.7955892205869617, ""Smoker"": -0.6865006875949462, ""Stroke"": -0.15604402966881184, ""HeartDiseaseorAttack"": -0.2858324279919561, ""PhysActivity"": -0.558487021180068, ""Fruits"": -0.6571611174252275, ""Veggies"": -0.4874714383152479, ""HvyAlcoholConsump"": -0.2212000387062882, ""AnyHealthcare"": -0.1879722502559341, ""NoDocbcCost"": -0.27038429315223445, ""GenHlth"": -0.8266932675805722, ""MentHlth"": -0.4382778907979302, ""PhysHlth"": -0.5574949614170868, ""DiffWalk"": -0.4240529384964513, ""Sex"": -0.6898881878522417, ""Age"": -1.683949161326812, ""Education"": -0.6744830113547131, ""Income"": -1.1157081981905461}","{""HvyAlcoholConsump"": 0.0, ""PhysHlth"": 0.017482655313781143, ""Sex"": 0.0, ""Diabetes_binary"": 0.23502049826553137, ""Age"": 0.0, ""Income"": 0.002207505518763797, ""GenHlth"": 0.017482655313781143, ""BMI"": 0.0, ""PhysActivity"": 0.0, ""DiffWalk"": 0.0008475244402396721, ""MentHlth"": 0.02747555976032797, ""AnyHealthcare"": 0.0, ""NoDocbcCost"": 0.0, ""CholCheck"": 0.0, ""HighBP"": 0.00859350362661621, ""HeartDiseaseorAttack"": 0.0, ""Stroke"": 0.0, ""HighChol"": 0.0, ""Education"": 0.0, ""Smoker"": 0.0, ""Fruits"": 0.0, ""Veggies"": 0.0}","{""Diabetes_binary"": 0, ""HighBP"": 0, ""HighChol"": 0, ""CholCheck"": 0, ""BMI"": 0, ""Smoker"": 0, ""Stroke"": 0, ""HeartDiseaseorAttack"": 0, ""PhysActivity"": 0, ""Fruits"": 0, ""Veggies"": 0, ""HvyAlcoholConsump"": 0, ""AnyHealthcare"": 0, ""NoDocbcCost"": 0, ""GenHlth"": 0, ""MentHlth"": 0, ""PhysHlth"": 0, ""DiffWalk"": 0, ""Sex"": 0, ""Age"": 0, ""Education"": 0, ""Income"": 0}",0.1472521999967284,0.15625,1196032,2481,1348,19848,19848,10,cpu,1,2.14.1+cu130,d52d239,,,
L1,high,2,500,nn_linear,nn,[],linear,,500,400,50736,37,0,320081029,2669689818,-12.545885732018345,0.0161549744832683,0,0.2648415326395459,"{""Diabetes_binary"": -0.33672603964805603, ""HighBP"": -0.6504392027854919, ""HighChol"": -0.677205502986908, ""CholCheck"": -0.1612876057624817, ""BMI"": -0.7939390540122986, ""Smoker"": -0.6890783309936523, ""Stroke"": -0.1593828648328781, ""HeartDiseaseorAttack"": -0.2891709506511688, ""PhysActivity"": -0.553916871547699, ""Fruits"": -0.6583260297775269, ""Veggies"": -0.48857131600379944, ""HvyAlcoholConsump"": -0.21577265858650208, ""AnyHealthcare"": -0.1970662623643875, ""NoDocbcCost"": -0.26848939061164856, ""GenHlth"": -0.7994908690452576, ""MentHlth"": -0.41207581758499146, ""PhysHlth"": -0.5192947387695312, ""DiffWalk"": -0.4274527132511139, ""Sex"": -0.6897064447402954, ""Age"": -1.7218518257141113, ""Education"": -0.7364258766174316, ""Income"": -1.1002154350280762}","{""HvyAlcoholConsump"": 0.0, ""PhysHlth"": 0.017482655313781143, ""Sex"": 0.0, ""Diabetes_binary"": 0.23502049826553137, ""Age"": 0.0, ""Income"": 0.002207505518763797, ""GenHlth"": 0.017482655313781143, ""BMI"": 0.0, ""PhysActivity"": 0.0, ""DiffWalk"": 0.0008475244402396721, ""MentHlth"": 0.02747555976032797, ""AnyHealthcare"": 0.0, ""NoDocbcCost"": 0.0, ""CholCheck"": 0.0, ""HighBP"": 0.00859350362661621, ""HeartDiseaseorAttack"": 0.0, ""Stroke"": 0.0, ""HighChol"": 0.0, ""Education"": 0.0, ""Smoker"": 0.0, ""Fruits"": 0.0, ""Veggies"": 0.0}","{""Diabetes_binary"": 0, ""HighBP"": 0, ""HighChol"": 0, ""CholCheck"": 0, ""BMI"": 0, ""Smoker"": 0, ""Stroke"": 0, ""HeartDiseaseorAttack"": 0, ""PhysActivity"": 0, ""Fruits"": 0, ""Veggies"": 0, ""HvyAlcoholConsump"": 0, ""AnyHealthcare"": 0, ""NoDocbcCost"": 0, ""GenHlth"": 0, ""MentHlth"": 0, ""PhysHlth"": 0, ""DiffWalk"": 0, ""Sex"": 0, ""Age"": 0, ""Education"": 0, ""Income"": 0}",19.00459269998828,17.671875,175681536,378,378,3024,1512,10,cpu,1,2.14.1+cu130,d52d239,180.9090909090909,169.95454545454547,0.5
L1,high,2,500,01_256x128_lr3e-4,nn,"[256, 128]",ReLU,,500,400,50736,37,0,320081029,2669689818,-12.518563259824084,0.0173167674698231,0,0.2648415326395459,"{""Diabetes_binary"": -0.34442031383514404, ""HighBP"": -0.6528082489967346, ""HighChol"": -0.6789498329162598, ""CholCheck"": -0.16177323460578918, ""BMI"": -0.7963327765464783, ""Smoker"": -0.6891469359397888, ""Stroke"": -0.16364073753356934, ""HeartDiseaseorAttack"": -0.2879842221736908, ""PhysActivity"": -0.55587238073349, ""Fruits"": -0.6579781770706177, ""Veggies"": -0.48846960067749023, ""HvyAlcoholConsump"": -0.2232896387577057, ""AnyHealthcare"": -0.1896716207265854, ""NoDocbcCost"": -0.2739037871360779, ""GenHlth"": -0.796838641166687, ""MentHlth"": -0.41123998165130615, ""PhysHlth"": -0.5278738141059875, ""DiffWalk"": -0.4317706525325775, ""Sex"": -0.692590057849884, ""Age"": -1.7157334089279175, ""Education"": -0.6745280027389526, ""Income"": -1.103747010231018}","{""HvyAlcoholConsump"": 0.0, ""PhysHlth"": 0.017482655313781143, ""Sex"": 0.0, ""Diabetes_binary"": 0.23502049826553137, ""Age"": 0.0, ""Income"": 0.002207505518763797, ""GenHlth"": 0.017482655313781143, ""BMI"": 0.0, ""PhysActivity"": 0.0, ""DiffWalk"": 0.0008475244402396721, ""MentHlth"": 0.02747555976032797, ""AnyHealthcare"": 0.0, ""NoDocbcCost"": 0.0, ""CholCheck"": 0.0, ""HighBP"": 0.00859350362661621, ""HeartDiseaseorAttack"": 0.0, ""Stroke"": 0.0, ""HighChol"": 0.0, ""Education"": 0.0, ""Smoker"": 0.0, ""Fruits"": 0.0, ""Veggies"": 0.0}","{""Diabetes_binary"": 0, ""HighBP"": 0, ""HighChol"": 0, ""CholCheck"": 0, ""BMI"": 0, ""Smoker"": 0, ""Stroke"": 0, ""HeartDiseaseorAttack"": 0, ""PhysActivity"": 0, ""Fruits"": 0, ""Veggies"": 0, ""HvyAlcoholConsump"": 0, ""AnyHealthcare"": 0, ""NoDocbcCost"": 0, ""GenHlth"": 0, ""MentHlth"": 0, ""PhysHlth"": 0, ""DiffWalk"": 0, ""Sex"": 0, ""Age"": 0, ""Education"": 0, ""Income"": 0}",18.29859469999792,17.015625,6680576,769463,769463,6155704,3077852,10,cpu,1,2.14.1+cu130,d52d239,51.59090909090909,31.59090909090909,0.0
L1,high,2,500,k6_128_64_9,nn,"[128, 64]",ReLU,,500,400,50736,37,0,320081029,2669689818,-12.484654209404765,0.0175971325854037,0,0.2648415326395459,"{""Diabetes_binary"": -0.35122019052505493, ""HighBP"": -0.656437337398529, ""HighChol"": -0.6806731224060059, ""CholCheck"": -0.16068816184997559, ""BMI"": -0.7968975305557251, ""Smoker"": -0.6882420182228088, ""Stroke"": -0.1598280966281891, ""HeartDiseaseorAttack"": -0.2867478132247925, ""PhysActivity"": -0.5557448267936707, ""Fruits"": -0.658210039138794, ""Veggies"": -0.4884053170681, ""HvyAlcoholConsump"": -0.2245692014694214, ""AnyHealthcare"": -0.18633629381656647, ""NoDocbcCost"": -0.2730794847011566, ""GenHlth"": -0.7955239415168762, ""MentHlth"": -0.4112870991230011, ""PhysHlth"": -0.5201930403709412, ""DiffWalk"": -0.4253370463848114, ""Sex"": -0.6929006576538086, ""Age"": -1.6979565620422363, ""Education"": -0.6749280095100403, ""Income"": -1.0994484424591064}","{""HvyAlcoholConsump"": 0.0, ""PhysHlth"": 0.017482655313781143, ""Sex"": 0.0, ""Diabetes_binary"": 0.23502049826553137, ""Age"": 0.0, ""Income"": 0.002207505518763797, ""GenHlth"": 0.017482655313781143, ""BMI"": 0.0, ""PhysActivity"": 0.0, ""DiffWalk"": 0.0008475244402396721, ""MentHlth"": 0.02747555976032797, ""AnyHealthcare"": 0.0, ""NoDocbcCost"": 0.0, ""CholCheck"": 0.0, ""HighBP"": 0.00859350362661621, ""HeartDiseaseorAttack"": 0.0, ""Stroke"": 0.0, ""HighChol"": 0.0, ""Education"": 0.0, ""Smoker"": 0.0, ""Fruits"": 0.0, ""Veggies"": 0.0}","{""Diabetes_binary"": 0, ""HighBP"": 0, ""HighChol"": 0, ""CholCheck"": 0, ""BMI"": 0, ""Smoker"": 0, ""Stroke"": 0, ""HeartDiseaseorAttack"": 0, ""PhysActivity"": 0, ""Fruits"": 0, ""Veggies"": 0, ""HvyAlcoholConsump"": 0, ""AnyHealthcare"": 0, ""NoDocbcCost"": 0, ""GenHlth"": 0, ""MentHlth"": 0, ""PhysHlth"": 0, ""DiffWalk"": 0, ""Sex"": 0, ""Age"": 0, ""Education"": 0, ""Income"": 0}",27.86316350000561,26.59375,-104312832,204535,204535,1636280,818140,10,cpu,1,2.14.1+cu130,d52d239,121.6818181818182,71.68181818181819,0.0
L1,high,2,2000,mle,mle,,,,2000,2000,50736,37,0,3328731042,1954025543,-14.158952127933407,0.0399138406003423,3570,0.0741288237149164,"{""Diabetes_binary"": -1.5283571092173107, ""HighBP"": -0.6524765895319795, ""HighChol"": -0.6768174185260779, ""CholCheck"": -0.16193408036522433, ""BMI"": -0.7884774010652178, ""Smoker"": -0.6859478373369304, ""Stroke"": -0.15130381151078703, ""HeartDiseaseorAttack"": -0.28498011291940833, ""PhysActivity"": -0.55420519177488, ""Fruits"": -0.6575619498996798, ""Veggies"": -0.48747365252829916, ""HvyAlcoholConsump"": -0.21583362339924458, ""AnyHealthcare"": -0.18646402145380303, ""NoDocbcCost"": -0.2625369009231643, ""GenHlth"": -0.898540739143972, ""MentHlth"": -0.6553843889355625, ""PhysHlth"": -0.7076018678063898, ""DiffWalk"": -0.41743834326126816, ""Sex"": -0.6889961247100744, ""Age"": -1.6813821439504886, ""Education"": -0.6741147106312185, ""Income"": -1.1411241090424258}","{""HvyAlcoholConsump"": 0.0, ""PhysHlth"": 0.0015373699148533587, ""Sex"": 0.0, ""Diabetes_binary"": 0.06882686849574267, ""Age"": 0.0, ""Income"": 0.0003350678019552192, ""GenHlth"": 0.0015373699148533587, ""BMI"": 0.0, ""PhysActivity"": 0.0, ""DiffWalk"": 0.0, ""MentHlth"": 0.005479344055502996, ""AnyHealthcare"": 0.0, ""NoDocbcCost"": 0.0, ""CholCheck"": 0.0, ""HighBP"": 0.0, ""HeartDiseaseorAttack"": 0.0, ""Stroke"": 0.0, ""HighChol"": 0.0, ""Education"": 0.0, ""Smoker"": 0.0, ""Fruits"": 0.0, ""Veggies"": 0.0}","{""Diabetes_binary"": 2353, ""HighBP"": 0, ""HighChol"": 0, ""CholCheck"": 0, ""BMI"": 0, ""Smoker"": 0, ""Stroke"": 0, ""HeartDiseaseorAttack"": 0, ""PhysActivity"": 0, ""Fruits"": 0, ""Veggies"": 0, ""HvyAlcoholConsump"": 0, ""AnyHealthcare"": 0, ""NoDocbcCost"": 0, ""GenHlth"": 222, ""MentHlth"": 503, ""PhysHlth"": 399, ""DiffWalk"": 2, ""Sex"": 0, ""Age"": 0, ""Education"": 0, ""Income"": 91}",0.0768967999902088,0.078125,135168,2481,1348,19848,19848,10,cpu,1,2.14.1+cu130,d52d239,,,
L1,high,2,2000,dirichlet_0.5,dirichlet,,,0.5,2000,2000,50736,37,0,3328731042,1954025543,-12.433753779481364,0.0171481866672565,0,0.0741288237149164,"{""Diabetes_binary"": -0.38581360908606155, ""HighBP"": -0.6520209048708466, ""HighChol"": -0.6767914051686867, ""CholCheck"": -0.1613451614473119, ""BMI"": -0.787725694241212, ""Smoker"": -0.6859485217672519, ""Stroke"": -0.15124668613465428, ""HeartDiseaseorAttack"": -0.2849436565162808, ""PhysActivity"": -0.5541733228296856, ""Fruits"": -0.6575575672282651, ""Veggies"": -0.4874697926221814, ""HvyAlcoholConsump"": -0.2158138205924421, ""AnyHealthcare"": -0.18665414015133625, ""NoDocbcCost"": -0.2624453295514172, ""GenHlth"": -0.792509346871508, ""MentHlth"": -0.41409947840362965, ""PhysHlth"": -0.5209621331908475, ""DiffWalk"": -0.4166830130856422, ""Sex"": -0.6889977392597613, ""Age"": -1.681385358166183, ""Education"": -0.6741358684557069, ""Income"": -1.0950312298404505}","{""HvyAlcoholConsump"": 0.0, ""PhysHlth"": 0.0015373699148533587, ""Sex"": 0.0, ""Diabetes_binary"": 0.06882686849574267, ""Age"": 0.0, ""Income"": 0.0003350678019552192, ""GenHlth"": 0.0015373699148533587, ""BMI"": 0.0, ""PhysActivity"": 0.0, ""DiffWalk"": 0.0, ""MentHlth"": 0.005479344055502996, ""AnyHealthcare"": 0.0, ""NoDocbcCost"": 0.0, ""CholCheck"": 0.0, ""HighBP"": 0.0, ""HeartDiseaseorAttack"": 0.0, ""Stroke"": 0.0, ""HighChol"": 0.0, ""Education"": 0.0, ""Smoker"": 0.0, ""Fruits"": 0.0, ""Veggies"": 0.0}","{""Diabetes_binary"": 0, ""HighBP"": 0, ""HighChol"": 0, ""CholCheck"": 0, ""BMI"": 0, ""Smoker"": 0, ""Stroke"": 0, ""HeartDiseaseorAttack"": 0, ""PhysActivity"": 0, ""Fruits"": 0, ""Veggies"": 0, ""HvyAlcoholConsump"": 0, ""AnyHealthcare"": 0, ""NoDocbcCost"": 0, ""GenHlth"": 0, ""MentHlth"": 0, ""PhysHlth"": 0, ""DiffWalk"": 0, ""Sex"": 0, ""Age"": 0, ""Education"": 0, ""Income"": 0}",0.1209815999900456,0.125,495616,2481,1348,19848,19848,10,cpu,1,2.14.1+cu130,d52d239,,,
L1,high,2,2000,nn_linear,nn,[],linear,,2000,1600,50736,37,0,3328731042,1954025543,-12.358004822415916,0.0168842596124706,0,0.0741288237149164,"{""Diabetes_binary"": -0.3308228552341461, ""HighBP"": -0.6532859802246094, ""HighChol"": -0.6756371259689331, ""CholCheck"": -0.15857702493667603, ""BMI"": -0.7886764407157898, ""Smoker"": -0.685984194278717, ""Stroke"": -0.15153056383132935, ""HeartDiseaseorAttack"": -0.28474754095077515, ""PhysActivity"": -0.554401695728302, ""Fruits"": -0.6574327349662781, ""Veggies"": -0.4877902865409851, ""HvyAlcoholConsump"": -0.21569085121154785, ""AnyHealthcare"": -0.18683098256587982, ""NoDocbcCost"": -0.26281893253326416, ""GenHlth"": -0.7853620648384094, ""MentHlth"": -0.40609627962112427, ""PhysHlth"": -0.5117366909980774, ""DiffWalk"": -0.4166385531425476, ""Sex"": -0.6911572813987732, ""Age"": -1.682210922241211, ""Education"": -0.6789999008178711, ""Income"": -1.0915758609771729}","{""HvyAlcoholConsump"": 0.0, ""PhysHlth"": 0.0015373699148533587, ""Sex"": 0.0, ""Diabetes_binary"": 0.06882686849574267, ""Age"": 0.0, ""Income"": 0.0003350678019552192, ""GenHlth"": 0.0015373699148533587, ""BMI"": 0.0, ""PhysActivity"": 0.0, ""DiffWalk"": 0.0, ""MentHlth"": 0.005479344055502996, ""AnyHealthcare"": 0.0, ""NoDocbcCost"": 0.0, ""CholCheck"": 0.0, ""HighBP"": 0.0, ""HeartDiseaseorAttack"": 0.0, ""Stroke"": 0.0, ""HighChol"": 0.0, ""Education"": 0.0, ""Smoker"": 0.0, ""Fruits"": 0.0, ""Veggies"": 0.0}","{""Diabetes_binary"": 0, ""HighBP"": 0, ""HighChol"": 0, ""CholCheck"": 0, ""BMI"": 0, ""Smoker"": 0, ""Stroke"": 0, ""HeartDiseaseorAttack"": 0, ""PhysActivity"": 0, ""Fruits"": 0, ""Veggies"": 0, ""HvyAlcoholConsump"": 0, ""AnyHealthcare"": 0, ""NoDocbcCost"": 0, ""GenHlth"": 0, ""MentHlth"": 0, ""PhysHlth"": 0, ""DiffWalk"": 0, ""Sex"": 0, ""Age"": 0, ""Education"": 0, ""Income"": 0}",41.57755590000306,40.5,-56176640,378,378,3024,1512,10,cpu,1,2.14.1+cu130,d52d239,131.95454545454547,115.6818181818182,0.2727272727272727
L1,high,2,2000,01_256x128_lr3e-4,nn,"[256, 128]",ReLU,,2000,1600,50736,37,0,3328731042,1954025543,-12.36318907129598,0.0170749002803603,0,0.0741288237149164,"{""Diabetes_binary"": -0.33385857939720154, ""HighBP"": -0.6613028049468994, ""HighChol"": -0.6770394444465637, ""CholCheck"": -0.159315824508667, ""BMI"": -0.7866067886352539, ""Smoker"": -0.6859519481658936, ""Stroke"": -0.15127256512641907, ""HeartDiseaseorAttack"": -0.2847369909286499, ""PhysActivity"": -0.5547051429748535, ""Fruits"": -0.657474935054779, ""Veggies"": -0.4877322316169739, ""HvyAlcoholConsump"": -0.21610002219676971, ""AnyHealthcare"": -0.18675625324249268, ""NoDocbcCost"": -0.2623533010482788, ""GenHlth"": -0.7838515639305115, ""MentHlth"": -0.4059191346168518, ""PhysHlth"": -0.5092393755912781, ""DiffWalk"": -0.4158617854118347, ""Sex"": -0.6909329891204834, ""Age"": -1.6815146207809448, ""Education"": -0.676019012928009, ""Income"": -1.0946440696716309}","{""HvyAlcoholConsump"": 0.0, ""PhysHlth"": 0.0015373699148533587, ""Sex"": 0.0, ""Diabetes_binary"": 0.06882686849574267, ""Age"": 0.0, ""Income"": 0.0003350678019552192, ""GenHlth"": 0.0015373699148533587, ""BMI"": 0.0, ""PhysActivity"": 0.0, ""DiffWalk"": 0.0, ""MentHlth"": 0.005479344055502996, ""AnyHealthcare"": 0.0, ""NoDocbcCost"": 0.0, ""CholCheck"": 0.0, ""HighBP"": 0.0, ""HeartDiseaseorAttack"": 0.0, ""Stroke"": 0.0, ""HighChol"": 0.0, ""Education"": 0.0, ""Smoker"": 0.0, ""Fruits"": 0.0, ""Veggies"": 0.0}","{""Diabetes_binary"": 0, ""HighBP"": 0, ""HighChol"": 0, ""CholCheck"": 0, ""BMI"": 0, ""Smoker"": 0, ""Stroke"": 0, ""HeartDiseaseorAttack"": 0, ""PhysActivity"": 0, ""Fruits"": 0, ""Veggies"": 0, ""HvyAlcoholConsump"": 0, ""AnyHealthcare"": 0, ""NoDocbcCost"": 0, ""GenHlth"": 0, ""MentHlth"": 0, ""PhysHlth"": 0, ""DiffWalk"": 0, ""Sex"": 0, ""Age"": 0, ""Education"": 0, ""Income"": 0}",40.18491439998616,37.53125,1720320,769463,769463,6155704,3077852,10,cpu,1,2.14.1+cu130,d52d239,35.95454545454545,15.954545454545457,0.0
L1,high,2,2000,k6_128_64_9,nn,"[128, 64]",ReLU,,2000,1600,50736,37,0,3328731042,1954025543,-12.36766021353232,0.0171083398696093,0,0.0741288237149164,"{""Diabetes_binary"": -0.33164480328559875, ""HighBP"": -0.6610391736030579, ""HighChol"": -0.6768592596054077, ""CholCheck"": -0.15843282639980316, ""BMI"": -0.7881341576576233, ""Smoker"": -0.6858812570571899, ""Stroke"": -0.15145301818847656, ""HeartDiseaseorAttack"": -0.2848813533782959, ""PhysActivity"": -0.5545996427536011, ""Fruits"": -0.6574363112449646, ""Veggies"": -0.4877609312534332, ""HvyAlcoholConsump"": -0.21601921319961548, ""AnyHealthcare"": -0.18693998456001282, ""NoDocbcCost"": -0.26560431718826294, ""GenHlth"": -0.7855652570724487, ""MentHlth"": -0.40477222204208374, ""PhysHlth"": -0.5107353329658508, ""DiffWalk"": -0.4148254096508026, ""Sex"": -0.6906949281692505, ""Age"": -1.6821084022521973, ""Education"": -0.6757728457450867, ""Income"": -1.0964993238449097}","{""HvyAlcoholConsump"": 0.0, ""PhysHlth"": 0.0015373699148533587, ""Sex"": 0.0, ""Diabetes_binary"": 0.06882686849574267, ""Age"": 0.0, ""Income"": 0.0003350678019552192, ""GenHlth"": 0.0015373699148533587, ""BMI"": 0.0, ""PhysActivity"": 0.0, ""DiffWalk"": 0.0, ""MentHlth"": 0.005479344055502996, ""AnyHealthcare"": 0.0, ""NoDocbcCost"": 0.0, ""CholCheck"": 0.0, ""HighBP"": 0.0, ""HeartDiseaseorAttack"": 0.0, ""Stroke"": 0.0, ""HighChol"": 0.0, ""Education"": 0.0, ""Smoker"": 0.0, ""Fruits"": 0.0, ""Veggies"": 0.0}","{""Diabetes_binary"": 0, ""HighBP"": 0, ""HighChol"": 0, ""CholCheck"": 0, ""BMI"": 0, ""Smoker"": 0, ""Stroke"": 0, ""HeartDiseaseorAttack"": 0, ""PhysActivity"": 0, ""Fruits"": 0, ""Veggies"": 0, ""HvyAlcoholConsump"": 0, ""AnyHealthcare"": 0, ""NoDocbcCost"": 0, ""GenHlth"": 0, ""MentHlth"": 0, ""PhysHlth"": 0, ""DiffWalk"": 0, ""Sex"": 0, ""Age"": 0, ""Education"": 0, ""Income"": 0}",70.55705390000367,67.8125,-101273600,204535,204535,1636280,818140,10,cpu,1,2.14.1+cu130,d52d239,91.4090909090909,41.40909090909091,0.0
L1,high,2,10000,mle,mle,,,,10000,10000,50736,37,0,3284044321,3428092600,-12.818577501202055,0.0264049396861308,1035,0.0116485335856196,"{""Diabetes_binary"": -0.7036475619299369, ""HighBP"": -0.6483118257310848, ""HighChol"": -0.6736450651324427, ""CholCheck"": -0.15750862308154978, ""BMI"": -0.7837897907043058, ""Smoker"": -0.6858851431457126, ""Stroke"": -0.15086585532695856, ""HeartDiseaseorAttack"": -0.28405599821452737, ""PhysActivity"": -0.5525738405630678, ""Fruits"": -0.6572025879676119, ""Veggies"": -0.4874899763307071, ""HvyAlcoholConsump"": -0.21564152774032533, ""AnyHealthcare"": -0.184712448883543, ""NoDocbcCost"": -0.2611974784670786, ""GenHlth"": -0.81204268593107, ""MentHlth"": -0.4716989367938176, ""PhysHlth"": -0.5429123819558994, ""DiffWalk"": -0.4150624701818824, ""Sex"": -0.686368781402076, ""Age"": -1.68017533219022, ""Education"": -0.6742212565645097, ""Income"": -1.0895679329637287}","{""HvyAlcoholConsump"": 0.0, ""PhysHlth"": 0.0, ""Sex"": 0.0, ""Diabetes_binary"": 0.011175496688741722, ""Age"": 0.0, ""Income"": 0.0, ""GenHlth"": 0.0, ""BMI"": 0.0, ""PhysActivity"": 0.0, ""DiffWalk"": 0.0, ""MentHlth"": 0.0005124566382844529, ""AnyHealthcare"": 0.0, ""NoDocbcCost"": 0.0, ""CholCheck"": 0.0, ""HighBP"": 0.0, ""HeartDiseaseorAttack"": 0.0, ""Stroke"": 0.0, ""HighChol"": 0.0, ""Education"": 0.0, ""Smoker"": 0.0, ""Fruits"": 0.0, ""Veggies"": 0.0}","{""Diabetes_binary"": 740, ""HighBP"": 0, ""HighChol"": 0, ""CholCheck"": 0, ""BMI"": 0, ""Smoker"": 0, ""Stroke"": 0, ""HeartDiseaseorAttack"": 0, ""PhysActivity"": 0, ""Fruits"": 0, ""Veggies"": 0, ""HvyAlcoholConsump"": 0, ""AnyHealthcare"": 0, ""NoDocbcCost"": 0, ""GenHlth"": 66, ""MentHlth"": 136, ""PhysHlth"": 78, ""DiffWalk"": 2, ""Sex"": 0, ""Age"": 0, ""Education"": 0, ""Income"": 13}",0.1022477000078652,0.109375,8192,2481,1348,19848,19848,10,cpu,1,2.14.1+cu130,d52d239,,,
L1,high,2,10000,dirichlet_0.5,dirichlet,,,0.5,10000,10000,50736,37,0,3284044321,3428092600,-12.3211266384041,0.016952545556415,0,0.0116485335856196,"{""Diabetes_binary"": -0.3474008500327729, ""HighBP"": -0.6483055526630075, ""HighChol"": -0.6736453537002474, ""CholCheck"": -0.15750675112246365, ""BMI"": -0.7837912830474454, ""Smoker"": -0.685885209587188, ""Stroke"": -0.15087806464819695, ""HeartDiseaseorAttack"": -0.2840567715979263, ""PhysActivity"": -0.5525686636063154, ""Fruits"": -0.6572023098045138, ""Veggies"": -0.4874890634650682, ""HvyAlcoholConsump"": -0.21564209675115292, ""AnyHealthcare"": -0.18472327132779506, ""NoDocbcCost"": -0.2611961949485693, ""GenHlth"": -0.7811914398244484, ""MentHlth"": -0.4057447115507119, ""PhysHlth"": -0.5061121019298354, ""DiffWalk"": -0.41406596529126294, ""Sex"": -0.6863689775944675, ""Age"": -1.6801752029965222, ""Education"": -0.6742263064822113, ""Income"": -1.0829504964319772}","{""HvyAlcoholConsump"": 0.0, ""PhysHlth"": 0.0, ""Sex"": 0.0, ""Diabetes_binary"": 0.011175496688741722, ""Age"": 0.0, ""Income"": 0.0, ""GenHlth"": 0.0, ""BMI"": 0.0, ""PhysActivity"": 0.0, ""DiffWalk"": 0.0, ""MentHlth"": 0.0005124566382844529, ""AnyHealthcare"": 0.0, ""NoDocbcCost"": 0.0, ""CholCheck"": 0.0, ""HighBP"": 0.0, ""HeartDiseaseorAttack"": 0.0, ""Stroke"": 0.0, ""HighChol"": 0.0, ""Education"": 0.0, ""Smoker"": 0.0, ""Fruits"": 0.0, ""Veggies"": 0.0}","{""Diabetes_binary"": 0, ""HighBP"": 0, ""HighChol"": 0, ""CholCheck"": 0, ""BMI"": 0, ""Smoker"": 0, ""Stroke"": 0, ""HeartDiseaseorAttack"": 0, ""PhysActivity"": 0, ""Fruits"": 0, ""Veggies"": 0, ""HvyAlcoholConsump"": 0, ""AnyHealthcare"": 0, ""NoDocbcCost"": 0, ""GenHlth"": 0, ""MentHlth"": 0, ""PhysHlth"": 0, ""DiffWalk"": 0, ""Sex"": 0, ""Age"": 0, ""Education"": 0, ""Income"": 0}",0.1365652999957092,0.140625,172032,2481,1348,19848,19848,10,cpu,1,2.14.1+cu130,d52d239,,,
L1,high,2,10000,nn_linear,nn,[],linear,,10000,8000,50736,37,0,3284044321,3428092600,-12.297753098500998,0.0168286350222676,0,0.0116485335856196,"{""Diabetes_binary"": -0.32732051610946655, ""HighBP"": -0.6479336619377136, ""HighChol"": -0.673777163028717, ""CholCheck"": -0.15710100531578064, ""BMI"": -0.7843367457389832, ""Smoker"": -0.6859444379806519, ""Stroke"": -0.15145093202590942, ""HeartDiseaseorAttack"": -0.28381893038749695, ""PhysActivity"": -0.5526896715164185, ""Fruits"": -0.6571916937828064, ""Veggies"": -0.4874762296676636, ""HvyAlcoholConsump"": -0.21564024686813354, ""AnyHealthcare"": -0.18478839099407196, ""NoDocbcCost"": -0.2612963616847992, ""GenHlth"": -0.7815186977386475, ""MentHlth"": -0.4018900692462921, ""PhysHlth"": -0.5049381852149963, ""DiffWalk"": -0.4143970310688019, ""Sex"": -0.6863996386528015, ""Age"": -1.6802117824554443, ""Education"": -0.6745333671569824, ""Income"": -1.0830984115600586}","{""HvyAlcoholConsump"": 0.0, ""PhysHlth"": 0.0, ""Sex"": 0.0, ""Diabetes_binary"": 0.011175496688741722, ""Age"": 0.0, ""Income"": 0.0, ""GenHlth"": 0.0, ""BMI"": 0.0, ""PhysActivity"": 0.0, ""DiffWalk"": 0.0, ""MentHlth"": 0.0005124566382844529, ""AnyHealthcare"": 0.0, ""NoDocbcCost"": 0.0, ""CholCheck"": 0.0, ""HighBP"": 0.0, ""HeartDiseaseorAttack"": 0.0, ""Stroke"": 0.0, ""HighChol"": 0.0, ""Education"": 0.0, ""Smoker"": 0.0, ""Fruits"": 0.0, ""Veggies"": 0.0}","{""Diabetes_binary"": 0, ""HighBP"": 0, ""HighChol"": 0, ""CholCheck"": 0, ""BMI"": 0, ""Smoker"": 0, ""Stroke"": 0, ""HeartDiseaseorAttack"": 0, ""PhysActivity"": 0, ""Fruits"": 0, ""Veggies"": 0, ""HvyAlcoholConsump"": 0, ""AnyHealthcare"": 0, ""NoDocbcCost"": 0, ""GenHlth"": 0, ""MentHlth"": 0, ""PhysHlth"": 0, ""DiffWalk"": 0, ""Sex"": 0, ""Age"": 0, ""Education"": 0, ""Income"": 0}",84.71336090000113,82.8125,-53243904,378,378,3024,1512,10,cpu,1,2.14.1+cu130,d52d239,53.68181818181818,33.68181818181818,0.0
L1,high,2,10000,01_256x128_lr3e-4,nn,"[256, 128]",ReLU,,10000,8000,50736,37,0,3284044321,3428092600,-12.296485365944497,0.0168599186729835,0,0.0116485335856196,"{""Diabetes_binary"": -0.32730379700660706, ""HighBP"": -0.6479635238647461, ""HighChol"": -0.673719584941864, ""CholCheck"": -0.15747761726379395, ""BMI"": -0.7845498919487, ""Smoker"": -0.6860108375549316, ""Stroke"": -0.1509401798248291, ""HeartDiseaseorAttack"": -0.28445684909820557, ""PhysActivity"": -0.5526269674301147, ""Fruits"": -0.6571874022483826, ""Veggies"": -0.4874666631221771, ""HvyAlcoholConsump"": -0.21563787758350372, ""AnyHealthcare"": -0.18463318049907684, ""NoDocbcCost"": -0.26122817397117615, ""GenHlth"": -0.7800207734107971, ""MentHlth"": -0.4026884138584137, ""PhysHlth"": -0.5036005973815918, ""DiffWalk"": -0.41450127959251404, ""Sex"": -0.6863943338394165, ""Age"": -1.6802475452423096, ""Education"": -0.6754900813102722, ""Income"": -1.0823403596878052}","{""HvyAlcoholConsump"": 0.0, ""PhysHlth"": 0.0, ""Sex"": 0.0, ""Diabetes_binary"": 0.011175496688741722, ""Age"": 0.0, ""Income"": 0.0, ""GenHlth"": 0.0, ""BMI"": 0.0, ""PhysActivity"": 0.0, ""DiffWalk"": 0.0, ""MentHlth"": 0.0005124566382844529, ""AnyHealthcare"": 0.0, ""NoDocbcCost"": 0.0, ""CholCheck"": 0.0, ""HighBP"": 0.0, ""HeartDiseaseorAttack"": 0.0, ""Stroke"": 0.0, ""HighChol"": 0.0, ""Education"": 0.0, ""Smoker"": 0.0, ""Fruits"": 0.0, ""Veggies"": 0.0}","{""Diabetes_binary"": 0, ""HighBP"": 0, ""HighChol"": 0, ""CholCheck"": 0, ""BMI"": 0, ""Smoker"": 0, ""Stroke"": 0, ""HeartDiseaseorAttack"": 0, ""PhysActivity"": 0, ""Fruits"": 0, ""Veggies"": 0, ""HvyAlcoholConsump"": 0, ""AnyHealthcare"": 0, ""NoDocbcCost"": 0, ""GenHlth"": 0, ""MentHlth"": 0, ""PhysHlth"": 0, ""DiffWalk"": 0, ""Sex"": 0, ""Age"": 0, ""Education"": 0, ""Income"": 0}",169.02301659999648,159.734375,9654272,769463,769463,6155704,3077852,10,cpu,1,2.14.1+cu130,d52d239,34.0,14.0,0.0
L1,high,2,10000,k6_128_64_9,nn,"[128, 64]",ReLU,,10000,8000,50736,37,0,3284044321,3428092600,-12.295846045958028,0.0169182707413744,0,0.0116485335856196,"{""Diabetes_binary"": -0.32670873403549194, ""HighBP"": -0.6479706168174744, ""HighChol"": -0.673690140247345, ""CholCheck"": -0.15760628879070282, ""BMI"": -0.784277617931366, ""Smoker"": -0.6859760284423828, ""Stroke"": -0.15090306103229523, ""HeartDiseaseorAttack"": -0.2843073010444641, ""PhysActivity"": -0.552742063999176, ""Fruits"": -0.6571822762489319, ""Veggies"": -0.4874778389930725, ""HvyAlcoholConsump"": -0.2156374156475067, ""AnyHealthcare"": -0.18465065956115723, ""NoDocbcCost"": -0.2612467408180237, ""GenHlth"": -0.7803046107292175, ""MentHlth"": -0.4025918245315552, ""PhysHlth"": -0.5040814280509949, ""DiffWalk"": -0.4145825505256653, ""Sex"": -0.6863539218902588, ""Age"": -1.6801480054855347, ""Education"": -0.6746156215667725, ""Income"": -1.0827914476394653}","{""HvyAlcoholConsump"": 0.0, ""PhysHlth"": 0.0, ""Sex"": 0.0, ""Diabetes_binary"": 0.011175496688741722, ""Age"": 0.0, ""Income"": 0.0, ""GenHlth"": 0.0, ""BMI"": 0.0, ""PhysActivity"": 0.0, ""DiffWalk"": 0.0, ""MentHlth"": 0.0005124566382844529, ""AnyHealthcare"": 0.0, ""NoDocbcCost"": 0.0, ""CholCheck"": 0.0, ""HighBP"": 0.0, ""HeartDiseaseorAttack"": 0.0, ""Stroke"": 0.0, ""HighChol"": 0.0, ""Education"": 0.0, ""Smoker"": 0.0, ""Fruits"": 0.0, ""Veggies"": 0.0}","{""Diabetes_binary"": 0, ""HighBP"": 0, ""HighChol"": 0, ""CholCheck"": 0, ""BMI"": 0, ""Smoker"": 0, ""Stroke"": 0, ""HeartDiseaseorAttack"": 0, ""PhysActivity"": 0, ""Fruits"": 0, ""Veggies"": 0, ""HvyAlcoholConsump"": 0, ""AnyHealthcare"": 0, ""NoDocbcCost"": 0, ""GenHlth"": 0, ""MentHlth"": 0, ""PhysHlth"": 0, ""DiffWalk"": 0, ""Sex"": 0, ""Age"": 0, ""Education"": 0, ""Income"": 0}",291.5788482000062,280.25,-104361984,204535,204535,1636280,818140,10,cpu,1,2.14.1+cu130,d52d239,78.45454545454545,28.454545454545453,0.0
L1,high,2,50000,mle,mle,,,,50000,50000,50736,37,0,2935575344,481107469,-12.366553393010715,0.0185972575343693,158,0.0016162093976663,"{""Diabetes_binary"": -0.39818114129300153, ""HighBP"": -0.6473187209759041, ""HighChol"": -0.6733141841549484, ""CholCheck"": -0.15671794441739145, ""BMI"": -0.7835170206792013, ""Smoker"": -0.6859473319944547, ""Stroke"": -0.1507356756854196, ""HeartDiseaseorAttack"": -0.28363754155247967, ""PhysActivity"": -0.5523117789359085, ""Fruits"": -0.6571578334278859, ""Veggies"": -0.4874782965679814, ""HvyAlcoholConsump"": -0.21563792312321597, ""AnyHealthcare"": -0.18462452812538235, ""NoDocbcCost"": -0.26098208303323556, ""GenHlth"": -0.7819550431907045, ""MentHlth"": -0.40742747204051205, ""PhysHlth"": -0.5043782367480778, ""DiffWalk"": -0.41378476108298384, ""Sex"": -0.6861739902723683, ""Age"": -1.6799297027175677, ""Education"": -0.6740970106168145, ""Income"": -1.0812451723752776}","{""HvyAlcoholConsump"": 0.0, ""PhysHlth"": 0.0, ""Sex"": 0.0, ""Diabetes_binary"": 0.0015373699148533587, ""Age"": 0.0, ""Income"": 0.0, ""GenHlth"": 0.0, ""BMI"": 0.0, ""PhysActivity"": 0.0, ""DiffWalk"": 0.0, ""MentHlth"": 7.883948281299275e-05, ""AnyHealthcare"": 0.0, ""NoDocbcCost"": 0.0, ""CholCheck"": 0.0, ""HighBP"": 0.0, ""HeartDiseaseorAttack"": 0.0, ""Stroke"": 0.0, ""HighChol"": 0.0, ""Education"": 0.0, ""Smoker"": 0.0, ""Fruits"": 0.0, ""Veggies"": 0.0}","{""Diabetes_binary"": 138, ""HighBP"": 0, ""HighChol"": 0, ""CholCheck"": 0, ""BMI"": 0, ""Smoker"": 0, ""Stroke"": 0, ""HeartDiseaseorAttack"": 0, ""PhysActivity"": 0, ""Fruits"": 0, ""Veggies"": 0, ""HvyAlcoholConsump"": 0, ""AnyHealthcare"": 0, ""NoDocbcCost"": 0, ""GenHlth"": 7, ""MentHlth"": 11, ""PhysHlth"": 2, ""DiffWalk"": 0, ""Sex"": 0, ""Age"": 0, ""Education"": 0, ""Income"": 0}",0.204619600001024,0.21875,2756608,2481,1348,19848,19848,10,cpu,1,2.14.1+cu130,d52d239,,,
L1,high,2,50000,dirichlet_0.5,dirichlet,,,0.5,50000,50000,50736,37,0,2935575344,481107469,-12.290413133908425,0.0167992985268105,0,0.0016162093976663,"{""Diabetes_binary"": -0.33167228032588325, ""HighBP"": -0.6473205661193399, ""HighChol"": -0.6733142153726369, ""CholCheck"": -0.1567190470643432, ""BMI"": -0.7835182434649455, ""Smoker"": -0.6859473592512586, ""Stroke"": -0.15073680172212003, ""HeartDiseaseorAttack"": -0.28363728261379684, ""PhysActivity"": -0.5523118196993435, ""Fruits"": -0.657157845022125, ""Veggies"": -0.4874781313300866, ""HvyAlcoholConsump"": -0.21563788390332134, ""AnyHealthcare"": -0.18462554664713357, ""NoDocbcCost"": -0.26098118347302024, ""GenHlth"": -0.7789694449605844, ""MentHlth"": -0.40180354895808557, ""PhysHlth"": -0.5033531615988502, ""DiffWalk"": -0.4137935337700506, ""Sex"": -0.6861739960431077, ""Age"": -1.6799298070572384, ""Education"": -0.6740977099237929, ""Income"": -1.0812337255873572}","{""HvyAlcoholConsump"": 0.0, ""PhysHlth"": 0.0, ""Sex"": 0.0, ""Diabetes_binary"": 0.0015373699148533587, ""Age"": 0.0, ""Income"": 0.0, ""GenHlth"": 0.0, ""BMI"": 0.0, ""PhysActivity"": 0.0, ""DiffWalk"": 0.0, ""MentHlth"": 7.883948281299275e-05, ""AnyHealthcare"": 0.0, ""NoDocbcCost"": 0.0, ""CholCheck"": 0.0, ""HighBP"": 0.0, ""HeartDiseaseorAttack"": 0.0, ""Stroke"": 0.0, ""HighChol"": 0.0, ""Education"": 0.0, ""Smoker"": 0.0, ""Fruits"": 0.0, ""Veggies"": 0.0}","{""Diabetes_binary"": 0, ""HighBP"": 0, ""HighChol"": 0, ""CholCheck"": 0, ""BMI"": 0, ""Smoker"": 0, ""Stroke"": 0, ""HeartDiseaseorAttack"": 0, ""PhysActivity"": 0, ""Fruits"": 0, ""Veggies"": 0, ""HvyAlcoholConsump"": 0, ""AnyHealthcare"": 0, ""NoDocbcCost"": 0, ""GenHlth"": 0, ""MentHlth"": 0, ""PhysHlth"": 0, ""DiffWalk"": 0, ""Sex"": 0, ""Age"": 0, ""Education"": 0, ""Income"": 0}",0.2329518999904394,0.234375,286720,2481,1348,19848,19848,10,cpu,1,2.14.1+cu130,d52d239,,,
L1,high,2,full,mle,mle,,,,202944,202944,50736,37,0,3701333381,1152244685,-12.293359386292334,0.017049929308113,23,0.0002168085777357,"{""Diabetes_binary"": -0.3363173219045142, ""HighBP"": -0.6473461853615802, ""HighChol"": -0.6733331144332044, ""CholCheck"": -0.1566289191141801, ""BMI"": -0.7833000102023309, ""Smoker"": -0.6859057132332683, ""Stroke"": -0.15071927686932807, ""HeartDiseaseorAttack"": -0.2836561222129224, ""PhysActivity"": -0.5522713682536735, ""Fruits"": -0.6571584476072492, ""Veggies"": -0.48745146404220463, ""HvyAlcoholConsump"": -0.21563838938756252, ""AnyHealthcare"": -0.18460187495986896, ""NoDocbcCost"": -0.2609685029244358, ""GenHlth"": -0.7786206523501638, ""MentHlth"": -0.40235943484712666, ""PhysHlth"": -0.502341228181315, ""DiffWalk"": -0.41370573396082977, ""Sex"": -0.6861723216272493, ""Age"": -1.6799152488599383, ""Education"": -0.6740469923736894, ""Income"": -1.0809010635856993}","{""HvyAlcoholConsump"": 0.0, ""PhysHlth"": 0.0, ""Sex"": 0.0, ""Diabetes_binary"": 0.00021680857773573005, ""Age"": 0.0, ""Income"": 0.0, ""GenHlth"": 0.0, ""BMI"": 0.0, ""PhysActivity"": 0.0, ""DiffWalk"": 0.0, ""MentHlth"": 0.0, ""AnyHealthcare"": 0.0, ""NoDocbcCost"": 0.0, ""CholCheck"": 0.0, ""HighBP"": 0.0, ""HeartDiseaseorAttack"": 0.0, ""Stroke"": 0.0, ""HighChol"": 0.0, ""Education"": 0.0, ""Smoker"": 0.0, ""Fruits"": 0.0, ""Veggies"": 0.0}","{""Diabetes_binary"": 20, ""HighBP"": 0, ""HighChol"": 0, ""CholCheck"": 0, ""BMI"": 0, ""Smoker"": 0, ""Stroke"": 0, ""HeartDiseaseorAttack"": 0, ""PhysActivity"": 0, ""Fruits"": 0, ""Veggies"": 0, ""HvyAlcoholConsump"": 0, ""AnyHealthcare"": 0, ""NoDocbcCost"": 0, ""GenHlth"": 0, ""MentHlth"": 3, ""PhysHlth"": 0, ""DiffWalk"": 0, ""Sex"": 0, ""Age"": 0, ""Education"": 0, ""Income"": 0}",0.759956299996702,0.6875,28672,2481,1348,19848,19848,10,cpu,1,2.14.1+cu130,d52d239,,,
L1,high,2,full,dirichlet_0.5,dirichlet,,,0.5,202944,202944,50736,37,0,3701333381,1152244685,-12.282166410155796,0.0167430924934416,0,0.0002168085777357,"{""Diabetes_binary"": -0.3266179274711532, ""HighBP"": -0.6473466755116465, ""HighChol"": -0.6733330816903144, ""CholCheck"": -0.15662896010823554, ""BMI"": -0.7832999894740841, ""Smoker"": -0.6859057180120676, ""Stroke"": -0.1507194925287137, ""HeartDiseaseorAttack"": -0.28365608620272176, ""PhysActivity"": -0.5522713023582183, ""Fruits"": -0.6571584443276216, ""Veggies"": -0.4874514357186883, ""HvyAlcoholConsump"": -0.21563840282450208, ""AnyHealthcare"": -0.1846017896015975, ""NoDocbcCost"": -0.26096833781947837, ""GenHlth"": -0.7785870652350947, ""MentHlth"": -0.4009039897926146, ""PhysHlth"": -0.5023365331755147, ""DiffWalk"": -0.41370710605113203, ""Sex"": -0.6861723206312575, ""Age"": -1.6799152412769753, ""Education"": -0.6740470733209304, ""Income"": -1.0808994370232345}","{""HvyAlcoholConsump"": 0.0, ""PhysHlth"": 0.0, ""Sex"": 0.0, ""Diabetes_binary"": 0.00021680857773573005, ""Age"": 0.0, ""Income"": 0.0, ""GenHlth"": 0.0, ""BMI"": 0.0, ""PhysActivity"": 0.0, ""DiffWalk"": 0.0, ""MentHlth"": 0.0, ""AnyHealthcare"": 0.0, ""NoDocbcCost"": 0.0, ""CholCheck"": 0.0, ""HighBP"": 0.0, ""HeartDiseaseorAttack"": 0.0, ""Stroke"": 0.0, ""HighChol"": 0.0, ""Education"": 0.0, ""Smoker"": 0.0, ""Fruits"": 0.0, ""Veggies"": 0.0}","{""Diabetes_binary"": 0, ""HighBP"": 0, ""HighChol"": 0, ""CholCheck"": 0, ""BMI"": 0, ""Smoker"": 0, ""Stroke"": 0, ""HeartDiseaseorAttack"": 0, ""PhysActivity"": 0, ""Fruits"": 0, ""Veggies"": 0, ""HvyAlcoholConsump"": 0, ""AnyHealthcare"": 0, ""NoDocbcCost"": 0, ""GenHlth"": 0, ""MentHlth"": 0, ""PhysHlth"": 0, ""DiffWalk"": 0, ""Sex"": 0, ""Age"": 0, ""Education"": 0, ""Income"": 0}",0.7094728999945801,0.625,118784,2481,1348,19848,19848,10,cpu,1,2.14.1+cu130,d52d239,,,
L2,moderate,0,500,mle,mle,,,,500,500,50736,50,0,1850590142,981146138,-42.83537563426498,0.1175903963864266,52626,0.8966414380321666,"{""Diabetes_binary"": -1.1850558386975536, ""HighBP"": -4.064908320821372, ""HighChol"": -0.7509246197531069, ""CholCheck"": -0.6400504601324607, ""BMI"": -1.2874947119865767, ""Smoker"": -0.6870745080432203, ""Stroke"": -0.19259028491123234, ""HeartDiseaseorAttack"": -0.8744645417281924, ""PhysActivity"": -0.5621342201127402, ""Fruits"": -0.6593268177545696, ""Veggies"": -0.4789770786391798, ""HvyAlcoholConsump"": -0.21697094042785056, ""AnyHealthcare"": -0.19029994914799464, ""NoDocbcCost"": -0.36394381384828983, ""GenHlth"": -7.436818159126315, ""MentHlth"": -4.0398388700560455, ""PhysHlth"": -4.9193462726456385, ""DiffWalk"": -0.6355770080236892, ""Sex"": -0.6896582351532082, ""Age"": -2.4662667590233296, ""Education"": -1.278380727455721, ""Income"": -9.215273496776689}","{""HvyAlcoholConsump"": 0.0, ""PhysHlth"": 0.08019946389151687, ""Sex"": 0.0, ""Diabetes_binary"": 0.8234981078524125, ""HighBP"": 0.2792888678650268, ""Income"": 0.039577420372122356, ""Age"": 0.0, ""GenHlth"": 0.48224140649637337, ""BMI"": 0.0, ""PhysActivity"": 0.0, ""DiffWalk"": 0.002010406811731315, ""MentHlth"": 0.08114553768527279, ""AnyHealthcare"": 0.0, ""NoDocbcCost"": 0.0, ""CholCheck"": 0.0, ""HeartDiseaseorAttack"": 0.016497161778618732, ""HighChol"": 0.003922264269946389, ""Stroke"": 0.0008869441816461685, ""Fruits"": 0.0, ""Veggies"": 0.0, ""Education"": 0.0, ""Smoker"": 0.0}","{""Diabetes_binary"": 1125, ""HighBP"": 6711, ""HighChol"": 131, ""CholCheck"": 1030, ""BMI"": 288, ""Smoker"": 0, ""Stroke"": 72, ""HeartDiseaseorAttack"": 1224, ""PhysActivity"": 0, ""Fruits"": 0, ""Veggies"": 0, ""HvyAlcoholConsump"": 0, ""AnyHealthcare"": 0, ""NoDocbcCost"": 191, ""GenHlth"": 11841, ""MentHlth"": 6387, ""PhysHlth"": 7807, ""DiffWalk"": 422, ""Sex"": 0, ""Age"": 0, ""Education"": 41, ""Income"": 15356}",0.5690878999885172,0.5,765952,81983,49496,655864,655864,10,cpu,1,2.14.1+cu130,d52d239,,,
L2,moderate,0,500,dirichlet_0.5,dirichlet,,,0.5,500,500,50736,50,0,1850590142,981146138,-17.21137368968941,0.0159232807716772,0,0.8966414380321666,"{""Diabetes_binary"": -0.6443451326672914, ""HighBP"": -0.6754982297663299, ""HighChol"": -0.6832178501757684, ""CholCheck"": -0.1822201596988438, ""BMI"": -1.1603016950354275, ""Smoker"": -0.6870808951905087, ""Stroke"": -0.15938332096401772, ""HeartDiseaseorAttack"": -0.30082218001609395, ""PhysActivity"": -0.5614694736454551, ""Fruits"": -0.6592661379573693, ""Veggies"": -0.47898227640557833, ""HvyAlcoholConsump"": -0.2171150636435484, ""AnyHealthcare"": -0.18872752827300024, ""NoDocbcCost"": -0.2661362703036029, ""GenHlth"": -1.5722637165694404, ""MentHlth"": -0.9430064542100809, ""PhysHlth"": -1.1117299014726407, ""DiffWalk"": -0.4334417397056866, ""Sex"": -0.6896258547471104, ""Age"": -2.4661011810404543, ""Education"": -1.2627726962086003, ""Income"": -1.8678659319925595}","{""HvyAlcoholConsump"": 0.0, ""PhysHlth"": 0.08019946389151687, ""Sex"": 0.0, ""Diabetes_binary"": 0.8234981078524125, ""HighBP"": 0.2792888678650268, ""Income"": 0.039577420372122356, ""Age"": 0.0, ""GenHlth"": 0.48224140649637337, ""BMI"": 0.0, ""PhysActivity"": 0.0, ""DiffWalk"": 0.002010406811731315, ""MentHlth"": 0.08114553768527279, ""AnyHealthcare"": 0.0, ""NoDocbcCost"": 0.0, ""CholCheck"": 0.0, ""HeartDiseaseorAttack"": 0.016497161778618732, ""HighChol"": 0.003922264269946389, ""Stroke"": 0.0008869441816461685, ""Fruits"": 0.0, ""Veggies"": 0.0, ""Education"": 0.0, ""Smoker"": 0.0}","{""Diabetes_binary"": 0, ""HighBP"": 0, ""HighChol"": 0, ""CholCheck"": 0, ""BMI"": 0, ""Smoker"": 0, ""Stroke"": 0, ""HeartDiseaseorAttack"": 0, ""PhysActivity"": 0, ""Fruits"": 0, ""Veggies"": 0, ""HvyAlcoholConsump"": 0, ""AnyHealthcare"": 0, ""NoDocbcCost"": 0, ""GenHlth"": 0, ""MentHlth"": 0, ""PhysHlth"": 0, ""DiffWalk"": 0, ""Sex"": 0, ""Age"": 0, ""Education"": 0, ""Income"": 0}",1.8996956000046337,1.65625,15388672,81983,49496,655864,655864,10,cpu,1,2.14.1+cu130,d52d239,,,
L2,moderate,0,500,nn_linear,nn,[],linear,,500,400,50736,50,0,1850590142,981146138,-16.506372861298008,0.0156424869798837,0,0.8966414380321666,"{""Diabetes_binary"": -0.33503660559654236, ""HighBP"": -0.5973695516586304, ""HighChol"": -0.6784633994102478, ""CholCheck"": -0.15622451901435852, ""BMI"": -1.1646268367767334, ""Smoker"": -0.6931898593902588, ""Stroke"": -0.1673266440629959, ""HeartDiseaseorAttack"": -0.27814212441444397, ""PhysActivity"": -0.5848185420036316, ""Fruits"": -0.656510591506958, ""Veggies"": -0.4789769649505615, ""HvyAlcoholConsump"": -0.2723495364189148, ""AnyHealthcare"": -0.19939036667346954, ""NoDocbcCost"": -0.2656322419643402, ""GenHlth"": -1.4176344871520996, ""MentHlth"": -0.8459690809249878, ""PhysHlth"": -1.0057309865951538, ""DiffWalk"": -0.4304003417491913, ""Sex"": -0.6867679357528687, ""Age"": -2.4955828189849854, ""Education"": -1.3501863479614258, ""Income"": -1.7460432052612305}","{""HvyAlcoholConsump"": 0.0, ""PhysHlth"": 0.08019946389151687, ""Sex"": 0.0, ""Diabetes_binary"": 0.8234981078524125, ""HighBP"": 0.2792888678650268, ""Income"": 0.039577420372122356, ""Age"": 0.0, ""GenHlth"": 0.48224140649637337, ""BMI"": 0.0, ""PhysActivity"": 0.0, ""DiffWalk"": 0.002010406811731315, ""MentHlth"": 0.08114553768527279, ""AnyHealthcare"": 0.0, ""NoDocbcCost"": 0.0, ""CholCheck"": 0.0, ""HeartDiseaseorAttack"": 0.016497161778618732, ""HighChol"": 0.003922264269946389, ""Stroke"": 0.0008869441816461685, ""Fruits"": 0.0, ""Veggies"": 0.0, ""Education"": 0.0, ""Smoker"": 0.0}","{""Diabetes_binary"": 0, ""HighBP"": 0, ""HighChol"": 0, ""CholCheck"": 0, ""BMI"": 0, ""Smoker"": 0, ""Stroke"": 0, ""HeartDiseaseorAttack"": 0, ""PhysActivity"": 0, ""Fruits"": 0, ""Veggies"": 0, ""HvyAlcoholConsump"": 0, ""AnyHealthcare"": 0, ""NoDocbcCost"": 0, ""GenHlth"": 0, ""MentHlth"": 0, ""PhysHlth"": 0, ""DiffWalk"": 0, ""Sex"": 0, ""Age"": 0, ""Education"": 0, ""Income"": 0}",17.442565299978014,16.4375,163540992,946,946,7568,3784,10,cpu,1,2.14.1+cu130,d52d239,171.13636363636363,160.4090909090909,0.5909090909090909
L2,moderate,0,500,01_256x128_lr3e-4,nn,"[256, 128]",ReLU,,500,400,50736,50,0,1850590142,981146138,-16.350093254754622,0.0173550973942198,0,0.8966414380321666,"{""Diabetes_binary"": -0.33697929978370667, ""HighBP"": -0.6038039326667786, ""HighChol"": -0.6854061484336853, ""CholCheck"": -0.17464573681354523, ""BMI"": -1.1454427242279053, ""Smoker"": -0.6915786862373352, ""Stroke"": -0.15845297276973724, ""HeartDiseaseorAttack"": -0.29530051350593567, ""PhysActivity"": -0.5906909108161926, ""Fruits"": -0.6562233567237854, ""Veggies"": -0.479043185710907, ""HvyAlcoholConsump"": -0.21650205552577972, ""AnyHealthcare"": -0.189138725399971, ""NoDocbcCost"": -0.26573583483695984, ""GenHlth"": -1.4127867221832275, ""MentHlth"": -0.8390984535217285, ""PhysHlth"": -1.0030344724655151, ""DiffWalk"": -0.44490352272987366, ""Sex"": -0.6915203332901001, ""Age"": -2.469730854034424, ""Education"": -1.2700791358947754, ""Income"": -1.7299951314926147}","{""HvyAlcoholConsump"": 0.0, ""PhysHlth"": 0.08019946389151687, ""Sex"": 0.0, ""Diabetes_binary"": 0.8234981078524125, ""HighBP"": 0.2792888678650268, ""Income"": 0.039577420372122356, ""Age"": 0.0, ""GenHlth"": 0.48224140649637337, ""BMI"": 0.0, ""PhysActivity"": 0.0, ""DiffWalk"": 0.002010406811731315, ""MentHlth"": 0.08114553768527279, ""AnyHealthcare"": 0.0, ""NoDocbcCost"": 0.0, ""CholCheck"": 0.0, ""HeartDiseaseorAttack"": 0.016497161778618732, ""HighChol"": 0.003922264269946389, ""Stroke"": 0.0008869441816461685, ""Fruits"": 0.0, ""Veggies"": 0.0, ""Education"": 0.0, ""Smoker"": 0.0}","{""Diabetes_binary"": 0, ""HighBP"": 0, ""HighChol"": 0, ""CholCheck"": 0, ""BMI"": 0, ""Smoker"": 0, ""Stroke"": 0, ""HeartDiseaseorAttack"": 0, ""PhysActivity"": 0, ""Fruits"": 0, ""Veggies"": 0, ""HvyAlcoholConsump"": 0, ""AnyHealthcare"": 0, ""NoDocbcCost"": 0, ""GenHlth"": 0, ""MentHlth"": 0, ""PhysHlth"": 0, ""DiffWalk"": 0, ""Sex"": 0, ""Age"": 0, ""Education"": 0, ""Income"": 0}",23.428203399991617,21.25,-2605056,805706,805706,6445648,3222824,10,cpu,1,2.14.1+cu130,d52d239,56.31818181818182,36.31818181818182,0.0
L2,moderate,0,500,k6_128_64_9,nn,"[128, 64]",ReLU,,500,400,50736,50,0,1850590142,981146138,-16.311711295547187,0.0172863722528367,0,0.8966414380321666,"{""Diabetes_binary"": -0.35714593529701233, ""HighBP"": -0.6081440448760986, ""HighChol"": -0.6825799942016602, ""CholCheck"": -0.172582745552063, ""BMI"": -1.1445634365081787, ""Smoker"": -0.6910471320152283, ""Stroke"": -0.1600889414548874, ""HeartDiseaseorAttack"": -0.2803962826728821, ""PhysActivity"": -0.5832787752151489, ""Fruits"": -0.6572450995445251, ""Veggies"": -0.4790501892566681, ""HvyAlcoholConsump"": -0.21627336740493774, ""AnyHealthcare"": -0.18687795102596283, ""NoDocbcCost"": -0.2650725841522217, ""GenHlth"": -1.3998388051986694, ""MentHlth"": -0.8436448574066162, ""PhysHlth"": -1.009631633758545, ""DiffWalk"": -0.43835005164146423, ""Sex"": -0.6890360116958618, ""Age"": -2.466829299926758, ""Education"": -1.263363242149353, ""Income"": -1.7166708707809448}","{""HvyAlcoholConsump"": 0.0, ""PhysHlth"": 0.08019946389151687, ""Sex"": 0.0, ""Diabetes_binary"": 0.8234981078524125, ""HighBP"": 0.2792888678650268, ""Income"": 0.039577420372122356, ""Age"": 0.0, ""GenHlth"": 0.48224140649637337, ""BMI"": 0.0, ""PhysActivity"": 0.0, ""DiffWalk"": 0.002010406811731315, ""MentHlth"": 0.08114553768527279, ""AnyHealthcare"": 0.0, ""NoDocbcCost"": 0.0, ""CholCheck"": 0.0, ""HeartDiseaseorAttack"": 0.016497161778618732, ""HighChol"": 0.003922264269946389, ""Stroke"": 0.0008869441816461685, ""Fruits"": 0.0, ""Veggies"": 0.0, ""Education"": 0.0, ""Smoker"": 0.0}","{""Diabetes_binary"": 0, ""HighBP"": 0, ""HighChol"": 0, ""CholCheck"": 0, ""BMI"": 0, ""Smoker"": 0, ""Stroke"": 0, ""HeartDiseaseorAttack"": 0, ""PhysActivity"": 0, ""Fruits"": 0, ""Veggies"": 0, ""HvyAlcoholConsump"": 0, ""AnyHealthcare"": 0, ""NoDocbcCost"": 0, ""GenHlth"": 0, ""MentHlth"": 0, ""PhysHlth"": 0, ""DiffWalk"": 0, ""Sex"": 0, ""Age"": 0, ""Education"": 0, ""Income"": 0}",29.177414400008274,27.75,-134127616,222666,222666,1781328,890664,10,cpu,1,2.14.1+cu130,d52d239,125.13636363636364,75.13636363636364,0.0
L2,moderate,0,2000,mle,mle,,,,2000,2000,50736,50,0,1808620605,184518865,-31.183317757330272,0.0935442743676779,29662,0.647469252601703,"{""Diabetes_binary"": -2.058644772410425, ""HighBP"": -2.5168193619327317, ""HighChol"": -0.7149336549534856, ""CholCheck"": -0.17321846877950156, ""BMI"": -1.1640357500523821, ""Smoker"": -0.6867367511133377, ""Stroke"": -0.1570673914346572, ""HeartDiseaseorAttack"": -0.402474199723492, ""PhysActivity"": -0.5576147616569561, ""Fruits"": -0.6560067905727168, ""Veggies"": -0.4794706570719201, ""HvyAlcoholConsump"": -0.21635220473296654, ""AnyHealthcare"": -0.18250738795287402, ""NoDocbcCost"": -0.2617806789517003, ""GenHlth"": -7.77598601275837, ""MentHlth"": -2.1773600289617403, ""PhysHlth"": -2.0414885302872086, ""DiffWalk"": -0.4484340848206947, ""Sex"": -0.686380329097694, ""Age"": -2.4617729442588043, ""Education"": -1.2777640132981989, ""Income"": -4.086468982508416}","{""HvyAlcoholConsump"": 0.0, ""PhysHlth"": 0.0114120151371807, ""Sex"": 0.0, ""Diabetes_binary"": 0.570443077893409, ""HighBP"": 0.09744560075685904, ""Income"": 0.006110059918006938, ""Age"": 0.0, ""GenHlth"": 0.2250078839482813, ""BMI"": 0.0, ""PhysActivity"": 0.0, ""DiffWalk"": 0.000315357931251971, ""MentHlth"": 0.021385209713024284, ""AnyHealthcare"": 0.0, ""NoDocbcCost"": 0.0, ""CholCheck"": 0.0, ""HeartDiseaseorAttack"": 0.0014388205613371176, ""HighChol"": 0.0, ""Stroke"": 0.0, ""Fruits"": 0.0, ""Veggies"": 0.0, ""Education"": 0.0, ""Smoker"": 0.0}","{""Diabetes_binary"": 3025, ""HighBP"": 3747, ""HighChol"": 78, ""CholCheck"": 35, ""BMI"": 52, ""Smoker"": 0, ""Stroke"": 7, ""HeartDiseaseorAttack"": 244, ""PhysActivity"": 0, ""Fruits"": 0, ""Veggies"": 0, ""HvyAlcoholConsump"": 0, ""AnyHealthcare"": 0, ""NoDocbcCost"": 0, ""GenHlth"": 12675, ""MentHlth"": 2697, ""PhysHlth"": 2109, ""DiffWalk"": 55, ""Sex"": 0, ""Age"": 0, ""Education"": 41, ""Income"": 4897}",0.4826974000025075,0.484375,344064,81983,49496,655864,655864,10,cpu,1,2.14.1+cu130,d52d239,,,
L2,moderate,0,2000,dirichlet_0.5,dirichlet,,,0.5,2000,2000,50736,50,0,1808620605,184518865,-16.719186979071768,0.0167305377597481,0,0.647469252601703,"{""Diabetes_binary"": -0.5748972410252243, ""HighBP"": -0.6393714860854504, ""HighChol"": -0.6756647396587097, ""CholCheck"": -0.15637149858216123, ""BMI"": -1.1413647173560517, ""Smoker"": -0.6867381548692308, ""Stroke"": -0.15372944506268657, ""HeartDiseaseorAttack"": -0.28626941033401815, ""PhysActivity"": -0.5571738886919598, ""Fruits"": -0.6560064841395128, ""Veggies"": -0.4794825950693797, ""HvyAlcoholConsump"": -0.21637130693032658, ""AnyHealthcare"": -0.18243099924508072, ""NoDocbcCost"": -0.26168783439066695, ""GenHlth"": -1.5320414492550345, ""MentHlth"": -0.8819996568509525, ""PhysHlth"": -1.0296747035367801, ""DiffWalk"": -0.42228816750511167, ""Sex"": -0.6863804012079582, ""Age"": -2.461772767572003, ""Education"": -1.262419999926828, ""Income"": -1.775050031776641}","{""HvyAlcoholConsump"": 0.0, ""PhysHlth"": 0.0114120151371807, ""Sex"": 0.0, ""Diabetes_binary"": 0.570443077893409, ""HighBP"": 0.09744560075685904, ""Income"": 0.006110059918006938, ""Age"": 0.0, ""GenHlth"": 0.2250078839482813, ""BMI"": 0.0, ""PhysActivity"": 0.0, ""DiffWalk"": 0.000315357931251971, ""MentHlth"": 0.021385209713024284, ""AnyHealthcare"": 0.0, ""NoDocbcCost"": 0.0, ""CholCheck"": 0.0, ""HeartDiseaseorAttack"": 0.0014388205613371176, ""HighChol"": 0.0, ""Stroke"": 0.0, ""Fruits"": 0.0, ""Veggies"": 0.0, ""Education"": 0.0, ""Smoker"": 0.0}","{""Diabetes_binary"": 0, ""HighBP"": 0, ""HighChol"": 0, ""CholCheck"": 0, ""BMI"": 0, ""Smoker"": 0, ""Stroke"": 0, ""HeartDiseaseorAttack"": 0, ""PhysActivity"": 0, ""Fruits"": 0, ""Veggies"": 0, ""HvyAlcoholConsump"": 0, ""AnyHealthcare"": 0, ""NoDocbcCost"": 0, ""GenHlth"": 0, ""MentHlth"": 0, ""PhysHlth"": 0, ""DiffWalk"": 0, ""Sex"": 0, ""Age"": 0, ""Education"": 0, ""Income"": 0}",1.153857400000561,1.140625,12378112,81983,49496,655864,655864,10,cpu,1,2.14.1+cu130,d52d239,,,
L2,moderate,0,2000,nn_linear,nn,[],linear,,2000,1600,50736,50,0,1808620605,184518865,-16.07884730903124,0.016610825956629,0,0.647469252601703,"{""Diabetes_binary"": -0.3272555470466614, ""HighBP"": -0.5877918601036072, ""HighChol"": -0.67606121301651, ""CholCheck"": -0.15504983067512512, ""BMI"": -1.143295168876648, ""Smoker"": -0.6864158511161804, ""Stroke"": -0.15380991995334625, ""HeartDiseaseorAttack"": -0.27659109234809875, ""PhysActivity"": -0.5568402409553528, ""Fruits"": -0.6560085415840149, ""Veggies"": -0.4798986315727234, ""HvyAlcoholConsump"": -0.2169209122657776, ""AnyHealthcare"": -0.1824774146080017, ""NoDocbcCost"": -0.2629491686820984, ""GenHlth"": -1.370879888534546, ""MentHlth"": -0.835381031036377, ""PhysHlth"": -0.9723353385925293, ""DiffWalk"": -0.41925424337387085, ""Sex"": -0.6863980889320374, ""Age"": -2.4690918922424316, ""Education"": -1.2687143087387085, ""Income"": -1.6954270601272583}","{""HvyAlcoholConsump"": 0.0, ""PhysHlth"": 0.0114120151371807, ""Sex"": 0.0, ""Diabetes_binary"": 0.570443077893409, ""HighBP"": 0.09744560075685904, ""Income"": 0.006110059918006938, ""Age"": 0.0, ""GenHlth"": 0.2250078839482813, ""BMI"": 0.0, ""PhysActivity"": 0.0, ""DiffWalk"": 0.000315357931251971, ""MentHlth"": 0.021385209713024284, ""AnyHealthcare"": 0.0, ""NoDocbcCost"": 0.0, ""CholCheck"": 0.0, ""HeartDiseaseorAttack"": 0.0014388205613371176, ""HighChol"": 0.0, ""Stroke"": 0.0, ""Fruits"": 0.0, ""Veggies"": 0.0, ""Education"": 0.0, ""Smoker"": 0.0}","{""Diabetes_binary"": 0, ""HighBP"": 0, ""HighChol"": 0, ""CholCheck"": 0, ""BMI"": 0, ""Smoker"": 0, ""Stroke"": 0, ""HeartDiseaseorAttack"": 0, ""PhysActivity"": 0, ""Fruits"": 0, ""Veggies"": 0, ""HvyAlcoholConsump"": 0, ""AnyHealthcare"": 0, ""NoDocbcCost"": 0, ""GenHlth"": 0, ""MentHlth"": 0, ""PhysHlth"": 0, ""DiffWalk"": 0, ""Sex"": 0, ""Age"": 0, ""Education"": 0, ""Income"": 0}",40.53847669999232,39.4375,-29016064,946,946,7568,3784,10,cpu,1,2.14.1+cu130,d52d239,125.0,106.8181818181818,0.1363636363636363
L2,moderate,0,2000,01_256x128_lr3e-4,nn,"[256, 128]",ReLU,,2000,1600,50736,50,0,1808620605,184518865,-16.057928017896998,0.0168009000395186,0,0.647469252601703,"{""Diabetes_binary"": -0.3289348781108856, ""HighBP"": -0.5896430015563965, ""HighChol"": -0.6720920205116272, ""CholCheck"": -0.1563531905412674, ""BMI"": -1.1414366960525513, ""Smoker"": -0.6886341571807861, ""Stroke"": -0.15374889969825745, ""HeartDiseaseorAttack"": -0.2755205035209656, ""PhysActivity"": -0.5561849474906921, ""Fruits"": -0.6560565829277039, ""Veggies"": -0.47901976108551025, ""HvyAlcoholConsump"": -0.21655254065990448, ""AnyHealthcare"": -0.18287688493728638, ""NoDocbcCost"": -0.26087039709091187, ""GenHlth"": -1.3684461116790771, ""MentHlth"": -0.8326293230056763, ""PhysHlth"": -0.9740752577781677, ""DiffWalk"": -0.4201109707355499, ""Sex"": -0.6865918040275574, ""Age"": -2.461850881576538, ""Education"": -1.2628768682479858, ""Income"": -1.6934221982955933}","{""HvyAlcoholConsump"": 0.0, ""PhysHlth"": 0.0114120151371807, ""Sex"": 0.0, ""Diabetes_binary"": 0.570443077893409, ""HighBP"": 0.09744560075685904, ""Income"": 0.006110059918006938, ""Age"": 0.0, ""GenHlth"": 0.2250078839482813, ""BMI"": 0.0, ""PhysActivity"": 0.0, ""DiffWalk"": 0.000315357931251971, ""MentHlth"": 0.021385209713024284, ""AnyHealthcare"": 0.0, ""NoDocbcCost"": 0.0, ""CholCheck"": 0.0, ""HeartDiseaseorAttack"": 0.0014388205613371176, ""HighChol"": 0.0, ""Stroke"": 0.0, ""Fruits"": 0.0, ""Veggies"": 0.0, ""Education"": 0.0, ""Smoker"": 0.0}","{""Diabetes_binary"": 0, ""HighBP"": 0, ""HighChol"": 0, ""CholCheck"": 0, ""BMI"": 0, ""Smoker"": 0, ""Stroke"": 0, ""HeartDiseaseorAttack"": 0, ""PhysActivity"": 0, ""Fruits"": 0, ""Veggies"": 0, ""HvyAlcoholConsump"": 0, ""AnyHealthcare"": 0, ""NoDocbcCost"": 0, ""GenHlth"": 0, ""MentHlth"": 0, ""PhysHlth"": 0, ""DiffWalk"": 0, ""Sex"": 0, ""Age"": 0, ""Education"": 0, ""Income"": 0}",43.76707480000914,40.125,7172096,805706,805706,6445648,3222824,10,cpu,1,2.14.1+cu130,d52d239,35.59090909090909,15.590909090909092,0.0
L2,moderate,0,2000,k6_128_64_9,nn,"[128, 64]",ReLU,,2000,1600,50736,50,0,1808620605,184518865,-16.044562294696412,0.0167083735037771,0,0.647469252601703,"{""Diabetes_binary"": -0.32882577180862427, ""HighBP"": -0.587981104850769, ""HighChol"": -0.6725155711174011, ""CholCheck"": -0.15577401220798492, ""BMI"": -1.1416293382644653, ""Smoker"": -0.6872354745864868, ""Stroke"": -0.1536530703306198, ""HeartDiseaseorAttack"": -0.27569299936294556, ""PhysActivity"": -0.5570185780525208, ""Fruits"": -0.6560739874839783, ""Veggies"": -0.47926366329193115, ""HvyAlcoholConsump"": -0.2163250893354416, ""AnyHealthcare"": -0.182175874710083, ""NoDocbcCost"": -0.2606954872608185, ""GenHlth"": -1.3637157678604126, ""MentHlth"": -0.8310116529464722, ""PhysHlth"": -0.9742345213890076, ""DiffWalk"": -0.41950708627700806, ""Sex"": -0.6864914298057556, ""Age"": -2.4618194103240967, ""Education"": -1.2617218494415283, ""Income"": -1.691200852394104}","{""HvyAlcoholConsump"": 0.0, ""PhysHlth"": 0.0114120151371807, ""Sex"": 0.0, ""Diabetes_binary"": 0.570443077893409, ""HighBP"": 0.09744560075685904, ""Income"": 0.006110059918006938, ""Age"": 0.0, ""GenHlth"": 0.2250078839482813, ""BMI"": 0.0, ""PhysActivity"": 0.0, ""DiffWalk"": 0.000315357931251971, ""MentHlth"": 0.021385209713024284, ""AnyHealthcare"": 0.0, ""NoDocbcCost"": 0.0, ""CholCheck"": 0.0, ""HeartDiseaseorAttack"": 0.0014388205613371176, ""HighChol"": 0.0, ""Stroke"": 0.0, ""Fruits"": 0.0, ""Veggies"": 0.0, ""Education"": 0.0, ""Smoker"": 0.0}","{""Diabetes_binary"": 0, ""HighBP"": 0, ""HighChol"": 0, ""CholCheck"": 0, ""BMI"": 0, ""Smoker"": 0, ""Stroke"": 0, ""HeartDiseaseorAttack"": 0, ""PhysActivity"": 0, ""Fruits"": 0, ""Veggies"": 0, ""HvyAlcoholConsump"": 0, ""AnyHealthcare"": 0, ""NoDocbcCost"": 0, ""GenHlth"": 0, ""MentHlth"": 0, ""PhysHlth"": 0, ""DiffWalk"": 0, ""Sex"": 0, ""Age"": 0, ""Education"": 0, ""Income"": 0}",66.15287670001271,63.609375,-131833856,222666,222666,1781328,890664,10,cpu,1,2.14.1+cu130,d52d239,89.9090909090909,39.90909090909091,0.0
L2,moderate,0,10000,mle,mle,,,,10000,10000,50736,50,0,2624760806,2575112927,-23.012269821816503,0.068577803220326,13721,0.2707150741091138,"{""Diabetes_binary"": -2.1803200982168764, ""HighBP"": -1.121184208859291, ""HighChol"": -0.6713267938967663, ""CholCheck"": -0.15438870749669717, ""BMI"": -1.1363556583277792, ""Smoker"": -0.6863436320945413, ""Stroke"": -0.15323049942063338, ""HeartDiseaseorAttack"": -0.29360127686448056, ""PhysActivity"": -0.5546506476032107, ""Fruits"": -0.6561987757470139, ""Veggies"": -0.47901536908017406, ""HvyAlcoholConsump"": -0.21613839210087965, ""AnyHealthcare"": -0.1813353684733469, ""NoDocbcCost"": -0.259765861864919, ""GenHlth"": -4.975456109980688, ""MentHlth"": -1.199610729110667, ""PhysHlth"": -1.2078815096001285, ""DiffWalk"": -0.4181648685234811, ""Sex"": -0.6865095311101096, ""Age"": -2.460035576750402, ""Education"": -1.261463148969571, ""Income"": -2.0592930577248523}","{""HvyAlcoholConsump"": 0.0, ""PhysHlth"": 0.0013599810785241248, ""Sex"": 0.0, ""Diabetes_binary"": 0.23060548722800378, ""HighBP"": 0.02540602333648691, ""Income"": 0.000630715862503942, ""Age"": 0.0, ""GenHlth"": 0.06403736991485336, ""BMI"": 0.0, ""PhysActivity"": 0.0, ""DiffWalk"": 0.0, ""MentHlth"": 0.0038040050457269, ""AnyHealthcare"": 0.0, ""NoDocbcCost"": 0.0, ""CholCheck"": 0.0, ""HeartDiseaseorAttack"": 0.0001576789656259855, ""HighChol"": 0.0, ""Stroke"": 0.0, ""Fruits"": 0.0, ""Veggies"": 0.0, ""Education"": 0.0, ""Smoker"": 0.0}","{""Diabetes_binary"": 3512, ""HighBP"": 1025, ""HighChol"": 0, ""CholCheck"": 0, ""BMI"": 0, ""Smoker"": 0, ""Stroke"": 0, ""HeartDiseaseorAttack"": 35, ""PhysActivity"": 0, ""Fruits"": 0, ""Veggies"": 0, ""HvyAlcoholConsump"": 0, ""AnyHealthcare"": 0, ""NoDocbcCost"": 0, ""GenHlth"": 7177, ""MentHlth"": 734, ""PhysHlth"": 472, ""DiffWalk"": 0, ""Sex"": 0, ""Age"": 0, ""Education"": 0, ""Income"": 766}",0.4828553000115789,0.46875,49152,81983,49496,655864,655864,10,cpu,1,2.14.1+cu130,d52d239,,,
L2,moderate,0,10000,dirichlet_0.5,dirichlet,,,0.5,10000,10000,50736,50,0,2624760806,2575112927,-16.314591243917693,0.0169706103060467,0,0.2707150741091138,"{""Diabetes_binary"": -0.46089941249837596, ""HighBP"": -0.606907345731488, ""HighChol"": -0.6713077690194296, ""CholCheck"": -0.15440588179560996, ""BMI"": -1.1362900644358933, ""Smoker"": -0.6863438067886809, ""Stroke"": -0.15320513317771536, ""HeartDiseaseorAttack"": -0.27754178344648306, ""PhysActivity"": -0.5546431754844716, ""Fruits"": -0.6561992882635851, ""Veggies"": -0.4790160933013289, ""HvyAlcoholConsump"": -0.21613839896170625, ""AnyHealthcare"": -0.1813440483764006, ""NoDocbcCost"": -0.2597652557524572, ""GenHlth"": -1.4674302790291784, ""MentHlth"": -0.8456419436878714, ""PhysHlth"": -0.9830857148008417, ""DiffWalk"": -0.418196784517488, ""Sex"": -0.6865093160649165, ""Age"": -2.460033866961168, ""Education"": -1.261467591078183, ""Income"": -1.6982182907444203}","{""HvyAlcoholConsump"": 0.0, ""PhysHlth"": 0.0013599810785241248, ""Sex"": 0.0, ""Diabetes_binary"": 0.23060548722800378, ""HighBP"": 0.02540602333648691, ""Income"": 0.000630715862503942, ""Age"": 0.0, ""GenHlth"": 0.06403736991485336, ""BMI"": 0.0, ""PhysActivity"": 0.0, ""DiffWalk"": 0.0, ""MentHlth"": 0.0038040050457269, ""AnyHealthcare"": 0.0, ""NoDocbcCost"": 0.0, ""CholCheck"": 0.0, ""HeartDiseaseorAttack"": 0.0001576789656259855, ""HighChol"": 0.0, ""Stroke"": 0.0, ""Fruits"": 0.0, ""Veggies"": 0.0, ""Education"": 0.0, ""Smoker"": 0.0}","{""Diabetes_binary"": 0, ""HighBP"": 0, ""HighChol"": 0, ""CholCheck"": 0, ""BMI"": 0, ""Smoker"": 0, ""Stroke"": 0, ""HeartDiseaseorAttack"": 0, ""PhysActivity"": 0, ""Fruits"": 0, ""Veggies"": 0, ""HvyAlcoholConsump"": 0, ""AnyHealthcare"": 0, ""NoDocbcCost"": 0, ""GenHlth"": 0, ""MentHlth"": 0, ""PhysHlth"": 0, ""DiffWalk"": 0, ""Sex"": 0, ""Age"": 0, ""Education"": 0, ""Income"": 0}",1.4877614000288304,1.46875,2985984,81983,49496,655864,655864,10,cpu,1,2.14.1+cu130,d52d239,,,
L2,moderate,0,10000,nn_linear,nn,[],linear,,10000,8000,50736,50,0,2624760806,2575112927,-15.978996251992662,0.0164213840684449,0,0.2707150741091138,"{""Diabetes_binary"": -0.32188454270362854, ""HighBP"": -0.581440806388855, ""HighChol"": -0.6712248921394348, ""CholCheck"": -0.15447069704532623, ""BMI"": -1.1362556219100952, ""Smoker"": -0.686194896697998, ""Stroke"": -0.15362706780433655, ""HeartDiseaseorAttack"": -0.27511146664619446, ""PhysActivity"": -0.5547704696655273, ""Fruits"": -0.6575961709022522, ""Veggies"": -0.4790058434009552, ""HvyAlcoholConsump"": -0.2162269502878189, ""AnyHealthcare"": -0.18149326741695404, ""NoDocbcCost"": -0.2597314417362213, ""GenHlth"": -1.3521102666854858, ""MentHlth"": -0.8280658721923828, ""PhysHlth"": -0.9662967324256897, ""DiffWalk"": -0.41856303811073303, ""Sex"": -0.6874892115592957, ""Age"": -2.4602785110473633, ""Education"": -1.261922836303711, ""Income"": -1.675235629081726}","{""HvyAlcoholConsump"": 0.0, ""PhysHlth"": 0.0013599810785241248, ""Sex"": 0.0, ""Diabetes_binary"": 0.23060548722800378, ""HighBP"": 0.02540602333648691, ""Income"": 0.000630715862503942, ""Age"": 0.0, ""GenHlth"": 0.06403736991485336, ""BMI"": 0.0, ""PhysActivity"": 0.0, ""DiffWalk"": 0.0, ""MentHlth"": 0.0038040050457269, ""AnyHealthcare"": 0.0, ""NoDocbcCost"": 0.0, ""CholCheck"": 0.0, ""HeartDiseaseorAttack"": 0.0001576789656259855, ""HighChol"": 0.0, ""Stroke"": 0.0, ""Fruits"": 0.0, ""Veggies"": 0.0, ""Education"": 0.0, ""Smoker"": 0.0}","{""Diabetes_binary"": 0, ""HighBP"": 0, ""HighChol"": 0, ""CholCheck"": 0, ""BMI"": 0, ""Smoker"": 0, ""Stroke"": 0, ""HeartDiseaseorAttack"": 0, ""PhysActivity"": 0, ""Fruits"": 0, ""Veggies"": 0, ""HvyAlcoholConsump"": 0, ""AnyHealthcare"": 0, ""NoDocbcCost"": 0, ""GenHlth"": 0, ""MentHlth"": 0, ""PhysHlth"": 0, ""DiffWalk"": 0, ""Sex"": 0, ""Age"": 0, ""Education"": 0, ""Income"": 0}",90.65182729999653,88.28125,-46960640,946,946,7568,3784,10,cpu,1,2.14.1+cu130,d52d239,55.95454545454545,35.95454545454545,0.0
L2,moderate,0,10000,01_256x128_lr3e-4,nn,"[256, 128]",ReLU,,10000,8000,50736,50,0,2624760806,2575112927,-15.976355344102286,0.0165150376748532,0,0.2707150741091138,"{""Diabetes_binary"": -0.3218476176261902, ""HighBP"": -0.5806662440299988, ""HighChol"": -0.67123943567276, ""CholCheck"": -0.15440760552883148, ""BMI"": -1.1363633871078491, ""Smoker"": -0.686211109161377, ""Stroke"": -0.15327641367912292, ""HeartDiseaseorAttack"": -0.27531224489212036, ""PhysActivity"": -0.5547172427177429, ""Fruits"": -0.6572110056877136, ""Veggies"": -0.47897571325302124, ""HvyAlcoholConsump"": -0.21619659662246704, ""AnyHealthcare"": -0.1818637102842331, ""NoDocbcCost"": -0.2601417601108551, ""GenHlth"": -1.3503023386001587, ""MentHlth"": -0.8292067050933838, ""PhysHlth"": -0.9669374823570251, ""DiffWalk"": -0.41814863681793213, ""Sex"": -0.6872157454490662, ""Age"": -2.460219383239746, ""Education"": -1.2616223096847534, ""Income"": -1.674273133277893}","{""HvyAlcoholConsump"": 0.0, ""PhysHlth"": 0.0013599810785241248, ""Sex"": 0.0, ""Diabetes_binary"": 0.23060548722800378, ""HighBP"": 0.02540602333648691, ""Income"": 0.000630715862503942, ""Age"": 0.0, ""GenHlth"": 0.06403736991485336, ""BMI"": 0.0, ""PhysActivity"": 0.0, ""DiffWalk"": 0.0, ""MentHlth"": 0.0038040050457269, ""AnyHealthcare"": 0.0, ""NoDocbcCost"": 0.0, ""CholCheck"": 0.0, ""HeartDiseaseorAttack"": 0.0001576789656259855, ""HighChol"": 0.0, ""Stroke"": 0.0, ""Fruits"": 0.0, ""Veggies"": 0.0, ""Education"": 0.0, ""Smoker"": 0.0}","{""Diabetes_binary"": 0, ""HighBP"": 0, ""HighChol"": 0, ""CholCheck"": 0, ""BMI"": 0, ""Smoker"": 0, ""Stroke"": 0, ""HeartDiseaseorAttack"": 0, ""PhysActivity"": 0, ""Fruits"": 0, ""Veggies"": 0, ""HvyAlcoholConsump"": 0, ""AnyHealthcare"": 0, ""NoDocbcCost"": 0, ""GenHlth"": 0, ""MentHlth"": 0, ""PhysHlth"": 0, ""DiffWalk"": 0, ""Sex"": 0, ""Age"": 0, ""Education"": 0, ""Income"": 0}",188.4632863000152,178.453125,17915904,805706,805706,6445648,3222824,10,cpu,1,2.14.1+cu130,d52d239,36.04545454545455,16.045454545454547,0.0
L2,moderate,0,10000,k6_128_64_9,nn,"[128, 64]",ReLU,,10000,8000,50736,50,0,2624760806,2575112927,-15.970515027236058,0.0164096475693088,0,0.2707150741091138,"{""Diabetes_binary"": -0.3209439516067505, ""HighBP"": -0.5810816884040833, ""HighChol"": -0.6711921095848083, ""CholCheck"": -0.1544189602136612, ""BMI"": -1.1357437372207642, ""Smoker"": -0.6862064003944397, ""Stroke"": -0.15352728962898254, ""HeartDiseaseorAttack"": -0.2753657400608063, ""PhysActivity"": -0.5546882152557373, ""Fruits"": -0.6573308706283569, ""Veggies"": -0.4789741039276123, ""HvyAlcoholConsump"": -0.21621039509773254, ""AnyHealthcare"": -0.181529238820076, ""NoDocbcCost"": -0.2599729299545288, ""GenHlth"": -1.3496426343917847, ""MentHlth"": -0.8280192017555237, ""PhysHlth"": -0.9662309885025024, ""DiffWalk"": -0.41810372471809387, ""Sex"": -0.6867222189903259, ""Age"": -2.46034574508667, ""Education"": -1.2617573738098145, ""Income"": -1.6725075244903564}","{""HvyAlcoholConsump"": 0.0, ""PhysHlth"": 0.0013599810785241248, ""Sex"": 0.0, ""Diabetes_binary"": 0.23060548722800378, ""HighBP"": 0.02540602333648691, ""Income"": 0.000630715862503942, ""Age"": 0.0, ""GenHlth"": 0.06403736991485336, ""BMI"": 0.0, ""PhysActivity"": 0.0, ""DiffWalk"": 0.0, ""MentHlth"": 0.0038040050457269, ""AnyHealthcare"": 0.0, ""NoDocbcCost"": 0.0, ""CholCheck"": 0.0, ""HeartDiseaseorAttack"": 0.0001576789656259855, ""HighChol"": 0.0, ""Stroke"": 0.0, ""Fruits"": 0.0, ""Veggies"": 0.0, ""Education"": 0.0, ""Smoker"": 0.0}","{""Diabetes_binary"": 0, ""HighBP"": 0, ""HighChol"": 0, ""CholCheck"": 0, ""BMI"": 0, ""Smoker"": 0, ""Stroke"": 0, ""HeartDiseaseorAttack"": 0, ""PhysActivity"": 0, ""Fruits"": 0, ""Veggies"": 0, ""HvyAlcoholConsump"": 0, ""AnyHealthcare"": 0, ""NoDocbcCost"": 0, ""GenHlth"": 0, ""MentHlth"": 0, ""PhysHlth"": 0, ""DiffWalk"": 0, ""Sex"": 0, ""Age"": 0, ""Education"": 0, ""Income"": 0}",256.14212569998926,247.3125,-109518848,222666,222666,1781328,890664,10,cpu,1,2.14.1+cu130,d52d239,70.77272727272727,20.77272727272728,0.0
L2,moderate,0,50000,mle,mle,,,,50000,50000,50736,50,0,2918163265,711292373,-18.310921708351568,0.0442737040718344,4608,0.0756464837590665,"{""Diabetes_binary"": -1.2261405008533182, ""HighBP"": -0.7136981739084445, ""HighChol"": -0.6710748446478744, ""CholCheck"": -0.15402665343557087, ""BMI"": -1.1344671628274572, ""Smoker"": -0.6863036713418744, ""Stroke"": -0.1532397699043464, ""HeartDiseaseorAttack"": -0.27900024713842714, ""PhysActivity"": -0.5542731180814783, ""Fruits"": -0.6560184901815553, ""Veggies"": -0.47902934645962025, ""HvyAlcoholConsump"": -0.2161390010346352, ""AnyHealthcare"": -0.18095830291226317, ""NoDocbcCost"": -0.259240268038395, ""GenHlth"": -2.5312389000435944, ""MentHlth"": -0.8864146104162933, ""PhysHlth"": -0.9993536567531355, ""DiffWalk"": -0.41679903330940976, ""Sex"": -0.6863943288000695, ""Age"": -2.4595403457829734, ""Education"": -1.2614255135697463, ""Income"": -1.7061457689110848}","{""HvyAlcoholConsump"": 0.0, ""PhysHlth"": 0.0, ""Sex"": 0.0, ""Diabetes_binary"": 0.06571270892462945, ""HighBP"": 0.004415011037527594, ""Income"": 0.000315357931251971, ""Age"": 0.0, ""GenHlth"": 0.011333175654367707, ""BMI"": 0.0, ""PhysActivity"": 0.0, ""DiffWalk"": 0.0, ""MentHlth"": 0.00037448754336171555, ""AnyHealthcare"": 0.0, ""NoDocbcCost"": 0.0, ""CholCheck"": 0.0, ""HeartDiseaseorAttack"": 0.0, ""HighChol"": 0.0, ""Stroke"": 0.0, ""Fruits"": 0.0, ""Veggies"": 0.0, ""Education"": 0.0, ""Smoker"": 0.0}","{""Diabetes_binary"": 1753, ""HighBP"": 254, ""HighChol"": 0, ""CholCheck"": 0, ""BMI"": 0, ""Smoker"": 0, ""Stroke"": 0, ""HeartDiseaseorAttack"": 9, ""PhysActivity"": 0, ""Fruits"": 0, ""Veggies"": 0, ""HvyAlcoholConsump"": 0, ""AnyHealthcare"": 0, ""NoDocbcCost"": 0, ""GenHlth"": 2336, ""MentHlth"": 119, ""PhysHlth"": 67, ""DiffWalk"": 0, ""Sex"": 0, ""Age"": 0, ""Education"": 0, ""Income"": 70}",0.5087353000126313,0.46875,303104,81983,49496,655864,655864,10,cpu,1,2.14.1+cu130,d52d239,,,
L2,moderate,0,50000,dirichlet_0.5,dirichlet,,,0.5,50000,50000,50736,50,0,2918163265,711292373,-16.073177788179887,0.0169131587619885,0,0.0756464837590665,"{""Diabetes_binary"": -0.3758161997346744, ""HighBP"": -0.5864406052122484, ""HighChol"": -0.6710744986577096, ""CholCheck"": -0.15402467901490652, ""BMI"": -1.1344567567403663, ""Smoker"": -0.6863037019872846, ""Stroke"": -0.1532247244890048, ""HeartDiseaseorAttack"": -0.2747870120486803, ""PhysActivity"": -0.5542723350003035, ""Fruits"": -0.6560185195475845, ""Veggies"": -0.4790295129261631, ""HvyAlcoholConsump"": -0.21613895900577956, ""AnyHealthcare"": -0.1809604433024493, ""NoDocbcCost"": -0.25924201432262955, ""GenHlth"": -1.3978740748840301, ""MentHlth"": -0.8295649857928425, ""PhysHlth"": -0.9671933282479617, ""DiffWalk"": -0.41678774402141544, ""Sex"": -0.6863943154966359, ""Age"": -2.4595403530602105, ""Education"": -1.261421422859146, ""Income"": -1.6726116018278618}","{""HvyAlcoholConsump"": 0.0, ""PhysHlth"": 0.0, ""Sex"": 0.0, ""Diabetes_binary"": 0.06571270892462945, ""HighBP"": 0.004415011037527594, ""Income"": 0.000315357931251971, ""Age"": 0.0, ""GenHlth"": 0.011333175654367707, ""BMI"": 0.0, ""PhysActivity"": 0.0, ""DiffWalk"": 0.0, ""MentHlth"": 0.00037448754336171555, ""AnyHealthcare"": 0.0, ""NoDocbcCost"": 0.0, ""CholCheck"": 0.0, ""HeartDiseaseorAttack"": 0.0, ""HighChol"": 0.0, ""Stroke"": 0.0, ""Fruits"": 0.0, ""Veggies"": 0.0, ""Education"": 0.0, ""Smoker"": 0.0}","{""Diabetes_binary"": 0, ""HighBP"": 0, ""HighChol"": 0, ""CholCheck"": 0, ""BMI"": 0, ""Smoker"": 0, ""Stroke"": 0, ""HeartDiseaseorAttack"": 0, ""PhysActivity"": 0, ""Fruits"": 0, ""Veggies"": 0, ""HvyAlcoholConsump"": 0, ""AnyHealthcare"": 0, ""NoDocbcCost"": 0, ""GenHlth"": 0, ""MentHlth"": 0, ""PhysHlth"": 0, ""DiffWalk"": 0, ""Sex"": 0, ""Age"": 0, ""Education"": 0, ""Income"": 0}",2.018768800015096,1.921875,5181440,81983,49496,655864,655864,10,cpu,1,2.14.1+cu130,d52d239,,,
L2,moderate,0,full,mle,mle,,,,202944,202944,50736,50,0,2939416794,94352712,-16.61748928130453,0.0281044115062078,1321,0.0181330810469883,"{""Diabetes_binary"": -0.6580128241346298, ""HighBP"": -0.6117590199774462, ""HighChol"": -0.671025954226867, ""CholCheck"": -0.15399456363180897, ""BMI"": -1.1341548068611254, ""Smoker"": -0.6862077167586905, ""Stroke"": -0.15307511881214864, ""HeartDiseaseorAttack"": -0.2751040620702035, ""PhysActivity"": -0.5541833466119936, ""Fruits"": -0.6560089185977807, ""Veggies"": -0.4790376944589789, ""HvyAlcoholConsump"": -0.21613849121313752, ""AnyHealthcare"": -0.18075801119395826, ""NoDocbcCost"": -0.25916494828156517, ""GenHlth"": -1.629391379542863, ""MentHlth"": -0.8348436350306394, ""PhysHlth"": -0.9635697531167908, ""DiffWalk"": -0.4166898173028099, ""Sex"": -0.686387234062623, ""Age"": -2.459446496246883, ""Education"": -1.2613210322778272, ""Income"": -1.6772144568937593}","{""HvyAlcoholConsump"": 0.0, ""PhysHlth"": 0.0, ""Sex"": 0.0, ""Diabetes_binary"": 0.015925575528224534, ""HighBP"": 0.0005715862503941975, ""Income"": 0.0, ""Age"": 0.0, ""GenHlth"": 0.002739672027751498, ""BMI"": 0.0, ""PhysActivity"": 0.0, ""DiffWalk"": 0.0, ""MentHlth"": 0.0, ""AnyHealthcare"": 0.0, ""NoDocbcCost"": 0.0, ""CholCheck"": 0.0, ""HeartDiseaseorAttack"": 0.0, ""HighChol"": 0.0, ""Stroke"": 0.0, ""Fruits"": 0.0, ""Veggies"": 0.0, ""Education"": 0.0, ""Smoker"": 0.0}","{""Diabetes_binary"": 661, ""HighBP"": 64, ""HighChol"": 0, ""CholCheck"": 0, ""BMI"": 0, ""Smoker"": 0, ""Stroke"": 0, ""HeartDiseaseorAttack"": 1, ""PhysActivity"": 0, ""Fruits"": 0, ""Veggies"": 0, ""HvyAlcoholConsump"": 0, ""AnyHealthcare"": 0, ""NoDocbcCost"": 0, ""GenHlth"": 552, ""MentHlth"": 19, ""PhysHlth"": 1, ""DiffWalk"": 0, ""Sex"": 0, ""Age"": 0, ""Education"": 0, ""Income"": 23}",0.8809140000084881,0.8125,778240,81983,49496,655864,655864,10,cpu,1,2.14.1+cu130,d52d239,,,
L2,moderate,0,full,dirichlet_0.5,dirichlet,,,0.5,202944,202944,50736,50,0,2939416794,94352712,-15.979133797320593,0.0167173549084292,0,0.0181330810469883,"{""Diabetes_binary"": -0.33999757317871476, ""HighBP"": -0.5798223274044028, ""HighChol"": -0.6710259019808159, ""CholCheck"": -0.15399503693137032, ""BMI"": -1.1341540622894435, ""Smoker"": -0.6862077196560818, ""Stroke"": -0.15307406738773757, ""HeartDiseaseorAttack"": -0.27463074355117256, ""PhysActivity"": -0.554182959311524, ""Fruits"": -0.6560089227616381, ""Veggies"": -0.47903773836044405, ""HvyAlcoholConsump"": -0.2161384955228512, ""AnyHealthcare"": -0.18075841311543334, ""NoDocbcCost"": -0.2591649844789278, ""GenHlth"": -1.3624060205784603, ""MentHlth"": -0.8256040341413526, ""PhysHlth"": -0.9630809440460629, ""DiffWalk"": -0.41668680372791544, ""Sex"": -0.6863872317315141, ""Age"": -2.459446474324007, ""Education"": -1.2613203408967295, ""Income"": -1.6660030019439913}","{""HvyAlcoholConsump"": 0.0, ""PhysHlth"": 0.0, ""Sex"": 0.0, ""Diabetes_binary"": 0.015925575528224534, ""HighBP"": 0.0005715862503941975, ""Income"": 0.0, ""Age"": 0.0, ""GenHlth"": 0.002739672027751498, ""BMI"": 0.0, ""PhysActivity"": 0.0, ""DiffWalk"": 0.0, ""MentHlth"": 0.0, ""AnyHealthcare"": 0.0, ""NoDocbcCost"": 0.0, ""CholCheck"": 0.0, ""HeartDiseaseorAttack"": 0.0, ""HighChol"": 0.0, ""Stroke"": 0.0, ""Fruits"": 0.0, ""Veggies"": 0.0, ""Education"": 0.0, ""Smoker"": 0.0}","{""Diabetes_binary"": 0, ""HighBP"": 0, ""HighChol"": 0, ""CholCheck"": 0, ""BMI"": 0, ""Smoker"": 0, ""Stroke"": 0, ""HeartDiseaseorAttack"": 0, ""PhysActivity"": 0, ""Fruits"": 0, ""Veggies"": 0, ""HvyAlcoholConsump"": 0, ""AnyHealthcare"": 0, ""NoDocbcCost"": 0, ""GenHlth"": 0, ""MentHlth"": 0, ""PhysHlth"": 0, ""DiffWalk"": 0, ""Sex"": 0, ""Age"": 0, ""Education"": 0, ""Income"": 0}",2.5984949999838136,2.5,2134016,81983,49496,655864,655864,10,cpu,1,2.14.1+cu130,d52d239,,,
L2,high,0,500,mle,mle,,,,500,500,50736,37,0,1850590142,981146138,-36.25086709760451,0.1238879596875399,39685,0.6767975402081362,"{""Diabetes_binary"": -1.9544746862176299, ""HighBP"": -0.8378763955065283, ""HighChol"": -0.6814614026390587, ""CholCheck"": -0.6400504601324607, ""BMI"": -1.2874947119865767, ""Smoker"": -0.6870745080432203, ""Stroke"": -0.15935811612632686, ""HeartDiseaseorAttack"": -0.29224243005123196, ""PhysActivity"": -0.5621342201127402, ""Fruits"": -0.6593268177545696, ""Veggies"": -0.4789770786391798, ""HvyAlcoholConsump"": -0.21697094042785056, ""AnyHealthcare"": -0.19029994914799464, ""NoDocbcCost"": -0.36394381384828983, ""GenHlth"": -6.849214342194482, ""MentHlth"": -4.0398388700560455, ""PhysHlth"": -4.9193462726456385, ""DiffWalk"": -0.6355770080236892, ""Sex"": -0.6896582351532082, ""Age"": -2.4662667590233296, ""Education"": -1.278380727455721, ""Income"": -6.360899352418745}","{""HvyAlcoholConsump"": 0.0, ""PhysHlth"": 0.08019946389151687, ""Sex"": 0.0, ""Diabetes_binary"": 0.635879848628193, ""Age"": 0.0, ""Income"": 0.014585304320403659, ""GenHlth"": 0.08019946389151687, ""BMI"": 0.0, ""PhysActivity"": 0.0, ""DiffWalk"": 0.002010406811731315, ""MentHlth"": 0.08114553768527279, ""AnyHealthcare"": 0.0, ""NoDocbcCost"": 0.0, ""CholCheck"": 0.0, ""HighBP"": 0.0030353200883002206, ""HeartDiseaseorAttack"": 0.0, ""Stroke"": 0.0, ""HighChol"": 0.0, ""Education"": 0.0, ""Smoker"": 0.0, ""Fruits"": 0.0, ""Veggies"": 0.0}","{""Diabetes_binary"": 2754, ""HighBP"": 338, ""HighChol"": 0, ""CholCheck"": 1030, ""BMI"": 288, ""Smoker"": 0, ""Stroke"": 0, ""HeartDiseaseorAttack"": 0, ""PhysActivity"": 0, ""Fruits"": 0, ""Veggies"": 0, ""HvyAlcoholConsump"": 0, ""AnyHealthcare"": 0, ""NoDocbcCost"": 191, ""GenHlth"": 10876, ""MentHlth"": 6387, ""PhysHlth"": 7807, ""DiffWalk"": 422, ""Sex"": 0, ""Age"": 0, ""Education"": 41, ""Income"": 9551}",0.1668170999910216,0.140625,671744,12431,7310,99448,99448,10,cpu,1,2.14.1+cu130,d52d239,,,
L2,high,0,500,dirichlet_0.5,dirichlet,,,0.5,500,500,50736,37,0,1850590142,981146138,-17.03988321564661,0.0168985213192144,0,0.6767975402081362,"{""Diabetes_binary"": -0.6035689070073957, ""HighBP"": -0.6596435299070195, ""HighChol"": -0.6806281818668783, ""CholCheck"": -0.1822201596988438, ""BMI"": -1.1603016950354275, ""Smoker"": -0.6870808951905087, ""Stroke"": -0.15906674472744717, ""HeartDiseaseorAttack"": -0.28909739848149896, ""PhysActivity"": -0.5614694736454551, ""Fruits"": -0.6592661379573693, ""Veggies"": -0.47898227640557833, ""HvyAlcoholConsump"": -0.2171150636435484, ""AnyHealthcare"": -0.18872752827300024, ""NoDocbcCost"": -0.2661362703036029, ""GenHlth"": -1.5151543916457595, ""MentHlth"": -0.9430064542100809, ""PhysHlth"": -1.1117299014726407, ""DiffWalk"": -0.4334417397056866, ""Sex"": -0.6896258547471104, ""Age"": -2.4661011810404543, ""Education"": -1.2627726962086003, ""Income"": -1.8247467344727075}","{""HvyAlcoholConsump"": 0.0, ""PhysHlth"": 0.08019946389151687, ""Sex"": 0.0, ""Diabetes_binary"": 0.635879848628193, ""Age"": 0.0, ""Income"": 0.014585304320403659, ""GenHlth"": 0.08019946389151687, ""BMI"": 0.0, ""PhysActivity"": 0.0, ""DiffWalk"": 0.002010406811731315, ""MentHlth"": 0.08114553768527279, ""AnyHealthcare"": 0.0, ""NoDocbcCost"": 0.0, ""CholCheck"": 0.0, ""HighBP"": 0.0030353200883002206, ""HeartDiseaseorAttack"": 0.0, ""Stroke"": 0.0, ""HighChol"": 0.0, ""Education"": 0.0, ""Smoker"": 0.0, ""Fruits"": 0.0, ""Veggies"": 0.0}","{""Diabetes_binary"": 0, ""HighBP"": 0, ""HighChol"": 0, ""CholCheck"": 0, ""BMI"": 0, ""Smoker"": 0, ""Stroke"": 0, ""HeartDiseaseorAttack"": 0, ""PhysActivity"": 0, ""Fruits"": 0, ""Veggies"": 0, ""HvyAlcoholConsump"": 0, ""AnyHealthcare"": 0, ""NoDocbcCost"": 0, ""GenHlth"": 0, ""MentHlth"": 0, ""PhysHlth"": 0, ""DiffWalk"": 0, ""Sex"": 0, ""Age"": 0, ""Education"": 0, ""Income"": 0}",0.6890080999874044,0.625,5541888,12431,7310,99448,99448,10,cpu,1,2.14.1+cu130,d52d239,,,
L2,high,0,500,nn_linear,nn,[],linear,,500,400,50736,37,0,1850590142,981146138,-16.534904927619316,0.0156032146768978,0,0.6767975402081362,"{""Diabetes_binary"": -0.33369573950767517, ""HighBP"": -0.6506369709968567, ""HighChol"": -0.678219735622406, ""CholCheck"": -0.15974800288677216, ""BMI"": -1.1632471084594727, ""Smoker"": -0.6931174397468567, ""Stroke"": -0.17430804669857025, ""HeartDiseaseorAttack"": -0.28224796056747437, ""PhysActivity"": -0.5857896208763123, ""Fruits"": -0.6564969420433044, ""Veggies"": -0.4791708290576935, ""HvyAlcoholConsump"": -0.2723529636859894, ""AnyHealthcare"": -0.19630080461502075, ""NoDocbcCost"": -0.2629249691963196, ""GenHlth"": -1.4266127347946167, ""MentHlth"": -0.8476109504699707, ""PhysHlth"": -1.0072592496871948, ""DiffWalk"": -0.43363410234451294, ""Sex"": -0.686781644821167, ""Age"": -2.4750514030456543, ""Education"": -1.3097176551818848, ""Income"": -1.7599798440933228}","{""HvyAlcoholConsump"": 0.0, ""PhysHlth"": 0.08019946389151687, ""Sex"": 0.0, ""Diabetes_binary"": 0.635879848628193, ""Age"": 0.0, ""Income"": 0.014585304320403659, ""GenHlth"": 0.08019946389151687, ""BMI"": 0.0, ""PhysActivity"": 0.0, ""DiffWalk"": 0.002010406811731315, ""MentHlth"": 0.08114553768527279, ""AnyHealthcare"": 0.0, ""NoDocbcCost"": 0.0, ""CholCheck"": 0.0, ""HighBP"": 0.0030353200883002206, ""HeartDiseaseorAttack"": 0.0, ""Stroke"": 0.0, ""HighChol"": 0.0, ""Education"": 0.0, ""Smoker"": 0.0, ""Fruits"": 0.0, ""Veggies"": 0.0}","{""Diabetes_binary"": 0, ""HighBP"": 0, ""HighChol"": 0, ""CholCheck"": 0, ""BMI"": 0, ""Smoker"": 0, ""Stroke"": 0, ""HeartDiseaseorAttack"": 0, ""PhysActivity"": 0, ""Fruits"": 0, ""Veggies"": 0, ""HvyAlcoholConsump"": 0, ""AnyHealthcare"": 0, ""NoDocbcCost"": 0, ""GenHlth"": 0, ""MentHlth"": 0, ""PhysHlth"": 0, ""DiffWalk"": 0, ""Sex"": 0, ""Age"": 0, ""Education"": 0, ""Income"": 0}",18.09857820000616,16.875,172183552,810,810,6480,3240,10,cpu,1,2.14.1+cu130,d52d239,175.13636363636363,166.3181818181818,0.5909090909090909
L2,high,0,500,01_256x128_lr3e-4,nn,"[256, 128]",ReLU,,500,400,50736,37,0,1850590142,981146138,-16.391342726057584,0.0169526698121081,0,0.6767975402081362,"{""Diabetes_binary"": -0.3412373661994934, ""HighBP"": -0.6479008793830872, ""HighChol"": -0.6842098236083984, ""CholCheck"": -0.17824336886405945, ""BMI"": -1.1478114128112793, ""Smoker"": -0.6903402209281921, ""Stroke"": -0.15774373710155487, ""HeartDiseaseorAttack"": -0.2849571704864502, ""PhysActivity"": -0.5820449590682983, ""Fruits"": -0.6562370657920837, ""Veggies"": -0.4790741503238678, ""HvyAlcoholConsump"": -0.21626855432987213, ""AnyHealthcare"": -0.18540960550308228, ""NoDocbcCost"": -0.2640954852104187, ""GenHlth"": -1.4175364971160889, ""MentHlth"": -0.8436561226844788, ""PhysHlth"": -1.0098378658294678, ""DiffWalk"": -0.43760281801223755, ""Sex"": -0.6920213103294373, ""Age"": -2.4682512283325195, ""Education"": -1.2798563241958618, ""Income"": -1.7270065546035767}","{""HvyAlcoholConsump"": 0.0, ""PhysHlth"": 0.08019946389151687, ""Sex"": 0.0, ""Diabetes_binary"": 0.635879848628193, ""Age"": 0.0, ""Income"": 0.014585304320403659, ""GenHlth"": 0.08019946389151687, ""BMI"": 0.0, ""PhysActivity"": 0.0, ""DiffWalk"": 0.002010406811731315, ""MentHlth"": 0.08114553768527279, ""AnyHealthcare"": 0.0, ""NoDocbcCost"": 0.0, ""CholCheck"": 0.0, ""HighBP"": 0.0030353200883002206, ""HeartDiseaseorAttack"": 0.0, ""Stroke"": 0.0, ""HighChol"": 0.0, ""Education"": 0.0, ""Smoker"": 0.0, ""Fruits"": 0.0, ""Veggies"": 0.0}","{""Diabetes_binary"": 0, ""HighBP"": 0, ""HighChol"": 0, ""CholCheck"": 0, ""BMI"": 0, ""Smoker"": 0, ""Stroke"": 0, ""HeartDiseaseorAttack"": 0, ""PhysActivity"": 0, ""Fruits"": 0, ""Veggies"": 0, ""HvyAlcoholConsump"": 0, ""AnyHealthcare"": 0, ""NoDocbcCost"": 0, ""GenHlth"": 0, ""MentHlth"": 0, ""PhysHlth"": 0, ""DiffWalk"": 0, ""Sex"": 0, ""Age"": 0, ""Education"": 0, ""Income"": 0}",20.67883570000413,19.265625,4022272,793674,793674,6349392,3174696,10,cpu,1,2.14.1+cu130,d52d239,54.90909090909091,34.90909090909091,0.0
L2,high,0,500,k6_128_64_9,nn,"[128, 64]",ReLU,,500,400,50736,37,0,1850590142,981146138,-16.406821111327535,0.0170613298767102,0,0.6767975402081362,"{""Diabetes_binary"": -0.3341546058654785, ""HighBP"": -0.6507359147071838, ""HighChol"": -0.682912290096283, ""CholCheck"": -0.1746874302625656, ""BMI"": -1.1488513946533203, ""Smoker"": -0.6876073479652405, ""Stroke"": -0.1596442312002182, ""HeartDiseaseorAttack"": -0.2897282540798187, ""PhysActivity"": -0.5828841328620911, ""Fruits"": -0.6571732759475708, ""Veggies"": -0.47906196117401123, ""HvyAlcoholConsump"": -0.21641932427883148, ""AnyHealthcare"": -0.18751740455627441, ""NoDocbcCost"": -0.26666250824928284, ""GenHlth"": -1.4450180530548096, ""MentHlth"": -0.8431069850921631, ""PhysHlth"": -0.9979400038719177, ""DiffWalk"": -0.4364410638809204, ""Sex"": -0.6877865791320801, ""Age"": -2.468308448791504, ""Education"": -1.2822108268737793, ""Income"": -1.727968692779541}","{""HvyAlcoholConsump"": 0.0, ""PhysHlth"": 0.08019946389151687, ""Sex"": 0.0, ""Diabetes_binary"": 0.635879848628193, ""Age"": 0.0, ""Income"": 0.014585304320403659, ""GenHlth"": 0.08019946389151687, ""BMI"": 0.0, ""PhysActivity"": 0.0, ""DiffWalk"": 0.002010406811731315, ""MentHlth"": 0.08114553768527279, ""AnyHealthcare"": 0.0, ""NoDocbcCost"": 0.0, ""CholCheck"": 0.0, ""HighBP"": 0.0030353200883002206, ""HeartDiseaseorAttack"": 0.0, ""Stroke"": 0.0, ""HighChol"": 0.0, ""Education"": 0.0, ""Smoker"": 0.0, ""Fruits"": 0.0, ""Veggies"": 0.0}","{""Diabetes_binary"": 0, ""HighBP"": 0, ""HighChol"": 0, ""CholCheck"": 0, ""BMI"": 0, ""Smoker"": 0, ""Stroke"": 0, ""HeartDiseaseorAttack"": 0, ""PhysActivity"": 0, ""Fruits"": 0, ""Veggies"": 0, ""HvyAlcoholConsump"": 0, ""AnyHealthcare"": 0, ""NoDocbcCost"": 0, ""GenHlth"": 0, ""MentHlth"": 0, ""PhysHlth"": 0, ""DiffWalk"": 0, ""Sex"": 0, ""Age"": 0, ""Education"": 0, ""Income"": 0}",28.99546459998237,27.703125,-133296128,216650,216650,1733200,866600,10,cpu,1,2.14.1+cu130,d52d239,126.63636363636364,76.63636363636364,0.0
L2,high,0,2000,mle,mle,,,,2000,2000,50736,37,0,1808620605,184518865,-23.595588139924,0.0745299320634816,14631,0.3235769473352254,"{""Diabetes_binary"": -2.470132858800493, ""HighBP"": -0.6600067003546597, ""HighChol"": -0.6730539931051327, ""CholCheck"": -0.17321846877950156, ""BMI"": -1.1640357500523821, ""Smoker"": -0.6867367511133377, ""Stroke"": -0.1536122204198278, ""HeartDiseaseorAttack"": -0.2811167560569969, ""PhysActivity"": -0.5576147616569561, ""Fruits"": -0.6560067905727168, ""Veggies"": -0.4794706570719201, ""HvyAlcoholConsump"": -0.21635220473296654, ""AnyHealthcare"": -0.18250738795287402, ""NoDocbcCost"": -0.2617806789517003, ""GenHlth"": -3.0493773774357567, ""MentHlth"": -2.1773600289617403, ""PhysHlth"": -2.0414885302872086, ""DiffWalk"": -0.4484340848206947, ""Sex"": -0.686380329097694, ""Age"": -2.4617729442588043, ""Education"": -1.2777640132981989, ""Income"": -2.8373648521424344}","{""HvyAlcoholConsump"": 0.0, ""PhysHlth"": 0.0114120151371807, ""Sex"": 0.0, ""Diabetes_binary"": 0.30719804478082624, ""Age"": 0.0, ""Income"": 0.0028579312519709872, ""GenHlth"": 0.0114120151371807, ""BMI"": 0.0, ""PhysActivity"": 0.0, ""DiffWalk"": 0.000315357931251971, ""MentHlth"": 0.021385209713024284, ""AnyHealthcare"": 0.0, ""NoDocbcCost"": 0.0, ""CholCheck"": 0.0, ""HighBP"": 0.0004927467675812047, ""HeartDiseaseorAttack"": 0.0, ""Stroke"": 0.0, ""HighChol"": 0.0, ""Education"": 0.0, ""Smoker"": 0.0, ""Fruits"": 0.0, ""Veggies"": 0.0}","{""Diabetes_binary"": 3997, ""HighBP"": 21, ""HighChol"": 0, ""CholCheck"": 35, ""BMI"": 52, ""Smoker"": 0, ""Stroke"": 0, ""HeartDiseaseorAttack"": 0, ""PhysActivity"": 0, ""Fruits"": 0, ""Veggies"": 0, ""HvyAlcoholConsump"": 0, ""AnyHealthcare"": 0, ""NoDocbcCost"": 0, ""GenHlth"": 3312, ""MentHlth"": 2697, ""PhysHlth"": 2109, ""DiffWalk"": 55, ""Sex"": 0, ""Age"": 0, ""Education"": 41, ""Income"": 2312}",0.1464161000039894,0.15625,155648,12431,7310,99448,99448,10,cpu,1,2.14.1+cu130,d52d239,,,
L2,high,0,2000,dirichlet_0.5,dirichlet,,,0.5,2000,2000,50736,37,0,1808620605,184518865,-16.537713846097155,0.0169891642289324,0,0.3235769473352254,"{""Diabetes_binary"": -0.5057291217640018, ""HighBP"": -0.648894599662771, ""HighChol"": -0.6729958074111037, ""CholCheck"": -0.15637149858216123, ""BMI"": -1.1413647173560517, ""Smoker"": -0.6867381548692308, ""Stroke"": -0.15364237279404294, ""HeartDiseaseorAttack"": -0.28102385087079373, ""PhysActivity"": -0.5571738886919598, ""Fruits"": -0.6560064841395128, ""Veggies"": -0.4794825950693797, ""HvyAlcoholConsump"": -0.21637130693032658, ""AnyHealthcare"": -0.18243099924508072, ""NoDocbcCost"": -0.26168783439066695, ""GenHlth"": -1.4476428344613588, ""MentHlth"": -0.8819996568509525, ""PhysHlth"": -1.0296747035367801, ""DiffWalk"": -0.42228816750511167, ""Sex"": -0.6863804012079582, ""Age"": -2.461772767572003, ""Education"": -1.262419999926828, ""Income"": -1.74562208325908}","{""HvyAlcoholConsump"": 0.0, ""PhysHlth"": 0.0114120151371807, ""Sex"": 0.0, ""Diabetes_binary"": 0.30719804478082624, ""Age"": 0.0, ""Income"": 0.0028579312519709872, ""GenHlth"": 0.0114120151371807, ""BMI"": 0.0, ""PhysActivity"": 0.0, ""DiffWalk"": 0.000315357931251971, ""MentHlth"": 0.021385209713024284, ""AnyHealthcare"": 0.0, ""NoDocbcCost"": 0.0, ""CholCheck"": 0.0, ""HighBP"": 0.0004927467675812047, ""HeartDiseaseorAttack"": 0.0, ""Stroke"": 0.0, ""HighChol"": 0.0, ""Education"": 0.0, ""Smoker"": 0.0, ""Fruits"": 0.0, ""Veggies"": 0.0}","{""Diabetes_binary"": 0, ""HighBP"": 0, ""HighChol"": 0, ""CholCheck"": 0, ""BMI"": 0, ""Smoker"": 0, ""Stroke"": 0, ""HeartDiseaseorAttack"": 0, ""PhysActivity"": 0, ""Fruits"": 0, ""Veggies"": 0, ""HvyAlcoholConsump"": 0, ""AnyHealthcare"": 0, ""NoDocbcCost"": 0, ""GenHlth"": 0, ""MentHlth"": 0, ""PhysHlth"": 0, ""DiffWalk"": 0, ""Sex"": 0, ""Age"": 0, ""Education"": 0, ""Income"": 0}",0.8020095000101719,0.78125,3465216,12431,7310,99448,99448,10,cpu,1,2.14.1+cu130,d52d239,,,
L2,high,0,2000,nn_linear,nn,[],linear,,2000,1600,50736,37,0,1808620605,184518865,-16.14477156903729,0.0163249676719016,0,0.3235769473352254,"{""Diabetes_binary"": -0.32418301701545715, ""HighBP"": -0.6442927122116089, ""HighChol"": -0.6717517375946045, ""CholCheck"": -0.15488620102405548, ""BMI"": -1.1432985067367554, ""Smoker"": -0.6902541518211365, ""Stroke"": -0.15382647514343262, ""HeartDiseaseorAttack"": -0.27971774339675903, ""PhysActivity"": -0.5569506883621216, ""Fruits"": -0.6560074687004089, ""Veggies"": -0.47988376021385193, ""HvyAlcoholConsump"": -0.2169048935174942, ""AnyHealthcare"": -0.1826402097940445, ""NoDocbcCost"": -0.26200735569000244, ""GenHlth"": -1.3818882703781128, ""MentHlth"": -0.8315550684928894, ""PhysHlth"": -0.9723225831985474, ""DiffWalk"": -0.4192463159561157, ""Sex"": -0.6864029169082642, ""Age"": -2.463268280029297, ""Education"": -1.2714499235153198, ""Income"": -1.7020334005355835}","{""HvyAlcoholConsump"": 0.0, ""PhysHlth"": 0.0114120151371807, ""Sex"": 0.0, ""Diabetes_binary"": 0.30719804478082624, ""Age"": 0.0, ""Income"": 0.0028579312519709872, ""GenHlth"": 0.0114120151371807, ""BMI"": 0.0, ""PhysActivity"": 0.0, ""DiffWalk"": 0.000315357931251971, ""MentHlth"": 0.021385209713024284, ""AnyHealthcare"": 0.0, ""NoDocbcCost"": 0.0, ""CholCheck"": 0.0, ""HighBP"": 0.0004927467675812047, ""HeartDiseaseorAttack"": 0.0, ""Stroke"": 0.0, ""HighChol"": 0.0, ""Education"": 0.0, ""Smoker"": 0.0, ""Fruits"": 0.0, ""Veggies"": 0.0}","{""Diabetes_binary"": 0, ""HighBP"": 0, ""HighChol"": 0, ""CholCheck"": 0, ""BMI"": 0, ""Smoker"": 0, ""Stroke"": 0, ""HeartDiseaseorAttack"": 0, ""PhysActivity"": 0, ""Fruits"": 0, ""Veggies"": 0, ""HvyAlcoholConsump"": 0, ""AnyHealthcare"": 0, ""NoDocbcCost"": 0, ""GenHlth"": 0, ""MentHlth"": 0, ""PhysHlth"": 0, ""DiffWalk"": 0, ""Sex"": 0, ""Age"": 0, ""Education"": 0, ""Income"": 0}",40.478599800000666,39.421875,-56291328,810,810,6480,3240,10,cpu,1,2.14.1+cu130,d52d239,128.04545454545453,110.5909090909091,0.1818181818181818
L2,high,0,2000,01_256x128_lr3e-4,nn,"[256, 128]",ReLU,,2000,1600,50736,37,0,1808620605,184518865,-16.124885483577305,0.0165488164677477,0,0.3235769473352254,"{""Diabetes_binary"": -0.32552021741867065, ""HighBP"": -0.6444957256317139, ""HighChol"": -0.6719946265220642, ""CholCheck"": -0.157411128282547, ""BMI"": -1.1428886651992798, ""Smoker"": -0.6872557997703552, ""Stroke"": -0.1542794108390808, ""HeartDiseaseorAttack"": -0.2806690037250519, ""PhysActivity"": -0.5567204356193542, ""Fruits"": -0.6560553908348083, ""Veggies"": -0.479006290435791, ""HvyAlcoholConsump"": -0.21646419167518616, ""AnyHealthcare"": -0.18283526599407196, ""NoDocbcCost"": -0.26251620054244995, ""GenHlth"": -1.3752983808517456, ""MentHlth"": -0.8301385045051575, ""PhysHlth"": -0.9743847250938416, ""DiffWalk"": -0.4199742376804352, ""Sex"": -0.6866289377212524, ""Age"": -2.4619991779327393, ""Education"": -1.2618578672409058, ""Income"": -1.6964911222457886}","{""HvyAlcoholConsump"": 0.0, ""PhysHlth"": 0.0114120151371807, ""Sex"": 0.0, ""Diabetes_binary"": 0.30719804478082624, ""Age"": 0.0, ""Income"": 0.0028579312519709872, ""GenHlth"": 0.0114120151371807, ""BMI"": 0.0, ""PhysActivity"": 0.0, ""DiffWalk"": 0.000315357931251971, ""MentHlth"": 0.021385209713024284, ""AnyHealthcare"": 0.0, ""NoDocbcCost"": 0.0, ""CholCheck"": 0.0, ""HighBP"": 0.0004927467675812047, ""HeartDiseaseorAttack"": 0.0, ""Stroke"": 0.0, ""HighChol"": 0.0, ""Education"": 0.0, ""Smoker"": 0.0, ""Fruits"": 0.0, ""Veggies"": 0.0}","{""Diabetes_binary"": 0, ""HighBP"": 0, ""HighChol"": 0, ""CholCheck"": 0, ""BMI"": 0, ""Smoker"": 0, ""Stroke"": 0, ""HeartDiseaseorAttack"": 0, ""PhysActivity"": 0, ""Fruits"": 0, ""Veggies"": 0, ""HvyAlcoholConsump"": 0, ""AnyHealthcare"": 0, ""NoDocbcCost"": 0, ""GenHlth"": 0, ""MentHlth"": 0, ""PhysHlth"": 0, ""DiffWalk"": 0, ""Sex"": 0, ""Age"": 0, ""Education"": 0, ""Income"": 0}",48.00573279999662,44.296875,-3268608,793674,793674,6349392,3174696,10,cpu,1,2.14.1+cu130,d52d239,39.45454545454545,19.454545454545453,0.0
L2,high,0,2000,k6_128_64_9,nn,"[128, 64]",ReLU,,2000,1600,50736,37,0,1808620605,184518865,-16.12952784363008,0.0165295299407985,0,0.3235769473352254,"{""Diabetes_binary"": -0.324659526348114, ""HighBP"": -0.6444908380508423, ""HighChol"": -0.6721721887588501, ""CholCheck"": -0.15503452718257904, ""BMI"": -1.1431639194488525, ""Smoker"": -0.6876612305641174, ""Stroke"": -0.15346992015838623, ""HeartDiseaseorAttack"": -0.28083574771881104, ""PhysActivity"": -0.5571539998054504, ""Fruits"": -0.656061053276062, ""Veggies"": -0.47921663522720337, ""HvyAlcoholConsump"": -0.2163277417421341, ""AnyHealthcare"": -0.18275877833366394, ""NoDocbcCost"": -0.2620088458061218, ""GenHlth"": -1.3748948574066162, ""MentHlth"": -0.8339292407035828, ""PhysHlth"": -0.9742279648780823, ""DiffWalk"": -0.4200848937034607, ""Sex"": -0.6866163611412048, ""Age"": -2.4659831523895264, ""Education"": -1.261937141418457, ""Income"": -1.696838617324829}","{""HvyAlcoholConsump"": 0.0, ""PhysHlth"": 0.0114120151371807, ""Sex"": 0.0, ""Diabetes_binary"": 0.30719804478082624, ""Age"": 0.0, ""Income"": 0.0028579312519709872, ""GenHlth"": 0.0114120151371807, ""BMI"": 0.0, ""PhysActivity"": 0.0, ""DiffWalk"": 0.000315357931251971, ""MentHlth"": 0.021385209713024284, ""AnyHealthcare"": 0.0, ""NoDocbcCost"": 0.0, ""CholCheck"": 0.0, ""HighBP"": 0.0004927467675812047, ""HeartDiseaseorAttack"": 0.0, ""Stroke"": 0.0, ""HighChol"": 0.0, ""Education"": 0.0, ""Smoker"": 0.0, ""Fruits"": 0.0, ""Veggies"": 0.0}","{""Diabetes_binary"": 0, ""HighBP"": 0, ""HighChol"": 0, ""CholCheck"": 0, ""BMI"": 0, ""Smoker"": 0, ""Stroke"": 0, ""HeartDiseaseorAttack"": 0, ""PhysActivity"": 0, ""Fruits"": 0, ""Veggies"": 0, ""HvyAlcoholConsump"": 0, ""AnyHealthcare"": 0, ""NoDocbcCost"": 0, ""GenHlth"": 0, ""MentHlth"": 0, ""PhysHlth"": 0, ""DiffWalk"": 0, ""Sex"": 0, ""Age"": 0, ""Education"": 0, ""Income"": 0}",68.04442349998862,65.796875,-131526656,216650,216650,1733200,866600,10,cpu,1,2.14.1+cu130,d52d239,92.54545454545456,42.54545454545455,0.0
L2,high,0,10000,mle,mle,,,,10000,10000,50736,37,0,2624760806,2575112927,-18.2461000506577,0.0437489854249481,4234,0.0709752444023967,"{""Diabetes_binary"": -1.414797624155933, ""HighBP"": -0.6437986657524443, ""HighChol"": -0.6712091874700834, ""CholCheck"": -0.15438870749669717, ""BMI"": -1.1363556583277792, ""Smoker"": -0.6863436320945413, ""Stroke"": -0.15325465410703232, ""HeartDiseaseorAttack"": -0.28032115198000834, ""PhysActivity"": -0.5546506476032107, ""Fruits"": -0.6561987757470139, ""Veggies"": -0.47901536908017406, ""HvyAlcoholConsump"": -0.21613839210087965, ""AnyHealthcare"": -0.1813353684733469, ""NoDocbcCost"": -0.259765861864919, ""GenHlth"": -1.6910241497276939, ""MentHlth"": -1.199610729110667, ""PhysHlth"": -1.2078815096001285, ""DiffWalk"": -0.4181648685234811, ""Sex"": -0.6865095311101096, ""Age"": -2.460035576750402, ""Education"": -1.261463148969571, ""Income"": -1.8338368406115821}","{""HvyAlcoholConsump"": 0.0, ""PhysHlth"": 0.0013599810785241248, ""Sex"": 0.0, ""Diabetes_binary"": 0.06646168401135288, ""Age"": 0.0, ""Income"": 0.0005321665089877011, ""GenHlth"": 0.0013599810785241248, ""BMI"": 0.0, ""PhysActivity"": 0.0, ""DiffWalk"": 0.0, ""MentHlth"": 0.0038040050457269, ""AnyHealthcare"": 0.0, ""NoDocbcCost"": 0.0, ""CholCheck"": 0.0, ""HighBP"": 0.0, ""HeartDiseaseorAttack"": 0.0, ""Stroke"": 0.0, ""HighChol"": 0.0, ""Education"": 0.0, ""Smoker"": 0.0, ""Fruits"": 0.0, ""Veggies"": 0.0}","{""Diabetes_binary"": 2112, ""HighBP"": 0, ""HighChol"": 0, ""CholCheck"": 0, ""BMI"": 0, ""Smoker"": 0, ""Stroke"": 0, ""HeartDiseaseorAttack"": 0, ""PhysActivity"": 0, ""Fruits"": 0, ""Veggies"": 0, ""HvyAlcoholConsump"": 0, ""AnyHealthcare"": 0, ""NoDocbcCost"": 0, ""GenHlth"": 627, ""MentHlth"": 734, ""PhysHlth"": 472, ""DiffWalk"": 0, ""Sex"": 0, ""Age"": 0, ""Education"": 0, ""Income"": 289}",0.098874599992996,0.09375,155648,12431,7310,99448,99448,10,cpu,1,2.14.1+cu130,d52d239,,,
L2,high,0,10000,dirichlet_0.5,dirichlet,,,0.5,10000,10000,50736,37,0,2624760806,2575112927,-16.204154573393506,0.0167136338450264,0,0.0709752444023967,"{""Diabetes_binary"": -0.39249488285368556, ""HighBP"": -0.6437549006243807, ""HighChol"": -0.6712097064564628, ""CholCheck"": -0.15440588179560996, ""BMI"": -1.1362900644358933, ""Smoker"": -0.6863438067886809, ""Stroke"": -0.15325751215669686, ""HeartDiseaseorAttack"": -0.2803131653094327, ""PhysActivity"": -0.5546431754844716, ""Fruits"": -0.6561992882635851, ""Veggies"": -0.4790160933013289, ""HvyAlcoholConsump"": -0.21613839896170625, ""AnyHealthcare"": -0.1813440483764006, ""NoDocbcCost"": -0.2597652557524572, ""GenHlth"": -1.3873380385549774, ""MentHlth"": -0.8456419436878714, ""PhysHlth"": -0.9830857148008417, ""DiffWalk"": -0.418196784517488, ""Sex"": -0.6865093160649165, ""Age"": -2.460033866961168, ""Education"": -1.261467591078183, ""Income"": -1.6967051371672681}","{""HvyAlcoholConsump"": 0.0, ""PhysHlth"": 0.0013599810785241248, ""Sex"": 0.0, ""Diabetes_binary"": 0.06646168401135288, ""Age"": 0.0, ""Income"": 0.0005321665089877011, ""GenHlth"": 0.0013599810785241248, ""BMI"": 0.0, ""PhysActivity"": 0.0, ""DiffWalk"": 0.0, ""MentHlth"": 0.0038040050457269, ""AnyHealthcare"": 0.0, ""NoDocbcCost"": 0.0, ""CholCheck"": 0.0, ""HighBP"": 0.0, ""HeartDiseaseorAttack"": 0.0, ""Stroke"": 0.0, ""HighChol"": 0.0, ""Education"": 0.0, ""Smoker"": 0.0, ""Fruits"": 0.0, ""Veggies"": 0.0}","{""Diabetes_binary"": 0, ""HighBP"": 0, ""HighChol"": 0, ""CholCheck"": 0, ""BMI"": 0, ""Smoker"": 0, ""Stroke"": 0, ""HeartDiseaseorAttack"": 0, ""PhysActivity"": 0, ""Fruits"": 0, ""Veggies"": 0, ""HvyAlcoholConsump"": 0, ""AnyHealthcare"": 0, ""NoDocbcCost"": 0, ""GenHlth"": 0, ""MentHlth"": 0, ""PhysHlth"": 0, ""DiffWalk"": 0, ""Sex"": 0, ""Age"": 0, ""Education"": 0, ""Income"": 0}",0.2118030000128783,0.203125,1245184,12431,7310,99448,99448,10,cpu,1,2.14.1+cu130,d52d239,,,
L2,high,0,10000,nn_linear,nn,[],linear,,10000,8000,50736,37,0,2624760806,2575112927,-16.067391930874216,0.0163345103267141,0,0.0709752444023967,"{""Diabetes_binary"": -0.3217039108276367, ""HighBP"": -0.6431301832199097, ""HighChol"": -0.6712847948074341, ""CholCheck"": -0.1544092744588852, ""BMI"": -1.1363214254379272, ""Smoker"": -0.6862664222717285, ""Stroke"": -0.1536836326122284, ""HeartDiseaseorAttack"": -0.27964136004447937, ""PhysActivity"": -0.5548028349876404, ""Fruits"": -0.6571173667907715, ""Veggies"": -0.47900837659835815, ""HvyAlcoholConsump"": -0.2162298858165741, ""AnyHealthcare"": -0.18146000802516937, ""NoDocbcCost"": -0.25969138741493225, ""GenHlth"": -1.3660656213760376, ""MentHlth"": -0.8282535672187805, ""PhysHlth"": -0.966292142868042, ""DiffWalk"": -0.41854098439216614, ""Sex"": -0.6875720024108887, ""Age"": -2.46043062210083, ""Education"": -1.2617231607437134, ""Income"": -1.683762788772583}","{""HvyAlcoholConsump"": 0.0, ""PhysHlth"": 0.0013599810785241248, ""Sex"": 0.0, ""Diabetes_binary"": 0.06646168401135288, ""Age"": 0.0, ""Income"": 0.0005321665089877011, ""GenHlth"": 0.0013599810785241248, ""BMI"": 0.0, ""PhysActivity"": 0.0, ""DiffWalk"": 0.0, ""MentHlth"": 0.0038040050457269, ""AnyHealthcare"": 0.0, ""NoDocbcCost"": 0.0, ""CholCheck"": 0.0, ""HighBP"": 0.0, ""HeartDiseaseorAttack"": 0.0, ""Stroke"": 0.0, ""HighChol"": 0.0, ""Education"": 0.0, ""Smoker"": 0.0, ""Fruits"": 0.0, ""Veggies"": 0.0}","{""Diabetes_binary"": 0, ""HighBP"": 0, ""HighChol"": 0, ""CholCheck"": 0, ""BMI"": 0, ""Smoker"": 0, ""Stroke"": 0, ""HeartDiseaseorAttack"": 0, ""PhysActivity"": 0, ""Fruits"": 0, ""Veggies"": 0, ""HvyAlcoholConsump"": 0, ""AnyHealthcare"": 0, ""NoDocbcCost"": 0, ""GenHlth"": 0, ""MentHlth"": 0, ""PhysHlth"": 0, ""DiffWalk"": 0, ""Sex"": 0, ""Age"": 0, ""Education"": 0, ""Income"": 0}",99.8775859999878,96.921875,-49045504,810,810,6480,3240,10,cpu,1,2.14.1+cu130,d52d239,59.45454545454545,39.45454545454545,0.0
L2,high,0,10000,01_256x128_lr3e-4,nn,"[256, 128]",ReLU,,10000,8000,50736,37,0,2624760806,2575112927,-16.070736136178496,0.0165319582970306,0,0.0709752444023967,"{""Diabetes_binary"": -0.3225998282432556, ""HighBP"": -0.6444281339645386, ""HighChol"": -0.6715102195739746, ""CholCheck"": -0.15433989465236664, ""BMI"": -1.135836124420166, ""Smoker"": -0.6862133741378784, ""Stroke"": -0.15341220796108246, ""HeartDiseaseorAttack"": -0.280546098947525, ""PhysActivity"": -0.5547369122505188, ""Fruits"": -0.6571460366249084, ""Veggies"": -0.47897452116012573, ""HvyAlcoholConsump"": -0.21619410812854767, ""AnyHealthcare"": -0.1819409877061844, ""NoDocbcCost"": -0.2599254548549652, ""GenHlth"": -1.365446925163269, ""MentHlth"": -0.8281465768814087, ""PhysHlth"": -0.9677876830101013, ""DiffWalk"": -0.4179735481739044, ""Sex"": -0.6878690123558044, ""Age"": -2.460484743118286, ""Education"": -1.2616662979125977, ""Income"": -1.683557391166687}","{""HvyAlcoholConsump"": 0.0, ""PhysHlth"": 0.0013599810785241248, ""Sex"": 0.0, ""Diabetes_binary"": 0.06646168401135288, ""Age"": 0.0, ""Income"": 0.0005321665089877011, ""GenHlth"": 0.0013599810785241248, ""BMI"": 0.0, ""PhysActivity"": 0.0, ""DiffWalk"": 0.0, ""MentHlth"": 0.0038040050457269, ""AnyHealthcare"": 0.0, ""NoDocbcCost"": 0.0, ""CholCheck"": 0.0, ""HighBP"": 0.0, ""HeartDiseaseorAttack"": 0.0, ""Stroke"": 0.0, ""HighChol"": 0.0, ""Education"": 0.0, ""Smoker"": 0.0, ""Fruits"": 0.0, ""Veggies"": 0.0}","{""Diabetes_binary"": 0, ""HighBP"": 0, ""HighChol"": 0, ""CholCheck"": 0, ""BMI"": 0, ""Smoker"": 0, ""Stroke"": 0, ""HeartDiseaseorAttack"": 0, ""PhysActivity"": 0, ""Fruits"": 0, ""Veggies"": 0, ""HvyAlcoholConsump"": 0, ""AnyHealthcare"": 0, ""NoDocbcCost"": 0, ""GenHlth"": 0, ""MentHlth"": 0, ""PhysHlth"": 0, ""DiffWalk"": 0, ""Sex"": 0, ""Age"": 0, ""Education"": 0, ""Income"": 0}",152.60990609999862,143.515625,-1208320,793674,793674,6349392,3174696,10,cpu,1,2.14.1+cu130,d52d239,28.863636363636363,8.863636363636363,0.0
L2,high,0,10000,k6_128_64_9,nn,"[128, 64]",ReLU,,10000,8000,50736,37,0,2624760806,2575112927,-16.064035419660925,0.0164242984574732,0,0.0709752444023967,"{""Diabetes_binary"": -0.32182231545448303, ""HighBP"": -0.6435362696647644, ""HighChol"": -0.671342134475708, ""CholCheck"": -0.15442460775375366, ""BMI"": -1.1362760066986084, ""Smoker"": -0.6862008571624756, ""Stroke"": -0.15356749296188354, ""HeartDiseaseorAttack"": -0.27983927726745605, ""PhysActivity"": -0.5548287034034729, ""Fruits"": -0.6567481160163879, ""Veggies"": -0.4789746403694153, ""HvyAlcoholConsump"": -0.21622806787490845, ""AnyHealthcare"": -0.18165528774261475, ""NoDocbcCost"": -0.2598535120487213, ""GenHlth"": -1.3649533987045288, ""MentHlth"": -0.828069269657135, ""PhysHlth"": -0.966655969619751, ""DiffWalk"": -0.41852766275405884, ""Sex"": -0.6868726015090942, ""Age"": -2.46016788482666, ""Education"": -1.2613391876220703, ""Income"": -1.6821520328521729}","{""HvyAlcoholConsump"": 0.0, ""PhysHlth"": 0.0013599810785241248, ""Sex"": 0.0, ""Diabetes_binary"": 0.06646168401135288, ""Age"": 0.0, ""Income"": 0.0005321665089877011, ""GenHlth"": 0.0013599810785241248, ""BMI"": 0.0, ""PhysActivity"": 0.0, ""DiffWalk"": 0.0, ""MentHlth"": 0.0038040050457269, ""AnyHealthcare"": 0.0, ""NoDocbcCost"": 0.0, ""CholCheck"": 0.0, ""HighBP"": 0.0, ""HeartDiseaseorAttack"": 0.0, ""Stroke"": 0.0, ""HighChol"": 0.0, ""Education"": 0.0, ""Smoker"": 0.0, ""Fruits"": 0.0, ""Veggies"": 0.0}","{""Diabetes_binary"": 0, ""HighBP"": 0, ""HighChol"": 0, ""CholCheck"": 0, ""BMI"": 0, ""Smoker"": 0, ""Stroke"": 0, ""HeartDiseaseorAttack"": 0, ""PhysActivity"": 0, ""Fruits"": 0, ""Veggies"": 0, ""HvyAlcoholConsump"": 0, ""AnyHealthcare"": 0, ""NoDocbcCost"": 0, ""GenHlth"": 0, ""MentHlth"": 0, ""PhysHlth"": 0, ""DiffWalk"": 0, ""Sex"": 0, ""Age"": 0, ""Education"": 0, ""Income"": 0}",288.02189199998975,276.328125,-94691328,216650,216650,1733200,866600,10,cpu,1,2.14.1+cu130,d52d239,77.68181818181819,27.681818181818183,0.0
L2,high,0,50000,mle,mle,,,,50000,50000,50736,37,0,2918163265,711292373,-16.527912358315774,0.0252702989808474,951,0.0112543361715547,"{""Diabetes_binary"": -0.6538575972244596, ""HighBP"": -0.642542070988383, ""HighChol"": -0.6711047105467488, ""CholCheck"": -0.15402665343557087, ""BMI"": -1.1344671628274572, ""Smoker"": -0.6863036713418744, ""Stroke"": -0.15325559116372847, ""HeartDiseaseorAttack"": -0.2795989619197192, ""PhysActivity"": -0.5542731180814783, ""Fruits"": -0.6560184901815553, ""Veggies"": -0.47902934645962025, ""HvyAlcoholConsump"": -0.2161390010346352, ""AnyHealthcare"": -0.18095830291226317, ""NoDocbcCost"": -0.259240268038395, ""GenHlth"": -1.4084297664155445, ""MentHlth"": -0.8864146104162933, ""PhysHlth"": -0.9993536567531355, ""DiffWalk"": -0.41679903330940976, ""Sex"": -0.6863943288000695, ""Age"": -2.4595403457829734, ""Education"": -1.2614255135697463, ""Income"": -1.6887401571127125}","{""HvyAlcoholConsump"": 0.0, ""PhysHlth"": 0.0, ""Sex"": 0.0, ""Diabetes_binary"": 0.010623620309050773, ""Age"": 0.0, ""Income"": 0.0002759381898454746, ""GenHlth"": 0.0, ""BMI"": 0.0, ""PhysActivity"": 0.0, ""DiffWalk"": 0.0, ""MentHlth"": 0.00037448754336171555, ""AnyHealthcare"": 0.0, ""NoDocbcCost"": 0.0, ""CholCheck"": 0.0, ""HighBP"": 0.0, ""HeartDiseaseorAttack"": 0.0, ""Stroke"": 0.0, ""HighChol"": 0.0, ""Education"": 0.0, ""Smoker"": 0.0, ""Fruits"": 0.0, ""Veggies"": 0.0}","{""Diabetes_binary"": 659, ""HighBP"": 0, ""HighChol"": 0, ""CholCheck"": 0, ""BMI"": 0, ""Smoker"": 0, ""Stroke"": 0, ""HeartDiseaseorAttack"": 0, ""PhysActivity"": 0, ""Fruits"": 0, ""Veggies"": 0, ""HvyAlcoholConsump"": 0, ""AnyHealthcare"": 0, ""NoDocbcCost"": 0, ""GenHlth"": 89, ""MentHlth"": 119, ""PhysHlth"": 67, ""DiffWalk"": 0, ""Sex"": 0, ""Age"": 0, ""Education"": 0, ""Income"": 17}",0.2583746000018436,0.265625,3215360,12431,7310,99448,99448,10,cpu,1,2.14.1+cu130,d52d239,,,
L2,high,0,50000,dirichlet_0.5,dirichlet,,,0.5,50000,50000,50736,37,0,2918163265,711292373,-16.074483918728944,0.0165989082092438,0,0.0112543361715547,"{""Diabetes_binary"": -0.34066440000992604, ""HighBP"": -0.6425453364355136, ""HighChol"": -0.6711048897222511, ""CholCheck"": -0.15402467901490652, ""BMI"": -1.1344567567403663, ""Smoker"": -0.6863037019872846, ""Stroke"": -0.1532547994471347, ""HeartDiseaseorAttack"": -0.2796000349394544, ""PhysActivity"": -0.5542723350003035, ""Fruits"": -0.6560185195475845, ""Veggies"": -0.4790295129261631, ""HvyAlcoholConsump"": -0.21613895900577956, ""AnyHealthcare"": -0.1809604433024493, ""NoDocbcCost"": -0.25924201432262955, ""GenHlth"": -1.365731764723592, ""MentHlth"": -0.8295649857928425, ""PhysHlth"": -0.9671933282479617, ""DiffWalk"": -0.41678774402141544, ""Sex"": -0.6863943154966359, ""Age"": -2.4595403530602105, ""Education"": -1.261421422859146, ""Income"": -1.6802336221253968}","{""HvyAlcoholConsump"": 0.0, ""PhysHlth"": 0.0, ""Sex"": 0.0, ""Diabetes_binary"": 0.010623620309050773, ""Age"": 0.0, ""Income"": 0.0002759381898454746, ""GenHlth"": 0.0, ""BMI"": 0.0, ""PhysActivity"": 0.0, ""DiffWalk"": 0.0, ""MentHlth"": 0.00037448754336171555, ""AnyHealthcare"": 0.0, ""NoDocbcCost"": 0.0, ""CholCheck"": 0.0, ""HighBP"": 0.0, ""HeartDiseaseorAttack"": 0.0, ""Stroke"": 0.0, ""HighChol"": 0.0, ""Education"": 0.0, ""Smoker"": 0.0, ""Fruits"": 0.0, ""Veggies"": 0.0}","{""Diabetes_binary"": 0, ""HighBP"": 0, ""HighChol"": 0, ""CholCheck"": 0, ""BMI"": 0, ""Smoker"": 0, ""Stroke"": 0, ""HeartDiseaseorAttack"": 0, ""PhysActivity"": 0, ""Fruits"": 0, ""Veggies"": 0, ""HvyAlcoholConsump"": 0, ""AnyHealthcare"": 0, ""NoDocbcCost"": 0, ""GenHlth"": 0, ""MentHlth"": 0, ""PhysHlth"": 0, ""DiffWalk"": 0, ""Sex"": 0, ""Age"": 0, ""Education"": 0, ""Income"": 0}",0.3632416000182275,0.328125,610304,12431,7310,99448,99448,10,cpu,1,2.14.1+cu130,d52d239,,,
L2,high,0,full,mle,mle,,,,202944,202944,50736,37,0,2939416794,94352712,-16.118638588874006,0.0183980598643256,169,0.0016162093976663,"{""Diabetes_binary"": -0.38537289014968934, ""HighBP"": -0.642277370205139, ""HighChol"": -0.6711253735100852, ""CholCheck"": -0.15399456363180897, ""BMI"": -1.1341548068611254, ""Smoker"": -0.6862077167586905, ""Stroke"": -0.15315967197454583, ""HeartDiseaseorAttack"": -0.27961410848082596, ""PhysActivity"": -0.5541833466119936, ""Fruits"": -0.6560089185977807, ""Veggies"": -0.4790376944589789, ""HvyAlcoholConsump"": -0.21613849121313752, ""AnyHealthcare"": -0.18075801119395826, ""NoDocbcCost"": -0.25916494828156517, ""GenHlth"": -1.363624761569971, ""MentHlth"": -0.8348436350306394, ""PhysHlth"": -0.9635697531167908, ""DiffWalk"": -0.4166898173028099, ""Sex"": -0.686387234062623, ""Age"": -2.459446496246883, ""Education"": -1.2613210322778272, ""Income"": -1.6815579473371365}","{""HvyAlcoholConsump"": 0.0, ""PhysHlth"": 0.0, ""Sex"": 0.0, ""Diabetes_binary"": 0.0016162093976663514, ""Age"": 0.0, ""Income"": 0.0, ""GenHlth"": 0.0, ""BMI"": 0.0, ""PhysActivity"": 0.0, ""DiffWalk"": 0.0, ""MentHlth"": 0.0, ""AnyHealthcare"": 0.0, ""NoDocbcCost"": 0.0, ""CholCheck"": 0.0, ""HighBP"": 0.0, ""HeartDiseaseorAttack"": 0.0, ""Stroke"": 0.0, ""HighChol"": 0.0, ""Education"": 0.0, ""Smoker"": 0.0, ""Fruits"": 0.0, ""Veggies"": 0.0}","{""Diabetes_binary"": 132, ""HighBP"": 0, ""HighChol"": 0, ""CholCheck"": 0, ""BMI"": 0, ""Smoker"": 0, ""Stroke"": 0, ""HeartDiseaseorAttack"": 0, ""PhysActivity"": 0, ""Fruits"": 0, ""Veggies"": 0, ""HvyAlcoholConsump"": 0, ""AnyHealthcare"": 0, ""NoDocbcCost"": 0, ""GenHlth"": 6, ""MentHlth"": 19, ""PhysHlth"": 1, ""DiffWalk"": 0, ""Sex"": 0, ""Age"": 0, ""Education"": 0, ""Income"": 11}",0.6532976999878883,0.609375,0,12431,7310,99448,99448,10,cpu,1,2.14.1+cu130,d52d239,,,
L2,high,0,full,dirichlet_0.5,dirichlet,,,0.5,202944,202944,50736,37,0,2939416794,94352712,-16.039636589538425,0.0165362887945423,0,0.0016162093976663,"{""Diabetes_binary"": -0.32418313670555876, ""HighBP"": -0.6422777138228315, ""HighChol"": -0.6711253929145061, ""CholCheck"": -0.15399503693137032, ""BMI"": -1.1341540622894435, ""Smoker"": -0.6862077196560818, ""Stroke"": -0.15315956168871514, ""HeartDiseaseorAttack"": -0.2796141963066421, ""PhysActivity"": -0.554182959311524, ""Fruits"": -0.6560089227616381, ""Veggies"": -0.47903773836044405, ""HvyAlcoholConsump"": -0.2161384955228512, ""AnyHealthcare"": -0.18075841311543334, ""NoDocbcCost"": -0.2591649844789278, ""GenHlth"": -1.36083685770079, ""MentHlth"": -0.8256040341413526, ""PhysHlth"": -0.9630809440460629, ""DiffWalk"": -0.41668680372791544, ""Sex"": -0.6863872317315141, ""Age"": -2.459446474324007, ""Education"": -1.2613203408967295, ""Income"": -1.6762655691040869}","{""HvyAlcoholConsump"": 0.0, ""PhysHlth"": 0.0, ""Sex"": 0.0, ""Diabetes_binary"": 0.0016162093976663514, ""Age"": 0.0, ""Income"": 0.0, ""GenHlth"": 0.0, ""BMI"": 0.0, ""PhysActivity"": 0.0, ""DiffWalk"": 0.0, ""MentHlth"": 0.0, ""AnyHealthcare"": 0.0, ""NoDocbcCost"": 0.0, ""CholCheck"": 0.0, ""HighBP"": 0.0, ""HeartDiseaseorAttack"": 0.0, ""Stroke"": 0.0, ""HighChol"": 0.0, ""Education"": 0.0, ""Smoker"": 0.0, ""Fruits"": 0.0, ""Veggies"": 0.0}","{""Diabetes_binary"": 0, ""HighBP"": 0, ""HighChol"": 0, ""CholCheck"": 0, ""BMI"": 0, ""Smoker"": 0, ""Stroke"": 0, ""HeartDiseaseorAttack"": 0, ""PhysActivity"": 0, ""Fruits"": 0, ""Veggies"": 0, ""HvyAlcoholConsump"": 0, ""AnyHealthcare"": 0, ""NoDocbcCost"": 0, ""GenHlth"": 0, ""MentHlth"": 0, ""PhysHlth"": 0, ""DiffWalk"": 0, ""Sex"": 0, ""Age"": 0, ""Education"": 0, ""Income"": 0}",0.8023925000161398,0.734375,16384,12431,7310,99448,99448,10,cpu,1,2.14.1+cu130,d52d239,,,
L1,moderate,1,500,mle,mle,,,,500,500,50736,50,0,2956292710,1424943182,-23.287402244295432,0.0912921757090184,21289,0.4601860611794386,"{""Diabetes_binary"": -2.28775331350245, ""HighBP"": -2.2496444950463315, ""HighChol"": -0.739096214292188, ""CholCheck"": -0.31004867808647196, ""BMI"": -0.7843898162491497, ""Smoker"": -0.6911895078895551, ""Stroke"": -0.22589936155167892, ""HeartDiseaseorAttack"": -0.6938498560539607, ""PhysActivity"": -0.5575453300536226, ""Fruits"": -0.658872474140333, ""Veggies"": -0.4895849475566116, ""HvyAlcoholConsump"": -0.21399730045970425, ""AnyHealthcare"": -0.18671541781317488, ""NoDocbcCost"": -0.2677158930134844, ""GenHlth"": -4.191941830947787, ""MentHlth"": -1.5740803126008638, ""PhysHlth"": -1.4043367613612, ""DiffWalk"": -0.6128521281404483, ""Sex"": -0.6877072971110901, ""Age"": -1.686323552667881, ""Education"": -0.6810011852599206, ""Income"": -2.0928565704975193}","{""HvyAlcoholConsump"": 0.0, ""PhysHlth"": 0.012042730999684642, ""Sex"": 0.0, ""Diabetes_binary"": 0.37980920845159255, ""HighBP"": 0.10333885209713024, ""Income"": 0.002976190476190476, ""Age"": 0.0, ""GenHlth"": 0.13132686849574265, ""BMI"": 0.0, ""PhysActivity"": 0.0, ""DiffWalk"": 0.003784295175023652, ""MentHlth"": 0.015393409019236835, ""AnyHealthcare"": 0.0, ""NoDocbcCost"": 0.0, ""CholCheck"": 0.0, ""HeartDiseaseorAttack"": 0.00955928729107537, ""HighChol"": 0.0027593818984547464, ""Stroke"": 0.0, ""Fruits"": 0.0, ""Veggies"": 0.0, ""Education"": 0.0, ""Smoker"": 0.0}","{""Diabetes_binary"": 3598, ""HighBP"": 3218, ""HighChol"": 119, ""CholCheck"": 316, ""BMI"": 0, ""Smoker"": 0, ""Stroke"": 149, ""HeartDiseaseorAttack"": 786, ""PhysActivity"": 0, ""Fruits"": 0, ""Veggies"": 0, ""HvyAlcoholConsump"": 0, ""AnyHealthcare"": 0, ""NoDocbcCost"": 0, ""GenHlth"": 6639, ""MentHlth"": 2307, ""PhysHlth"": 1793, ""DiffWalk"": 392, ""Sex"": 0, ""Age"": 0, ""Education"": 0, ""Income"": 1972}",0.1470652999996673,0.140625,704512,8529,4654,68232,68232,10,cpu,1,2.14.1+cu130,d52d239,,,
L1,moderate,1,500,dirichlet_0.5,dirichlet,,,0.5,500,500,50736,50,0,2956292710,1424943182,-12.838903085852358,0.0176975869181015,0,0.4601860611794386,"{""Diabetes_binary"": -0.5245722430530012, ""HighBP"": -0.6441368502337617, ""HighChol"": -0.677058538000616, ""CholCheck"": -0.16074175506168192, ""BMI"": -0.7853014452846913, ""Smoker"": -0.6911523084909321, ""Stroke"": -0.15267463504349704, ""HeartDiseaseorAttack"": -0.32320567489552476, ""PhysActivity"": -0.557545110422456, ""Fruits"": -0.6589031653894203, ""Veggies"": -0.48969372086445495, ""HvyAlcoholConsump"": -0.21407698054750313, ""AnyHealthcare"": -0.18603869142891966, ""NoDocbcCost"": -0.2652597538095416, ""GenHlth"": -0.8988914098292013, ""MentHlth"": -0.45018474039795, ""PhysHlth"": -0.5421572282382712, ""DiffWalk"": -0.4298387236012943, ""Sex"": -0.6876867153212055, ""Age"": -1.6864235032069266, ""Education"": -0.6807371034488937, ""Income"": -1.1326227892826144}","{""HvyAlcoholConsump"": 0.0, ""PhysHlth"": 0.012042730999684642, ""Sex"": 0.0, ""Diabetes_binary"": 0.37980920845159255, ""HighBP"": 0.10333885209713024, ""Income"": 0.002976190476190476, ""Age"": 0.0, ""GenHlth"": 0.13132686849574265, ""BMI"": 0.0, ""PhysActivity"": 0.0, ""DiffWalk"": 0.003784295175023652, ""MentHlth"": 0.015393409019236835, ""AnyHealthcare"": 0.0, ""NoDocbcCost"": 0.0, ""CholCheck"": 0.0, ""HeartDiseaseorAttack"": 0.00955928729107537, ""HighChol"": 0.0027593818984547464, ""Stroke"": 0.0, ""Fruits"": 0.0, ""Veggies"": 0.0, ""Education"": 0.0, ""Smoker"": 0.0}","{""Diabetes_binary"": 0, ""HighBP"": 0, ""HighChol"": 0, ""CholCheck"": 0, ""BMI"": 0, ""Smoker"": 0, ""Stroke"": 0, ""HeartDiseaseorAttack"": 0, ""PhysActivity"": 0, ""Fruits"": 0, ""Veggies"": 0, ""HvyAlcoholConsump"": 0, ""AnyHealthcare"": 0, ""NoDocbcCost"": 0, ""GenHlth"": 0, ""MentHlth"": 0, ""PhysHlth"": 0, ""DiffWalk"": 0, ""Sex"": 0, ""Age"": 0, ""Education"": 0, ""Income"": 0}",0.645851200009929,0.578125,3411968,8529,4654,68232,68232,10,cpu,1,2.14.1+cu130,d52d239,,,
L1,moderate,1,500,nn_linear,nn,[],linear,,500,400,50736,50,0,2956292710,1424943182,-12.71426026516079,0.0158702300305105,0,0.4601860611794386,"{""Diabetes_binary"": -0.3514192998409271, ""HighBP"": -0.5971772074699402, ""HighChol"": -0.6886879205703735, ""CholCheck"": -0.1589263528585434, ""BMI"": -0.7948740124702454, ""Smoker"": -0.6871117949485779, ""Stroke"": -0.1577630639076233, ""HeartDiseaseorAttack"": -0.29891565442085266, ""PhysActivity"": -0.5708038806915283, ""Fruits"": -0.6592705249786377, ""Veggies"": -0.491140753030777, ""HvyAlcoholConsump"": -0.2640818655490875, ""AnyHealthcare"": -0.18940213322639465, ""NoDocbcCost"": -0.26214975118637085, ""GenHlth"": -0.7983127236366272, ""MentHlth"": -0.4322884976863861, ""PhysHlth"": -0.5121145248413086, ""DiffWalk"": -0.42211875319480896, ""Sex"": -0.6871866583824158, ""Age"": -1.6893724203109741, ""Education"": -0.899542510509491, ""Income"": -1.101599931716919}","{""HvyAlcoholConsump"": 0.0, ""PhysHlth"": 0.012042730999684642, ""Sex"": 0.0, ""Diabetes_binary"": 0.37980920845159255, ""HighBP"": 0.10333885209713024, ""Income"": 0.002976190476190476, ""Age"": 0.0, ""GenHlth"": 0.13132686849574265, ""BMI"": 0.0, ""PhysActivity"": 0.0, ""DiffWalk"": 0.003784295175023652, ""MentHlth"": 0.015393409019236835, ""AnyHealthcare"": 0.0, ""NoDocbcCost"": 0.0, ""CholCheck"": 0.0, ""HeartDiseaseorAttack"": 0.00955928729107537, ""HighChol"": 0.0027593818984547464, ""Stroke"": 0.0, ""Fruits"": 0.0, ""Veggies"": 0.0, ""Education"": 0.0, ""Smoker"": 0.0}","{""Diabetes_binary"": 0, ""HighBP"": 0, ""HighChol"": 0, ""CholCheck"": 0, ""BMI"": 0, ""Smoker"": 0, ""Stroke"": 0, ""HeartDiseaseorAttack"": 0, ""PhysActivity"": 0, ""Fruits"": 0, ""Veggies"": 0, ""HvyAlcoholConsump"": 0, ""AnyHealthcare"": 0, ""NoDocbcCost"": 0, ""GenHlth"": 0, ""MentHlth"": 0, ""PhysHlth"": 0, ""DiffWalk"": 0, ""Sex"": 0, ""Age"": 0, ""Education"": 0, ""Income"": 0}",14.950831800000742,13.640625,174264320,455,455,3640,1820,10,cpu,1,2.14.1+cu130,d52d239,145.04545454545453,133.0909090909091,0.4090909090909091
L1,moderate,1,500,01_256x128_lr3e-4,nn,"[256, 128]",ReLU,,500,400,50736,50,0,2956292710,1424943182,-12.446597168622016,0.0171093051107404,0,0.4601860611794386,"{""Diabetes_binary"": -0.334229975938797, ""HighBP"": -0.6007203459739685, ""HighChol"": -0.6826332211494446, ""CholCheck"": -0.16065587103366852, ""BMI"": -0.7850324511528015, ""Smoker"": -0.6872425675392151, ""Stroke"": -0.14939995110034943, ""HeartDiseaseorAttack"": -0.29425159096717834, ""PhysActivity"": -0.5718231797218323, ""Fruits"": -0.6559587121009827, ""Veggies"": -0.5224896669387817, ""HvyAlcoholConsump"": -0.21404308080673218, ""AnyHealthcare"": -0.1869884729385376, ""NoDocbcCost"": -0.2629574239253998, ""GenHlth"": -0.8004714250564575, ""MentHlth"": -0.4375932812690735, ""PhysHlth"": -0.507588267326355, ""DiffWalk"": -0.430317223072052, ""Sex"": -0.6926184296607971, ""Age"": -1.6862283945083618, ""Education"": -0.6838624477386475, ""Income"": -1.0994914770126343}","{""HvyAlcoholConsump"": 0.0, ""PhysHlth"": 0.012042730999684642, ""Sex"": 0.0, ""Diabetes_binary"": 0.37980920845159255, ""HighBP"": 0.10333885209713024, ""Income"": 0.002976190476190476, ""Age"": 0.0, ""GenHlth"": 0.13132686849574265, ""BMI"": 0.0, ""PhysActivity"": 0.0, ""DiffWalk"": 0.003784295175023652, ""MentHlth"": 0.015393409019236835, ""AnyHealthcare"": 0.0, ""NoDocbcCost"": 0.0, ""CholCheck"": 0.0, ""HeartDiseaseorAttack"": 0.00955928729107537, ""HighChol"": 0.0027593818984547464, ""Stroke"": 0.0, ""Fruits"": 0.0, ""Veggies"": 0.0, ""Education"": 0.0, ""Smoker"": 0.0}","{""Diabetes_binary"": 0, ""HighBP"": 0, ""HighChol"": 0, ""CholCheck"": 0, ""BMI"": 0, ""Smoker"": 0, ""Stroke"": 0, ""HeartDiseaseorAttack"": 0, ""PhysActivity"": 0, ""Fruits"": 0, ""Veggies"": 0, ""HvyAlcoholConsump"": 0, ""AnyHealthcare"": 0, ""NoDocbcCost"": 0, ""GenHlth"": 0, ""MentHlth"": 0, ""PhysHlth"": 0, ""DiffWalk"": 0, ""Sex"": 0, ""Age"": 0, ""Education"": 0, ""Income"": 0}",13.700415200000862,12.90625,-1036288,777911,777911,6223288,3111644,10,cpu,1,2.14.1+cu130,d52d239,49.40909090909091,29.40909090909091,0.0
L1,moderate,1,500,k6_128_64_9,nn,"[128, 64]",ReLU,,500,400,50736,50,0,2956292710,1424943182,-12.464727706713182,0.0172461639434158,0,0.4601860611794386,"{""Diabetes_binary"": -0.34367886185646057, ""HighBP"": -0.6309080719947815, ""HighChol"": -0.6878853440284729, ""CholCheck"": -0.15962618589401245, ""BMI"": -0.7841947674751282, ""Smoker"": -0.6873661875724792, ""Stroke"": -0.14988362789154053, ""HeartDiseaseorAttack"": -0.29384928941726685, ""PhysActivity"": -0.5691160559654236, ""Fruits"": -0.6570753455162048, ""Veggies"": -0.515558660030365, ""HvyAlcoholConsump"": -0.21398070454597473, ""AnyHealthcare"": -0.18573947250843048, ""NoDocbcCost"": -0.26406940817832947, ""GenHlth"": -0.799993097782135, ""MentHlth"": -0.4288736879825592, ""PhysHlth"": -0.5062777400016785, ""DiffWalk"": -0.4255128502845764, ""Sex"": -0.68992680311203, ""Age"": -1.6882599592208862, ""Education"": -0.6854522228240967, ""Income"": -1.0974993705749512}","{""HvyAlcoholConsump"": 0.0, ""PhysHlth"": 0.012042730999684642, ""Sex"": 0.0, ""Diabetes_binary"": 0.37980920845159255, ""HighBP"": 0.10333885209713024, ""Income"": 0.002976190476190476, ""Age"": 0.0, ""GenHlth"": 0.13132686849574265, ""BMI"": 0.0, ""PhysActivity"": 0.0, ""DiffWalk"": 0.003784295175023652, ""MentHlth"": 0.015393409019236835, ""AnyHealthcare"": 0.0, ""NoDocbcCost"": 0.0, ""CholCheck"": 0.0, ""HeartDiseaseorAttack"": 0.00955928729107537, ""HighChol"": 0.0027593818984547464, ""Stroke"": 0.0, ""Fruits"": 0.0, ""Veggies"": 0.0, ""Education"": 0.0, ""Smoker"": 0.0}","{""Diabetes_binary"": 0, ""HighBP"": 0, ""HighChol"": 0, ""CholCheck"": 0, ""BMI"": 0, ""Smoker"": 0, ""Stroke"": 0, ""HeartDiseaseorAttack"": 0, ""PhysActivity"": 0, ""Fruits"": 0, ""Veggies"": 0, ""HvyAlcoholConsump"": 0, ""AnyHealthcare"": 0, ""NoDocbcCost"": 0, ""GenHlth"": 0, ""MentHlth"": 0, ""PhysHlth"": 0, ""DiffWalk"": 0, ""Sex"": 0, ""Age"": 0, ""Education"": 0, ""Income"": 0}",30.54514149998431,28.09375,-104230912,208759,208759,1670072,835036,10,cpu,1,2.14.1+cu130,d52d239,107.45454545454544,57.45454545454545,0.0
L1,moderate,1,2000,mle,mle,,,,2000,2000,50736,50,0,3919899688,2354669116,-16.954248104174273,0.0605307440210347,9123,0.1930778934090192,"{""Diabetes_binary"": -1.8499479503083232, ""HighBP"": -1.3953769688297986, ""HighChol"": -0.7246404584372014, ""CholCheck"": -0.1569559097204864, ""BMI"": -0.7813481779885082, ""Smoker"": -0.6872061444013624, ""Stroke"": -0.15171165173950923, ""HeartDiseaseorAttack"": -0.3466202535877228, ""PhysActivity"": -0.5502749765065172, ""Fruits"": -0.655951165803867, ""Veggies"": -0.4863206981896762, ""HvyAlcoholConsump"": -0.21461812748341452, ""AnyHealthcare"": -0.18571466587694876, ""NoDocbcCost"": -0.2591031096629876, ""GenHlth"": -2.237200792895171, ""MentHlth"": -0.7180094812525459, ""PhysHlth"": -0.7573163473733813, ""DiffWalk"": -0.4230483964398599, ""Sex"": -0.6860570912648467, ""Age"": -1.6848945683307817, ""Education"": -0.6773513428257377, ""Income"": -1.3245798252556256}","{""HvyAlcoholConsump"": 0.0, ""PhysHlth"": 0.003232418795332703, ""Sex"": 0.0, ""Diabetes_binary"": 0.15405234941658782, ""HighBP"": 0.02889467045096184, ""Income"": 0.0012220119836013877, ""Age"": 0.0, ""GenHlth"": 0.043677073478397985, ""BMI"": 0.0, ""PhysActivity"": 0.0, ""DiffWalk"": 0.0, ""MentHlth"": 0.007194102806685588, ""AnyHealthcare"": 0.0, ""NoDocbcCost"": 0.0, ""CholCheck"": 0.0, ""HeartDiseaseorAttack"": 0.0004139072847682119, ""HighChol"": 0.0009854935351624094, ""Stroke"": 0.0, ""Fruits"": 0.0, ""Veggies"": 0.0, ""Education"": 0.0, ""Smoker"": 0.0}","{""Diabetes_binary"": 2910, ""HighBP"": 1549, ""HighChol"": 97, ""CholCheck"": 0, ""BMI"": 0, ""Smoker"": 0, ""Stroke"": 6, ""HeartDiseaseorAttack"": 125, ""PhysActivity"": 0, ""Fruits"": 0, ""Veggies"": 0, ""HvyAlcoholConsump"": 0, ""AnyHealthcare"": 0, ""NoDocbcCost"": 0, ""GenHlth"": 2835, ""MentHlth"": 593, ""PhysHlth"": 510, ""DiffWalk"": 6, ""Sex"": 0, ""Age"": 0, ""Education"": 0, ""Income"": 492}",0.1532713999913539,0.15625,90112,8529,4654,68232,68232,10,cpu,1,2.14.1+cu130,d52d239,,,
L1,moderate,1,2000,dirichlet_0.5,dirichlet,,,0.5,2000,2000,50736,50,0,3919899688,2354669116,-12.480822935601438,0.0174504730644874,0,0.1930778934090192,"{""Diabetes_binary"": -0.42990985563209577, ""HighBP"": -0.6153376072878045, ""HighChol"": -0.6756910235824777, ""CholCheck"": -0.15642470253909999, ""BMI"": -0.7814449372958876, ""Smoker"": -0.6872049977293907, ""Stroke"": -0.14915971243479895, ""HeartDiseaseorAttack"": -0.29002361072932176, ""PhysActivity"": -0.550300174830094, ""Fruits"": -0.6559526091822305, ""Veggies"": -0.4863284430589951, ""HvyAlcoholConsump"": -0.21457389726581513, ""AnyHealthcare"": -0.18556970924963762, ""NoDocbcCost"": -0.25903814477979253, ""GenHlth"": -0.8452761240978608, ""MentHlth"": -0.42838651950934864, ""PhysHlth"": -0.5159354223915156, ""DiffWalk"": -0.4202073549581456, ""Sex"": -0.6860573842641368, ""Age"": -1.6848766791189889, ""Education"": -0.6772790183917912, ""Income"": -1.0858450072722075}","{""HvyAlcoholConsump"": 0.0, ""PhysHlth"": 0.003232418795332703, ""Sex"": 0.0, ""Diabetes_binary"": 0.15405234941658782, ""HighBP"": 0.02889467045096184, ""Income"": 0.0012220119836013877, ""Age"": 0.0, ""GenHlth"": 0.043677073478397985, ""BMI"": 0.0, ""PhysActivity"": 0.0, ""DiffWalk"": 0.0, ""MentHlth"": 0.007194102806685588, ""AnyHealthcare"": 0.0, ""NoDocbcCost"": 0.0, ""CholCheck"": 0.0, ""HeartDiseaseorAttack"": 0.0004139072847682119, ""HighChol"": 0.0009854935351624094, ""Stroke"": 0.0, ""Fruits"": 0.0, ""Veggies"": 0.0, ""Education"": 0.0, ""Smoker"": 0.0}","{""Diabetes_binary"": 0, ""HighBP"": 0, ""HighChol"": 0, ""CholCheck"": 0, ""BMI"": 0, ""Smoker"": 0, ""Stroke"": 0, ""HeartDiseaseorAttack"": 0, ""PhysActivity"": 0, ""Fruits"": 0, ""Veggies"": 0, ""HvyAlcoholConsump"": 0, ""AnyHealthcare"": 0, ""NoDocbcCost"": 0, ""GenHlth"": 0, ""MentHlth"": 0, ""PhysHlth"": 0, ""DiffWalk"": 0, ""Sex"": 0, ""Age"": 0, ""Education"": 0, ""Income"": 0}",0.4278179999964777,0.40625,2543616,8529,4654,68232,68232,10,cpu,1,2.14.1+cu130,d52d239,,,
L1,moderate,1,2000,nn_linear,nn,[],linear,,2000,1600,50736,50,0,3919899688,2354669116,-12.25414338210308,0.0169140945097909,0,0.1930778934090192,"{""Diabetes_binary"": -0.3287663161754608, ""HighBP"": -0.5876398682594299, ""HighChol"": -0.6738561391830444, ""CholCheck"": -0.1572054624557495, ""BMI"": -0.7819353938102722, ""Smoker"": -0.6870538592338562, ""Stroke"": -0.15023893117904663, ""HeartDiseaseorAttack"": -0.2839897572994232, ""PhysActivity"": -0.5511890649795532, ""Fruits"": -0.656268298625946, ""Veggies"": -0.48639804124832153, ""HvyAlcoholConsump"": -0.21406139433383942, ""AnyHealthcare"": -0.1861955225467682, ""NoDocbcCost"": -0.25919461250305176, ""GenHlth"": -0.781680703163147, ""MentHlth"": -0.41898810863494873, ""PhysHlth"": -0.5030406713485718, ""DiffWalk"": -0.421139121055603, ""Sex"": -0.6860507726669312, ""Age"": -1.6845980882644653, ""Education"": -0.678678572177887, ""Income"": -1.0759748220443726}","{""HvyAlcoholConsump"": 0.0, ""PhysHlth"": 0.003232418795332703, ""Sex"": 0.0, ""Diabetes_binary"": 0.15405234941658782, ""HighBP"": 0.02889467045096184, ""Income"": 0.0012220119836013877, ""Age"": 0.0, ""GenHlth"": 0.043677073478397985, ""BMI"": 0.0, ""PhysActivity"": 0.0, ""DiffWalk"": 0.0, ""MentHlth"": 0.007194102806685588, ""AnyHealthcare"": 0.0, ""NoDocbcCost"": 0.0, ""CholCheck"": 0.0, ""HeartDiseaseorAttack"": 0.0004139072847682119, ""HighChol"": 0.0009854935351624094, ""Stroke"": 0.0, ""Fruits"": 0.0, ""Veggies"": 0.0, ""Education"": 0.0, ""Smoker"": 0.0}","{""Diabetes_binary"": 0, ""HighBP"": 0, ""HighChol"": 0, ""CholCheck"": 0, ""BMI"": 0, ""Smoker"": 0, ""Stroke"": 0, ""HeartDiseaseorAttack"": 0, ""PhysActivity"": 0, ""Fruits"": 0, ""Veggies"": 0, ""HvyAlcoholConsump"": 0, ""AnyHealthcare"": 0, ""NoDocbcCost"": 0, ""GenHlth"": 0, ""MentHlth"": 0, ""PhysHlth"": 0, ""DiffWalk"": 0, ""Sex"": 0, ""Age"": 0, ""Education"": 0, ""Income"": 0}",43.56787680002162,42.296875,-55537664,455,455,3640,1820,10,cpu,1,2.14.1+cu130,d52d239,134.1818181818182,115.95454545454544,0.0909090909090909
L1,moderate,1,2000,01_256x128_lr3e-4,nn,"[256, 128]",ReLU,,2000,1600,50736,50,0,3919899688,2354669116,-12.254601717474412,0.017133289033127,0,0.1930778934090192,"{""Diabetes_binary"": -0.33099862933158875, ""HighBP"": -0.5884260535240173, ""HighChol"": -0.6733201146125793, ""CholCheck"": -0.1574699729681015, ""BMI"": -0.7811490893363953, ""Smoker"": -0.6870478391647339, ""Stroke"": -0.14947091042995453, ""HeartDiseaseorAttack"": -0.2862594723701477, ""PhysActivity"": -0.551169216632843, ""Fruits"": -0.6563098430633545, ""Veggies"": -0.4861195981502533, ""HvyAlcoholConsump"": -0.21408864855766296, ""AnyHealthcare"": -0.1860450953245163, ""NoDocbcCost"": -0.258838027715683, ""GenHlth"": -0.7809181809425354, ""MentHlth"": -0.41948071122169495, ""PhysHlth"": -0.5029154419898987, ""DiffWalk"": -0.42052164673805237, ""Sex"": -0.6863005757331848, ""Age"": -1.6851015090942383, ""Education"": -0.6771185994148254, ""Income"": -1.0755327939987183}","{""HvyAlcoholConsump"": 0.0, ""PhysHlth"": 0.003232418795332703, ""Sex"": 0.0, ""Diabetes_binary"": 0.15405234941658782, ""HighBP"": 0.02889467045096184, ""Income"": 0.0012220119836013877, ""Age"": 0.0, ""GenHlth"": 0.043677073478397985, ""BMI"": 0.0, ""PhysActivity"": 0.0, ""DiffWalk"": 0.0, ""MentHlth"": 0.007194102806685588, ""AnyHealthcare"": 0.0, ""NoDocbcCost"": 0.0, ""CholCheck"": 0.0, ""HeartDiseaseorAttack"": 0.0004139072847682119, ""HighChol"": 0.0009854935351624094, ""Stroke"": 0.0, ""Fruits"": 0.0, ""Veggies"": 0.0, ""Education"": 0.0, ""Smoker"": 0.0}","{""Diabetes_binary"": 0, ""HighBP"": 0, ""HighChol"": 0, ""CholCheck"": 0, ""BMI"": 0, ""Smoker"": 0, ""Stroke"": 0, ""HeartDiseaseorAttack"": 0, ""PhysActivity"": 0, ""Fruits"": 0, ""Veggies"": 0, ""HvyAlcoholConsump"": 0, ""AnyHealthcare"": 0, ""NoDocbcCost"": 0, ""GenHlth"": 0, ""MentHlth"": 0, ""PhysHlth"": 0, ""DiffWalk"": 0, ""Sex"": 0, ""Age"": 0, ""Education"": 0, ""Income"": 0}",37.73965939998743,35.046875,1458176,777911,777911,6223288,3111644,10,cpu,1,2.14.1+cu130,d52d239,39.31818181818182,19.318181818181817,0.0
L1,moderate,1,2000,k6_128_64_9,nn,"[128, 64]",ReLU,,2000,1600,50736,50,0,3919899688,2354669116,-12.253215389205458,0.0171795999632344,0,0.1930778934090192,"{""Diabetes_binary"": -0.3302396535873413, ""HighBP"": -0.5899595618247986, ""HighChol"": -0.6733907461166382, ""CholCheck"": -0.15745924413204193, ""BMI"": -0.7808777689933777, ""Smoker"": -0.6870518326759338, ""Stroke"": -0.14941801130771637, ""HeartDiseaseorAttack"": -0.28559303283691406, ""PhysActivity"": -0.5508277416229248, ""Fruits"": -0.6562312841415405, ""Veggies"": -0.4861135482788086, ""HvyAlcoholConsump"": -0.21393035352230072, ""AnyHealthcare"": -0.18624654412269592, ""NoDocbcCost"": -0.25826209783554077, ""GenHlth"": -0.7794113755226135, ""MentHlth"": -0.41946277022361755, ""PhysHlth"": -0.5039472579956055, ""DiffWalk"": -0.420234352350235, ""Sex"": -0.6863178610801697, ""Age"": -1.6847617626190186, ""Education"": -0.676921010017395, ""Income"": -1.0765573978424072}","{""HvyAlcoholConsump"": 0.0, ""PhysHlth"": 0.003232418795332703, ""Sex"": 0.0, ""Diabetes_binary"": 0.15405234941658782, ""HighBP"": 0.02889467045096184, ""Income"": 0.0012220119836013877, ""Age"": 0.0, ""GenHlth"": 0.043677073478397985, ""BMI"": 0.0, ""PhysActivity"": 0.0, ""DiffWalk"": 0.0, ""MentHlth"": 0.007194102806685588, ""AnyHealthcare"": 0.0, ""NoDocbcCost"": 0.0, ""CholCheck"": 0.0, ""HeartDiseaseorAttack"": 0.0004139072847682119, ""HighChol"": 0.0009854935351624094, ""Stroke"": 0.0, ""Fruits"": 0.0, ""Veggies"": 0.0, ""Education"": 0.0, ""Smoker"": 0.0}","{""Diabetes_binary"": 0, ""HighBP"": 0, ""HighChol"": 0, ""CholCheck"": 0, ""BMI"": 0, ""Smoker"": 0, ""Stroke"": 0, ""HeartDiseaseorAttack"": 0, ""PhysActivity"": 0, ""Fruits"": 0, ""Veggies"": 0, ""HvyAlcoholConsump"": 0, ""AnyHealthcare"": 0, ""NoDocbcCost"": 0, ""GenHlth"": 0, ""MentHlth"": 0, ""PhysHlth"": 0, ""DiffWalk"": 0, ""Sex"": 0, ""Age"": 0, ""Education"": 0, ""Income"": 0}",72.30012749999878,69.203125,-102113280,208759,208759,1670072,835036,10,cpu,1,2.14.1+cu130,d52d239,88.0,38.0,0.0
L1,moderate,1,10000,mle,mle,,,,10000,10000,50736,50,0,2554408643,518085088,-13.50662554050624,0.0360665805205488,2532,0.0469292021444339,"{""Diabetes_binary"": -0.9595173132514399, ""HighBP"": -0.7380795408225845, ""HighChol"": -0.6734198862039001, ""CholCheck"": -0.15694965906756958, ""BMI"": -0.7779659570376894, ""Smoker"": -0.6870655877924997, ""Stroke"": -0.15192647424485523, ""HeartDiseaseorAttack"": -0.28874212794152454, ""PhysActivity"": -0.5491127201807218, ""Fruits"": -0.6559407031490243, ""Veggies"": -0.48611427610484453, ""HvyAlcoholConsump"": -0.2139094771840624, ""AnyHealthcare"": -0.18359842454947686, ""NoDocbcCost"": -0.2576872384495828, ""GenHlth"": -1.1366343559134369, ""MentHlth"": -0.4698699962752132, ""PhysHlth"": -0.5643900368841069, ""DiffWalk"": -0.41786386950584115, ""Sex"": -0.6860652425171541, ""Age"": -1.684233598420147, ""Education"": -0.6769477247677561, ""Income"": -1.090591330242808}","{""HvyAlcoholConsump"": 0.0, ""PhysHlth"": 0.0, ""Sex"": 0.0, ""Diabetes_binary"": 0.036463260801009145, ""HighBP"": 0.005932671081677704, ""Income"": 7.883948281299275e-05, ""Age"": 0.0, ""GenHlth"": 0.007647429832860296, ""BMI"": 0.0, ""PhysActivity"": 0.0, ""DiffWalk"": 0.0, ""MentHlth"": 0.001773888363292337, ""AnyHealthcare"": 0.0, ""NoDocbcCost"": 0.0, ""CholCheck"": 0.0, ""HeartDiseaseorAttack"": 0.0001576789656259855, ""HighChol"": 0.0, ""Stroke"": 0.0, ""Fruits"": 0.0, ""Veggies"": 0.0, ""Education"": 0.0, ""Smoker"": 0.0}","{""Diabetes_binary"": 1233, ""HighBP"": 289, ""HighChol"": 0, ""CholCheck"": 0, ""BMI"": 0, ""Smoker"": 0, ""Stroke"": 6, ""HeartDiseaseorAttack"": 13, ""PhysActivity"": 0, ""Fruits"": 0, ""Veggies"": 0, ""HvyAlcoholConsump"": 0, ""AnyHealthcare"": 0, ""NoDocbcCost"": 0, ""GenHlth"": 707, ""MentHlth"": 112, ""PhysHlth"": 134, ""DiffWalk"": 0, ""Sex"": 0, ""Age"": 0, ""Education"": 0, ""Income"": 38}",0.1516485999745782,0.125,12288,8529,4654,68232,68232,10,cpu,1,2.14.1+cu130,d52d239,,,
L1,moderate,1,10000,dirichlet_0.5,dirichlet,,,0.5,10000,10000,50736,50,0,2554408643,518085088,-12.279125975459282,0.0170640001925248,0,0.0469292021444339,"{""Diabetes_binary"": -0.36165334985647246, ""HighBP"": -0.5935508724781006, ""HighChol"": -0.6733755668907633, ""CholCheck"": -0.1568460213657078, ""BMI"": -0.7779816807041888, ""Smoker"": -0.687065650494471, ""Stroke"": -0.1490855265183277, ""HeartDiseaseorAttack"": -0.2829553027919661, ""PhysActivity"": -0.5491103237727356, ""Fruits"": -0.6559409636239034, ""Veggies"": -0.48611439473162754, ""HvyAlcoholConsump"": -0.213906415492464, ""AnyHealthcare"": -0.18359219086952844, ""NoDocbcCost"": -0.2576965917849124, ""GenHlth"": -0.7952726947184282, ""MentHlth"": -0.41585655324623944, ""PhysHlth"": -0.5020046576927791, ""DiffWalk"": -0.41789363263007867, ""Sex"": -0.6860653161063931, ""Age"": -1.6842320640410073, ""Education"": -0.6769543731365941, ""Income"": -1.0719718325125918}","{""HvyAlcoholConsump"": 0.0, ""PhysHlth"": 0.0, ""Sex"": 0.0, ""Diabetes_binary"": 0.036463260801009145, ""HighBP"": 0.005932671081677704, ""Income"": 7.883948281299275e-05, ""Age"": 0.0, ""GenHlth"": 0.007647429832860296, ""BMI"": 0.0, ""PhysActivity"": 0.0, ""DiffWalk"": 0.0, ""MentHlth"": 0.001773888363292337, ""AnyHealthcare"": 0.0, ""NoDocbcCost"": 0.0, ""CholCheck"": 0.0, ""HeartDiseaseorAttack"": 0.0001576789656259855, ""HighChol"": 0.0, ""Stroke"": 0.0, ""Fruits"": 0.0, ""Veggies"": 0.0, ""Education"": 0.0, ""Smoker"": 0.0}","{""Diabetes_binary"": 0, ""HighBP"": 0, ""HighChol"": 0, ""CholCheck"": 0, ""BMI"": 0, ""Smoker"": 0, ""Stroke"": 0, ""HeartDiseaseorAttack"": 0, ""PhysActivity"": 0, ""Fruits"": 0, ""Veggies"": 0, ""HvyAlcoholConsump"": 0, ""AnyHealthcare"": 0, ""NoDocbcCost"": 0, ""GenHlth"": 0, ""MentHlth"": 0, ""PhysHlth"": 0, ""DiffWalk"": 0, ""Sex"": 0, ""Age"": 0, ""Education"": 0, ""Income"": 0}",0.1960245000082068,0.1875,184320,8529,4654,68232,68232,10,cpu,1,2.14.1+cu130,d52d239,,,
L1,moderate,1,10000,nn_linear,nn,[],linear,,10000,8000,50736,50,0,2554408643,518085088,-12.215675886737072,0.0167815881913983,0,0.0469292021444339,"{""Diabetes_binary"": -0.3272194266319275, ""HighBP"": -0.585755467414856, ""HighChol"": -0.6731627583503723, ""CholCheck"": -0.1577078253030777, ""BMI"": -0.7781820297241211, ""Smoker"": -0.6872166991233826, ""Stroke"": -0.1494351327419281, ""HeartDiseaseorAttack"": -0.28206372261047363, ""PhysActivity"": -0.5493434071540833, ""Fruits"": -0.6575027108192444, ""Veggies"": -0.4861496686935425, ""HvyAlcoholConsump"": -0.21384046971797943, ""AnyHealthcare"": -0.18405404686927795, ""NoDocbcCost"": -0.25811249017715454, ""GenHlth"": -0.7718511819839478, ""MentHlth"": -0.4112992584705353, ""PhysHlth"": -0.5008618831634521, ""DiffWalk"": -0.4189714789390564, ""Sex"": -0.6860445737838745, ""Age"": -1.6846928596496582, ""Education"": -0.6770758032798767, ""Income"": -1.075132966041565}","{""HvyAlcoholConsump"": 0.0, ""PhysHlth"": 0.0, ""Sex"": 0.0, ""Diabetes_binary"": 0.036463260801009145, ""HighBP"": 0.005932671081677704, ""Income"": 7.883948281299275e-05, ""Age"": 0.0, ""GenHlth"": 0.007647429832860296, ""BMI"": 0.0, ""PhysActivity"": 0.0, ""DiffWalk"": 0.0, ""MentHlth"": 0.001773888363292337, ""AnyHealthcare"": 0.0, ""NoDocbcCost"": 0.0, ""CholCheck"": 0.0, ""HeartDiseaseorAttack"": 0.0001576789656259855, ""HighChol"": 0.0, ""Stroke"": 0.0, ""Fruits"": 0.0, ""Veggies"": 0.0, ""Education"": 0.0, ""Smoker"": 0.0}","{""Diabetes_binary"": 0, ""HighBP"": 0, ""HighChol"": 0, ""CholCheck"": 0, ""BMI"": 0, ""Smoker"": 0, ""Stroke"": 0, ""HeartDiseaseorAttack"": 0, ""PhysActivity"": 0, ""Fruits"": 0, ""Veggies"": 0, ""HvyAlcoholConsump"": 0, ""AnyHealthcare"": 0, ""NoDocbcCost"": 0, ""GenHlth"": 0, ""MentHlth"": 0, ""PhysHlth"": 0, ""DiffWalk"": 0, ""Sex"": 0, ""Age"": 0, ""Education"": 0, ""Income"": 0}",77.02722489999724,75.359375,-51597312,455,455,3640,1820,10,cpu,1,2.14.1+cu130,d52d239,48.59090909090909,28.59090909090909,0.0
L1,moderate,1,10000,01_256x128_lr3e-4,nn,"[256, 128]",ReLU,,10000,8000,50736,50,0,2554408643,518085088,-12.209981021104054,0.0167569516834254,0,0.0469292021444339,"{""Diabetes_binary"": -0.32700315117836, ""HighBP"": -0.5854231119155884, ""HighChol"": -0.6735841631889343, ""CholCheck"": -0.1572614461183548, ""BMI"": -0.7784507870674133, ""Smoker"": -0.6875416040420532, ""Stroke"": -0.14863097667694092, ""HeartDiseaseorAttack"": -0.2820187509059906, ""PhysActivity"": -0.5493117570877075, ""Fruits"": -0.6564902663230896, ""Veggies"": -0.48613688349723816, ""HvyAlcoholConsump"": -0.21385464072227478, ""AnyHealthcare"": -0.1837863028049469, ""NoDocbcCost"": -0.2589845061302185, ""GenHlth"": -0.770574688911438, ""MentHlth"": -0.4123651385307312, ""PhysHlth"": -0.5015535354614258, ""DiffWalk"": -0.4182058870792389, ""Sex"": -0.6863831877708435, ""Age"": -1.6842223405838013, ""Education"": -0.6768845915794373, ""Income"": -1.0713133811950684}","{""HvyAlcoholConsump"": 0.0, ""PhysHlth"": 0.0, ""Sex"": 0.0, ""Diabetes_binary"": 0.036463260801009145, ""HighBP"": 0.005932671081677704, ""Income"": 7.883948281299275e-05, ""Age"": 0.0, ""GenHlth"": 0.007647429832860296, ""BMI"": 0.0, ""PhysActivity"": 0.0, ""DiffWalk"": 0.0, ""MentHlth"": 0.001773888363292337, ""AnyHealthcare"": 0.0, ""NoDocbcCost"": 0.0, ""CholCheck"": 0.0, ""HeartDiseaseorAttack"": 0.0001576789656259855, ""HighChol"": 0.0, ""Stroke"": 0.0, ""Fruits"": 0.0, ""Veggies"": 0.0, ""Education"": 0.0, ""Smoker"": 0.0}","{""Diabetes_binary"": 0, ""HighBP"": 0, ""HighChol"": 0, ""CholCheck"": 0, ""BMI"": 0, ""Smoker"": 0, ""Stroke"": 0, ""HeartDiseaseorAttack"": 0, ""PhysActivity"": 0, ""Fruits"": 0, ""Veggies"": 0, ""HvyAlcoholConsump"": 0, ""AnyHealthcare"": 0, ""NoDocbcCost"": 0, ""GenHlth"": 0, ""MentHlth"": 0, ""PhysHlth"": 0, ""DiffWalk"": 0, ""Sex"": 0, ""Age"": 0, ""Education"": 0, ""Income"": 0}",156.11202349999803,148.9375,6340608,777911,777911,6223288,3111644,10,cpu,1,2.14.1+cu130,d52d239,34.09090909090909,14.090909090909092,0.0
L1,moderate,1,10000,k6_128_64_9,nn,"[128, 64]",ReLU,,10000,8000,50736,50,0,2554408643,518085088,-12.210144352343749,0.016748345620677,0,0.0469292021444339,"{""Diabetes_binary"": -0.3268510699272156, ""HighBP"": -0.5852597951889038, ""HighChol"": -0.6730966567993164, ""CholCheck"": -0.15748529136180878, ""BMI"": -0.7783921957015991, ""Smoker"": -0.6871945261955261, ""Stroke"": -0.14895814657211304, ""HeartDiseaseorAttack"": -0.282014936208725, ""PhysActivity"": -0.549292266368866, ""Fruits"": -0.656987726688385, ""Veggies"": -0.4861352741718292, ""HvyAlcoholConsump"": -0.21384361386299133, ""AnyHealthcare"": -0.1837536096572876, ""NoDocbcCost"": -0.25851330161094666, ""GenHlth"": -0.7706297039985657, ""MentHlth"": -0.41324129700660706, ""PhysHlth"": -0.500674843788147, ""DiffWalk"": -0.4182024896144867, ""Sex"": -0.6862193942070007, ""Age"": -1.6843432188034058, ""Education"": -0.6768460273742676, ""Income"": -1.0722087621688843}","{""HvyAlcoholConsump"": 0.0, ""PhysHlth"": 0.0, ""Sex"": 0.0, ""Diabetes_binary"": 0.036463260801009145, ""HighBP"": 0.005932671081677704, ""Income"": 7.883948281299275e-05, ""Age"": 0.0, ""GenHlth"": 0.007647429832860296, ""BMI"": 0.0, ""PhysActivity"": 0.0, ""DiffWalk"": 0.0, ""MentHlth"": 0.001773888363292337, ""AnyHealthcare"": 0.0, ""NoDocbcCost"": 0.0, ""CholCheck"": 0.0, ""HeartDiseaseorAttack"": 0.0001576789656259855, ""HighChol"": 0.0, ""Stroke"": 0.0, ""Fruits"": 0.0, ""Veggies"": 0.0, ""Education"": 0.0, ""Smoker"": 0.0}","{""Diabetes_binary"": 0, ""HighBP"": 0, ""HighChol"": 0, ""CholCheck"": 0, ""BMI"": 0, ""Smoker"": 0, ""Stroke"": 0, ""HeartDiseaseorAttack"": 0, ""PhysActivity"": 0, ""Fruits"": 0, ""Veggies"": 0, ""HvyAlcoholConsump"": 0, ""AnyHealthcare"": 0, ""NoDocbcCost"": 0, ""GenHlth"": 0, ""MentHlth"": 0, ""PhysHlth"": 0, ""DiffWalk"": 0, ""Sex"": 0, ""Age"": 0, ""Education"": 0, ""Income"": 0}",326.1375287999981,312.375,-92798976,208759,208759,1670072,835036,10,cpu,1,2.14.1+cu130,d52d239,85.5909090909091,35.59090909090909,0.0
L1,moderate,1,50000,mle,mle,,,,50000,50000,50736,50,0,3960146,3218330948,-12.492129743301737,0.023002455386657,586,0.0084555345316934,"{""Diabetes_binary"": -0.5034452182192556, ""HighBP"": -0.6142122442336626, ""HighChol"": -0.6727782646613865, ""CholCheck"": -0.15635057943129416, ""BMI"": -0.7778653572774125, ""Smoker"": -0.6870503438588855, ""Stroke"": -0.14849785876417076, ""HeartDiseaseorAttack"": -0.28245595605123797, ""PhysActivity"": -0.5492032261562922, ""Fruits"": -0.6558970363064838, ""Veggies"": -0.4861220266705282, ""HvyAlcoholConsump"": -0.21379779769751692, ""AnyHealthcare"": -0.18351778804984084, ""NoDocbcCost"": -0.25739012288151814, ""GenHlth"": -0.8526789157212595, ""MentHlth"": -0.4164768820219918, ""PhysHlth"": -0.49949681478270264, ""DiffWalk"": -0.41716631117140923, ""Sex"": -0.6860456925908064, ""Age"": -1.6842579818733354, ""Education"": -0.6767512681495403, ""Income"": -1.070672056731208}","{""HvyAlcoholConsump"": 0.0, ""PhysHlth"": 0.0, ""Sex"": 0.0, ""Diabetes_binary"": 0.0071152633238725956, ""HighBP"": 0.0006701356039104383, ""Income"": 0.0, ""Age"": 0.0, ""GenHlth"": 0.0010052034058656576, ""BMI"": 0.0, ""PhysActivity"": 0.0, ""DiffWalk"": 0.0, ""MentHlth"": 3.941974140649637e-05, ""AnyHealthcare"": 0.0, ""NoDocbcCost"": 0.0, ""CholCheck"": 0.0, ""HeartDiseaseorAttack"": 0.0, ""HighChol"": 0.0, ""Stroke"": 0.0, ""Fruits"": 0.0, ""Veggies"": 0.0, ""Education"": 0.0, ""Smoker"": 0.0}","{""Diabetes_binary"": 347, ""HighBP"": 57, ""HighChol"": 0, ""CholCheck"": 0, ""BMI"": 0, ""Smoker"": 0, ""Stroke"": 0, ""HeartDiseaseorAttack"": 1, ""PhysActivity"": 0, ""Fruits"": 0, ""Veggies"": 0, ""HvyAlcoholConsump"": 0, ""AnyHealthcare"": 0, ""NoDocbcCost"": 0, ""GenHlth"": 164, ""MentHlth"": 11, ""PhysHlth"": 1, ""DiffWalk"": 0, ""Sex"": 0, ""Age"": 0, ""Education"": 0, ""Income"": 5}",0.2353296999935992,0.234375,3928064,8529,4654,68232,68232,10,cpu,1,2.14.1+cu130,d52d239,,,
L1,moderate,1,50000,dirichlet_0.5,dirichlet,,,0.5,50000,50000,50736,50,0,3960146,3218330948,-12.20794576131969,0.0168508323952925,0,0.0084555345316934,"{""Diabetes_binary"": -0.33569412170158947, ""HighBP"": -0.585460801000391, ""HighChol"": -0.6727782644511291, ""CholCheck"": -0.15634439109707743, ""BMI"": -0.7778682798942043, ""Smoker"": -0.6870503487950426, ""Stroke"": -0.1484992875664907, ""HeartDiseaseorAttack"": -0.2819935180597033, ""PhysActivity"": -0.5492030208113738, ""Fruits"": -0.655897024077592, ""Veggies"": -0.486121959723589, ""HvyAlcoholConsump"": -0.2137978850775502, ""AnyHealthcare"": -0.18351746025957066, ""NoDocbcCost"": -0.2573913907705935, ""GenHlth"": -0.7737588555980746, ""MentHlth"": -0.4111136518073616, ""PhysHlth"": -0.49892322374825043, ""DiffWalk"": -0.41716971997398006, ""Sex"": -0.6860456967037729, ""Age"": -1.6842574567428195, ""Education"": -0.6767516281659148, ""Income"": -1.068307775293618}","{""HvyAlcoholConsump"": 0.0, ""PhysHlth"": 0.0, ""Sex"": 0.0, ""Diabetes_binary"": 0.0071152633238725956, ""HighBP"": 0.0006701356039104383, ""Income"": 0.0, ""Age"": 0.0, ""GenHlth"": 0.0010052034058656576, ""BMI"": 0.0, ""PhysActivity"": 0.0, ""DiffWalk"": 0.0, ""MentHlth"": 3.941974140649637e-05, ""AnyHealthcare"": 0.0, ""NoDocbcCost"": 0.0, ""CholCheck"": 0.0, ""HeartDiseaseorAttack"": 0.0, ""HighChol"": 0.0, ""Stroke"": 0.0, ""Fruits"": 0.0, ""Veggies"": 0.0, ""Education"": 0.0, ""Smoker"": 0.0}","{""Diabetes_binary"": 0, ""HighBP"": 0, ""HighChol"": 0, ""CholCheck"": 0, ""BMI"": 0, ""Smoker"": 0, ""Stroke"": 0, ""HeartDiseaseorAttack"": 0, ""PhysActivity"": 0, ""Fruits"": 0, ""Veggies"": 0, ""HvyAlcoholConsump"": 0, ""AnyHealthcare"": 0, ""NoDocbcCost"": 0, ""GenHlth"": 0, ""MentHlth"": 0, ""PhysHlth"": 0, ""DiffWalk"": 0, ""Sex"": 0, ""Age"": 0, ""Education"": 0, ""Income"": 0}",0.341108599997824,0.3125,335872,8529,4654,68232,68232,10,cpu,1,2.14.1+cu130,d52d239,,,
L1,moderate,1,full,mle,mle,,,,202944,202944,50736,50,0,1820781720,3220869015,-12.259992055719074,0.0185820084518366,147,0.0011628823714916,"{""Diabetes_binary"": -0.37520895742758315, ""HighBP"": -0.5874526762362398, ""HighChol"": -0.6727122848825549, ""CholCheck"": -0.1562200678540039, ""BMI"": -0.7777304764512145, ""Smoker"": -0.6870565287303253, ""Stroke"": -0.14836664364069752, ""HeartDiseaseorAttack"": -0.28173385675196916, ""PhysActivity"": -0.5491415253362792, ""Fruits"": -0.6559010186887708, ""Veggies"": -0.48612241774192505, ""HvyAlcoholConsump"": -0.21380753011230255, ""AnyHealthcare"": -0.18350164479271486, ""NoDocbcCost"": -0.2572327108718326, ""GenHlth"": -0.7857171464251217, ""MentHlth"": -0.4121007563820783, ""PhysHlth"": -0.49822705750029533, ""DiffWalk"": -0.41712359300548374, ""Sex"": -0.6860442361670731, ""Age"": -1.6841501656838156, ""Education"": -0.6767408620322197, ""Income"": -1.0676998990045732}","{""HvyAlcoholConsump"": 0.0, ""PhysHlth"": 0.0, ""Sex"": 0.0, ""Diabetes_binary"": 0.0009657836644591612, ""HighBP"": 9.854935351624093e-05, ""Income"": 0.0, ""Age"": 0.0, ""GenHlth"": 0.0001379690949227373, ""BMI"": 0.0, ""PhysActivity"": 0.0, ""DiffWalk"": 0.0, ""MentHlth"": 0.0, ""AnyHealthcare"": 0.0, ""NoDocbcCost"": 0.0, ""CholCheck"": 0.0, ""HeartDiseaseorAttack"": 0.0, ""HighChol"": 0.0, ""Stroke"": 0.0, ""Fruits"": 0.0, ""Veggies"": 0.0, ""Education"": 0.0, ""Smoker"": 0.0}","{""Diabetes_binary"": 101, ""HighBP"": 8, ""HighChol"": 0, ""CholCheck"": 0, ""BMI"": 0, ""Smoker"": 0, ""Stroke"": 0, ""HeartDiseaseorAttack"": 0, ""PhysActivity"": 0, ""Fruits"": 0, ""Veggies"": 0, ""HvyAlcoholConsump"": 0, ""AnyHealthcare"": 0, ""NoDocbcCost"": 0, ""GenHlth"": 35, ""MentHlth"": 3, ""PhysHlth"": 0, ""DiffWalk"": 0, ""Sex"": 0, ""Age"": 0, ""Education"": 0, ""Income"": 0}",0.99496470001759,0.828125,-13344768,8529,4654,68232,68232,10,cpu,1,2.14.1+cu130,d52d239,,,
L1,moderate,1,full,dirichlet_0.5,dirichlet,,,0.5,202944,202944,50736,50,0,1820781720,3220869015,-12.189648741410872,0.0167775896545782,0,0.0011628823714916,"{""Diabetes_binary"": -0.32662662262875863, ""HighBP"": -0.5834387630175419, ""HighChol"": -0.6727123953570227, ""CholCheck"": -0.15621988097906017, ""BMI"": -0.7777307812878556, ""Smoker"": -0.6870565263530779, ""Stroke"": -0.14836768752691842, ""HeartDiseaseorAttack"": -0.281735845515652, ""PhysActivity"": -0.5491413984468895, ""Fruits"": -0.65590102355139, ""Veggies"": -0.4861224008582145, ""HvyAlcoholConsump"": -0.2138075768847398, ""AnyHealthcare"": -0.18350166515196273, ""NoDocbcCost"": -0.2572329289410393, ""GenHlth"": -0.7694339139223347, ""MentHlth"": -0.41065084069854696, ""PhysHlth"": -0.49821713315677535, ""DiffWalk"": -0.4171235987814824, ""Sex"": -0.6860442359672944, ""Age"": -1.6841500786362273, ""Education"": -0.6767408238154947, ""Income"": -1.0676926199325945}","{""HvyAlcoholConsump"": 0.0, ""PhysHlth"": 0.0, ""Sex"": 0.0, ""Diabetes_binary"": 0.0009657836644591612, ""HighBP"": 9.854935351624093e-05, ""Income"": 0.0, ""Age"": 0.0, ""GenHlth"": 0.0001379690949227373, ""BMI"": 0.0, ""PhysActivity"": 0.0, ""DiffWalk"": 0.0, ""MentHlth"": 0.0, ""AnyHealthcare"": 0.0, ""NoDocbcCost"": 0.0, ""CholCheck"": 0.0, ""HeartDiseaseorAttack"": 0.0, ""HighChol"": 0.0, ""Stroke"": 0.0, ""Fruits"": 0.0, ""Veggies"": 0.0, ""Education"": 0.0, ""Smoker"": 0.0}","{""Diabetes_binary"": 0, ""HighBP"": 0, ""HighChol"": 0, ""CholCheck"": 0, ""BMI"": 0, ""Smoker"": 0, ""Stroke"": 0, ""HeartDiseaseorAttack"": 0, ""PhysActivity"": 0, ""Fruits"": 0, ""Veggies"": 0, ""HvyAlcoholConsump"": 0, ""AnyHealthcare"": 0, ""NoDocbcCost"": 0, ""GenHlth"": 0, ""MentHlth"": 0, ""PhysHlth"": 0, ""DiffWalk"": 0, ""Sex"": 0, ""Age"": 0, ""Education"": 0, ""Income"": 0}",0.7609508999739774,0.71875,249856,8529,4654,68232,68232,10,cpu,1,2.14.1+cu130,d52d239,,,
L1,high,1,500,mle,mle,,,,500,500,50736,37,0,2956292710,1424943182,-18.19224451173823,0.0713218294441669,11328,0.238331756543677,"{""Diabetes_binary"": -2.490442164045445, ""HighBP"": -0.7366171073254546, ""HighChol"": -0.673376539847153, ""CholCheck"": -0.31004867808647196, ""BMI"": -0.7843898162491497, ""Smoker"": -0.6911895078895551, ""Stroke"": -0.15113033574809218, ""HeartDiseaseorAttack"": -0.28827012791260603, ""PhysActivity"": -0.5575453300536226, ""Fruits"": -0.658872474140333, ""Veggies"": -0.4895849475566116, ""HvyAlcoholConsump"": -0.21399730045970425, ""AnyHealthcare"": -0.18671541781317488, ""NoDocbcCost"": -0.2677158930134844, ""GenHlth"": -1.5217722289449482, ""MentHlth"": -1.5740803126008638, ""PhysHlth"": -1.4043367613612, ""DiffWalk"": -0.6128521281404483, ""Sex"": -0.6877072971110901, ""Age"": -1.686323552667881, ""Education"": -0.6810011852599206, ""Income"": -1.5242754055110204}","{""HvyAlcoholConsump"": 0.0, ""PhysHlth"": 0.012042730999684642, ""Sex"": 0.0, ""Diabetes_binary"": 0.21972563859981079, ""Age"": 0.0, ""Income"": 0.002976190476190476, ""GenHlth"": 0.012042730999684642, ""BMI"": 0.0, ""PhysActivity"": 0.0, ""DiffWalk"": 0.003784295175023652, ""MentHlth"": 0.015393409019236835, ""AnyHealthcare"": 0.0, ""NoDocbcCost"": 0.0, ""CholCheck"": 0.0, ""HighBP"": 0.002345474613686534, ""HeartDiseaseorAttack"": 0.0, ""Stroke"": 0.0, ""HighChol"": 0.0, ""Education"": 0.0, ""Smoker"": 0.0, ""Fruits"": 0.0, ""Veggies"": 0.0}","{""Diabetes_binary"": 4101, ""HighBP"": 167, ""HighChol"": 0, ""CholCheck"": 316, ""BMI"": 0, ""Smoker"": 0, ""Stroke"": 0, ""HeartDiseaseorAttack"": 0, ""PhysActivity"": 0, ""Fruits"": 0, ""Veggies"": 0, ""HvyAlcoholConsump"": 0, ""AnyHealthcare"": 0, ""NoDocbcCost"": 0, ""GenHlth"": 1429, ""MentHlth"": 2307, ""PhysHlth"": 1793, ""DiffWalk"": 392, ""Sex"": 0, ""Age"": 0, ""Education"": 0, ""Income"": 823}",0.0921005000127479,0.078125,647168,2481,1348,19848,19848,10,cpu,1,2.14.1+cu130,d52d239,,,
L1,high,1,500,dirichlet_0.5,dirichlet,,,0.5,500,500,50736,37,0,2956292710,1424943182,-12.69477287601346,0.0175166609094267,0,0.238331756543677,"{""Diabetes_binary"": -0.47926187422090266, ""HighBP"": -0.6530065033124786, ""HighChol"": -0.6733891755668865, ""CholCheck"": -0.16074175506168192, ""BMI"": -0.7853014452846913, ""Smoker"": -0.6911523084909321, ""Stroke"": -0.1511760222885238, ""HeartDiseaseorAttack"": -0.2880134575524527, ""PhysActivity"": -0.557545110422456, ""Fruits"": -0.6589031653894203, ""Veggies"": -0.48969372086445495, ""HvyAlcoholConsump"": -0.21407698054750313, ""AnyHealthcare"": -0.18603869142891966, ""NoDocbcCost"": -0.2652597538095416, ""GenHlth"": -0.8380700208216368, ""MentHlth"": -0.45018474039795, ""PhysHlth"": -0.5421572282382712, ""DiffWalk"": -0.4298387236012943, ""Sex"": -0.6876867153212055, ""Age"": -1.6864235032069266, ""Education"": -0.6807371034488937, ""Income"": -1.126114876736436}","{""HvyAlcoholConsump"": 0.0, ""PhysHlth"": 0.012042730999684642, ""Sex"": 0.0, ""Diabetes_binary"": 0.21972563859981079, ""Age"": 0.0, ""Income"": 0.002976190476190476, ""GenHlth"": 0.012042730999684642, ""BMI"": 0.0, ""PhysActivity"": 0.0, ""DiffWalk"": 0.003784295175023652, ""MentHlth"": 0.015393409019236835, ""AnyHealthcare"": 0.0, ""NoDocbcCost"": 0.0, ""CholCheck"": 0.0, ""HighBP"": 0.002345474613686534, ""HeartDiseaseorAttack"": 0.0, ""Stroke"": 0.0, ""HighChol"": 0.0, ""Education"": 0.0, ""Smoker"": 0.0, ""Fruits"": 0.0, ""Veggies"": 0.0}","{""Diabetes_binary"": 0, ""HighBP"": 0, ""HighChol"": 0, ""CholCheck"": 0, ""BMI"": 0, ""Smoker"": 0, ""Stroke"": 0, ""HeartDiseaseorAttack"": 0, ""PhysActivity"": 0, ""Fruits"": 0, ""Veggies"": 0, ""HvyAlcoholConsump"": 0, ""AnyHealthcare"": 0, ""NoDocbcCost"": 0, ""GenHlth"": 0, ""MentHlth"": 0, ""PhysHlth"": 0, ""DiffWalk"": 0, ""Sex"": 0, ""Age"": 0, ""Education"": 0, ""Income"": 0}",0.1362772000138647,0.125,1277952,2481,1348,19848,19848,10,cpu,1,2.14.1+cu130,d52d239,,,
L1,high,1,500,nn_linear,nn,[],linear,,500,400,50736,37,0,2956292710,1424943182,-12.704218274354377,0.0156162419828053,0,0.238331756543677,"{""Diabetes_binary"": -0.3428870141506195, ""HighBP"": -0.6873957514762878, ""HighChol"": -0.680308997631073, ""CholCheck"": -0.16066604852676392, ""BMI"": -0.7857866287231445, ""Smoker"": -0.6941995024681091, ""Stroke"": -0.1593298465013504, ""HeartDiseaseorAttack"": -0.29510506987571716, ""PhysActivity"": -0.5703826546669006, ""Fruits"": -0.660468578338623, ""Veggies"": -0.5176628828048706, ""HvyAlcoholConsump"": -0.2642846405506134, ""AnyHealthcare"": -0.19773270189762115, ""NoDocbcCost"": -0.26389071345329285, ""GenHlth"": -0.8068643808364868, ""MentHlth"": -0.4316169023513794, ""PhysHlth"": -0.5116680264472961, ""DiffWalk"": -0.42218226194381714, ""Sex"": -0.6871033310890198, ""Age"": -1.6922751665115356, ""Education"": -0.7623674273490906, ""Income"": -1.110039472579956}","{""HvyAlcoholConsump"": 0.0, ""PhysHlth"": 0.012042730999684642, ""Sex"": 0.0, ""Diabetes_binary"": 0.21972563859981079, ""Age"": 0.0, ""Income"": 0.002976190476190476, ""GenHlth"": 0.012042730999684642, ""BMI"": 0.0, ""PhysActivity"": 0.0, ""DiffWalk"": 0.003784295175023652, ""MentHlth"": 0.015393409019236835, ""AnyHealthcare"": 0.0, ""NoDocbcCost"": 0.0, ""CholCheck"": 0.0, ""HighBP"": 0.002345474613686534, ""HeartDiseaseorAttack"": 0.0, ""Stroke"": 0.0, ""HighChol"": 0.0, ""Education"": 0.0, ""Smoker"": 0.0, ""Fruits"": 0.0, ""Veggies"": 0.0}","{""Diabetes_binary"": 0, ""HighBP"": 0, ""HighChol"": 0, ""CholCheck"": 0, ""BMI"": 0, ""Smoker"": 0, ""Stroke"": 0, ""HeartDiseaseorAttack"": 0, ""PhysActivity"": 0, ""Fruits"": 0, ""Veggies"": 0, ""HvyAlcoholConsump"": 0, ""AnyHealthcare"": 0, ""NoDocbcCost"": 0, ""GenHlth"": 0, ""MentHlth"": 0, ""PhysHlth"": 0, ""DiffWalk"": 0, ""Sex"": 0, ""Age"": 0, ""Education"": 0, ""Income"": 0}",16.563495500013232,15.265625,176521216,378,378,3024,1512,10,cpu,1,2.14.1+cu130,d52d239,159.36363636363637,147.22727272727272,0.5454545454545454
L1,high,1,500,01_256x128_lr3e-4,nn,"[256, 128]",ReLU,,500,400,50736,37,0,2956292710,1424943182,-12.500287518532064,0.0166277989574464,0,0.238331756543677,"{""Diabetes_binary"": -0.3401104807853699, ""HighBP"": -0.6623620390892029, ""HighChol"": -0.6775033473968506, ""CholCheck"": -0.1608266681432724, ""BMI"": -0.7844648361206055, ""Smoker"": -0.6870645880699158, ""Stroke"": -0.14939801394939423, ""HeartDiseaseorAttack"": -0.2894810736179352, ""PhysActivity"": -0.5733907222747803, ""Fruits"": -0.6559340357780457, ""Veggies"": -0.5315747261047363, ""HvyAlcoholConsump"": -0.21395815908908844, ""AnyHealthcare"": -0.1861569583415985, ""NoDocbcCost"": -0.2629524767398834, ""GenHlth"": -0.8031846880912781, ""MentHlth"": -0.42961585521698, ""PhysHlth"": -0.506580650806427, ""DiffWalk"": -0.4225598871707916, ""Sex"": -0.6891627311706543, ""Age"": -1.687208652496338, ""Education"": -0.6852452158927917, ""Income"": -1.1015515327453613}","{""HvyAlcoholConsump"": 0.0, ""PhysHlth"": 0.012042730999684642, ""Sex"": 0.0, ""Diabetes_binary"": 0.21972563859981079, ""Age"": 0.0, ""Income"": 0.002976190476190476, ""GenHlth"": 0.012042730999684642, ""BMI"": 0.0, ""PhysActivity"": 0.0, ""DiffWalk"": 0.003784295175023652, ""MentHlth"": 0.015393409019236835, ""AnyHealthcare"": 0.0, ""NoDocbcCost"": 0.0, ""CholCheck"": 0.0, ""HighBP"": 0.002345474613686534, ""HeartDiseaseorAttack"": 0.0, ""Stroke"": 0.0, ""HighChol"": 0.0, ""Education"": 0.0, ""Smoker"": 0.0, ""Fruits"": 0.0, ""Veggies"": 0.0}","{""Diabetes_binary"": 0, ""HighBP"": 0, ""HighChol"": 0, ""CholCheck"": 0, ""BMI"": 0, ""Smoker"": 0, ""Stroke"": 0, ""HeartDiseaseorAttack"": 0, ""PhysActivity"": 0, ""Fruits"": 0, ""Veggies"": 0, ""HvyAlcoholConsump"": 0, ""AnyHealthcare"": 0, ""NoDocbcCost"": 0, ""GenHlth"": 0, ""MentHlth"": 0, ""PhysHlth"": 0, ""DiffWalk"": 0, ""Sex"": 0, ""Age"": 0, ""Education"": 0, ""Income"": 0}",11.98396079998929,11.484375,12312576,769463,769463,6155704,3077852,10,cpu,1,2.14.1+cu130,d52d239,41.5,21.5,0.0
L1,high,1,500,k6_128_64_9,nn,"[128, 64]",ReLU,,500,400,50736,37,0,2956292710,1424943182,-12.522176663036833,0.0167176389693709,0,0.238331756543677,"{""Diabetes_binary"": -0.33467748761177063, ""HighBP"": -0.6969926357269287, ""HighChol"": -0.6886613368988037, ""CholCheck"": -0.15858125686645508, ""BMI"": -0.7826812863349915, ""Smoker"": -0.6900179386138916, ""Stroke"": -0.1493414044380188, ""HeartDiseaseorAttack"": -0.2891061305999756, ""PhysActivity"": -0.5712444186210632, ""Fruits"": -0.6573434472084045, ""Veggies"": -0.5161042809486389, ""HvyAlcoholConsump"": -0.21400073170661926, ""AnyHealthcare"": -0.18630646169185638, ""NoDocbcCost"": -0.2596006691455841, ""GenHlth"": -0.8014604449272156, ""MentHlth"": -0.43419143557548523, ""PhysHlth"": -0.5064084529876709, ""DiffWalk"": -0.42165136337280273, ""Sex"": -0.690277099609375, ""Age"": -1.68767249584198, ""Education"": -0.6868325471878052, ""Income"": -1.0990231037139893}","{""HvyAlcoholConsump"": 0.0, ""PhysHlth"": 0.012042730999684642, ""Sex"": 0.0, ""Diabetes_binary"": 0.21972563859981079, ""Age"": 0.0, ""Income"": 0.002976190476190476, ""GenHlth"": 0.012042730999684642, ""BMI"": 0.0, ""PhysActivity"": 0.0, ""DiffWalk"": 0.003784295175023652, ""MentHlth"": 0.015393409019236835, ""AnyHealthcare"": 0.0, ""NoDocbcCost"": 0.0, ""CholCheck"": 0.0, ""HighBP"": 0.002345474613686534, ""HeartDiseaseorAttack"": 0.0, ""Stroke"": 0.0, ""HighChol"": 0.0, ""Education"": 0.0, ""Smoker"": 0.0, ""Fruits"": 0.0, ""Veggies"": 0.0}","{""Diabetes_binary"": 0, ""HighBP"": 0, ""HighChol"": 0, ""CholCheck"": 0, ""BMI"": 0, ""Smoker"": 0, ""Stroke"": 0, ""HeartDiseaseorAttack"": 0, ""PhysActivity"": 0, ""Fruits"": 0, ""Veggies"": 0, ""HvyAlcoholConsump"": 0, ""AnyHealthcare"": 0, ""NoDocbcCost"": 0, ""GenHlth"": 0, ""MentHlth"": 0, ""PhysHlth"": 0, ""DiffWalk"": 0, ""Sex"": 0, ""Age"": 0, ""Education"": 0, ""Income"": 0}",31.133286500000395,28.625,-103280640,204535,204535,1636280,818140,10,cpu,1,2.14.1+cu130,d52d239,108.5,58.5,0.0
L1,high,1,2000,mle,mle,,,,2000,2000,50736,37,0,3919899688,2354669116,-14.13148854697986,0.0403225856866568,3542,0.0813426363923052,"{""Diabetes_binary"": -1.355681837731684, ""HighBP"": -0.6634950084989709, ""HighChol"": -0.6734524487316402, ""CholCheck"": -0.1569559097204864, ""BMI"": -0.7813481779885082, ""Smoker"": -0.6872061444013624, ""Stroke"": -0.1487228315975669, ""HeartDiseaseorAttack"": -0.2872336569799723, ""PhysActivity"": -0.5502749765065172, ""Fruits"": -0.655951165803867, ""Veggies"": -0.4863206981896762, ""HvyAlcoholConsump"": -0.21461812748341452, ""AnyHealthcare"": -0.18571466587694876, ""NoDocbcCost"": -0.2591031096629876, ""GenHlth"": -0.9578284618582799, ""MentHlth"": -0.7180094812525459, ""PhysHlth"": -0.7573163473733813, ""DiffWalk"": -0.4230483964398599, ""Sex"": -0.6860570912648467, ""Age"": -1.6848945683307817, ""Education"": -0.6773513428257377, ""Income"": -1.1209040984608256}","{""HvyAlcoholConsump"": 0.0, ""PhysHlth"": 0.003232418795332703, ""Sex"": 0.0, ""Diabetes_binary"": 0.07298565121412803, ""Age"": 0.0, ""Income"": 0.0012220119836013877, ""GenHlth"": 0.003232418795332703, ""BMI"": 0.0, ""PhysActivity"": 0.0, ""DiffWalk"": 0.0, ""MentHlth"": 0.007194102806685588, ""AnyHealthcare"": 0.0, ""NoDocbcCost"": 0.0, ""CholCheck"": 0.0, ""HighBP"": 0.0, ""HeartDiseaseorAttack"": 0.0, ""Stroke"": 0.0, ""HighChol"": 0.0, ""Education"": 0.0, ""Smoker"": 0.0, ""Fruits"": 0.0, ""Veggies"": 0.0}","{""Diabetes_binary"": 2003, ""HighBP"": 25, ""HighChol"": 0, ""CholCheck"": 0, ""BMI"": 0, ""Smoker"": 0, ""Stroke"": 0, ""HeartDiseaseorAttack"": 0, ""PhysActivity"": 0, ""Fruits"": 0, ""Veggies"": 0, ""HvyAlcoholConsump"": 0, ""AnyHealthcare"": 0, ""NoDocbcCost"": 0, ""GenHlth"": 338, ""MentHlth"": 593, ""PhysHlth"": 510, ""DiffWalk"": 6, ""Sex"": 0, ""Age"": 0, ""Education"": 0, ""Income"": 67}",0.1144112000183668,0.109375,90112,2481,1348,19848,19848,10,cpu,1,2.14.1+cu130,d52d239,,,
L1,high,1,2000,dirichlet_0.5,dirichlet,,,0.5,2000,2000,50736,37,0,3919899688,2354669116,-12.42790181191132,0.0171251486236007,0,0.0813426363923052,"{""Diabetes_binary"": -0.39262590390818164, ""HighBP"": -0.6510116599198762, ""HighChol"": -0.6734479122512238, ""CholCheck"": -0.15642470253909999, ""BMI"": -0.7814449372958876, ""Smoker"": -0.6872049977293907, ""Stroke"": -0.14877518334295003, ""HeartDiseaseorAttack"": -0.28727743183097365, ""PhysActivity"": -0.550300174830094, ""Fruits"": -0.6559526091822305, ""Veggies"": -0.4863284430589951, ""HvyAlcoholConsump"": -0.21457389726581513, ""AnyHealthcare"": -0.18556970924963762, ""NoDocbcCost"": -0.25903814477979253, ""GenHlth"": -0.7982772893237102, ""MentHlth"": -0.42838651950934864, ""PhysHlth"": -0.5159354223915156, ""DiffWalk"": -0.4202073549581456, ""Sex"": -0.6860573842641368, ""Age"": -1.6848766791189889, ""Education"": -0.6772790183917912, ""Income"": -1.086906436769534}","{""HvyAlcoholConsump"": 0.0, ""PhysHlth"": 0.003232418795332703, ""Sex"": 0.0, ""Diabetes_binary"": 0.07298565121412803, ""Age"": 0.0, ""Income"": 0.0012220119836013877, ""GenHlth"": 0.003232418795332703, ""BMI"": 0.0, ""PhysActivity"": 0.0, ""DiffWalk"": 0.0, ""MentHlth"": 0.007194102806685588, ""AnyHealthcare"": 0.0, ""NoDocbcCost"": 0.0, ""CholCheck"": 0.0, ""HighBP"": 0.0, ""HeartDiseaseorAttack"": 0.0, ""Stroke"": 0.0, ""HighChol"": 0.0, ""Education"": 0.0, ""Smoker"": 0.0, ""Fruits"": 0.0, ""Veggies"": 0.0}","{""Diabetes_binary"": 0, ""HighBP"": 0, ""HighChol"": 0, ""CholCheck"": 0, ""BMI"": 0, ""Smoker"": 0, ""Stroke"": 0, ""HeartDiseaseorAttack"": 0, ""PhysActivity"": 0, ""Fruits"": 0, ""Veggies"": 0, ""HvyAlcoholConsump"": 0, ""AnyHealthcare"": 0, ""NoDocbcCost"": 0, ""GenHlth"": 0, ""MentHlth"": 0, ""PhysHlth"": 0, ""DiffWalk"": 0, ""Sex"": 0, ""Age"": 0, ""Education"": 0, ""Income"": 0}",0.1251240000128746,0.09375,466944,2481,1348,19848,19848,10,cpu,1,2.14.1+cu130,d52d239,,,
L1,high,1,2000,nn_linear,nn,[],linear,,2000,1600,50736,37,0,3919899688,2354669116,-12.331562673823187,0.0168422860873737,0,0.0813426363923052,"{""Diabetes_binary"": -0.32896196842193604, ""HighBP"": -0.649224042892456, ""HighChol"": -0.6737298965454102, ""CholCheck"": -0.15718598663806915, ""BMI"": -0.7823554277420044, ""Smoker"": -0.6872765421867371, ""Stroke"": -0.1500762701034546, ""HeartDiseaseorAttack"": -0.28770825266838074, ""PhysActivity"": -0.5512117743492126, ""Fruits"": -0.6562293767929077, ""Veggies"": -0.4863782525062561, ""HvyAlcoholConsump"": -0.21405690908432007, ""AnyHealthcare"": -0.18692120909690857, ""NoDocbcCost"": -0.258650541305542, ""GenHlth"": -0.785685658454895, ""MentHlth"": -0.418827086687088, ""PhysHlth"": -0.5029589533805847, ""DiffWalk"": -0.4209514856338501, ""Sex"": -0.6860469579696655, ""Age"": -1.6846811771392822, ""Education"": -0.6779223680496216, ""Income"": -1.0845223665237427}","{""HvyAlcoholConsump"": 0.0, ""PhysHlth"": 0.003232418795332703, ""Sex"": 0.0, ""Diabetes_binary"": 0.07298565121412803, ""Age"": 0.0, ""Income"": 0.0012220119836013877, ""GenHlth"": 0.003232418795332703, ""BMI"": 0.0, ""PhysActivity"": 0.0, ""DiffWalk"": 0.0, ""MentHlth"": 0.007194102806685588, ""AnyHealthcare"": 0.0, ""NoDocbcCost"": 0.0, ""CholCheck"": 0.0, ""HighBP"": 0.0, ""HeartDiseaseorAttack"": 0.0, ""Stroke"": 0.0, ""HighChol"": 0.0, ""Education"": 0.0, ""Smoker"": 0.0, ""Fruits"": 0.0, ""Veggies"": 0.0}","{""Diabetes_binary"": 0, ""HighBP"": 0, ""HighChol"": 0, ""CholCheck"": 0, ""BMI"": 0, ""Smoker"": 0, ""Stroke"": 0, ""HeartDiseaseorAttack"": 0, ""PhysActivity"": 0, ""Fruits"": 0, ""Veggies"": 0, ""HvyAlcoholConsump"": 0, ""AnyHealthcare"": 0, ""NoDocbcCost"": 0, ""GenHlth"": 0, ""MentHlth"": 0, ""PhysHlth"": 0, ""DiffWalk"": 0, ""Sex"": 0, ""Age"": 0, ""Education"": 0, ""Income"": 0}",46.84685390000232,45.65625,-55963648,378,378,3024,1512,10,cpu,1,2.14.1+cu130,d52d239,143.63636363636363,125.95454545454544,0.1363636363636363
L1,high,1,2000,01_256x128_lr3e-4,nn,"[256, 128]",ReLU,,2000,1600,50736,37,0,3919899688,2354669116,-12.334986279133153,0.0171849562884119,0,0.0813426363923052,"{""Diabetes_binary"": -0.33025601506233215, ""HighBP"": -0.6497727036476135, ""HighChol"": -0.6730719208717346, ""CholCheck"": -0.1591581255197525, ""BMI"": -0.7808700203895569, ""Smoker"": -0.6870478987693787, ""Stroke"": -0.14939934015274048, ""HeartDiseaseorAttack"": -0.2873897850513458, ""PhysActivity"": -0.5507112145423889, ""Fruits"": -0.6562897562980652, ""Veggies"": -0.4861205518245697, ""HvyAlcoholConsump"": -0.21407875418663025, ""AnyHealthcare"": -0.18617947399616241, ""NoDocbcCost"": -0.26030275225639343, ""GenHlth"": -0.788149893283844, ""MentHlth"": -0.41775742173194885, ""PhysHlth"": -0.5048927664756775, ""DiffWalk"": -0.4202268421649933, ""Sex"": -0.6862547993659973, ""Age"": -1.6850426197052002, ""Education"": -0.676868736743927, ""Income"": -1.0851452350616455}","{""HvyAlcoholConsump"": 0.0, ""PhysHlth"": 0.003232418795332703, ""Sex"": 0.0, ""Diabetes_binary"": 0.07298565121412803, ""Age"": 0.0, ""Income"": 0.0012220119836013877, ""GenHlth"": 0.003232418795332703, ""BMI"": 0.0, ""PhysActivity"": 0.0, ""DiffWalk"": 0.0, ""MentHlth"": 0.007194102806685588, ""AnyHealthcare"": 0.0, ""NoDocbcCost"": 0.0, ""CholCheck"": 0.0, ""HighBP"": 0.0, ""HeartDiseaseorAttack"": 0.0, ""Stroke"": 0.0, ""HighChol"": 0.0, ""Education"": 0.0, ""Smoker"": 0.0, ""Fruits"": 0.0, ""Veggies"": 0.0}","{""Diabetes_binary"": 0, ""HighBP"": 0, ""HighChol"": 0, ""CholCheck"": 0, ""BMI"": 0, ""Smoker"": 0, ""Stroke"": 0, ""HeartDiseaseorAttack"": 0, ""PhysActivity"": 0, ""Fruits"": 0, ""Veggies"": 0, ""HvyAlcoholConsump"": 0, ""AnyHealthcare"": 0, ""NoDocbcCost"": 0, ""GenHlth"": 0, ""MentHlth"": 0, ""PhysHlth"": 0, ""DiffWalk"": 0, ""Sex"": 0, ""Age"": 0, ""Education"": 0, ""Income"": 0}",38.33371770000667,35.84375,-1753088,769463,769463,6155704,3077852,10,cpu,1,2.14.1+cu130,d52d239,37.31818181818182,17.318181818181817,0.0
L1,high,1,2000,k6_128_64_9,nn,"[128, 64]",ReLU,,2000,1600,50736,37,0,3919899688,2354669116,-12.332250606282,0.0169785457003079,0,0.0813426363923052,"{""Diabetes_binary"": -0.33096426725387573, ""HighBP"": -0.6498495936393738, ""HighChol"": -0.6733283996582031, ""CholCheck"": -0.15869924426078796, ""BMI"": -0.7814509272575378, ""Smoker"": -0.6870517730712891, ""Stroke"": -0.14955347776412964, ""HeartDiseaseorAttack"": -0.2874412536621094, ""PhysActivity"": -0.5508965253829956, ""Fruits"": -0.6563326120376587, ""Veggies"": -0.4861389100551605, ""HvyAlcoholConsump"": -0.21395935118198395, ""AnyHealthcare"": -0.18655014038085938, ""NoDocbcCost"": -0.2590275704860687, ""GenHlth"": -0.7862832546234131, ""MentHlth"": -0.4188724160194397, ""PhysHlth"": -0.5041886568069458, ""DiffWalk"": -0.4198780953884125, ""Sex"": -0.6864133477210999, ""Age"": -1.6848981380462646, ""Education"": -0.6768691539764404, ""Income"": -1.0836036205291748}","{""HvyAlcoholConsump"": 0.0, ""PhysHlth"": 0.003232418795332703, ""Sex"": 0.0, ""Diabetes_binary"": 0.07298565121412803, ""Age"": 0.0, ""Income"": 0.0012220119836013877, ""GenHlth"": 0.003232418795332703, ""BMI"": 0.0, ""PhysActivity"": 0.0, ""DiffWalk"": 0.0, ""MentHlth"": 0.007194102806685588, ""AnyHealthcare"": 0.0, ""NoDocbcCost"": 0.0, ""CholCheck"": 0.0, ""HighBP"": 0.0, ""HeartDiseaseorAttack"": 0.0, ""Stroke"": 0.0, ""HighChol"": 0.0, ""Education"": 0.0, ""Smoker"": 0.0, ""Fruits"": 0.0, ""Veggies"": 0.0}","{""Diabetes_binary"": 0, ""HighBP"": 0, ""HighChol"": 0, ""CholCheck"": 0, ""BMI"": 0, ""Smoker"": 0, ""Stroke"": 0, ""HeartDiseaseorAttack"": 0, ""PhysActivity"": 0, ""Fruits"": 0, ""Veggies"": 0, ""HvyAlcoholConsump"": 0, ""AnyHealthcare"": 0, ""NoDocbcCost"": 0, ""GenHlth"": 0, ""MentHlth"": 0, ""PhysHlth"": 0, ""DiffWalk"": 0, ""Sex"": 0, ""Age"": 0, ""Education"": 0, ""Income"": 0}",66.86498480002047,64.3125,-116060160,204535,204535,1636280,818140,10,cpu,1,2.14.1+cu130,d52d239,83.63636363636364,33.63636363636363,0.0
L1,high,1,10000,mle,mle,,,,10000,10000,50736,37,0,2554408643,518085088,-12.807823669878625,0.0262408556618951,1022,0.0124960580258593,"{""Diabetes_binary"": -0.6748989250832631, ""HighBP"": -0.6492580318345648, ""HighChol"": -0.6732752636721151, ""CholCheck"": -0.15694965906756958, ""BMI"": -0.7779659570376894, ""Smoker"": -0.6870655877924997, ""Stroke"": -0.14899637382778044, ""HeartDiseaseorAttack"": -0.2868977829007678, ""PhysActivity"": -0.5491127201807218, ""Fruits"": -0.6559407031490243, ""Veggies"": -0.48611427610484453, ""HvyAlcoholConsump"": -0.2139094771840624, ""AnyHealthcare"": -0.18359842454947686, ""NoDocbcCost"": -0.2576872384495828, ""GenHlth"": -0.8171377599320099, ""MentHlth"": -0.4698699962752132, ""PhysHlth"": -0.5643900368841069, ""DiffWalk"": -0.41786386950584115, ""Sex"": -0.6860652425171541, ""Age"": -1.684233598420147, ""Education"": -0.6769477247677561, ""Income"": -1.0896450207424293}","{""HvyAlcoholConsump"": 0.0, ""PhysHlth"": 0.0, ""Sex"": 0.0, ""Diabetes_binary"": 0.010860138757489752, ""Age"": 0.0, ""Income"": 0.0, ""GenHlth"": 0.0, ""BMI"": 0.0, ""PhysActivity"": 0.0, ""DiffWalk"": 0.0, ""MentHlth"": 0.001773888363292337, ""AnyHealthcare"": 0.0, ""NoDocbcCost"": 0.0, ""CholCheck"": 0.0, ""HighBP"": 0.0, ""HeartDiseaseorAttack"": 0.0, ""Stroke"": 0.0, ""HighChol"": 0.0, ""Education"": 0.0, ""Smoker"": 0.0, ""Fruits"": 0.0, ""Veggies"": 0.0}","{""Diabetes_binary"": 686, ""HighBP"": 0, ""HighChol"": 0, ""CholCheck"": 0, ""BMI"": 0, ""Smoker"": 0, ""Stroke"": 0, ""HeartDiseaseorAttack"": 0, ""PhysActivity"": 0, ""Fruits"": 0, ""Veggies"": 0, ""HvyAlcoholConsump"": 0, ""AnyHealthcare"": 0, ""NoDocbcCost"": 0, ""GenHlth"": 74, ""MentHlth"": 112, ""PhysHlth"": 134, ""DiffWalk"": 0, ""Sex"": 0, ""Age"": 0, ""Education"": 0, ""Income"": 16}",0.185058700008085,0.171875,118784,2481,1348,19848,19848,10,cpu,1,2.14.1+cu130,d52d239,,,
L1,high,1,10000,dirichlet_0.5,dirichlet,,,0.5,10000,10000,50736,37,0,2554408643,518085088,-12.318175396596132,0.0168498356306896,0,0.0124960580258593,"{""Diabetes_binary"": -0.3443595085678641, ""HighBP"": -0.6492296253953272, ""HighChol"": -0.6732730525097612, ""CholCheck"": -0.1568460213657078, ""BMI"": -0.7779816807041888, ""Smoker"": -0.687065650494471, ""Stroke"": -0.1490187624260957, ""HeartDiseaseorAttack"": -0.28689896804267717, ""PhysActivity"": -0.5491103237727356, ""Fruits"": -0.6559409636239034, ""Veggies"": -0.48611439473162754, ""HvyAlcoholConsump"": -0.213906415492464, ""AnyHealthcare"": -0.18359219086952844, ""NoDocbcCost"": -0.2576965917849124, ""GenHlth"": -0.782376291441795, ""MentHlth"": -0.41585655324623944, ""PhysHlth"": -0.5020046576927791, ""DiffWalk"": -0.41789363263007867, ""Sex"": -0.6860653161063931, ""Age"": -1.6842320640410073, ""Education"": -0.6769543731365941, ""Income"": -1.0817583585199826}","{""HvyAlcoholConsump"": 0.0, ""PhysHlth"": 0.0, ""Sex"": 0.0, ""Diabetes_binary"": 0.010860138757489752, ""Age"": 0.0, ""Income"": 0.0, ""GenHlth"": 0.0, ""BMI"": 0.0, ""PhysActivity"": 0.0, ""DiffWalk"": 0.0, ""MentHlth"": 0.001773888363292337, ""AnyHealthcare"": 0.0, ""NoDocbcCost"": 0.0, ""CholCheck"": 0.0, ""HighBP"": 0.0, ""HeartDiseaseorAttack"": 0.0, ""Stroke"": 0.0, ""HighChol"": 0.0, ""Education"": 0.0, ""Smoker"": 0.0, ""Fruits"": 0.0, ""Veggies"": 0.0}","{""Diabetes_binary"": 0, ""HighBP"": 0, ""HighChol"": 0, ""CholCheck"": 0, ""BMI"": 0, ""Smoker"": 0, ""Stroke"": 0, ""HeartDiseaseorAttack"": 0, ""PhysActivity"": 0, ""Fruits"": 0, ""Veggies"": 0, ""HvyAlcoholConsump"": 0, ""AnyHealthcare"": 0, ""NoDocbcCost"": 0, ""GenHlth"": 0, ""MentHlth"": 0, ""PhysHlth"": 0, ""DiffWalk"": 0, ""Sex"": 0, ""Age"": 0, ""Education"": 0, ""Income"": 0}",0.2276729999866802,0.203125,204800,2481,1348,19848,19848,10,cpu,1,2.14.1+cu130,d52d239,,,
L1,high,1,10000,nn_linear,nn,[],linear,,10000,8000,50736,37,0,2554408643,518085088,-12.29681571789687,0.0167148735720954,0,0.0124960580258593,"{""Diabetes_binary"": -0.3270877003669739, ""HighBP"": -0.6485083103179932, ""HighChol"": -0.6732611060142517, ""CholCheck"": -0.1570475548505783, ""BMI"": -0.7780999541282654, ""Smoker"": -0.6870890259742737, ""Stroke"": -0.1495029479265213, ""HeartDiseaseorAttack"": -0.28708162903785706, ""PhysActivity"": -0.5493595004081726, ""Fruits"": -0.6558970808982849, ""Veggies"": -0.48613232374191284, ""HvyAlcoholConsump"": -0.21384097635746002, ""AnyHealthcare"": -0.1838221251964569, ""NoDocbcCost"": -0.2578571140766144, ""GenHlth"": -0.7810422778129578, ""MentHlth"": -0.4112759530544281, ""PhysHlth"": -0.5009366869926453, ""DiffWalk"": -0.41884252429008484, ""Sex"": -0.6860442161560059, ""Age"": -1.6845197677612305, ""Education"": -0.6770681738853455, ""Income"": -1.082498550415039}","{""HvyAlcoholConsump"": 0.0, ""PhysHlth"": 0.0, ""Sex"": 0.0, ""Diabetes_binary"": 0.010860138757489752, ""Age"": 0.0, ""Income"": 0.0, ""GenHlth"": 0.0, ""BMI"": 0.0, ""PhysActivity"": 0.0, ""DiffWalk"": 0.0, ""MentHlth"": 0.001773888363292337, ""AnyHealthcare"": 0.0, ""NoDocbcCost"": 0.0, ""CholCheck"": 0.0, ""HighBP"": 0.0, ""HeartDiseaseorAttack"": 0.0, ""Stroke"": 0.0, ""HighChol"": 0.0, ""Education"": 0.0, ""Smoker"": 0.0, ""Fruits"": 0.0, ""Veggies"": 0.0}","{""Diabetes_binary"": 0, ""HighBP"": 0, ""HighChol"": 0, ""CholCheck"": 0, ""BMI"": 0, ""Smoker"": 0, ""Stroke"": 0, ""HeartDiseaseorAttack"": 0, ""PhysActivity"": 0, ""Fruits"": 0, ""Veggies"": 0, ""HvyAlcoholConsump"": 0, ""AnyHealthcare"": 0, ""NoDocbcCost"": 0, ""GenHlth"": 0, ""MentHlth"": 0, ""PhysHlth"": 0, ""DiffWalk"": 0, ""Sex"": 0, ""Age"": 0, ""Education"": 0, ""Income"": 0}",91.6462251000048,89.390625,-26386432,378,378,3024,1512,10,cpu,1,2.14.1+cu130,d52d239,57.5,37.5,0.0
L1,high,1,10000,01_256x128_lr3e-4,nn,"[256, 128]",ReLU,,10000,8000,50736,37,0,2554408643,518085088,-12.300925544673936,0.0167548189793106,0,0.0124960580258593,"{""Diabetes_binary"": -0.32731983065605164, ""HighBP"": -0.6495025753974915, ""HighChol"": -0.6733955144882202, ""CholCheck"": -0.15726003050804138, ""BMI"": -0.7787577509880066, ""Smoker"": -0.6877171397209167, ""Stroke"": -0.14876800775527954, ""HeartDiseaseorAttack"": -0.28694841265678406, ""PhysActivity"": -0.549232542514801, ""Fruits"": -0.6573594212532043, ""Veggies"": -0.4861204922199249, ""HvyAlcoholConsump"": -0.2138519436120987, ""AnyHealthcare"": -0.1836746335029602, ""NoDocbcCost"": -0.258110374212265, ""GenHlth"": -0.7803000807762146, ""MentHlth"": -0.41374844312667847, ""PhysHlth"": -0.500835657119751, ""DiffWalk"": -0.4182054102420807, ""Sex"": -0.6867944002151489, ""Age"": -1.6842882633209229, ""Education"": -0.6768859028816223, ""Income"": -1.0818487405776978}","{""HvyAlcoholConsump"": 0.0, ""PhysHlth"": 0.0, ""Sex"": 0.0, ""Diabetes_binary"": 0.010860138757489752, ""Age"": 0.0, ""Income"": 0.0, ""GenHlth"": 0.0, ""BMI"": 0.0, ""PhysActivity"": 0.0, ""DiffWalk"": 0.0, ""MentHlth"": 0.001773888363292337, ""AnyHealthcare"": 0.0, ""NoDocbcCost"": 0.0, ""CholCheck"": 0.0, ""HighBP"": 0.0, ""HeartDiseaseorAttack"": 0.0, ""Stroke"": 0.0, ""HighChol"": 0.0, ""Education"": 0.0, ""Smoker"": 0.0, ""Fruits"": 0.0, ""Veggies"": 0.0}","{""Diabetes_binary"": 0, ""HighBP"": 0, ""HighChol"": 0, ""CholCheck"": 0, ""BMI"": 0, ""Smoker"": 0, ""Stroke"": 0, ""HeartDiseaseorAttack"": 0, ""PhysActivity"": 0, ""Fruits"": 0, ""Veggies"": 0, ""HvyAlcoholConsump"": 0, ""AnyHealthcare"": 0, ""NoDocbcCost"": 0, ""GenHlth"": 0, ""MentHlth"": 0, ""PhysHlth"": 0, ""DiffWalk"": 0, ""Sex"": 0, ""Age"": 0, ""Education"": 0, ""Income"": 0}",177.34675990001415,167.921875,4009984,769463,769463,6155704,3077852,10,cpu,1,2.14.1+cu130,d52d239,34.72727272727273,14.727272727272728,0.0
L1,high,1,10000,k6_128_64_9,nn,"[128, 64]",ReLU,,10000,8000,50736,37,0,2554408643,518085088,-12.296402155264984,0.0166647570540142,0,0.0124960580258593,"{""Diabetes_binary"": -0.3270606994628906, ""HighBP"": -0.6488207578659058, ""HighChol"": -0.6733424663543701, ""CholCheck"": -0.1571875810623169, ""BMI"": -0.7783685326576233, ""Smoker"": -0.6870852708816528, ""Stroke"": -0.1488482654094696, ""HeartDiseaseorAttack"": -0.28690773248672485, ""PhysActivity"": -0.5493592023849487, ""Fruits"": -0.6567618250846863, ""Veggies"": -0.48613306879997253, ""HvyAlcoholConsump"": -0.21385833621025085, ""AnyHealthcare"": -0.18370889127254486, ""NoDocbcCost"": -0.2577434778213501, ""GenHlth"": -0.7799280285835266, ""MentHlth"": -0.41309717297554016, ""PhysHlth"": -0.5008824467658997, ""DiffWalk"": -0.4182282090187073, ""Sex"": -0.6864175796508789, ""Age"": -1.6841058731079102, ""Education"": -0.6768032908439636, ""Income"": -1.081753134727478}","{""HvyAlcoholConsump"": 0.0, ""PhysHlth"": 0.0, ""Sex"": 0.0, ""Diabetes_binary"": 0.010860138757489752, ""Age"": 0.0, ""Income"": 0.0, ""GenHlth"": 0.0, ""BMI"": 0.0, ""PhysActivity"": 0.0, ""DiffWalk"": 0.0, ""MentHlth"": 0.001773888363292337, ""AnyHealthcare"": 0.0, ""NoDocbcCost"": 0.0, ""CholCheck"": 0.0, ""HighBP"": 0.0, ""HeartDiseaseorAttack"": 0.0, ""Stroke"": 0.0, ""HighChol"": 0.0, ""Education"": 0.0, ""Smoker"": 0.0, ""Fruits"": 0.0, ""Veggies"": 0.0}","{""Diabetes_binary"": 0, ""HighBP"": 0, ""HighChol"": 0, ""CholCheck"": 0, ""BMI"": 0, ""Smoker"": 0, ""Stroke"": 0, ""HeartDiseaseorAttack"": 0, ""PhysActivity"": 0, ""Fruits"": 0, ""Veggies"": 0, ""HvyAlcoholConsump"": 0, ""AnyHealthcare"": 0, ""NoDocbcCost"": 0, ""GenHlth"": 0, ""MentHlth"": 0, ""PhysHlth"": 0, ""DiffWalk"": 0, ""Sex"": 0, ""Age"": 0, ""Education"": 0, ""Income"": 0}",293.7460090999957,282.3125,-51269632,204535,204535,1636280,818140,10,cpu,1,2.14.1+cu130,d52d239,79.22727272727273,29.227272727272727,0.0
L1,high,1,50000,mle,mle,,,,50000,50000,50736,37,0,3960146,3218330948,-12.353953304472585,0.0183936980022091,149,0.0012614317250078,"{""Diabetes_binary"": -0.38426480170652094, ""HighBP"": -0.6481860264868964, ""HighChol"": -0.6728191291616729, ""CholCheck"": -0.15635057943129416, ""BMI"": -0.7778653572774125, ""Smoker"": -0.6870503438588855, ""Stroke"": -0.14858191994321676, ""HeartDiseaseorAttack"": -0.2868915325486993, ""PhysActivity"": -0.5492032261562922, ""Fruits"": -0.6558970363064838, ""Veggies"": -0.4861220266705282, ""HvyAlcoholConsump"": -0.21379779769751692, ""AnyHealthcare"": -0.18351778804984084, ""NoDocbcCost"": -0.25739012288151814, ""GenHlth"": -0.7865103810804017, ""MentHlth"": -0.4164768820219918, ""PhysHlth"": -0.49949681478270264, ""DiffWalk"": -0.41716631117140923, ""Sex"": -0.6860456925908064, ""Age"": -1.6842579818733354, ""Education"": -0.6767512681495403, ""Income"": -1.0793102846256208}","{""HvyAlcoholConsump"": 0.0, ""PhysHlth"": 0.0, ""Sex"": 0.0, ""Diabetes_binary"": 0.0012417218543046358, ""Age"": 0.0, ""Income"": 0.0, ""GenHlth"": 0.0, ""BMI"": 0.0, ""PhysActivity"": 0.0, ""DiffWalk"": 0.0, ""MentHlth"": 3.941974140649637e-05, ""AnyHealthcare"": 0.0, ""NoDocbcCost"": 0.0, ""CholCheck"": 0.0, ""HighBP"": 0.0, ""HeartDiseaseorAttack"": 0.0, ""Stroke"": 0.0, ""HighChol"": 0.0, ""Education"": 0.0, ""Smoker"": 0.0, ""Fruits"": 0.0, ""Veggies"": 0.0}","{""Diabetes_binary"": 117, ""HighBP"": 0, ""HighChol"": 0, ""CholCheck"": 0, ""BMI"": 0, ""Smoker"": 0, ""Stroke"": 0, ""HeartDiseaseorAttack"": 0, ""PhysActivity"": 0, ""Fruits"": 0, ""Veggies"": 0, ""HvyAlcoholConsump"": 0, ""AnyHealthcare"": 0, ""NoDocbcCost"": 0, ""GenHlth"": 20, ""MentHlth"": 11, ""PhysHlth"": 1, ""DiffWalk"": 0, ""Sex"": 0, ""Age"": 0, ""Education"": 0, ""Income"": 0}",0.2246777999971527,0.21875,2117632,2481,1348,19848,19848,10,cpu,1,2.14.1+cu130,d52d239,,,
L1,high,1,50000,dirichlet_0.5,dirichlet,,,0.5,50000,50000,50736,37,0,3960146,3218330948,-12.283785026538872,0.0167322760044765,0,0.0012614317250078,"{""Diabetes_binary"": -0.32875359696690926, ""HighBP"": -0.6481855872225745, ""HighChol"": -0.6728190302453992, ""CholCheck"": -0.15634439109707743, ""BMI"": -0.7778682798942043, ""Smoker"": -0.6870503487950426, ""Stroke"": -0.14858498176302018, ""HeartDiseaseorAttack"": -0.28689093822585887, ""PhysActivity"": -0.5492030208113738, ""Fruits"": -0.655897024077592, ""Veggies"": -0.486121959723589, ""HvyAlcoholConsump"": -0.2137978850775502, ""AnyHealthcare"": -0.18351746025957066, ""NoDocbcCost"": -0.2573913907705935, ""GenHlth"": -0.7778089833102884, ""MentHlth"": -0.4111136518073616, ""PhysHlth"": -0.49892322374825043, ""DiffWalk"": -0.41716971997398006, ""Sex"": -0.6860456967037729, ""Age"": -1.6842574567428195, ""Education"": -0.6767516281659148, ""Income"": -1.079288771156128}","{""HvyAlcoholConsump"": 0.0, ""PhysHlth"": 0.0, ""Sex"": 0.0, ""Diabetes_binary"": 0.0012417218543046358, ""Age"": 0.0, ""Income"": 0.0, ""GenHlth"": 0.0, ""BMI"": 0.0, ""PhysActivity"": 0.0, ""DiffWalk"": 0.0, ""MentHlth"": 3.941974140649637e-05, ""AnyHealthcare"": 0.0, ""NoDocbcCost"": 0.0, ""CholCheck"": 0.0, ""HighBP"": 0.0, ""HeartDiseaseorAttack"": 0.0, ""Stroke"": 0.0, ""HighChol"": 0.0, ""Education"": 0.0, ""Smoker"": 0.0, ""Fruits"": 0.0, ""Veggies"": 0.0}","{""Diabetes_binary"": 0, ""HighBP"": 0, ""HighChol"": 0, ""CholCheck"": 0, ""BMI"": 0, ""Smoker"": 0, ""Stroke"": 0, ""HeartDiseaseorAttack"": 0, ""PhysActivity"": 0, ""Fruits"": 0, ""Veggies"": 0, ""HvyAlcoholConsump"": 0, ""AnyHealthcare"": 0, ""NoDocbcCost"": 0, ""GenHlth"": 0, ""MentHlth"": 0, ""PhysHlth"": 0, ""DiffWalk"": 0, ""Sex"": 0, ""Age"": 0, ""Education"": 0, ""Income"": 0}",0.17695530000492,0.171875,1798144,2481,1348,19848,19848,10,cpu,1,2.14.1+cu130,d52d239,,,
L1,high,1,full,mle,mle,,,,202944,202944,50736,37,0,1820781720,3220869015,-12.289200836735247,0.0170153529906201,25,5.912961210974456e-05,"{""Diabetes_binary"": -0.3351669851037186, ""HighBP"": -0.6480340142457229, ""HighChol"": -0.6727963651852225, ""CholCheck"": -0.1562200678540039, ""BMI"": -0.7777304764512145, ""Smoker"": -0.6870565287303253, ""Stroke"": -0.14849451332526978, ""HeartDiseaseorAttack"": -0.28692041714367034, ""PhysActivity"": -0.5491415253362792, ""Fruits"": -0.6559010186887708, ""Veggies"": -0.48612241774192505, ""HvyAlcoholConsump"": -0.21380753011230255, ""AnyHealthcare"": -0.18350164479271486, ""NoDocbcCost"": -0.2572327108718326, ""GenHlth"": -0.7777867944699834, ""MentHlth"": -0.4121007563820783, ""PhysHlth"": -0.49822705750029533, ""DiffWalk"": -0.41712359300548374, ""Sex"": -0.6860442361670731, ""Age"": -1.6841501656838156, ""Education"": -0.6767408620322197, ""Income"": -1.078901155911325}","{""HvyAlcoholConsump"": 0.0, ""PhysHlth"": 0.0, ""Sex"": 0.0, ""Diabetes_binary"": 5.912961210974456e-05, ""Age"": 0.0, ""Income"": 0.0, ""GenHlth"": 0.0, ""BMI"": 0.0, ""PhysActivity"": 0.0, ""DiffWalk"": 0.0, ""MentHlth"": 0.0, ""AnyHealthcare"": 0.0, ""NoDocbcCost"": 0.0, ""CholCheck"": 0.0, ""HighBP"": 0.0, ""HeartDiseaseorAttack"": 0.0, ""Stroke"": 0.0, ""HighChol"": 0.0, ""Education"": 0.0, ""Smoker"": 0.0, ""Fruits"": 0.0, ""Veggies"": 0.0}","{""Diabetes_binary"": 21, ""HighBP"": 0, ""HighChol"": 0, ""CholCheck"": 0, ""BMI"": 0, ""Smoker"": 0, ""Stroke"": 0, ""HeartDiseaseorAttack"": 0, ""PhysActivity"": 0, ""Fruits"": 0, ""Veggies"": 0, ""HvyAlcoholConsump"": 0, ""AnyHealthcare"": 0, ""NoDocbcCost"": 0, ""GenHlth"": 1, ""MentHlth"": 3, ""PhysHlth"": 0, ""DiffWalk"": 0, ""Sex"": 0, ""Age"": 0, ""Education"": 0, ""Income"": 0}",0.5852086000086274,0.578125,4096,2481,1348,19848,19848,10,cpu,1,2.14.1+cu130,d52d239,,,
L1,high,1,full,dirichlet_0.5,dirichlet,,,0.5,202944,202944,50736,37,0,1820781720,3220869015,-12.277311615299949,0.0167131663961761,0,5.912961210974456e-05,"{""Diabetes_binary"": -0.325173782271369, ""HighBP"": -0.648034150847344, ""HighChol"": -0.6727963687647222, ""CholCheck"": -0.15621988097906017, ""BMI"": -0.7777307812878556, ""Smoker"": -0.6870565263530779, ""Stroke"": -0.14849476991985017, ""HeartDiseaseorAttack"": -0.2869199876512987, ""PhysActivity"": -0.5491413984468895, ""Fruits"": -0.65590102355139, ""Veggies"": -0.4861224008582145, ""HvyAlcoholConsump"": -0.2138075768847398, ""AnyHealthcare"": -0.18350166515196273, ""NoDocbcCost"": -0.2572329289410393, ""GenHlth"": -0.7773516711070556, ""MentHlth"": -0.41065084069854696, ""PhysHlth"": -0.49821713315677535, ""DiffWalk"": -0.4171235987814824, ""Sex"": -0.6860442359672944, ""Age"": -1.6841500786362273, ""Education"": -0.6767408238154947, ""Income"": -1.0788999912282593}","{""HvyAlcoholConsump"": 0.0, ""PhysHlth"": 0.0, ""Sex"": 0.0, ""Diabetes_binary"": 5.912961210974456e-05, ""Age"": 0.0, ""Income"": 0.0, ""GenHlth"": 0.0, ""BMI"": 0.0, ""PhysActivity"": 0.0, ""DiffWalk"": 0.0, ""MentHlth"": 0.0, ""AnyHealthcare"": 0.0, ""NoDocbcCost"": 0.0, ""CholCheck"": 0.0, ""HighBP"": 0.0, ""HeartDiseaseorAttack"": 0.0, ""Stroke"": 0.0, ""HighChol"": 0.0, ""Education"": 0.0, ""Smoker"": 0.0, ""Fruits"": 0.0, ""Veggies"": 0.0}","{""Diabetes_binary"": 0, ""HighBP"": 0, ""HighChol"": 0, ""CholCheck"": 0, ""BMI"": 0, ""Smoker"": 0, ""Stroke"": 0, ""HeartDiseaseorAttack"": 0, ""PhysActivity"": 0, ""Fruits"": 0, ""Veggies"": 0, ""HvyAlcoholConsump"": 0, ""AnyHealthcare"": 0, ""NoDocbcCost"": 0, ""GenHlth"": 0, ""MentHlth"": 0, ""PhysHlth"": 0, ""DiffWalk"": 0, ""Sex"": 0, ""Age"": 0, ""Education"": 0, ""Income"": 0}",0.5808460999978706,0.53125,98304,2481,1348,19848,19848,10,cpu,1,2.14.1+cu130,d52d239,,,
L1,moderate,2,500,mle,mle,,,,500,500,50736,50,0,320081029,2669689818,-21.74182524918523,0.0795572784012886,18211,0.4689569536423841,"{""Diabetes_binary"": -2.333558478096159, ""HighBP"": -1.6859065677350822, ""HighChol"": -0.6964972327900507, ""CholCheck"": -0.29538255325968865, ""BMI"": -0.8578387302396752, ""Smoker"": -0.6865119649946375, ""Stroke"": -0.2552370769582336, ""HeartDiseaseorAttack"": -0.8602585275575934, ""PhysActivity"": -0.5587853675725626, ""Fruits"": -0.6571594535154548, ""Veggies"": -0.487457883426353, ""HvyAlcoholConsump"": -0.22180028647244276, ""AnyHealthcare"": -0.18730299038466022, ""NoDocbcCost"": -0.27205857372979353, ""GenHlth"": -4.244547924347875, ""MentHlth"": -1.0548955223243979, ""PhysHlth"": -1.3682001983822858, ""DiffWalk"": -0.47156546254879217, ""Sex"": -0.6898826882456336, ""Age"": -1.6838685901179207, ""Education"": -0.6747636804432412, ""Income"": -1.4983454960426938}","{""HvyAlcoholConsump"": 0.0, ""PhysHlth"": 0.017482655313781143, ""Sex"": 0.0, ""Diabetes_binary"": 0.37241800693787447, ""HighBP"": 0.13292336802270577, ""Income"": 0.012200409965310627, ""Age"": 0.0, ""GenHlth"": 0.1316225165562914, ""BMI"": 0.0, ""PhysActivity"": 0.0, ""DiffWalk"": 0.0008475244402396721, ""MentHlth"": 0.02747555976032797, ""AnyHealthcare"": 0.0, ""NoDocbcCost"": 0.0, ""CholCheck"": 0.0, ""HeartDiseaseorAttack"": 0.02676600441501104, ""HighChol"": 0.006011510564490697, ""Stroke"": 0.0, ""Fruits"": 0.0, ""Veggies"": 0.0, ""Education"": 0.0, ""Smoker"": 0.0}","{""Diabetes_binary"": 3712, ""HighBP"": 2098, ""HighChol"": 16, ""CholCheck"": 290, ""BMI"": 130, ""Smoker"": 0, ""Stroke"": 211, ""HeartDiseaseorAttack"": 1132, ""PhysActivity"": 0, ""Fruits"": 0, ""Veggies"": 0, ""HvyAlcoholConsump"": 0, ""AnyHealthcare"": 0, ""NoDocbcCost"": 0, ""GenHlth"": 6681, ""MentHlth"": 1298, ""PhysHlth"": 1768, ""DiffWalk"": 100, ""Sex"": 0, ""Age"": 0, ""Education"": 0, ""Income"": 775}",0.201955700002145,0.140625,716800,8529,4654,68232,68232,10,cpu,1,2.14.1+cu130,d52d239,,,
L1,moderate,2,500,dirichlet_0.5,dirichlet,,,0.5,500,500,50736,50,0,320081029,2669689818,-12.848625147052342,0.0173237371804803,0,0.4689569536423841,"{""Diabetes_binary"": -0.5172058330639474, ""HighBP"": -0.6322908957082786, ""HighChol"": -0.6875703316072588, ""CholCheck"": -0.15973047226391016, ""BMI"": -0.7955892205869617, ""Smoker"": -0.6865006875949462, ""Stroke"": -0.1572060534654011, ""HeartDiseaseorAttack"": -0.3186239585176008, ""PhysActivity"": -0.558487021180068, ""Fruits"": -0.6571611174252275, ""Veggies"": -0.4874714383152479, ""HvyAlcoholConsump"": -0.2212000387062882, ""AnyHealthcare"": -0.1879722502559341, ""NoDocbcCost"": -0.27038429315223445, ""GenHlth"": -0.9268789378017881, ""MentHlth"": -0.4382778907979302, ""PhysHlth"": -0.5574949614170868, ""DiffWalk"": -0.4240529384964513, ""Sex"": -0.6898881878522417, ""Age"": -1.683949161326812, ""Education"": -0.6744830113547131, ""Income"": -1.1162064461620123}","{""HvyAlcoholConsump"": 0.0, ""PhysHlth"": 0.017482655313781143, ""Sex"": 0.0, ""Diabetes_binary"": 0.37241800693787447, ""HighBP"": 0.13292336802270577, ""Income"": 0.012200409965310627, ""Age"": 0.0, ""GenHlth"": 0.1316225165562914, ""BMI"": 0.0, ""PhysActivity"": 0.0, ""DiffWalk"": 0.0008475244402396721, ""MentHlth"": 0.02747555976032797, ""AnyHealthcare"": 0.0, ""NoDocbcCost"": 0.0, ""CholCheck"": 0.0, ""HeartDiseaseorAttack"": 0.02676600441501104, ""HighChol"": 0.006011510564490697, ""Stroke"": 0.0, ""Fruits"": 0.0, ""Veggies"": 0.0, ""Education"": 0.0, ""Smoker"": 0.0}","{""Diabetes_binary"": 0, ""HighBP"": 0, ""HighChol"": 0, ""CholCheck"": 0, ""BMI"": 0, ""Smoker"": 0, ""Stroke"": 0, ""HeartDiseaseorAttack"": 0, ""PhysActivity"": 0, ""Fruits"": 0, ""Veggies"": 0, ""HvyAlcoholConsump"": 0, ""AnyHealthcare"": 0, ""NoDocbcCost"": 0, ""GenHlth"": 0, ""MentHlth"": 0, ""PhysHlth"": 0, ""DiffWalk"": 0, ""Sex"": 0, ""Age"": 0, ""Education"": 0, ""Income"": 0}",0.6731986000086181,0.609375,3428352,8529,4654,68232,68232,10,cpu,1,2.14.1+cu130,d52d239,,,
L1,moderate,2,500,nn_linear,nn,[],linear,,500,400,50736,50,0,320081029,2669689818,-12.576911256295958,0.0157638947676593,0,0.4689569536423841,"{""Diabetes_binary"": -0.33492836356163025, ""HighBP"": -0.59427809715271, ""HighChol"": -0.6950536370277405, ""CholCheck"": -0.1628614068031311, ""BMI"": -0.7911902666091919, ""Smoker"": -0.6861746907234192, ""Stroke"": -0.16379715502262115, ""HeartDiseaseorAttack"": -0.28426504135131836, ""PhysActivity"": -0.5566285848617554, ""Fruits"": -0.658319354057312, ""Veggies"": -0.4940424859523773, ""HvyAlcoholConsump"": -0.21579326689243317, ""AnyHealthcare"": -0.21921642124652863, ""NoDocbcCost"": -0.26739227771759033, ""GenHlth"": -0.7888621091842651, ""MentHlth"": -0.4133393168449402, ""PhysHlth"": -0.5184836983680725, ""DiffWalk"": -0.42673394083976746, ""Sex"": -0.6893789172172546, ""Age"": -1.6898306608200073, ""Education"": -0.8273760080337524, ""Income"": -1.0989655256271362}","{""HvyAlcoholConsump"": 0.0, ""PhysHlth"": 0.017482655313781143, ""Sex"": 0.0, ""Diabetes_binary"": 0.37241800693787447, ""HighBP"": 0.13292336802270577, ""Income"": 0.012200409965310627, ""Age"": 0.0, ""GenHlth"": 0.1316225165562914, ""BMI"": 0.0, ""PhysActivity"": 0.0, ""DiffWalk"": 0.0008475244402396721, ""MentHlth"": 0.02747555976032797, ""AnyHealthcare"": 0.0, ""NoDocbcCost"": 0.0, ""CholCheck"": 0.0, ""HeartDiseaseorAttack"": 0.02676600441501104, ""HighChol"": 0.006011510564490697, ""Stroke"": 0.0, ""Fruits"": 0.0, ""Veggies"": 0.0, ""Education"": 0.0, ""Smoker"": 0.0}","{""Diabetes_binary"": 0, ""HighBP"": 0, ""HighChol"": 0, ""CholCheck"": 0, ""BMI"": 0, ""Smoker"": 0, ""Stroke"": 0, ""HeartDiseaseorAttack"": 0, ""PhysActivity"": 0, ""Fruits"": 0, ""Veggies"": 0, ""HvyAlcoholConsump"": 0, ""AnyHealthcare"": 0, ""NoDocbcCost"": 0, ""GenHlth"": 0, ""MentHlth"": 0, ""PhysHlth"": 0, ""DiffWalk"": 0, ""Sex"": 0, ""Age"": 0, ""Education"": 0, ""Income"": 0}",17.287185599998338,16.265625,174116864,455,455,3640,1820,10,cpu,1,2.14.1+cu130,d52d239,169.77272727272728,159.1818181818182,0.5
L1,moderate,2,500,01_256x128_lr3e-4,nn,"[256, 128]",ReLU,,500,400,50736,50,0,320081029,2669689818,-12.46673536593878,0.0174501644016024,0,0.4689569536423841,"{""Diabetes_binary"": -0.34007909893989563, ""HighBP"": -0.6087081432342529, ""HighChol"": -0.6807767748832703, ""CholCheck"": -0.1609315574169159, ""BMI"": -0.8000948429107666, ""Smoker"": -0.689093291759491, ""Stroke"": -0.16585975885391235, ""HeartDiseaseorAttack"": -0.284453421831131, ""PhysActivity"": -0.5554284453392029, ""Fruits"": -0.6580322980880737, ""Veggies"": -0.4885402023792267, ""HvyAlcoholConsump"": -0.2224695384502411, ""AnyHealthcare"": -0.18747101724147797, ""NoDocbcCost"": -0.27634570002555847, ""GenHlth"": -0.7939258813858032, ""MentHlth"": -0.4146626591682434, ""PhysHlth"": -0.5249224305152893, ""DiffWalk"": -0.4317605793476105, ""Sex"": -0.6930872201919556, ""Age"": -1.7097644805908203, ""Education"": -0.6745179891586304, ""Income"": -1.1058099269866943}","{""HvyAlcoholConsump"": 0.0, ""PhysHlth"": 0.017482655313781143, ""Sex"": 0.0, ""Diabetes_binary"": 0.37241800693787447, ""HighBP"": 0.13292336802270577, ""Income"": 0.012200409965310627, ""Age"": 0.0, ""GenHlth"": 0.1316225165562914, ""BMI"": 0.0, ""PhysActivity"": 0.0, ""DiffWalk"": 0.0008475244402396721, ""MentHlth"": 0.02747555976032797, ""AnyHealthcare"": 0.0, ""NoDocbcCost"": 0.0, ""CholCheck"": 0.0, ""HeartDiseaseorAttack"": 0.02676600441501104, ""HighChol"": 0.006011510564490697, ""Stroke"": 0.0, ""Fruits"": 0.0, ""Veggies"": 0.0, ""Education"": 0.0, ""Smoker"": 0.0}","{""Diabetes_binary"": 0, ""HighBP"": 0, ""HighChol"": 0, ""CholCheck"": 0, ""BMI"": 0, ""Smoker"": 0, ""Stroke"": 0, ""HeartDiseaseorAttack"": 0, ""PhysActivity"": 0, ""Fruits"": 0, ""Veggies"": 0, ""HvyAlcoholConsump"": 0, ""AnyHealthcare"": 0, ""NoDocbcCost"": 0, ""GenHlth"": 0, ""MentHlth"": 0, ""PhysHlth"": 0, ""DiffWalk"": 0, ""Sex"": 0, ""Age"": 0, ""Education"": 0, ""Income"": 0}",19.04810399998678,17.765625,6967296,777911,777911,6223288,3111644,10,cpu,1,2.14.1+cu130,d52d239,53.95454545454545,33.95454545454545,0.0
L1,moderate,2,500,k6_128_64_9,nn,"[128, 64]",ReLU,,500,400,50736,50,0,320081029,2669689818,-12.44848285159214,0.0173816303117446,0,0.4689569536423841,"{""Diabetes_binary"": -0.3501182794570923, ""HighBP"": -0.5991419553756714, ""HighChol"": -0.6838441491127014, ""CholCheck"": -0.1623607873916626, ""BMI"": -0.79594886302948, ""Smoker"": -0.6878119707107544, ""Stroke"": -0.16348019242286682, ""HeartDiseaseorAttack"": -0.28564268350601196, ""PhysActivity"": -0.5576261281967163, ""Fruits"": -0.6582362055778503, ""Veggies"": -0.4882603585720062, ""HvyAlcoholConsump"": -0.2250499576330185, ""AnyHealthcare"": -0.1867501139640808, ""NoDocbcCost"": -0.2757132053375244, ""GenHlth"": -0.7911916971206665, ""MentHlth"": -0.4097001552581787, ""PhysHlth"": -0.5267053246498108, ""DiffWalk"": -0.42800843715667725, ""Sex"": -0.6933087110519409, ""Age"": -1.7031874656677246, ""Education"": -0.6746653318405151, ""Income"": -1.1017309427261353}","{""HvyAlcoholConsump"": 0.0, ""PhysHlth"": 0.017482655313781143, ""Sex"": 0.0, ""Diabetes_binary"": 0.37241800693787447, ""HighBP"": 0.13292336802270577, ""Income"": 0.012200409965310627, ""Age"": 0.0, ""GenHlth"": 0.1316225165562914, ""BMI"": 0.0, ""PhysActivity"": 0.0, ""DiffWalk"": 0.0008475244402396721, ""MentHlth"": 0.02747555976032797, ""AnyHealthcare"": 0.0, ""NoDocbcCost"": 0.0, ""CholCheck"": 0.0, ""HeartDiseaseorAttack"": 0.02676600441501104, ""HighChol"": 0.006011510564490697, ""Stroke"": 0.0, ""Fruits"": 0.0, ""Veggies"": 0.0, ""Education"": 0.0, ""Smoker"": 0.0}","{""Diabetes_binary"": 0, ""HighBP"": 0, ""HighChol"": 0, ""CholCheck"": 0, ""BMI"": 0, ""Smoker"": 0, ""Stroke"": 0, ""HeartDiseaseorAttack"": 0, ""PhysActivity"": 0, ""Fruits"": 0, ""Veggies"": 0, ""HvyAlcoholConsump"": 0, ""AnyHealthcare"": 0, ""NoDocbcCost"": 0, ""GenHlth"": 0, ""MentHlth"": 0, ""PhysHlth"": 0, ""DiffWalk"": 0, ""Sex"": 0, ""Age"": 0, ""Education"": 0, ""Income"": 0}",27.0953021000023,25.75,-128679936,208759,208759,1670072,835036,10,cpu,1,2.14.1+cu130,d52d239,118.1818181818182,68.18181818181819,0.0
L1,moderate,2,2000,mle,mle,,,,2000,2000,50736,50,0,3328731042,1954025543,-16.59859392835648,0.058044235279313,8425,0.1811140018921475,"{""Diabetes_binary"": -1.6505283484804318, ""HighBP"": -1.3355172500553727, ""HighChol"": -0.6771174155729028, ""CholCheck"": -0.16193408036522433, ""BMI"": -0.7884774010652178, ""Smoker"": -0.6859478373369304, ""Stroke"": -0.16930916258779583, ""HeartDiseaseorAttack"": -0.3553161606402898, ""PhysActivity"": -0.55420519177488, ""Fruits"": -0.6575619498996798, ""Veggies"": -0.48747365252829916, ""HvyAlcoholConsump"": -0.21583362339924458, ""AnyHealthcare"": -0.18646402145380303, ""NoDocbcCost"": -0.2625369009231643, ""GenHlth"": -2.3902720600659553, ""MentHlth"": -0.6553843889355625, ""PhysHlth"": -0.7076018678063898, ""DiffWalk"": -0.41743834326126816, ""Sex"": -0.6889961247100744, ""Age"": -1.6813821439504886, ""Education"": -0.6741147106312185, ""Income"": -1.1951812929122843}","{""HvyAlcoholConsump"": 0.0, ""PhysHlth"": 0.0015373699148533587, ""Sex"": 0.0, ""Diabetes_binary"": 0.14632608010091455, ""HighBP"": 0.030944497004099653, ""Income"": 0.0009854935351624094, ""Age"": 0.0, ""GenHlth"": 0.034709082308420056, ""BMI"": 0.0, ""PhysActivity"": 0.0, ""DiffWalk"": 0.0, ""MentHlth"": 0.005479344055502996, ""AnyHealthcare"": 0.0, ""NoDocbcCost"": 0.0, ""CholCheck"": 0.0, ""HeartDiseaseorAttack"": 0.0009066540523494166, ""HighChol"": 0.0, ""Stroke"": 0.0, ""Fruits"": 0.0, ""Veggies"": 0.0, ""Education"": 0.0, ""Smoker"": 0.0}","{""Diabetes_binary"": 2551, ""HighBP"": 1439, ""HighChol"": 0, ""CholCheck"": 0, ""BMI"": 0, ""Smoker"": 0, ""Stroke"": 39, ""HeartDiseaseorAttack"": 137, ""PhysActivity"": 0, ""Fruits"": 0, ""Veggies"": 0, ""HvyAlcoholConsump"": 0, ""AnyHealthcare"": 0, ""NoDocbcCost"": 0, ""GenHlth"": 3156, ""MentHlth"": 503, ""PhysHlth"": 399, ""DiffWalk"": 2, ""Sex"": 0, ""Age"": 0, ""Education"": 0, ""Income"": 199}",0.2246950000117067,0.21875,126976,8529,4654,68232,68232,10,cpu,1,2.14.1+cu130,d52d239,,,
L1,moderate,2,2000,dirichlet_0.5,dirichlet,,,0.5,2000,2000,50736,50,0,3328731042,1954025543,-12.489786333720147,0.0174536405474331,0,0.1811140018921475,"{""Diabetes_binary"": -0.4165443287137894, ""HighBP"": -0.6150855557100773, ""HighChol"": -0.6770526416743146, ""CholCheck"": -0.1613451614473119, ""BMI"": -0.787725694241212, ""Smoker"": -0.6859485217672519, ""Stroke"": -0.15118700658344345, ""HeartDiseaseorAttack"": -0.2912092412059122, ""PhysActivity"": -0.5541733228296856, ""Fruits"": -0.6575575672282651, ""Veggies"": -0.4874697926221814, ""HvyAlcoholConsump"": -0.2158138205924421, ""AnyHealthcare"": -0.18665414015133625, ""NoDocbcCost"": -0.2624453295514172, ""GenHlth"": -0.8480780465717179, ""MentHlth"": -0.41409947840362965, ""PhysHlth"": -0.5209621331908475, ""DiffWalk"": -0.4166830130856422, ""Sex"": -0.6889977392597613, ""Age"": -1.681385358166183, ""Education"": -0.6741358684557069, ""Income"": -1.0952325722680205}","{""HvyAlcoholConsump"": 0.0, ""PhysHlth"": 0.0015373699148533587, ""Sex"": 0.0, ""Diabetes_binary"": 0.14632608010091455, ""HighBP"": 0.030944497004099653, ""Income"": 0.0009854935351624094, ""Age"": 0.0, ""GenHlth"": 0.034709082308420056, ""BMI"": 0.0, ""PhysActivity"": 0.0, ""DiffWalk"": 0.0, ""MentHlth"": 0.005479344055502996, ""AnyHealthcare"": 0.0, ""NoDocbcCost"": 0.0, ""CholCheck"": 0.0, ""HeartDiseaseorAttack"": 0.0009066540523494166, ""HighChol"": 0.0, ""Stroke"": 0.0, ""Fruits"": 0.0, ""Veggies"": 0.0, ""Education"": 0.0, ""Smoker"": 0.0}","{""Diabetes_binary"": 0, ""HighBP"": 0, ""HighChol"": 0, ""CholCheck"": 0, ""BMI"": 0, ""Smoker"": 0, ""Stroke"": 0, ""HeartDiseaseorAttack"": 0, ""PhysActivity"": 0, ""Fruits"": 0, ""Veggies"": 0, ""HvyAlcoholConsump"": 0, ""AnyHealthcare"": 0, ""NoDocbcCost"": 0, ""GenHlth"": 0, ""MentHlth"": 0, ""PhysHlth"": 0, ""DiffWalk"": 0, ""Sex"": 0, ""Age"": 0, ""Education"": 0, ""Income"": 0}",0.4255555999989155,0.390625,2551808,8529,4654,68232,68232,10,cpu,1,2.14.1+cu130,d52d239,,,
L1,moderate,2,2000,nn_linear,nn,[],linear,,2000,1600,50736,50,0,3328731042,1954025543,-12.2715886123788,0.0169521460339247,0,0.1811140018921475,"{""Diabetes_binary"": -0.33046409487724304, ""HighBP"": -0.5882602334022522, ""HighChol"": -0.6755317449569702, ""CholCheck"": -0.15879806876182556, ""BMI"": -0.7886676788330078, ""Smoker"": -0.6860027313232422, ""Stroke"": -0.15152746438980103, ""HeartDiseaseorAttack"": -0.28099650144577026, ""PhysActivity"": -0.5549042820930481, ""Fruits"": -0.65746009349823, ""Veggies"": -0.48744726181030273, ""HvyAlcoholConsump"": -0.21568477153778076, ""AnyHealthcare"": -0.18686874210834503, ""NoDocbcCost"": -0.2644158899784088, ""GenHlth"": -0.7778484225273132, ""MentHlth"": -0.4069717228412628, ""PhysHlth"": -0.5116050243377686, ""DiffWalk"": -0.4153444468975067, ""Sex"": -0.6910632252693176, ""Age"": -1.6821527481079102, ""Education"": -0.6753243207931519, ""Income"": -1.0842491388320923}","{""HvyAlcoholConsump"": 0.0, ""PhysHlth"": 0.0015373699148533587, ""Sex"": 0.0, ""Diabetes_binary"": 0.14632608010091455, ""HighBP"": 0.030944497004099653, ""Income"": 0.0009854935351624094, ""Age"": 0.0, ""GenHlth"": 0.034709082308420056, ""BMI"": 0.0, ""PhysActivity"": 0.0, ""DiffWalk"": 0.0, ""MentHlth"": 0.005479344055502996, ""AnyHealthcare"": 0.0, ""NoDocbcCost"": 0.0, ""CholCheck"": 0.0, ""HeartDiseaseorAttack"": 0.0009066540523494166, ""HighChol"": 0.0, ""Stroke"": 0.0, ""Fruits"": 0.0, ""Veggies"": 0.0, ""Education"": 0.0, ""Smoker"": 0.0}","{""Diabetes_binary"": 0, ""HighBP"": 0, ""HighChol"": 0, ""CholCheck"": 0, ""BMI"": 0, ""Smoker"": 0, ""Stroke"": 0, ""HeartDiseaseorAttack"": 0, ""PhysActivity"": 0, ""Fruits"": 0, ""Veggies"": 0, ""HvyAlcoholConsump"": 0, ""AnyHealthcare"": 0, ""NoDocbcCost"": 0, ""GenHlth"": 0, ""MentHlth"": 0, ""PhysHlth"": 0, ""DiffWalk"": 0, ""Sex"": 0, ""Age"": 0, ""Education"": 0, ""Income"": 0}",40.89965799998026,39.703125,-55848960,455,455,3640,1820,10,cpu,1,2.14.1+cu130,d52d239,129.63636363636363,111.22727272727272,0.1818181818181818
L1,moderate,2,2000,01_256x128_lr3e-4,nn,"[256, 128]",ReLU,,2000,1600,50736,50,0,3328731042,1954025543,-12.279087573658217,0.0172461179569405,0,0.1811140018921475,"{""Diabetes_binary"": -0.3320337235927582, ""HighBP"": -0.5946130156517029, ""HighChol"": -0.6773390769958496, ""CholCheck"": -0.15967482328414917, ""BMI"": -0.7878135442733765, ""Smoker"": -0.6859258413314819, ""Stroke"": -0.15166978538036346, ""HeartDiseaseorAttack"": -0.2819712460041046, ""PhysActivity"": -0.5545592308044434, ""Fruits"": -0.6574352979660034, ""Veggies"": -0.48782044649124146, ""HvyAlcoholConsump"": -0.21641245484352112, ""AnyHealthcare"": -0.1864832043647766, ""NoDocbcCost"": -0.26483169198036194, ""GenHlth"": -0.779058575630188, ""MentHlth"": -0.404533714056015, ""PhysHlth"": -0.509156346321106, ""DiffWalk"": -0.4150864779949188, ""Sex"": -0.6912829279899597, ""Age"": -1.681373953819275, ""Education"": -0.6742348074913025, ""Income"": -1.085777759552002}","{""HvyAlcoholConsump"": 0.0, ""PhysHlth"": 0.0015373699148533587, ""Sex"": 0.0, ""Diabetes_binary"": 0.14632608010091455, ""HighBP"": 0.030944497004099653, ""Income"": 0.0009854935351624094, ""Age"": 0.0, ""GenHlth"": 0.034709082308420056, ""BMI"": 0.0, ""PhysActivity"": 0.0, ""DiffWalk"": 0.0, ""MentHlth"": 0.005479344055502996, ""AnyHealthcare"": 0.0, ""NoDocbcCost"": 0.0, ""CholCheck"": 0.0, ""HeartDiseaseorAttack"": 0.0009066540523494166, ""HighChol"": 0.0, ""Stroke"": 0.0, ""Fruits"": 0.0, ""Veggies"": 0.0, ""Education"": 0.0, ""Smoker"": 0.0}","{""Diabetes_binary"": 0, ""HighBP"": 0, ""HighChol"": 0, ""CholCheck"": 0, ""BMI"": 0, ""Smoker"": 0, ""Stroke"": 0, ""HeartDiseaseorAttack"": 0, ""PhysActivity"": 0, ""Fruits"": 0, ""Veggies"": 0, ""HvyAlcoholConsump"": 0, ""AnyHealthcare"": 0, ""NoDocbcCost"": 0, ""GenHlth"": 0, ""MentHlth"": 0, ""PhysHlth"": 0, ""DiffWalk"": 0, ""Sex"": 0, ""Age"": 0, ""Education"": 0, ""Income"": 0}",38.65212499999325,35.640625,-1200128,777911,777911,6223288,3111644,10,cpu,1,2.14.1+cu130,d52d239,35.31818181818182,15.318181818181818,0.0
L1,moderate,2,2000,k6_128_64_9,nn,"[128, 64]",ReLU,,2000,1600,50736,50,0,3328731042,1954025543,-12.281460183025503,0.0172664078858157,0,0.1811140018921475,"{""Diabetes_binary"": -0.33297380805015564, ""HighBP"": -0.5962381362915039, ""HighChol"": -0.6766343116760254, ""CholCheck"": -0.15813003480434418, ""BMI"": -0.7868724465370178, ""Smoker"": -0.6858701705932617, ""Stroke"": -0.15134839713573456, ""HeartDiseaseorAttack"": -0.2815919518470764, ""PhysActivity"": -0.5551772117614746, ""Fruits"": -0.6574586033821106, ""Veggies"": -0.48790213465690613, ""HvyAlcoholConsump"": -0.21591748297214508, ""AnyHealthcare"": -0.18716023862361908, ""NoDocbcCost"": -0.26927855610847473, ""GenHlth"": -0.7762173414230347, ""MentHlth"": -0.40494006872177124, ""PhysHlth"": -0.5105745196342468, ""DiffWalk"": -0.41502389311790466, ""Sex"": -0.6902175545692444, ""Age"": -1.6819313764572144, ""Education"": -0.6741920113563538, ""Income"": -1.0858098268508911}","{""HvyAlcoholConsump"": 0.0, ""PhysHlth"": 0.0015373699148533587, ""Sex"": 0.0, ""Diabetes_binary"": 0.14632608010091455, ""HighBP"": 0.030944497004099653, ""Income"": 0.0009854935351624094, ""Age"": 0.0, ""GenHlth"": 0.034709082308420056, ""BMI"": 0.0, ""PhysActivity"": 0.0, ""DiffWalk"": 0.0, ""MentHlth"": 0.005479344055502996, ""AnyHealthcare"": 0.0, ""NoDocbcCost"": 0.0, ""CholCheck"": 0.0, ""HeartDiseaseorAttack"": 0.0009066540523494166, ""HighChol"": 0.0, ""Stroke"": 0.0, ""Fruits"": 0.0, ""Veggies"": 0.0, ""Education"": 0.0, ""Smoker"": 0.0}","{""Diabetes_binary"": 0, ""HighBP"": 0, ""HighChol"": 0, ""CholCheck"": 0, ""BMI"": 0, ""Smoker"": 0, ""Stroke"": 0, ""HeartDiseaseorAttack"": 0, ""PhysActivity"": 0, ""Fruits"": 0, ""Veggies"": 0, ""HvyAlcoholConsump"": 0, ""AnyHealthcare"": 0, ""NoDocbcCost"": 0, ""GenHlth"": 0, ""MentHlth"": 0, ""PhysHlth"": 0, ""DiffWalk"": 0, ""Sex"": 0, ""Age"": 0, ""Education"": 0, ""Income"": 0}",63.825376199994935,61.234375,-101515264,208759,208759,1670072,835036,10,cpu,1,2.14.1+cu130,d52d239,81.81818181818181,31.818181818181817,0.0
L1,moderate,2,10000,mle,mle,,,,10000,10000,50736,50,0,3284044321,3428092600,-13.558429029642475,0.0364170966377231,2629,0.0450370545569221,"{""Diabetes_binary"": -1.0213184460019173, ""HighBP"": -0.7307810421385699, ""HighChol"": -0.673830539020694, ""CholCheck"": -0.15750862308154978, ""BMI"": -0.7837897907043058, ""Smoker"": -0.6858851431457126, ""Stroke"": -0.1508983465359539, ""HeartDiseaseorAttack"": -0.2965977792474495, ""PhysActivity"": -0.5525738405630678, ""Fruits"": -0.6572025879676119, ""Veggies"": -0.4874899763307071, ""HvyAlcoholConsump"": -0.21564152774032533, ""AnyHealthcare"": -0.184712448883543, ""NoDocbcCost"": -0.2611974784670786, ""GenHlth"": -1.1479232073595722, ""MentHlth"": -0.4716989367938176, ""PhysHlth"": -0.5429123819558994, ""DiffWalk"": -0.4150624701818824, ""Sex"": -0.686368781402076, ""Age"": -1.68017533219022, ""Education"": -0.6742212565645097, ""Income"": -1.080639093366012}","{""HvyAlcoholConsump"": 0.0, ""PhysHlth"": 0.0, ""Sex"": 0.0, ""Diabetes_binary"": 0.035241248817407755, ""HighBP"": 0.005932671081677704, ""Income"": 0.00011825922421948912, ""Age"": 0.0, ""GenHlth"": 0.007982497634815516, ""BMI"": 0.0, ""PhysActivity"": 0.0, ""DiffWalk"": 0.0, ""MentHlth"": 0.0005124566382844529, ""AnyHealthcare"": 0.0, ""NoDocbcCost"": 0.0, ""CholCheck"": 0.0, ""HeartDiseaseorAttack"": 0.0004730368968779565, ""HighChol"": 0.0, ""Stroke"": 0.0, ""Fruits"": 0.0, ""Veggies"": 0.0, ""Education"": 0.0, ""Smoker"": 0.0}","{""Diabetes_binary"": 1362, ""HighBP"": 282, ""HighChol"": 0, ""CholCheck"": 0, ""BMI"": 0, ""Smoker"": 0, ""Stroke"": 0, ""HeartDiseaseorAttack"": 33, ""PhysActivity"": 0, ""Fruits"": 0, ""Veggies"": 0, ""HvyAlcoholConsump"": 0, ""AnyHealthcare"": 0, ""NoDocbcCost"": 0, ""GenHlth"": 724, ""MentHlth"": 136, ""PhysHlth"": 78, ""DiffWalk"": 2, ""Sex"": 0, ""Age"": 0, ""Education"": 0, ""Income"": 12}",0.2094811999995727,0.203125,8192,8529,4654,68232,68232,10,cpu,1,2.14.1+cu130,d52d239,,,
L1,moderate,2,10000,dirichlet_0.5,dirichlet,,,0.5,10000,10000,50736,50,0,3284044321,3428092600,-12.281601646711554,0.0171371203146611,0,0.0450370545569221,"{""Diabetes_binary"": -0.3622593384683394, ""HighBP"": -0.5900811602464837, ""HighChol"": -0.6738118480244112, ""CholCheck"": -0.15750675112246365, ""BMI"": -0.7837912830474454, ""Smoker"": -0.685885209587188, ""Stroke"": -0.15089716838055708, ""HeartDiseaseorAttack"": -0.2820259893712232, ""PhysActivity"": -0.5525686636063154, ""Fruits"": -0.6572023098045138, ""Veggies"": -0.4874890634650682, ""HvyAlcoholConsump"": -0.21564209675115292, ""AnyHealthcare"": -0.18472327132779506, ""NoDocbcCost"": -0.2611961949485693, ""GenHlth"": -0.7953624463368247, ""MentHlth"": -0.4057447115507119, ""PhysHlth"": -0.5061121019298354, ""DiffWalk"": -0.41406596529126294, ""Sex"": -0.6863689775944675, ""Age"": -1.6801752029965222, ""Education"": -0.6742263064822113, ""Income"": -1.074465586378189}","{""HvyAlcoholConsump"": 0.0, ""PhysHlth"": 0.0, ""Sex"": 0.0, ""Diabetes_binary"": 0.035241248817407755, ""HighBP"": 0.005932671081677704, ""Income"": 0.00011825922421948912, ""Age"": 0.0, ""GenHlth"": 0.007982497634815516, ""BMI"": 0.0, ""PhysActivity"": 0.0, ""DiffWalk"": 0.0, ""MentHlth"": 0.0005124566382844529, ""AnyHealthcare"": 0.0, ""NoDocbcCost"": 0.0, ""CholCheck"": 0.0, ""HeartDiseaseorAttack"": 0.0004730368968779565, ""HighChol"": 0.0, ""Stroke"": 0.0, ""Fruits"": 0.0, ""Veggies"": 0.0, ""Education"": 0.0, ""Smoker"": 0.0}","{""Diabetes_binary"": 0, ""HighBP"": 0, ""HighChol"": 0, ""CholCheck"": 0, ""BMI"": 0, ""Smoker"": 0, ""Stroke"": 0, ""HeartDiseaseorAttack"": 0, ""PhysActivity"": 0, ""Fruits"": 0, ""Veggies"": 0, ""HvyAlcoholConsump"": 0, ""AnyHealthcare"": 0, ""NoDocbcCost"": 0, ""GenHlth"": 0, ""MentHlth"": 0, ""PhysHlth"": 0, ""DiffWalk"": 0, ""Sex"": 0, ""Age"": 0, ""Education"": 0, ""Income"": 0}",0.2995119000261184,0.296875,245760,8529,4654,68232,68232,10,cpu,1,2.14.1+cu130,d52d239,,,
L1,moderate,2,10000,nn_linear,nn,[],linear,,10000,8000,50736,50,0,3284044321,3428092600,-12.213840747683031,0.0168223403548725,0,0.0450370545569221,"{""Diabetes_binary"": -0.3266679644584656, ""HighBP"": -0.5844082236289978, ""HighChol"": -0.6736470460891724, ""CholCheck"": -0.15754951536655426, ""BMI"": -0.7842546105384827, ""Smoker"": -0.6860449314117432, ""Stroke"": -0.15132521092891693, ""HeartDiseaseorAttack"": -0.27959147095680237, ""PhysActivity"": -0.5527093410491943, ""Fruits"": -0.657191812992096, ""Veggies"": -0.48747700452804565, ""HvyAlcoholConsump"": -0.21564067900180817, ""AnyHealthcare"": -0.18478867411613464, ""NoDocbcCost"": -0.26134294271469116, ""GenHlth"": -0.773160457611084, ""MentHlth"": -0.4020708203315735, ""PhysHlth"": -0.5050176382064819, ""DiffWalk"": -0.4143991470336914, ""Sex"": -0.6863784790039062, ""Age"": -1.6802093982696533, ""Education"": -0.6750608682632446, ""Income"": -1.074904441833496}","{""HvyAlcoholConsump"": 0.0, ""PhysHlth"": 0.0, ""Sex"": 0.0, ""Diabetes_binary"": 0.035241248817407755, ""HighBP"": 0.005932671081677704, ""Income"": 0.00011825922421948912, ""Age"": 0.0, ""GenHlth"": 0.007982497634815516, ""BMI"": 0.0, ""PhysActivity"": 0.0, ""DiffWalk"": 0.0, ""MentHlth"": 0.0005124566382844529, ""AnyHealthcare"": 0.0, ""NoDocbcCost"": 0.0, ""CholCheck"": 0.0, ""HeartDiseaseorAttack"": 0.0004730368968779565, ""HighChol"": 0.0, ""Stroke"": 0.0, ""Fruits"": 0.0, ""Veggies"": 0.0, ""Education"": 0.0, ""Smoker"": 0.0}","{""Diabetes_binary"": 0, ""HighBP"": 0, ""HighChol"": 0, ""CholCheck"": 0, ""BMI"": 0, ""Smoker"": 0, ""Stroke"": 0, ""HeartDiseaseorAttack"": 0, ""PhysActivity"": 0, ""Fruits"": 0, ""Veggies"": 0, ""HvyAlcoholConsump"": 0, ""AnyHealthcare"": 0, ""NoDocbcCost"": 0, ""GenHlth"": 0, ""MentHlth"": 0, ""PhysHlth"": 0, ""DiffWalk"": 0, ""Sex"": 0, ""Age"": 0, ""Education"": 0, ""Income"": 0}",90.35360089997994,87.859375,-52047872,455,455,3640,1820,10,cpu,1,2.14.1+cu130,d52d239,56.63636363636363,36.63636363636363,0.0
L1,moderate,2,10000,01_256x128_lr3e-4,nn,"[256, 128]",ReLU,,10000,8000,50736,50,0,3284044321,3428092600,-12.21075252760435,0.0169552129216127,0,0.0450370545569221,"{""Diabetes_binary"": -0.3282560408115387, ""HighBP"": -0.5824229717254639, ""HighChol"": -0.6738919019699097, ""CholCheck"": -0.15716561675071716, ""BMI"": -0.7843900322914124, ""Smoker"": -0.6860009431838989, ""Stroke"": -0.15094371140003204, ""HeartDiseaseorAttack"": -0.28075626492500305, ""PhysActivity"": -0.5526090860366821, ""Fruits"": -0.6571826934814453, ""Veggies"": -0.48748138546943665, ""HvyAlcoholConsump"": -0.21563749015331268, ""AnyHealthcare"": -0.1846613883972168, ""NoDocbcCost"": -0.2614382207393646, ""GenHlth"": -0.7725818753242493, ""MentHlth"": -0.40190955996513367, ""PhysHlth"": -0.5034605264663696, ""DiffWalk"": -0.4147617518901825, ""Sex"": -0.6863757967948914, ""Age"": -1.680443525314331, ""Education"": -0.6750094890594482, ""Income"": -1.073372483253479}","{""HvyAlcoholConsump"": 0.0, ""PhysHlth"": 0.0, ""Sex"": 0.0, ""Diabetes_binary"": 0.035241248817407755, ""HighBP"": 0.005932671081677704, ""Income"": 0.00011825922421948912, ""Age"": 0.0, ""GenHlth"": 0.007982497634815516, ""BMI"": 0.0, ""PhysActivity"": 0.0, ""DiffWalk"": 0.0, ""MentHlth"": 0.0005124566382844529, ""AnyHealthcare"": 0.0, ""NoDocbcCost"": 0.0, ""CholCheck"": 0.0, ""HeartDiseaseorAttack"": 0.0004730368968779565, ""HighChol"": 0.0, ""Stroke"": 0.0, ""Fruits"": 0.0, ""Veggies"": 0.0, ""Education"": 0.0, ""Smoker"": 0.0}","{""Diabetes_binary"": 0, ""HighBP"": 0, ""HighChol"": 0, ""CholCheck"": 0, ""BMI"": 0, ""Smoker"": 0, ""Stroke"": 0, ""HeartDiseaseorAttack"": 0, ""PhysActivity"": 0, ""Fruits"": 0, ""Veggies"": 0, ""HvyAlcoholConsump"": 0, ""AnyHealthcare"": 0, ""NoDocbcCost"": 0, ""GenHlth"": 0, ""MentHlth"": 0, ""PhysHlth"": 0, ""DiffWalk"": 0, ""Sex"": 0, ""Age"": 0, ""Education"": 0, ""Income"": 0}",199.07145409999063,187.90625,-1175552,777911,777911,6223288,3111644,10,cpu,1,2.14.1+cu130,d52d239,39.63636363636363,19.63636363636364,0.0
L1,moderate,2,10000,k6_128_64_9,nn,"[128, 64]",ReLU,,10000,8000,50736,50,0,3284044321,3428092600,-12.209953949692633,0.0169343807319767,0,0.0450370545569221,"{""Diabetes_binary"": -0.3262908160686493, ""HighBP"": -0.583341121673584, ""HighChol"": -0.673862874507904, ""CholCheck"": -0.15748648345470428, ""BMI"": -0.784432053565979, ""Smoker"": -0.6860103011131287, ""Stroke"": -0.15091662108898163, ""HeartDiseaseorAttack"": -0.27988025546073914, ""PhysActivity"": -0.5525941252708435, ""Fruits"": -0.6571972966194153, ""Veggies"": -0.48749101161956787, ""HvyAlcoholConsump"": -0.2156374156475067, ""AnyHealthcare"": -0.18465149402618408, ""NoDocbcCost"": -0.2612304091453552, ""GenHlth"": -0.773393452167511, ""MentHlth"": -0.4020881652832031, ""PhysHlth"": -0.5039954781532288, ""DiffWalk"": -0.4146011471748352, ""Sex"": -0.686385452747345, ""Age"": -1.6802150011062622, ""Education"": -0.6748684644699097, ""Income"": -1.0733845233917236}","{""HvyAlcoholConsump"": 0.0, ""PhysHlth"": 0.0, ""Sex"": 0.0, ""Diabetes_binary"": 0.035241248817407755, ""HighBP"": 0.005932671081677704, ""Income"": 0.00011825922421948912, ""Age"": 0.0, ""GenHlth"": 0.007982497634815516, ""BMI"": 0.0, ""PhysActivity"": 0.0, ""DiffWalk"": 0.0, ""MentHlth"": 0.0005124566382844529, ""AnyHealthcare"": 0.0, ""NoDocbcCost"": 0.0, ""CholCheck"": 0.0, ""HeartDiseaseorAttack"": 0.0004730368968779565, ""HighChol"": 0.0, ""Stroke"": 0.0, ""Fruits"": 0.0, ""Veggies"": 0.0, ""Education"": 0.0, ""Smoker"": 0.0}","{""Diabetes_binary"": 0, ""HighBP"": 0, ""HighChol"": 0, ""CholCheck"": 0, ""BMI"": 0, ""Smoker"": 0, ""Stroke"": 0, ""HeartDiseaseorAttack"": 0, ""PhysActivity"": 0, ""Fruits"": 0, ""Veggies"": 0, ""HvyAlcoholConsump"": 0, ""AnyHealthcare"": 0, ""NoDocbcCost"": 0, ""GenHlth"": 0, ""MentHlth"": 0, ""PhysHlth"": 0, ""DiffWalk"": 0, ""Sex"": 0, ""Age"": 0, ""Education"": 0, ""Income"": 0}",273.32598910000524,262.9375,-93077504,208759,208759,1670072,835036,10,cpu,1,2.14.1+cu130,d52d239,74.95454545454545,24.954545454545453,0.0
L1,moderate,2,50000,mle,mle,,,,50000,50000,50736,50,0,2935575344,481107469,-12.521836855711516,0.0233625196731821,633,0.007391201513718,"{""Diabetes_binary"": -0.524980457678096, ""HighBP"": -0.6128125345016762, ""HighChol"": -0.6732539306500439, ""CholCheck"": -0.15671794441739145, ""BMI"": -0.7835170206792013, ""Smoker"": -0.6859473319944547, ""Stroke"": -0.15069383434338304, ""HeartDiseaseorAttack"": -0.2793270147790337, ""PhysActivity"": -0.5523117789359085, ""Fruits"": -0.6571578334278859, ""Veggies"": -0.4874782965679814, ""HvyAlcoholConsump"": -0.21563792312321597, ""AnyHealthcare"": -0.18462452812538235, ""NoDocbcCost"": -0.26098208303323556, ""GenHlth"": -0.857568740198065, ""MentHlth"": -0.40742747204051205, ""PhysHlth"": -0.5043782367480778, ""DiffWalk"": -0.41378476108298384, ""Sex"": -0.6861739902723683, ""Age"": -1.6799297027175677, ""Education"": -0.6740970106168145, ""Income"": -1.073034429778237}","{""HvyAlcoholConsump"": 0.0, ""PhysHlth"": 0.0, ""Sex"": 0.0, ""Diabetes_binary"": 0.006110059918006938, ""HighBP"": 0.0007489750867234311, ""Income"": 0.0, ""Age"": 0.0, ""GenHlth"": 0.0008475244402396721, ""BMI"": 0.0, ""PhysActivity"": 0.0, ""DiffWalk"": 0.0, ""MentHlth"": 7.883948281299275e-05, ""AnyHealthcare"": 0.0, ""NoDocbcCost"": 0.0, ""CholCheck"": 0.0, ""HeartDiseaseorAttack"": 0.0, ""HighChol"": 0.0, ""Stroke"": 0.0, ""Fruits"": 0.0, ""Veggies"": 0.0, ""Education"": 0.0, ""Smoker"": 0.0}","{""Diabetes_binary"": 387, ""HighBP"": 57, ""HighChol"": 0, ""CholCheck"": 0, ""BMI"": 0, ""Smoker"": 0, ""Stroke"": 0, ""HeartDiseaseorAttack"": 1, ""PhysActivity"": 0, ""Fruits"": 0, ""Veggies"": 0, ""HvyAlcoholConsump"": 0, ""AnyHealthcare"": 0, ""NoDocbcCost"": 0, ""GenHlth"": 171, ""MentHlth"": 11, ""PhysHlth"": 2, ""DiffWalk"": 0, ""Sex"": 0, ""Age"": 0, ""Education"": 0, ""Income"": 4}",0.2392326999979559,0.25,3338240,8529,4654,68232,68232,10,cpu,1,2.14.1+cu130,d52d239,,,
L1,moderate,2,50000,dirichlet_0.5,dirichlet,,,0.5,50000,50000,50736,50,0,2935575344,481107469,-12.214400108673871,0.016902612735706,0,0.007391201513718,"{""Diabetes_binary"": -0.3377706805218585, ""HighBP"": -0.5839919921455172, ""HighChol"": -0.6732533949068966, ""CholCheck"": -0.1567190470643432, ""BMI"": -0.7835182434649455, ""Smoker"": -0.6859473592512586, ""Stroke"": -0.15068906866466192, ""HeartDiseaseorAttack"": -0.27893621410506675, ""PhysActivity"": -0.5523118196993435, ""Fruits"": -0.657157845022125, ""Veggies"": -0.4874781313300866, ""HvyAlcoholConsump"": -0.21563788390332134, ""AnyHealthcare"": -0.18462554664713357, ""NoDocbcCost"": -0.26098118347302024, ""GenHlth"": -0.7751302666419572, ""MentHlth"": -0.40180354895808557, ""PhysHlth"": -0.5033531615988502, ""DiffWalk"": -0.4137935337700506, ""Sex"": -0.6861739960431077, ""Age"": -1.6799298070572384, ""Education"": -0.6740977099237929, ""Income"": -1.0710996744812085}","{""HvyAlcoholConsump"": 0.0, ""PhysHlth"": 0.0, ""Sex"": 0.0, ""Diabetes_binary"": 0.006110059918006938, ""HighBP"": 0.0007489750867234311, ""Income"": 0.0, ""Age"": 0.0, ""GenHlth"": 0.0008475244402396721, ""BMI"": 0.0, ""PhysActivity"": 0.0, ""DiffWalk"": 0.0, ""MentHlth"": 7.883948281299275e-05, ""AnyHealthcare"": 0.0, ""NoDocbcCost"": 0.0, ""CholCheck"": 0.0, ""HeartDiseaseorAttack"": 0.0, ""HighChol"": 0.0, ""Stroke"": 0.0, ""Fruits"": 0.0, ""Veggies"": 0.0, ""Education"": 0.0, ""Smoker"": 0.0}","{""Diabetes_binary"": 0, ""HighBP"": 0, ""HighChol"": 0, ""CholCheck"": 0, ""BMI"": 0, ""Smoker"": 0, ""Stroke"": 0, ""HeartDiseaseorAttack"": 0, ""PhysActivity"": 0, ""Fruits"": 0, ""Veggies"": 0, ""HvyAlcoholConsump"": 0, ""AnyHealthcare"": 0, ""NoDocbcCost"": 0, ""GenHlth"": 0, ""MentHlth"": 0, ""PhysHlth"": 0, ""DiffWalk"": 0, ""Sex"": 0, ""Age"": 0, ""Education"": 0, ""Income"": 0}",0.3376493999967351,0.296875,-307200,8529,4654,68232,68232,10,cpu,1,2.14.1+cu130,d52d239,,,
L1,moderate,2,full,mle,mle,,,,202944,202944,50736,50,0,3701333381,1152244685,-12.258623768157944,0.0185733768668649,134,0.0014388205613371,"{""Diabetes_binary"": -0.36894461489273844, ""HighBP"": -0.5875328106460949, ""HighChol"": -0.6732832209615264, ""CholCheck"": -0.1566289191141801, ""BMI"": -0.7833000102023309, ""Smoker"": -0.6859057132332683, ""Stroke"": -0.15065256556547973, ""HeartDiseaseorAttack"": -0.278686596385272, ""PhysActivity"": -0.5522713682536735, ""Fruits"": -0.6571584476072492, ""Veggies"": -0.48745146404220463, ""HvyAlcoholConsump"": -0.21563838938756252, ""AnyHealthcare"": -0.18460187495986896, ""NoDocbcCost"": -0.2609685029244358, ""GenHlth"": -0.7866386870902076, ""MentHlth"": -0.40235943484712666, ""PhysHlth"": -0.502341228181315, ""DiffWalk"": -0.41370573396082977, ""Sex"": -0.6861723216272493, ""Age"": -1.6799152488599383, ""Education"": -0.6740469923736894, ""Income"": -1.0704196230417042}","{""HvyAlcoholConsump"": 0.0, ""PhysHlth"": 0.0, ""Sex"": 0.0, ""Diabetes_binary"": 0.0012417218543046358, ""HighBP"": 3.941974140649637e-05, ""Income"": 0.0, ""Age"": 0.0, ""GenHlth"": 0.00017738883632923368, ""BMI"": 0.0, ""PhysActivity"": 0.0, ""DiffWalk"": 0.0, ""MentHlth"": 0.0, ""AnyHealthcare"": 0.0, ""NoDocbcCost"": 0.0, ""CholCheck"": 0.0, ""HeartDiseaseorAttack"": 0.0, ""HighChol"": 0.0, ""Stroke"": 0.0, ""Fruits"": 0.0, ""Veggies"": 0.0, ""Education"": 0.0, ""Smoker"": 0.0}","{""Diabetes_binary"": 84, ""HighBP"": 12, ""HighChol"": 0, ""CholCheck"": 0, ""BMI"": 0, ""Smoker"": 0, ""Stroke"": 0, ""HeartDiseaseorAttack"": 0, ""PhysActivity"": 0, ""Fruits"": 0, ""Veggies"": 0, ""HvyAlcoholConsump"": 0, ""AnyHealthcare"": 0, ""NoDocbcCost"": 0, ""GenHlth"": 35, ""MentHlth"": 3, ""PhysHlth"": 0, ""DiffWalk"": 0, ""Sex"": 0, ""Age"": 0, ""Education"": 0, ""Income"": 0}",0.6581932999833953,0.65625,4096,8529,4654,68232,68232,10,cpu,1,2.14.1+cu130,d52d239,,,
L1,moderate,2,full,dirichlet_0.5,dirichlet,,,0.5,202944,202944,50736,50,0,3701333381,1152244685,-12.19385593489358,0.0167922292864307,0,0.0014388205613371,"{""Diabetes_binary"": -0.3282719241725676, ""HighBP"": -0.5815822950473081, ""HighChol"": -0.6732829719709573, ""CholCheck"": -0.15662896010823554, ""BMI"": -0.7832999894740841, ""Smoker"": -0.6859057180120676, ""Stroke"": -0.15065199122493378, ""HeartDiseaseorAttack"": -0.2787036693628747, ""PhysActivity"": -0.5522713023582183, ""Fruits"": -0.6571584443276216, ""Veggies"": -0.4874514357186883, ""HvyAlcoholConsump"": -0.21563840282450208, ""AnyHealthcare"": -0.1846017896015975, ""NoDocbcCost"": -0.26096833781947837, ""GenHlth"": -0.7699404522735421, ""MentHlth"": -0.4009039897926146, ""PhysHlth"": -0.5023365331755147, ""DiffWalk"": -0.41370710605113203, ""Sex"": -0.6861723206312575, ""Age"": -1.6799152412769753, ""Education"": -0.6740470733209304, ""Income"": -1.0704159863484761}","{""HvyAlcoholConsump"": 0.0, ""PhysHlth"": 0.0, ""Sex"": 0.0, ""Diabetes_binary"": 0.0012417218543046358, ""HighBP"": 3.941974140649637e-05, ""Income"": 0.0, ""Age"": 0.0, ""GenHlth"": 0.00017738883632923368, ""BMI"": 0.0, ""PhysActivity"": 0.0, ""DiffWalk"": 0.0, ""MentHlth"": 0.0, ""AnyHealthcare"": 0.0, ""NoDocbcCost"": 0.0, ""CholCheck"": 0.0, ""HeartDiseaseorAttack"": 0.0, ""HighChol"": 0.0, ""Stroke"": 0.0, ""Fruits"": 0.0, ""Veggies"": 0.0, ""Education"": 0.0, ""Smoker"": 0.0}","{""Diabetes_binary"": 0, ""HighBP"": 0, ""HighChol"": 0, ""CholCheck"": 0, ""BMI"": 0, ""Smoker"": 0, ""Stroke"": 0, ""HeartDiseaseorAttack"": 0, ""PhysActivity"": 0, ""Fruits"": 0, ""Veggies"": 0, ""HvyAlcoholConsump"": 0, ""AnyHealthcare"": 0, ""NoDocbcCost"": 0, ""GenHlth"": 0, ""MentHlth"": 0, ""PhysHlth"": 0, ""DiffWalk"": 0, ""Sex"": 0, ""Age"": 0, ""Education"": 0, ""Income"": 0}",0.7737982000107877,0.734375,524288,8529,4654,68232,68232,10,cpu,1,2.14.1+cu130,d52d239,,,
L2,high,1,500,mle,mle,,,,500,500,50736,37,0,2956292710,1424943182,-37.38328615444734,0.1280820307075299,41917,0.6856866918953012,"{""Diabetes_binary"": -2.116031158300344, ""HighBP"": -0.9672324582583615, ""HighChol"": -0.67810265920074, ""CholCheck"": -0.40356384277833895, ""BMI"": -1.2722343431026986, ""Smoker"": -0.6911895078895551, ""Stroke"": -0.15113033574809218, ""HeartDiseaseorAttack"": -0.28827012791260603, ""PhysActivity"": -0.558160423424502, ""Fruits"": -0.658872474140333, ""Veggies"": -0.4895849475566116, ""HvyAlcoholConsump"": -0.21399730045970425, ""AnyHealthcare"": -0.19270695586032288, ""NoDocbcCost"": -0.6432875487673525, ""GenHlth"": -7.05247150155412, ""MentHlth"": -4.520021386269359, ""PhysHlth"": -5.285563855522782, ""DiffWalk"": -0.6189174703253533, ""Sex"": -0.6877072971110901, ""Age"": -2.4698684552210546, ""Education"": -1.2753623128843308, ""Income"": -6.149009792159688}","{""HvyAlcoholConsump"": 0.0, ""PhysHlth"": 0.056784137496058026, ""Sex"": 0.0, ""Diabetes_binary"": 0.6507016713970356, ""Age"": 0.0, ""Income"": 0.02501182592242195, ""GenHlth"": 0.056784137496058026, ""BMI"": 0.0, ""PhysActivity"": 0.0, ""DiffWalk"": 0.004474140649637338, ""MentHlth"": 0.08524519079154841, ""AnyHealthcare"": 0.0, ""NoDocbcCost"": 0.0, ""CholCheck"": 0.0, ""HighBP"": 0.0025425733207190162, ""HeartDiseaseorAttack"": 0.0, ""Stroke"": 0.0, ""HighChol"": 0.0, ""Education"": 0.0, ""Smoker"": 0.0, ""Fruits"": 0.0, ""Veggies"": 0.0}","{""Diabetes_binary"": 3040, ""HighBP"": 606, ""HighChol"": 0, ""CholCheck"": 502, ""BMI"": 254, ""Smoker"": 0, ""Stroke"": 0, ""HeartDiseaseorAttack"": 0, ""PhysActivity"": 0, ""Fruits"": 0, ""Veggies"": 0, ""HvyAlcoholConsump"": 0, ""AnyHealthcare"": 0, ""NoDocbcCost"": 765, ""GenHlth"": 11302, ""MentHlth"": 7316, ""PhysHlth"": 8581, ""DiffWalk"": 387, ""Sex"": 0, ""Age"": 0, ""Education"": 32, ""Income"": 9132}",0.1756998999917414,0.140625,720896,12431,7310,99448,99448,10,cpu,1,2.14.1+cu130,d52d239,,,
L2,high,1,500,dirichlet_0.5,dirichlet,,,0.5,500,500,50736,37,0,2956292710,1424943182,-17.042187350594684,0.0168422683385247,0,0.6856866918953012,"{""Diabetes_binary"": -0.6147413129066173, ""HighBP"": -0.6594140405909438, ""HighChol"": -0.6778199101419212, ""CholCheck"": -0.1650354581482356, ""BMI"": -1.1628381286064753, ""Smoker"": -0.6911523084909321, ""Stroke"": -0.1511760222885238, ""HeartDiseaseorAttack"": -0.2880134575524527, ""PhysActivity"": -0.5581443798603891, ""Fruits"": -0.6589031653894203, ""Veggies"": -0.48969372086445495, ""HvyAlcoholConsump"": -0.21407698054750313, ""AnyHealthcare"": -0.1898709704024892, ""NoDocbcCost"": -0.2755447527212226, ""GenHlth"": -1.511606120614364, ""MentHlth"": -0.955948918818478, ""PhysHlth"": -1.1034388834236741, ""DiffWalk"": -0.4321709507535247, ""Sex"": -0.6876867153212055, ""Age"": -2.4699432165942588, ""Education"": -1.2629085082168017, ""Income"": -1.822059428340797}","{""HvyAlcoholConsump"": 0.0, ""PhysHlth"": 0.056784137496058026, ""Sex"": 0.0, ""Diabetes_binary"": 0.6507016713970356, ""Age"": 0.0, ""Income"": 0.02501182592242195, ""GenHlth"": 0.056784137496058026, ""BMI"": 0.0, ""PhysActivity"": 0.0, ""DiffWalk"": 0.004474140649637338, ""MentHlth"": 0.08524519079154841, ""AnyHealthcare"": 0.0, ""NoDocbcCost"": 0.0, ""CholCheck"": 0.0, ""HighBP"": 0.0025425733207190162, ""HeartDiseaseorAttack"": 0.0, ""Stroke"": 0.0, ""HighChol"": 0.0, ""Education"": 0.0, ""Smoker"": 0.0, ""Fruits"": 0.0, ""Veggies"": 0.0}","{""Diabetes_binary"": 0, ""HighBP"": 0, ""HighChol"": 0, ""CholCheck"": 0, ""BMI"": 0, ""Smoker"": 0, ""Stroke"": 0, ""HeartDiseaseorAttack"": 0, ""PhysActivity"": 0, ""Fruits"": 0, ""Veggies"": 0, ""HvyAlcoholConsump"": 0, ""AnyHealthcare"": 0, ""NoDocbcCost"": 0, ""GenHlth"": 0, ""MentHlth"": 0, ""PhysHlth"": 0, ""DiffWalk"": 0, ""Sex"": 0, ""Age"": 0, ""Education"": 0, ""Income"": 0}",0.6865307000116445,0.640625,4476928,12431,7310,99448,99448,10,cpu,1,2.14.1+cu130,d52d239,,,
L2,high,1,500,nn_linear,nn,[],linear,,500,400,50736,37,0,2956292710,1424943182,-16.53184373586398,0.0155430687534042,0,0.6856866918953012,"{""Diabetes_binary"": -0.34905943274497986, ""HighBP"": -0.6483569741249084, ""HighChol"": -0.6761975288391113, ""CholCheck"": -0.1591198891401291, ""BMI"": -1.1725170612335205, ""Smoker"": -0.6942150592803955, ""Stroke"": -0.1605387181043625, ""HeartDiseaseorAttack"": -0.29237300157546997, ""PhysActivity"": -0.573938250541687, ""Fruits"": -0.6603323817253113, ""Veggies"": -0.517751157283783, ""HvyAlcoholConsump"": -0.2640714943408966, ""AnyHealthcare"": -0.1897028535604477, ""NoDocbcCost"": -0.2604933977127075, ""GenHlth"": -1.4018605947494507, ""MentHlth"": -0.8561868667602539, ""PhysHlth"": -0.9820307493209839, ""DiffWalk"": -0.42526721954345703, ""Sex"": -0.6864844560623169, ""Age"": -2.4832980632781982, ""Education"": -1.3159126043319702, ""Income"": -1.7621362209320068}","{""HvyAlcoholConsump"": 0.0, ""PhysHlth"": 0.056784137496058026, ""Sex"": 0.0, ""Diabetes_binary"": 0.6507016713970356, ""Age"": 0.0, ""Income"": 0.02501182592242195, ""GenHlth"": 0.056784137496058026, ""BMI"": 0.0, ""PhysActivity"": 0.0, ""DiffWalk"": 0.004474140649637338, ""MentHlth"": 0.08524519079154841, ""AnyHealthcare"": 0.0, ""NoDocbcCost"": 0.0, ""CholCheck"": 0.0, ""HighBP"": 0.0025425733207190162, ""HeartDiseaseorAttack"": 0.0, ""Stroke"": 0.0, ""HighChol"": 0.0, ""Education"": 0.0, ""Smoker"": 0.0, ""Fruits"": 0.0, ""Veggies"": 0.0}","{""Diabetes_binary"": 0, ""HighBP"": 0, ""HighChol"": 0, ""CholCheck"": 0, ""BMI"": 0, ""Smoker"": 0, ""Stroke"": 0, ""HeartDiseaseorAttack"": 0, ""PhysActivity"": 0, ""Fruits"": 0, ""Veggies"": 0, ""HvyAlcoholConsump"": 0, ""AnyHealthcare"": 0, ""NoDocbcCost"": 0, ""GenHlth"": 0, ""MentHlth"": 0, ""PhysHlth"": 0, ""DiffWalk"": 0, ""Sex"": 0, ""Age"": 0, ""Education"": 0, ""Income"": 0}",16.235300400003325,15.03125,174383104,810,810,6480,3240,10,cpu,1,2.14.1+cu130,d52d239,158.13636363636363,146.3181818181818,0.4090909090909091
L2,high,1,500,01_256x128_lr3e-4,nn,"[256, 128]",ReLU,,500,400,50736,37,0,2956292710,1424943182,-16.37257106868409,0.0164803924846517,0,0.6856866918953012,"{""Diabetes_binary"": -0.35411620140075684, ""HighBP"": -0.6465002298355103, ""HighChol"": -0.6859769225120544, ""CholCheck"": -0.1600388139486313, ""BMI"": -1.151322364807129, ""Smoker"": -0.6871284246444702, ""Stroke"": -0.14883200824260712, ""HeartDiseaseorAttack"": -0.2908652126789093, ""PhysActivity"": -0.5736722946166992, ""Fruits"": -0.6559776067733765, ""Veggies"": -0.5142317414283752, ""HvyAlcoholConsump"": -0.21396198868751526, ""AnyHealthcare"": -0.19083820283412933, ""NoDocbcCost"": -0.26641881465911865, ""GenHlth"": -1.3854708671569824, ""MentHlth"": -0.8705991506576538, ""PhysHlth"": -0.9820277690887451, ""DiffWalk"": -0.4269704520702362, ""Sex"": -0.6899749636650085, ""Age"": -2.4737629890441895, ""Education"": -1.2854937314987183, ""Income"": -1.7183903455734253}","{""HvyAlcoholConsump"": 0.0, ""PhysHlth"": 0.056784137496058026, ""Sex"": 0.0, ""Diabetes_binary"": 0.6507016713970356, ""Age"": 0.0, ""Income"": 0.02501182592242195, ""GenHlth"": 0.056784137496058026, ""BMI"": 0.0, ""PhysActivity"": 0.0, ""DiffWalk"": 0.004474140649637338, ""MentHlth"": 0.08524519079154841, ""AnyHealthcare"": 0.0, ""NoDocbcCost"": 0.0, ""CholCheck"": 0.0, ""HighBP"": 0.0025425733207190162, ""HeartDiseaseorAttack"": 0.0, ""Stroke"": 0.0, ""HighChol"": 0.0, ""Education"": 0.0, ""Smoker"": 0.0, ""Fruits"": 0.0, ""Veggies"": 0.0}","{""Diabetes_binary"": 0, ""HighBP"": 0, ""HighChol"": 0, ""CholCheck"": 0, ""BMI"": 0, ""Smoker"": 0, ""Stroke"": 0, ""HeartDiseaseorAttack"": 0, ""PhysActivity"": 0, ""Fruits"": 0, ""Veggies"": 0, ""HvyAlcoholConsump"": 0, ""AnyHealthcare"": 0, ""NoDocbcCost"": 0, ""GenHlth"": 0, ""MentHlth"": 0, ""PhysHlth"": 0, ""DiffWalk"": 0, ""Sex"": 0, ""Age"": 0, ""Education"": 0, ""Income"": 0}",18.04349360000924,16.984375,-6299648,793674,793674,6349392,3174696,10,cpu,1,2.14.1+cu130,d52d239,53.36363636363637,33.36363636363637,0.0
L2,high,1,500,k6_128_64_9,nn,"[128, 64]",ReLU,,500,400,50736,37,0,2956292710,1424943182,-16.398607943965487,0.0166930650418726,0,0.6856866918953012,"{""Diabetes_binary"": -0.3528692126274109, ""HighBP"": -0.687017023563385, ""HighChol"": -0.6817469000816345, ""CholCheck"": -0.1623508632183075, ""BMI"": -1.1504154205322266, ""Smoker"": -0.6883904933929443, ""Stroke"": -0.14943179488182068, ""HeartDiseaseorAttack"": -0.29228612780570984, ""PhysActivity"": -0.5721964240074158, ""Fruits"": -0.656976044178009, ""Veggies"": -0.5218570828437805, ""HvyAlcoholConsump"": -0.21398425102233887, ""AnyHealthcare"": -0.1883234828710556, ""NoDocbcCost"": -0.26449719071388245, ""GenHlth"": -1.387824296951294, ""MentHlth"": -0.8629278540611267, ""PhysHlth"": -0.9790683388710022, ""DiffWalk"": -0.42538782954216003, ""Sex"": -0.6920375823974609, ""Age"": -2.475167751312256, ""Education"": -1.2649524211883545, ""Income"": -1.7288999557495117}","{""HvyAlcoholConsump"": 0.0, ""PhysHlth"": 0.056784137496058026, ""Sex"": 0.0, ""Diabetes_binary"": 0.6507016713970356, ""Age"": 0.0, ""Income"": 0.02501182592242195, ""GenHlth"": 0.056784137496058026, ""BMI"": 0.0, ""PhysActivity"": 0.0, ""DiffWalk"": 0.004474140649637338, ""MentHlth"": 0.08524519079154841, ""AnyHealthcare"": 0.0, ""NoDocbcCost"": 0.0, ""CholCheck"": 0.0, ""HighBP"": 0.0025425733207190162, ""HeartDiseaseorAttack"": 0.0, ""Stroke"": 0.0, ""HighChol"": 0.0, ""Education"": 0.0, ""Smoker"": 0.0, ""Fruits"": 0.0, ""Veggies"": 0.0}","{""Diabetes_binary"": 0, ""HighBP"": 0, ""HighChol"": 0, ""CholCheck"": 0, ""BMI"": 0, ""Smoker"": 0, ""Stroke"": 0, ""HeartDiseaseorAttack"": 0, ""PhysActivity"": 0, ""Fruits"": 0, ""Veggies"": 0, ""HvyAlcoholConsump"": 0, ""AnyHealthcare"": 0, ""NoDocbcCost"": 0, ""GenHlth"": 0, ""MentHlth"": 0, ""PhysHlth"": 0, ""DiffWalk"": 0, ""Sex"": 0, ""Age"": 0, ""Education"": 0, ""Income"": 0}",27.615477200015448,26.0,-99028992,216650,216650,1733200,866600,10,cpu,1,2.14.1+cu130,d52d239,112.1818181818182,62.18181818181818,0.0
L2,high,1,2000,mle,mle,,,,2000,2000,50736,37,0,3919899688,2354669116,-24.098677584469225,0.0797262748388028,15682,0.3323478397981709,"{""Diabetes_binary"": -2.2844412676814048, ""HighBP"": -0.6484834817219615, ""HighChol"": -0.6729638743561401, ""CholCheck"": -0.1993364621385256, ""BMI"": -1.1599241759046943, ""Smoker"": -0.6872061444013624, ""Stroke"": -0.1487228315975669, ""HeartDiseaseorAttack"": -0.2872336569799723, ""PhysActivity"": -0.5500667569734091, ""Fruits"": -0.655951165803867, ""Veggies"": -0.4863206981896762, ""HvyAlcoholConsump"": -0.21461812748341452, ""AnyHealthcare"": -0.18595371104039995, ""NoDocbcCost"": -0.26091289740262663, ""GenHlth"": -3.107737079713669, ""MentHlth"": -2.673447236128403, ""PhysHlth"": -2.2739495333557436, ""DiffWalk"": -0.4346602735488731, ""Sex"": -0.6860570912648467, ""Age"": -2.461939997791421, ""Education"": -1.271300793154612, ""Income"": -2.7474503278366305}","{""HvyAlcoholConsump"": 0.0, ""PhysHlth"": 0.017482655313781143, ""Sex"": 0.0, ""Diabetes_binary"": 0.3103319142226427, ""Age"": 0.0, ""Income"": 0.005203405865657522, ""GenHlth"": 0.017482655313781143, ""BMI"": 0.0, ""PhysActivity"": 0.0, ""DiffWalk"": 0.0006898454746136866, ""MentHlth"": 0.024716177861873224, ""AnyHealthcare"": 0.0, ""NoDocbcCost"": 0.0, ""CholCheck"": 0.0, ""HighBP"": 0.0013402712078208767, ""HeartDiseaseorAttack"": 0.0, ""Stroke"": 0.0, ""HighChol"": 0.0, ""Education"": 0.0, ""Smoker"": 0.0, ""Fruits"": 0.0, ""Veggies"": 0.0}","{""Diabetes_binary"": 3643, ""HighBP"": 0, ""HighChol"": 0, ""CholCheck"": 87, ""BMI"": 40, ""Smoker"": 0, ""Stroke"": 0, ""HeartDiseaseorAttack"": 0, ""PhysActivity"": 0, ""Fruits"": 0, ""Veggies"": 0, ""HvyAlcoholConsump"": 0, ""AnyHealthcare"": 0, ""NoDocbcCost"": 0, ""GenHlth"": 3430, ""MentHlth"": 3680, ""PhysHlth"": 2593, ""DiffWalk"": 28, ""Sex"": 0, ""Age"": 0, ""Education"": 32, ""Income"": 2149}",0.1880321000062395,0.15625,184320,12431,7310,99448,99448,10,cpu,1,2.14.1+cu130,d52d239,,,
L2,high,1,2000,dirichlet_0.5,dirichlet,,,0.5,2000,2000,50736,37,0,3919899688,2354669116,-16.539259917372608,0.0172817860736535,0,0.3323478397981709,"{""Diabetes_binary"": -0.502784931669896, ""HighBP"": -0.6479810546050577, ""HighChol"": -0.6729481330929461, ""CholCheck"": -0.1576946608501426, ""BMI"": -1.1427233912522001, ""Smoker"": -0.6872049977293907, ""Stroke"": -0.14877518334295003, ""HeartDiseaseorAttack"": -0.28727743183097365, ""PhysActivity"": -0.5501303351671574, ""Fruits"": -0.6559526091822305, ""Veggies"": -0.4863284430589951, ""HvyAlcoholConsump"": -0.21457389726581513, ""AnyHealthcare"": -0.18560559658007011, ""NoDocbcCost"": -0.26021677045791874, ""GenHlth"": -1.4458680563868873, ""MentHlth"": -0.8963029198526532, ""PhysHlth"": -1.0305917656408952, ""DiffWalk"": -0.4206766929353362, ""Sex"": -0.6860573842641368, ""Age"": -2.4619135627605906, ""Education"": -1.259297139192474, ""Income"": -1.7383549602538926}","{""HvyAlcoholConsump"": 0.0, ""PhysHlth"": 0.017482655313781143, ""Sex"": 0.0, ""Diabetes_binary"": 0.3103319142226427, ""Age"": 0.0, ""Income"": 0.005203405865657522, ""GenHlth"": 0.017482655313781143, ""BMI"": 0.0, ""PhysActivity"": 0.0, ""DiffWalk"": 0.0006898454746136866, ""MentHlth"": 0.024716177861873224, ""AnyHealthcare"": 0.0, ""NoDocbcCost"": 0.0, ""CholCheck"": 0.0, ""HighBP"": 0.0013402712078208767, ""HeartDiseaseorAttack"": 0.0, ""Stroke"": 0.0, ""HighChol"": 0.0, ""Education"": 0.0, ""Smoker"": 0.0, ""Fruits"": 0.0, ""Veggies"": 0.0}","{""Diabetes_binary"": 0, ""HighBP"": 0, ""HighChol"": 0, ""CholCheck"": 0, ""BMI"": 0, ""Smoker"": 0, ""Stroke"": 0, ""HeartDiseaseorAttack"": 0, ""PhysActivity"": 0, ""Fruits"": 0, ""Veggies"": 0, ""HvyAlcoholConsump"": 0, ""AnyHealthcare"": 0, ""NoDocbcCost"": 0, ""GenHlth"": 0, ""MentHlth"": 0, ""PhysHlth"": 0, ""DiffWalk"": 0, ""Sex"": 0, ""Age"": 0, ""Education"": 0, ""Income"": 0}",0.9171196999959648,0.859375,4489216,12431,7310,99448,99448,10,cpu,1,2.14.1+cu130,d52d239,,,
L2,high,1,2000,nn_linear,nn,[],linear,,2000,1600,50736,37,0,3919899688,2354669116,-16.161940373341398,0.0167704932949695,0,0.3323478397981709,"{""Diabetes_binary"": -0.3281949758529663, ""HighBP"": -0.6453344821929932, ""HighChol"": -0.6724535822868347, ""CholCheck"": -0.1575256884098053, ""BMI"": -1.1418918371200562, ""Smoker"": -0.6872891783714294, ""Stroke"": -0.15007290244102478, ""HeartDiseaseorAttack"": -0.28770768642425537, ""PhysActivity"": -0.5513831973075867, ""Fruits"": -0.6559327840805054, ""Veggies"": -0.4864085912704468, ""HvyAlcoholConsump"": -0.21406084299087524, ""AnyHealthcare"": -0.1852051466703415, ""NoDocbcCost"": -0.25856339931488037, ""GenHlth"": -1.378904104232788, ""MentHlth"": -0.8410612344741821, ""PhysHlth"": -0.9724673628807068, ""DiffWalk"": -0.4202266037464142, ""Sex"": -0.6863266229629517, ""Age"": -2.4630985260009766, ""Education"": -1.2694679498672485, ""Income"": -1.708363652229309}","{""HvyAlcoholConsump"": 0.0, ""PhysHlth"": 0.017482655313781143, ""Sex"": 0.0, ""Diabetes_binary"": 0.3103319142226427, ""Age"": 0.0, ""Income"": 0.005203405865657522, ""GenHlth"": 0.017482655313781143, ""BMI"": 0.0, ""PhysActivity"": 0.0, ""DiffWalk"": 0.0006898454746136866, ""MentHlth"": 0.024716177861873224, ""AnyHealthcare"": 0.0, ""NoDocbcCost"": 0.0, ""CholCheck"": 0.0, ""HighBP"": 0.0013402712078208767, ""HeartDiseaseorAttack"": 0.0, ""Stroke"": 0.0, ""HighChol"": 0.0, ""Education"": 0.0, ""Smoker"": 0.0, ""Fruits"": 0.0, ""Veggies"": 0.0}","{""Diabetes_binary"": 0, ""HighBP"": 0, ""HighChol"": 0, ""CholCheck"": 0, ""BMI"": 0, ""Smoker"": 0, ""Stroke"": 0, ""HeartDiseaseorAttack"": 0, ""PhysActivity"": 0, ""Fruits"": 0, ""Veggies"": 0, ""HvyAlcoholConsump"": 0, ""AnyHealthcare"": 0, ""NoDocbcCost"": 0, ""GenHlth"": 0, ""MentHlth"": 0, ""PhysHlth"": 0, ""DiffWalk"": 0, ""Sex"": 0, ""Age"": 0, ""Education"": 0, ""Income"": 0}",44.28393929998856,43.109375,-31174656,810,810,6480,3240,10,cpu,1,2.14.1+cu130,d52d239,135.3181818181818,118.45454545454544,0.2272727272727272
L2,high,1,2000,01_256x128_lr3e-4,nn,"[256, 128]",ReLU,,2000,1600,50736,37,0,3919899688,2354669116,-16.130561271875564,0.0169788482665754,0,0.3323478397981709,"{""Diabetes_binary"": -0.3311443030834198, ""HighBP"": -0.6462774276733398, ""HighChol"": -0.6721917986869812, ""CholCheck"": -0.15786847472190857, ""BMI"": -1.1394693851470947, ""Smoker"": -0.6870578527450562, ""Stroke"": -0.14946025609970093, ""HeartDiseaseorAttack"": -0.2876933515071869, ""PhysActivity"": -0.5519487261772156, ""Fruits"": -0.6561974883079529, ""Veggies"": -0.4861190915107727, ""HvyAlcoholConsump"": -0.21413950622081757, ""AnyHealthcare"": -0.18599750101566315, ""NoDocbcCost"": -0.2598258852958679, ""GenHlth"": -1.3722076416015625, ""MentHlth"": -0.8375047445297241, ""PhysHlth"": -0.9721445441246033, ""DiffWalk"": -0.4195888042449951, ""Sex"": -0.6863341927528381, ""Age"": -2.4624533653259277, ""Education"": -1.2593982219696045, ""Income"": -1.6955384016036987}","{""HvyAlcoholConsump"": 0.0, ""PhysHlth"": 0.017482655313781143, ""Sex"": 0.0, ""Diabetes_binary"": 0.3103319142226427, ""Age"": 0.0, ""Income"": 0.005203405865657522, ""GenHlth"": 0.017482655313781143, ""BMI"": 0.0, ""PhysActivity"": 0.0, ""DiffWalk"": 0.0006898454746136866, ""MentHlth"": 0.024716177861873224, ""AnyHealthcare"": 0.0, ""NoDocbcCost"": 0.0, ""CholCheck"": 0.0, ""HighBP"": 0.0013402712078208767, ""HeartDiseaseorAttack"": 0.0, ""Stroke"": 0.0, ""HighChol"": 0.0, ""Education"": 0.0, ""Smoker"": 0.0, ""Fruits"": 0.0, ""Veggies"": 0.0}","{""Diabetes_binary"": 0, ""HighBP"": 0, ""HighChol"": 0, ""CholCheck"": 0, ""BMI"": 0, ""Smoker"": 0, ""Stroke"": 0, ""HeartDiseaseorAttack"": 0, ""PhysActivity"": 0, ""Fruits"": 0, ""Veggies"": 0, ""HvyAlcoholConsump"": 0, ""AnyHealthcare"": 0, ""NoDocbcCost"": 0, ""GenHlth"": 0, ""MentHlth"": 0, ""PhysHlth"": 0, ""DiffWalk"": 0, ""Sex"": 0, ""Age"": 0, ""Education"": 0, ""Income"": 0}",44.71176900001592,41.75,-3543040,793674,793674,6349392,3174696,10,cpu,1,2.14.1+cu130,d52d239,38.31818181818182,18.318181818181817,0.0
L2,high,1,2000,k6_128_64_9,nn,"[128, 64]",ReLU,,2000,1600,50736,37,0,3919899688,2354669116,-16.13202405763062,0.0168374904998383,0,0.3323478397981709,"{""Diabetes_binary"": -0.33022618293762207, ""HighBP"": -0.6461462378501892, ""HighChol"": -0.6724544167518616, ""CholCheck"": -0.15803638100624084, ""BMI"": -1.137885332107544, ""Smoker"": -0.6870496869087219, ""Stroke"": -0.1494387537240982, ""HeartDiseaseorAttack"": -0.28752920031547546, ""PhysActivity"": -0.5521206855773926, ""Fruits"": -0.6562298536300659, ""Veggies"": -0.4861133098602295, ""HvyAlcoholConsump"": -0.21412517130374908, ""AnyHealthcare"": -0.18743272125720978, ""NoDocbcCost"": -0.2601589560508728, ""GenHlth"": -1.3685568571090698, ""MentHlth"": -0.8396571278572083, ""PhysHlth"": -0.9698612689971924, ""DiffWalk"": -0.42031747102737427, ""Sex"": -0.6862177848815918, ""Age"": -2.4620249271392822, ""Education"": -1.2590043544769287, ""Income"": -1.7014375925064087}","{""HvyAlcoholConsump"": 0.0, ""PhysHlth"": 0.017482655313781143, ""Sex"": 0.0, ""Diabetes_binary"": 0.3103319142226427, ""Age"": 0.0, ""Income"": 0.005203405865657522, ""GenHlth"": 0.017482655313781143, ""BMI"": 0.0, ""PhysActivity"": 0.0, ""DiffWalk"": 0.0006898454746136866, ""MentHlth"": 0.024716177861873224, ""AnyHealthcare"": 0.0, ""NoDocbcCost"": 0.0, ""CholCheck"": 0.0, ""HighBP"": 0.0013402712078208767, ""HeartDiseaseorAttack"": 0.0, ""Stroke"": 0.0, ""HighChol"": 0.0, ""Education"": 0.0, ""Smoker"": 0.0, ""Fruits"": 0.0, ""Veggies"": 0.0}","{""Diabetes_binary"": 0, ""HighBP"": 0, ""HighChol"": 0, ""CholCheck"": 0, ""BMI"": 0, ""Smoker"": 0, ""Stroke"": 0, ""HeartDiseaseorAttack"": 0, ""PhysActivity"": 0, ""Fruits"": 0, ""Veggies"": 0, ""HvyAlcoholConsump"": 0, ""AnyHealthcare"": 0, ""NoDocbcCost"": 0, ""GenHlth"": 0, ""MentHlth"": 0, ""PhysHlth"": 0, ""DiffWalk"": 0, ""Sex"": 0, ""Age"": 0, ""Education"": 0, ""Income"": 0}",70.46283159998711,67.984375,-98250752,216650,216650,1733200,866600,10,cpu,1,2.14.1+cu130,d52d239,94.13636363636364,44.13636363636363,0.0
L2,high,1,10000,mle,mle,,,,10000,10000,50736,37,0,2554408643,518085088,-18.26037908948729,0.0434958932130702,4291,0.075449385052034,"{""Diabetes_binary"": -1.4805174035438877, ""HighBP"": -0.6445448976521502, ""HighChol"": -0.6715831604268488, ""CholCheck"": -0.15714670840988748, ""BMI"": -1.1340337927646387, ""Smoker"": -0.6870655877924997, ""Stroke"": -0.14899637382778044, ""HeartDiseaseorAttack"": -0.2868977829007678, ""PhysActivity"": -0.5486893268950861, ""Fruits"": -0.6559407031490243, ""Veggies"": -0.48611427610484453, ""HvyAlcoholConsump"": -0.2139094771840624, ""AnyHealthcare"": -0.18303736124987402, ""NoDocbcCost"": -0.25644499123382314, ""GenHlth"": -1.6634965997297715, ""MentHlth"": -1.2033109284017218, ""PhysHlth"": -1.2186772876621654, ""DiffWalk"": -0.41694518175665135, ""Sex"": -0.6860652425171541, ""Age"": -2.4612657009343306, ""Education"": -1.2591995778771425, ""Income"": -1.7964967274731785}","{""HvyAlcoholConsump"": 0.0, ""PhysHlth"": 0.0026214128035320088, ""Sex"": 0.0, ""Diabetes_binary"": 0.0691225165562914, ""Age"": 0.0, ""Income"": 0.0005321665089877011, ""GenHlth"": 0.0026214128035320088, ""BMI"": 0.0, ""PhysActivity"": 0.0, ""DiffWalk"": 0.0, ""MentHlth"": 0.0049471775465152945, ""AnyHealthcare"": 0.0, ""NoDocbcCost"": 0.0, ""CholCheck"": 0.0, ""HighBP"": 0.00011825922421948912, ""HeartDiseaseorAttack"": 0.0, ""Stroke"": 0.0, ""HighChol"": 0.0, ""Education"": 0.0, ""Smoker"": 0.0, ""Fruits"": 0.0, ""Veggies"": 0.0}","{""Diabetes_binary"": 2244, ""HighBP"": 0, ""HighChol"": 0, ""CholCheck"": 0, ""BMI"": 0, ""Smoker"": 0, ""Stroke"": 0, ""HeartDiseaseorAttack"": 0, ""PhysActivity"": 0, ""Fruits"": 0, ""Veggies"": 0, ""HvyAlcoholConsump"": 0, ""AnyHealthcare"": 0, ""NoDocbcCost"": 0, ""GenHlth"": 586, ""MentHlth"": 732, ""PhysHlth"": 504, ""DiffWalk"": 1, ""Sex"": 0, ""Age"": 0, ""Education"": 0, ""Income"": 224}",0.1384527000191155,0.109375,28672,12431,7310,99448,99448,10,cpu,1,2.14.1+cu130,d52d239,,,
L2,high,1,10000,dirichlet_0.5,dirichlet,,,0.5,10000,10000,50736,37,0,2554408643,518085088,-16.1916880644049,0.0168556811190582,0,0.075449385052034,"{""Diabetes_binary"": -0.3945479188751181, ""HighBP"": -0.6444681109247286, ""HighChol"": -0.6715829472454588, ""CholCheck"": -0.1569624634990844, ""BMI"": -1.1338949712050512, ""Smoker"": -0.687065650494471, ""Stroke"": -0.1490187624260957, ""HeartDiseaseorAttack"": -0.28689896804267717, ""PhysActivity"": -0.5486844338701912, ""Fruits"": -0.6559409636239034, ""Veggies"": -0.48611439473162754, ""HvyAlcoholConsump"": -0.213906415492464, ""AnyHealthcare"": -0.183018761290414, ""NoDocbcCost"": -0.25645848936952353, ""GenHlth"": -1.3785277814747205, ""MentHlth"": -0.8503973685484094, ""PhysHlth"": -0.9791635872451201, ""DiffWalk"": -0.4165011130771379, ""Sex"": -0.6860653161063931, ""Age"": -2.4612644775339834, ""Education"": -1.2591178215652923, ""Income"": -1.692087347763033}","{""HvyAlcoholConsump"": 0.0, ""PhysHlth"": 0.0026214128035320088, ""Sex"": 0.0, ""Diabetes_binary"": 0.0691225165562914, ""Age"": 0.0, ""Income"": 0.0005321665089877011, ""GenHlth"": 0.0026214128035320088, ""BMI"": 0.0, ""PhysActivity"": 0.0, ""DiffWalk"": 0.0, ""MentHlth"": 0.0049471775465152945, ""AnyHealthcare"": 0.0, ""NoDocbcCost"": 0.0, ""CholCheck"": 0.0, ""HighBP"": 0.00011825922421948912, ""HeartDiseaseorAttack"": 0.0, ""Stroke"": 0.0, ""HighChol"": 0.0, ""Education"": 0.0, ""Smoker"": 0.0, ""Fruits"": 0.0, ""Veggies"": 0.0}","{""Diabetes_binary"": 0, ""HighBP"": 0, ""HighChol"": 0, ""CholCheck"": 0, ""BMI"": 0, ""Smoker"": 0, ""Stroke"": 0, ""HeartDiseaseorAttack"": 0, ""PhysActivity"": 0, ""Fruits"": 0, ""Veggies"": 0, ""HvyAlcoholConsump"": 0, ""AnyHealthcare"": 0, ""NoDocbcCost"": 0, ""GenHlth"": 0, ""MentHlth"": 0, ""PhysHlth"": 0, ""DiffWalk"": 0, ""Sex"": 0, ""Age"": 0, ""Education"": 0, ""Income"": 0}",0.3148024000111036,0.296875,1015808,12431,7310,99448,99448,10,cpu,1,2.14.1+cu130,d52d239,,,
L2,high,1,10000,nn_linear,nn,[],linear,,10000,8000,50736,37,0,2554408643,518085088,-16.06047201906473,0.0164283388268924,0,0.075449385052034,"{""Diabetes_binary"": -0.3226555585861206, ""HighBP"": -0.6436352729797363, ""HighChol"": -0.6715388298034668, ""CholCheck"": -0.15680213272571564, ""BMI"": -1.133695125579834, ""Smoker"": -0.68710857629776, ""Stroke"": -0.14956147968769073, ""HeartDiseaseorAttack"": -0.2868484556674957, ""PhysActivity"": -0.5490029454231262, ""Fruits"": -0.6568373441696167, ""Veggies"": -0.48613303899765015, ""HvyAlcoholConsump"": -0.21384283900260925, ""AnyHealthcare"": -0.1835048645734787, ""NoDocbcCost"": -0.2572299838066101, ""GenHlth"": -1.3591166734695435, ""MentHlth"": -0.831246554851532, ""PhysHlth"": -0.964782178401947, ""DiffWalk"": -0.417041152715683, ""Sex"": -0.6871255040168762, ""Age"": -2.4616594314575195, ""Education"": -1.259013295173645, ""Income"": -1.6820909976959229}","{""HvyAlcoholConsump"": 0.0, ""PhysHlth"": 0.0026214128035320088, ""Sex"": 0.0, ""Diabetes_binary"": 0.0691225165562914, ""Age"": 0.0, ""Income"": 0.0005321665089877011, ""GenHlth"": 0.0026214128035320088, ""BMI"": 0.0, ""PhysActivity"": 0.0, ""DiffWalk"": 0.0, ""MentHlth"": 0.0049471775465152945, ""AnyHealthcare"": 0.0, ""NoDocbcCost"": 0.0, ""CholCheck"": 0.0, ""HighBP"": 0.00011825922421948912, ""HeartDiseaseorAttack"": 0.0, ""Stroke"": 0.0, ""HighChol"": 0.0, ""Education"": 0.0, ""Smoker"": 0.0, ""Fruits"": 0.0, ""Veggies"": 0.0}","{""Diabetes_binary"": 0, ""HighBP"": 0, ""HighChol"": 0, ""CholCheck"": 0, ""BMI"": 0, ""Smoker"": 0, ""Stroke"": 0, ""HeartDiseaseorAttack"": 0, ""PhysActivity"": 0, ""Fruits"": 0, ""Veggies"": 0, ""HvyAlcoholConsump"": 0, ""AnyHealthcare"": 0, ""NoDocbcCost"": 0, ""GenHlth"": 0, ""MentHlth"": 0, ""PhysHlth"": 0, ""DiffWalk"": 0, ""Sex"": 0, ""Age"": 0, ""Education"": 0, ""Income"": 0}",94.40254860001733,91.796875,-48599040,810,810,6480,3240,10,cpu,1,2.14.1+cu130,d52d239,57.36363636363637,37.36363636363637,0.0
L2,high,1,10000,01_256x128_lr3e-4,nn,"[256, 128]",ReLU,,10000,8000,50736,37,0,2554408643,518085088,-16.059861265693637,0.0164970348831597,0,0.075449385052034,"{""Diabetes_binary"": -0.32376280426979065, ""HighBP"": -0.6442925930023193, ""HighChol"": -0.6717419028282166, ""CholCheck"": -0.15649260580539703, ""BMI"": -1.1335352659225464, ""Smoker"": -0.6874150037765503, ""Stroke"": -0.14875878393650055, ""HeartDiseaseorAttack"": -0.28689107298851013, ""PhysActivity"": -0.5489851832389832, ""Fruits"": -0.6569415330886841, ""Veggies"": -0.4861311912536621, ""HvyAlcoholConsump"": -0.21386371552944183, ""AnyHealthcare"": -0.1832968294620514, ""NoDocbcCost"": -0.2587839663028717, ""GenHlth"": -1.3577818870544434, ""MentHlth"": -0.8305178880691528, ""PhysHlth"": -0.9650071263313293, ""DiffWalk"": -0.41652441024780273, ""Sex"": -0.6872166991233826, ""Age"": -2.4613754749298096, ""Education"": -1.2591090202331543, ""Income"": -1.6814361810684204}","{""HvyAlcoholConsump"": 0.0, ""PhysHlth"": 0.0026214128035320088, ""Sex"": 0.0, ""Diabetes_binary"": 0.0691225165562914, ""Age"": 0.0, ""Income"": 0.0005321665089877011, ""GenHlth"": 0.0026214128035320088, ""BMI"": 0.0, ""PhysActivity"": 0.0, ""DiffWalk"": 0.0, ""MentHlth"": 0.0049471775465152945, ""AnyHealthcare"": 0.0, ""NoDocbcCost"": 0.0, ""CholCheck"": 0.0, ""HighBP"": 0.00011825922421948912, ""HeartDiseaseorAttack"": 0.0, ""Stroke"": 0.0, ""HighChol"": 0.0, ""Education"": 0.0, ""Smoker"": 0.0, ""Fruits"": 0.0, ""Veggies"": 0.0}","{""Diabetes_binary"": 0, ""HighBP"": 0, ""HighChol"": 0, ""CholCheck"": 0, ""BMI"": 0, ""Smoker"": 0, ""Stroke"": 0, ""HeartDiseaseorAttack"": 0, ""PhysActivity"": 0, ""Fruits"": 0, ""Veggies"": 0, ""HvyAlcoholConsump"": 0, ""AnyHealthcare"": 0, ""NoDocbcCost"": 0, ""GenHlth"": 0, ""MentHlth"": 0, ""PhysHlth"": 0, ""DiffWalk"": 0, ""Sex"": 0, ""Age"": 0, ""Education"": 0, ""Income"": 0}",178.48399809998227,168.6875,-1249280,793674,793674,6349392,3174696,10,cpu,1,2.14.1+cu130,d52d239,33.95454545454545,13.954545454545457,0.0
L2,high,1,10000,k6_128_64_9,nn,"[128, 64]",ReLU,,10000,8000,50736,37,0,2554408643,518085088,-16.05603781359461,0.0165422950872673,0,0.075449385052034,"{""Diabetes_binary"": -0.3234219551086426, ""HighBP"": -0.6437315344810486, ""HighChol"": -0.6716720461845398, ""CholCheck"": -0.15655937790870667, ""BMI"": -1.1328099966049194, ""Smoker"": -0.6870639324188232, ""Stroke"": -0.14888110756874084, ""HeartDiseaseorAttack"": -0.2869189381599426, ""PhysActivity"": -0.5489442944526672, ""Fruits"": -0.6573343276977539, ""Veggies"": -0.48613858222961426, ""HvyAlcoholConsump"": -0.21384654939174652, ""AnyHealthcare"": -0.1834542602300644, ""NoDocbcCost"": -0.2578350305557251, ""GenHlth"": -1.3575180768966675, ""MentHlth"": -0.830560564994812, ""PhysHlth"": -0.964880645275116, ""DiffWalk"": -0.4174589216709137, ""Sex"": -0.6866287589073181, ""Age"": -2.461575984954834, ""Education"": -1.259450912475586, ""Income"": -1.679351806640625}","{""HvyAlcoholConsump"": 0.0, ""PhysHlth"": 0.0026214128035320088, ""Sex"": 0.0, ""Diabetes_binary"": 0.0691225165562914, ""Age"": 0.0, ""Income"": 0.0005321665089877011, ""GenHlth"": 0.0026214128035320088, ""BMI"": 0.0, ""PhysActivity"": 0.0, ""DiffWalk"": 0.0, ""MentHlth"": 0.0049471775465152945, ""AnyHealthcare"": 0.0, ""NoDocbcCost"": 0.0, ""CholCheck"": 0.0, ""HighBP"": 0.00011825922421948912, ""HeartDiseaseorAttack"": 0.0, ""Stroke"": 0.0, ""HighChol"": 0.0, ""Education"": 0.0, ""Smoker"": 0.0, ""Fruits"": 0.0, ""Veggies"": 0.0}","{""Diabetes_binary"": 0, ""HighBP"": 0, ""HighChol"": 0, ""CholCheck"": 0, ""BMI"": 0, ""Smoker"": 0, ""Stroke"": 0, ""HeartDiseaseorAttack"": 0, ""PhysActivity"": 0, ""Fruits"": 0, ""Veggies"": 0, ""HvyAlcoholConsump"": 0, ""AnyHealthcare"": 0, ""NoDocbcCost"": 0, ""GenHlth"": 0, ""MentHlth"": 0, ""PhysHlth"": 0, ""DiffWalk"": 0, ""Sex"": 0, ""Age"": 0, ""Education"": 0, ""Income"": 0}",287.5359482000058,276.09375,-94433280,216650,216650,1733200,866600,10,cpu,1,2.14.1+cu130,d52d239,77.72727272727273,27.727272727272727,0.0
L2,high,1,50000,mle,mle,,,,50000,50000,50736,37,0,3960146,3218330948,-16.536630407169227,0.0256426908656191,988,0.0097760958688111,"{""Diabetes_binary"": -0.6483663423133347, ""HighBP"": -0.6432905323998269, ""HighChol"": -0.6714695287588983, ""CholCheck"": -0.15639354785786394, ""BMI"": -1.1313877056870372, ""Smoker"": -0.6870503438588855, ""Stroke"": -0.14858191994321676, ""HeartDiseaseorAttack"": -0.2868915325486993, ""PhysActivity"": -0.5487643496588951, ""Fruits"": -0.6558970363064838, ""Veggies"": -0.4861220266705282, ""HvyAlcoholConsump"": -0.21379779769751692, ""AnyHealthcare"": -0.18265868643204133, ""NoDocbcCost"": -0.2559172260081053, ""GenHlth"": -1.4069696609034432, ""MentHlth"": -0.9051928447537751, ""PhysHlth"": -0.9999355532189919, ""DiffWalk"": -0.4159573009352831, ""Sex"": -0.6860456925908064, ""Age"": -2.4611732253514242, ""Education"": -1.258616595386286, ""Income"": -1.686150957887882}","{""HvyAlcoholConsump"": 0.0, ""PhysHlth"": 9.854935351624093e-05, ""Sex"": 0.0, ""Diabetes_binary"": 0.00936218858404289, ""Age"": 0.0, ""Income"": 5.912961210974456e-05, ""GenHlth"": 9.854935351624093e-05, ""BMI"": 0.0, ""PhysActivity"": 0.0, ""DiffWalk"": 0.0, ""MentHlth"": 0.0002956480605487228, ""AnyHealthcare"": 0.0, ""NoDocbcCost"": 0.0, ""CholCheck"": 0.0, ""HighBP"": 0.0, ""HeartDiseaseorAttack"": 0.0, ""Stroke"": 0.0, ""HighChol"": 0.0, ""Education"": 0.0, ""Smoker"": 0.0, ""Fruits"": 0.0, ""Veggies"": 0.0}","{""Diabetes_binary"": 641, ""HighBP"": 0, ""HighChol"": 0, ""CholCheck"": 0, ""BMI"": 0, ""Smoker"": 0, ""Stroke"": 0, ""HeartDiseaseorAttack"": 0, ""PhysActivity"": 0, ""Fruits"": 0, ""Veggies"": 0, ""HvyAlcoholConsump"": 0, ""AnyHealthcare"": 0, ""NoDocbcCost"": 0, ""GenHlth"": 104, ""MentHlth"": 145, ""PhysHlth"": 74, ""DiffWalk"": 1, ""Sex"": 0, ""Age"": 0, ""Education"": 0, ""Income"": 23}",0.1966386000276543,0.1875,4358144,12431,7310,99448,99448,10,cpu,1,2.14.1+cu130,d52d239,,,
L2,high,1,50000,dirichlet_0.5,dirichlet,,,0.5,50000,50000,50736,37,0,3960146,3218330948,-16.06361680525523,0.0165980884806131,0,0.0097760958688111,"{""Diabetes_binary"": -0.3429876103652491, ""HighBP"": -0.6432849071810043, ""HighChol"": -0.6714694398528995, ""CholCheck"": -0.15638115423703808, ""BMI"": -1.131394615261436, ""Smoker"": -0.6870503487950426, ""Stroke"": -0.14858498176302018, ""HeartDiseaseorAttack"": -0.28689093822585887, ""PhysActivity"": -0.5487642947143081, ""Fruits"": -0.655897024077592, ""Veggies"": -0.486121959723589, ""HvyAlcoholConsump"": -0.2137978850775502, ""AnyHealthcare"": -0.1826578812522386, ""NoDocbcCost"": -0.2559187654886869, ""GenHlth"": -1.3572895655643096, ""MentHlth"": -0.8344974231285704, ""PhysHlth"": -0.96451414006636, ""DiffWalk"": -0.415494099180309, ""Sex"": -0.6860456967037729, ""Age"": -2.461172334738538, ""Education"": -1.2586164567651539, ""Income"": -1.6747852830927035}","{""HvyAlcoholConsump"": 0.0, ""PhysHlth"": 9.854935351624093e-05, ""Sex"": 0.0, ""Diabetes_binary"": 0.00936218858404289, ""Age"": 0.0, ""Income"": 5.912961210974456e-05, ""GenHlth"": 9.854935351624093e-05, ""BMI"": 0.0, ""PhysActivity"": 0.0, ""DiffWalk"": 0.0, ""MentHlth"": 0.0002956480605487228, ""AnyHealthcare"": 0.0, ""NoDocbcCost"": 0.0, ""CholCheck"": 0.0, ""HighBP"": 0.0, ""HeartDiseaseorAttack"": 0.0, ""Stroke"": 0.0, ""HighChol"": 0.0, ""Education"": 0.0, ""Smoker"": 0.0, ""Fruits"": 0.0, ""Veggies"": 0.0}","{""Diabetes_binary"": 0, ""HighBP"": 0, ""HighChol"": 0, ""CholCheck"": 0, ""BMI"": 0, ""Smoker"": 0, ""Stroke"": 0, ""HeartDiseaseorAttack"": 0, ""PhysActivity"": 0, ""Fruits"": 0, ""Veggies"": 0, ""HvyAlcoholConsump"": 0, ""AnyHealthcare"": 0, ""NoDocbcCost"": 0, ""GenHlth"": 0, ""MentHlth"": 0, ""PhysHlth"": 0, ""DiffWalk"": 0, ""Sex"": 0, ""Age"": 0, ""Education"": 0, ""Income"": 0}",0.3344715999846812,0.3125,-954368,12431,7310,99448,99448,10,cpu,1,2.14.1+cu130,d52d239,,,
L2,high,1,full,mle,mle,,,,202944,202944,50736,37,0,1820781720,3220869015,-16.11796865237291,0.0185167664404322,187,0.0014585304320403,"{""Diabetes_binary"": -0.39359675195349864, ""HighBP"": -0.6431523066821373, ""HighChol"": -0.6714107927427299, ""CholCheck"": -0.1562535894440317, ""BMI"": -1.131183245578621, ""Smoker"": -0.6870565287303253, ""Stroke"": -0.14849451332526978, ""HeartDiseaseorAttack"": -0.28692041714367034, ""PhysActivity"": -0.548567242408623, ""Fruits"": -0.6559010186887708, ""Veggies"": -0.48612241774192505, ""HvyAlcoholConsump"": -0.21380753011230255, ""AnyHealthcare"": -0.1826377784215755, ""NoDocbcCost"": -0.2557848187349722, ""GenHlth"": -1.357263791431716, ""MentHlth"": -0.8395885113238861, ""PhysHlth"": -0.9645656442821438, ""DiffWalk"": -0.4154021595543243, ""Sex"": -0.6860442361670731, ""Age"": -2.4610941824884907, ""Education"": -1.258580931677109, ""Income"": -1.6745402437397143}","{""HvyAlcoholConsump"": 0.0, ""PhysHlth"": 0.0, ""Sex"": 0.0, ""Diabetes_binary"": 0.0013994008199306213, ""Age"": 0.0, ""Income"": 0.0, ""GenHlth"": 0.0, ""BMI"": 0.0, ""PhysActivity"": 0.0, ""DiffWalk"": 0.0, ""MentHlth"": 5.912961210974456e-05, ""AnyHealthcare"": 0.0, ""NoDocbcCost"": 0.0, ""CholCheck"": 0.0, ""HighBP"": 0.0, ""HeartDiseaseorAttack"": 0.0, ""Stroke"": 0.0, ""HighChol"": 0.0, ""Education"": 0.0, ""Smoker"": 0.0, ""Fruits"": 0.0, ""Veggies"": 0.0}","{""Diabetes_binary"": 143, ""HighBP"": 0, ""HighChol"": 0, ""CholCheck"": 0, ""BMI"": 0, ""Smoker"": 0, ""Stroke"": 0, ""HeartDiseaseorAttack"": 0, ""PhysActivity"": 0, ""Fruits"": 0, ""Veggies"": 0, ""HvyAlcoholConsump"": 0, ""AnyHealthcare"": 0, ""NoDocbcCost"": 0, ""GenHlth"": 9, ""MentHlth"": 21, ""PhysHlth"": 9, ""DiffWalk"": 0, ""Sex"": 0, ""Age"": 0, ""Education"": 0, ""Income"": 5}",0.4938253999862354,0.453125,4096,12431,7310,99448,99448,10,cpu,1,2.14.1+cu130,d52d239,,,
L2,high,1,full,dirichlet_0.5,dirichlet,,,0.5,202944,202944,50736,37,0,1820781720,3220869015,-16.030426106458602,0.0165109491606188,0,0.0014585304320403,"{""Diabetes_binary"": -0.3269567632863913, ""HighBP"": -0.6431529741942782, ""HighChol"": -0.6714107945746863, ""CholCheck"": -0.1562531335353185, ""BMI"": -1.1311862093583327, ""Smoker"": -0.6870565263530779, ""Stroke"": -0.14849476991985017, ""HeartDiseaseorAttack"": -0.2869199876512987, ""PhysActivity"": -0.5485670028292123, ""Fruits"": -0.65590102355139, ""Veggies"": -0.4861224008582145, ""HvyAlcoholConsump"": -0.2138075768847398, ""AnyHealthcare"": -0.1826378131267679, ""NoDocbcCost"": -0.2557851660214521, ""GenHlth"": -1.3530851928822787, ""MentHlth"": -0.8293511890389118, ""PhysHlth"": -0.9604528942558372, ""DiffWalk"": -0.415402129957064, ""Sex"": -0.6860442359672944, ""Age"": -2.4610940229939007, ""Education"": -1.2585811185044253, ""Income"": -1.6721631807138808}","{""HvyAlcoholConsump"": 0.0, ""PhysHlth"": 0.0, ""Sex"": 0.0, ""Diabetes_binary"": 0.0013994008199306213, ""Age"": 0.0, ""Income"": 0.0, ""GenHlth"": 0.0, ""BMI"": 0.0, ""PhysActivity"": 0.0, ""DiffWalk"": 0.0, ""MentHlth"": 5.912961210974456e-05, ""AnyHealthcare"": 0.0, ""NoDocbcCost"": 0.0, ""CholCheck"": 0.0, ""HighBP"": 0.0, ""HeartDiseaseorAttack"": 0.0, ""Stroke"": 0.0, ""HighChol"": 0.0, ""Education"": 0.0, ""Smoker"": 0.0, ""Fruits"": 0.0, ""Veggies"": 0.0}","{""Diabetes_binary"": 0, ""HighBP"": 0, ""HighChol"": 0, ""CholCheck"": 0, ""BMI"": 0, ""Smoker"": 0, ""Stroke"": 0, ""HeartDiseaseorAttack"": 0, ""PhysActivity"": 0, ""Fruits"": 0, ""Veggies"": 0, ""HvyAlcoholConsump"": 0, ""AnyHealthcare"": 0, ""NoDocbcCost"": 0, ""GenHlth"": 0, ""MentHlth"": 0, ""PhysHlth"": 0, ""DiffWalk"": 0, ""Sex"": 0, ""Age"": 0, ""Education"": 0, ""Income"": 0}",0.6768256000068504,0.671875,-8192,12431,7310,99448,99448,10,cpu,1,2.14.1+cu130,d52d239,,,
L2,moderate,1,500,mle,mle,,,,500,500,50736,50,0,2956292710,1424943182,-42.88339545165729,0.1213090936731275,52624,0.9035990223904132,"{""Diabetes_binary"": -1.243832792659524, ""HighBP"": -3.74543994221619, ""HighChol"": -0.7943315685792062, ""CholCheck"": -0.40356384277833895, ""BMI"": -1.2722343431026986, ""Smoker"": -0.6911895078895551, ""Stroke"": -0.22589936155167892, ""HeartDiseaseorAttack"": -0.9284992176586545, ""PhysActivity"": -0.558160423424502, ""Fruits"": -0.658872474140333, ""Veggies"": -0.4895849475566116, ""HvyAlcoholConsump"": -0.21399730045970425, ""AnyHealthcare"": -0.19270695586032288, ""NoDocbcCost"": -0.6432875487673525, ""GenHlth"": -6.946059251656324, ""MentHlth"": -4.520021386269359, ""PhysHlth"": -5.285563855522782, ""DiffWalk"": -0.6189174703253533, ""Sex"": -0.6877072971110901, ""Age"": -2.4698684552210546, ""Education"": -1.2753623128843308, ""Income"": -9.018295196022331}","{""HvyAlcoholConsump"": 0.0, ""PhysHlth"": 0.056784137496058026, ""Sex"": 0.0, ""Diabetes_binary"": 0.8354028697571744, ""HighBP"": 0.31141595711132136, ""Income"": 0.0375473036896878, ""Age"": 0.0, ""GenHlth"": 0.4947374645222327, ""BMI"": 0.0, ""PhysActivity"": 0.0, ""DiffWalk"": 0.004474140649637338, ""MentHlth"": 0.08524519079154841, ""AnyHealthcare"": 0.0, ""NoDocbcCost"": 0.0, ""CholCheck"": 0.0, ""HeartDiseaseorAttack"": 0.016260643330179753, ""HighChol"": 0.0020892462945443077, ""Stroke"": 0.0, ""Fruits"": 0.0, ""Veggies"": 0.0, ""Education"": 0.0, ""Smoker"": 0.0}","{""Diabetes_binary"": 1218, ""HighBP"": 6055, ""HighChol"": 218, ""CholCheck"": 502, ""BMI"": 254, ""Smoker"": 0, ""Stroke"": 149, ""HeartDiseaseorAttack"": 1286, ""PhysActivity"": 0, ""Fruits"": 0, ""Veggies"": 0, ""HvyAlcoholConsump"": 0, ""AnyHealthcare"": 0, ""NoDocbcCost"": 765, ""GenHlth"": 10890, ""MentHlth"": 7316, ""PhysHlth"": 8581, ""DiffWalk"": 387, ""Sex"": 0, ""Age"": 0, ""Education"": 32, ""Income"": 14971}",0.5929658000241034,0.53125,737280,81983,49496,655864,655864,10,cpu,1,2.14.1+cu130,d52d239,,,
L2,moderate,1,500,dirichlet_0.5,dirichlet,,,0.5,500,500,50736,50,0,2956292710,1424943182,-17.222785822457308,0.0160393572448392,0,0.9035990223904132,"{""Diabetes_binary"": -0.6511232807290617, ""HighBP"": -0.6878797748566686, ""HighChol"": -0.6815622758829165, ""CholCheck"": -0.1650354581482356, ""BMI"": -1.1628381286064753, ""Smoker"": -0.6911523084909321, ""Stroke"": -0.15267463504349704, ""HeartDiseaseorAttack"": -0.32512703483151967, ""PhysActivity"": -0.5581443798603891, ""Fruits"": -0.6589031653894203, ""Veggies"": -0.48969372086445495, ""HvyAlcoholConsump"": -0.21407698054750313, ""AnyHealthcare"": -0.1898709704024892, ""NoDocbcCost"": -0.2755447527212226, ""GenHlth"": -1.562419146919634, ""MentHlth"": -0.955948918818478, ""PhysHlth"": -1.1034388834236741, ""DiffWalk"": -0.4321709507535247, ""Sex"": -0.6876867153212055, ""Age"": -2.4699432165942588, ""Education"": -1.2629085082168017, ""Income"": -1.844642616034942}","{""HvyAlcoholConsump"": 0.0, ""PhysHlth"": 0.056784137496058026, ""Sex"": 0.0, ""Diabetes_binary"": 0.8354028697571744, ""HighBP"": 0.31141595711132136, ""Income"": 0.0375473036896878, ""Age"": 0.0, ""GenHlth"": 0.4947374645222327, ""BMI"": 0.0, ""PhysActivity"": 0.0, ""DiffWalk"": 0.004474140649637338, ""MentHlth"": 0.08524519079154841, ""AnyHealthcare"": 0.0, ""NoDocbcCost"": 0.0, ""CholCheck"": 0.0, ""HeartDiseaseorAttack"": 0.016260643330179753, ""HighChol"": 0.0020892462945443077, ""Stroke"": 0.0, ""Fruits"": 0.0, ""Veggies"": 0.0, ""Education"": 0.0, ""Smoker"": 0.0}","{""Diabetes_binary"": 0, ""HighBP"": 0, ""HighChol"": 0, ""CholCheck"": 0, ""BMI"": 0, ""Smoker"": 0, ""Stroke"": 0, ""HeartDiseaseorAttack"": 0, ""PhysActivity"": 0, ""Fruits"": 0, ""Veggies"": 0, ""HvyAlcoholConsump"": 0, ""AnyHealthcare"": 0, ""NoDocbcCost"": 0, ""GenHlth"": 0, ""MentHlth"": 0, ""PhysHlth"": 0, ""DiffWalk"": 0, ""Sex"": 0, ""Age"": 0, ""Education"": 0, ""Income"": 0}",1.8539372000086587,1.6875,13602816,81983,49496,655864,655864,10,cpu,1,2.14.1+cu130,d52d239,,,
L2,moderate,1,500,nn_linear,nn,[],linear,,500,400,50736,50,0,2956292710,1424943182,-16.51219606194596,0.0153456201590241,0,0.9035990223904132,"{""Diabetes_binary"": -0.3407694101333618, ""HighBP"": -0.600335955619812, ""HighChol"": -0.6821529865264893, ""CholCheck"": -0.1600298136472702, ""BMI"": -1.1640011072158813, ""Smoker"": -0.6871078014373779, ""Stroke"": -0.15602347254753113, ""HeartDiseaseorAttack"": -0.29286065697669983, ""PhysActivity"": -0.5750982761383057, ""Fruits"": -0.6605209112167358, ""Veggies"": -0.5173124074935913, ""HvyAlcoholConsump"": -0.2639923095703125, ""AnyHealthcare"": -0.20005497336387634, ""NoDocbcCost"": -0.25898703932762146, ""GenHlth"": -1.383322834968567, ""MentHlth"": -0.8552921414375305, ""PhysHlth"": -0.9830170273780823, ""DiffWalk"": -0.4246866703033447, ""Sex"": -0.6866222023963928, ""Age"": -2.501769781112671, ""Education"": -1.3629865646362305, ""Income"": -1.7552517652511597}","{""HvyAlcoholConsump"": 0.0, ""PhysHlth"": 0.056784137496058026, ""Sex"": 0.0, ""Diabetes_binary"": 0.8354028697571744, ""HighBP"": 0.31141595711132136, ""Income"": 0.0375473036896878, ""Age"": 0.0, ""GenHlth"": 0.4947374645222327, ""BMI"": 0.0, ""PhysActivity"": 0.0, ""DiffWalk"": 0.004474140649637338, ""MentHlth"": 0.08524519079154841, ""AnyHealthcare"": 0.0, ""NoDocbcCost"": 0.0, ""CholCheck"": 0.0, ""HeartDiseaseorAttack"": 0.016260643330179753, ""HighChol"": 0.0020892462945443077, ""Stroke"": 0.0, ""Fruits"": 0.0, ""Veggies"": 0.0, ""Education"": 0.0, ""Smoker"": 0.0}","{""Diabetes_binary"": 0, ""HighBP"": 0, ""HighChol"": 0, ""CholCheck"": 0, ""BMI"": 0, ""Smoker"": 0, ""Stroke"": 0, ""HeartDiseaseorAttack"": 0, ""PhysActivity"": 0, ""Fruits"": 0, ""Veggies"": 0, ""HvyAlcoholConsump"": 0, ""AnyHealthcare"": 0, ""NoDocbcCost"": 0, ""GenHlth"": 0, ""MentHlth"": 0, ""PhysHlth"": 0, ""DiffWalk"": 0, ""Sex"": 0, ""Age"": 0, ""Education"": 0, ""Income"": 0}",15.03278879998834,14.078125,164941824,946,946,7568,3784,10,cpu,1,2.14.1+cu130,d52d239,149.95454545454547,137.3181818181818,0.4090909090909091
L2,moderate,1,500,01_256x128_lr3e-4,nn,"[256, 128]",ReLU,,500,400,50736,50,0,2956292710,1424943182,-16.334916315113844,0.0169472395221388,0,0.9035990223904132,"{""Diabetes_binary"": -0.35327449440956116, ""HighBP"": -0.6286476254463196, ""HighChol"": -0.6806341409683228, ""CholCheck"": -0.16037733852863312, ""BMI"": -1.1457598209381104, ""Smoker"": -0.6879008412361145, ""Stroke"": -0.14938846230506897, ""HeartDiseaseorAttack"": -0.29008930921554565, ""PhysActivity"": -0.5742468237876892, ""Fruits"": -0.6559953093528748, ""Veggies"": -0.5152901411056519, ""HvyAlcoholConsump"": -0.21399857103824615, ""AnyHealthcare"": -0.18745577335357666, ""NoDocbcCost"": -0.2628982961177826, ""GenHlth"": -1.3794876337051392, ""MentHlth"": -0.8578370213508606, ""PhysHlth"": -0.9794929623603821, ""DiffWalk"": -0.4284721910953522, ""Sex"": -0.6913934946060181, ""Age"": -2.487388849258423, ""Education"": -1.2797452211380005, ""Income"": -1.7251418828964233}","{""HvyAlcoholConsump"": 0.0, ""PhysHlth"": 0.056784137496058026, ""Sex"": 0.0, ""Diabetes_binary"": 0.8354028697571744, ""HighBP"": 0.31141595711132136, ""Income"": 0.0375473036896878, ""Age"": 0.0, ""GenHlth"": 0.4947374645222327, ""BMI"": 0.0, ""PhysActivity"": 0.0, ""DiffWalk"": 0.004474140649637338, ""MentHlth"": 0.08524519079154841, ""AnyHealthcare"": 0.0, ""NoDocbcCost"": 0.0, ""CholCheck"": 0.0, ""HeartDiseaseorAttack"": 0.016260643330179753, ""HighChol"": 0.0020892462945443077, ""Stroke"": 0.0, ""Fruits"": 0.0, ""Veggies"": 0.0, ""Education"": 0.0, ""Smoker"": 0.0}","{""Diabetes_binary"": 0, ""HighBP"": 0, ""HighChol"": 0, ""CholCheck"": 0, ""BMI"": 0, ""Smoker"": 0, ""Stroke"": 0, ""HeartDiseaseorAttack"": 0, ""PhysActivity"": 0, ""Fruits"": 0, ""Veggies"": 0, ""HvyAlcoholConsump"": 0, ""AnyHealthcare"": 0, ""NoDocbcCost"": 0, ""GenHlth"": 0, ""MentHlth"": 0, ""PhysHlth"": 0, ""DiffWalk"": 0, ""Sex"": 0, ""Age"": 0, ""Education"": 0, ""Income"": 0}",18.04718260001391,17.09375,-2318336,805706,805706,6445648,3222824,10,cpu,1,2.14.1+cu130,d52d239,53.90909090909091,33.90909090909091,0.0
L2,moderate,1,500,k6_128_64_9,nn,"[128, 64]",ReLU,,500,400,50736,50,0,2956292710,1424943182,-16.296342233780017,0.0171678766048296,0,0.9035990223904132,"{""Diabetes_binary"": -0.3454760015010834, ""HighBP"": -0.5960827469825745, ""HighChol"": -0.6827422976493835, ""CholCheck"": -0.16049408912658691, ""BMI"": -1.157731056213379, ""Smoker"": -0.687110424041748, ""Stroke"": -0.1499025523662567, ""HeartDiseaseorAttack"": -0.2936782240867615, ""PhysActivity"": -0.5729798078536987, ""Fruits"": -0.6560248732566833, ""Veggies"": -0.5133621096611023, ""HvyAlcoholConsump"": -0.21398325264453888, ""AnyHealthcare"": -0.18989767134189606, ""NoDocbcCost"": -0.2710004150867462, ""GenHlth"": -1.38264000415802, ""MentHlth"": -0.8593730926513672, ""PhysHlth"": -0.9778024554252625, ""DiffWalk"": -0.433454692363739, ""Sex"": -0.6912882328033447, ""Age"": -2.478065252304077, ""Education"": -1.266664743423462, ""Income"": -1.7165883779525757}","{""HvyAlcoholConsump"": 0.0, ""PhysHlth"": 0.056784137496058026, ""Sex"": 0.0, ""Diabetes_binary"": 0.8354028697571744, ""HighBP"": 0.31141595711132136, ""Income"": 0.0375473036896878, ""Age"": 0.0, ""GenHlth"": 0.4947374645222327, ""BMI"": 0.0, ""PhysActivity"": 0.0, ""DiffWalk"": 0.004474140649637338, ""MentHlth"": 0.08524519079154841, ""AnyHealthcare"": 0.0, ""NoDocbcCost"": 0.0, ""CholCheck"": 0.0, ""HeartDiseaseorAttack"": 0.016260643330179753, ""HighChol"": 0.0020892462945443077, ""Stroke"": 0.0, ""Fruits"": 0.0, ""Veggies"": 0.0, ""Education"": 0.0, ""Smoker"": 0.0}","{""Diabetes_binary"": 0, ""HighBP"": 0, ""HighChol"": 0, ""CholCheck"": 0, ""BMI"": 0, ""Smoker"": 0, ""Stroke"": 0, ""HeartDiseaseorAttack"": 0, ""PhysActivity"": 0, ""Fruits"": 0, ""Veggies"": 0, ""HvyAlcoholConsump"": 0, ""AnyHealthcare"": 0, ""NoDocbcCost"": 0, ""GenHlth"": 0, ""MentHlth"": 0, ""PhysHlth"": 0, ""DiffWalk"": 0, ""Sex"": 0, ""Age"": 0, ""Education"": 0, ""Income"": 0}",28.878224199987017,27.4375,-102170624,222666,222666,1781328,890664,10,cpu,1,2.14.1+cu130,d52d239,120.6818181818182,70.68181818181819,0.0
L2,moderate,1,2000,mle,mle,,,,2000,2000,50736,50,0,3919899688,2354669116,-31.121782396317343,0.0946891514728023,29558,0.6536778618732261,"{""Diabetes_binary"": -1.916557370986126, ""HighBP"": -2.483223770566354, ""HighChol"": -0.6897437809961422, ""CholCheck"": -0.1993364621385256, ""BMI"": -1.1599241759046943, ""Smoker"": -0.6872061444013624, ""Stroke"": -0.15171165173950923, ""HeartDiseaseorAttack"": -0.35781272932137526, ""PhysActivity"": -0.5500667569734091, ""Fruits"": -0.655951165803867, ""Veggies"": -0.4863206981896762, ""HvyAlcoholConsump"": -0.21461812748341452, ""AnyHealthcare"": -0.18595371104039995, ""NoDocbcCost"": -0.26091289740262663, ""GenHlth"": -7.525769929713424, ""MentHlth"": -2.673447236128403, ""PhysHlth"": -2.2739495333557436, ""DiffWalk"": -0.4346602735488731, ""Sex"": -0.6860570912648467, ""Age"": -2.461939997791421, ""Education"": -1.271300793154612, ""Income"": -3.795318098412538}","{""HvyAlcoholConsump"": 0.0, ""PhysHlth"": 0.017482655313781143, ""Sex"": 0.0, ""Diabetes_binary"": 0.5781102175969726, ""HighBP"": 0.09955455692210659, ""Income"": 0.012436928413749606, ""Age"": 0.0, ""GenHlth"": 0.2277869757174393, ""BMI"": 0.0, ""PhysActivity"": 0.0, ""DiffWalk"": 0.0006898454746136866, ""MentHlth"": 0.024716177861873224, ""AnyHealthcare"": 0.0, ""NoDocbcCost"": 0.0, ""CholCheck"": 0.0, ""HeartDiseaseorAttack"": 0.0002759381898454746, ""HighChol"": 0.0007489750867234311, ""Stroke"": 0.0, ""Fruits"": 0.0, ""Veggies"": 0.0, ""Education"": 0.0, ""Smoker"": 0.0}","{""Diabetes_binary"": 2736, ""HighBP"": 3669, ""HighChol"": 29, ""CholCheck"": 87, ""BMI"": 40, ""Smoker"": 0, ""Stroke"": 6, ""HeartDiseaseorAttack"": 146, ""PhysActivity"": 0, ""Fruits"": 0, ""Veggies"": 0, ""HvyAlcoholConsump"": 0, ""AnyHealthcare"": 0, ""NoDocbcCost"": 0, ""GenHlth"": 12199, ""MentHlth"": 3680, ""PhysHlth"": 2593, ""DiffWalk"": 28, ""Sex"": 0, ""Age"": 0, ""Education"": 32, ""Income"": 4313}",0.4639163999818265,0.40625,253952,81983,49496,655864,655864,10,cpu,1,2.14.1+cu130,d52d239,,,
L2,moderate,1,2000,dirichlet_0.5,dirichlet,,,0.5,2000,2000,50736,50,0,3919899688,2354669116,-16.70645366213483,0.0169470797037943,0,0.6536778618732261,"{""Diabetes_binary"": -0.578269014653355, ""HighBP"": -0.6437824611223772, ""HighChol"": -0.674888640575604, ""CholCheck"": -0.1576946608501426, ""BMI"": -1.1427233912522001, ""Smoker"": -0.6872049977293907, ""Stroke"": -0.14915971243479895, ""HeartDiseaseorAttack"": -0.2924168677361279, ""PhysActivity"": -0.5501303351671574, ""Fruits"": -0.6559526091822305, ""Veggies"": -0.4863284430589951, ""HvyAlcoholConsump"": -0.21457389726581513, ""AnyHealthcare"": -0.18560559658007011, ""NoDocbcCost"": -0.26021677045791874, ""GenHlth"": -1.5198951802529514, ""MentHlth"": -0.8963029198526532, ""PhysHlth"": -1.0305917656408952, ""DiffWalk"": -0.4206766929353362, ""Sex"": -0.6860573842641368, ""Age"": -2.4619135627605906, ""Education"": -1.259297139192474, ""Income"": -1.7527716191696083}","{""HvyAlcoholConsump"": 0.0, ""PhysHlth"": 0.017482655313781143, ""Sex"": 0.0, ""Diabetes_binary"": 0.5781102175969726, ""HighBP"": 0.09955455692210659, ""Income"": 0.012436928413749606, ""Age"": 0.0, ""GenHlth"": 0.2277869757174393, ""BMI"": 0.0, ""PhysActivity"": 0.0, ""DiffWalk"": 0.0006898454746136866, ""MentHlth"": 0.024716177861873224, ""AnyHealthcare"": 0.0, ""NoDocbcCost"": 0.0, ""CholCheck"": 0.0, ""HeartDiseaseorAttack"": 0.0002759381898454746, ""HighChol"": 0.0007489750867234311, ""Stroke"": 0.0, ""Fruits"": 0.0, ""Veggies"": 0.0, ""Education"": 0.0, ""Smoker"": 0.0}","{""Diabetes_binary"": 0, ""HighBP"": 0, ""HighChol"": 0, ""CholCheck"": 0, ""BMI"": 0, ""Smoker"": 0, ""Stroke"": 0, ""HeartDiseaseorAttack"": 0, ""PhysActivity"": 0, ""Fruits"": 0, ""Veggies"": 0, ""HvyAlcoholConsump"": 0, ""AnyHealthcare"": 0, ""NoDocbcCost"": 0, ""GenHlth"": 0, ""MentHlth"": 0, ""PhysHlth"": 0, ""DiffWalk"": 0, ""Sex"": 0, ""Age"": 0, ""Education"": 0, ""Income"": 0}",1.4847710999893025,1.4375,12255232,81983,49496,655864,655864,10,cpu,1,2.14.1+cu130,d52d239,,,
L2,moderate,1,2000,nn_linear,nn,[],linear,,2000,1600,50736,50,0,3919899688,2354669116,-16.06385973856789,0.0167767561066525,0,0.6536778618732261,"{""Diabetes_binary"": -0.3295309841632843, ""HighBP"": -0.5820876359939575, ""HighChol"": -0.6726797223091125, ""CholCheck"": -0.15749727189540863, ""BMI"": -1.1417490243911743, ""Smoker"": -0.6872757077217102, ""Stroke"": -0.1502026915550232, ""HeartDiseaseorAttack"": -0.2838216722011566, ""PhysActivity"": -0.551465630531311, ""Fruits"": -0.6559338569641113, ""Veggies"": -0.48638564348220825, ""HvyAlcoholConsump"": -0.2140474021434784, ""AnyHealthcare"": -0.18621325492858887, ""NoDocbcCost"": -0.2586352825164795, ""GenHlth"": -1.3649982213974, ""MentHlth"": -0.8406553864479065, ""PhysHlth"": -0.9724642038345337, ""DiffWalk"": -0.4202638864517212, ""Sex"": -0.6863181591033936, ""Age"": -2.463245391845703, ""Education"": -1.2594853639602661, ""Income"": -1.698903203010559}","{""HvyAlcoholConsump"": 0.0, ""PhysHlth"": 0.017482655313781143, ""Sex"": 0.0, ""Diabetes_binary"": 0.5781102175969726, ""HighBP"": 0.09955455692210659, ""Income"": 0.012436928413749606, ""Age"": 0.0, ""GenHlth"": 0.2277869757174393, ""BMI"": 0.0, ""PhysActivity"": 0.0, ""DiffWalk"": 0.0006898454746136866, ""MentHlth"": 0.024716177861873224, ""AnyHealthcare"": 0.0, ""NoDocbcCost"": 0.0, ""CholCheck"": 0.0, ""HeartDiseaseorAttack"": 0.0002759381898454746, ""HighChol"": 0.0007489750867234311, ""Stroke"": 0.0, ""Fruits"": 0.0, ""Veggies"": 0.0, ""Education"": 0.0, ""Smoker"": 0.0}","{""Diabetes_binary"": 0, ""HighBP"": 0, ""HighChol"": 0, ""CholCheck"": 0, ""BMI"": 0, ""Smoker"": 0, ""Stroke"": 0, ""HeartDiseaseorAttack"": 0, ""PhysActivity"": 0, ""Fruits"": 0, ""Veggies"": 0, ""HvyAlcoholConsump"": 0, ""AnyHealthcare"": 0, ""NoDocbcCost"": 0, ""GenHlth"": 0, ""MentHlth"": 0, ""PhysHlth"": 0, ""DiffWalk"": 0, ""Sex"": 0, ""Age"": 0, ""Education"": 0, ""Income"": 0}",39.06697119999444,38.078125,-55087104,946,946,7568,3784,10,cpu,1,2.14.1+cu130,d52d239,124.22727272727272,106.86363636363636,0.1363636363636363
L2,moderate,1,2000,01_256x128_lr3e-4,nn,"[256, 128]",ReLU,,2000,1600,50736,50,0,3919899688,2354669116,-16.058599204477726,0.0170311940447666,0,0.6536778618732261,"{""Diabetes_binary"": -0.33348193764686584, ""HighBP"": -0.586138904094696, ""HighChol"": -0.6728180050849915, ""CholCheck"": -0.1582319736480713, ""BMI"": -1.1398792266845703, ""Smoker"": -0.6870542168617249, ""Stroke"": -0.14974859356880188, ""HeartDiseaseorAttack"": -0.28393998742103577, ""PhysActivity"": -0.5531260371208191, ""Fruits"": -0.6562418341636658, ""Veggies"": -0.4861138164997101, ""HvyAlcoholConsump"": -0.21410775184631348, ""AnyHealthcare"": -0.18672077357769012, ""NoDocbcCost"": -0.2596924901008606, ""GenHlth"": -1.3592044115066528, ""MentHlth"": -0.840476930141449, ""PhysHlth"": -0.9715816974639893, ""DiffWalk"": -0.4198404848575592, ""Sex"": -0.6863315105438232, ""Age"": -2.4624581336975098, ""Education"": -1.2588317394256592, ""Income"": -1.6925787925720215}","{""HvyAlcoholConsump"": 0.0, ""PhysHlth"": 0.017482655313781143, ""Sex"": 0.0, ""Diabetes_binary"": 0.5781102175969726, ""HighBP"": 0.09955455692210659, ""Income"": 0.012436928413749606, ""Age"": 0.0, ""GenHlth"": 0.2277869757174393, ""BMI"": 0.0, ""PhysActivity"": 0.0, ""DiffWalk"": 0.0006898454746136866, ""MentHlth"": 0.024716177861873224, ""AnyHealthcare"": 0.0, ""NoDocbcCost"": 0.0, ""CholCheck"": 0.0, ""HeartDiseaseorAttack"": 0.0002759381898454746, ""HighChol"": 0.0007489750867234311, ""Stroke"": 0.0, ""Fruits"": 0.0, ""Veggies"": 0.0, ""Education"": 0.0, ""Smoker"": 0.0}","{""Diabetes_binary"": 0, ""HighBP"": 0, ""HighChol"": 0, ""CholCheck"": 0, ""BMI"": 0, ""Smoker"": 0, ""Stroke"": 0, ""HeartDiseaseorAttack"": 0, ""PhysActivity"": 0, ""Fruits"": 0, ""Veggies"": 0, ""HvyAlcoholConsump"": 0, ""AnyHealthcare"": 0, ""NoDocbcCost"": 0, ""GenHlth"": 0, ""MentHlth"": 0, ""PhysHlth"": 0, ""DiffWalk"": 0, ""Sex"": 0, ""Age"": 0, ""Education"": 0, ""Income"": 0}",44.84457749998546,41.96875,5545984,805706,805706,6445648,3222824,10,cpu,1,2.14.1+cu130,d52d239,39.13636363636363,19.13636363636364,0.0
L2,moderate,1,2000,k6_128_64_9,nn,"[128, 64]",ReLU,,2000,1600,50736,50,0,3919899688,2354669116,-16.04881840479062,0.016992601107229,0,0.6536778618732261,"{""Diabetes_binary"": -0.3309369683265686, ""HighBP"": -0.5865749716758728, ""HighChol"": -0.6725869178771973, ""CholCheck"": -0.1583331823348999, ""BMI"": -1.139173984527588, ""Smoker"": -0.687048614025116, ""Stroke"": -0.14959819614887238, ""HeartDiseaseorAttack"": -0.2849027216434479, ""PhysActivity"": -0.552477240562439, ""Fruits"": -0.6562637686729431, ""Veggies"": -0.486113578081131, ""HvyAlcoholConsump"": -0.21421149373054504, ""AnyHealthcare"": -0.18595275282859802, ""NoDocbcCost"": -0.2601199746131897, ""GenHlth"": -1.356633186340332, ""MentHlth"": -0.8402305841445923, ""PhysHlth"": -0.9695058465003967, ""DiffWalk"": -0.4201790690422058, ""Sex"": -0.6861706376075745, ""Age"": -2.461995840072632, ""Education"": -1.2591317892074585, ""Income"": -1.6906766891479492}","{""HvyAlcoholConsump"": 0.0, ""PhysHlth"": 0.017482655313781143, ""Sex"": 0.0, ""Diabetes_binary"": 0.5781102175969726, ""HighBP"": 0.09955455692210659, ""Income"": 0.012436928413749606, ""Age"": 0.0, ""GenHlth"": 0.2277869757174393, ""BMI"": 0.0, ""PhysActivity"": 0.0, ""DiffWalk"": 0.0006898454746136866, ""MentHlth"": 0.024716177861873224, ""AnyHealthcare"": 0.0, ""NoDocbcCost"": 0.0, ""CholCheck"": 0.0, ""HeartDiseaseorAttack"": 0.0002759381898454746, ""HighChol"": 0.0007489750867234311, ""Stroke"": 0.0, ""Fruits"": 0.0, ""Veggies"": 0.0, ""Education"": 0.0, ""Smoker"": 0.0}","{""Diabetes_binary"": 0, ""HighBP"": 0, ""HighChol"": 0, ""CholCheck"": 0, ""BMI"": 0, ""Smoker"": 0, ""Stroke"": 0, ""HeartDiseaseorAttack"": 0, ""PhysActivity"": 0, ""Fruits"": 0, ""Veggies"": 0, ""HvyAlcoholConsump"": 0, ""AnyHealthcare"": 0, ""NoDocbcCost"": 0, ""GenHlth"": 0, ""MentHlth"": 0, ""PhysHlth"": 0, ""DiffWalk"": 0, ""Sex"": 0, ""Age"": 0, ""Education"": 0, ""Income"": 0}",69.69049300000188,66.84375,-98643968,222666,222666,1781328,890664,10,cpu,1,2.14.1+cu130,d52d239,93.4090909090909,43.40909090909091,0.0
L2,moderate,1,10000,mle,mle,,,,10000,10000,50736,50,0,2554408643,518085088,-22.94479171004932,0.0685806776453366,13631,0.2690988647114475,"{""Diabetes_binary"": -2.1515043732162065, ""HighBP"": -1.1202779420347453, ""HighChol"": -0.6718507333012411, ""CholCheck"": -0.15714670840988748, ""BMI"": -1.1340337927646387, ""Smoker"": -0.6870655877924997, ""Stroke"": -0.15192647424485523, ""HeartDiseaseorAttack"": -0.2964433748842019, ""PhysActivity"": -0.5486893268950861, ""Fruits"": -0.6559407031490243, ""Veggies"": -0.48611427610484453, ""HvyAlcoholConsump"": -0.2139094771840624, ""AnyHealthcare"": -0.18303736124987402, ""NoDocbcCost"": -0.25644499123382314, ""GenHlth"": -4.9602461614029245, ""MentHlth"": -1.2033109284017218, ""PhysHlth"": -1.2186772876621654, ""DiffWalk"": -0.41694518175665135, ""Sex"": -0.6860652425171541, ""Age"": -2.4612657009343306, ""Education"": -1.2591995778771425, ""Income"": -2.024696507032243}","{""HvyAlcoholConsump"": 0.0, ""PhysHlth"": 0.0026214128035320088, ""Sex"": 0.0, ""Diabetes_binary"": 0.2315515610217597, ""HighBP"": 0.023415326395458846, ""Income"": 0.0007095553453169347, ""Age"": 0.0, ""GenHlth"": 0.059208451592557554, ""BMI"": 0.0, ""PhysActivity"": 0.0, ""DiffWalk"": 0.0, ""MentHlth"": 0.0049471775465152945, ""AnyHealthcare"": 0.0, ""NoDocbcCost"": 0.0, ""CholCheck"": 0.0, ""HeartDiseaseorAttack"": 0.0002562283191422264, ""HighChol"": 0.0, ""Stroke"": 0.0, ""Fruits"": 0.0, ""Veggies"": 0.0, ""Education"": 0.0, ""Smoker"": 0.0}","{""Diabetes_binary"": 3459, ""HighBP"": 1029, ""HighChol"": 0, ""CholCheck"": 0, ""BMI"": 0, ""Smoker"": 0, ""Stroke"": 6, ""HeartDiseaseorAttack"": 29, ""PhysActivity"": 0, ""Fruits"": 0, ""Veggies"": 0, ""HvyAlcoholConsump"": 0, ""AnyHealthcare"": 0, ""NoDocbcCost"": 0, ""GenHlth"": 7165, ""MentHlth"": 732, ""PhysHlth"": 504, ""DiffWalk"": 1, ""Sex"": 0, ""Age"": 0, ""Education"": 0, ""Income"": 706}",0.5363428000127897,0.53125,45056,81983,49496,655864,655864,10,cpu,1,2.14.1+cu130,d52d239,,,
L2,moderate,1,10000,dirichlet_0.5,dirichlet,,,0.5,10000,10000,50736,50,0,2554408643,518085088,-16.294434516797306,0.0171023078282997,0,0.2690988647114475,"{""Diabetes_binary"": -0.46045502669905947, ""HighBP"": -0.6040588603800529, ""HighChol"": -0.6717985782693064, ""CholCheck"": -0.1569624634990844, ""BMI"": -1.1338949712050512, ""Smoker"": -0.687065650494471, ""Stroke"": -0.1490855265183277, ""HeartDiseaseorAttack"": -0.2833239788570719, ""PhysActivity"": -0.5486844338701912, ""Fruits"": -0.6559409636239034, ""Veggies"": -0.48611439473162754, ""HvyAlcoholConsump"": -0.213906415492464, ""AnyHealthcare"": -0.183018761290414, ""NoDocbcCost"": -0.25645848936952353, ""GenHlth"": -1.4577161735176027, ""MentHlth"": -0.8503973685484094, ""PhysHlth"": -0.9791635872451201, ""DiffWalk"": -0.4165011130771379, ""Sex"": -0.6860653161063931, ""Age"": -2.4612644775339834, ""Education"": -1.2591178215652923, ""Income"": -1.6934401449028216}","{""HvyAlcoholConsump"": 0.0, ""PhysHlth"": 0.0026214128035320088, ""Sex"": 0.0, ""Diabetes_binary"": 0.2315515610217597, ""HighBP"": 0.023415326395458846, ""Income"": 0.0007095553453169347, ""Age"": 0.0, ""GenHlth"": 0.059208451592557554, ""BMI"": 0.0, ""PhysActivity"": 0.0, ""DiffWalk"": 0.0, ""MentHlth"": 0.0049471775465152945, ""AnyHealthcare"": 0.0, ""NoDocbcCost"": 0.0, ""CholCheck"": 0.0, ""HeartDiseaseorAttack"": 0.0002562283191422264, ""HighChol"": 0.0, ""Stroke"": 0.0, ""Fruits"": 0.0, ""Veggies"": 0.0, ""Education"": 0.0, ""Smoker"": 0.0}","{""Diabetes_binary"": 0, ""HighBP"": 0, ""HighChol"": 0, ""CholCheck"": 0, ""BMI"": 0, ""Smoker"": 0, ""Stroke"": 0, ""HeartDiseaseorAttack"": 0, ""PhysActivity"": 0, ""Fruits"": 0, ""Veggies"": 0, ""HvyAlcoholConsump"": 0, ""AnyHealthcare"": 0, ""NoDocbcCost"": 0, ""GenHlth"": 0, ""MentHlth"": 0, ""PhysHlth"": 0, ""DiffWalk"": 0, ""Sex"": 0, ""Age"": 0, ""Education"": 0, ""Income"": 0}",1.545318999997107,1.4375,3002368,81983,49496,655864,655864,10,cpu,1,2.14.1+cu130,d52d239,,,
L2,moderate,1,10000,nn_linear,nn,[],linear,,10000,8000,50736,50,0,2554408643,518085088,-15.966782919263714,0.0165231780684763,0,0.2690988647114475,"{""Diabetes_binary"": -0.32276666164398193, ""HighBP"": -0.5774582028388977, ""HighChol"": -0.6715397834777832, ""CholCheck"": -0.1577461212873459, ""BMI"": -1.133704423904419, ""Smoker"": -0.6870898008346558, ""Stroke"": -0.14936082065105438, ""HeartDiseaseorAttack"": -0.28198859095573425, ""PhysActivity"": -0.548971951007843, ""Fruits"": -0.656491219997406, ""Veggies"": -0.48612555861473083, ""HvyAlcoholConsump"": -0.21384982764720917, ""AnyHealthcare"": -0.18371494114398956, ""NoDocbcCost"": -0.25669607520103455, ""GenHlth"": -1.3457088470458984, ""MentHlth"": -0.8310990333557129, ""PhysHlth"": -0.9647632241249084, ""DiffWalk"": -0.41696423292160034, ""Sex"": -0.687115490436554, ""Age"": -2.4616403579711914, ""Education"": -1.2590053081512451, ""Income"": -1.6729824542999268}","{""HvyAlcoholConsump"": 0.0, ""PhysHlth"": 0.0026214128035320088, ""Sex"": 0.0, ""Diabetes_binary"": 0.2315515610217597, ""HighBP"": 0.023415326395458846, ""Income"": 0.0007095553453169347, ""Age"": 0.0, ""GenHlth"": 0.059208451592557554, ""BMI"": 0.0, ""PhysActivity"": 0.0, ""DiffWalk"": 0.0, ""MentHlth"": 0.0049471775465152945, ""AnyHealthcare"": 0.0, ""NoDocbcCost"": 0.0, ""CholCheck"": 0.0, ""HeartDiseaseorAttack"": 0.0002562283191422264, ""HighChol"": 0.0, ""Stroke"": 0.0, ""Fruits"": 0.0, ""Veggies"": 0.0, ""Education"": 0.0, ""Smoker"": 0.0}","{""Diabetes_binary"": 0, ""HighBP"": 0, ""HighChol"": 0, ""CholCheck"": 0, ""BMI"": 0, ""Smoker"": 0, ""Stroke"": 0, ""HeartDiseaseorAttack"": 0, ""PhysActivity"": 0, ""Fruits"": 0, ""Veggies"": 0, ""HvyAlcoholConsump"": 0, ""AnyHealthcare"": 0, ""NoDocbcCost"": 0, ""GenHlth"": 0, ""MentHlth"": 0, ""PhysHlth"": 0, ""DiffWalk"": 0, ""Sex"": 0, ""Age"": 0, ""Education"": 0, ""Income"": 0}",112.11509330000264,109.046875,5087232,946,946,7568,3784,10,cpu,1,2.14.1+cu130,d52d239,64.4090909090909,44.40909090909091,0.0
L2,moderate,1,10000,01_256x128_lr3e-4,nn,"[256, 128]",ReLU,,10000,8000,50736,50,0,2554408643,518085088,-15.963109295895476,0.0165660272691812,0,0.2690988647114475,"{""Diabetes_binary"": -0.32375383377075195, ""HighBP"": -0.5765993595123291, ""HighChol"": -0.673087477684021, ""CholCheck"": -0.15658830106258392, ""BMI"": -1.1338719129562378, ""Smoker"": -0.6873553991317749, ""Stroke"": -0.14883364737033844, ""HeartDiseaseorAttack"": -0.2818956673145294, ""PhysActivity"": -0.5488864779472351, ""Fruits"": -0.6566172242164612, ""Veggies"": -0.48613661527633667, ""HvyAlcoholConsump"": -0.21385611593723297, ""AnyHealthcare"": -0.183237224817276, ""NoDocbcCost"": -0.2565906345844269, ""GenHlth"": -1.345035195350647, ""MentHlth"": -0.8312242031097412, ""PhysHlth"": -0.964418351650238, ""DiffWalk"": -0.4164186120033264, ""Sex"": -0.6869593858718872, ""Age"": -2.4617538452148438, ""Education"": -1.2597872018814087, ""Income"": -1.6702027320861816}","{""HvyAlcoholConsump"": 0.0, ""PhysHlth"": 0.0026214128035320088, ""Sex"": 0.0, ""Diabetes_binary"": 0.2315515610217597, ""HighBP"": 0.023415326395458846, ""Income"": 0.0007095553453169347, ""Age"": 0.0, ""GenHlth"": 0.059208451592557554, ""BMI"": 0.0, ""PhysActivity"": 0.0, ""DiffWalk"": 0.0, ""MentHlth"": 0.0049471775465152945, ""AnyHealthcare"": 0.0, ""NoDocbcCost"": 0.0, ""CholCheck"": 0.0, ""HeartDiseaseorAttack"": 0.0002562283191422264, ""HighChol"": 0.0, ""Stroke"": 0.0, ""Fruits"": 0.0, ""Veggies"": 0.0, ""Education"": 0.0, ""Smoker"": 0.0}","{""Diabetes_binary"": 0, ""HighBP"": 0, ""HighChol"": 0, ""CholCheck"": 0, ""BMI"": 0, ""Smoker"": 0, ""Stroke"": 0, ""HeartDiseaseorAttack"": 0, ""PhysActivity"": 0, ""Fruits"": 0, ""Veggies"": 0, ""HvyAlcoholConsump"": 0, ""AnyHealthcare"": 0, ""NoDocbcCost"": 0, ""GenHlth"": 0, ""MentHlth"": 0, ""PhysHlth"": 0, ""DiffWalk"": 0, ""Sex"": 0, ""Age"": 0, ""Education"": 0, ""Income"": 0}",170.07697179997922,160.984375,21868544,805706,805706,6445648,3222824,10,cpu,1,2.14.1+cu130,d52d239,32.36363636363637,12.363636363636363,0.0
L2,moderate,1,10000,k6_128_64_9,nn,"[128, 64]",ReLU,,10000,8000,50736,50,0,2554408643,518085088,-15.958617813151715,0.0165451620726286,0,0.2690988647114475,"{""Diabetes_binary"": -0.3230482339859009, ""HighBP"": -0.5773878693580627, ""HighChol"": -0.6718997359275818, ""CholCheck"": -0.1572851538658142, ""BMI"": -1.1334501504898071, ""Smoker"": -0.6874052882194519, ""Stroke"": -0.14896856248378754, ""HeartDiseaseorAttack"": -0.2818872928619385, ""PhysActivity"": -0.5490102171897888, ""Fruits"": -0.6572070121765137, ""Veggies"": -0.48614004254341125, ""HvyAlcoholConsump"": -0.21385179460048676, ""AnyHealthcare"": -0.1835528314113617, ""NoDocbcCost"": -0.2570042610168457, ""GenHlth"": -1.342652440071106, ""MentHlth"": -0.8306489586830139, ""PhysHlth"": -0.9641169309616089, ""DiffWalk"": -0.41655242443084717, ""Sex"": -0.6864230632781982, ""Age"": -2.46154522895813, ""Education"": -1.2593939304351807, ""Income"": -1.6691865921020508}","{""HvyAlcoholConsump"": 0.0, ""PhysHlth"": 0.0026214128035320088, ""Sex"": 0.0, ""Diabetes_binary"": 0.2315515610217597, ""HighBP"": 0.023415326395458846, ""Income"": 0.0007095553453169347, ""Age"": 0.0, ""GenHlth"": 0.059208451592557554, ""BMI"": 0.0, ""PhysActivity"": 0.0, ""DiffWalk"": 0.0, ""MentHlth"": 0.0049471775465152945, ""AnyHealthcare"": 0.0, ""NoDocbcCost"": 0.0, ""CholCheck"": 0.0, ""HeartDiseaseorAttack"": 0.0002562283191422264, ""HighChol"": 0.0, ""Stroke"": 0.0, ""Fruits"": 0.0, ""Veggies"": 0.0, ""Education"": 0.0, ""Smoker"": 0.0}","{""Diabetes_binary"": 0, ""HighBP"": 0, ""HighChol"": 0, ""CholCheck"": 0, ""BMI"": 0, ""Smoker"": 0, ""Stroke"": 0, ""HeartDiseaseorAttack"": 0, ""PhysActivity"": 0, ""Fruits"": 0, ""Veggies"": 0, ""HvyAlcoholConsump"": 0, ""AnyHealthcare"": 0, ""NoDocbcCost"": 0, ""GenHlth"": 0, ""MentHlth"": 0, ""PhysHlth"": 0, ""DiffWalk"": 0, ""Sex"": 0, ""Age"": 0, ""Education"": 0, ""Income"": 0}",276.96199579999666,266.203125,-100978688,222666,222666,1781328,890664,10,cpu,1,2.14.1+cu130,d52d239,76.27272727272727,26.27272727272728,0.0
L2,moderate,1,50000,mle,mle,,,,50000,50000,50736,50,0,3960146,3218330948,-18.22301767311307,0.0436397604643754,4456,0.072749132765689,"{""Diabetes_binary"": -1.2397684024241489, ""HighBP"": -0.704174664794615, ""HighChol"": -0.6713957742981916, ""CholCheck"": -0.15639354785786394, ""BMI"": -1.1313877056870372, ""Smoker"": -0.6870503438588855, ""Stroke"": -0.14849785876417076, ""HeartDiseaseorAttack"": -0.2830228879250513, ""PhysActivity"": -0.5487643496588951, ""Fruits"": -0.6558970363064838, ""Veggies"": -0.4861220266705282, ""HvyAlcoholConsump"": -0.21379779769751692, ""AnyHealthcare"": -0.18265868643204133, ""NoDocbcCost"": -0.2559172260081053, ""GenHlth"": -2.4435244195655326, ""MentHlth"": -0.9051928447537751, ""PhysHlth"": -0.9999355532189919, ""DiffWalk"": -0.4159573009352831, ""Sex"": -0.6860456925908064, ""Age"": -2.4611732253514242, ""Education"": -1.258616595386286, ""Income"": -1.6877237329274362}","{""HvyAlcoholConsump"": 0.0, ""PhysHlth"": 9.854935351624093e-05, ""Sex"": 0.0, ""Diabetes_binary"": 0.06291390728476821, ""HighBP"": 0.004828918322295806, ""Income"": 0.00019709870703248187, ""Age"": 0.0, ""GenHlth"": 0.011214916430148218, ""BMI"": 0.0, ""PhysActivity"": 0.0, ""DiffWalk"": 0.0, ""MentHlth"": 0.0002956480605487228, ""AnyHealthcare"": 0.0, ""NoDocbcCost"": 0.0, ""CholCheck"": 0.0, ""HeartDiseaseorAttack"": 0.0, ""HighChol"": 0.0, ""Stroke"": 0.0, ""Fruits"": 0.0, ""Veggies"": 0.0, ""Education"": 0.0, ""Smoker"": 0.0}","{""Diabetes_binary"": 1778, ""HighBP"": 242, ""HighChol"": 0, ""CholCheck"": 0, ""BMI"": 0, ""Smoker"": 0, ""Stroke"": 0, ""HeartDiseaseorAttack"": 3, ""PhysActivity"": 0, ""Fruits"": 0, ""Veggies"": 0, ""HvyAlcoholConsump"": 0, ""AnyHealthcare"": 0, ""NoDocbcCost"": 0, ""GenHlth"": 2170, ""MentHlth"": 145, ""PhysHlth"": 74, ""DiffWalk"": 1, ""Sex"": 0, ""Age"": 0, ""Education"": 0, ""Income"": 43}",0.4675729000009596,0.4375,3039232,81983,49496,655864,655864,10,cpu,1,2.14.1+cu130,d52d239,,,
L2,moderate,1,50000,dirichlet_0.5,dirichlet,,,0.5,50000,50000,50736,50,0,3960146,3218330948,-16.057472264643486,0.0169126694751615,0,0.072749132765689,"{""Diabetes_binary"": -0.3779399393246614, ""HighBP"": -0.5825344251210859, ""HighChol"": -0.6713955050028438, ""CholCheck"": -0.15638115423703808, ""BMI"": -1.131394615261436, ""Smoker"": -0.6870503487950426, ""Stroke"": -0.1484992875664907, ""HeartDiseaseorAttack"": -0.28173767255313686, ""PhysActivity"": -0.5487642947143081, ""Fruits"": -0.655897024077592, ""Veggies"": -0.486121959723589, ""HvyAlcoholConsump"": -0.2137978850775502, ""AnyHealthcare"": -0.1826578812522386, ""NoDocbcCost"": -0.2559187654886869, ""GenHlth"": -1.3900449524963423, ""MentHlth"": -0.8344974231285704, ""PhysHlth"": -0.96451414006636, ""DiffWalk"": -0.415494099180309, ""Sex"": -0.6860456967037729, ""Age"": -2.461172334738538, ""Education"": -1.2586164567651539, ""Income"": -1.6669964033687417}","{""HvyAlcoholConsump"": 0.0, ""PhysHlth"": 9.854935351624093e-05, ""Sex"": 0.0, ""Diabetes_binary"": 0.06291390728476821, ""HighBP"": 0.004828918322295806, ""Income"": 0.00019709870703248187, ""Age"": 0.0, ""GenHlth"": 0.011214916430148218, ""BMI"": 0.0, ""PhysActivity"": 0.0, ""DiffWalk"": 0.0, ""MentHlth"": 0.0002956480605487228, ""AnyHealthcare"": 0.0, ""NoDocbcCost"": 0.0, ""CholCheck"": 0.0, ""HeartDiseaseorAttack"": 0.0, ""HighChol"": 0.0, ""Stroke"": 0.0, ""Fruits"": 0.0, ""Veggies"": 0.0, ""Education"": 0.0, ""Smoker"": 0.0}","{""Diabetes_binary"": 0, ""HighBP"": 0, ""HighChol"": 0, ""CholCheck"": 0, ""BMI"": 0, ""Smoker"": 0, ""Stroke"": 0, ""HeartDiseaseorAttack"": 0, ""PhysActivity"": 0, ""Fruits"": 0, ""Veggies"": 0, ""HvyAlcoholConsump"": 0, ""AnyHealthcare"": 0, ""NoDocbcCost"": 0, ""GenHlth"": 0, ""MentHlth"": 0, ""PhysHlth"": 0, ""DiffWalk"": 0, ""Sex"": 0, ""Age"": 0, ""Education"": 0, ""Income"": 0}",1.5777913000201806,1.515625,-10919936,81983,49496,655864,655864,10,cpu,1,2.14.1+cu130,d52d239,,,
L2,moderate,1,full,mle,mle,,,,202944,202944,50736,50,0,1820781720,3220869015,-16.602620046022988,0.0279221354067717,1322,0.0158467360454115,"{""Diabetes_binary"": -0.6662299625241336, ""HighBP"": -0.600560738613928, ""HighChol"": -0.6712943187551186, ""CholCheck"": -0.1562535894440317, ""BMI"": -1.131183245578621, ""Smoker"": -0.6870565287303253, ""Stroke"": -0.14836664364069752, ""HeartDiseaseorAttack"": -0.2824438568409681, ""PhysActivity"": -0.548567242408623, ""Fruits"": -0.6559010186887708, ""Veggies"": -0.48612241774192505, ""HvyAlcoholConsump"": -0.21380753011230255, ""AnyHealthcare"": -0.1826377784215755, ""NoDocbcCost"": -0.2557848187349722, ""GenHlth"": -1.6228393069885658, ""MentHlth"": -0.8395885113238861, ""PhysHlth"": -0.9645656442821438, ""DiffWalk"": -0.4154021595543243, ""Sex"": -0.6860442361670731, ""Age"": -2.4610941824884907, ""Education"": -1.258580931677109, ""Income"": -1.6682953833053995}","{""HvyAlcoholConsump"": 0.0, ""PhysHlth"": 0.0, ""Sex"": 0.0, ""Diabetes_binary"": 0.013619520655944496, ""HighBP"": 0.0007095553453169347, ""Income"": 1.9709870703248187e-05, ""Age"": 0.0, ""GenHlth"": 0.002207505518763797, ""BMI"": 0.0, ""PhysActivity"": 0.0, ""DiffWalk"": 0.0, ""MentHlth"": 5.912961210974456e-05, ""AnyHealthcare"": 0.0, ""NoDocbcCost"": 0.0, ""CholCheck"": 0.0, ""HeartDiseaseorAttack"": 0.0, ""HighChol"": 0.0, ""Stroke"": 0.0, ""Fruits"": 0.0, ""Veggies"": 0.0, ""Education"": 0.0, ""Smoker"": 0.0}","{""Diabetes_binary"": 675, ""HighBP"": 48, ""HighChol"": 0, ""CholCheck"": 0, ""BMI"": 0, ""Smoker"": 0, ""Stroke"": 0, ""HeartDiseaseorAttack"": 2, ""PhysActivity"": 0, ""Fruits"": 0, ""Veggies"": 0, ""HvyAlcoholConsump"": 0, ""AnyHealthcare"": 0, ""NoDocbcCost"": 0, ""GenHlth"": 552, ""MentHlth"": 21, ""PhysHlth"": 9, ""DiffWalk"": 0, ""Sex"": 0, ""Age"": 0, ""Education"": 0, ""Income"": 15}",0.863705800002208,0.796875,573440,81983,49496,655864,655864,10,cpu,1,2.14.1+cu130,d52d239,,,
L2,moderate,1,full,dirichlet_0.5,dirichlet,,,0.5,202944,202944,50736,50,0,1820781720,3220869015,-15.965688125947484,0.0167060632979042,0,0.0158467360454115,"{""Diabetes_binary"": -0.3422780784276534, ""HighBP"": -0.5765042633127987, ""HighChol"": -0.6712944173598611, ""CholCheck"": -0.1562531335353185, ""BMI"": -1.1311862093583327, ""Smoker"": -0.6870565263530779, ""Stroke"": -0.14836768752691842, ""HeartDiseaseorAttack"": -0.2816221255372684, ""PhysActivity"": -0.5485670028292123, ""Fruits"": -0.65590102355139, ""Veggies"": -0.4861224008582145, ""HvyAlcoholConsump"": -0.2138075768847398, ""AnyHealthcare"": -0.1826378131267679, ""NoDocbcCost"": -0.2557851660214521, ""GenHlth"": -1.3562938650894472, ""MentHlth"": -0.8293511890389118, ""PhysHlth"": -0.9604528942558372, ""DiffWalk"": -0.415402129957064, ""Sex"": -0.6860442359672944, ""Age"": -2.4610940229939007, ""Education"": -1.2585811185044253, ""Income"": -1.661085245457599}","{""HvyAlcoholConsump"": 0.0, ""PhysHlth"": 0.0, ""Sex"": 0.0, ""Diabetes_binary"": 0.013619520655944496, ""HighBP"": 0.0007095553453169347, ""Income"": 1.9709870703248187e-05, ""Age"": 0.0, ""GenHlth"": 0.002207505518763797, ""BMI"": 0.0, ""PhysActivity"": 0.0, ""DiffWalk"": 0.0, ""MentHlth"": 5.912961210974456e-05, ""AnyHealthcare"": 0.0, ""NoDocbcCost"": 0.0, ""CholCheck"": 0.0, ""HeartDiseaseorAttack"": 0.0, ""HighChol"": 0.0, ""Stroke"": 0.0, ""Fruits"": 0.0, ""Veggies"": 0.0, ""Education"": 0.0, ""Smoker"": 0.0}","{""Diabetes_binary"": 0, ""HighBP"": 0, ""HighChol"": 0, ""CholCheck"": 0, ""BMI"": 0, ""Smoker"": 0, ""Stroke"": 0, ""HeartDiseaseorAttack"": 0, ""PhysActivity"": 0, ""Fruits"": 0, ""Veggies"": 0, ""HvyAlcoholConsump"": 0, ""AnyHealthcare"": 0, ""NoDocbcCost"": 0, ""GenHlth"": 0, ""MentHlth"": 0, ""PhysHlth"": 0, ""DiffWalk"": 0, ""Sex"": 0, ""Age"": 0, ""Education"": 0, ""Income"": 0}",1.958040700003039,1.8125,1224704,81983,49496,655864,655864,10,cpu,1,2.14.1+cu130,d52d239,,,
L1,moderate,0,500,mle,mle,,,,500,500,50736,50,0,1850590142,981146138,-23.35147666687699,0.089734678330691,21475,0.4541351308735414,"{""Diabetes_binary"": -2.570886562470929, ""HighBP"": -2.2901482075843242, ""HighChol"": -0.7522126389835108, ""CholCheck"": -0.2662683414654717, ""BMI"": -1.0147728259204207, ""Smoker"": -0.6870745080432203, ""Stroke"": -0.19259028491123234, ""HeartDiseaseorAttack"": -0.7508413386744189, ""PhysActivity"": -0.5584438133384655, ""Fruits"": -0.6593268177545696, ""Veggies"": -0.4789770786391798, ""HvyAlcoholConsump"": -0.21697094042785056, ""AnyHealthcare"": -0.18416102753825309, ""NoDocbcCost"": -0.2660764539966471, ""GenHlth"": -3.9188397804113118, ""MentHlth"": -1.4097929306602788, ""PhysHlth"": -1.251973643536476, ""DiffWalk"": -0.4387529083344795, ""Sex"": -0.6896582351532082, ""Age"": -1.683095472284591, ""Education"": -0.6771805294493572, ""Income"": -2.3934323272987963}","{""HvyAlcoholConsump"": 0.0, ""PhysHlth"": 0.005912961210974456, ""Sex"": 0.0, ""Diabetes_binary"": 0.3600402081362346, ""HighBP"": 0.09592794071270892, ""Income"": 0.00228634500157679, ""Age"": 0.0, ""GenHlth"": 0.1603003784295175, ""BMI"": 0.0, ""PhysActivity"": 0.0, ""DiffWalk"": 0.0008081046988331757, ""MentHlth"": 0.019256543677073478, ""AnyHealthcare"": 0.0, ""NoDocbcCost"": 0.0, ""CholCheck"": 0.0, ""HeartDiseaseorAttack"": 0.00934247871333964, ""HighChol"": 0.0017541784925890886, ""Stroke"": 0.0008869441816461685, ""Fruits"": 0.0, ""Veggies"": 0.0, ""Education"": 0.0, ""Smoker"": 0.0}","{""Diabetes_binary"": 4171, ""HighBP"": 3269, ""HighChol"": 126, ""CholCheck"": 168, ""BMI"": 471, ""Smoker"": 0, ""Stroke"": 72, ""HeartDiseaseorAttack"": 968, ""PhysActivity"": 0, ""Fruits"": 0, ""Veggies"": 0, ""HvyAlcoholConsump"": 0, ""AnyHealthcare"": 0, ""NoDocbcCost"": 0, ""GenHlth"": 6074, ""MentHlth"": 1988, ""PhysHlth"": 1458, ""DiffWalk"": 32, ""Sex"": 0, ""Age"": 0, ""Education"": 0, ""Income"": 2678}",0.1285988000163342,0.109375,729088,8529,4654,68232,68232,10,cpu,1,2.14.1+cu130,d52d239,,,
L1,moderate,0,500,dirichlet_0.5,dirichlet,,,0.5,500,500,50736,50,0,1850590142,981146138,-12.836841100309686,0.017812535534228,0,0.4541351308735414,"{""Diabetes_binary"": -0.5162825229781423, ""HighBP"": -0.6383958618336019, ""HighChol"": -0.6871121842161031, ""CholCheck"": -0.1776578879524808, ""BMI"": -0.8013075727856029, ""Smoker"": -0.6870808951905087, ""Stroke"": -0.15938332096401772, ""HeartDiseaseorAttack"": -0.295394244115805, ""PhysActivity"": -0.5585550617892874, ""Fruits"": -0.6592661379573693, ""Veggies"": -0.47898227640557833, ""HvyAlcoholConsump"": -0.2171150636435484, ""AnyHealthcare"": -0.18417770918177495, ""NoDocbcCost"": -0.26505534527968433, ""GenHlth"": -0.9108719667671831, ""MentHlth"": -0.4446248275052712, ""PhysHlth"": -0.5641106601467869, ""DiffWalk"": -0.42221216457318744, ""Sex"": -0.6896258547471104, ""Age"": -1.6831076729676802, ""Education"": -0.6773968841231486, ""Income"": -1.119124985185812}","{""HvyAlcoholConsump"": 0.0, ""PhysHlth"": 0.005912961210974456, ""Sex"": 0.0, ""Diabetes_binary"": 0.3600402081362346, ""HighBP"": 0.09592794071270892, ""Income"": 0.00228634500157679, ""Age"": 0.0, ""GenHlth"": 0.1603003784295175, ""BMI"": 0.0, ""PhysActivity"": 0.0, ""DiffWalk"": 0.0008081046988331757, ""MentHlth"": 0.019256543677073478, ""AnyHealthcare"": 0.0, ""NoDocbcCost"": 0.0, ""CholCheck"": 0.0, ""HeartDiseaseorAttack"": 0.00934247871333964, ""HighChol"": 0.0017541784925890886, ""Stroke"": 0.0008869441816461685, ""Fruits"": 0.0, ""Veggies"": 0.0, ""Education"": 0.0, ""Smoker"": 0.0}","{""Diabetes_binary"": 0, ""HighBP"": 0, ""HighChol"": 0, ""CholCheck"": 0, ""BMI"": 0, ""Smoker"": 0, ""Stroke"": 0, ""HeartDiseaseorAttack"": 0, ""PhysActivity"": 0, ""Fruits"": 0, ""Veggies"": 0, ""HvyAlcoholConsump"": 0, ""AnyHealthcare"": 0, ""NoDocbcCost"": 0, ""GenHlth"": 0, ""MentHlth"": 0, ""PhysHlth"": 0, ""DiffWalk"": 0, ""Sex"": 0, ""Age"": 0, ""Education"": 0, ""Income"": 0}",0.6383273999963421,0.578125,3424256,8529,4654,68232,68232,10,cpu,1,2.14.1+cu130,d52d239,,,
L1,moderate,0,500,nn_linear,nn,[],linear,,500,400,50736,50,0,1850590142,981146138,-12.60831536847082,0.0162397030255905,0,0.4541351308735414,"{""Diabetes_binary"": -0.33785155415534973, ""HighBP"": -0.5979996919631958, ""HighChol"": -0.6815708875656128, ""CholCheck"": -0.1568899303674698, ""BMI"": -0.7939075231552124, ""Smoker"": -0.6930845379829407, ""Stroke"": -0.15991470217704773, ""HeartDiseaseorAttack"": -0.2790042757987976, ""PhysActivity"": -0.5806885957717896, ""Fruits"": -0.6579394340515137, ""Veggies"": -0.4789903461933136, ""HvyAlcoholConsump"": -0.2724212110042572, ""AnyHealthcare"": -0.19725832343101501, ""NoDocbcCost"": -0.26635435223579407, ""GenHlth"": -0.8094531297683716, ""MentHlth"": -0.4144185483455658, ""PhysHlth"": -0.5247079133987427, ""DiffWalk"": -0.4280036389827728, ""Sex"": -0.6868606805801392, ""Age"": -1.6995491981506348, ""Education"": -0.7962627410888672, ""Income"": -1.095184087753296}","{""HvyAlcoholConsump"": 0.0, ""PhysHlth"": 0.005912961210974456, ""Sex"": 0.0, ""Diabetes_binary"": 0.3600402081362346, ""HighBP"": 0.09592794071270892, ""Income"": 0.00228634500157679, ""Age"": 0.0, ""GenHlth"": 0.1603003784295175, ""BMI"": 0.0, ""PhysActivity"": 0.0, ""DiffWalk"": 0.0008081046988331757, ""MentHlth"": 0.019256543677073478, ""AnyHealthcare"": 0.0, ""NoDocbcCost"": 0.0, ""CholCheck"": 0.0, ""HeartDiseaseorAttack"": 0.00934247871333964, ""HighChol"": 0.0017541784925890886, ""Stroke"": 0.0008869441816461685, ""Fruits"": 0.0, ""Veggies"": 0.0, ""Education"": 0.0, ""Smoker"": 0.0}","{""Diabetes_binary"": 0, ""HighBP"": 0, ""HighChol"": 0, ""CholCheck"": 0, ""BMI"": 0, ""Smoker"": 0, ""Stroke"": 0, ""HeartDiseaseorAttack"": 0, ""PhysActivity"": 0, ""Fruits"": 0, ""Veggies"": 0, ""HvyAlcoholConsump"": 0, ""AnyHealthcare"": 0, ""NoDocbcCost"": 0, ""GenHlth"": 0, ""MentHlth"": 0, ""PhysHlth"": 0, ""DiffWalk"": 0, ""Sex"": 0, ""Age"": 0, ""Education"": 0, ""Income"": 0}",16.59646580001572,15.46875,173555712,455,455,3640,1820,10,cpu,1,2.14.1+cu130,d52d239,163.9090909090909,152.5909090909091,0.5
L1,moderate,0,500,01_256x128_lr3e-4,nn,"[256, 128]",ReLU,,500,400,50736,50,0,1850590142,981146138,-12.530827008073608,0.0175599566578822,0,0.4541351308735414,"{""Diabetes_binary"": -0.3711298704147339, ""HighBP"": -0.6082979440689087, ""HighChol"": -0.6857118010520935, ""CholCheck"": -0.1734781265258789, ""BMI"": -0.7939320802688599, ""Smoker"": -0.6896642446517944, ""Stroke"": -0.15936557948589325, ""HeartDiseaseorAttack"": -0.2830955684185028, ""PhysActivity"": -0.5934234261512756, ""Fruits"": -0.6562690734863281, ""Veggies"": -0.47905433177948, ""HvyAlcoholConsump"": -0.2164868712425232, ""AnyHealthcare"": -0.18263910710811615, ""NoDocbcCost"": -0.26610875129699707, ""GenHlth"": -0.8216743469238281, ""MentHlth"": -0.4163452982902527, ""PhysHlth"": -0.5273637771606445, ""DiffWalk"": -0.44235000014305115, ""Sex"": -0.6916075944900513, ""Age"": -1.6839829683303833, ""Education"": -0.6957799792289734, ""Income"": -1.0930662155151367}","{""HvyAlcoholConsump"": 0.0, ""PhysHlth"": 0.005912961210974456, ""Sex"": 0.0, ""Diabetes_binary"": 0.3600402081362346, ""HighBP"": 0.09592794071270892, ""Income"": 0.00228634500157679, ""Age"": 0.0, ""GenHlth"": 0.1603003784295175, ""BMI"": 0.0, ""PhysActivity"": 0.0, ""DiffWalk"": 0.0008081046988331757, ""MentHlth"": 0.019256543677073478, ""AnyHealthcare"": 0.0, ""NoDocbcCost"": 0.0, ""CholCheck"": 0.0, ""HeartDiseaseorAttack"": 0.00934247871333964, ""HighChol"": 0.0017541784925890886, ""Stroke"": 0.0008869441816461685, ""Fruits"": 0.0, ""Veggies"": 0.0, ""Education"": 0.0, ""Smoker"": 0.0}","{""Diabetes_binary"": 0, ""HighBP"": 0, ""HighChol"": 0, ""CholCheck"": 0, ""BMI"": 0, ""Smoker"": 0, ""Stroke"": 0, ""HeartDiseaseorAttack"": 0, ""PhysActivity"": 0, ""Fruits"": 0, ""Veggies"": 0, ""HvyAlcoholConsump"": 0, ""AnyHealthcare"": 0, ""NoDocbcCost"": 0, ""GenHlth"": 0, ""MentHlth"": 0, ""PhysHlth"": 0, ""DiffWalk"": 0, ""Sex"": 0, ""Age"": 0, ""Education"": 0, ""Income"": 0}",21.21490829999675,19.859375,6307840,777911,777911,6223288,3111644,10,cpu,1,2.14.1+cu130,d52d239,59.90909090909091,39.90909090909091,0.0
L1,moderate,0,500,k6_128_64_9,nn,"[128, 64]",ReLU,,500,400,50736,50,0,1850590142,981146138,-12.480183716042406,0.0177108051466573,0,0.4541351308735414,"{""Diabetes_binary"": -0.35153284668922424, ""HighBP"": -0.6007795929908752, ""HighChol"": -0.6868895888328552, ""CholCheck"": -0.1789143681526184, ""BMI"": -0.7940768003463745, ""Smoker"": -0.6884169578552246, ""Stroke"": -0.16047704219818115, ""HeartDiseaseorAttack"": -0.285909503698349, ""PhysActivity"": -0.5838274359703064, ""Fruits"": -0.6561263799667358, ""Veggies"": -0.4790531098842621, ""HvyAlcoholConsump"": -0.2162591516971588, ""AnyHealthcare"": -0.18291878700256348, ""NoDocbcCost"": -0.26435402035713196, ""GenHlth"": -0.8103737831115723, ""MentHlth"": -0.4275578260421753, ""PhysHlth"": -0.5253762006759644, ""DiffWalk"": -0.4282985329627991, ""Sex"": -0.6889185905456543, ""Age"": -1.6840827465057373, ""Education"": -0.6909032464027405, ""Income"": -1.095137357711792}","{""HvyAlcoholConsump"": 0.0, ""PhysHlth"": 0.005912961210974456, ""Sex"": 0.0, ""Diabetes_binary"": 0.3600402081362346, ""HighBP"": 0.09592794071270892, ""Income"": 0.00228634500157679, ""Age"": 0.0, ""GenHlth"": 0.1603003784295175, ""BMI"": 0.0, ""PhysActivity"": 0.0, ""DiffWalk"": 0.0008081046988331757, ""MentHlth"": 0.019256543677073478, ""AnyHealthcare"": 0.0, ""NoDocbcCost"": 0.0, ""CholCheck"": 0.0, ""HeartDiseaseorAttack"": 0.00934247871333964, ""HighChol"": 0.0017541784925890886, ""Stroke"": 0.0008869441816461685, ""Fruits"": 0.0, ""Veggies"": 0.0, ""Education"": 0.0, ""Smoker"": 0.0}","{""Diabetes_binary"": 0, ""HighBP"": 0, ""HighChol"": 0, ""CholCheck"": 0, ""BMI"": 0, ""Smoker"": 0, ""Stroke"": 0, ""HeartDiseaseorAttack"": 0, ""PhysActivity"": 0, ""Fruits"": 0, ""Veggies"": 0, ""HvyAlcoholConsump"": 0, ""AnyHealthcare"": 0, ""NoDocbcCost"": 0, ""GenHlth"": 0, ""MentHlth"": 0, ""PhysHlth"": 0, ""DiffWalk"": 0, ""Sex"": 0, ""Age"": 0, ""Education"": 0, ""Income"": 0}",31.29843140000594,29.796875,-104947712,208759,208759,1670072,835036,10,cpu,1,2.14.1+cu130,d52d239,134.5909090909091,84.5909090909091,0.0
L1,moderate,0,2000,mle,mle,,,,2000,2000,50736,50,0,1808620605,184518865,-16.72324893852453,0.0597311540933706,8656,0.1853516240933459,"{""Diabetes_binary"": -1.8051342458179314, ""HighBP"": -1.371609396938328, ""HighChol"": -0.6872502657717691, ""CholCheck"": -0.15561025708748508, ""BMI"": -0.7889282438003009, ""Smoker"": -0.6867367511133377, ""Stroke"": -0.1570673914346572, ""HeartDiseaseorAttack"": -0.3858709791115244, ""PhysActivity"": -0.5554063493412812, ""Fruits"": -0.6560067905727168, ""Veggies"": -0.4794706570719201, ""HvyAlcoholConsump"": -0.21635220473296654, ""AnyHealthcare"": -0.18206657666890821, ""NoDocbcCost"": -0.26327379416500285, ""GenHlth"": -2.195251571206131, ""MentHlth"": -0.7162848429518632, ""PhysHlth"": -0.6973421697133503, ""DiffWalk"": -0.4246609686216152, ""Sex"": -0.686380329097694, ""Age"": -1.681320055092966, ""Education"": -0.6769769605006665, ""Income"": -1.2542481377121129}","{""HvyAlcoholConsump"": 0.0, ""PhysHlth"": 0.0022272153894670453, ""Sex"": 0.0, ""Diabetes_binary"": 0.15491958372753076, ""HighBP"": 0.027948596657205928, ""Income"": 0.0010840428886786503, ""Age"": 0.0, ""GenHlth"": 0.03516240933459477, ""BMI"": 0.0, ""PhysActivity"": 0.0, ""DiffWalk"": 0.0, ""MentHlth"": 0.0031338694418164615, ""AnyHealthcare"": 0.0, ""NoDocbcCost"": 0.0, ""CholCheck"": 0.0, ""HeartDiseaseorAttack"": 0.002660832544938505, ""HighChol"": 0.0, ""Stroke"": 0.0, ""Fruits"": 0.0, ""Veggies"": 0.0, ""Education"": 0.0, ""Smoker"": 0.0}","{""Diabetes_binary"": 2812, ""HighBP"": 1505, ""HighChol"": 22, ""CholCheck"": 0, ""BMI"": 0, ""Smoker"": 0, ""Stroke"": 7, ""HeartDiseaseorAttack"": 223, ""PhysActivity"": 0, ""Fruits"": 0, ""Veggies"": 0, ""HvyAlcoholConsump"": 0, ""AnyHealthcare"": 0, ""NoDocbcCost"": 0, ""GenHlth"": 2751, ""MentHlth"": 621, ""PhysHlth"": 370, ""DiffWalk"": 9, ""Sex"": 0, ""Age"": 0, ""Education"": 0, ""Income"": 336}",0.0922527999791782,0.09375,151552,8529,4654,68232,68232,10,cpu,1,2.14.1+cu130,d52d239,,,
L1,moderate,0,2000,dirichlet_0.5,dirichlet,,,0.5,2000,2000,50736,50,0,1808620605,184518865,-12.483583840801211,0.0174248274859698,0,0.1853516240933459,"{""Diabetes_binary"": -0.42935880410544186, ""HighBP"": -0.6149800099645711, ""HighChol"": -0.6757836947577317, ""CholCheck"": -0.15554715585292025, ""BMI"": -0.7885954362801327, ""Smoker"": -0.6867381548692308, ""Stroke"": -0.15372944506268657, ""HeartDiseaseorAttack"": -0.2824262000663746, ""PhysActivity"": -0.5553773378929616, ""Fruits"": -0.6560064841395128, ""Veggies"": -0.4794825950693797, ""HvyAlcoholConsump"": -0.21637130693032658, ""AnyHealthcare"": -0.18206628827269175, ""NoDocbcCost"": -0.26324874539059034, ""GenHlth"": -0.845319036815942, ""MentHlth"": -0.41853670397635895, ""PhysHlth"": -0.526258564687501, ""DiffWalk"": -0.4202227930838258, ""Sex"": -0.6863804012079582, ""Age"": -1.6813265880262138, ""Education"": -0.6769664977327768, ""Income"": -1.0888615966160833}","{""HvyAlcoholConsump"": 0.0, ""PhysHlth"": 0.0022272153894670453, ""Sex"": 0.0, ""Diabetes_binary"": 0.15491958372753076, ""HighBP"": 0.027948596657205928, ""Income"": 0.0010840428886786503, ""Age"": 0.0, ""GenHlth"": 0.03516240933459477, ""BMI"": 0.0, ""PhysActivity"": 0.0, ""DiffWalk"": 0.0, ""MentHlth"": 0.0031338694418164615, ""AnyHealthcare"": 0.0, ""NoDocbcCost"": 0.0, ""CholCheck"": 0.0, ""HeartDiseaseorAttack"": 0.002660832544938505, ""HighChol"": 0.0, ""Stroke"": 0.0, ""Fruits"": 0.0, ""Veggies"": 0.0, ""Education"": 0.0, ""Smoker"": 0.0}","{""Diabetes_binary"": 0, ""HighBP"": 0, ""HighChol"": 0, ""CholCheck"": 0, ""BMI"": 0, ""Smoker"": 0, ""Stroke"": 0, ""HeartDiseaseorAttack"": 0, ""PhysActivity"": 0, ""Fruits"": 0, ""Veggies"": 0, ""HvyAlcoholConsump"": 0, ""AnyHealthcare"": 0, ""NoDocbcCost"": 0, ""GenHlth"": 0, ""MentHlth"": 0, ""PhysHlth"": 0, ""DiffWalk"": 0, ""Sex"": 0, ""Age"": 0, ""Education"": 0, ""Income"": 0}",0.3534040999948047,0.359375,2555904,8529,4654,68232,68232,10,cpu,1,2.14.1+cu130,d52d239,,,
L1,moderate,0,2000,nn_linear,nn,[],linear,,2000,1600,50736,50,0,1808620605,184518865,-12.26408649569928,0.0168421940533726,0,0.1853516240933459,"{""Diabetes_binary"": -0.3280743360519409, ""HighBP"": -0.592229425907135, ""HighChol"": -0.6725586652755737, ""CholCheck"": -0.15501372516155243, ""BMI"": -0.7892921566963196, ""Smoker"": -0.690739631652832, ""Stroke"": -0.15381254255771637, ""HeartDiseaseorAttack"": -0.2759356200695038, ""PhysActivity"": -0.5550699830055237, ""Fruits"": -0.6560683250427246, ""Veggies"": -0.47986114025115967, ""HvyAlcoholConsump"": -0.21689359843730927, ""AnyHealthcare"": -0.1820971518754959, ""NoDocbcCost"": -0.2634412944316864, ""GenHlth"": -0.786639392375946, ""MentHlth"": -0.4068571925163269, ""PhysHlth"": -0.512441098690033, ""DiffWalk"": -0.42039498686790466, ""Sex"": -0.6864014863967896, ""Age"": -1.683842420578003, ""Education"": -0.6769524216651917, ""Income"": -1.0794696807861328}","{""HvyAlcoholConsump"": 0.0, ""PhysHlth"": 0.0022272153894670453, ""Sex"": 0.0, ""Diabetes_binary"": 0.15491958372753076, ""HighBP"": 0.027948596657205928, ""Income"": 0.0010840428886786503, ""Age"": 0.0, ""GenHlth"": 0.03516240933459477, ""BMI"": 0.0, ""PhysActivity"": 0.0, ""DiffWalk"": 0.0, ""MentHlth"": 0.0031338694418164615, ""AnyHealthcare"": 0.0, ""NoDocbcCost"": 0.0, ""CholCheck"": 0.0, ""HeartDiseaseorAttack"": 0.002660832544938505, ""HighChol"": 0.0, ""Stroke"": 0.0, ""Fruits"": 0.0, ""Veggies"": 0.0, ""Education"": 0.0, ""Smoker"": 0.0}","{""Diabetes_binary"": 0, ""HighBP"": 0, ""HighChol"": 0, ""CholCheck"": 0, ""BMI"": 0, ""Smoker"": 0, ""Stroke"": 0, ""HeartDiseaseorAttack"": 0, ""PhysActivity"": 0, ""Fruits"": 0, ""Veggies"": 0, ""HvyAlcoholConsump"": 0, ""AnyHealthcare"": 0, ""NoDocbcCost"": 0, ""GenHlth"": 0, ""MentHlth"": 0, ""PhysHlth"": 0, ""DiffWalk"": 0, ""Sex"": 0, ""Age"": 0, ""Education"": 0, ""Income"": 0}",38.31011080002645,37.34375,-55332864,455,455,3640,1820,10,cpu,1,2.14.1+cu130,d52d239,121.72727272727272,101.77272727272728,0.0454545454545454
L1,moderate,0,2000,01_256x128_lr3e-4,nn,"[256, 128]",ReLU,,2000,1600,50736,50,0,1808620605,184518865,-12.263744639773622,0.0170058854673511,0,0.1853516240933459,"{""Diabetes_binary"": -0.3288510739803314, ""HighBP"": -0.593296468257904, ""HighChol"": -0.6754413843154907, ""CholCheck"": -0.1561812311410904, ""BMI"": -0.7891374826431274, ""Smoker"": -0.688225269317627, ""Stroke"": -0.15364132821559906, ""HeartDiseaseorAttack"": -0.27620118856430054, ""PhysActivity"": -0.5552641153335571, ""Fruits"": -0.6560604572296143, ""Veggies"": -0.4789777398109436, ""HvyAlcoholConsump"": -0.21647293865680695, ""AnyHealthcare"": -0.18222901225090027, ""NoDocbcCost"": -0.26226815581321716, ""GenHlth"": -0.7853889465332031, ""MentHlth"": -0.4058675467967987, ""PhysHlth"": -0.5130674242973328, ""DiffWalk"": -0.4200032651424408, ""Sex"": -0.686585009098053, ""Age"": -1.6831333637237549, ""Education"": -0.6771701574325562, ""Income"": -1.0802812576293945}","{""HvyAlcoholConsump"": 0.0, ""PhysHlth"": 0.0022272153894670453, ""Sex"": 0.0, ""Diabetes_binary"": 0.15491958372753076, ""HighBP"": 0.027948596657205928, ""Income"": 0.0010840428886786503, ""Age"": 0.0, ""GenHlth"": 0.03516240933459477, ""BMI"": 0.0, ""PhysActivity"": 0.0, ""DiffWalk"": 0.0, ""MentHlth"": 0.0031338694418164615, ""AnyHealthcare"": 0.0, ""NoDocbcCost"": 0.0, ""CholCheck"": 0.0, ""HeartDiseaseorAttack"": 0.002660832544938505, ""HighChol"": 0.0, ""Stroke"": 0.0, ""Fruits"": 0.0, ""Veggies"": 0.0, ""Education"": 0.0, ""Smoker"": 0.0}","{""Diabetes_binary"": 0, ""HighBP"": 0, ""HighChol"": 0, ""CholCheck"": 0, ""BMI"": 0, ""Smoker"": 0, ""Stroke"": 0, ""HeartDiseaseorAttack"": 0, ""PhysActivity"": 0, ""Fruits"": 0, ""Veggies"": 0, ""HvyAlcoholConsump"": 0, ""AnyHealthcare"": 0, ""NoDocbcCost"": 0, ""GenHlth"": 0, ""MentHlth"": 0, ""PhysHlth"": 0, ""DiffWalk"": 0, ""Sex"": 0, ""Age"": 0, ""Education"": 0, ""Income"": 0}",42.87386619998142,39.8125,7598080,777911,777911,6223288,3111644,10,cpu,1,2.14.1+cu130,d52d239,36.68181818181818,16.681818181818183,0.0
L1,moderate,0,2000,k6_128_64_9,nn,"[128, 64]",ReLU,,2000,1600,50736,50,0,1808620605,184518865,-12.266859797278014,0.0170860760102699,0,0.1853516240933459,"{""Diabetes_binary"": -0.3279820382595062, ""HighBP"": -0.592486560344696, ""HighChol"": -0.6741982102394104, ""CholCheck"": -0.1557902842760086, ""BMI"": -0.78905189037323, ""Smoker"": -0.6885643601417542, ""Stroke"": -0.15347935259342194, ""HeartDiseaseorAttack"": -0.2774493992328644, ""PhysActivity"": -0.5551011562347412, ""Fruits"": -0.6560852527618408, ""Veggies"": -0.4789741039276123, ""HvyAlcoholConsump"": -0.2162971943616867, ""AnyHealthcare"": -0.1821775585412979, ""NoDocbcCost"": -0.2620566785335541, ""GenHlth"": -0.7872035503387451, ""MentHlth"": -0.40769436955451965, ""PhysHlth"": -0.5147796273231506, ""DiffWalk"": -0.4211556613445282, ""Sex"": -0.6866982579231262, ""Age"": -1.6815412044525146, ""Education"": -0.6772438883781433, ""Income"": -1.080849289894104}","{""HvyAlcoholConsump"": 0.0, ""PhysHlth"": 0.0022272153894670453, ""Sex"": 0.0, ""Diabetes_binary"": 0.15491958372753076, ""HighBP"": 0.027948596657205928, ""Income"": 0.0010840428886786503, ""Age"": 0.0, ""GenHlth"": 0.03516240933459477, ""BMI"": 0.0, ""PhysActivity"": 0.0, ""DiffWalk"": 0.0, ""MentHlth"": 0.0031338694418164615, ""AnyHealthcare"": 0.0, ""NoDocbcCost"": 0.0, ""CholCheck"": 0.0, ""HeartDiseaseorAttack"": 0.002660832544938505, ""HighChol"": 0.0, ""Stroke"": 0.0, ""Fruits"": 0.0, ""Veggies"": 0.0, ""Education"": 0.0, ""Smoker"": 0.0}","{""Diabetes_binary"": 0, ""HighBP"": 0, ""HighChol"": 0, ""CholCheck"": 0, ""BMI"": 0, ""Smoker"": 0, ""Stroke"": 0, ""HeartDiseaseorAttack"": 0, ""PhysActivity"": 0, ""Fruits"": 0, ""Veggies"": 0, ""HvyAlcoholConsump"": 0, ""AnyHealthcare"": 0, ""NoDocbcCost"": 0, ""GenHlth"": 0, ""MentHlth"": 0, ""PhysHlth"": 0, ""DiffWalk"": 0, ""Sex"": 0, ""Age"": 0, ""Education"": 0, ""Income"": 0}",63.29798179998761,60.9375,-116731904,208759,208759,1670072,835036,10,cpu,1,2.14.1+cu130,d52d239,84.04545454545455,34.04545454545455,0.0
L1,moderate,0,10000,mle,mle,,,,10000,10000,50736,50,0,2624760806,2575112927,-13.574368666483211,0.0366669257357739,2617,0.0484271523178807,"{""Diabetes_binary"": -1.022988223633307, ""HighBP"": -0.7522788360631798, ""HighChol"": -0.6722462921297406, ""CholCheck"": -0.15425876052726323, ""BMI"": -0.7872832487212233, ""Smoker"": -0.6863436320945413, ""Stroke"": -0.15323049942063338, ""HeartDiseaseorAttack"": -0.29048330309712656, ""PhysActivity"": -0.5548461185910821, ""Fruits"": -0.6561987757470139, ""Veggies"": -0.47901536908017406, ""HvyAlcoholConsump"": -0.21613839210087965, ""AnyHealthcare"": -0.18199007553186344, ""NoDocbcCost"": -0.26090358986708767, ""GenHlth"": -1.149601060331957, ""MentHlth"": -0.4581098732682384, ""PhysHlth"": -0.5454929914175582, ""DiffWalk"": -0.41871361098925586, ""Sex"": -0.6865095311101096, ""Age"": -1.6809056631691692, ""Education"": -0.6766083749778478, ""Income"": -1.090222444613961}","{""HvyAlcoholConsump"": 0.0, ""PhysHlth"": 0.0, ""Sex"": 0.0, ""Diabetes_binary"": 0.03845395774203721, ""HighBP"": 0.006780195521917377, ""Income"": 0.0, ""Age"": 0.0, ""GenHlth"": 0.007529170608640807, ""BMI"": 0.0, ""PhysActivity"": 0.0, ""DiffWalk"": 0.0, ""MentHlth"": 0.0004336171554714601, ""AnyHealthcare"": 0.0, ""NoDocbcCost"": 0.0, ""CholCheck"": 0.0, ""HeartDiseaseorAttack"": 0.00019709870703248187, ""HighChol"": 0.0, ""Stroke"": 0.0, ""Fruits"": 0.0, ""Veggies"": 0.0, ""Education"": 0.0, ""Smoker"": 0.0}","{""Diabetes_binary"": 1354, ""HighBP"": 309, ""HighChol"": 0, ""CholCheck"": 0, ""BMI"": 0, ""Smoker"": 0, ""Stroke"": 0, ""HeartDiseaseorAttack"": 30, ""PhysActivity"": 0, ""Fruits"": 0, ""Veggies"": 0, ""HvyAlcoholConsump"": 0, ""AnyHealthcare"": 0, ""NoDocbcCost"": 0, ""GenHlth"": 722, ""MentHlth"": 103, ""PhysHlth"": 69, ""DiffWalk"": 0, ""Sex"": 0, ""Age"": 0, ""Education"": 0, ""Income"": 30}",0.1450786999776028,0.15625,8192,8529,4654,68232,68232,10,cpu,1,2.14.1+cu130,d52d239,,,
L1,moderate,0,10000,dirichlet_0.5,dirichlet,,,0.5,10000,10000,50736,50,0,2624760806,2575112927,-12.29907156035543,0.0170812555906082,0,0.0484271523178807,"{""Diabetes_binary"": -0.36249901514307903, ""HighBP"": -0.5967646851693827, ""HighChol"": -0.6722300920447462, ""CholCheck"": -0.15426550516032836, ""BMI"": -0.78724640158246, ""Smoker"": -0.6863438067886809, ""Stroke"": -0.15320513317771536, ""HeartDiseaseorAttack"": -0.2768650581749312, ""PhysActivity"": -0.5548436979323945, ""Fruits"": -0.6561992882635851, ""Veggies"": -0.4790160933013289, ""HvyAlcoholConsump"": -0.21613839896170625, ""AnyHealthcare"": -0.18199561805336886, ""NoDocbcCost"": -0.2609084650056745, ""GenHlth"": -0.7999806452844103, ""MentHlth"": -0.4087697102785175, ""PhysHlth"": -0.513135843370025, ""DiffWalk"": -0.4187460457718483, ""Sex"": -0.6865093160649165, ""Age"": -1.6809049753736651, ""Education"": -0.6766103410447594, ""Income"": -1.075893424407905}","{""HvyAlcoholConsump"": 0.0, ""PhysHlth"": 0.0, ""Sex"": 0.0, ""Diabetes_binary"": 0.03845395774203721, ""HighBP"": 0.006780195521917377, ""Income"": 0.0, ""Age"": 0.0, ""GenHlth"": 0.007529170608640807, ""BMI"": 0.0, ""PhysActivity"": 0.0, ""DiffWalk"": 0.0, ""MentHlth"": 0.0004336171554714601, ""AnyHealthcare"": 0.0, ""NoDocbcCost"": 0.0, ""CholCheck"": 0.0, ""HeartDiseaseorAttack"": 0.00019709870703248187, ""HighChol"": 0.0, ""Stroke"": 0.0, ""Fruits"": 0.0, ""Veggies"": 0.0, ""Education"": 0.0, ""Smoker"": 0.0}","{""Diabetes_binary"": 0, ""HighBP"": 0, ""HighChol"": 0, ""CholCheck"": 0, ""BMI"": 0, ""Smoker"": 0, ""Stroke"": 0, ""HeartDiseaseorAttack"": 0, ""PhysActivity"": 0, ""Fruits"": 0, ""Veggies"": 0, ""HvyAlcoholConsump"": 0, ""AnyHealthcare"": 0, ""NoDocbcCost"": 0, ""GenHlth"": 0, ""MentHlth"": 0, ""PhysHlth"": 0, ""DiffWalk"": 0, ""Sex"": 0, ""Age"": 0, ""Education"": 0, ""Income"": 0}",0.2453864999988582,0.25,176128,8529,4654,68232,68232,10,cpu,1,2.14.1+cu130,d52d239,,,
L1,moderate,0,10000,nn_linear,nn,[],linear,,10000,8000,50736,50,0,2624760806,2575112927,-12.231389602032593,0.0167960018911657,0,0.0484271523178807,"{""Diabetes_binary"": -0.32631492614746094, ""HighBP"": -0.5894566178321838, ""HighChol"": -0.6720711588859558, ""CholCheck"": -0.15430787205696106, ""BMI"": -0.7871111631393433, ""Smoker"": -0.6864139437675476, ""Stroke"": -0.1536135971546173, ""HeartDiseaseorAttack"": -0.27507859468460083, ""PhysActivity"": -0.5549240708351135, ""Fruits"": -0.6573385000228882, ""Veggies"": -0.479008287191391, ""HvyAlcoholConsump"": -0.21623115241527557, ""AnyHealthcare"": -0.18187376856803894, ""NoDocbcCost"": -0.26114195585250854, ""GenHlth"": -0.7800686359405518, ""MentHlth"": -0.4052458703517914, ""PhysHlth"": -0.5105944275856018, ""DiffWalk"": -0.42000097036361694, ""Sex"": -0.6886976957321167, ""Age"": -1.6809176206588745, ""Education"": -0.676641583442688, ""Income"": -1.074337124824524}","{""HvyAlcoholConsump"": 0.0, ""PhysHlth"": 0.0, ""Sex"": 0.0, ""Diabetes_binary"": 0.03845395774203721, ""HighBP"": 0.006780195521917377, ""Income"": 0.0, ""Age"": 0.0, ""GenHlth"": 0.007529170608640807, ""BMI"": 0.0, ""PhysActivity"": 0.0, ""DiffWalk"": 0.0, ""MentHlth"": 0.0004336171554714601, ""AnyHealthcare"": 0.0, ""NoDocbcCost"": 0.0, ""CholCheck"": 0.0, ""HeartDiseaseorAttack"": 0.00019709870703248187, ""HighChol"": 0.0, ""Stroke"": 0.0, ""Fruits"": 0.0, ""Veggies"": 0.0, ""Education"": 0.0, ""Smoker"": 0.0}","{""Diabetes_binary"": 0, ""HighBP"": 0, ""HighChol"": 0, ""CholCheck"": 0, ""BMI"": 0, ""Smoker"": 0, ""Stroke"": 0, ""HeartDiseaseorAttack"": 0, ""PhysActivity"": 0, ""Fruits"": 0, ""Veggies"": 0, ""HvyAlcoholConsump"": 0, ""AnyHealthcare"": 0, ""NoDocbcCost"": 0, ""GenHlth"": 0, ""MentHlth"": 0, ""PhysHlth"": 0, ""DiffWalk"": 0, ""Sex"": 0, ""Age"": 0, ""Education"": 0, ""Income"": 0}",86.91707080000197,84.859375,-52805632,455,455,3640,1820,10,cpu,1,2.14.1+cu130,d52d239,54.40909090909091,34.40909090909091,0.0
L1,moderate,0,10000,01_256x128_lr3e-4,nn,"[256, 128]",ReLU,,10000,8000,50736,50,0,2624760806,2575112927,-12.233885223989182,0.0168735321592681,0,0.0484271523178807,"{""Diabetes_binary"": -0.3267267048358917, ""HighBP"": -0.588343620300293, ""HighChol"": -0.6720172762870789, ""CholCheck"": -0.15432222187519073, ""BMI"": -0.787707507610321, ""Smoker"": -0.6862254738807678, ""Stroke"": -0.15334546566009521, ""HeartDiseaseorAttack"": -0.27567175030708313, ""PhysActivity"": -0.5548240542411804, ""Fruits"": -0.6568870544433594, ""Veggies"": -0.47897738218307495, ""HvyAlcoholConsump"": -0.21620570123195648, ""AnyHealthcare"": -0.18286468088626862, ""NoDocbcCost"": -0.26112672686576843, ""GenHlth"": -0.7798799276351929, ""MentHlth"": -0.4060739278793335, ""PhysHlth"": -0.5127798318862915, ""DiffWalk"": -0.4193248748779297, ""Sex"": -0.6870141625404358, ""Age"": -1.681146502494812, ""Education"": -0.6766176819801331, ""Income"": -1.0758025646209717}","{""HvyAlcoholConsump"": 0.0, ""PhysHlth"": 0.0, ""Sex"": 0.0, ""Diabetes_binary"": 0.03845395774203721, ""HighBP"": 0.006780195521917377, ""Income"": 0.0, ""Age"": 0.0, ""GenHlth"": 0.007529170608640807, ""BMI"": 0.0, ""PhysActivity"": 0.0, ""DiffWalk"": 0.0, ""MentHlth"": 0.0004336171554714601, ""AnyHealthcare"": 0.0, ""NoDocbcCost"": 0.0, ""CholCheck"": 0.0, ""HeartDiseaseorAttack"": 0.00019709870703248187, ""HighChol"": 0.0, ""Stroke"": 0.0, ""Fruits"": 0.0, ""Veggies"": 0.0, ""Education"": 0.0, ""Smoker"": 0.0}","{""Diabetes_binary"": 0, ""HighBP"": 0, ""HighChol"": 0, ""CholCheck"": 0, ""BMI"": 0, ""Smoker"": 0, ""Stroke"": 0, ""HeartDiseaseorAttack"": 0, ""PhysActivity"": 0, ""Fruits"": 0, ""Veggies"": 0, ""HvyAlcoholConsump"": 0, ""AnyHealthcare"": 0, ""NoDocbcCost"": 0, ""GenHlth"": 0, ""MentHlth"": 0, ""PhysHlth"": 0, ""DiffWalk"": 0, ""Sex"": 0, ""Age"": 0, ""Education"": 0, ""Income"": 0}",182.22553039999912,172.4375,12730368,777911,777911,6223288,3111644,10,cpu,1,2.14.1+cu130,d52d239,35.68181818181818,15.681818181818182,0.0
L1,moderate,0,10000,k6_128_64_9,nn,"[128, 64]",ReLU,,10000,8000,50736,50,0,2624760806,2575112927,-12.230266407800997,0.0169408143386281,0,0.0484271523178807,"{""Diabetes_binary"": -0.32658734917640686, ""HighBP"": -0.5883793830871582, ""HighChol"": -0.672027587890625, ""CholCheck"": -0.15430401265621185, ""BMI"": -0.7872703671455383, ""Smoker"": -0.6864017844200134, ""Stroke"": -0.15340040624141693, ""HeartDiseaseorAttack"": -0.2759711444377899, ""PhysActivity"": -0.5548737049102783, ""Fruits"": -0.6572037935256958, ""Veggies"": -0.47897568345069885, ""HvyAlcoholConsump"": -0.21620270609855652, ""AnyHealthcare"": -0.1817498356103897, ""NoDocbcCost"": -0.2612665295600891, ""GenHlth"": -0.7797644734382629, ""MentHlth"": -0.40605005621910095, ""PhysHlth"": -0.5120574235916138, ""DiffWalk"": -0.4189346134662628, ""Sex"": -0.6869632005691528, ""Age"": -1.6809231042861938, ""Education"": -0.676656186580658, ""Income"": -1.0743029117584229}","{""HvyAlcoholConsump"": 0.0, ""PhysHlth"": 0.0, ""Sex"": 0.0, ""Diabetes_binary"": 0.03845395774203721, ""HighBP"": 0.006780195521917377, ""Income"": 0.0, ""Age"": 0.0, ""GenHlth"": 0.007529170608640807, ""BMI"": 0.0, ""PhysActivity"": 0.0, ""DiffWalk"": 0.0, ""MentHlth"": 0.0004336171554714601, ""AnyHealthcare"": 0.0, ""NoDocbcCost"": 0.0, ""CholCheck"": 0.0, ""HeartDiseaseorAttack"": 0.00019709870703248187, ""HighChol"": 0.0, ""Stroke"": 0.0, ""Fruits"": 0.0, ""Veggies"": 0.0, ""Education"": 0.0, ""Smoker"": 0.0}","{""Diabetes_binary"": 0, ""HighBP"": 0, ""HighChol"": 0, ""CholCheck"": 0, ""BMI"": 0, ""Smoker"": 0, ""Stroke"": 0, ""HeartDiseaseorAttack"": 0, ""PhysActivity"": 0, ""Fruits"": 0, ""Veggies"": 0, ""HvyAlcoholConsump"": 0, ""AnyHealthcare"": 0, ""NoDocbcCost"": 0, ""GenHlth"": 0, ""MentHlth"": 0, ""PhysHlth"": 0, ""DiffWalk"": 0, ""Sex"": 0, ""Age"": 0, ""Education"": 0, ""Income"": 0}",309.5982469000155,297.421875,-92200960,208759,208759,1670072,835036,10,cpu,1,2.14.1+cu130,d52d239,83.0909090909091,33.09090909090909,0.0
L1,moderate,0,50000,mle,mle,,,,50000,50000,50736,50,0,2918163265,711292373,-12.5426157460608,0.0235252938927922,643,0.0091453800063071,"{""Diabetes_binary"": -0.535043335824026, ""HighBP"": -0.6241713094042101, ""HighChol"": -0.6721956764316703, ""CholCheck"": -0.15404817093295023, ""BMI"": -0.7864326677564569, ""Smoker"": -0.6863036713418744, ""Stroke"": -0.1532397699043464, ""HeartDiseaseorAttack"": -0.27651356138533484, ""PhysActivity"": -0.5546098729928035, ""Fruits"": -0.6560184901815553, ""Veggies"": -0.47902934645962025, ""HvyAlcoholConsump"": -0.2161390010346352, ""AnyHealthcare"": -0.18188304341801212, ""NoDocbcCost"": -0.26077319549124767, ""GenHlth"": -0.8542569230135145, ""MentHlth"": -0.40957124038250997, ""PhysHlth"": -0.508610833955436, ""DiffWalk"": -0.41833080218332647, ""Sex"": -0.6863943288000695, ""Age"": -1.680786788109792, ""Education"": -0.6766326615449223, ""Income"": -1.0716310555124848}","{""HvyAlcoholConsump"": 0.0, ""PhysHlth"": 0.0, ""Sex"": 0.0, ""Diabetes_binary"": 0.007785398927783033, ""HighBP"": 0.0006701356039104383, ""Income"": 0.0, ""Age"": 0.0, ""GenHlth"": 0.0009854935351624094, ""BMI"": 0.0, ""PhysActivity"": 0.0, ""DiffWalk"": 0.0, ""MentHlth"": 3.941974140649637e-05, ""AnyHealthcare"": 0.0, ""NoDocbcCost"": 0.0, ""CholCheck"": 0.0, ""HeartDiseaseorAttack"": 0.0, ""HighChol"": 0.0, ""Stroke"": 0.0, ""Fruits"": 0.0, ""Veggies"": 0.0, ""Education"": 0.0, ""Smoker"": 0.0}","{""Diabetes_binary"": 409, ""HighBP"": 70, ""HighChol"": 0, ""CholCheck"": 0, ""BMI"": 0, ""Smoker"": 0, ""Stroke"": 0, ""HeartDiseaseorAttack"": 3, ""PhysActivity"": 0, ""Fruits"": 0, ""Veggies"": 0, ""HvyAlcoholConsump"": 0, ""AnyHealthcare"": 0, ""NoDocbcCost"": 0, ""GenHlth"": 150, ""MentHlth"": 10, ""PhysHlth"": 1, ""DiffWalk"": 0, ""Sex"": 0, ""Age"": 0, ""Education"": 0, ""Income"": 0}",0.2237905999936629,0.203125,1941504,8529,4654,68232,68232,10,cpu,1,2.14.1+cu130,d52d239,,,
L1,moderate,0,50000,dirichlet_0.5,dirichlet,,,0.5,50000,50000,50736,50,0,2918163265,711292373,-12.229652288436789,0.016998733274231,0,0.0091453800063071,"{""Diabetes_binary"": -0.3358851450201442, ""HighBP"": -0.5888214465559777, ""HighChol"": -0.672195028930414, ""CholCheck"": -0.15404680210246424, ""BMI"": -0.7864306197587023, ""Smoker"": -0.6863037019872846, ""Stroke"": -0.1532247244890048, ""HeartDiseaseorAttack"": -0.27514079540364217, ""PhysActivity"": -0.5546095934923285, ""Fruits"": -0.6560185195475845, ""Veggies"": -0.4790295129261631, ""HvyAlcoholConsump"": -0.21613895900577956, ""AnyHealthcare"": -0.18188410587162215, ""NoDocbcCost"": -0.2607743939200643, ""GenHlth"": -0.7825243181175787, ""MentHlth"": -0.40478914847362824, ""PhysHlth"": -0.5081454282628983, ""DiffWalk"": -0.41832359724279733, ""Sex"": -0.6863943154966359, ""Age"": -1.6807867651302668, ""Education"": -0.676632266385855, ""Income"": -1.0715531003159509}","{""HvyAlcoholConsump"": 0.0, ""PhysHlth"": 0.0, ""Sex"": 0.0, ""Diabetes_binary"": 0.007785398927783033, ""HighBP"": 0.0006701356039104383, ""Income"": 0.0, ""Age"": 0.0, ""GenHlth"": 0.0009854935351624094, ""BMI"": 0.0, ""PhysActivity"": 0.0, ""DiffWalk"": 0.0, ""MentHlth"": 3.941974140649637e-05, ""AnyHealthcare"": 0.0, ""NoDocbcCost"": 0.0, ""CholCheck"": 0.0, ""HeartDiseaseorAttack"": 0.0, ""HighChol"": 0.0, ""Stroke"": 0.0, ""Fruits"": 0.0, ""Veggies"": 0.0, ""Education"": 0.0, ""Smoker"": 0.0}","{""Diabetes_binary"": 0, ""HighBP"": 0, ""HighChol"": 0, ""CholCheck"": 0, ""BMI"": 0, ""Smoker"": 0, ""Stroke"": 0, ""HeartDiseaseorAttack"": 0, ""PhysActivity"": 0, ""Fruits"": 0, ""Veggies"": 0, ""HvyAlcoholConsump"": 0, ""AnyHealthcare"": 0, ""NoDocbcCost"": 0, ""GenHlth"": 0, ""MentHlth"": 0, ""PhysHlth"": 0, ""DiffWalk"": 0, ""Sex"": 0, ""Age"": 0, ""Education"": 0, ""Income"": 0}",0.3284703999815974,0.3125,507904,8529,4654,68232,68232,10,cpu,1,2.14.1+cu130,d52d239,,,
L1,moderate,0,full,mle,mle,,,,202944,202944,50736,50,0,2939416794,94352712,-12.275892982051298,0.0185948327985795,134,0.0018527278461053,"{""Diabetes_binary"": -0.36881199604478804, ""HighBP"": -0.5934362139104931, ""HighChol"": -0.672119881089989, ""CholCheck"": -0.15403824220814116, ""BMI"": -0.7864265049584325, ""Smoker"": -0.6862077167586905, ""Stroke"": -0.15307511881214864, ""HeartDiseaseorAttack"": -0.27485812323250897, ""PhysActivity"": -0.5546360124971748, ""Fruits"": -0.6560089185977807, ""Veggies"": -0.4790376944589789, ""HvyAlcoholConsump"": -0.21613849121313752, ""AnyHealthcare"": -0.1817778966826119, ""NoDocbcCost"": -0.26074148164055155, ""GenHlth"": -0.7934831475781439, ""MentHlth"": -0.4050595733810718, ""PhysHlth"": -0.507563314821456, ""DiffWalk"": -0.41837692448462094, ""Sex"": -0.686387234062623, ""Age"": -1.6807904742901913, ""Education"": -0.6766086959582526, ""Income"": -1.07030932536951}","{""HvyAlcoholConsump"": 0.0, ""PhysHlth"": 0.0, ""Sex"": 0.0, ""Diabetes_binary"": 0.0016162093976663514, ""HighBP"": 0.00011825922421948912, ""Income"": 0.0, ""Age"": 0.0, ""GenHlth"": 0.0001379690949227373, ""BMI"": 0.0, ""PhysActivity"": 0.0, ""DiffWalk"": 0.0, ""MentHlth"": 0.0, ""AnyHealthcare"": 0.0, ""NoDocbcCost"": 0.0, ""CholCheck"": 0.0, ""HeartDiseaseorAttack"": 0.0, ""HighChol"": 0.0, ""Stroke"": 0.0, ""Fruits"": 0.0, ""Veggies"": 0.0, ""Education"": 0.0, ""Smoker"": 0.0}","{""Diabetes_binary"": 87, ""HighBP"": 13, ""HighChol"": 0, ""CholCheck"": 0, ""BMI"": 0, ""Smoker"": 0, ""Stroke"": 0, ""HeartDiseaseorAttack"": 0, ""PhysActivity"": 0, ""Fruits"": 0, ""Veggies"": 0, ""HvyAlcoholConsump"": 0, ""AnyHealthcare"": 0, ""NoDocbcCost"": 0, ""GenHlth"": 32, ""MentHlth"": 2, ""PhysHlth"": 0, ""DiffWalk"": 0, ""Sex"": 0, ""Age"": 0, ""Education"": 0, ""Income"": 0}",0.6564066999999341,0.625,12288,8529,4654,68232,68232,10,cpu,1,2.14.1+cu130,d52d239,,,
L1,moderate,0,full,dirichlet_0.5,dirichlet,,,0.5,202944,202944,50736,50,0,2939416794,94352712,-12.211152879122055,0.016955460521147,0,0.0018527278461053,"{""Diabetes_binary"": -0.3266522258749671, ""HighBP"": -0.5870161885407016, ""HighChol"": -0.6721197724504829, ""CholCheck"": -0.15403843621556085, ""BMI"": -0.7864259351248702, ""Smoker"": -0.6862077196560818, ""Stroke"": -0.15307406738773757, ""HeartDiseaseorAttack"": -0.27484514425724765, ""PhysActivity"": -0.5546358512621654, ""Fruits"": -0.6560089227616381, ""Veggies"": -0.47903773836044405, ""HvyAlcoholConsump"": -0.2161384955228512, ""AnyHealthcare"": -0.18177809770846085, ""NoDocbcCost"": -0.26074148703155414, ""GenHlth"": -0.7782637734378886, ""MentHlth"": -0.4041337431851503, ""PhysHlth"": -0.5075738450600575, ""DiffWalk"": -0.41837539233908844, ""Sex"": -0.6863872317315141, ""Age"": -1.6807904689864628, ""Education"": -0.6766086032135483, ""Income"": -1.070299739013586}","{""HvyAlcoholConsump"": 0.0, ""PhysHlth"": 0.0, ""Sex"": 0.0, ""Diabetes_binary"": 0.0016162093976663514, ""HighBP"": 0.00011825922421948912, ""Income"": 0.0, ""Age"": 0.0, ""GenHlth"": 0.0001379690949227373, ""BMI"": 0.0, ""PhysActivity"": 0.0, ""DiffWalk"": 0.0, ""MentHlth"": 0.0, ""AnyHealthcare"": 0.0, ""NoDocbcCost"": 0.0, ""CholCheck"": 0.0, ""HeartDiseaseorAttack"": 0.0, ""HighChol"": 0.0, ""Stroke"": 0.0, ""Fruits"": 0.0, ""Veggies"": 0.0, ""Education"": 0.0, ""Smoker"": 0.0}","{""Diabetes_binary"": 0, ""HighBP"": 0, ""HighChol"": 0, ""CholCheck"": 0, ""BMI"": 0, ""Smoker"": 0, ""Stroke"": 0, ""HeartDiseaseorAttack"": 0, ""PhysActivity"": 0, ""Fruits"": 0, ""Veggies"": 0, ""HvyAlcoholConsump"": 0, ""AnyHealthcare"": 0, ""NoDocbcCost"": 0, ""GenHlth"": 0, ""MentHlth"": 0, ""PhysHlth"": 0, ""DiffWalk"": 0, ""Sex"": 0, ""Age"": 0, ""Education"": 0, ""Income"": 0}",0.7819913999992423,0.75,172032,8529,4654,68232,68232,10,cpu,1,2.14.1+cu130,d52d239,,,
L1,moderate,3,500,mle,mle,,,,500,500,50736,50,0,1992681986,2247842987,-22.1576024047122,0.0812897273550762,18995,0.4567565436770734,"{""Diabetes_binary"": -1.9542692175276026, ""HighBP"": -2.3500975944465456, ""HighChol"": -0.8558004766017374, ""CholCheck"": -0.1990882781747198, ""BMI"": -0.7944416081349339, ""Smoker"": -0.6874174971719904, ""Stroke"": -0.26133969460156103, ""HeartDiseaseorAttack"": -0.6474175426289066, ""PhysActivity"": -0.5520718264630826, ""Fruits"": -0.6586528806442108, ""Veggies"": -0.48826028258600923, ""HvyAlcoholConsump"": -0.22017979465882875, ""AnyHealthcare"": -0.1914254024026024, ""NoDocbcCost"": -0.2674816953961678, ""GenHlth"": -4.185286887444633, ""MentHlth"": -1.2861864307484425, ""PhysHlth"": -0.961545380190616, ""DiffWalk"": -0.4575879893576087, ""Sex"": -0.6862479226025318, ""Age"": -1.687254021203417, ""Education"": -0.6805890371897694, ""Income"": -2.0849609445362836}","{""HvyAlcoholConsump"": 0.0, ""PhysHlth"": 0.008948281299274677, ""Sex"": 0.0, ""Diabetes_binary"": 0.36638678650268053, ""HighBP"": 0.0891280353200883, ""Income"": 0.007647429832860296, ""Age"": 0.0, ""GenHlth"": 0.16148297067171238, ""BMI"": 0.0, ""PhysActivity"": 0.0, ""DiffWalk"": 0.0008869441816461685, ""MentHlth"": 0.011707663197729423, ""AnyHealthcare"": 0.0, ""NoDocbcCost"": 0.0, ""CholCheck"": 0.0, ""HeartDiseaseorAttack"": 0.01022942289498581, ""HighChol"": 0.004888047934405551, ""Stroke"": 0.0008278145695364238, ""Fruits"": 0.0, ""Veggies"": 0.0, ""Education"": 0.0, ""Smoker"": 0.0}","{""Diabetes_binary"": 2952, ""HighBP"": 3395, ""HighChol"": 324, ""CholCheck"": 83, ""BMI"": 0, ""Smoker"": 0, ""Stroke"": 210, ""HeartDiseaseorAttack"": 763, ""PhysActivity"": 0, ""Fruits"": 0, ""Veggies"": 0, ""HvyAlcoholConsump"": 0, ""AnyHealthcare"": 0, ""NoDocbcCost"": 0, ""GenHlth"": 6609, ""MentHlth"": 1781, ""PhysHlth"": 897, ""DiffWalk"": 87, ""Sex"": 0, ""Age"": 0, ""Education"": 0, ""Income"": 1894}",0.1838486999913584,0.1875,122880,8529,4654,68232,68232,10,cpu,1,2.14.1+cu130,d52d239,,,
L1,moderate,3,500,dirichlet_0.5,dirichlet,,,0.5,500,500,50736,50,0,1992681986,2247842987,-12.873068586869664,0.0169350015778076,0,0.4567565436770734,"{""Diabetes_binary"": -0.5199567819815454, ""HighBP"": -0.6459181210716142, ""HighChol"": -0.694466238454545, ""CholCheck"": -0.15906105940354476, ""BMI"": -0.7938788611665691, ""Smoker"": -0.6874219182977517, ""Stroke"": -0.16158270188478252, ""HeartDiseaseorAttack"": -0.29768716726836236, ""PhysActivity"": -0.5525269249861016, ""Fruits"": -0.6586738086690065, ""Veggies"": -0.4883222024223773, ""HvyAlcoholConsump"": -0.22022472371600238, ""AnyHealthcare"": -0.1902715084696745, ""NoDocbcCost"": -0.2646735824030949, ""GenHlth"": -0.9187336102376029, ""MentHlth"": -0.4411533584796375, ""PhysHlth"": -0.5454350420098427, ""DiffWalk"": -0.41764467938832683, ""Sex"": -0.6862384462534775, ""Age"": -1.6865211947255239, ""Education"": -0.6810350767217361, ""Income"": -1.1616415788585466}","{""HvyAlcoholConsump"": 0.0, ""PhysHlth"": 0.008948281299274677, ""Sex"": 0.0, ""Diabetes_binary"": 0.36638678650268053, ""HighBP"": 0.0891280353200883, ""Income"": 0.007647429832860296, ""Age"": 0.0, ""GenHlth"": 0.16148297067171238, ""BMI"": 0.0, ""PhysActivity"": 0.0, ""DiffWalk"": 0.0008869441816461685, ""MentHlth"": 0.011707663197729423, ""AnyHealthcare"": 0.0, ""NoDocbcCost"": 0.0, ""CholCheck"": 0.0, ""HeartDiseaseorAttack"": 0.01022942289498581, ""HighChol"": 0.004888047934405551, ""Stroke"": 0.0008278145695364238, ""Fruits"": 0.0, ""Veggies"": 0.0, ""Education"": 0.0, ""Smoker"": 0.0}","{""Diabetes_binary"": 0, ""HighBP"": 0, ""HighChol"": 0, ""CholCheck"": 0, ""BMI"": 0, ""Smoker"": 0, ""Stroke"": 0, ""HeartDiseaseorAttack"": 0, ""PhysActivity"": 0, ""Fruits"": 0, ""Veggies"": 0, ""HvyAlcoholConsump"": 0, ""AnyHealthcare"": 0, ""NoDocbcCost"": 0, ""GenHlth"": 0, ""MentHlth"": 0, ""PhysHlth"": 0, ""DiffWalk"": 0, ""Sex"": 0, ""Age"": 0, ""Education"": 0, ""Income"": 0}",0.2914350999926682,0.28125,16384,8529,4654,68232,68232,10,cpu,1,2.14.1+cu130,d52d239,,,
L1,moderate,3,500,nn_linear,nn,[],linear,,500,400,50736,50,0,1992681986,2247842987,-12.486214627223294,0.0152323362025219,0,0.4567565436770734,"{""Diabetes_binary"": -0.3583129644393921, ""HighBP"": -0.6091691851615906, ""HighChol"": -0.6772212982177734, ""CholCheck"": -0.1600632667541504, ""BMI"": -0.8204159736633301, ""Smoker"": -0.6888375282287598, ""Stroke"": -0.16546276211738586, ""HeartDiseaseorAttack"": -0.2761186957359314, ""PhysActivity"": -0.5539783239364624, ""Fruits"": -0.659893274307251, ""Veggies"": -0.4973912835121155, ""HvyAlcoholConsump"": -0.22424165904521942, ""AnyHealthcare"": -0.20851953327655792, ""NoDocbcCost"": -0.26111751794815063, ""GenHlth"": -0.7914144992828369, ""MentHlth"": -0.4139871895313263, ""PhysHlth"": -0.5091955065727234, ""DiffWalk"": -0.4288467466831207, ""Sex"": -0.6876225471496582, ""Age"": -1.6803280115127563, ""Education"": -0.716860294342041, ""Income"": -1.0972166061401367}","{""HvyAlcoholConsump"": 0.0, ""PhysHlth"": 0.008948281299274677, ""Sex"": 0.0, ""Diabetes_binary"": 0.36638678650268053, ""HighBP"": 0.0891280353200883, ""Income"": 0.007647429832860296, ""Age"": 0.0, ""GenHlth"": 0.16148297067171238, ""BMI"": 0.0, ""PhysActivity"": 0.0, ""DiffWalk"": 0.0008869441816461685, ""MentHlth"": 0.011707663197729423, ""AnyHealthcare"": 0.0, ""NoDocbcCost"": 0.0, ""CholCheck"": 0.0, ""HeartDiseaseorAttack"": 0.01022942289498581, ""HighChol"": 0.004888047934405551, ""Stroke"": 0.0008278145695364238, ""Fruits"": 0.0, ""Veggies"": 0.0, ""Education"": 0.0, ""Smoker"": 0.0}","{""Diabetes_binary"": 0, ""HighBP"": 0, ""HighChol"": 0, ""CholCheck"": 0, ""BMI"": 0, ""Smoker"": 0, ""Stroke"": 0, ""HeartDiseaseorAttack"": 0, ""PhysActivity"": 0, ""Fruits"": 0, ""Veggies"": 0, ""HvyAlcoholConsump"": 0, ""AnyHealthcare"": 0, ""NoDocbcCost"": 0, ""GenHlth"": 0, ""MentHlth"": 0, ""PhysHlth"": 0, ""DiffWalk"": 0, ""Sex"": 0, ""Age"": 0, ""Education"": 0, ""Income"": 0}",18.127077499986623,17.234375,-30900224,455,455,3640,1820,10,cpu,1,2.14.1+cu130,d52d239,154.63636363636363,144.5,0.5
L1,moderate,3,500,01_256x128_lr3e-4,nn,"[256, 128]",ReLU,,500,400,50736,50,0,1992681986,2247842987,-12.45849940609606,0.0163886693545533,0,0.4567565436770734,"{""Diabetes_binary"": -0.34900522232055664, ""HighBP"": -0.6113066673278809, ""HighChol"": -0.6784619688987732, ""CholCheck"": -0.1557413786649704, ""BMI"": -0.8412542343139648, ""Smoker"": -0.6872806549072266, ""Stroke"": -0.16536161303520203, ""HeartDiseaseorAttack"": -0.2777887284755707, ""PhysActivity"": -0.5560122132301331, ""Fruits"": -0.6614965200424194, ""Veggies"": -0.4873429536819458, ""HvyAlcoholConsump"": -0.22034162282943726, ""AnyHealthcare"": -0.1920650750398636, ""NoDocbcCost"": -0.26560595631599426, ""GenHlth"": -0.7953894734382629, ""MentHlth"": -0.410407692193985, ""PhysHlth"": -0.5129718780517578, ""DiffWalk"": -0.4401337802410126, ""Sex"": -0.6873807907104492, ""Age"": -1.6858837604522705, ""Education"": -0.6796368360519409, ""Income"": -1.097630500793457}","{""HvyAlcoholConsump"": 0.0, ""PhysHlth"": 0.008948281299274677, ""Sex"": 0.0, ""Diabetes_binary"": 0.36638678650268053, ""HighBP"": 0.0891280353200883, ""Income"": 0.007647429832860296, ""Age"": 0.0, ""GenHlth"": 0.16148297067171238, ""BMI"": 0.0, ""PhysActivity"": 0.0, ""DiffWalk"": 0.0008869441816461685, ""MentHlth"": 0.011707663197729423, ""AnyHealthcare"": 0.0, ""NoDocbcCost"": 0.0, ""CholCheck"": 0.0, ""HeartDiseaseorAttack"": 0.01022942289498581, ""HighChol"": 0.004888047934405551, ""Stroke"": 0.0008278145695364238, ""Fruits"": 0.0, ""Veggies"": 0.0, ""Education"": 0.0, ""Smoker"": 0.0}","{""Diabetes_binary"": 0, ""HighBP"": 0, ""HighChol"": 0, ""CholCheck"": 0, ""BMI"": 0, ""Smoker"": 0, ""Stroke"": 0, ""HeartDiseaseorAttack"": 0, ""PhysActivity"": 0, ""Fruits"": 0, ""Veggies"": 0, ""HvyAlcoholConsump"": 0, ""AnyHealthcare"": 0, ""NoDocbcCost"": 0, ""GenHlth"": 0, ""MentHlth"": 0, ""PhysHlth"": 0, ""DiffWalk"": 0, ""Sex"": 0, ""Age"": 0, ""Education"": 0, ""Income"": 0}",13.913303800014546,13.234375,7172096,777911,777911,6223288,3111644,10,cpu,1,2.14.1+cu130,d52d239,52.72727272727273,32.72727272727273,0.0
L1,moderate,3,500,k6_128_64_9,nn,"[128, 64]",ReLU,,500,400,50736,50,0,1992681986,2247842987,-12.414172627646357,0.0167868309135025,0,0.4567565436770734,"{""Diabetes_binary"": -0.34570643305778503, ""HighBP"": -0.611240804195404, ""HighChol"": -0.6834549903869629, ""CholCheck"": -0.15823261439800262, ""BMI"": -0.7916616797447205, ""Smoker"": -0.6870750188827515, ""Stroke"": -0.1642284244298935, ""HeartDiseaseorAttack"": -0.2786848247051239, ""PhysActivity"": -0.5538992881774902, ""Fruits"": -0.6610047221183777, ""Veggies"": -0.48754069209098816, ""HvyAlcoholConsump"": -0.22015678882598877, ""AnyHealthcare"": -0.19369205832481384, ""NoDocbcCost"": -0.26120081543922424, ""GenHlth"": -0.7950750589370728, ""MentHlth"": -0.41160881519317627, ""PhysHlth"": -0.5108921527862549, ""DiffWalk"": -0.44033998250961304, ""Sex"": -0.6876110434532166, ""Age"": -1.686563491821289, ""Education"": -0.6806233525276184, ""Income"": -1.1036796569824219}","{""HvyAlcoholConsump"": 0.0, ""PhysHlth"": 0.008948281299274677, ""Sex"": 0.0, ""Diabetes_binary"": 0.36638678650268053, ""HighBP"": 0.0891280353200883, ""Income"": 0.007647429832860296, ""Age"": 0.0, ""GenHlth"": 0.16148297067171238, ""BMI"": 0.0, ""PhysActivity"": 0.0, ""DiffWalk"": 0.0008869441816461685, ""MentHlth"": 0.011707663197729423, ""AnyHealthcare"": 0.0, ""NoDocbcCost"": 0.0, ""CholCheck"": 0.0, ""HeartDiseaseorAttack"": 0.01022942289498581, ""HighChol"": 0.004888047934405551, ""Stroke"": 0.0008278145695364238, ""Fruits"": 0.0, ""Veggies"": 0.0, ""Education"": 0.0, ""Smoker"": 0.0}","{""Diabetes_binary"": 0, ""HighBP"": 0, ""HighChol"": 0, ""CholCheck"": 0, ""BMI"": 0, ""Smoker"": 0, ""Stroke"": 0, ""HeartDiseaseorAttack"": 0, ""PhysActivity"": 0, ""Fruits"": 0, ""Veggies"": 0, ""HvyAlcoholConsump"": 0, ""AnyHealthcare"": 0, ""NoDocbcCost"": 0, ""GenHlth"": 0, ""MentHlth"": 0, ""PhysHlth"": 0, ""DiffWalk"": 0, ""Sex"": 0, ""Age"": 0, ""Education"": 0, ""Income"": 0}",32.17364150000503,30.453125,-127619072,208759,208759,1670072,835036,10,cpu,1,2.14.1+cu130,d52d239,121.13636363636364,71.13636363636364,0.0
L1,moderate,3,2000,mle,mle,,,,2000,2000,50736,50,0,2959222598,717861015,-16.664335272239605,0.0587788688835533,8575,0.1767581204667297,"{""Diabetes_binary"": -1.9104872756850655, ""HighBP"": -1.1555022062121312, ""HighChol"": -0.7054340103328213, ""CholCheck"": -0.15536814121494225, ""BMI"": -0.7867248413156743, ""Smoker"": -0.6871890925158088, ""Stroke"": -0.19074260559796888, ""HeartDiseaseorAttack"": -0.35297648537239645, ""PhysActivity"": -0.5482725301342887, ""Fruits"": -0.6582301429687489, ""Veggies"": -0.48760947533816557, ""HvyAlcoholConsump"": -0.2212843964248869, ""AnyHealthcare"": -0.18695504027512702, ""NoDocbcCost"": -0.25802726825303657, ""GenHlth"": -2.2697073372032093, ""MentHlth"": -0.6492157951144647, ""PhysHlth"": -0.6865518978236229, ""DiffWalk"": -0.44351780381743566, ""Sex"": -0.6857843539358026, ""Age"": -1.678884541023924, ""Education"": -0.676914041952234, ""Income"": -1.2689559897278497}","{""HvyAlcoholConsump"": 0.0, ""PhysHlth"": 0.002562283191422264, ""Sex"": 0.0, ""Diabetes_binary"": 0.13814648375906655, ""HighBP"": 0.031062756228319142, ""Income"": 0.0011037527593818985, ""Age"": 0.0, ""GenHlth"": 0.03934090192368338, ""BMI"": 0.0, ""PhysActivity"": 0.0, ""DiffWalk"": 0.0, ""MentHlth"": 0.0054005045726900035, ""AnyHealthcare"": 0.0, ""NoDocbcCost"": 0.0, ""CholCheck"": 0.0, ""HeartDiseaseorAttack"": 0.0013599810785241248, ""HighChol"": 0.0, ""Stroke"": 0.0008278145695364238, ""Fruits"": 0.0, ""Veggies"": 0.0, ""Education"": 0.0, ""Smoker"": 0.0}","{""Diabetes_binary"": 3017, ""HighBP"": 1071, ""HighChol"": 56, ""CholCheck"": 0, ""BMI"": 0, ""Smoker"": 0, ""Stroke"": 71, ""HeartDiseaseorAttack"": 159, ""PhysActivity"": 0, ""Fruits"": 0, ""Veggies"": 0, ""HvyAlcoholConsump"": 0, ""AnyHealthcare"": 0, ""NoDocbcCost"": 0, ""GenHlth"": 2913, ""MentHlth"": 484, ""PhysHlth"": 372, ""DiffWalk"": 59, ""Sex"": 0, ""Age"": 0, ""Education"": 0, ""Income"": 373}",0.208513599995058,0.21875,8192,8529,4654,68232,68232,10,cpu,1,2.14.1+cu130,d52d239,,,
L1,moderate,3,2000,dirichlet_0.5,dirichlet,,,0.5,2000,2000,50736,50,0,2959222598,717861015,-12.473696269193958,0.0169220863580214,0,0.1767581204667297,"{""Diabetes_binary"": -0.43476443404566034, ""HighBP"": -0.6150488869293415, ""HighChol"": -0.6767849841283508, ""CholCheck"": -0.15490782417934962, ""BMI"": -0.786496790199674, ""Smoker"": -0.6871898170384677, ""Stroke"": -0.15827080407049843, ""HeartDiseaseorAttack"": -0.2795157387906405, ""PhysActivity"": -0.5482981888584636, ""Fruits"": -0.6582344141643319, ""Veggies"": -0.48761819020246716, ""HvyAlcoholConsump"": -0.22123185086844574, ""AnyHealthcare"": -0.18689031123144031, ""NoDocbcCost"": -0.25789921037158875, ""GenHlth"": -0.8431428045280325, ""MentHlth"": -0.4170813972669127, ""PhysHlth"": -0.5141690753559403, ""DiffWalk"": -0.4179387925490043, ""Sex"": -0.6857839904771356, ""Age"": -1.6788842287987125, ""Education"": -0.6769470347578976, ""Income"": -1.0865975003816022}","{""HvyAlcoholConsump"": 0.0, ""PhysHlth"": 0.002562283191422264, ""Sex"": 0.0, ""Diabetes_binary"": 0.13814648375906655, ""HighBP"": 0.031062756228319142, ""Income"": 0.0011037527593818985, ""Age"": 0.0, ""GenHlth"": 0.03934090192368338, ""BMI"": 0.0, ""PhysActivity"": 0.0, ""DiffWalk"": 0.0, ""MentHlth"": 0.0054005045726900035, ""AnyHealthcare"": 0.0, ""NoDocbcCost"": 0.0, ""CholCheck"": 0.0, ""HeartDiseaseorAttack"": 0.0013599810785241248, ""HighChol"": 0.0, ""Stroke"": 0.0008278145695364238, ""Fruits"": 0.0, ""Veggies"": 0.0, ""Education"": 0.0, ""Smoker"": 0.0}","{""Diabetes_binary"": 0, ""HighBP"": 0, ""HighChol"": 0, ""CholCheck"": 0, ""BMI"": 0, ""Smoker"": 0, ""Stroke"": 0, ""HeartDiseaseorAttack"": 0, ""PhysActivity"": 0, ""Fruits"": 0, ""Veggies"": 0, ""HvyAlcoholConsump"": 0, ""AnyHealthcare"": 0, ""NoDocbcCost"": 0, ""GenHlth"": 0, ""MentHlth"": 0, ""PhysHlth"": 0, ""DiffWalk"": 0, ""Sex"": 0, ""Age"": 0, ""Education"": 0, ""Income"": 0}",0.3943078000156674,0.328125,4096,8529,4654,68232,68232,10,cpu,1,2.14.1+cu130,d52d239,,,
L1,moderate,3,2000,nn_linear,nn,[],linear,,2000,1600,50736,50,0,2959222598,717861015,-12.274422056754972,0.0162161509108122,0,0.1767581204667297,"{""Diabetes_binary"": -0.3331224024295807, ""HighBP"": -0.5906305313110352, ""HighChol"": -0.6766691207885742, ""CholCheck"": -0.15431873500347137, ""BMI"": -0.7857171893119812, ""Smoker"": -0.6871813535690308, ""Stroke"": -0.1587456613779068, ""HeartDiseaseorAttack"": -0.278822124004364, ""PhysActivity"": -0.5579928159713745, ""Fruits"": -0.658679187297821, ""Veggies"": -0.48780667781829834, ""HvyAlcoholConsump"": -0.22068242728710175, ""AnyHealthcare"": -0.1879933625459671, ""NoDocbcCost"": -0.2571200430393219, ""GenHlth"": -0.7791995406150818, ""MentHlth"": -0.40565043687820435, ""PhysHlth"": -0.5074300169944763, ""DiffWalk"": -0.41778135299682617, ""Sex"": -0.6859670877456665, ""Age"": -1.6794416904449463, ""Education"": -0.6832398176193237, ""Income"": -1.0802305936813354}","{""HvyAlcoholConsump"": 0.0, ""PhysHlth"": 0.002562283191422264, ""Sex"": 0.0, ""Diabetes_binary"": 0.13814648375906655, ""HighBP"": 0.031062756228319142, ""Income"": 0.0011037527593818985, ""Age"": 0.0, ""GenHlth"": 0.03934090192368338, ""BMI"": 0.0, ""PhysActivity"": 0.0, ""DiffWalk"": 0.0, ""MentHlth"": 0.0054005045726900035, ""AnyHealthcare"": 0.0, ""NoDocbcCost"": 0.0, ""CholCheck"": 0.0, ""HeartDiseaseorAttack"": 0.0013599810785241248, ""HighChol"": 0.0, ""Stroke"": 0.0008278145695364238, ""Fruits"": 0.0, ""Veggies"": 0.0, ""Education"": 0.0, ""Smoker"": 0.0}","{""Diabetes_binary"": 0, ""HighBP"": 0, ""HighChol"": 0, ""CholCheck"": 0, ""BMI"": 0, ""Smoker"": 0, ""Stroke"": 0, ""HeartDiseaseorAttack"": 0, ""PhysActivity"": 0, ""Fruits"": 0, ""Veggies"": 0, ""HvyAlcoholConsump"": 0, ""AnyHealthcare"": 0, ""NoDocbcCost"": 0, ""GenHlth"": 0, ""MentHlth"": 0, ""PhysHlth"": 0, ""DiffWalk"": 0, ""Sex"": 0, ""Age"": 0, ""Education"": 0, ""Income"": 0}",41.24041940001189,39.875,-29593600,455,455,3640,1820,10,cpu,1,2.14.1+cu130,d52d239,113.3181818181818,96.45454545454544,0.1818181818181818
L1,moderate,3,2000,01_256x128_lr3e-4,nn,"[256, 128]",ReLU,,2000,1600,50736,50,0,2959222598,717861015,-12.280384476409443,0.0166253185115614,0,0.1767581204667297,"{""Diabetes_binary"": -0.33518844842910767, ""HighBP"": -0.5917614102363586, ""HighChol"": -0.6749712824821472, ""CholCheck"": -0.15523137152194977, ""BMI"": -0.7866345047950745, ""Smoker"": -0.687192976474762, ""Stroke"": -0.1620071828365326, ""HeartDiseaseorAttack"": -0.28965869545936584, ""PhysActivity"": -0.548643946647644, ""Fruits"": -0.6575871706008911, ""Veggies"": -0.48756229877471924, ""HvyAlcoholConsump"": -0.22177861630916595, ""AnyHealthcare"": -0.18762801587581635, ""NoDocbcCost"": -0.25749680399894714, ""GenHlth"": -0.7797569036483765, ""MentHlth"": -0.405378520488739, ""PhysHlth"": -0.5039637684822083, ""DiffWalk"": -0.4178524911403656, ""Sex"": -0.6875261664390564, ""Age"": -1.6792184114456177, ""Education"": -0.6834900975227356, ""Income"": -1.0798553228378296}","{""HvyAlcoholConsump"": 0.0, ""PhysHlth"": 0.002562283191422264, ""Sex"": 0.0, ""Diabetes_binary"": 0.13814648375906655, ""HighBP"": 0.031062756228319142, ""Income"": 0.0011037527593818985, ""Age"": 0.0, ""GenHlth"": 0.03934090192368338, ""BMI"": 0.0, ""PhysActivity"": 0.0, ""DiffWalk"": 0.0, ""MentHlth"": 0.0054005045726900035, ""AnyHealthcare"": 0.0, ""NoDocbcCost"": 0.0, ""CholCheck"": 0.0, ""HeartDiseaseorAttack"": 0.0013599810785241248, ""HighChol"": 0.0, ""Stroke"": 0.0008278145695364238, ""Fruits"": 0.0, ""Veggies"": 0.0, ""Education"": 0.0, ""Smoker"": 0.0}","{""Diabetes_binary"": 0, ""HighBP"": 0, ""HighChol"": 0, ""CholCheck"": 0, ""BMI"": 0, ""Smoker"": 0, ""Stroke"": 0, ""HeartDiseaseorAttack"": 0, ""PhysActivity"": 0, ""Fruits"": 0, ""Veggies"": 0, ""HvyAlcoholConsump"": 0, ""AnyHealthcare"": 0, ""NoDocbcCost"": 0, ""GenHlth"": 0, ""MentHlth"": 0, ""PhysHlth"": 0, ""DiffWalk"": 0, ""Sex"": 0, ""Age"": 0, ""Education"": 0, ""Income"": 0}",31.608383899991168,29.0,7200768,777911,777911,6223288,3111644,10,cpu,1,2.14.1+cu130,d52d239,35.86363636363637,15.863636363636363,0.0
L1,moderate,3,2000,k6_128_64_9,nn,"[128, 64]",ReLU,,2000,1600,50736,50,0,2959222598,717861015,-12.277702242171154,0.0165516559105473,0,0.1767581204667297,"{""Diabetes_binary"": -0.33332979679107666, ""HighBP"": -0.5910259485244751, ""HighChol"": -0.6759043335914612, ""CholCheck"": -0.15492486953735352, ""BMI"": -0.7859058976173401, ""Smoker"": -0.6872075796127319, ""Stroke"": -0.16495920717716217, ""HeartDiseaseorAttack"": -0.28235071897506714, ""PhysActivity"": -0.5559613108634949, ""Fruits"": -0.6579607725143433, ""Veggies"": -0.48734137415885925, ""HvyAlcoholConsump"": -0.2216758131980896, ""AnyHealthcare"": -0.18766772747039795, ""NoDocbcCost"": -0.25842636823654175, ""GenHlth"": -0.7778621315956116, ""MentHlth"": -0.4053875505924225, ""PhysHlth"": -0.5043602585792542, ""DiffWalk"": -0.41749995946884155, ""Sex"": -0.686316967010498, ""Age"": -1.6792147159576416, ""Education"": -0.681744396686554, ""Income"": -1.0806745290756226}","{""HvyAlcoholConsump"": 0.0, ""PhysHlth"": 0.002562283191422264, ""Sex"": 0.0, ""Diabetes_binary"": 0.13814648375906655, ""HighBP"": 0.031062756228319142, ""Income"": 0.0011037527593818985, ""Age"": 0.0, ""GenHlth"": 0.03934090192368338, ""BMI"": 0.0, ""PhysActivity"": 0.0, ""DiffWalk"": 0.0, ""MentHlth"": 0.0054005045726900035, ""AnyHealthcare"": 0.0, ""NoDocbcCost"": 0.0, ""CholCheck"": 0.0, ""HeartDiseaseorAttack"": 0.0013599810785241248, ""HighChol"": 0.0, ""Stroke"": 0.0008278145695364238, ""Fruits"": 0.0, ""Veggies"": 0.0, ""Education"": 0.0, ""Smoker"": 0.0}","{""Diabetes_binary"": 0, ""HighBP"": 0, ""HighChol"": 0, ""CholCheck"": 0, ""BMI"": 0, ""Smoker"": 0, ""Stroke"": 0, ""HeartDiseaseorAttack"": 0, ""PhysActivity"": 0, ""Fruits"": 0, ""Veggies"": 0, ""HvyAlcoholConsump"": 0, ""AnyHealthcare"": 0, ""NoDocbcCost"": 0, ""GenHlth"": 0, ""MentHlth"": 0, ""PhysHlth"": 0, ""DiffWalk"": 0, ""Sex"": 0, ""Age"": 0, ""Education"": 0, ""Income"": 0}",82.71593679999933,76.953125,-109572096,208759,208759,1670072,835036,10,cpu,1,2.14.1+cu130,d52d239,89.27272727272727,39.27272727272727,0.0
L1,moderate,3,10000,mle,mle,,,,10000,10000,50736,50,0,364244828,1447178216,-13.53452950574879,0.0363112081345671,2567,0.0450173446862188,"{""Diabetes_binary"": -0.9550947015113835, ""HighBP"": -0.7590075801326335, ""HighChol"": -0.6743879193047373, ""CholCheck"": -0.15437359701288011, ""BMI"": -0.7840579986738847, ""Smoker"": -0.6871121993141757, ""Stroke"": -0.1576186818262049, ""HeartDiseaseorAttack"": -0.2917698619003747, ""PhysActivity"": -0.5469947063332748, ""Fruits"": -0.6576507632838572, ""Veggies"": -0.4874117136384907, ""HvyAlcoholConsump"": -0.22018599394465127, ""AnyHealthcare"": -0.1854410155001578, ""NoDocbcCost"": -0.2572660902927454, ""GenHlth"": -1.1479421232674043, ""MentHlth"": -0.4752501074283312, ""PhysHlth"": -0.5375284985486034, ""DiffWalk"": -0.4156127007746763, ""Sex"": -0.6857681913443239, ""Age"": -1.677941231226602, ""Education"": -0.6766702653512313, ""Income"": -1.099443565138165}","{""HvyAlcoholConsump"": 0.0, ""PhysHlth"": 0.0002562283191422264, ""Sex"": 0.0, ""Diabetes_binary"": 0.03569457584358247, ""HighBP"": 0.006425417849258909, ""Income"": 0.0, ""Age"": 0.0, ""GenHlth"": 0.0063465783664459164, ""BMI"": 0.0, ""PhysActivity"": 0.0, ""DiffWalk"": 0.0, ""MentHlth"": 0.0004927467675812047, ""AnyHealthcare"": 0.0, ""NoDocbcCost"": 0.0, ""CholCheck"": 0.0, ""HeartDiseaseorAttack"": 0.0, ""HighChol"": 0.0, ""Stroke"": 0.0, ""Fruits"": 0.0, ""Veggies"": 0.0, ""Education"": 0.0, ""Smoker"": 0.0}","{""Diabetes_binary"": 1223, ""HighBP"": 326, ""HighChol"": 0, ""CholCheck"": 0, ""BMI"": 0, ""Smoker"": 0, ""Stroke"": 0, ""HeartDiseaseorAttack"": 36, ""PhysActivity"": 0, ""Fruits"": 0, ""Veggies"": 0, ""HvyAlcoholConsump"": 0, ""AnyHealthcare"": 0, ""NoDocbcCost"": 0, ""GenHlth"": 725, ""MentHlth"": 137, ""PhysHlth"": 71, ""DiffWalk"": 0, ""Sex"": 0, ""Age"": 0, ""Education"": 0, ""Income"": 49}",0.1357961999892722,0.140625,217088,8529,4654,68232,68232,10,cpu,1,2.14.1+cu130,d52d239,,,
L1,moderate,3,10000,dirichlet_0.5,dirichlet,,,0.5,10000,10000,50736,50,0,364244828,1447178216,-12.28237591806111,0.0169179989921213,0,0.0450173446862188,"{""Diabetes_binary"": -0.3626589421714244, ""HighBP"": -0.5950086637165904, ""HighChol"": -0.6743542966649021, ""CholCheck"": -0.15438240613874643, ""BMI"": -0.7840691531705718, ""Smoker"": -0.6871122884847966, ""Stroke"": -0.15757273861895313, ""HeartDiseaseorAttack"": -0.27512094177152224, ""PhysActivity"": -0.5470029785473008, ""Fruits"": -0.6576510865458702, ""Veggies"": -0.4874126318311248, ""HvyAlcoholConsump"": -0.22018384522125856, ""AnyHealthcare"": -0.18544498238176177, ""NoDocbcCost"": -0.2572539584582292, ""GenHlth"": -0.7938832633520414, ""MentHlth"": -0.40834631838525814, ""PhysHlth"": -0.503608142117802, ""DiffWalk"": -0.41563145779866717, ""Sex"": -0.6857681979634946, ""Age"": -1.6779397746986289, ""Education"": -0.6766699783499153, ""Income"": -1.0752998716722504}","{""HvyAlcoholConsump"": 0.0, ""PhysHlth"": 0.0002562283191422264, ""Sex"": 0.0, ""Diabetes_binary"": 0.03569457584358247, ""HighBP"": 0.006425417849258909, ""Income"": 0.0, ""Age"": 0.0, ""GenHlth"": 0.0063465783664459164, ""BMI"": 0.0, ""PhysActivity"": 0.0, ""DiffWalk"": 0.0, ""MentHlth"": 0.0004927467675812047, ""AnyHealthcare"": 0.0, ""NoDocbcCost"": 0.0, ""CholCheck"": 0.0, ""HeartDiseaseorAttack"": 0.0, ""HighChol"": 0.0, ""Stroke"": 0.0, ""Fruits"": 0.0, ""Veggies"": 0.0, ""Education"": 0.0, ""Smoker"": 0.0}","{""Diabetes_binary"": 0, ""HighBP"": 0, ""HighChol"": 0, ""CholCheck"": 0, ""BMI"": 0, ""Smoker"": 0, ""Stroke"": 0, ""HeartDiseaseorAttack"": 0, ""PhysActivity"": 0, ""Fruits"": 0, ""Veggies"": 0, ""HvyAlcoholConsump"": 0, ""AnyHealthcare"": 0, ""NoDocbcCost"": 0, ""GenHlth"": 0, ""MentHlth"": 0, ""PhysHlth"": 0, ""DiffWalk"": 0, ""Sex"": 0, ""Age"": 0, ""Education"": 0, ""Income"": 0}",0.2305552999896463,0.203125,8192,8529,4654,68232,68232,10,cpu,1,2.14.1+cu130,d52d239,,,
L1,moderate,3,10000,nn_linear,nn,[],linear,,10000,8000,50736,50,0,364244828,1447178216,-12.21288513068962,0.0165680673893275,0,0.0450173446862188,"{""Diabetes_binary"": -0.32824671268463135, ""HighBP"": -0.5862507820129395, ""HighChol"": -0.6746088266372681, ""CholCheck"": -0.15409238636493683, ""BMI"": -0.7847365736961365, ""Smoker"": -0.6871310472488403, ""Stroke"": -0.15760642290115356, ""HeartDiseaseorAttack"": -0.2736571431159973, ""PhysActivity"": -0.5470220446586609, ""Fruits"": -0.6587023138999939, ""Veggies"": -0.48752081394195557, ""HvyAlcoholConsump"": -0.2201511561870575, ""AnyHealthcare"": -0.1856158971786499, ""NoDocbcCost"": -0.2572549283504486, ""GenHlth"": -0.7721676230430603, ""MentHlth"": -0.40325817465782166, ""PhysHlth"": -0.5026377439498901, ""DiffWalk"": -0.41651880741119385, ""Sex"": -0.6858345866203308, ""Age"": -1.677994966506958, ""Education"": -0.6769130229949951, ""Income"": -1.074963092803955}","{""HvyAlcoholConsump"": 0.0, ""PhysHlth"": 0.0002562283191422264, ""Sex"": 0.0, ""Diabetes_binary"": 0.03569457584358247, ""HighBP"": 0.006425417849258909, ""Income"": 0.0, ""Age"": 0.0, ""GenHlth"": 0.0063465783664459164, ""BMI"": 0.0, ""PhysActivity"": 0.0, ""DiffWalk"": 0.0, ""MentHlth"": 0.0004927467675812047, ""AnyHealthcare"": 0.0, ""NoDocbcCost"": 0.0, ""CholCheck"": 0.0, ""HeartDiseaseorAttack"": 0.0, ""HighChol"": 0.0, ""Stroke"": 0.0, ""Fruits"": 0.0, ""Veggies"": 0.0, ""Education"": 0.0, ""Smoker"": 0.0}","{""Diabetes_binary"": 0, ""HighBP"": 0, ""HighChol"": 0, ""CholCheck"": 0, ""BMI"": 0, ""Smoker"": 0, ""Stroke"": 0, ""HeartDiseaseorAttack"": 0, ""PhysActivity"": 0, ""Fruits"": 0, ""Veggies"": 0, ""HvyAlcoholConsump"": 0, ""AnyHealthcare"": 0, ""NoDocbcCost"": 0, ""GenHlth"": 0, ""MentHlth"": 0, ""PhysHlth"": 0, ""DiffWalk"": 0, ""Sex"": 0, ""Age"": 0, ""Education"": 0, ""Income"": 0}",83.33904980000807,81.34375,-24756224,455,455,3640,1820,10,cpu,1,2.14.1+cu130,d52d239,51.81818181818182,31.818181818181817,0.0
L1,moderate,3,10000,01_256x128_lr3e-4,nn,"[256, 128]",ReLU,,10000,8000,50736,50,0,364244828,1447178216,-12.211903284015046,0.0166657153096719,0,0.0450173446862188,"{""Diabetes_binary"": -0.327579140663147, ""HighBP"": -0.587637722492218, ""HighChol"": -0.6752451658248901, ""CholCheck"": -0.15429702401161194, ""BMI"": -0.7837958335876465, ""Smoker"": -0.6871895790100098, ""Stroke"": -0.15730763971805573, ""HeartDiseaseorAttack"": -0.27439218759536743, ""PhysActivity"": -0.5469775199890137, ""Fruits"": -0.6582212448120117, ""Veggies"": -0.48753830790519714, ""HvyAlcoholConsump"": -0.2201475352048874, ""AnyHealthcare"": -0.1855522245168686, ""NoDocbcCost"": -0.2573675513267517, ""GenHlth"": -0.7716116905212402, ""MentHlth"": -0.40379074215888977, ""PhysHlth"": -0.5018813014030457, ""DiffWalk"": -0.4159906506538391, ""Sex"": -0.6858401894569397, ""Age"": -1.6777092218399048, ""Education"": -0.677090585231781, ""Income"": -1.0747401714324951}","{""HvyAlcoholConsump"": 0.0, ""PhysHlth"": 0.0002562283191422264, ""Sex"": 0.0, ""Diabetes_binary"": 0.03569457584358247, ""HighBP"": 0.006425417849258909, ""Income"": 0.0, ""Age"": 0.0, ""GenHlth"": 0.0063465783664459164, ""BMI"": 0.0, ""PhysActivity"": 0.0, ""DiffWalk"": 0.0, ""MentHlth"": 0.0004927467675812047, ""AnyHealthcare"": 0.0, ""NoDocbcCost"": 0.0, ""CholCheck"": 0.0, ""HeartDiseaseorAttack"": 0.0, ""HighChol"": 0.0, ""Stroke"": 0.0, ""Fruits"": 0.0, ""Veggies"": 0.0, ""Education"": 0.0, ""Smoker"": 0.0}","{""Diabetes_binary"": 0, ""HighBP"": 0, ""HighChol"": 0, ""CholCheck"": 0, ""BMI"": 0, ""Smoker"": 0, ""Stroke"": 0, ""HeartDiseaseorAttack"": 0, ""PhysActivity"": 0, ""Fruits"": 0, ""Veggies"": 0, ""HvyAlcoholConsump"": 0, ""AnyHealthcare"": 0, ""NoDocbcCost"": 0, ""GenHlth"": 0, ""MentHlth"": 0, ""PhysHlth"": 0, ""DiffWalk"": 0, ""Sex"": 0, ""Age"": 0, ""Education"": 0, ""Income"": 0}",122.34127510001416,116.40625,7991296,777911,777911,6223288,3111644,10,cpu,1,2.14.1+cu130,d52d239,28.454545454545453,8.454545454545455,0.0
L1,moderate,3,10000,k6_128_64_9,nn,"[128, 64]",ReLU,,10000,8000,50736,50,0,364244828,1447178216,-12.212925233971674,0.0166108027343166,0,0.0450173446862188,"{""Diabetes_binary"": -0.3273864686489105, ""HighBP"": -0.5869083404541016, ""HighChol"": -0.6743766665458679, ""CholCheck"": -0.15454666316509247, ""BMI"": -0.7842620611190796, ""Smoker"": -0.6871669292449951, ""Stroke"": -0.1574009507894516, ""HeartDiseaseorAttack"": -0.27411949634552, ""PhysActivity"": -0.5480225086212158, ""Fruits"": -0.658241868019104, ""Veggies"": -0.48755884170532227, ""HvyAlcoholConsump"": -0.2201986312866211, ""AnyHealthcare"": -0.1857856959104538, ""NoDocbcCost"": -0.25723451375961304, ""GenHlth"": -0.7711674571037292, ""MentHlth"": -0.4036647081375122, ""PhysHlth"": -0.5021296739578247, ""DiffWalk"": -0.4160315990447998, ""Sex"": -0.6858775019645691, ""Age"": -1.6778714656829834, ""Education"": -0.6780564785003662, ""Income"": -1.0749167203903198}","{""HvyAlcoholConsump"": 0.0, ""PhysHlth"": 0.0002562283191422264, ""Sex"": 0.0, ""Diabetes_binary"": 0.03569457584358247, ""HighBP"": 0.006425417849258909, ""Income"": 0.0, ""Age"": 0.0, ""GenHlth"": 0.0063465783664459164, ""BMI"": 0.0, ""PhysActivity"": 0.0, ""DiffWalk"": 0.0, ""MentHlth"": 0.0004927467675812047, ""AnyHealthcare"": 0.0, ""NoDocbcCost"": 0.0, ""CholCheck"": 0.0, ""HeartDiseaseorAttack"": 0.0, ""HighChol"": 0.0, ""Stroke"": 0.0, ""Fruits"": 0.0, ""Veggies"": 0.0, ""Education"": 0.0, ""Smoker"": 0.0}","{""Diabetes_binary"": 0, ""HighBP"": 0, ""HighChol"": 0, ""CholCheck"": 0, ""BMI"": 0, ""Smoker"": 0, ""Stroke"": 0, ""HeartDiseaseorAttack"": 0, ""PhysActivity"": 0, ""Fruits"": 0, ""Veggies"": 0, ""HvyAlcoholConsump"": 0, ""AnyHealthcare"": 0, ""NoDocbcCost"": 0, ""GenHlth"": 0, ""MentHlth"": 0, ""PhysHlth"": 0, ""DiffWalk"": 0, ""Sex"": 0, ""Age"": 0, ""Education"": 0, ""Income"": 0}",267.6342656000052,256.546875,-93597696,208759,208759,1670072,835036,10,cpu,1,2.14.1+cu130,d52d239,68.04545454545455,18.045454545454547,0.0
L1,moderate,3,50000,mle,mle,,,,50000,50000,50736,50,0,2824486376,1264435534,-12.500873661354884,0.0230470073569168,599,0.0083766950488804,"{""Diabetes_binary"": -0.5192735037407488, ""HighBP"": -0.6066668634623065, ""HighChol"": -0.6742137209383755, ""CholCheck"": -0.1540784792227687, ""BMI"": -0.783340848498423, ""Smoker"": -0.6870836630069631, ""Stroke"": -0.15720399344390198, ""HeartDiseaseorAttack"": -0.27759430297250615, ""PhysActivity"": -0.5467009660249887, ""Fruits"": -0.6575745292583043, ""Veggies"": -0.48735702362368377, ""HvyAlcoholConsump"": -0.22014776465438934, ""AnyHealthcare"": -0.18536115445241683, ""NoDocbcCost"": -0.2569640117358224, ""GenHlth"": -0.8453073954174136, ""MentHlth"": -0.4119110545930756, ""PhysHlth"": -0.5031241686294787, ""DiffWalk"": -0.41496680471169706, ""Sex"": -0.6857697392933082, ""Age"": -1.67783014850858, ""Education"": -0.6766796102176209, ""Income"": -1.071723914948112}","{""HvyAlcoholConsump"": 0.0, ""PhysHlth"": 0.0, ""Sex"": 0.0, ""Diabetes_binary"": 0.006445127719962157, ""HighBP"": 0.0012023021128981393, ""Income"": 0.0, ""Age"": 0.0, ""GenHlth"": 0.0009263639230526648, ""BMI"": 0.0, ""PhysActivity"": 0.0, ""DiffWalk"": 0.0, ""MentHlth"": 0.0001576789656259855, ""AnyHealthcare"": 0.0, ""NoDocbcCost"": 0.0, ""CholCheck"": 0.0, ""HeartDiseaseorAttack"": 0.0, ""HighChol"": 0.0, ""Stroke"": 0.0, ""Fruits"": 0.0, ""Veggies"": 0.0, ""Education"": 0.0, ""Smoker"": 0.0}","{""Diabetes_binary"": 376, ""HighBP"": 42, ""HighChol"": 0, ""CholCheck"": 0, ""BMI"": 0, ""Smoker"": 0, ""Stroke"": 0, ""HeartDiseaseorAttack"": 8, ""PhysActivity"": 0, ""Fruits"": 0, ""Veggies"": 0, ""HvyAlcoholConsump"": 0, ""AnyHealthcare"": 0, ""NoDocbcCost"": 0, ""GenHlth"": 147, ""MentHlth"": 18, ""PhysHlth"": 6, ""DiffWalk"": 0, ""Sex"": 0, ""Age"": 0, ""Education"": 0, ""Income"": 2}",0.2403585000138264,0.25,1835008,8529,4654,68232,68232,10,cpu,1,2.14.1+cu130,d52d239,,,
L1,moderate,3,50000,dirichlet_0.5,dirichlet,,,0.5,50000,50000,50736,50,0,2824486376,1264435534,-12.210831085320288,0.0168351217941242,0,0.0083766950488804,"{""Diabetes_binary"": -0.3373992311223801, ""HighBP"": -0.5856305372036259, ""HighChol"": -0.674213757209328, ""CholCheck"": -0.15407543361344594, ""BMI"": -0.7833400017750387, ""Smoker"": -0.6870836528466656, ""Stroke"": -0.15720000791742803, ""HeartDiseaseorAttack"": -0.27384603257387174, ""PhysActivity"": -0.5467022219573618, ""Fruits"": -0.6575745311937065, ""Veggies"": -0.4873569312271747, ""HvyAlcoholConsump"": -0.2201475044366133, ""AnyHealthcare"": -0.18536015264708, ""NoDocbcCost"": -0.2569645345432428, ""GenHlth"": -0.7747633702404696, ""MentHlth"": -0.40290935180852294, ""PhysHlth"": -0.5002881637913343, ""DiffWalk"": -0.41496753964405425, ""Sex"": -0.6857697347293127, ""Age"": -1.6778301246036236, ""Education"": -0.6766792993433742, ""Income"": -1.070728970892634}","{""HvyAlcoholConsump"": 0.0, ""PhysHlth"": 0.0, ""Sex"": 0.0, ""Diabetes_binary"": 0.006445127719962157, ""HighBP"": 0.0012023021128981393, ""Income"": 0.0, ""Age"": 0.0, ""GenHlth"": 0.0009263639230526648, ""BMI"": 0.0, ""PhysActivity"": 0.0, ""DiffWalk"": 0.0, ""MentHlth"": 0.0001576789656259855, ""AnyHealthcare"": 0.0, ""NoDocbcCost"": 0.0, ""CholCheck"": 0.0, ""HeartDiseaseorAttack"": 0.0, ""HighChol"": 0.0, ""Stroke"": 0.0, ""Fruits"": 0.0, ""Veggies"": 0.0, ""Education"": 0.0, ""Smoker"": 0.0}","{""Diabetes_binary"": 0, ""HighBP"": 0, ""HighChol"": 0, ""CholCheck"": 0, ""BMI"": 0, ""Smoker"": 0, ""Stroke"": 0, ""HeartDiseaseorAttack"": 0, ""PhysActivity"": 0, ""Fruits"": 0, ""Veggies"": 0, ""HvyAlcoholConsump"": 0, ""AnyHealthcare"": 0, ""NoDocbcCost"": 0, ""GenHlth"": 0, ""MentHlth"": 0, ""PhysHlth"": 0, ""DiffWalk"": 0, ""Sex"": 0, ""Age"": 0, ""Education"": 0, ""Income"": 0}",0.3495228000101633,0.296875,1290240,8529,4654,68232,68232,10,cpu,1,2.14.1+cu130,d52d239,,,
L1,moderate,3,full,mle,mle,,,,202944,202944,50736,50,0,4233618437,1033073128,-12.256211701011924,0.0184838652156545,134,0.0011825922421948,"{""Diabetes_binary"": -0.37335172433992386, ""HighBP"": -0.5898115730889751, ""HighChol"": -0.6740920899913115, ""CholCheck"": -0.15401208650495393, ""BMI"": -0.7832461279197961, ""Smoker"": -0.6870839932132353, ""Stroke"": -0.15722294572241405, ""HeartDiseaseorAttack"": -0.27391743972756144, ""PhysActivity"": -0.5466849104739349, ""Fruits"": -0.6575840515886278, ""Veggies"": -0.48736469471695454, ""HvyAlcoholConsump"": -0.22015134573921816, ""AnyHealthcare"": -0.18539166194586573, ""NoDocbcCost"": -0.2569858535903823, ""GenHlth"": -0.7816966545814807, ""MentHlth"": -0.40323656095304317, ""PhysHlth"": -0.4996688756732679, ""DiffWalk"": -0.4147477231922509, ""Sex"": -0.6857712753125436, ""Age"": -1.6777733548832474, ""Education"": -0.6766838134256844, ""Income"": -1.0697329444272494}","{""HvyAlcoholConsump"": 0.0, ""PhysHlth"": 0.0, ""Sex"": 0.0, ""Diabetes_binary"": 0.0009263639230526648, ""HighBP"": 0.00011825922421948912, ""Income"": 0.0, ""Age"": 0.0, ""GenHlth"": 0.00019709870703248187, ""BMI"": 0.0, ""PhysActivity"": 0.0, ""DiffWalk"": 0.0, ""MentHlth"": 0.0, ""AnyHealthcare"": 0.0, ""NoDocbcCost"": 0.0, ""CholCheck"": 0.0, ""HeartDiseaseorAttack"": 0.0, ""HighChol"": 0.0, ""Stroke"": 0.0, ""Fruits"": 0.0, ""Veggies"": 0.0, ""Education"": 0.0, ""Smoker"": 0.0}","{""Diabetes_binary"": 92, ""HighBP"": 13, ""HighChol"": 0, ""CholCheck"": 0, ""BMI"": 0, ""Smoker"": 0, ""Stroke"": 0, ""HeartDiseaseorAttack"": 1, ""PhysActivity"": 0, ""Fruits"": 0, ""Veggies"": 0, ""HvyAlcoholConsump"": 0, ""AnyHealthcare"": 0, ""NoDocbcCost"": 0, ""GenHlth"": 26, ""MentHlth"": 2, ""PhysHlth"": 0, ""DiffWalk"": 0, ""Sex"": 0, ""Age"": 0, ""Education"": 0, ""Income"": 0}",0.7075659000256564,0.703125,61440,8529,4654,68232,68232,10,cpu,1,2.14.1+cu130,d52d239,,,
L1,moderate,3,full,dirichlet_0.5,dirichlet,,,0.5,202944,202944,50736,50,0,4233618437,1033073128,-12.190876486540326,0.0167650189569021,0,0.0011825922421948,"{""Diabetes_binary"": -0.32850305346484804, ""HighBP"": -0.5833171859125063, ""HighChol"": -0.6740920143807217, ""CholCheck"": -0.15401201034164094, ""BMI"": -0.7832459100071983, ""Smoker"": -0.6870839906656279, ""Stroke"": -0.1572229563408198, ""HeartDiseaseorAttack"": -0.2734394625235811, ""PhysActivity"": -0.5466852198148018, ""Fruits"": -0.657584045553501, ""Veggies"": -0.48736466714066434, ""HvyAlcoholConsump"": -0.22015127647439964, ""AnyHealthcare"": -0.18539153092479557, ""NoDocbcCost"": -0.2569859218065568, ""GenHlth"": -0.7692041810065305, ""MentHlth"": -0.402235159541713, ""PhysHlth"": -0.49964791793592844, ""DiffWalk"": -0.414748623802141, ""Sex"": -0.6857712768108374, ""Age"": -1.677773403518165, ""Education"": -0.6766838575407333, ""Income"": -1.0697328210326138}","{""HvyAlcoholConsump"": 0.0, ""PhysHlth"": 0.0, ""Sex"": 0.0, ""Diabetes_binary"": 0.0009263639230526648, ""HighBP"": 0.00011825922421948912, ""Income"": 0.0, ""Age"": 0.0, ""GenHlth"": 0.00019709870703248187, ""BMI"": 0.0, ""PhysActivity"": 0.0, ""DiffWalk"": 0.0, ""MentHlth"": 0.0, ""AnyHealthcare"": 0.0, ""NoDocbcCost"": 0.0, ""CholCheck"": 0.0, ""HeartDiseaseorAttack"": 0.0, ""HighChol"": 0.0, ""Stroke"": 0.0, ""Fruits"": 0.0, ""Veggies"": 0.0, ""Education"": 0.0, ""Smoker"": 0.0}","{""Diabetes_binary"": 0, ""HighBP"": 0, ""HighChol"": 0, ""CholCheck"": 0, ""BMI"": 0, ""Smoker"": 0, ""Stroke"": 0, ""HeartDiseaseorAttack"": 0, ""PhysActivity"": 0, ""Fruits"": 0, ""Veggies"": 0, ""HvyAlcoholConsump"": 0, ""AnyHealthcare"": 0, ""NoDocbcCost"": 0, ""GenHlth"": 0, ""MentHlth"": 0, ""PhysHlth"": 0, ""DiffWalk"": 0, ""Sex"": 0, ""Age"": 0, ""Education"": 0, ""Income"": 0}",0.8343352999945637,0.796875,12288,8529,4654,68232,68232,10,cpu,1,2.14.1+cu130,d52d239,,,
L2,high,3,500,mle,mle,,,,500,500,50736,37,0,1992681986,2247842987,-39.108829247284014,0.1290752599133161,45162,0.6748265531378114,"{""Diabetes_binary"": -2.1606261781840708, ""HighBP"": -0.9079773895816834, ""HighChol"": -0.684707051209233, ""CholCheck"": -0.2576350685941286, ""BMI"": -1.4632157824991314, ""Smoker"": -0.6874174971719904, ""Stroke"": -0.2309433975623633, ""HeartDiseaseorAttack"": -0.2855303088012866, ""PhysActivity"": -0.6661167209121073, ""Fruits"": -0.6586528806442108, ""Veggies"": -0.48826028258600923, ""HvyAlcoholConsump"": -0.22017979465882875, ""AnyHealthcare"": -0.36829044039305114, ""NoDocbcCost"": -0.40659959491421305, ""GenHlth"": -7.614690332476135, ""MentHlth"": -4.645600941870734, ""PhysHlth"": -5.673389686336974, ""DiffWalk"": -0.6606402474936712, ""Sex"": -0.6862479226025318, ""Age"": -2.47707684561499, ""Education"": -1.2801571631825286, ""Income"": -6.584873719994145}","{""HvyAlcoholConsump"": 0.0, ""PhysHlth"": 0.06387969094922737, ""Sex"": 0.0, ""Diabetes_binary"": 0.6448675496688742, ""Age"": 0.0, ""Income"": 0.01054478082623778, ""GenHlth"": 0.06387969094922737, ""BMI"": 0.0, ""PhysActivity"": 0.0, ""DiffWalk"": 0.0008869441816461685, ""MentHlth"": 0.05776963103122044, ""AnyHealthcare"": 0.0, ""NoDocbcCost"": 0.007588300220750552, ""CholCheck"": 0.007588300220750552, ""HighBP"": 0.003685745821507411, ""HeartDiseaseorAttack"": 0.0, ""Stroke"": 0.0, ""HighChol"": 0.0, ""Education"": 0.0, ""Smoker"": 0.0, ""Fruits"": 0.0, ""Veggies"": 0.0}","{""Diabetes_binary"": 3126, ""HighBP"": 465, ""HighChol"": 0, ""CholCheck"": 204, ""BMI"": 589, ""Smoker"": 0, ""Stroke"": 143, ""HeartDiseaseorAttack"": 0, ""PhysActivity"": 222, ""Fruits"": 0, ""Veggies"": 0, ""HvyAlcoholConsump"": 0, ""AnyHealthcare"": 385, ""NoDocbcCost"": 262, ""GenHlth"": 12431, ""MentHlth"": 7610, ""PhysHlth"": 9307, ""DiffWalk"": 471, ""Sex"": 0, ""Age"": 0, ""Education"": 36, ""Income"": 9911}",0.1977283000014722,0.171875,20480,12431,7310,99448,99448,10,cpu,1,2.14.1+cu130,d52d239,,,
L2,high,3,500,dirichlet_0.5,dirichlet,,,0.5,500,500,50736,37,0,1992681986,2247842987,-17.18204446893138,0.0164794205237629,0,0.6748265531378114,"{""Diabetes_binary"": -0.6176316868222764, ""HighBP"": -0.669447646210776, ""HighChol"": -0.6834869716016905, ""CholCheck"": -0.1612732799173064, ""BMI"": -1.1857822556332944, ""Smoker"": -0.6874219182977517, ""Stroke"": -0.16126240456147375, ""HeartDiseaseorAttack"": -0.2839541032393258, ""PhysActivity"": -0.5599850339272009, ""Fruits"": -0.6586738086690065, ""Veggies"": -0.4883222024223773, ""HvyAlcoholConsump"": -0.22022472371600238, ""AnyHealthcare"": -0.1956577629120006, ""NoDocbcCost"": -0.26853457580840595, ""GenHlth"": -1.5292801444461088, ""MentHlth"": -0.9571709150985578, ""PhysHlth"": -1.1280865613142927, ""DiffWalk"": -0.4336550753586545, ""Sex"": -0.6862384462534775, ""Age"": -2.4753366066005023, ""Education"": -1.2669410450874559, ""Income"": -1.8636773010334422}","{""HvyAlcoholConsump"": 0.0, ""PhysHlth"": 0.06387969094922737, ""Sex"": 0.0, ""Diabetes_binary"": 0.6448675496688742, ""Age"": 0.0, ""Income"": 0.01054478082623778, ""GenHlth"": 0.06387969094922737, ""BMI"": 0.0, ""PhysActivity"": 0.0, ""DiffWalk"": 0.0008869441816461685, ""MentHlth"": 0.05776963103122044, ""AnyHealthcare"": 0.0, ""NoDocbcCost"": 0.007588300220750552, ""CholCheck"": 0.007588300220750552, ""HighBP"": 0.003685745821507411, ""HeartDiseaseorAttack"": 0.0, ""Stroke"": 0.0, ""HighChol"": 0.0, ""Education"": 0.0, ""Smoker"": 0.0, ""Fruits"": 0.0, ""Veggies"": 0.0}","{""Diabetes_binary"": 0, ""HighBP"": 0, ""HighChol"": 0, ""CholCheck"": 0, ""BMI"": 0, ""Smoker"": 0, ""Stroke"": 0, ""HeartDiseaseorAttack"": 0, ""PhysActivity"": 0, ""Fruits"": 0, ""Veggies"": 0, ""HvyAlcoholConsump"": 0, ""AnyHealthcare"": 0, ""NoDocbcCost"": 0, ""GenHlth"": 0, ""MentHlth"": 0, ""PhysHlth"": 0, ""DiffWalk"": 0, ""Sex"": 0, ""Age"": 0, ""Education"": 0, ""Income"": 0}",0.274253800016595,0.25,1540096,12431,7310,99448,99448,10,cpu,1,2.14.1+cu130,d52d239,,,
L2,high,3,500,nn_linear,nn,[],linear,,500,400,50736,37,0,1992681986,2247842987,-16.577724346884658,0.0145573897613704,0,0.6748265531378114,"{""Diabetes_binary"": -0.34712323546409607, ""HighBP"": -0.6585378646850586, ""HighChol"": -0.682684063911438, ""CholCheck"": -0.15577532351016998, ""BMI"": -1.1804652214050293, ""Smoker"": -0.688023030757904, ""Stroke"": -0.17114706337451935, ""HeartDiseaseorAttack"": -0.2807416319847107, ""PhysActivity"": -0.5609638094902039, ""Fruits"": -0.6582295894622803, ""Veggies"": -0.5009773969650269, ""HvyAlcoholConsump"": -0.22399328649044037, ""AnyHealthcare"": -0.19234393537044525, ""NoDocbcCost"": -0.2622870206832886, ""GenHlth"": -1.4004353284835815, ""MentHlth"": -0.8438944220542908, ""PhysHlth"": -0.9854979515075684, ""DiffWalk"": -0.4317472577095032, ""Sex"": -0.687509298324585, ""Age"": -2.4695446491241455, ""Education"": -1.4293851852416992, ""Income"": -1.766417145729065}","{""HvyAlcoholConsump"": 0.0, ""PhysHlth"": 0.06387969094922737, ""Sex"": 0.0, ""Diabetes_binary"": 0.6448675496688742, ""Age"": 0.0, ""Income"": 0.01054478082623778, ""GenHlth"": 0.06387969094922737, ""BMI"": 0.0, ""PhysActivity"": 0.0, ""DiffWalk"": 0.0008869441816461685, ""MentHlth"": 0.05776963103122044, ""AnyHealthcare"": 0.0, ""NoDocbcCost"": 0.007588300220750552, ""CholCheck"": 0.007588300220750552, ""HighBP"": 0.003685745821507411, ""HeartDiseaseorAttack"": 0.0, ""Stroke"": 0.0, ""HighChol"": 0.0, ""Education"": 0.0, ""Smoker"": 0.0, ""Fruits"": 0.0, ""Veggies"": 0.0}","{""Diabetes_binary"": 0, ""HighBP"": 0, ""HighChol"": 0, ""CholCheck"": 0, ""BMI"": 0, ""Smoker"": 0, ""Stroke"": 0, ""HeartDiseaseorAttack"": 0, ""PhysActivity"": 0, ""Fruits"": 0, ""Veggies"": 0, ""HvyAlcoholConsump"": 0, ""AnyHealthcare"": 0, ""NoDocbcCost"": 0, ""GenHlth"": 0, ""MentHlth"": 0, ""PhysHlth"": 0, ""DiffWalk"": 0, ""Sex"": 0, ""Age"": 0, ""Education"": 0, ""Income"": 0}",18.44016389999888,17.65625,-5345280,810,810,6480,3240,10,cpu,1,2.14.1+cu130,d52d239,156.0909090909091,145.95454545454547,0.5
L2,high,3,500,01_256x128_lr3e-4,nn,"[256, 128]",ReLU,,500,400,50736,37,0,1992681986,2247842987,-16.3427292655174,0.0167567184541523,0,0.6748265531378114,"{""Diabetes_binary"": -0.340238481760025, ""HighBP"": -0.662150502204895, ""HighChol"": -0.6793472170829773, ""CholCheck"": -0.15713444352149963, ""BMI"": -1.1579738855361938, ""Smoker"": -0.687728226184845, ""Stroke"": -0.16807414591312408, ""HeartDiseaseorAttack"": -0.28411993384361267, ""PhysActivity"": -0.5570892095565796, ""Fruits"": -0.6614342927932739, ""Veggies"": -0.4873645603656769, ""HvyAlcoholConsump"": -0.22014766931533813, ""AnyHealthcare"": -0.1979537308216095, ""NoDocbcCost"": -0.27474868297576904, ""GenHlth"": -1.3809077739715576, ""MentHlth"": -0.8409197330474854, ""PhysHlth"": -0.9762635231018066, ""DiffWalk"": -0.4388011693954468, ""Sex"": -0.6875446438789368, ""Age"": -2.4830682277679443, ""Education"": -1.2687262296676636, ""Income"": -1.7309930324554443}","{""HvyAlcoholConsump"": 0.0, ""PhysHlth"": 0.06387969094922737, ""Sex"": 0.0, ""Diabetes_binary"": 0.6448675496688742, ""Age"": 0.0, ""Income"": 0.01054478082623778, ""GenHlth"": 0.06387969094922737, ""BMI"": 0.0, ""PhysActivity"": 0.0, ""DiffWalk"": 0.0008869441816461685, ""MentHlth"": 0.05776963103122044, ""AnyHealthcare"": 0.0, ""NoDocbcCost"": 0.007588300220750552, ""CholCheck"": 0.007588300220750552, ""HighBP"": 0.003685745821507411, ""HeartDiseaseorAttack"": 0.0, ""Stroke"": 0.0, ""HighChol"": 0.0, ""Education"": 0.0, ""Smoker"": 0.0, ""Fruits"": 0.0, ""Veggies"": 0.0}","{""Diabetes_binary"": 0, ""HighBP"": 0, ""HighChol"": 0, ""CholCheck"": 0, ""BMI"": 0, ""Smoker"": 0, ""Stroke"": 0, ""HeartDiseaseorAttack"": 0, ""PhysActivity"": 0, ""Fruits"": 0, ""Veggies"": 0, ""HvyAlcoholConsump"": 0, ""AnyHealthcare"": 0, ""NoDocbcCost"": 0, ""GenHlth"": 0, ""MentHlth"": 0, ""PhysHlth"": 0, ""DiffWalk"": 0, ""Sex"": 0, ""Age"": 0, ""Education"": 0, ""Income"": 0}",17.044127400004072,16.25,3821568,793674,793674,6349392,3174696,10,cpu,1,2.14.1+cu130,d52d239,62.77272727272727,42.77272727272727,0.0
L2,high,3,500,k6_128_64_9,nn,"[128, 64]",ReLU,,500,400,50736,37,0,1992681986,2247842987,-16.356609602083555,0.0168371875281714,0,0.6748265531378114,"{""Diabetes_binary"": -0.34425610303878784, ""HighBP"": -0.6575856804847717, ""HighChol"": -0.6800750494003296, ""CholCheck"": -0.15770746767520905, ""BMI"": -1.1532195806503296, ""Smoker"": -0.6870996356010437, ""Stroke"": -0.167831152677536, ""HeartDiseaseorAttack"": -0.28557685017585754, ""PhysActivity"": -0.561710774898529, ""Fruits"": -0.6606239676475525, ""Veggies"": -0.4877367615699768, ""HvyAlcoholConsump"": -0.22018639743328094, ""AnyHealthcare"": -0.19695858657360077, ""NoDocbcCost"": -0.271499902009964, ""GenHlth"": -1.4075144529342651, ""MentHlth"": -0.8435710668563843, ""PhysHlth"": -0.9791315793991089, ""DiffWalk"": -0.44138815999031067, ""Sex"": -0.687608003616333, ""Age"": -2.4772441387176514, ""Education"": -1.2657573223114014, ""Income"": -1.7223272323608398}","{""HvyAlcoholConsump"": 0.0, ""PhysHlth"": 0.06387969094922737, ""Sex"": 0.0, ""Diabetes_binary"": 0.6448675496688742, ""Age"": 0.0, ""Income"": 0.01054478082623778, ""GenHlth"": 0.06387969094922737, ""BMI"": 0.0, ""PhysActivity"": 0.0, ""DiffWalk"": 0.0008869441816461685, ""MentHlth"": 0.05776963103122044, ""AnyHealthcare"": 0.0, ""NoDocbcCost"": 0.007588300220750552, ""CholCheck"": 0.007588300220750552, ""HighBP"": 0.003685745821507411, ""HeartDiseaseorAttack"": 0.0, ""Stroke"": 0.0, ""HighChol"": 0.0, ""Education"": 0.0, ""Smoker"": 0.0, ""Fruits"": 0.0, ""Veggies"": 0.0}","{""Diabetes_binary"": 0, ""HighBP"": 0, ""HighChol"": 0, ""CholCheck"": 0, ""BMI"": 0, ""Smoker"": 0, ""Stroke"": 0, ""HeartDiseaseorAttack"": 0, ""PhysActivity"": 0, ""Fruits"": 0, ""Veggies"": 0, ""HvyAlcoholConsump"": 0, ""AnyHealthcare"": 0, ""NoDocbcCost"": 0, ""GenHlth"": 0, ""MentHlth"": 0, ""PhysHlth"": 0, ""DiffWalk"": 0, ""Sex"": 0, ""Age"": 0, ""Education"": 0, ""Income"": 0}",35.11521150000044,33.171875,-104927232,216650,216650,1733200,866600,10,cpu,1,2.14.1+cu130,d52d239,139.13636363636363,89.13636363636364,0.0
L2,high,3,2000,mle,mle,,,,2000,2000,50736,37,0,2959222598,717861015,-23.534985699222844,0.0756588035368291,14582,0.3135643330179754,"{""Diabetes_binary"": -2.514943694189387, ""HighBP"": -0.6541130679407182, ""HighChol"": -0.6754001242757958, ""CholCheck"": -0.19173932242173589, ""BMI"": -1.1671905346897946, ""Smoker"": -0.6871890925158088, ""Stroke"": -0.15809573995223528, ""HeartDiseaseorAttack"": -0.2790616478142609, ""PhysActivity"": -0.5493999585413253, ""Fruits"": -0.6582301429687489, ""Veggies"": -0.48760947533816557, ""HvyAlcoholConsump"": -0.2212843964248869, ""AnyHealthcare"": -0.18630008357599023, ""NoDocbcCost"": -0.26059044678488447, ""GenHlth"": -2.9375262973697116, ""MentHlth"": -2.200369907843541, ""PhysHlth"": -2.223311233443628, ""DiffWalk"": -0.44354227001599594, ""Sex"": -0.6857843539358026, ""Age"": -2.4572770045984367, ""Education"": -1.2615529654969935, ""Income"": -2.6344739390849985}","{""HvyAlcoholConsump"": 0.0, ""PhysHlth"": 0.01683222958057395, ""Sex"": 0.0, ""Diabetes_binary"": 0.2934011352885525, ""Age"": 0.0, ""Income"": 0.0016753390097760958, ""GenHlth"": 0.01683222958057395, ""BMI"": 0.0, ""PhysActivity"": 0.0, ""DiffWalk"": 0.00037448754336171555, ""MentHlth"": 0.02270577105014191, ""AnyHealthcare"": 0.0, ""NoDocbcCost"": 0.0, ""CholCheck"": 0.0, ""HighBP"": 0.0005124566382844529, ""HeartDiseaseorAttack"": 0.0, ""Stroke"": 0.0, ""HighChol"": 0.0, ""Education"": 0.0, ""Smoker"": 0.0, ""Fruits"": 0.0, ""Veggies"": 0.0}","{""Diabetes_binary"": 4090, ""HighBP"": 9, ""HighChol"": 0, ""CholCheck"": 76, ""BMI"": 64, ""Smoker"": 0, ""Stroke"": 0, ""HeartDiseaseorAttack"": 0, ""PhysActivity"": 0, ""Fruits"": 0, ""Veggies"": 0, ""HvyAlcoholConsump"": 0, ""AnyHealthcare"": 0, ""NoDocbcCost"": 0, ""GenHlth"": 3121, ""MentHlth"": 2752, ""PhysHlth"": 2488, ""DiffWalk"": 59, ""Sex"": 0, ""Age"": 0, ""Education"": 0, ""Income"": 1923}",0.1233027999987825,0.125,40960,12431,7310,99448,99448,10,cpu,1,2.14.1+cu130,d52d239,,,
L2,high,3,2000,dirichlet_0.5,dirichlet,,,0.5,2000,2000,50736,37,0,2959222598,717861015,-16.518513814211463,0.0166547864809506,0,0.3135643330179754,"{""Diabetes_binary"": -0.505662450968533, ""HighBP"": -0.6493154994943161, ""HighChol"": -0.6753803341971371, ""CholCheck"": -0.15549703741194024, ""BMI"": -1.140284412221324, ""Smoker"": -0.6871898170384677, ""Stroke"": -0.1579391112409963, ""HeartDiseaseorAttack"": -0.2789824884771903, ""PhysActivity"": -0.5494089017108276, ""Fruits"": -0.6582344141643319, ""Veggies"": -0.48761819020246716, ""HvyAlcoholConsump"": -0.22123185086844574, ""AnyHealthcare"": -0.18609921244943908, ""NoDocbcCost"": -0.2595432702905911, ""GenHlth"": -1.4312591253111548, ""MentHlth"": -0.8810036747187544, ""PhysHlth"": -1.0357397856960162, ""DiffWalk"": -0.41748046339777417, ""Sex"": -0.6857839904771356, ""Age"": -2.457293658081707, ""Education"": -1.261593690971725, ""Income"": -1.73597243482119}","{""HvyAlcoholConsump"": 0.0, ""PhysHlth"": 0.01683222958057395, ""Sex"": 0.0, ""Diabetes_binary"": 0.2934011352885525, ""Age"": 0.0, ""Income"": 0.0016753390097760958, ""GenHlth"": 0.01683222958057395, ""BMI"": 0.0, ""PhysActivity"": 0.0, ""DiffWalk"": 0.00037448754336171555, ""MentHlth"": 0.02270577105014191, ""AnyHealthcare"": 0.0, ""NoDocbcCost"": 0.0, ""CholCheck"": 0.0, ""HighBP"": 0.0005124566382844529, ""HeartDiseaseorAttack"": 0.0, ""Stroke"": 0.0, ""HighChol"": 0.0, ""Education"": 0.0, ""Smoker"": 0.0, ""Fruits"": 0.0, ""Veggies"": 0.0}","{""Diabetes_binary"": 0, ""HighBP"": 0, ""HighChol"": 0, ""CholCheck"": 0, ""BMI"": 0, ""Smoker"": 0, ""Stroke"": 0, ""HeartDiseaseorAttack"": 0, ""PhysActivity"": 0, ""Fruits"": 0, ""Veggies"": 0, ""HvyAlcoholConsump"": 0, ""AnyHealthcare"": 0, ""NoDocbcCost"": 0, ""GenHlth"": 0, ""MentHlth"": 0, ""PhysHlth"": 0, ""DiffWalk"": 0, ""Sex"": 0, ""Age"": 0, ""Education"": 0, ""Income"": 0}",0.2522427999938372,0.25,954368,12431,7310,99448,99448,10,cpu,1,2.14.1+cu130,d52d239,,,
L2,high,3,2000,nn_linear,nn,[],linear,,2000,1600,50736,37,0,2959222598,717861015,-16.162748199257596,0.0161836537110034,0,0.3135643330179754,"{""Diabetes_binary"": -0.330523282289505, ""HighBP"": -0.6471743583679199, ""HighChol"": -0.6771681904792786, ""CholCheck"": -0.1545231193304062, ""BMI"": -1.1471562385559082, ""Smoker"": -0.6871912479400635, ""Stroke"": -0.15914569795131683, ""HeartDiseaseorAttack"": -0.2821425497531891, ""PhysActivity"": -0.5486657619476318, ""Fruits"": -0.6586980223655701, ""Veggies"": -0.4874812662601471, ""HvyAlcoholConsump"": -0.22069446742534637, ""AnyHealthcare"": -0.18860220909118652, ""NoDocbcCost"": -0.2593874931335449, ""GenHlth"": -1.3697736263275146, ""MentHlth"": -0.8315666913986206, ""PhysHlth"": -0.9737073183059692, ""DiffWalk"": -0.4166048467159271, ""Sex"": -0.6919664144515991, ""Age"": -2.458054304122925, ""Education"": -1.2692543268203735, ""Income"": -1.7032665014266968}","{""HvyAlcoholConsump"": 0.0, ""PhysHlth"": 0.01683222958057395, ""Sex"": 0.0, ""Diabetes_binary"": 0.2934011352885525, ""Age"": 0.0, ""Income"": 0.0016753390097760958, ""GenHlth"": 0.01683222958057395, ""BMI"": 0.0, ""PhysActivity"": 0.0, ""DiffWalk"": 0.00037448754336171555, ""MentHlth"": 0.02270577105014191, ""AnyHealthcare"": 0.0, ""NoDocbcCost"": 0.0, ""CholCheck"": 0.0, ""HighBP"": 0.0005124566382844529, ""HeartDiseaseorAttack"": 0.0, ""Stroke"": 0.0, ""HighChol"": 0.0, ""Education"": 0.0, ""Smoker"": 0.0, ""Fruits"": 0.0, ""Veggies"": 0.0}","{""Diabetes_binary"": 0, ""HighBP"": 0, ""HighChol"": 0, ""CholCheck"": 0, ""BMI"": 0, ""Smoker"": 0, ""Stroke"": 0, ""HeartDiseaseorAttack"": 0, ""PhysActivity"": 0, ""Fruits"": 0, ""Veggies"": 0, ""HvyAlcoholConsump"": 0, ""AnyHealthcare"": 0, ""NoDocbcCost"": 0, ""GenHlth"": 0, ""MentHlth"": 0, ""PhysHlth"": 0, ""DiffWalk"": 0, ""Sex"": 0, ""Age"": 0, ""Education"": 0, ""Income"": 0}",43.75557159999153,41.5625,-3461120,810,810,6480,3240,10,cpu,1,2.14.1+cu130,d52d239,118.22727272727272,100.86363636363636,0.1818181818181818
L2,high,3,2000,01_256x128_lr3e-4,nn,"[256, 128]",ReLU,,2000,1600,50736,37,0,2959222598,717861015,-16.144799267051134,0.0163440516840631,0,0.3135643330179754,"{""Diabetes_binary"": -0.33100154995918274, ""HighBP"": -0.6482155919075012, ""HighChol"": -0.6741506457328796, ""CholCheck"": -0.154920756816864, ""BMI"": -1.143412470817566, ""Smoker"": -0.6872105002403259, ""Stroke"": -0.158878356218338, ""HeartDiseaseorAttack"": -0.2929823696613312, ""PhysActivity"": -0.5500746965408325, ""Fruits"": -0.6577619910240173, ""Veggies"": -0.487498015165329, ""HvyAlcoholConsump"": -0.22198356688022614, ""AnyHealthcare"": -0.18843303620815277, ""NoDocbcCost"": -0.25846707820892334, ""GenHlth"": -1.3633919954299927, ""MentHlth"": -0.8339717388153076, ""PhysHlth"": -0.9700987339019775, ""DiffWalk"": -0.4171661138534546, ""Sex"": -0.6858417391777039, ""Age"": -2.457847833633423, ""Education"": -1.2613106966018677, ""Income"": -1.7001795768737793}","{""HvyAlcoholConsump"": 0.0, ""PhysHlth"": 0.01683222958057395, ""Sex"": 0.0, ""Diabetes_binary"": 0.2934011352885525, ""Age"": 0.0, ""Income"": 0.0016753390097760958, ""GenHlth"": 0.01683222958057395, ""BMI"": 0.0, ""PhysActivity"": 0.0, ""DiffWalk"": 0.00037448754336171555, ""MentHlth"": 0.02270577105014191, ""AnyHealthcare"": 0.0, ""NoDocbcCost"": 0.0, ""CholCheck"": 0.0, ""HighBP"": 0.0005124566382844529, ""HeartDiseaseorAttack"": 0.0, ""Stroke"": 0.0, ""HighChol"": 0.0, ""Education"": 0.0, ""Smoker"": 0.0, ""Fruits"": 0.0, ""Veggies"": 0.0}","{""Diabetes_binary"": 0, ""HighBP"": 0, ""HighChol"": 0, ""CholCheck"": 0, ""BMI"": 0, ""Smoker"": 0, ""Stroke"": 0, ""HeartDiseaseorAttack"": 0, ""PhysActivity"": 0, ""Fruits"": 0, ""Veggies"": 0, ""HvyAlcoholConsump"": 0, ""AnyHealthcare"": 0, ""NoDocbcCost"": 0, ""GenHlth"": 0, ""MentHlth"": 0, ""PhysHlth"": 0, ""DiffWalk"": 0, ""Sex"": 0, ""Age"": 0, ""Education"": 0, ""Income"": 0}",42.97213959999499,39.40625,3051520,793674,793674,6349392,3174696,10,cpu,1,2.14.1+cu130,d52d239,38.40909090909091,18.40909090909091,0.0
L2,high,3,2000,k6_128_64_9,nn,"[128, 64]",ReLU,,2000,1600,50736,37,0,2959222598,717861015,-16.13796674893643,0.0162612834606685,0,0.3135643330179754,"{""Diabetes_binary"": -0.3315669894218445, ""HighBP"": -0.6484042406082153, ""HighChol"": -0.674104630947113, ""CholCheck"": -0.15491588413715363, ""BMI"": -1.143064260482788, ""Smoker"": -0.6871909499168396, ""Stroke"": -0.15869753062725067, ""HeartDiseaseorAttack"": -0.28969594836235046, ""PhysActivity"": -0.5537087917327881, ""Fruits"": -0.658094048500061, ""Veggies"": -0.4873407185077667, ""HvyAlcoholConsump"": -0.22124186158180237, ""AnyHealthcare"": -0.1882019340991974, ""NoDocbcCost"": -0.25878772139549255, ""GenHlth"": -1.3625502586364746, ""MentHlth"": -0.8316088914871216, ""PhysHlth"": -0.9698538780212402, ""DiffWalk"": -0.4160670042037964, ""Sex"": -0.6857682466506958, ""Age"": -2.458165168762207, ""Education"": -1.2612910270690918, ""Income"": -1.6976468563079834}","{""HvyAlcoholConsump"": 0.0, ""PhysHlth"": 0.01683222958057395, ""Sex"": 0.0, ""Diabetes_binary"": 0.2934011352885525, ""Age"": 0.0, ""Income"": 0.0016753390097760958, ""GenHlth"": 0.01683222958057395, ""BMI"": 0.0, ""PhysActivity"": 0.0, ""DiffWalk"": 0.00037448754336171555, ""MentHlth"": 0.02270577105014191, ""AnyHealthcare"": 0.0, ""NoDocbcCost"": 0.0, ""CholCheck"": 0.0, ""HighBP"": 0.0005124566382844529, ""HeartDiseaseorAttack"": 0.0, ""Stroke"": 0.0, ""HighChol"": 0.0, ""Education"": 0.0, ""Smoker"": 0.0, ""Fruits"": 0.0, ""Veggies"": 0.0}","{""Diabetes_binary"": 0, ""HighBP"": 0, ""HighChol"": 0, ""CholCheck"": 0, ""BMI"": 0, ""Smoker"": 0, ""Stroke"": 0, ""HeartDiseaseorAttack"": 0, ""PhysActivity"": 0, ""Fruits"": 0, ""Veggies"": 0, ""HvyAlcoholConsump"": 0, ""AnyHealthcare"": 0, ""NoDocbcCost"": 0, ""GenHlth"": 0, ""MentHlth"": 0, ""PhysHlth"": 0, ""DiffWalk"": 0, ""Sex"": 0, ""Age"": 0, ""Education"": 0, ""Income"": 0}",71.05369520001113,66.953125,-124227584,216650,216650,1733200,866600,10,cpu,1,2.14.1+cu130,d52d239,87.31818181818181,37.31818181818182,0.0
L2,high,3,10000,mle,mle,,,,10000,10000,50736,37,0,364244828,1447178216,-18.366921625911008,0.0444305076654175,4519,0.0647075055187638,"{""Diabetes_binary"": -1.5783117090625507, ""HighBP"": -0.6534460066869342, ""HighChol"": -0.673506259293297, ""CholCheck"": -0.15468561727429095, ""BMI"": -1.1340807141620706, ""Smoker"": -0.6871121993141757, ""Stroke"": -0.15747098588106176, ""HeartDiseaseorAttack"": -0.27819329210003974, ""PhysActivity"": -0.5468276959793179, ""Fruits"": -0.6576507632838572, ""Veggies"": -0.4874117136384907, ""HvyAlcoholConsump"": -0.22018599394465127, ""AnyHealthcare"": -0.1842122307522457, ""NoDocbcCost"": -0.25692946850598475, ""GenHlth"": -1.6650955481010978, ""MentHlth"": -1.1940659772740143, ""PhysHlth"": -1.217761983835668, ""DiffWalk"": -0.41508389045278454, ""Sex"": -0.6857681913443239, ""Age"": -2.4565219668528973, ""Education"": -1.2595844257803825, ""Income"": -1.8030149923908725}","{""HvyAlcoholConsump"": 0.0, ""PhysHlth"": 0.0019315673289183224, ""Sex"": 0.0, ""Diabetes_binary"": 0.060331914222642696, ""Age"": 0.0, ""Income"": 0.0002956480605487228, ""GenHlth"": 0.0019315673289183224, ""BMI"": 0.0, ""PhysActivity"": 0.0, ""DiffWalk"": 0.0, ""MentHlth"": 0.0033309681488489437, ""AnyHealthcare"": 0.0, ""NoDocbcCost"": 0.0, ""CholCheck"": 0.0, ""HighBP"": 0.0, ""HeartDiseaseorAttack"": 0.0, ""Stroke"": 0.0, ""HighChol"": 0.0, ""Education"": 0.0, ""Smoker"": 0.0, ""Fruits"": 0.0, ""Veggies"": 0.0}","{""Diabetes_binary"": 2439, ""HighBP"": 14, ""HighChol"": 0, ""CholCheck"": 0, ""BMI"": 0, ""Smoker"": 0, ""Stroke"": 0, ""HeartDiseaseorAttack"": 0, ""PhysActivity"": 0, ""Fruits"": 0, ""Veggies"": 0, ""HvyAlcoholConsump"": 0, ""AnyHealthcare"": 0, ""NoDocbcCost"": 0, ""GenHlth"": 597, ""MentHlth"": 722, ""PhysHlth"": 513, ""DiffWalk"": 2, ""Sex"": 0, ""Age"": 0, ""Education"": 0, ""Income"": 232}",0.1723133999912534,0.15625,12288,12431,7310,99448,99448,10,cpu,1,2.14.1+cu130,d52d239,,,
L2,high,3,10000,dirichlet_0.5,dirichlet,,,0.5,10000,10000,50736,37,0,364244828,1447178216,-16.183074323876458,0.0166757469916579,0,0.0647075055187638,"{""Diabetes_binary"": -0.39474645686410004, ""HighBP"": -0.6462897847851016, ""HighChol"": -0.673504938240227, ""CholCheck"": -0.15471284060424995, ""BMI"": -1.133967065274944, ""Smoker"": -0.6871122884847966, ""Stroke"": -0.15746245329700062, ""HeartDiseaseorAttack"": -0.278195112166379, ""PhysActivity"": -0.54684655556819, ""Fruits"": -0.6576510865458702, ""Veggies"": -0.4874126318311248, ""HvyAlcoholConsump"": -0.22018384522125856, ""AnyHealthcare"": -0.18421331246470968, ""NoDocbcCost"": -0.256888991861911, ""GenHlth"": -1.3757566242998545, ""MentHlth"": -0.8455815176288908, ""PhysHlth"": -0.9737159479591527, ""DiffWalk"": -0.4141375527588333, ""Sex"": -0.6857681979634946, ""Age"": -2.4565193826910554, ""Education"": -1.2595810391701705, ""Income"": -1.6928266981951428}","{""HvyAlcoholConsump"": 0.0, ""PhysHlth"": 0.0019315673289183224, ""Sex"": 0.0, ""Diabetes_binary"": 0.060331914222642696, ""Age"": 0.0, ""Income"": 0.0002956480605487228, ""GenHlth"": 0.0019315673289183224, ""BMI"": 0.0, ""PhysActivity"": 0.0, ""DiffWalk"": 0.0, ""MentHlth"": 0.0033309681488489437, ""AnyHealthcare"": 0.0, ""NoDocbcCost"": 0.0, ""CholCheck"": 0.0, ""HighBP"": 0.0, ""HeartDiseaseorAttack"": 0.0, ""Stroke"": 0.0, ""HighChol"": 0.0, ""Education"": 0.0, ""Smoker"": 0.0, ""Fruits"": 0.0, ""Veggies"": 0.0}","{""Diabetes_binary"": 0, ""HighBP"": 0, ""HighChol"": 0, ""CholCheck"": 0, ""BMI"": 0, ""Smoker"": 0, ""Stroke"": 0, ""HeartDiseaseorAttack"": 0, ""PhysActivity"": 0, ""Fruits"": 0, ""Veggies"": 0, ""HvyAlcoholConsump"": 0, ""AnyHealthcare"": 0, ""NoDocbcCost"": 0, ""GenHlth"": 0, ""MentHlth"": 0, ""PhysHlth"": 0, ""DiffWalk"": 0, ""Sex"": 0, ""Age"": 0, ""Education"": 0, ""Income"": 0}",0.3267440000199713,0.3125,4096,12431,7310,99448,99448,10,cpu,1,2.14.1+cu130,d52d239,,,
L2,high,3,10000,nn_linear,nn,[],linear,,10000,8000,50736,37,0,364244828,1447178216,-16.05081783325518,0.0162370939957712,0,0.0647075055187638,"{""Diabetes_binary"": -0.32420626282691956, ""HighBP"": -0.6461393237113953, ""HighChol"": -0.6738361120223999, ""CholCheck"": -0.15412688255310059, ""BMI"": -1.1342281103134155, ""Smoker"": -0.6871985197067261, ""Stroke"": -0.15776947140693665, ""HeartDiseaseorAttack"": -0.2781949043273926, ""PhysActivity"": -0.5474901795387268, ""Fruits"": -0.6583347320556641, ""Veggies"": -0.4875567853450775, ""HvyAlcoholConsump"": -0.22014586627483368, ""AnyHealthcare"": -0.18443965911865234, ""NoDocbcCost"": -0.2567877769470215, ""GenHlth"": -1.3576171398162842, ""MentHlth"": -0.823591411113739, ""PhysHlth"": -0.9587885141372681, ""DiffWalk"": -0.414862722158432, ""Sex"": -0.6858115196228027, ""Age"": -2.4562697410583496, ""Education"": -1.2596440315246582, ""Income"": -1.6837785243988037}","{""HvyAlcoholConsump"": 0.0, ""PhysHlth"": 0.0019315673289183224, ""Sex"": 0.0, ""Diabetes_binary"": 0.060331914222642696, ""Age"": 0.0, ""Income"": 0.0002956480605487228, ""GenHlth"": 0.0019315673289183224, ""BMI"": 0.0, ""PhysActivity"": 0.0, ""DiffWalk"": 0.0, ""MentHlth"": 0.0033309681488489437, ""AnyHealthcare"": 0.0, ""NoDocbcCost"": 0.0, ""CholCheck"": 0.0, ""HighBP"": 0.0, ""HeartDiseaseorAttack"": 0.0, ""Stroke"": 0.0, ""HighChol"": 0.0, ""Education"": 0.0, ""Smoker"": 0.0, ""Fruits"": 0.0, ""Veggies"": 0.0}","{""Diabetes_binary"": 0, ""HighBP"": 0, ""HighChol"": 0, ""CholCheck"": 0, ""BMI"": 0, ""Smoker"": 0, ""Stroke"": 0, ""HeartDiseaseorAttack"": 0, ""PhysActivity"": 0, ""Fruits"": 0, ""Veggies"": 0, ""HvyAlcoholConsump"": 0, ""AnyHealthcare"": 0, ""NoDocbcCost"": 0, ""GenHlth"": 0, ""MentHlth"": 0, ""PhysHlth"": 0, ""DiffWalk"": 0, ""Sex"": 0, ""Age"": 0, ""Education"": 0, ""Income"": 0}",81.25581579998834,79.5625,-49893376,810,810,6480,3240,10,cpu,1,2.14.1+cu130,d52d239,50.86363636363637,30.863636363636363,0.0
L2,high,3,10000,01_256x128_lr3e-4,nn,"[256, 128]",ReLU,,10000,8000,50736,37,0,364244828,1447178216,-16.051485178055714,0.0163808922196759,0,0.0647075055187638,"{""Diabetes_binary"": -0.32358795404434204, ""HighBP"": -0.6460939645767212, ""HighChol"": -0.6735935807228088, ""CholCheck"": -0.1542244851589203, ""BMI"": -1.1349984407424927, ""Smoker"": -0.6871883273124695, ""Stroke"": -0.1573113054037094, ""HeartDiseaseorAttack"": -0.278204083442688, ""PhysActivity"": -0.547983705997467, ""Fruits"": -0.6583220958709717, ""Veggies"": -0.48750701546669006, ""HvyAlcoholConsump"": -0.22016918659210205, ""AnyHealthcare"": -0.18425549566745758, ""NoDocbcCost"": -0.2570347785949707, ""GenHlth"": -1.3569130897521973, ""MentHlth"": -0.8257715106010437, ""PhysHlth"": -0.958558201789856, ""DiffWalk"": -0.4145938456058502, ""Sex"": -0.6858647465705872, ""Age"": -2.456786632537842, ""Education"": -1.2600672245025635, ""Income"": -1.6824551820755005}","{""HvyAlcoholConsump"": 0.0, ""PhysHlth"": 0.0019315673289183224, ""Sex"": 0.0, ""Diabetes_binary"": 0.060331914222642696, ""Age"": 0.0, ""Income"": 0.0002956480605487228, ""GenHlth"": 0.0019315673289183224, ""BMI"": 0.0, ""PhysActivity"": 0.0, ""DiffWalk"": 0.0, ""MentHlth"": 0.0033309681488489437, ""AnyHealthcare"": 0.0, ""NoDocbcCost"": 0.0, ""CholCheck"": 0.0, ""HighBP"": 0.0, ""HeartDiseaseorAttack"": 0.0, ""Stroke"": 0.0, ""HighChol"": 0.0, ""Education"": 0.0, ""Smoker"": 0.0, ""Fruits"": 0.0, ""Veggies"": 0.0}","{""Diabetes_binary"": 0, ""HighBP"": 0, ""HighChol"": 0, ""CholCheck"": 0, ""BMI"": 0, ""Smoker"": 0, ""Stroke"": 0, ""HeartDiseaseorAttack"": 0, ""PhysActivity"": 0, ""Fruits"": 0, ""Veggies"": 0, ""HvyAlcoholConsump"": 0, ""AnyHealthcare"": 0, ""NoDocbcCost"": 0, ""GenHlth"": 0, ""MentHlth"": 0, ""PhysHlth"": 0, ""DiffWalk"": 0, ""Sex"": 0, ""Age"": 0, ""Education"": 0, ""Income"": 0}",149.3087430000014,141.234375,1712128,793674,793674,6349392,3174696,10,cpu,1,2.14.1+cu130,d52d239,31.40909090909091,11.409090909090908,0.0
L2,high,3,10000,k6_128_64_9,nn,"[128, 64]",ReLU,,10000,8000,50736,37,0,364244828,1447178216,-16.046773674111108,0.0163212494974182,0,0.0647075055187638,"{""Diabetes_binary"": -0.32317212224006653, ""HighBP"": -0.6458258032798767, ""HighChol"": -0.6736172437667847, ""CholCheck"": -0.15469399094581604, ""BMI"": -1.1355711221694946, ""Smoker"": -0.6871814131736755, ""Stroke"": -0.1572742462158203, ""HeartDiseaseorAttack"": -0.27826789021492004, ""PhysActivity"": -0.5480635166168213, ""Fruits"": -0.6584641337394714, ""Veggies"": -0.4875132441520691, ""HvyAlcoholConsump"": -0.2201606035232544, ""AnyHealthcare"": -0.18409956991672516, ""NoDocbcCost"": -0.25702106952667236, ""GenHlth"": -1.3549751043319702, ""MentHlth"": -0.8239096999168396, ""PhysHlth"": -0.9578964710235596, ""DiffWalk"": -0.4147103428840637, ""Sex"": -0.6858193278312683, ""Age"": -2.4563279151916504, ""Education"": -1.259893774986267, ""Income"": -1.6823151111602783}","{""HvyAlcoholConsump"": 0.0, ""PhysHlth"": 0.0019315673289183224, ""Sex"": 0.0, ""Diabetes_binary"": 0.060331914222642696, ""Age"": 0.0, ""Income"": 0.0002956480605487228, ""GenHlth"": 0.0019315673289183224, ""BMI"": 0.0, ""PhysActivity"": 0.0, ""DiffWalk"": 0.0, ""MentHlth"": 0.0033309681488489437, ""AnyHealthcare"": 0.0, ""NoDocbcCost"": 0.0, ""CholCheck"": 0.0, ""HighBP"": 0.0, ""HeartDiseaseorAttack"": 0.0, ""Stroke"": 0.0, ""HighChol"": 0.0, ""Education"": 0.0, ""Smoker"": 0.0, ""Fruits"": 0.0, ""Veggies"": 0.0}","{""Diabetes_binary"": 0, ""HighBP"": 0, ""HighChol"": 0, ""CholCheck"": 0, ""BMI"": 0, ""Smoker"": 0, ""Stroke"": 0, ""HeartDiseaseorAttack"": 0, ""PhysActivity"": 0, ""Fruits"": 0, ""Veggies"": 0, ""HvyAlcoholConsump"": 0, ""AnyHealthcare"": 0, ""NoDocbcCost"": 0, ""GenHlth"": 0, ""MentHlth"": 0, ""PhysHlth"": 0, ""DiffWalk"": 0, ""Sex"": 0, ""Age"": 0, ""Education"": 0, ""Income"": 0}",265.35368209998705,255.53125,-93638656,216650,216650,1733200,866600,10,cpu,1,2.14.1+cu130,d52d239,71.5,21.5,0.0
L2,high,3,50000,mle,mle,,,,50000,50000,50736,37,0,2824486376,1264435534,-16.52070630400832,0.0254654752601885,975,0.0090862503941974,"{""Diabetes_binary"": -0.6407185735320077, ""HighBP"": -0.6448998065197826, ""HighChol"": -0.673554323565494, ""CholCheck"": -0.15412213415174209, ""BMI"": -1.1325310735220993, ""Smoker"": -0.6870836630069631, ""Stroke"": -0.15731327326847935, ""HeartDiseaseorAttack"": -0.27812873588007714, ""PhysActivity"": -0.5463159244708387, ""Fruits"": -0.6575745292583043, ""Veggies"": -0.48735702362368377, ""HvyAlcoholConsump"": -0.22014776465438934, ""AnyHealthcare"": -0.18397869685626972, ""NoDocbcCost"": -0.25587967816432716, ""GenHlth"": -1.3953215312057436, ""MentHlth"": -0.8931784117792301, ""PhysHlth"": -0.9980686666605564, ""DiffWalk"": -0.41322534135277067, ""Sex"": -0.6857697392933082, ""Age"": -2.455839520709143, ""Education"": -1.2594899695466648, ""Income"": -1.7002079229864488}","{""HvyAlcoholConsump"": 0.0, ""PhysHlth"": 0.0, ""Sex"": 0.0, ""Diabetes_binary"": 0.008613213497319458, ""Age"": 0.0, ""Income"": 0.0, ""GenHlth"": 0.0, ""BMI"": 0.0, ""PhysActivity"": 0.0, ""DiffWalk"": 0.0, ""MentHlth"": 0.0004927467675812047, ""AnyHealthcare"": 0.0, ""NoDocbcCost"": 0.0, ""CholCheck"": 0.0, ""HighBP"": 0.0, ""HeartDiseaseorAttack"": 0.0, ""Stroke"": 0.0, ""HighChol"": 0.0, ""Education"": 0.0, ""Smoker"": 0.0, ""Fruits"": 0.0, ""Veggies"": 0.0}","{""Diabetes_binary"": 630, ""HighBP"": 0, ""HighChol"": 0, ""CholCheck"": 0, ""BMI"": 0, ""Smoker"": 0, ""Stroke"": 0, ""HeartDiseaseorAttack"": 0, ""PhysActivity"": 0, ""Fruits"": 0, ""Veggies"": 0, ""HvyAlcoholConsump"": 0, ""AnyHealthcare"": 0, ""NoDocbcCost"": 0, ""GenHlth"": 82, ""MentHlth"": 138, ""PhysHlth"": 82, ""DiffWalk"": 0, ""Sex"": 0, ""Age"": 0, ""Education"": 0, ""Income"": 43}",0.198338899994269,0.203125,3350528,12431,7310,99448,99448,10,cpu,1,2.14.1+cu130,d52d239,,,
L2,high,3,50000,dirichlet_0.5,dirichlet,,,0.5,50000,50000,50736,37,0,2824486376,1264435534,-16.056426016607688,0.0165809909101959,0,0.0090862503941974,"{""Diabetes_binary"": -0.3417376665751065, ""HighBP"": -0.644896474826037, ""HighChol"": -0.6735539166842597, ""CholCheck"": -0.15411542436770373, ""BMI"": -1.1325297894164197, ""Smoker"": -0.6870836528466656, ""Stroke"": -0.1573112788962079, ""HeartDiseaseorAttack"": -0.27813023598716474, ""PhysActivity"": -0.5463181744492294, ""Fruits"": -0.6575745311937065, ""Veggies"": -0.4873569312271747, ""HvyAlcoholConsump"": -0.2201475044366133, ""AnyHealthcare"": -0.1839767304072415, ""NoDocbcCost"": -0.2558799404577809, ""GenHlth"": -1.3563640819377825, ""MentHlth"": -0.8262451802170342, ""PhysHlth"": -0.9593753438450286, ""DiffWalk"": -0.4132208233159713, ""Sex"": -0.6857697347293127, ""Age"": -2.4558395017445367, ""Education"": -1.2594869261477482, ""Income"": -1.6795121728989642}","{""HvyAlcoholConsump"": 0.0, ""PhysHlth"": 0.0, ""Sex"": 0.0, ""Diabetes_binary"": 0.008613213497319458, ""Age"": 0.0, ""Income"": 0.0, ""GenHlth"": 0.0, ""BMI"": 0.0, ""PhysActivity"": 0.0, ""DiffWalk"": 0.0, ""MentHlth"": 0.0004927467675812047, ""AnyHealthcare"": 0.0, ""NoDocbcCost"": 0.0, ""CholCheck"": 0.0, ""HighBP"": 0.0, ""HeartDiseaseorAttack"": 0.0, ""Stroke"": 0.0, ""HighChol"": 0.0, ""Education"": 0.0, ""Smoker"": 0.0, ""Fruits"": 0.0, ""Veggies"": 0.0}","{""Diabetes_binary"": 0, ""HighBP"": 0, ""HighChol"": 0, ""CholCheck"": 0, ""BMI"": 0, ""Smoker"": 0, ""Stroke"": 0, ""HeartDiseaseorAttack"": 0, ""PhysActivity"": 0, ""Fruits"": 0, ""Veggies"": 0, ""HvyAlcoholConsump"": 0, ""AnyHealthcare"": 0, ""NoDocbcCost"": 0, ""GenHlth"": 0, ""MentHlth"": 0, ""PhysHlth"": 0, ""DiffWalk"": 0, ""Sex"": 0, ""Age"": 0, ""Education"": 0, ""Income"": 0}",0.2919063000008464,0.296875,1097728,12431,7310,99448,99448,10,cpu,1,2.14.1+cu130,d52d239,,,
L2,high,3,full,mle,mle,,,,202944,202944,50736,37,0,4233618437,1033073128,-16.13267335211501,0.0191099639896037,233,0.0013008514664143,"{""Diabetes_binary"": -0.4019224193880604, ""HighBP"": -0.6448278777973878, ""HighChol"": -0.6733533448208138, ""CholCheck"": -0.15397061847615237, ""BMI"": -1.1323714944729086, ""Smoker"": -0.6870839932132353, ""Stroke"": -0.15734208703623592, ""HeartDiseaseorAttack"": -0.27813566592150896, ""PhysActivity"": -0.5462923899151397, ""Fruits"": -0.6575840515886278, ""Veggies"": -0.48736469471695454, ""HvyAlcoholConsump"": -0.22015134573921816, ""AnyHealthcare"": -0.1840063643892179, ""NoDocbcCost"": -0.2558710568900306, ""GenHlth"": -1.3530463054522646, ""MentHlth"": -0.8465287354717643, ""PhysHlth"": -0.9599021930760848, ""DiffWalk"": -0.4129748834813355, ""Sex"": -0.6857712753125436, ""Age"": -2.4557327148795016, ""Education"": -1.25951114293391, ""Income"": -1.6789286971421133}","{""HvyAlcoholConsump"": 0.0, ""PhysHlth"": 0.0, ""Sex"": 0.0, ""Diabetes_binary"": 0.001281141595711132, ""Age"": 0.0, ""Income"": 0.0, ""GenHlth"": 0.0, ""BMI"": 0.0, ""PhysActivity"": 0.0, ""DiffWalk"": 0.0, ""MentHlth"": 1.9709870703248187e-05, ""AnyHealthcare"": 0.0, ""NoDocbcCost"": 0.0, ""CholCheck"": 0.0, ""HighBP"": 0.0, ""HeartDiseaseorAttack"": 0.0, ""Stroke"": 0.0, ""HighChol"": 0.0, ""Education"": 0.0, ""Smoker"": 0.0, ""Fruits"": 0.0, ""Veggies"": 0.0}","{""Diabetes_binary"": 162, ""HighBP"": 0, ""HighChol"": 0, ""CholCheck"": 0, ""BMI"": 0, ""Smoker"": 0, ""Stroke"": 0, ""HeartDiseaseorAttack"": 0, ""PhysActivity"": 0, ""Fruits"": 0, ""Veggies"": 0, ""HvyAlcoholConsump"": 0, ""AnyHealthcare"": 0, ""NoDocbcCost"": 0, ""GenHlth"": 5, ""MentHlth"": 49, ""PhysHlth"": 10, ""DiffWalk"": 0, ""Sex"": 0, ""Age"": 0, ""Education"": 0, ""Income"": 7}",0.5881160999997519,0.59375,45056,12431,7310,99448,99448,10,cpu,1,2.14.1+cu130,d52d239,,,
L2,high,3,full,dirichlet_0.5,dirichlet,,,0.5,202944,202944,50736,37,0,4233618437,1033073128,-16.022998309187074,0.0164873199503234,0,0.0013008514664143,"{""Diabetes_binary"": -0.32614065886987437, ""HighBP"": -0.6448279575154965, ""HighChol"": -0.6733533120502053, ""CholCheck"": -0.15397058507474395, ""BMI"": -1.1323725557064086, ""Smoker"": -0.6870839906656279, ""Stroke"": -0.15734153745501842, ""HeartDiseaseorAttack"": -0.2781360671480696, ""PhysActivity"": -0.5462929615554941, ""Fruits"": -0.657584045553501, ""Veggies"": -0.48736466714066434, ""HvyAlcoholConsump"": -0.22015127647439964, ""AnyHealthcare"": -0.1840061045556737, ""NoDocbcCost"": -0.2558712142168282, ""GenHlth"": -1.3507211313606768, ""MentHlth"": -0.822922430373324, ""PhysHlth"": -0.9552756850550879, ""DiffWalk"": -0.4129750628162157, ""Sex"": -0.6857712768108374, ""Age"": -2.455732839123094, ""Education"": -1.259511092730871, ""Income"": -1.675591856934964}","{""HvyAlcoholConsump"": 0.0, ""PhysHlth"": 0.0, ""Sex"": 0.0, ""Diabetes_binary"": 0.001281141595711132, ""Age"": 0.0, ""Income"": 0.0, ""GenHlth"": 0.0, ""BMI"": 0.0, ""PhysActivity"": 0.0, ""DiffWalk"": 0.0, ""MentHlth"": 1.9709870703248187e-05, ""AnyHealthcare"": 0.0, ""NoDocbcCost"": 0.0, ""CholCheck"": 0.0, ""HighBP"": 0.0, ""HeartDiseaseorAttack"": 0.0, ""Stroke"": 0.0, ""HighChol"": 0.0, ""Education"": 0.0, ""Smoker"": 0.0, ""Fruits"": 0.0, ""Veggies"": 0.0}","{""Diabetes_binary"": 0, ""HighBP"": 0, ""HighChol"": 0, ""CholCheck"": 0, ""BMI"": 0, ""Smoker"": 0, ""Stroke"": 0, ""HeartDiseaseorAttack"": 0, ""PhysActivity"": 0, ""Fruits"": 0, ""Veggies"": 0, ""HvyAlcoholConsump"": 0, ""AnyHealthcare"": 0, ""NoDocbcCost"": 0, ""GenHlth"": 0, ""MentHlth"": 0, ""PhysHlth"": 0, ""DiffWalk"": 0, ""Sex"": 0, ""Age"": 0, ""Education"": 0, ""Income"": 0}",0.9554508000146598,0.9375,-13205504,12431,7310,99448,99448,10,cpu,1,2.14.1+cu130,d52d239,,,
L1,high,3,500,mle,mle,,,,500,500,50736,37,0,1992681986,2247842987,-17.007110074959098,0.0593283321437786,8933,0.2303295490381583,"{""Diabetes_binary"": -2.1780207620510246, ""HighBP"": -0.7225946823600473, ""HighChol"": -0.6840037398879881, ""CholCheck"": -0.1990882781747198, ""BMI"": -0.7944416081349339, ""Smoker"": -0.6874174971719904, ""Stroke"": -0.2309433975623633, ""HeartDiseaseorAttack"": -0.2855303088012866, ""PhysActivity"": -0.5520718264630826, ""Fruits"": -0.6586528806442108, ""Veggies"": -0.48826028258600923, ""HvyAlcoholConsump"": -0.22017979465882875, ""AnyHealthcare"": -0.1914254024026024, ""NoDocbcCost"": -0.2674816953961678, ""GenHlth"": -1.4822811841682004, ""MentHlth"": -1.2861864307484425, ""PhysHlth"": -0.961545380190616, ""DiffWalk"": -0.4575879893576087, ""Sex"": -0.6862479226025318, ""Age"": -1.687254021203417, ""Education"": -0.6805890371897694, ""Income"": -1.605305953203255}","{""HvyAlcoholConsump"": 0.0, ""PhysHlth"": 0.008948281299274677, ""Sex"": 0.0, ""Diabetes_binary"": 0.21874014506464837, ""Age"": 0.0, ""Income"": 0.00023651844843897824, ""GenHlth"": 0.008948281299274677, ""BMI"": 0.0, ""PhysActivity"": 0.0, ""DiffWalk"": 0.0008869441816461685, ""MentHlth"": 0.011707663197729423, ""AnyHealthcare"": 0.0, ""NoDocbcCost"": 0.0, ""CholCheck"": 0.0, ""HighBP"": 0.0, ""HeartDiseaseorAttack"": 0.0, ""Stroke"": 0.0, ""HighChol"": 0.0, ""Education"": 0.0, ""Smoker"": 0.0, ""Fruits"": 0.0, ""Veggies"": 0.0}","{""Diabetes_binary"": 3467, ""HighBP"": 126, ""HighChol"": 0, ""CholCheck"": 83, ""BMI"": 0, ""Smoker"": 0, ""Stroke"": 143, ""HeartDiseaseorAttack"": 0, ""PhysActivity"": 0, ""Fruits"": 0, ""Veggies"": 0, ""HvyAlcoholConsump"": 0, ""AnyHealthcare"": 0, ""NoDocbcCost"": 0, ""GenHlth"": 1371, ""MentHlth"": 1781, ""PhysHlth"": 897, ""DiffWalk"": 87, ""Sex"": 0, ""Age"": 0, ""Education"": 0, ""Income"": 978}",0.1155236999911721,0.125,4096,2481,1348,19848,19848,10,cpu,1,2.14.1+cu130,d52d239,,,
L1,high,3,500,dirichlet_0.5,dirichlet,,,0.5,500,500,50736,37,0,1992681986,2247842987,-12.698509619828508,0.0167350693588574,0,0.2303295490381583,"{""Diabetes_binary"": -0.47967940750791727, ""HighBP"": -0.6581563222687942, ""HighChol"": -0.6830826195458644, ""CholCheck"": -0.15906105940354476, ""BMI"": -0.7938788611665691, ""Smoker"": -0.6874219182977517, ""Stroke"": -0.16126240456147375, ""HeartDiseaseorAttack"": -0.2839541032393258, ""PhysActivity"": -0.5525269249861016, ""Fruits"": -0.6586738086690065, ""Veggies"": -0.4883222024223773, ""HvyAlcoholConsump"": -0.22022472371600238, ""AnyHealthcare"": -0.1902715084696745, ""NoDocbcCost"": -0.2646735824030949, ""GenHlth"": -0.8237789248011904, ""MentHlth"": -0.4411533584796375, ""PhysHlth"": -0.5454350420098427, ""DiffWalk"": -0.41764467938832683, ""Sex"": -0.6862384462534775, ""Age"": -1.6865211947255239, ""Education"": -0.6810350767217361, ""Income"": -1.135513450791275}","{""HvyAlcoholConsump"": 0.0, ""PhysHlth"": 0.008948281299274677, ""Sex"": 0.0, ""Diabetes_binary"": 0.21874014506464837, ""Age"": 0.0, ""Income"": 0.00023651844843897824, ""GenHlth"": 0.008948281299274677, ""BMI"": 0.0, ""PhysActivity"": 0.0, ""DiffWalk"": 0.0008869441816461685, ""MentHlth"": 0.011707663197729423, ""AnyHealthcare"": 0.0, ""NoDocbcCost"": 0.0, ""CholCheck"": 0.0, ""HighBP"": 0.0, ""HeartDiseaseorAttack"": 0.0, ""Stroke"": 0.0, ""HighChol"": 0.0, ""Education"": 0.0, ""Smoker"": 0.0, ""Fruits"": 0.0, ""Veggies"": 0.0}","{""Diabetes_binary"": 0, ""HighBP"": 0, ""HighChol"": 0, ""CholCheck"": 0, ""BMI"": 0, ""Smoker"": 0, ""Stroke"": 0, ""HeartDiseaseorAttack"": 0, ""PhysActivity"": 0, ""Fruits"": 0, ""Veggies"": 0, ""HvyAlcoholConsump"": 0, ""AnyHealthcare"": 0, ""NoDocbcCost"": 0, ""GenHlth"": 0, ""MentHlth"": 0, ""PhysHlth"": 0, ""DiffWalk"": 0, ""Sex"": 0, ""Age"": 0, ""Education"": 0, ""Income"": 0}",0.1618240999814588,0.15625,-1048576,2481,1348,19848,19848,10,cpu,1,2.14.1+cu130,d52d239,,,
L1,high,3,500,nn_linear,nn,[],linear,,500,400,50736,37,0,1992681986,2247842987,-12.63993188042842,0.0149382989725816,0,0.2303295490381583,"{""Diabetes_binary"": -0.35183998942375183, ""HighBP"": -0.6567065715789795, ""HighChol"": -0.678803563117981, ""CholCheck"": -0.15668152272701263, ""BMI"": -0.8191400170326233, ""Smoker"": -0.6874678134918213, ""Stroke"": -0.16418853402137756, ""HeartDiseaseorAttack"": -0.28229793906211853, ""PhysActivity"": -0.5613834261894226, ""Fruits"": -0.658244788646698, ""Veggies"": -0.49380502104759216, ""HvyAlcoholConsump"": -0.22390295565128326, ""AnyHealthcare"": -0.19457828998565674, ""NoDocbcCost"": -0.2623223066329956, ""GenHlth"": -0.7967623472213745, ""MentHlth"": -0.4153786599636078, ""PhysHlth"": -0.5095778703689575, ""DiffWalk"": -0.429118812084198, ""Sex"": -0.687556266784668, ""Age"": -1.6801060438156128, ""Education"": -0.8149937391281128, ""Income"": -1.1150755882263184}","{""HvyAlcoholConsump"": 0.0, ""PhysHlth"": 0.008948281299274677, ""Sex"": 0.0, ""Diabetes_binary"": 0.21874014506464837, ""Age"": 0.0, ""Income"": 0.00023651844843897824, ""GenHlth"": 0.008948281299274677, ""BMI"": 0.0, ""PhysActivity"": 0.0, ""DiffWalk"": 0.0008869441816461685, ""MentHlth"": 0.011707663197729423, ""AnyHealthcare"": 0.0, ""NoDocbcCost"": 0.0, ""CholCheck"": 0.0, ""HighBP"": 0.0, ""HeartDiseaseorAttack"": 0.0, ""Stroke"": 0.0, ""HighChol"": 0.0, ""Education"": 0.0, ""Smoker"": 0.0, ""Fruits"": 0.0, ""Veggies"": 0.0}","{""Diabetes_binary"": 0, ""HighBP"": 0, ""HighChol"": 0, ""CholCheck"": 0, ""BMI"": 0, ""Smoker"": 0, ""Stroke"": 0, ""HeartDiseaseorAttack"": 0, ""PhysActivity"": 0, ""Fruits"": 0, ""Veggies"": 0, ""HvyAlcoholConsump"": 0, ""AnyHealthcare"": 0, ""NoDocbcCost"": 0, ""GenHlth"": 0, ""MentHlth"": 0, ""PhysHlth"": 0, ""DiffWalk"": 0, ""Sex"": 0, ""Age"": 0, ""Education"": 0, ""Income"": 0}",18.89338610001141,17.828125,-46268416,378,378,3024,1512,10,cpu,1,2.14.1+cu130,d52d239,159.77272727272728,149.04545454545453,0.5
L1,high,3,500,01_256x128_lr3e-4,nn,"[256, 128]",ReLU,,500,400,50736,37,0,1992681986,2247842987,-12.513924426309298,0.016694522711321,0,0.2303295490381583,"{""Diabetes_binary"": -0.3460697531700134, ""HighBP"": -0.6572518944740295, ""HighChol"": -0.6872624754905701, ""CholCheck"": -0.15549753606319427, ""BMI"": -0.8398981094360352, ""Smoker"": -0.6874752044677734, ""Stroke"": -0.16562354564666748, ""HeartDiseaseorAttack"": -0.2875397205352783, ""PhysActivity"": -0.554531455039978, ""Fruits"": -0.6612090468406677, ""Veggies"": -0.48740246891975403, ""HvyAlcoholConsump"": -0.22013626992702484, ""AnyHealthcare"": -0.1938178986310959, ""NoDocbcCost"": -0.2618194818496704, ""GenHlth"": -0.7925763726234436, ""MentHlth"": -0.4141813814640045, ""PhysHlth"": -0.5099451541900635, ""DiffWalk"": -0.441562682390213, ""Sex"": -0.6875513792037964, ""Age"": -1.6795930862426758, ""Education"": -0.6804667115211487, ""Income"": -1.1025125980377197}","{""HvyAlcoholConsump"": 0.0, ""PhysHlth"": 0.008948281299274677, ""Sex"": 0.0, ""Diabetes_binary"": 0.21874014506464837, ""Age"": 0.0, ""Income"": 0.00023651844843897824, ""GenHlth"": 0.008948281299274677, ""BMI"": 0.0, ""PhysActivity"": 0.0, ""DiffWalk"": 0.0008869441816461685, ""MentHlth"": 0.011707663197729423, ""AnyHealthcare"": 0.0, ""NoDocbcCost"": 0.0, ""CholCheck"": 0.0, ""HighBP"": 0.0, ""HeartDiseaseorAttack"": 0.0, ""Stroke"": 0.0, ""HighChol"": 0.0, ""Education"": 0.0, ""Smoker"": 0.0, ""Fruits"": 0.0, ""Veggies"": 0.0}","{""Diabetes_binary"": 0, ""HighBP"": 0, ""HighChol"": 0, ""CholCheck"": 0, ""BMI"": 0, ""Smoker"": 0, ""Stroke"": 0, ""HeartDiseaseorAttack"": 0, ""PhysActivity"": 0, ""Fruits"": 0, ""Veggies"": 0, ""HvyAlcoholConsump"": 0, ""AnyHealthcare"": 0, ""NoDocbcCost"": 0, ""GenHlth"": 0, ""MentHlth"": 0, ""PhysHlth"": 0, ""DiffWalk"": 0, ""Sex"": 0, ""Age"": 0, ""Education"": 0, ""Income"": 0}",12.231777999986662,11.34375,-1691648,769463,769463,6155704,3077852,10,cpu,1,2.14.1+cu130,d52d239,49.18181818181818,29.181818181818183,0.0
L1,high,3,500,k6_128_64_9,nn,"[128, 64]",ReLU,,500,400,50736,37,0,1992681986,2247842987,-12.54352967992735,0.0164396001688957,0,0.2303295490381583,"{""Diabetes_binary"": -0.4270198941230774, ""HighBP"": -0.6554996371269226, ""HighChol"": -0.682868480682373, ""CholCheck"": -0.15837469696998596, ""BMI"": -0.7923179268836975, ""Smoker"": -0.6870790719985962, ""Stroke"": -0.16457612812519073, ""HeartDiseaseorAttack"": -0.2832150459289551, ""PhysActivity"": -0.5607794523239136, ""Fruits"": -0.6615706086158752, ""Veggies"": -0.4879268705844879, ""HvyAlcoholConsump"": -0.22012673318386078, ""AnyHealthcare"": -0.19256573915481567, ""NoDocbcCost"": -0.26358795166015625, ""GenHlth"": -0.7893725633621216, ""MentHlth"": -0.4146367013454437, ""PhysHlth"": -0.5081570744514465, ""DiffWalk"": -0.43325746059417725, ""Sex"": -0.6874604225158691, ""Age"": -1.6847718954086304, ""Education"": -0.6805810928344727, ""Income"": -1.107784390449524}","{""HvyAlcoholConsump"": 0.0, ""PhysHlth"": 0.008948281299274677, ""Sex"": 0.0, ""Diabetes_binary"": 0.21874014506464837, ""Age"": 0.0, ""Income"": 0.00023651844843897824, ""GenHlth"": 0.008948281299274677, ""BMI"": 0.0, ""PhysActivity"": 0.0, ""DiffWalk"": 0.0008869441816461685, ""MentHlth"": 0.011707663197729423, ""AnyHealthcare"": 0.0, ""NoDocbcCost"": 0.0, ""CholCheck"": 0.0, ""HighBP"": 0.0, ""HeartDiseaseorAttack"": 0.0, ""Stroke"": 0.0, ""HighChol"": 0.0, ""Education"": 0.0, ""Smoker"": 0.0, ""Fruits"": 0.0, ""Veggies"": 0.0}","{""Diabetes_binary"": 0, ""HighBP"": 0, ""HighChol"": 0, ""CholCheck"": 0, ""BMI"": 0, ""Smoker"": 0, ""Stroke"": 0, ""HeartDiseaseorAttack"": 0, ""PhysActivity"": 0, ""Fruits"": 0, ""Veggies"": 0, ""HvyAlcoholConsump"": 0, ""AnyHealthcare"": 0, ""NoDocbcCost"": 0, ""GenHlth"": 0, ""MentHlth"": 0, ""PhysHlth"": 0, ""DiffWalk"": 0, ""Sex"": 0, ""Age"": 0, ""Education"": 0, ""Income"": 0}",36.775111599999946,35.1875,-108527616,204535,204535,1636280,818140,10,cpu,1,2.14.1+cu130,d52d239,136.54545454545453,86.54545454545455,0.0
L1,high,3,2000,mle,mle,,,,2000,2000,50736,37,0,2959222598,717861015,-14.150066964062647,0.0401330079422456,3567,0.0736360769473352,"{""Diabetes_binary"": -1.441717486680476, ""HighBP"": -0.6740961123600533, ""HighChol"": -0.6763786576848931, ""CholCheck"": -0.15536814121494225, ""BMI"": -0.7867248413156743, ""Smoker"": -0.6871890925158088, ""Stroke"": -0.15809573995223528, ""HeartDiseaseorAttack"": -0.2790616478142609, ""PhysActivity"": -0.5482725301342887, ""Fruits"": -0.6582301429687489, ""Veggies"": -0.48760947533816557, ""HvyAlcoholConsump"": -0.2212843964248869, ""AnyHealthcare"": -0.18695504027512702, ""NoDocbcCost"": -0.25802726825303657, ""GenHlth"": -0.9918892700568545, ""MentHlth"": -0.6492157951144647, ""PhysHlth"": -0.6865518978236229, ""DiffWalk"": -0.44351780381743566, ""Sex"": -0.6857843539358026, ""Age"": -1.678884541023924, ""Education"": -0.676914041952234, ""Income"": -1.1182986874057095}","{""HvyAlcoholConsump"": 0.0, ""PhysHlth"": 0.002562283191422264, ""Sex"": 0.0, ""Diabetes_binary"": 0.06774282560706402, ""Age"": 0.0, ""Income"": 0.00023651844843897824, ""GenHlth"": 0.002562283191422264, ""BMI"": 0.0, ""PhysActivity"": 0.0, ""DiffWalk"": 0.0, ""MentHlth"": 0.0054005045726900035, ""AnyHealthcare"": 0.0, ""NoDocbcCost"": 0.0, ""CholCheck"": 0.0, ""HighBP"": 0.0, ""HeartDiseaseorAttack"": 0.0, ""Stroke"": 0.0, ""HighChol"": 0.0, ""Education"": 0.0, ""Smoker"": 0.0, ""Fruits"": 0.0, ""Veggies"": 0.0}","{""Diabetes_binary"": 2143, ""HighBP"": 41, ""HighChol"": 0, ""CholCheck"": 0, ""BMI"": 0, ""Smoker"": 0, ""Stroke"": 0, ""HeartDiseaseorAttack"": 0, ""PhysActivity"": 0, ""Fruits"": 0, ""Veggies"": 0, ""HvyAlcoholConsump"": 0, ""AnyHealthcare"": 0, ""NoDocbcCost"": 0, ""GenHlth"": 411, ""MentHlth"": 484, ""PhysHlth"": 372, ""DiffWalk"": 59, ""Sex"": 0, ""Age"": 0, ""Education"": 0, ""Income"": 57}",0.1523992999864276,0.15625,0,2481,1348,19848,19848,10,cpu,1,2.14.1+cu130,d52d239,,,
L1,high,3,2000,dirichlet_0.5,dirichlet,,,0.5,2000,2000,50736,37,0,2959222598,717861015,-12.433667808685456,0.0166543066241367,0,0.0736360769473352,"{""Diabetes_binary"": -0.4000670198928329, ""HighBP"": -0.6535347080474566, ""HighChol"": -0.6763505507662229, ""CholCheck"": -0.15490782417934962, ""BMI"": -0.786496790199674, ""Smoker"": -0.6871898170384677, ""Stroke"": -0.1579391112409963, ""HeartDiseaseorAttack"": -0.2789824884771903, ""PhysActivity"": -0.5482981888584636, ""Fruits"": -0.6582344141643319, ""Veggies"": -0.48761819020246716, ""HvyAlcoholConsump"": -0.22123185086844574, ""AnyHealthcare"": -0.18689031123144031, ""NoDocbcCost"": -0.25789921037158875, ""GenHlth"": -0.7972866421672228, ""MentHlth"": -0.4170813972669127, ""PhysHlth"": -0.5141690753559403, ""DiffWalk"": -0.4179387925490043, ""Sex"": -0.6857839904771356, ""Age"": -1.6788842287987125, ""Education"": -0.6769470347578976, ""Income"": -1.0899361717737026}","{""HvyAlcoholConsump"": 0.0, ""PhysHlth"": 0.002562283191422264, ""Sex"": 0.0, ""Diabetes_binary"": 0.06774282560706402, ""Age"": 0.0, ""Income"": 0.00023651844843897824, ""GenHlth"": 0.002562283191422264, ""BMI"": 0.0, ""PhysActivity"": 0.0, ""DiffWalk"": 0.0, ""MentHlth"": 0.0054005045726900035, ""AnyHealthcare"": 0.0, ""NoDocbcCost"": 0.0, ""CholCheck"": 0.0, ""HighBP"": 0.0, ""HeartDiseaseorAttack"": 0.0, ""Stroke"": 0.0, ""HighChol"": 0.0, ""Education"": 0.0, ""Smoker"": 0.0, ""Fruits"": 0.0, ""Veggies"": 0.0}","{""Diabetes_binary"": 0, ""HighBP"": 0, ""HighChol"": 0, ""CholCheck"": 0, ""BMI"": 0, ""Smoker"": 0, ""Stroke"": 0, ""HeartDiseaseorAttack"": 0, ""PhysActivity"": 0, ""Fruits"": 0, ""Veggies"": 0, ""HvyAlcoholConsump"": 0, ""AnyHealthcare"": 0, ""NoDocbcCost"": 0, ""GenHlth"": 0, ""MentHlth"": 0, ""PhysHlth"": 0, ""DiffWalk"": 0, ""Sex"": 0, ""Age"": 0, ""Education"": 0, ""Income"": 0}",0.2022042000025976,0.203125,0,2481,1348,19848,19848,10,cpu,1,2.14.1+cu130,d52d239,,,
L1,high,3,2000,nn_linear,nn,[],linear,,2000,1600,50736,37,0,2959222598,717861015,-12.349036368846187,0.0160826364803272,0,0.0736360769473352,"{""Diabetes_binary"": -0.33246317505836487, ""HighBP"": -0.6500884890556335, ""HighChol"": -0.6744180917739868, ""CholCheck"": -0.1542809009552002, ""BMI"": -0.7858663201332092, ""Smoker"": -0.6871910095214844, ""Stroke"": -0.15887241065502167, ""HeartDiseaseorAttack"": -0.2824413776397705, ""PhysActivity"": -0.5581070184707642, ""Fruits"": -0.6586819291114807, ""Veggies"": -0.48783251643180847, ""HvyAlcoholConsump"": -0.22069619596004486, ""AnyHealthcare"": -0.18683460354804993, ""NoDocbcCost"": -0.25750550627708435, ""GenHlth"": -0.7852333188056946, ""MentHlth"": -0.4043067991733551, ""PhysHlth"": -0.5077419281005859, ""DiffWalk"": -0.4203633964061737, ""Sex"": -0.6859471797943115, ""Age"": -1.6795026063919067, ""Education"": -0.68358314037323, ""Income"": -1.08707857131958}","{""HvyAlcoholConsump"": 0.0, ""PhysHlth"": 0.002562283191422264, ""Sex"": 0.0, ""Diabetes_binary"": 0.06774282560706402, ""Age"": 0.0, ""Income"": 0.00023651844843897824, ""GenHlth"": 0.002562283191422264, ""BMI"": 0.0, ""PhysActivity"": 0.0, ""DiffWalk"": 0.0, ""MentHlth"": 0.0054005045726900035, ""AnyHealthcare"": 0.0, ""NoDocbcCost"": 0.0, ""CholCheck"": 0.0, ""HighBP"": 0.0, ""HeartDiseaseorAttack"": 0.0, ""Stroke"": 0.0, ""HighChol"": 0.0, ""Education"": 0.0, ""Smoker"": 0.0, ""Fruits"": 0.0, ""Veggies"": 0.0}","{""Diabetes_binary"": 0, ""HighBP"": 0, ""HighChol"": 0, ""CholCheck"": 0, ""BMI"": 0, ""Smoker"": 0, ""Stroke"": 0, ""HeartDiseaseorAttack"": 0, ""PhysActivity"": 0, ""Fruits"": 0, ""Veggies"": 0, ""HvyAlcoholConsump"": 0, ""AnyHealthcare"": 0, ""NoDocbcCost"": 0, ""GenHlth"": 0, ""MentHlth"": 0, ""PhysHlth"": 0, ""DiffWalk"": 0, ""Sex"": 0, ""Age"": 0, ""Education"": 0, ""Income"": 0}",43.17696219999925,41.03125,-55783424,378,378,3024,1512,10,cpu,1,2.14.1+cu130,d52d239,119.22727272727272,100.8181818181818,0.0909090909090909
L1,high,3,2000,01_256x128_lr3e-4,nn,"[256, 128]",ReLU,,2000,1600,50736,37,0,2959222598,717861015,-12.348110787180977,0.0165324693379056,0,0.0736360769473352,"{""Diabetes_binary"": -0.3344307839870453, ""HighBP"": -0.6522490382194519, ""HighChol"": -0.6756064891815186, ""CholCheck"": -0.1547566056251526, ""BMI"": -0.785851240158081, ""Smoker"": -0.6872034072875977, ""Stroke"": -0.15849627554416656, ""HeartDiseaseorAttack"": -0.2872869670391083, ""PhysActivity"": -0.54837965965271, ""Fruits"": -0.6576104164123535, ""Veggies"": -0.4876469075679779, ""HvyAlcoholConsump"": -0.22155387699604034, ""AnyHealthcare"": -0.18781183660030365, ""NoDocbcCost"": -0.260328471660614, ""GenHlth"": -0.784532904624939, ""MentHlth"": -0.4043661653995514, ""PhysHlth"": -0.5045679211616516, ""DiffWalk"": -0.41773802042007446, ""Sex"": -0.6858477592468262, ""Age"": -1.6801420450210571, ""Education"": -0.680569052696228, ""Income"": -1.0911352634429932}","{""HvyAlcoholConsump"": 0.0, ""PhysHlth"": 0.002562283191422264, ""Sex"": 0.0, ""Diabetes_binary"": 0.06774282560706402, ""Age"": 0.0, ""Income"": 0.00023651844843897824, ""GenHlth"": 0.002562283191422264, ""BMI"": 0.0, ""PhysActivity"": 0.0, ""DiffWalk"": 0.0, ""MentHlth"": 0.0054005045726900035, ""AnyHealthcare"": 0.0, ""NoDocbcCost"": 0.0, ""CholCheck"": 0.0, ""HighBP"": 0.0, ""HeartDiseaseorAttack"": 0.0, ""Stroke"": 0.0, ""HighChol"": 0.0, ""Education"": 0.0, ""Smoker"": 0.0, ""Fruits"": 0.0, ""Veggies"": 0.0}","{""Diabetes_binary"": 0, ""HighBP"": 0, ""HighChol"": 0, ""CholCheck"": 0, ""BMI"": 0, ""Smoker"": 0, ""Stroke"": 0, ""HeartDiseaseorAttack"": 0, ""PhysActivity"": 0, ""Fruits"": 0, ""Veggies"": 0, ""HvyAlcoholConsump"": 0, ""AnyHealthcare"": 0, ""NoDocbcCost"": 0, ""GenHlth"": 0, ""MentHlth"": 0, ""PhysHlth"": 0, ""DiffWalk"": 0, ""Sex"": 0, ""Age"": 0, ""Education"": 0, ""Income"": 0}",33.37339220001013,30.5,-1519616,769463,769463,6155704,3077852,10,cpu,1,2.14.1+cu130,d52d239,35.36363636363637,15.363636363636363,0.0
L1,high,3,2000,k6_128_64_9,nn,"[128, 64]",ReLU,,2000,1600,50736,37,0,2959222598,717861015,-12.33999870701897,0.0164975577989214,0,0.0736360769473352,"{""Diabetes_binary"": -0.3339200019836426, ""HighBP"": -0.6505753993988037, ""HighChol"": -0.6758129000663757, ""CholCheck"": -0.15495330095291138, ""BMI"": -0.7859905362129211, ""Smoker"": -0.6872020363807678, ""Stroke"": -0.15864627063274384, ""HeartDiseaseorAttack"": -0.2829810082912445, ""PhysActivity"": -0.5476710200309753, ""Fruits"": -0.6576274633407593, ""Veggies"": -0.4875299632549286, ""HvyAlcoholConsump"": -0.2214304506778717, ""AnyHealthcare"": -0.18772219121456146, ""NoDocbcCost"": -0.25981631875038147, ""GenHlth"": -0.7839887738227844, ""MentHlth"": -0.40592193603515625, ""PhysHlth"": -0.5044226050376892, ""DiffWalk"": -0.4179549813270569, ""Sex"": -0.685989260673523, ""Age"": -1.6791034936904907, ""Education"": -0.6842011213302612, ""Income"": -1.0865375995635986}","{""HvyAlcoholConsump"": 0.0, ""PhysHlth"": 0.002562283191422264, ""Sex"": 0.0, ""Diabetes_binary"": 0.06774282560706402, ""Age"": 0.0, ""Income"": 0.00023651844843897824, ""GenHlth"": 0.002562283191422264, ""BMI"": 0.0, ""PhysActivity"": 0.0, ""DiffWalk"": 0.0, ""MentHlth"": 0.0054005045726900035, ""AnyHealthcare"": 0.0, ""NoDocbcCost"": 0.0, ""CholCheck"": 0.0, ""HighBP"": 0.0, ""HeartDiseaseorAttack"": 0.0, ""Stroke"": 0.0, ""HighChol"": 0.0, ""Education"": 0.0, ""Smoker"": 0.0, ""Fruits"": 0.0, ""Veggies"": 0.0}","{""Diabetes_binary"": 0, ""HighBP"": 0, ""HighChol"": 0, ""CholCheck"": 0, ""BMI"": 0, ""Smoker"": 0, ""Stroke"": 0, ""HeartDiseaseorAttack"": 0, ""PhysActivity"": 0, ""Fruits"": 0, ""Veggies"": 0, ""HvyAlcoholConsump"": 0, ""AnyHealthcare"": 0, ""NoDocbcCost"": 0, ""GenHlth"": 0, ""MentHlth"": 0, ""PhysHlth"": 0, ""DiffWalk"": 0, ""Sex"": 0, ""Age"": 0, ""Education"": 0, ""Income"": 0}",76.11235029998352,71.046875,-57532416,204535,204535,1636280,818140,10,cpu,1,2.14.1+cu130,d52d239,81.86363636363636,31.863636363636363,0.0
L1,high,3,10000,mle,mle,,,,10000,10000,50736,37,0,364244828,1447178216,-12.775683863349489,0.0255580996641744,946,0.0130479344055502,"{""Diabetes_binary"": -0.6854408892598728, ""HighBP"": -0.6501108885118714, ""HighChol"": -0.6742045808409044, ""CholCheck"": -0.15437359701288011, ""BMI"": -0.7840579986738847, ""Smoker"": -0.6871121993141757, ""Stroke"": -0.15747098588106176, ""HeartDiseaseorAttack"": -0.27819329210003974, ""PhysActivity"": -0.5469947063332748, ""Fruits"": -0.6576507632838572, ""Veggies"": -0.4874117136384907, ""HvyAlcoholConsump"": -0.22018599394465127, ""AnyHealthcare"": -0.1854410155001578, ""NoDocbcCost"": -0.2572660902927454, ""GenHlth"": -0.7942113724172163, ""MentHlth"": -0.4752501074283312, ""PhysHlth"": -0.5375284985486034, ""DiffWalk"": -0.4156127007746763, ""Sex"": -0.6857681913443239, ""Age"": -1.677941231226602, ""Education"": -0.6766702653512313, ""Income"": -1.0867867816706371}","{""HvyAlcoholConsump"": 0.0, ""PhysHlth"": 0.0002562283191422264, ""Sex"": 0.0, ""Diabetes_binary"": 0.012358088930936612, ""Age"": 0.0, ""Income"": 0.0, ""GenHlth"": 0.0002562283191422264, ""BMI"": 0.0, ""PhysActivity"": 0.0, ""DiffWalk"": 0.0, ""MentHlth"": 0.0004927467675812047, ""AnyHealthcare"": 0.0, ""NoDocbcCost"": 0.0, ""CholCheck"": 0.0, ""HighBP"": 0.0, ""HeartDiseaseorAttack"": 0.0, ""Stroke"": 0.0, ""HighChol"": 0.0, ""Education"": 0.0, ""Smoker"": 0.0, ""Fruits"": 0.0, ""Veggies"": 0.0}","{""Diabetes_binary"": 701, ""HighBP"": 0, ""HighChol"": 0, ""CholCheck"": 0, ""BMI"": 0, ""Smoker"": 0, ""Stroke"": 0, ""HeartDiseaseorAttack"": 0, ""PhysActivity"": 0, ""Fruits"": 0, ""Veggies"": 0, ""HvyAlcoholConsump"": 0, ""AnyHealthcare"": 0, ""NoDocbcCost"": 0, ""GenHlth"": 31, ""MentHlth"": 137, ""PhysHlth"": 71, ""DiffWalk"": 0, ""Sex"": 0, ""Age"": 0, ""Education"": 0, ""Income"": 6}",0.1108594000106677,0.109375,-1048576,2481,1348,19848,19848,10,cpu,1,2.14.1+cu130,d52d239,,,
L1,high,3,10000,dirichlet_0.5,dirichlet,,,0.5,10000,10000,50736,37,0,364244828,1447178216,-12.319763630675858,0.0166827536769373,0,0.0130479344055502,"{""Diabetes_binary"": -0.3473770408620292, ""HighBP"": -0.6500886387205214, ""HighChol"": -0.6742030829911788, ""CholCheck"": -0.15438240613874643, ""BMI"": -0.7840691531705718, ""Smoker"": -0.6871122884847966, ""Stroke"": -0.15746245329700062, ""HeartDiseaseorAttack"": -0.278195112166379, ""PhysActivity"": -0.5470029785473008, ""Fruits"": -0.6576510865458702, ""Veggies"": -0.4874126318311248, ""HvyAlcoholConsump"": -0.22018384522125856, ""AnyHealthcare"": -0.18544498238176177, ""NoDocbcCost"": -0.2572539584582292, ""GenHlth"": -0.7802730462171348, ""MentHlth"": -0.40834631838525814, ""PhysHlth"": -0.503608142117802, ""DiffWalk"": -0.41563145779866717, ""Sex"": -0.6857681979634946, ""Age"": -1.6779397746986289, ""Education"": -0.6766699783499153, ""Income"": -1.0836870563281873}","{""HvyAlcoholConsump"": 0.0, ""PhysHlth"": 0.0002562283191422264, ""Sex"": 0.0, ""Diabetes_binary"": 0.012358088930936612, ""Age"": 0.0, ""Income"": 0.0, ""GenHlth"": 0.0002562283191422264, ""BMI"": 0.0, ""PhysActivity"": 0.0, ""DiffWalk"": 0.0, ""MentHlth"": 0.0004927467675812047, ""AnyHealthcare"": 0.0, ""NoDocbcCost"": 0.0, ""CholCheck"": 0.0, ""HighBP"": 0.0, ""HeartDiseaseorAttack"": 0.0, ""Stroke"": 0.0, ""HighChol"": 0.0, ""Education"": 0.0, ""Smoker"": 0.0, ""Fruits"": 0.0, ""Veggies"": 0.0}","{""Diabetes_binary"": 0, ""HighBP"": 0, ""HighChol"": 0, ""CholCheck"": 0, ""BMI"": 0, ""Smoker"": 0, ""Stroke"": 0, ""HeartDiseaseorAttack"": 0, ""PhysActivity"": 0, ""Fruits"": 0, ""Veggies"": 0, ""HvyAlcoholConsump"": 0, ""AnyHealthcare"": 0, ""NoDocbcCost"": 0, ""GenHlth"": 0, ""MentHlth"": 0, ""PhysHlth"": 0, ""DiffWalk"": 0, ""Sex"": 0, ""Age"": 0, ""Education"": 0, ""Income"": 0}",0.1554128999996464,0.140625,0,2481,1348,19848,19848,10,cpu,1,2.14.1+cu130,d52d239,,,
L1,high,3,10000,nn_linear,nn,[],linear,,10000,8000,50736,37,0,364244828,1447178216,-12.298394454230124,0.016492234371745,0,0.0130479344055502,"{""Diabetes_binary"": -0.32810771465301514, ""HighBP"": -0.6499335169792175, ""HighChol"": -0.6741913557052612, ""CholCheck"": -0.15416039526462555, ""BMI"": -0.7849560976028442, ""Smoker"": -0.6871963739395142, ""Stroke"": -0.15773366391658783, ""HeartDiseaseorAttack"": -0.2782726585865021, ""PhysActivity"": -0.5473185181617737, ""Fruits"": -0.6583095192909241, ""Veggies"": -0.48754405975341797, ""HvyAlcoholConsump"": -0.2201557159423828, ""AnyHealthcare"": -0.18575505912303925, ""NoDocbcCost"": -0.2572370767593384, ""GenHlth"": -0.7805896401405334, ""MentHlth"": -0.403285950422287, ""PhysHlth"": -0.5026668906211853, ""DiffWalk"": -0.416545569896698, ""Sex"": -0.6858768463134766, ""Age"": -1.6779829263687134, ""Education"": -0.6770045757293701, ""Income"": -1.0835705995559692}","{""HvyAlcoholConsump"": 0.0, ""PhysHlth"": 0.0002562283191422264, ""Sex"": 0.0, ""Diabetes_binary"": 0.012358088930936612, ""Age"": 0.0, ""Income"": 0.0, ""GenHlth"": 0.0002562283191422264, ""BMI"": 0.0, ""PhysActivity"": 0.0, ""DiffWalk"": 0.0, ""MentHlth"": 0.0004927467675812047, ""AnyHealthcare"": 0.0, ""NoDocbcCost"": 0.0, ""CholCheck"": 0.0, ""HighBP"": 0.0, ""HeartDiseaseorAttack"": 0.0, ""Stroke"": 0.0, ""HighChol"": 0.0, ""Education"": 0.0, ""Smoker"": 0.0, ""Fruits"": 0.0, ""Veggies"": 0.0}","{""Diabetes_binary"": 0, ""HighBP"": 0, ""HighChol"": 0, ""CholCheck"": 0, ""BMI"": 0, ""Smoker"": 0, ""Stroke"": 0, ""HeartDiseaseorAttack"": 0, ""PhysActivity"": 0, ""Fruits"": 0, ""Veggies"": 0, ""HvyAlcoholConsump"": 0, ""AnyHealthcare"": 0, ""NoDocbcCost"": 0, ""GenHlth"": 0, ""MentHlth"": 0, ""PhysHlth"": 0, ""DiffWalk"": 0, ""Sex"": 0, ""Age"": 0, ""Education"": 0, ""Income"": 0}",85.13545909998356,83.09375,-53817344,378,378,3024,1512,10,cpu,1,2.14.1+cu130,d52d239,52.86363636363637,32.86363636363637,0.0
L1,high,3,10000,01_256x128_lr3e-4,nn,"[256, 128]",ReLU,,10000,8000,50736,37,0,364244828,1447178216,-12.297041331127032,0.016648085888915,0,0.0130479344055502,"{""Diabetes_binary"": -0.3277016580104828, ""HighBP"": -0.6510261297225952, ""HighChol"": -0.6742935180664062, ""CholCheck"": -0.1543932855129242, ""BMI"": -0.7844789028167725, ""Smoker"": -0.6871917843818665, ""Stroke"": -0.15731602907180786, ""HeartDiseaseorAttack"": -0.2781945466995239, ""PhysActivity"": -0.5480948090553284, ""Fruits"": -0.6582491397857666, ""Veggies"": -0.48749852180480957, ""HvyAlcoholConsump"": -0.22014689445495605, ""AnyHealthcare"": -0.1857941746711731, ""NoDocbcCost"": -0.25736308097839355, ""GenHlth"": -0.779754638671875, ""MentHlth"": -0.40363335609436035, ""PhysHlth"": -0.5013474225997925, ""DiffWalk"": -0.41621673107147217, ""Sex"": -0.6858416795730591, ""Age"": -1.6778640747070312, ""Education"": -0.6766765117645264, ""Income"": -1.0839641094207764}","{""HvyAlcoholConsump"": 0.0, ""PhysHlth"": 0.0002562283191422264, ""Sex"": 0.0, ""Diabetes_binary"": 0.012358088930936612, ""Age"": 0.0, ""Income"": 0.0, ""GenHlth"": 0.0002562283191422264, ""BMI"": 0.0, ""PhysActivity"": 0.0, ""DiffWalk"": 0.0, ""MentHlth"": 0.0004927467675812047, ""AnyHealthcare"": 0.0, ""NoDocbcCost"": 0.0, ""CholCheck"": 0.0, ""HighBP"": 0.0, ""HeartDiseaseorAttack"": 0.0, ""Stroke"": 0.0, ""HighChol"": 0.0, ""Education"": 0.0, ""Smoker"": 0.0, ""Fruits"": 0.0, ""Veggies"": 0.0}","{""Diabetes_binary"": 0, ""HighBP"": 0, ""HighChol"": 0, ""CholCheck"": 0, ""BMI"": 0, ""Smoker"": 0, ""Stroke"": 0, ""HeartDiseaseorAttack"": 0, ""PhysActivity"": 0, ""Fruits"": 0, ""Veggies"": 0, ""HvyAlcoholConsump"": 0, ""AnyHealthcare"": 0, ""NoDocbcCost"": 0, ""GenHlth"": 0, ""MentHlth"": 0, ""PhysHlth"": 0, ""DiffWalk"": 0, ""Sex"": 0, ""Age"": 0, ""Education"": 0, ""Income"": 0}",142.59617459998117,135.734375,12345344,769463,769463,6155704,3077852,10,cpu,1,2.14.1+cu130,d52d239,31.727272727272727,11.727272727272728,0.0
L1,high,3,10000,k6_128_64_9,nn,"[128, 64]",ReLU,,10000,8000,50736,37,0,364244828,1447178216,-12.29813423871669,0.0166270794256713,0,0.0130479344055502,"{""Diabetes_binary"": -0.32759398221969604, ""HighBP"": -0.6507785320281982, ""HighChol"": -0.6746223568916321, ""CholCheck"": -0.1544695496559143, ""BMI"": -0.7842049598693848, ""Smoker"": -0.6871808171272278, ""Stroke"": -0.15737223625183105, ""HeartDiseaseorAttack"": -0.2783360481262207, ""PhysActivity"": -0.5481401085853577, ""Fruits"": -0.6583406925201416, ""Veggies"": -0.4875582158565521, ""HvyAlcoholConsump"": -0.22016441822052002, ""AnyHealthcare"": -0.18593239784240723, ""NoDocbcCost"": -0.25757235288619995, ""GenHlth"": -0.7795539498329163, ""MentHlth"": -0.403608113527298, ""PhysHlth"": -0.5026622414588928, ""DiffWalk"": -0.41606244444847107, ""Sex"": -0.6858548521995544, ""Age"": -1.677987813949585, ""Education"": -0.6768813133239746, ""Income"": -1.0832569599151611}","{""HvyAlcoholConsump"": 0.0, ""PhysHlth"": 0.0002562283191422264, ""Sex"": 0.0, ""Diabetes_binary"": 0.012358088930936612, ""Age"": 0.0, ""Income"": 0.0, ""GenHlth"": 0.0002562283191422264, ""BMI"": 0.0, ""PhysActivity"": 0.0, ""DiffWalk"": 0.0, ""MentHlth"": 0.0004927467675812047, ""AnyHealthcare"": 0.0, ""NoDocbcCost"": 0.0, ""CholCheck"": 0.0, ""HighBP"": 0.0, ""HeartDiseaseorAttack"": 0.0, ""Stroke"": 0.0, ""HighChol"": 0.0, ""Education"": 0.0, ""Smoker"": 0.0, ""Fruits"": 0.0, ""Veggies"": 0.0}","{""Diabetes_binary"": 0, ""HighBP"": 0, ""HighChol"": 0, ""CholCheck"": 0, ""BMI"": 0, ""Smoker"": 0, ""Stroke"": 0, ""HeartDiseaseorAttack"": 0, ""PhysActivity"": 0, ""Fruits"": 0, ""Veggies"": 0, ""HvyAlcoholConsump"": 0, ""AnyHealthcare"": 0, ""NoDocbcCost"": 0, ""GenHlth"": 0, ""MentHlth"": 0, ""PhysHlth"": 0, ""DiffWalk"": 0, ""Sex"": 0, ""Age"": 0, ""Education"": 0, ""Income"": 0}",293.52629889998934,281.125,-98201600,204535,204535,1636280,818140,10,cpu,1,2.14.1+cu130,d52d239,77.31818181818181,27.318181818181817,0.0
L1,high,3,50000,mle,mle,,,,50000,50000,50736,37,0,2824486376,1264435534,-12.367446041027266,0.0186759535441624,168,0.0011825922421948,"{""Diabetes_binary"": -0.4001179340851977, ""HighBP"": -0.6493328436058253, ""HighChol"": -0.6742887773078838, ""CholCheck"": -0.1540784792227687, ""BMI"": -0.783340848498423, ""Smoker"": -0.6870836630069631, ""Stroke"": -0.15731327326847935, ""HeartDiseaseorAttack"": -0.27812873588007714, ""PhysActivity"": -0.5467009660249887, ""Fruits"": -0.6575745292583043, ""Veggies"": -0.48735702362368377, ""HvyAlcoholConsump"": -0.22014776465438934, ""AnyHealthcare"": -0.18536115445241683, ""NoDocbcCost"": -0.2569640117358224, ""GenHlth"": -0.7782925985751299, ""MentHlth"": -0.4119110545930756, ""PhysHlth"": -0.5031241686294787, ""DiffWalk"": -0.41496680471169706, ""Sex"": -0.6857697392933082, ""Age"": -1.67783014850858, ""Education"": -0.6766796102176209, ""Income"": -1.0810819118731523}","{""HvyAlcoholConsump"": 0.0, ""PhysHlth"": 0.0, ""Sex"": 0.0, ""Diabetes_binary"": 0.0010249132765689057, ""Age"": 0.0, ""Income"": 0.0, ""GenHlth"": 0.0, ""BMI"": 0.0, ""PhysActivity"": 0.0, ""DiffWalk"": 0.0, ""MentHlth"": 0.0001576789656259855, ""AnyHealthcare"": 0.0, ""NoDocbcCost"": 0.0, ""CholCheck"": 0.0, ""HighBP"": 0.0, ""HeartDiseaseorAttack"": 0.0, ""Stroke"": 0.0, ""HighChol"": 0.0, ""Education"": 0.0, ""Smoker"": 0.0, ""Fruits"": 0.0, ""Veggies"": 0.0}","{""Diabetes_binary"": 143, ""HighBP"": 0, ""HighChol"": 0, ""CholCheck"": 0, ""BMI"": 0, ""Smoker"": 0, ""Stroke"": 0, ""HeartDiseaseorAttack"": 0, ""PhysActivity"": 0, ""Fruits"": 0, ""Veggies"": 0, ""HvyAlcoholConsump"": 0, ""AnyHealthcare"": 0, ""NoDocbcCost"": 0, ""GenHlth"": 1, ""MentHlth"": 18, ""PhysHlth"": 6, ""DiffWalk"": 0, ""Sex"": 0, ""Age"": 0, ""Education"": 0, ""Income"": 0}",0.1763384999940171,0.171875,4009984,2481,1348,19848,19848,10,cpu,1,2.14.1+cu130,d52d239,,,
L1,high,3,50000,dirichlet_0.5,dirichlet,,,0.5,50000,50000,50736,37,0,2824486376,1264435534,-12.286116749828349,0.0167267271168867,0,0.0011825922421948,"{""Diabetes_binary"": -0.33110533835828965, ""HighBP"": -0.6493312232518409, ""HighChol"": -0.6742885354060637, ""CholCheck"": -0.15407543361344594, ""BMI"": -0.7833400017750387, ""Smoker"": -0.6870836528466656, ""Stroke"": -0.1573112788962079, ""HeartDiseaseorAttack"": -0.27813023598716474, ""PhysActivity"": -0.5467022219573618, ""Fruits"": -0.6575745311937065, ""Veggies"": -0.4873569312271747, ""HvyAlcoholConsump"": -0.2201475044366133, ""AnyHealthcare"": -0.18536015264708, ""NoDocbcCost"": -0.2569645345432428, ""GenHlth"": -0.7778233421531487, ""MentHlth"": -0.40290935180852294, ""PhysHlth"": -0.5002881637913343, ""DiffWalk"": -0.41496753964405425, ""Sex"": -0.6857697347293127, ""Age"": -1.6778301246036236, ""Education"": -0.6766792993433742, ""Income"": -1.0810776176150778}","{""HvyAlcoholConsump"": 0.0, ""PhysHlth"": 0.0, ""Sex"": 0.0, ""Diabetes_binary"": 0.0010249132765689057, ""Age"": 0.0, ""Income"": 0.0, ""GenHlth"": 0.0, ""BMI"": 0.0, ""PhysActivity"": 0.0, ""DiffWalk"": 0.0, ""MentHlth"": 0.0001576789656259855, ""AnyHealthcare"": 0.0, ""NoDocbcCost"": 0.0, ""CholCheck"": 0.0, ""HighBP"": 0.0, ""HeartDiseaseorAttack"": 0.0, ""Stroke"": 0.0, ""HighChol"": 0.0, ""Education"": 0.0, ""Smoker"": 0.0, ""Fruits"": 0.0, ""Veggies"": 0.0}","{""Diabetes_binary"": 0, ""HighBP"": 0, ""HighChol"": 0, ""CholCheck"": 0, ""BMI"": 0, ""Smoker"": 0, ""Stroke"": 0, ""HeartDiseaseorAttack"": 0, ""PhysActivity"": 0, ""Fruits"": 0, ""Veggies"": 0, ""HvyAlcoholConsump"": 0, ""AnyHealthcare"": 0, ""NoDocbcCost"": 0, ""GenHlth"": 0, ""MentHlth"": 0, ""PhysHlth"": 0, ""DiffWalk"": 0, ""Sex"": 0, ""Age"": 0, ""Education"": 0, ""Income"": 0}",0.1876984999980777,0.1875,4567040,2481,1348,19848,19848,10,cpu,1,2.14.1+cu130,d52d239,,,
L1,high,3,full,mle,mle,,,,202944,202944,50736,37,0,4233618437,1033073128,-12.29306288106256,0.0170962844527922,30,0.0001576789656259,"{""Diabetes_binary"": -0.34035621032258784, ""HighBP"": -0.649229597198643, ""HighChol"": -0.6741314153194232, ""CholCheck"": -0.15401208650495393, ""BMI"": -0.7832461279197961, ""Smoker"": -0.6870839932132353, ""Stroke"": -0.15734208703623592, ""HeartDiseaseorAttack"": -0.27813566592150896, ""PhysActivity"": -0.5466849104739349, ""Fruits"": -0.6575840515886278, ""Veggies"": -0.48736469471695454, ""HvyAlcoholConsump"": -0.22015134573921816, ""AnyHealthcare"": -0.18539166194586573, ""NoDocbcCost"": -0.2569858535903823, ""GenHlth"": -0.7769955613626076, ""MentHlth"": -0.40323656095304317, ""PhysHlth"": -0.4996688756732679, ""DiffWalk"": -0.4147477231922509, ""Sex"": -0.6857712753125436, ""Age"": -1.6777733548832474, ""Education"": -0.6766838134256844, ""Income"": -1.080486014768547}","{""HvyAlcoholConsump"": 0.0, ""PhysHlth"": 0.0, ""Sex"": 0.0, ""Diabetes_binary"": 0.0001576789656259855, ""Age"": 0.0, ""Income"": 0.0, ""GenHlth"": 0.0, ""BMI"": 0.0, ""PhysActivity"": 0.0, ""DiffWalk"": 0.0, ""MentHlth"": 0.0, ""AnyHealthcare"": 0.0, ""NoDocbcCost"": 0.0, ""CholCheck"": 0.0, ""HighBP"": 0.0, ""HeartDiseaseorAttack"": 0.0, ""Stroke"": 0.0, ""HighChol"": 0.0, ""Education"": 0.0, ""Smoker"": 0.0, ""Fruits"": 0.0, ""Veggies"": 0.0}","{""Diabetes_binary"": 28, ""HighBP"": 0, ""HighChol"": 0, ""CholCheck"": 0, ""BMI"": 0, ""Smoker"": 0, ""Stroke"": 0, ""HeartDiseaseorAttack"": 0, ""PhysActivity"": 0, ""Fruits"": 0, ""Veggies"": 0, ""HvyAlcoholConsump"": 0, ""AnyHealthcare"": 0, ""NoDocbcCost"": 0, ""GenHlth"": 0, ""MentHlth"": 2, ""PhysHlth"": 0, ""DiffWalk"": 0, ""Sex"": 0, ""Age"": 0, ""Education"": 0, ""Income"": 0}",0.5362428000080399,0.53125,0,2481,1348,19848,19848,10,cpu,1,2.14.1+cu130,d52d239,,,
L1,high,3,full,dirichlet_0.5,dirichlet,,,0.5,202944,202944,50736,37,0,4233618437,1033073128,-12.27860839997198,0.0167077469223188,0,0.0001576789656259,"{""Diabetes_binary"": -0.32691432160543504, ""HighBP"": -0.6492295966843542, ""HighChol"": -0.6741313956357108, ""CholCheck"": -0.15401201034164094, ""BMI"": -0.7832459100071983, ""Smoker"": -0.6870839906656279, ""Stroke"": -0.15734153745501842, ""HeartDiseaseorAttack"": -0.2781360671480696, ""PhysActivity"": -0.5466852198148018, ""Fruits"": -0.657584045553501, ""Veggies"": -0.48736466714066434, ""HvyAlcoholConsump"": -0.22015127647439964, ""AnyHealthcare"": -0.18539153092479557, ""NoDocbcCost"": -0.2569859218065568, ""GenHlth"": -0.777005314664362, ""MentHlth"": -0.402235159541713, ""PhysHlth"": -0.49964791793592844, ""DiffWalk"": -0.414748623802141, ""Sex"": -0.6857712768108374, ""Age"": -1.677773403518165, ""Education"": -0.6766838575407333, ""Income"": -1.0804853549003282}","{""HvyAlcoholConsump"": 0.0, ""PhysHlth"": 0.0, ""Sex"": 0.0, ""Diabetes_binary"": 0.0001576789656259855, ""Age"": 0.0, ""Income"": 0.0, ""GenHlth"": 0.0, ""BMI"": 0.0, ""PhysActivity"": 0.0, ""DiffWalk"": 0.0, ""MentHlth"": 0.0, ""AnyHealthcare"": 0.0, ""NoDocbcCost"": 0.0, ""CholCheck"": 0.0, ""HighBP"": 0.0, ""HeartDiseaseorAttack"": 0.0, ""Stroke"": 0.0, ""HighChol"": 0.0, ""Education"": 0.0, ""Smoker"": 0.0, ""Fruits"": 0.0, ""Veggies"": 0.0}","{""Diabetes_binary"": 0, ""HighBP"": 0, ""HighChol"": 0, ""CholCheck"": 0, ""BMI"": 0, ""Smoker"": 0, ""Stroke"": 0, ""HeartDiseaseorAttack"": 0, ""PhysActivity"": 0, ""Fruits"": 0, ""Veggies"": 0, ""HvyAlcoholConsump"": 0, ""AnyHealthcare"": 0, ""NoDocbcCost"": 0, ""GenHlth"": 0, ""MentHlth"": 0, ""PhysHlth"": 0, ""DiffWalk"": 0, ""Sex"": 0, ""Age"": 0, ""Education"": 0, ""Income"": 0}",0.5634253000025637,0.546875,0,2481,1348,19848,19848,10,cpu,1,2.14.1+cu130,d52d239,,,
L2,high,2,500,mle,mle,,,,500,500,50736,37,0,320081029,2669689818,-36.31396896273233,0.1237410857883637,39695,0.7109153263954588,"{""Diabetes_binary"": -1.8523722685449606, ""HighBP"": -0.8131637763923681, ""HighChol"": -0.6899867985323638, ""CholCheck"": -0.37994527585943294, ""BMI"": -1.3496045064059583, ""Smoker"": -0.6865119649946375, ""Stroke"": -0.22186261429159432, ""HeartDiseaseorAttack"": -0.2858330819416636, ""PhysActivity"": -0.5681374027496463, ""Fruits"": -0.6571594535154548, ""Veggies"": -0.487457883426353, ""HvyAlcoholConsump"": -0.22180028647244276, ""AnyHealthcare"": -0.1888974923244566, ""NoDocbcCost"": -0.5229594232993461, ""GenHlth"": -6.5445608904352595, ""MentHlth"": -4.156767975392832, ""PhysHlth"": -5.287899711636636, ""DiffWalk"": -0.5618917523067061, ""Sex"": -0.6898826882456336, ""Age"": -2.465350514255563, ""Education"": -1.2636384676679737, ""Income"": -6.418284734041043}","{""HvyAlcoholConsump"": 0.0, ""PhysHlth"": 0.07637574897508673, ""Sex"": 0.0, ""Diabetes_binary"": 0.6685785241248817, ""Age"": 0.0, ""Income"": 0.015275149795017345, ""GenHlth"": 0.07637574897508673, ""BMI"": 0.0, ""PhysActivity"": 0.0, ""DiffWalk"": 0.0021680857773573006, ""MentHlth"": 0.08684169031851151, ""AnyHealthcare"": 0.0, ""NoDocbcCost"": 0.0, ""CholCheck"": 0.0, ""HighBP"": 0.008711762850835698, ""HeartDiseaseorAttack"": 0.0, ""Stroke"": 0.0, ""HighChol"": 0.0, ""Education"": 0.0, ""Smoker"": 0.0, ""Fruits"": 0.0, ""Veggies"": 0.0}","{""Diabetes_binary"": 2536, ""HighBP"": 307, ""HighChol"": 0, ""CholCheck"": 465, ""BMI"": 390, ""Smoker"": 0, ""Stroke"": 138, ""HeartDiseaseorAttack"": 0, ""PhysActivity"": 0, ""Fruits"": 0, ""Veggies"": 0, ""HvyAlcoholConsump"": 0, ""AnyHealthcare"": 0, ""NoDocbcCost"": 509, ""GenHlth"": 10255, ""MentHlth"": 6670, ""PhysHlth"": 8550, ""DiffWalk"": 261, ""Sex"": 0, ""Age"": 0, ""Education"": 0, ""Income"": 9614}",0.1786315999925136,0.171875,28672,12431,7310,99448,99448,10,cpu,1,2.14.1+cu130,d52d239,,,
L2,high,2,500,dirichlet_0.5,dirichlet,,,0.5,500,500,50736,37,0,320081029,2669689818,-17.114811046504883,0.016627186280086,0,0.7109153263954588,"{""Diabetes_binary"": -0.6109004450867602, ""HighBP"": -0.6585747160299175, ""HighChol"": -0.6884263399955197, ""CholCheck"": -0.16026272010999124, ""BMI"": -1.1760046082243818, ""Smoker"": -0.6865006875949462, ""Stroke"": -0.15604402966881184, ""HeartDiseaseorAttack"": -0.2858324279919561, ""PhysActivity"": -0.5668500102991337, ""Fruits"": -0.6571611174252275, ""Veggies"": -0.4874714383152479, ""HvyAlcoholConsump"": -0.2212000387062882, ""AnyHealthcare"": -0.19022659709342654, ""NoDocbcCost"": -0.2806671120872894, ""GenHlth"": -1.5292035134650122, ""MentHlth"": -0.9373522674322678, ""PhysHlth"": -1.118341881114667, ""DiffWalk"": -0.43118779918059136, ""Sex"": -0.6898881878522417, ""Age"": -2.465514188774798, ""Education"": -1.2636364024965647, ""Income"": -1.853564517559842}","{""HvyAlcoholConsump"": 0.0, ""PhysHlth"": 0.07637574897508673, ""Sex"": 0.0, ""Diabetes_binary"": 0.6685785241248817, ""Age"": 0.0, ""Income"": 0.015275149795017345, ""GenHlth"": 0.07637574897508673, ""BMI"": 0.0, ""PhysActivity"": 0.0, ""DiffWalk"": 0.0021680857773573006, ""MentHlth"": 0.08684169031851151, ""AnyHealthcare"": 0.0, ""NoDocbcCost"": 0.0, ""CholCheck"": 0.0, ""HighBP"": 0.008711762850835698, ""HeartDiseaseorAttack"": 0.0, ""Stroke"": 0.0, ""HighChol"": 0.0, ""Education"": 0.0, ""Smoker"": 0.0, ""Fruits"": 0.0, ""Veggies"": 0.0}","{""Diabetes_binary"": 0, ""HighBP"": 0, ""HighChol"": 0, ""CholCheck"": 0, ""BMI"": 0, ""Smoker"": 0, ""Stroke"": 0, ""HeartDiseaseorAttack"": 0, ""PhysActivity"": 0, ""Fruits"": 0, ""Veggies"": 0, ""HvyAlcoholConsump"": 0, ""AnyHealthcare"": 0, ""NoDocbcCost"": 0, ""GenHlth"": 0, ""MentHlth"": 0, ""PhysHlth"": 0, ""DiffWalk"": 0, ""Sex"": 0, ""Age"": 0, ""Education"": 0, ""Income"": 0}",0.2412334000109695,0.234375,3866624,12431,7310,99448,99448,10,cpu,1,2.14.1+cu130,d52d239,,,
L2,high,2,500,nn_linear,nn,[],linear,,500,400,50736,37,0,320081029,2669689818,-16.539508278838582,0.0160506784251288,0,0.7109153263954588,"{""Diabetes_binary"": -0.3331695795059204, ""HighBP"": -0.649468719959259, ""HighChol"": -0.7061586380004883, ""CholCheck"": -0.15943944454193115, ""BMI"": -1.1695280075073242, ""Smoker"": -0.689170241355896, ""Stroke"": -0.1697434037923813, ""HeartDiseaseorAttack"": -0.28632912039756775, ""PhysActivity"": -0.5624597668647766, ""Fruits"": -0.6571627855300903, ""Veggies"": -0.48861557245254517, ""HvyAlcoholConsump"": -0.21577905118465424, ""AnyHealthcare"": -0.20400726795196533, ""NoDocbcCost"": -0.2734920084476471, ""GenHlth"": -1.4077962636947632, ""MentHlth"": -0.846733570098877, ""PhysHlth"": -0.9970569014549255, ""DiffWalk"": -0.42833393812179565, ""Sex"": -0.6894146203994751, ""Age"": -2.4959282875061035, ""Education"": -1.3554823398590088, ""Income"": -1.7542388439178467}","{""HvyAlcoholConsump"": 0.0, ""PhysHlth"": 0.07637574897508673, ""Sex"": 0.0, ""Diabetes_binary"": 0.6685785241248817, ""Age"": 0.0, ""Income"": 0.015275149795017345, ""GenHlth"": 0.07637574897508673, ""BMI"": 0.0, ""PhysActivity"": 0.0, ""DiffWalk"": 0.0021680857773573006, ""MentHlth"": 0.08684169031851151, ""AnyHealthcare"": 0.0, ""NoDocbcCost"": 0.0, ""CholCheck"": 0.0, ""HighBP"": 0.008711762850835698, ""HeartDiseaseorAttack"": 0.0, ""Stroke"": 0.0, ""HighChol"": 0.0, ""Education"": 0.0, ""Smoker"": 0.0, ""Fruits"": 0.0, ""Veggies"": 0.0}","{""Diabetes_binary"": 0, ""HighBP"": 0, ""HighChol"": 0, ""CholCheck"": 0, ""BMI"": 0, ""Smoker"": 0, ""Stroke"": 0, ""HeartDiseaseorAttack"": 0, ""PhysActivity"": 0, ""Fruits"": 0, ""Veggies"": 0, ""HvyAlcoholConsump"": 0, ""AnyHealthcare"": 0, ""NoDocbcCost"": 0, ""GenHlth"": 0, ""MentHlth"": 0, ""PhysHlth"": 0, ""DiffWalk"": 0, ""Sex"": 0, ""Age"": 0, ""Education"": 0, ""Income"": 0}",21.203999399993336,19.90625,-59002880,810,810,6480,3240,10,cpu,1,2.14.1+cu130,d52d239,168.5909090909091,157.3181818181818,0.5454545454545454
L2,high,2,500,01_256x128_lr3e-4,nn,"[256, 128]",ReLU,,500,400,50736,37,0,320081029,2669689818,-16.38886910505417,0.0171440158627948,0,0.7109153263954588,"{""Diabetes_binary"": -0.33746108412742615, ""HighBP"": -0.6539390087127686, ""HighChol"": -0.6803824305534363, ""CholCheck"": -0.16080626845359802, ""BMI"": -1.155927062034607, ""Smoker"": -0.688459575176239, ""Stroke"": -0.16548311710357666, ""HeartDiseaseorAttack"": -0.28819891810417175, ""PhysActivity"": -0.5566262006759644, ""Fruits"": -0.6582164168357849, ""Veggies"": -0.48848503828048706, ""HvyAlcoholConsump"": -0.22242508828639984, ""AnyHealthcare"": -0.19401545822620392, ""NoDocbcCost"": -0.2798914909362793, ""GenHlth"": -1.3974101543426514, ""MentHlth"": -0.8648515939712524, ""PhysHlth"": -0.9942196011543274, ""DiffWalk"": -0.43295517563819885, ""Sex"": -0.692937433719635, ""Age"": -2.4788308143615723, ""Education"": -1.2666800022125244, ""Income"": -1.7306671142578125}","{""HvyAlcoholConsump"": 0.0, ""PhysHlth"": 0.07637574897508673, ""Sex"": 0.0, ""Diabetes_binary"": 0.6685785241248817, ""Age"": 0.0, ""Income"": 0.015275149795017345, ""GenHlth"": 0.07637574897508673, ""BMI"": 0.0, ""PhysActivity"": 0.0, ""DiffWalk"": 0.0021680857773573006, ""MentHlth"": 0.08684169031851151, ""AnyHealthcare"": 0.0, ""NoDocbcCost"": 0.0, ""CholCheck"": 0.0, ""HighBP"": 0.008711762850835698, ""HeartDiseaseorAttack"": 0.0, ""Stroke"": 0.0, ""HighChol"": 0.0, ""Education"": 0.0, ""Smoker"": 0.0, ""Fruits"": 0.0, ""Veggies"": 0.0}","{""Diabetes_binary"": 0, ""HighBP"": 0, ""HighChol"": 0, ""CholCheck"": 0, ""BMI"": 0, ""Smoker"": 0, ""Stroke"": 0, ""HeartDiseaseorAttack"": 0, ""PhysActivity"": 0, ""Fruits"": 0, ""Veggies"": 0, ""HvyAlcoholConsump"": 0, ""AnyHealthcare"": 0, ""NoDocbcCost"": 0, ""GenHlth"": 0, ""MentHlth"": 0, ""PhysHlth"": 0, ""DiffWalk"": 0, ""Sex"": 0, ""Age"": 0, ""Education"": 0, ""Income"": 0}",10.693137799971735,10.171875,-15966208,793674,793674,6349392,3174696,10,cpu,1,2.14.1+cu130,d52d239,49.95454545454545,29.954545454545453,0.0
L2,high,2,500,k6_128_64_9,nn,"[128, 64]",ReLU,,500,400,50736,37,0,320081029,2669689818,-16.397327576063912,0.0172473556559157,0,0.7109153263954588,"{""Diabetes_binary"": -0.33572492003440857, ""HighBP"": -0.6494346857070923, ""HighChol"": -0.6837149858474731, ""CholCheck"": -0.16142825782299042, ""BMI"": -1.1688721179962158, ""Smoker"": -0.6880083084106445, ""Stroke"": -0.16198457777500153, ""HeartDiseaseorAttack"": -0.28555554151535034, ""PhysActivity"": -0.558143138885498, ""Fruits"": -0.6577224135398865, ""Veggies"": -0.48849812150001526, ""HvyAlcoholConsump"": -0.22492624819278717, ""AnyHealthcare"": -0.18931417167186737, ""NoDocbcCost"": -0.28137630224227905, ""GenHlth"": -1.3942546844482422, ""MentHlth"": -0.8485473990440369, ""PhysHlth"": -0.9975504279136658, ""DiffWalk"": -0.42305201292037964, ""Sex"": -0.6932855248451233, ""Age"": -2.4914052486419678, ""Education"": -1.265659213066101, ""Income"": -1.7488691806793213}","{""HvyAlcoholConsump"": 0.0, ""PhysHlth"": 0.07637574897508673, ""Sex"": 0.0, ""Diabetes_binary"": 0.6685785241248817, ""Age"": 0.0, ""Income"": 0.015275149795017345, ""GenHlth"": 0.07637574897508673, ""BMI"": 0.0, ""PhysActivity"": 0.0, ""DiffWalk"": 0.0021680857773573006, ""MentHlth"": 0.08684169031851151, ""AnyHealthcare"": 0.0, ""NoDocbcCost"": 0.0, ""CholCheck"": 0.0, ""HighBP"": 0.008711762850835698, ""HeartDiseaseorAttack"": 0.0, ""Stroke"": 0.0, ""HighChol"": 0.0, ""Education"": 0.0, ""Smoker"": 0.0, ""Fruits"": 0.0, ""Veggies"": 0.0}","{""Diabetes_binary"": 0, ""HighBP"": 0, ""HighChol"": 0, ""CholCheck"": 0, ""BMI"": 0, ""Smoker"": 0, ""Stroke"": 0, ""HeartDiseaseorAttack"": 0, ""PhysActivity"": 0, ""Fruits"": 0, ""Veggies"": 0, ""HvyAlcoholConsump"": 0, ""AnyHealthcare"": 0, ""NoDocbcCost"": 0, ""GenHlth"": 0, ""MentHlth"": 0, ""PhysHlth"": 0, ""DiffWalk"": 0, ""Sex"": 0, ""Age"": 0, ""Education"": 0, ""Income"": 0}",34.80011330000707,33.25,-142745600,216650,216650,1733200,866600,10,cpu,1,2.14.1+cu130,d52d239,124.95454545454544,74.95454545454545,0.0
L2,high,2,2000,mle,mle,,,,2000,2000,50736,37,0,3328731042,1954025543,-24.13715679551133,0.0796898432420473,15721,0.3150622831914222,"{""Diabetes_binary"": -2.459390512902797, ""HighBP"": -0.7805856637789996, ""HighChol"": -0.6776561013051131, ""CholCheck"": -0.22929215895403818, ""BMI"": -1.1628796769726342, ""Smoker"": -0.6859478373369304, ""Stroke"": -0.15130381151078703, ""HeartDiseaseorAttack"": -0.28498011291940833, ""PhysActivity"": -0.555154540980762, ""Fruits"": -0.6575619498996798, ""Veggies"": -0.48747365252829916, ""HvyAlcoholConsump"": -0.21583362339924458, ""AnyHealthcare"": -0.18576492241615067, ""NoDocbcCost"": -0.26384238651117, ""GenHlth"": -2.916646026923609, ""MentHlth"": -2.4991699772191196, ""PhysHlth"": -2.2190866958906645, ""DiffWalk"": -0.48485668165655055, ""Sex"": -0.6889961247100744, ""Age"": -2.4607237003938294, ""Education"": -1.2598301322185599, ""Income"": -2.8101805050829065}","{""HvyAlcoholConsump"": 0.0, ""PhysHlth"": 0.012220119836013876, ""Sex"": 0.0, ""Diabetes_binary"": 0.29687007253232417, ""Age"": 0.0, ""Income"": 0.00228634500157679, ""GenHlth"": 0.012220119836013876, ""BMI"": 0.0, ""PhysActivity"": 0.0, ""DiffWalk"": 0.0003350678019552192, ""MentHlth"": 0.02294228949858089, ""AnyHealthcare"": 0.0, ""NoDocbcCost"": 0.0, ""CholCheck"": 0.0, ""HighBP"": 0.0, ""HeartDiseaseorAttack"": 0.0, ""Stroke"": 0.0, ""HighChol"": 0.0, ""Education"": 0.0, ""Smoker"": 0.0, ""Fruits"": 0.0, ""Veggies"": 0.0}","{""Diabetes_binary"": 4014, ""HighBP"": 257, ""HighChol"": 0, ""CholCheck"": 143, ""BMI"": 46, ""Smoker"": 0, ""Stroke"": 0, ""HeartDiseaseorAttack"": 0, ""PhysActivity"": 0, ""Fruits"": 0, ""Veggies"": 0, ""HvyAlcoholConsump"": 0, ""AnyHealthcare"": 0, ""NoDocbcCost"": 0, ""GenHlth"": 3064, ""MentHlth"": 3338, ""PhysHlth"": 2470, ""DiffWalk"": 128, ""Sex"": 0, ""Age"": 0, ""Education"": 0, ""Income"": 2261}",0.2184932999953162,0.21875,20480,12431,7310,99448,99448,10,cpu,1,2.14.1+cu130,d52d239,,,
L2,high,2,2000,dirichlet_0.5,dirichlet,,,0.5,2000,2000,50736,37,0,3328731042,1954025543,-16.551479845125783,0.0171897225456046,0,0.3150622831914222,"{""Diabetes_binary"": -0.49460643242274865, ""HighBP"": -0.6525950834653396, ""HighChol"": -0.6775782166189571, ""CholCheck"": -0.16328582113598286, ""BMI"": -1.1428865471332703, ""Smoker"": -0.6859485217672519, ""Stroke"": -0.15124668613465428, ""HeartDiseaseorAttack"": -0.2849436565162808, ""PhysActivity"": -0.5550506584042708, ""Fruits"": -0.6575575672282651, ""Veggies"": -0.4874697926221814, ""HvyAlcoholConsump"": -0.2158138205924421, ""AnyHealthcare"": -0.18614254340866887, ""NoDocbcCost"": -0.2631473275232915, ""GenHlth"": -1.4358732896343986, ""MentHlth"": -0.8904997015972332, ""PhysHlth"": -1.0330959977042242, ""DiffWalk"": -0.422210749590447, ""Sex"": -0.6889977392597613, ""Age"": -2.4607496302325673, ""Education"": -1.259936507655059, ""Income"": -1.7418435544784874}","{""HvyAlcoholConsump"": 0.0, ""PhysHlth"": 0.012220119836013876, ""Sex"": 0.0, ""Diabetes_binary"": 0.29687007253232417, ""Age"": 0.0, ""Income"": 0.00228634500157679, ""GenHlth"": 0.012220119836013876, ""BMI"": 0.0, ""PhysActivity"": 0.0, ""DiffWalk"": 0.0003350678019552192, ""MentHlth"": 0.02294228949858089, ""AnyHealthcare"": 0.0, ""NoDocbcCost"": 0.0, ""CholCheck"": 0.0, ""HighBP"": 0.0, ""HeartDiseaseorAttack"": 0.0, ""Stroke"": 0.0, ""HighChol"": 0.0, ""Education"": 0.0, ""Smoker"": 0.0, ""Fruits"": 0.0, ""Veggies"": 0.0}","{""Diabetes_binary"": 0, ""HighBP"": 0, ""HighChol"": 0, ""CholCheck"": 0, ""BMI"": 0, ""Smoker"": 0, ""Stroke"": 0, ""HeartDiseaseorAttack"": 0, ""PhysActivity"": 0, ""Fruits"": 0, ""Veggies"": 0, ""HvyAlcoholConsump"": 0, ""AnyHealthcare"": 0, ""NoDocbcCost"": 0, ""GenHlth"": 0, ""MentHlth"": 0, ""PhysHlth"": 0, ""DiffWalk"": 0, ""Sex"": 0, ""Age"": 0, ""Education"": 0, ""Income"": 0}",0.3754631000047084,0.375,999424,12431,7310,99448,99448,10,cpu,1,2.14.1+cu130,d52d239,,,
L2,high,2,2000,nn_linear,nn,[],linear,,2000,1600,50736,37,0,3328731042,1954025543,-16.17239896676102,0.0166234783442632,0,0.3150622831914222,"{""Diabetes_binary"": -0.32810479402542114, ""HighBP"": -0.6481691002845764, ""HighChol"": -0.675454318523407, ""CholCheck"": -0.15953712165355682, ""BMI"": -1.1451307535171509, ""Smoker"": -0.6859997510910034, ""Stroke"": -0.1515212059020996, ""HeartDiseaseorAttack"": -0.28480300307273865, ""PhysActivity"": -0.5559869408607483, ""Fruits"": -0.6574200987815857, ""Veggies"": -0.4874524772167206, ""HvyAlcoholConsump"": -0.2156827300786972, ""AnyHealthcare"": -0.1867574155330658, ""NoDocbcCost"": -0.26213499903678894, ""GenHlth"": -1.375661015510559, ""MentHlth"": -0.8368625044822693, ""PhysHlth"": -0.9781545400619507, ""DiffWalk"": -0.41676363348960876, ""Sex"": -0.691312313079834, ""Age"": -2.4620237350463867, ""Education"": -1.2646148204803467, ""Income"": -1.7028520107269287}","{""HvyAlcoholConsump"": 0.0, ""PhysHlth"": 0.012220119836013876, ""Sex"": 0.0, ""Diabetes_binary"": 0.29687007253232417, ""Age"": 0.0, ""Income"": 0.00228634500157679, ""GenHlth"": 0.012220119836013876, ""BMI"": 0.0, ""PhysActivity"": 0.0, ""DiffWalk"": 0.0003350678019552192, ""MentHlth"": 0.02294228949858089, ""AnyHealthcare"": 0.0, ""NoDocbcCost"": 0.0, ""CholCheck"": 0.0, ""HighBP"": 0.0, ""HeartDiseaseorAttack"": 0.0, ""Stroke"": 0.0, ""HighChol"": 0.0, ""Education"": 0.0, ""Smoker"": 0.0, ""Fruits"": 0.0, ""Veggies"": 0.0}","{""Diabetes_binary"": 0, ""HighBP"": 0, ""HighChol"": 0, ""CholCheck"": 0, ""BMI"": 0, ""Smoker"": 0, ""Stroke"": 0, ""HeartDiseaseorAttack"": 0, ""PhysActivity"": 0, ""Fruits"": 0, ""Veggies"": 0, ""HvyAlcoholConsump"": 0, ""AnyHealthcare"": 0, ""NoDocbcCost"": 0, ""GenHlth"": 0, ""MentHlth"": 0, ""PhysHlth"": 0, ""DiffWalk"": 0, ""Sex"": 0, ""Age"": 0, ""Education"": 0, ""Income"": 0}",47.94266960001551,45.875,-56668160,810,810,6480,3240,10,cpu,1,2.14.1+cu130,d52d239,125.77272727272728,109.5909090909091,0.2272727272727272
L2,high,2,2000,01_256x128_lr3e-4,nn,"[256, 128]",ReLU,,2000,1600,50736,37,0,3328731042,1954025543,-16.164118703651,0.0168150916697863,0,0.3150622831914222,"{""Diabetes_binary"": -0.3310975730419159, ""HighBP"": -0.6534441113471985, ""HighChol"": -0.6771841645240784, ""CholCheck"": -0.1590261459350586, ""BMI"": -1.1420774459838867, ""Smoker"": -0.685890793800354, ""Stroke"": -0.15175719559192657, ""HeartDiseaseorAttack"": -0.2849463224411011, ""PhysActivity"": -0.5568898320198059, ""Fruits"": -0.6574522256851196, ""Veggies"": -0.4878123998641968, ""HvyAlcoholConsump"": -0.21654972434043884, ""AnyHealthcare"": -0.18691644072532654, ""NoDocbcCost"": -0.26657822728157043, ""GenHlth"": -1.3682199716567993, ""MentHlth"": -0.8342116475105286, ""PhysHlth"": -0.9723168015480042, ""DiffWalk"": -0.4156627655029297, ""Sex"": -0.6907423734664917, ""Age"": -2.4618072509765625, ""Education"": -1.2601112127304077, ""Income"": -1.7034239768981934}","{""HvyAlcoholConsump"": 0.0, ""PhysHlth"": 0.012220119836013876, ""Sex"": 0.0, ""Diabetes_binary"": 0.29687007253232417, ""Age"": 0.0, ""Income"": 0.00228634500157679, ""GenHlth"": 0.012220119836013876, ""BMI"": 0.0, ""PhysActivity"": 0.0, ""DiffWalk"": 0.0003350678019552192, ""MentHlth"": 0.02294228949858089, ""AnyHealthcare"": 0.0, ""NoDocbcCost"": 0.0, ""CholCheck"": 0.0, ""HighBP"": 0.0, ""HeartDiseaseorAttack"": 0.0, ""Stroke"": 0.0, ""HighChol"": 0.0, ""Education"": 0.0, ""Smoker"": 0.0, ""Fruits"": 0.0, ""Veggies"": 0.0}","{""Diabetes_binary"": 0, ""HighBP"": 0, ""HighChol"": 0, ""CholCheck"": 0, ""BMI"": 0, ""Smoker"": 0, ""Stroke"": 0, ""HeartDiseaseorAttack"": 0, ""PhysActivity"": 0, ""Fruits"": 0, ""Veggies"": 0, ""HvyAlcoholConsump"": 0, ""AnyHealthcare"": 0, ""NoDocbcCost"": 0, ""GenHlth"": 0, ""MentHlth"": 0, ""PhysHlth"": 0, ""DiffWalk"": 0, ""Sex"": 0, ""Age"": 0, ""Education"": 0, ""Income"": 0}",28.23997569998028,26.734375,8830976,793674,793674,6349392,3174696,10,cpu,1,2.14.1+cu130,d52d239,37.95454545454545,17.954545454545453,0.0
L2,high,2,2000,k6_128_64_9,nn,"[128, 64]",ReLU,,2000,1600,50736,37,0,3328731042,1954025543,-16.15619012981235,0.0167850234498839,0,0.3150622831914222,"{""Diabetes_binary"": -0.3294432461261749, ""HighBP"": -0.6474424600601196, ""HighChol"": -0.6767730712890625, ""CholCheck"": -0.1588423103094101, ""BMI"": -1.1427258253097534, ""Smoker"": -0.6858921647071838, ""Stroke"": -0.1514132022857666, ""HeartDiseaseorAttack"": -0.2849356532096863, ""PhysActivity"": -0.5555809736251831, ""Fruits"": -0.6574723124504089, ""Veggies"": -0.4877714514732361, ""HvyAlcoholConsump"": -0.21615390479564667, ""AnyHealthcare"": -0.18659904599189758, ""NoDocbcCost"": -0.26249948143959045, ""GenHlth"": -1.3649214506149292, ""MentHlth"": -0.8339738845825195, ""PhysHlth"": -0.9770712852478027, ""DiffWalk"": -0.418259859085083, ""Sex"": -0.6912301778793335, ""Age"": -2.461721658706665, ""Education"": -1.2596479654312134, ""Income"": -1.7058185338974}","{""HvyAlcoholConsump"": 0.0, ""PhysHlth"": 0.012220119836013876, ""Sex"": 0.0, ""Diabetes_binary"": 0.29687007253232417, ""Age"": 0.0, ""Income"": 0.00228634500157679, ""GenHlth"": 0.012220119836013876, ""BMI"": 0.0, ""PhysActivity"": 0.0, ""DiffWalk"": 0.0003350678019552192, ""MentHlth"": 0.02294228949858089, ""AnyHealthcare"": 0.0, ""NoDocbcCost"": 0.0, ""CholCheck"": 0.0, ""HighBP"": 0.0, ""HeartDiseaseorAttack"": 0.0, ""Stroke"": 0.0, ""HighChol"": 0.0, ""Education"": 0.0, ""Smoker"": 0.0, ""Fruits"": 0.0, ""Veggies"": 0.0}","{""Diabetes_binary"": 0, ""HighBP"": 0, ""HighChol"": 0, ""CholCheck"": 0, ""BMI"": 0, ""Smoker"": 0, ""Stroke"": 0, ""HeartDiseaseorAttack"": 0, ""PhysActivity"": 0, ""Fruits"": 0, ""Veggies"": 0, ""HvyAlcoholConsump"": 0, ""AnyHealthcare"": 0, ""NoDocbcCost"": 0, ""GenHlth"": 0, ""MentHlth"": 0, ""PhysHlth"": 0, ""DiffWalk"": 0, ""Sex"": 0, ""Age"": 0, ""Education"": 0, ""Income"": 0}",86.97208750000573,80.6875,-9912320,216650,216650,1733200,866600,10,cpu,1,2.14.1+cu130,d52d239,90.0909090909091,40.09090909090909,0.0
L2,high,2,10000,mle,mle,,,,10000,10000,50736,37,0,3284044321,3428092600,-18.407626620392648,0.0454043719740296,4580,0.0697926521602018,"{""Diabetes_binary"": -1.5079114477096405, ""HighBP"": -0.6455520256476804, ""HighChol"": -0.672786170924842, ""CholCheck"": -0.15800507035630523, ""BMI"": -1.1378269398820018, ""Smoker"": -0.6858851431457126, ""Stroke"": -0.15086585532695856, ""HeartDiseaseorAttack"": -0.28405599821452737, ""PhysActivity"": -0.5523754750832535, ""Fruits"": -0.6572025879676119, ""Veggies"": -0.4874899763307071, ""HvyAlcoholConsump"": -0.21564152774032533, ""AnyHealthcare"": -0.18396663382662354, ""NoDocbcCost"": -0.2599029034759908, ""GenHlth"": -1.640238214906876, ""MentHlth"": -1.2844726804949846, ""PhysHlth"": -1.263612260498309, ""DiffWalk"": -0.4141075763178933, ""Sex"": -0.686368781402076, ""Age"": -2.4596448978468244, ""Education"": -1.259047116951696, ""Income"": -1.8006673363418066}","{""HvyAlcoholConsump"": 0.0, ""PhysHlth"": 0.0018724377168085778, ""Sex"": 0.0, ""Diabetes_binary"": 0.06494402396720278, ""Age"": 0.0, ""Income"": 0.0006701356039104383, ""GenHlth"": 0.0018724377168085778, ""BMI"": 0.0, ""PhysActivity"": 0.0, ""DiffWalk"": 0.0, ""MentHlth"": 0.0036660359508041626, ""AnyHealthcare"": 0.0, ""NoDocbcCost"": 0.0, ""CholCheck"": 0.0, ""HighBP"": 0.0, ""HeartDiseaseorAttack"": 0.0, ""Stroke"": 0.0, ""HighChol"": 0.0, ""Education"": 0.0, ""Smoker"": 0.0, ""Fruits"": 0.0, ""Veggies"": 0.0}","{""Diabetes_binary"": 2314, ""HighBP"": 4, ""HighChol"": 0, ""CholCheck"": 0, ""BMI"": 0, ""Smoker"": 0, ""Stroke"": 0, ""HeartDiseaseorAttack"": 0, ""PhysActivity"": 0, ""Fruits"": 0, ""Veggies"": 0, ""HvyAlcoholConsump"": 0, ""AnyHealthcare"": 0, ""NoDocbcCost"": 0, ""GenHlth"": 548, ""MentHlth"": 900, ""PhysHlth"": 591, ""DiffWalk"": 2, ""Sex"": 0, ""Age"": 0, ""Education"": 0, ""Income"": 221}",0.1497211000241805,0.140625,8192,12431,7310,99448,99448,10,cpu,1,2.14.1+cu130,d52d239,,,
L2,high,2,10000,dirichlet_0.5,dirichlet,,,0.5,10000,10000,50736,37,0,3284044321,3428092600,-16.20093449916968,0.0169868251428832,0,0.0697926521602018,"{""Diabetes_binary"": -0.3894395262977065, ""HighBP"": -0.643405328572098, ""HighChol"": -0.6727847084358487, ""CholCheck"": -0.15792787849337908, ""BMI"": -1.1376467562399568, ""Smoker"": -0.685885209587188, ""Stroke"": -0.15087806464819695, ""HeartDiseaseorAttack"": -0.2840567715979263, ""PhysActivity"": -0.5523590407744784, ""Fruits"": -0.6572023098045138, ""Veggies"": -0.4874890634650682, ""HvyAlcoholConsump"": -0.21564209675115292, ""AnyHealthcare"": -0.18398442618128208, ""NoDocbcCost"": -0.25989343173458535, ""GenHlth"": -1.3759607149431297, ""MentHlth"": -0.8500752007101835, ""PhysHlth"": -0.9853079871017616, ""DiffWalk"": -0.4131000739232284, ""Sex"": -0.6863689775944675, ""Age"": -2.4596432740368512, ""Education"": -1.2590505286835412, ""Income"": -1.692833129593138}","{""HvyAlcoholConsump"": 0.0, ""PhysHlth"": 0.0018724377168085778, ""Sex"": 0.0, ""Diabetes_binary"": 0.06494402396720278, ""Age"": 0.0, ""Income"": 0.0006701356039104383, ""GenHlth"": 0.0018724377168085778, ""BMI"": 0.0, ""PhysActivity"": 0.0, ""DiffWalk"": 0.0, ""MentHlth"": 0.0036660359508041626, ""AnyHealthcare"": 0.0, ""NoDocbcCost"": 0.0, ""CholCheck"": 0.0, ""HighBP"": 0.0, ""HeartDiseaseorAttack"": 0.0, ""Stroke"": 0.0, ""HighChol"": 0.0, ""Education"": 0.0, ""Smoker"": 0.0, ""Fruits"": 0.0, ""Veggies"": 0.0}","{""Diabetes_binary"": 0, ""HighBP"": 0, ""HighChol"": 0, ""CholCheck"": 0, ""BMI"": 0, ""Smoker"": 0, ""Stroke"": 0, ""HeartDiseaseorAttack"": 0, ""PhysActivity"": 0, ""Fruits"": 0, ""Veggies"": 0, ""HvyAlcoholConsump"": 0, ""AnyHealthcare"": 0, ""NoDocbcCost"": 0, ""GenHlth"": 0, ""MentHlth"": 0, ""PhysHlth"": 0, ""DiffWalk"": 0, ""Sex"": 0, ""Age"": 0, ""Education"": 0, ""Income"": 0}",0.30894139999873,0.296875,4096,12431,7310,99448,99448,10,cpu,1,2.14.1+cu130,d52d239,,,
L2,high,2,10000,nn_linear,nn,[],linear,,10000,8000,50736,37,0,3284044321,3428092600,-16.07091379479022,0.0165999678610319,0,0.0697926521602018,"{""Diabetes_binary"": -0.32266733050346375, ""HighBP"": -0.6452602744102478, ""HighChol"": -0.6728837490081787, ""CholCheck"": -0.15751178562641144, ""BMI"": -1.1377477645874023, ""Smoker"": -0.6860082149505615, ""Stroke"": -0.151392862200737, ""HeartDiseaseorAttack"": -0.28399619460105896, ""PhysActivity"": -0.5525038242340088, ""Fruits"": -0.6571819186210632, ""Veggies"": -0.4874745309352875, ""HvyAlcoholConsump"": -0.21563901007175446, ""AnyHealthcare"": -0.18417155742645264, ""NoDocbcCost"": -0.2599213123321533, ""GenHlth"": -1.3578810691833496, ""MentHlth"": -0.828556478023529, ""PhysHlth"": -0.9677957892417908, ""DiffWalk"": -0.4123435914516449, ""Sex"": -0.6863734722137451, ""Age"": -2.460145950317383, ""Education"": -1.259161353111267, ""Income"": -1.684295654296875}","{""HvyAlcoholConsump"": 0.0, ""PhysHlth"": 0.0018724377168085778, ""Sex"": 0.0, ""Diabetes_binary"": 0.06494402396720278, ""Age"": 0.0, ""Income"": 0.0006701356039104383, ""GenHlth"": 0.0018724377168085778, ""BMI"": 0.0, ""PhysActivity"": 0.0, ""DiffWalk"": 0.0, ""MentHlth"": 0.0036660359508041626, ""AnyHealthcare"": 0.0, ""NoDocbcCost"": 0.0, ""CholCheck"": 0.0, ""HighBP"": 0.0, ""HeartDiseaseorAttack"": 0.0, ""Stroke"": 0.0, ""HighChol"": 0.0, ""Education"": 0.0, ""Smoker"": 0.0, ""Fruits"": 0.0, ""Veggies"": 0.0}","{""Diabetes_binary"": 0, ""HighBP"": 0, ""HighChol"": 0, ""CholCheck"": 0, ""BMI"": 0, ""Smoker"": 0, ""Stroke"": 0, ""HeartDiseaseorAttack"": 0, ""PhysActivity"": 0, ""Fruits"": 0, ""Veggies"": 0, ""HvyAlcoholConsump"": 0, ""AnyHealthcare"": 0, ""NoDocbcCost"": 0, ""GenHlth"": 0, ""MentHlth"": 0, ""PhysHlth"": 0, ""DiffWalk"": 0, ""Sex"": 0, ""Age"": 0, ""Education"": 0, ""Income"": 0}",87.11866149998968,84.765625,-48947200,810,810,6480,3240,10,cpu,1,2.14.1+cu130,d52d239,53.77272727272727,33.77272727272727,0.0
L2,high,2,10000,01_256x128_lr3e-4,nn,"[256, 128]",ReLU,,10000,8000,50736,37,0,3284044321,3428092600,-16.067888512828656,0.016700120025296,0,0.0697926521602018,"{""Diabetes_binary"": -0.3237707018852234, ""HighBP"": -0.6436945199966431, ""HighChol"": -0.6729607582092285, ""CholCheck"": -0.15761391818523407, ""BMI"": -1.139277696609497, ""Smoker"": -0.685992419719696, ""Stroke"": -0.15091758966445923, ""HeartDiseaseorAttack"": -0.28407856822013855, ""PhysActivity"": -0.5524689555168152, ""Fruits"": -0.6572006344795227, ""Veggies"": -0.48751240968704224, ""HvyAlcoholConsump"": -0.21564051508903503, ""AnyHealthcare"": -0.1839301586151123, ""NoDocbcCost"": -0.26047882437705994, ""GenHlth"": -1.3563271760940552, ""MentHlth"": -0.827738881111145, ""PhysHlth"": -0.9672142267227173, ""DiffWalk"": -0.4129997193813324, ""Sex"": -0.6863845586776733, ""Age"": -2.459878444671631, ""Education"": -1.2592662572860718, ""Income"": -1.6825417280197144}","{""HvyAlcoholConsump"": 0.0, ""PhysHlth"": 0.0018724377168085778, ""Sex"": 0.0, ""Diabetes_binary"": 0.06494402396720278, ""Age"": 0.0, ""Income"": 0.0006701356039104383, ""GenHlth"": 0.0018724377168085778, ""BMI"": 0.0, ""PhysActivity"": 0.0, ""DiffWalk"": 0.0, ""MentHlth"": 0.0036660359508041626, ""AnyHealthcare"": 0.0, ""NoDocbcCost"": 0.0, ""CholCheck"": 0.0, ""HighBP"": 0.0, ""HeartDiseaseorAttack"": 0.0, ""Stroke"": 0.0, ""HighChol"": 0.0, ""Education"": 0.0, ""Smoker"": 0.0, ""Fruits"": 0.0, ""Veggies"": 0.0}","{""Diabetes_binary"": 0, ""HighBP"": 0, ""HighChol"": 0, ""CholCheck"": 0, ""BMI"": 0, ""Smoker"": 0, ""Stroke"": 0, ""HeartDiseaseorAttack"": 0, ""PhysActivity"": 0, ""Fruits"": 0, ""Veggies"": 0, ""HvyAlcoholConsump"": 0, ""AnyHealthcare"": 0, ""NoDocbcCost"": 0, ""GenHlth"": 0, ""MentHlth"": 0, ""PhysHlth"": 0, ""DiffWalk"": 0, ""Sex"": 0, ""Age"": 0, ""Education"": 0, ""Income"": 0}",150.20039549999638,142.578125,1658880,793674,793674,6349392,3174696,10,cpu,1,2.14.1+cu130,d52d239,33.31818181818182,13.318181818181818,0.0
L2,high,2,10000,k6_128_64_9,nn,"[128, 64]",ReLU,,10000,8000,50736,37,0,3284044321,3428092600,-16.065449655318584,0.0166393817837313,0,0.0697926521602018,"{""Diabetes_binary"": -0.3230985105037689, ""HighBP"": -0.6439672708511353, ""HighChol"": -0.6728135347366333, ""CholCheck"": -0.15759259462356567, ""BMI"": -1.1380953788757324, ""Smoker"": -0.6859748959541321, ""Stroke"": -0.15092355012893677, ""HeartDiseaseorAttack"": -0.28459328413009644, ""PhysActivity"": -0.5524722337722778, ""Fruits"": -0.6572036743164062, ""Veggies"": -0.48748230934143066, ""HvyAlcoholConsump"": -0.21563749015331268, ""AnyHealthcare"": -0.18394309282302856, ""NoDocbcCost"": -0.25993812084198, ""GenHlth"": -1.357189655303955, ""MentHlth"": -0.8280618786811829, ""PhysHlth"": -0.9665080308914185, ""DiffWalk"": -0.4132453203201294, ""Sex"": -0.6863865256309509, ""Age"": -2.459573745727539, ""Education"": -1.2592394351959229, ""Income"": -1.681509017944336}","{""HvyAlcoholConsump"": 0.0, ""PhysHlth"": 0.0018724377168085778, ""Sex"": 0.0, ""Diabetes_binary"": 0.06494402396720278, ""Age"": 0.0, ""Income"": 0.0006701356039104383, ""GenHlth"": 0.0018724377168085778, ""BMI"": 0.0, ""PhysActivity"": 0.0, ""DiffWalk"": 0.0, ""MentHlth"": 0.0036660359508041626, ""AnyHealthcare"": 0.0, ""NoDocbcCost"": 0.0, ""CholCheck"": 0.0, ""HighBP"": 0.0, ""HeartDiseaseorAttack"": 0.0, ""Stroke"": 0.0, ""HighChol"": 0.0, ""Education"": 0.0, ""Smoker"": 0.0, ""Fruits"": 0.0, ""Veggies"": 0.0}","{""Diabetes_binary"": 0, ""HighBP"": 0, ""HighChol"": 0, ""CholCheck"": 0, ""BMI"": 0, ""Smoker"": 0, ""Stroke"": 0, ""HeartDiseaseorAttack"": 0, ""PhysActivity"": 0, ""Fruits"": 0, ""Veggies"": 0, ""HvyAlcoholConsump"": 0, ""AnyHealthcare"": 0, ""NoDocbcCost"": 0, ""GenHlth"": 0, ""MentHlth"": 0, ""PhysHlth"": 0, ""DiffWalk"": 0, ""Sex"": 0, ""Age"": 0, ""Education"": 0, ""Income"": 0}",298.17215529998066,286.4375,-90218496,216650,216650,1733200,866600,10,cpu,1,2.14.1+cu130,d52d239,80.5909090909091,30.59090909090909,0.0
L2,high,2,50000,mle,mle,,,,50000,50000,50736,37,0,2935575344,481107469,-16.539421331350315,0.0257021582645013,970,0.0095198675496688,"{""Diabetes_binary"": -0.6274471069851784, ""HighBP"": -0.6424093351811673, ""HighChol"": -0.67225238374159, ""CholCheck"": -0.1568027807671385, ""BMI"": -1.1368487795080198, ""Smoker"": -0.6859473319944547, ""Stroke"": -0.1507356756854196, ""HeartDiseaseorAttack"": -0.28363754155247967, ""PhysActivity"": -0.5517895242170814, ""Fruits"": -0.6571578334278859, ""Veggies"": -0.4874782965679814, ""HvyAlcoholConsump"": -0.21563792312321597, ""AnyHealthcare"": -0.18382662529136357, ""NoDocbcCost"": -0.25959055189355146, ""GenHlth"": -1.4165957850386486, ""MentHlth"": -0.8930755328022039, ""PhysHlth"": -1.012068729205032, ""DiffWalk"": -0.4117365841655758, ""Sex"": -0.6861739902723683, ""Age"": -2.459079380171653, ""Education"": -1.258532897713945, ""Income"": -1.6905967420443595}","{""HvyAlcoholConsump"": 0.0, ""PhysHlth"": 7.883948281299275e-05, ""Sex"": 0.0, ""Diabetes_binary"": 0.008770892462945443, ""Age"": 0.0, ""Income"": 0.00019709870703248187, ""GenHlth"": 7.883948281299275e-05, ""BMI"": 0.0, ""PhysActivity"": 0.0, ""DiffWalk"": 0.0, ""MentHlth"": 0.0005124566382844529, ""AnyHealthcare"": 0.0, ""NoDocbcCost"": 0.0, ""CholCheck"": 0.0, ""HighBP"": 0.0, ""HeartDiseaseorAttack"": 0.0, ""Stroke"": 0.0, ""HighChol"": 0.0, ""Education"": 0.0, ""Smoker"": 0.0, ""Fruits"": 0.0, ""Veggies"": 0.0}","{""Diabetes_binary"": 604, ""HighBP"": 0, ""HighChol"": 0, ""CholCheck"": 0, ""BMI"": 0, ""Smoker"": 0, ""Stroke"": 0, ""HeartDiseaseorAttack"": 0, ""PhysActivity"": 0, ""Fruits"": 0, ""Veggies"": 0, ""HvyAlcoholConsump"": 0, ""AnyHealthcare"": 0, ""NoDocbcCost"": 0, ""GenHlth"": 123, ""MentHlth"": 127, ""PhysHlth"": 92, ""DiffWalk"": 0, ""Sex"": 0, ""Age"": 0, ""Education"": 0, ""Income"": 24}",0.1543104000156745,0.15625,4599808,12431,7310,99448,99448,10,cpu,1,2.14.1+cu130,d52d239,,,
L2,high,2,50000,dirichlet_0.5,dirichlet,,,0.5,50000,50000,50736,37,0,2935575344,481107469,-16.077053214616583,0.0166610277173878,0,0.0095198675496688,"{""Diabetes_binary"": -0.340966551445744, ""HighBP"": -0.642390806530642, ""HighChol"": -0.6722524323167964, ""CholCheck"": -0.15680306158988747, ""BMI"": -1.1368436964139281, ""Smoker"": -0.6859473592512586, ""Stroke"": -0.15073680172212003, ""HeartDiseaseorAttack"": -0.28363728261379684, ""PhysActivity"": -0.5517897893410133, ""Fruits"": -0.657157845022125, ""Veggies"": -0.4874781313300866, ""HvyAlcoholConsump"": -0.21563788390332134, ""AnyHealthcare"": -0.18382834790143912, ""NoDocbcCost"": -0.25958817458777583, ""GenHlth"": -1.3582169632426044, ""MentHlth"": -0.8314654278192515, ""PhysHlth"": -0.9681805706709934, ""DiffWalk"": -0.4117580207127203, ""Sex"": -0.6861739960431077, ""Age"": -2.459079400043076, ""Education"": -1.258532098990721, ""Income"": -1.6785885731241739}","{""HvyAlcoholConsump"": 0.0, ""PhysHlth"": 7.883948281299275e-05, ""Sex"": 0.0, ""Diabetes_binary"": 0.008770892462945443, ""Age"": 0.0, ""Income"": 0.00019709870703248187, ""GenHlth"": 7.883948281299275e-05, ""BMI"": 0.0, ""PhysActivity"": 0.0, ""DiffWalk"": 0.0, ""MentHlth"": 0.0005124566382844529, ""AnyHealthcare"": 0.0, ""NoDocbcCost"": 0.0, ""CholCheck"": 0.0, ""HighBP"": 0.0, ""HeartDiseaseorAttack"": 0.0, ""Stroke"": 0.0, ""HighChol"": 0.0, ""Education"": 0.0, ""Smoker"": 0.0, ""Fruits"": 0.0, ""Veggies"": 0.0}","{""Diabetes_binary"": 0, ""HighBP"": 0, ""HighChol"": 0, ""CholCheck"": 0, ""BMI"": 0, ""Smoker"": 0, ""Stroke"": 0, ""HeartDiseaseorAttack"": 0, ""PhysActivity"": 0, ""Fruits"": 0, ""Veggies"": 0, ""HvyAlcoholConsump"": 0, ""AnyHealthcare"": 0, ""NoDocbcCost"": 0, ""GenHlth"": 0, ""MentHlth"": 0, ""PhysHlth"": 0, ""DiffWalk"": 0, ""Sex"": 0, ""Age"": 0, ""Education"": 0, ""Income"": 0}",0.2994866999797523,0.296875,-933888,12431,7310,99448,99448,10,cpu,1,2.14.1+cu130,d52d239,,,
L2,high,2,full,mle,mle,,,,202944,202944,50736,37,0,3701333381,1152244685,-16.11817785365115,0.0183343747402285,163,0.002069536423841,"{""Diabetes_binary"": -0.38390439950365834, ""HighBP"": -0.6419219437300614, ""HighChol"": -0.6722629355255221, ""CholCheck"": -0.15663461236925183, ""BMI"": -1.1365929252054432, ""Smoker"": -0.6859057132332683, ""Stroke"": -0.15071927686932807, ""HeartDiseaseorAttack"": -0.2836561222129224, ""PhysActivity"": -0.5517224495141536, ""Fruits"": -0.6571584476072492, ""Veggies"": -0.48745146404220463, ""HvyAlcoholConsump"": -0.21563838938756252, ""AnyHealthcare"": -0.18379250451485676, ""NoDocbcCost"": -0.25953322480568086, ""GenHlth"": -1.3590735726412488, ""MentHlth"": -0.8342233557235801, ""PhysHlth"": -0.9648279800415048, ""DiffWalk"": -0.41149596364685126, ""Sex"": -0.6861723216272493, ""Age"": -2.4589767569190264, ""Education"": -1.258411729733124, ""Income"": -1.6781017647973997}","{""HvyAlcoholConsump"": 0.0, ""PhysHlth"": 0.0, ""Sex"": 0.0, ""Diabetes_binary"": 0.0019512771996215705, ""Age"": 0.0, ""Income"": 1.9709870703248187e-05, ""GenHlth"": 0.0, ""BMI"": 0.0, ""PhysActivity"": 0.0, ""DiffWalk"": 0.0, ""MentHlth"": 9.854935351624093e-05, ""AnyHealthcare"": 0.0, ""NoDocbcCost"": 0.0, ""CholCheck"": 0.0, ""HighBP"": 0.0, ""HeartDiseaseorAttack"": 0.0, ""Stroke"": 0.0, ""HighChol"": 0.0, ""Education"": 0.0, ""Smoker"": 0.0, ""Fruits"": 0.0, ""Veggies"": 0.0}","{""Diabetes_binary"": 126, ""HighBP"": 0, ""HighChol"": 0, ""CholCheck"": 0, ""BMI"": 0, ""Smoker"": 0, ""Stroke"": 0, ""HeartDiseaseorAttack"": 0, ""PhysActivity"": 0, ""Fruits"": 0, ""Veggies"": 0, ""HvyAlcoholConsump"": 0, ""AnyHealthcare"": 0, ""NoDocbcCost"": 0, ""GenHlth"": 12, ""MentHlth"": 16, ""PhysHlth"": 3, ""DiffWalk"": 0, ""Sex"": 0, ""Age"": 0, ""Education"": 0, ""Income"": 6}",0.686357800004771,0.671875,8192,12431,7310,99448,99448,10,cpu,1,2.14.1+cu130,d52d239,,,
L2,high,2,full,dirichlet_0.5,dirichlet,,,0.5,202944,202944,50736,37,0,3701333381,1152244685,-16.042153829335227,0.0165346597088831,0,0.002069536423841,"{""Diabetes_binary"": -0.32569947402868726, ""HighBP"": -0.6419195553287946, ""HighChol"": -0.6722629055678644, ""CholCheck"": -0.15663450811865556, ""BMI"": -1.1365896381236216, ""Smoker"": -0.6859057180120676, ""Stroke"": -0.1507194925287137, ""HeartDiseaseorAttack"": -0.28365608620272176, ""PhysActivity"": -0.5517223639400101, ""Fruits"": -0.6571584443276216, ""Veggies"": -0.4874514357186883, ""HvyAlcoholConsump"": -0.21563840282450208, ""AnyHealthcare"": -0.18379227477109183, ""NoDocbcCost"": -0.25953280363939846, ""GenHlth"": -1.353287800485758, ""MentHlth"": -0.8265080359106414, ""PhysHlth"": -0.9633605189906921, ""DiffWalk"": -0.41149966752664796, ""Sex"": -0.6861723206312575, ""Age"": -2.458976725339231, ""Education"": -1.258411578357094, ""Income"": -1.675254078961466}","{""HvyAlcoholConsump"": 0.0, ""PhysHlth"": 0.0, ""Sex"": 0.0, ""Diabetes_binary"": 0.0019512771996215705, ""Age"": 0.0, ""Income"": 1.9709870703248187e-05, ""GenHlth"": 0.0, ""BMI"": 0.0, ""PhysActivity"": 0.0, ""DiffWalk"": 0.0, ""MentHlth"": 9.854935351624093e-05, ""AnyHealthcare"": 0.0, ""NoDocbcCost"": 0.0, ""CholCheck"": 0.0, ""HighBP"": 0.0, ""HeartDiseaseorAttack"": 0.0, ""Stroke"": 0.0, ""HighChol"": 0.0, ""Education"": 0.0, ""Smoker"": 0.0, ""Fruits"": 0.0, ""Veggies"": 0.0}","{""Diabetes_binary"": 0, ""HighBP"": 0, ""HighChol"": 0, ""CholCheck"": 0, ""BMI"": 0, ""Smoker"": 0, ""Stroke"": 0, ""HeartDiseaseorAttack"": 0, ""PhysActivity"": 0, ""Fruits"": 0, ""Veggies"": 0, ""HvyAlcoholConsump"": 0, ""AnyHealthcare"": 0, ""NoDocbcCost"": 0, ""GenHlth"": 0, ""MentHlth"": 0, ""PhysHlth"": 0, ""DiffWalk"": 0, ""Sex"": 0, ""Age"": 0, ""Education"": 0, ""Income"": 0}",0.882458600011887,0.875,28672,12431,7310,99448,99448,10,cpu,1,2.14.1+cu130,d52d239,,,
L2,moderate,3,500,mle,mle,,,,500,500,50736,50,0,1992681986,2247842987,-44.156474870212335,0.1218003911722864,54977,0.9118968779564806,"{""Diabetes_binary"": -1.2792426886848096, ""HighBP"": -4.0462511731636015, ""HighChol"": -0.8357704438164487, ""CholCheck"": -0.2576350685941286, ""BMI"": -1.4632157824991314, ""Smoker"": -0.6874174971719904, ""Stroke"": -0.26133969460156103, ""HeartDiseaseorAttack"": -0.7458679648766146, ""PhysActivity"": -0.6661167209121073, ""Fruits"": -0.6586528806442108, ""Veggies"": -0.48826028258600923, ""HvyAlcoholConsump"": -0.22017979465882875, ""AnyHealthcare"": -0.36829044039305114, ""NoDocbcCost"": -0.40659959491421305, ""GenHlth"": -7.087447536456806, ""MentHlth"": -4.645600941870734, ""PhysHlth"": -5.673389686336974, ""DiffWalk"": -0.6606402474936712, ""Sex"": -0.6862479226025318, ""Age"": -2.47707684561499, ""Education"": -1.2801571631825286, ""Income"": -9.261074499137393}","{""HvyAlcoholConsump"": 0.0, ""PhysHlth"": 0.06387969094922737, ""Sex"": 0.0, ""Diabetes_binary"": 0.8455140334279407, ""HighBP"": 0.2909571113213497, ""Income"": 0.04206086408073163, ""Age"": 0.0, ""GenHlth"": 0.5073320719016083, ""BMI"": 0.0, ""PhysActivity"": 0.0, ""DiffWalk"": 0.0008869441816461685, ""MentHlth"": 0.05776963103122044, ""AnyHealthcare"": 0.0, ""NoDocbcCost"": 0.007588300220750552, ""CholCheck"": 0.007588300220750552, ""HeartDiseaseorAttack"": 0.017758593503626616, ""HighChol"": 0.006385998107852412, ""Stroke"": 0.0008278145695364238, ""Fruits"": 0.0, ""Veggies"": 0.0, ""Education"": 0.0, ""Smoker"": 0.0}","{""Diabetes_binary"": 1270, ""HighBP"": 6622, ""HighChol"": 284, ""CholCheck"": 204, ""BMI"": 589, ""Smoker"": 0, ""Stroke"": 210, ""HeartDiseaseorAttack"": 959, ""PhysActivity"": 222, ""Fruits"": 0, ""Veggies"": 0, ""HvyAlcoholConsump"": 0, ""AnyHealthcare"": 385, ""NoDocbcCost"": 262, ""GenHlth"": 11180, ""MentHlth"": 7610, ""PhysHlth"": 9307, ""DiffWalk"": 471, ""Sex"": 0, ""Age"": 0, ""Education"": 36, ""Income"": 15366}",0.4499696000129916,0.453125,139264,81983,49496,655864,655864,10,cpu,1,2.14.1+cu130,d52d239,,,
L2,moderate,3,500,dirichlet_0.5,dirichlet,,,0.5,500,500,50736,50,0,1992681986,2247842987,-17.35682755847985,0.0157146355727334,0,0.9118968779564806,"{""Diabetes_binary"": -0.6563942935163622, ""HighBP"": -0.6963658307100838, ""HighChol"": -0.6931224512328445, ""CholCheck"": -0.1612732799173064, ""BMI"": -1.1857822556332944, ""Smoker"": -0.6874219182977517, ""Stroke"": -0.16158270188478252, ""HeartDiseaseorAttack"": -0.30499388636232483, ""PhysActivity"": -0.5599850339272009, ""Fruits"": -0.6586738086690065, ""Veggies"": -0.4883222024223773, ""HvyAlcoholConsump"": -0.22022472371600238, ""AnyHealthcare"": -0.1956577629120006, ""NoDocbcCost"": -0.26853457580840595, ""GenHlth"": -1.5667084688382293, ""MentHlth"": -0.9571709150985578, ""PhysHlth"": -1.1280865613142927, ""DiffWalk"": -0.4336550753586545, ""Sex"": -0.6862384462534775, ""Age"": -2.4753366066005023, ""Education"": -1.2669410450874559, ""Income"": -1.904355714918935}","{""HvyAlcoholConsump"": 0.0, ""PhysHlth"": 0.06387969094922737, ""Sex"": 0.0, ""Diabetes_binary"": 0.8455140334279407, ""HighBP"": 0.2909571113213497, ""Income"": 0.04206086408073163, ""Age"": 0.0, ""GenHlth"": 0.5073320719016083, ""BMI"": 0.0, ""PhysActivity"": 0.0, ""DiffWalk"": 0.0008869441816461685, ""MentHlth"": 0.05776963103122044, ""AnyHealthcare"": 0.0, ""NoDocbcCost"": 0.007588300220750552, ""CholCheck"": 0.007588300220750552, ""HeartDiseaseorAttack"": 0.017758593503626616, ""HighChol"": 0.006385998107852412, ""Stroke"": 0.0008278145695364238, ""Fruits"": 0.0, ""Veggies"": 0.0, ""Education"": 0.0, ""Smoker"": 0.0}","{""Diabetes_binary"": 0, ""HighBP"": 0, ""HighChol"": 0, ""CholCheck"": 0, ""BMI"": 0, ""Smoker"": 0, ""Stroke"": 0, ""HeartDiseaseorAttack"": 0, ""PhysActivity"": 0, ""Fruits"": 0, ""Veggies"": 0, ""HvyAlcoholConsump"": 0, ""AnyHealthcare"": 0, ""NoDocbcCost"": 0, ""GenHlth"": 0, ""MentHlth"": 0, ""PhysHlth"": 0, ""DiffWalk"": 0, ""Sex"": 0, ""Age"": 0, ""Education"": 0, ""Income"": 0}",1.394111100002192,1.296875,9285632,81983,49496,655864,655864,10,cpu,1,2.14.1+cu130,d52d239,,,
L2,moderate,3,500,nn_linear,nn,[],linear,,500,400,50736,50,0,1992681986,2247842987,-16.46957580620218,0.0152526002693965,0,0.9118968779564806,"{""Diabetes_binary"": -0.4054871201515198, ""HighBP"": -0.6083433032035828, ""HighChol"": -0.6777235269546509, ""CholCheck"": -0.1570100486278534, ""BMI"": -1.176788330078125, ""Smoker"": -0.6877308487892151, ""Stroke"": -0.1639212965965271, ""HeartDiseaseorAttack"": -0.2782917022705078, ""PhysActivity"": -0.5620934963226318, ""Fruits"": -0.6583783626556396, ""Veggies"": -0.4890330731868744, ""HvyAlcoholConsump"": -0.22393099963665009, ""AnyHealthcare"": -0.19809742271900177, ""NoDocbcCost"": -0.26280277967453003, ""GenHlth"": -1.3965328931808472, ""MentHlth"": -0.8488333225250244, ""PhysHlth"": -0.98843914270401, ""DiffWalk"": -0.4307490885257721, ""Sex"": -0.6876298189163208, ""Age"": -2.4830431938171387, ""Education"": -1.329050898551941, ""Income"": -1.7556650638580322}","{""HvyAlcoholConsump"": 0.0, ""PhysHlth"": 0.06387969094922737, ""Sex"": 0.0, ""Diabetes_binary"": 0.8455140334279407, ""HighBP"": 0.2909571113213497, ""Income"": 0.04206086408073163, ""Age"": 0.0, ""GenHlth"": 0.5073320719016083, ""BMI"": 0.0, ""PhysActivity"": 0.0, ""DiffWalk"": 0.0008869441816461685, ""MentHlth"": 0.05776963103122044, ""AnyHealthcare"": 0.0, ""NoDocbcCost"": 0.007588300220750552, ""CholCheck"": 0.007588300220750552, ""HeartDiseaseorAttack"": 0.017758593503626616, ""HighChol"": 0.006385998107852412, ""Stroke"": 0.0008278145695364238, ""Fruits"": 0.0, ""Veggies"": 0.0, ""Education"": 0.0, ""Smoker"": 0.0}","{""Diabetes_binary"": 0, ""HighBP"": 0, ""HighChol"": 0, ""CholCheck"": 0, ""BMI"": 0, ""Smoker"": 0, ""Stroke"": 0, ""HeartDiseaseorAttack"": 0, ""PhysActivity"": 0, ""Fruits"": 0, ""Veggies"": 0, ""HvyAlcoholConsump"": 0, ""AnyHealthcare"": 0, ""NoDocbcCost"": 0, ""GenHlth"": 0, ""MentHlth"": 0, ""PhysHlth"": 0, ""DiffWalk"": 0, ""Sex"": 0, ""Age"": 0, ""Education"": 0, ""Income"": 0}",17.803272099990863,16.90625,-58142720,946,946,7568,3784,10,cpu,1,2.14.1+cu130,d52d239,146.5909090909091,134.77272727272728,0.4545454545454545
L2,moderate,3,500,01_256x128_lr3e-4,nn,"[256, 128]",ReLU,,500,400,50736,50,0,1992681986,2247842987,-16.304205381712155,0.0165853863597436,0,0.9118968779564806,"{""Diabetes_binary"": -0.3418055772781372, ""HighBP"": -0.6160560846328735, ""HighChol"": -0.6861971616744995, ""CholCheck"": -0.15955424308776855, ""BMI"": -1.1588345766067505, ""Smoker"": -0.6870958805084229, ""Stroke"": -0.1633254736661911, ""HeartDiseaseorAttack"": -0.27936702966690063, ""PhysActivity"": -0.5593770146369934, ""Fruits"": -0.6614043116569519, ""Veggies"": -0.4874585270881653, ""HvyAlcoholConsump"": -0.22012841701507568, ""AnyHealthcare"": -0.19305269420146942, ""NoDocbcCost"": -0.27054569125175476, ""GenHlth"": -1.3835489749908447, ""MentHlth"": -0.8402200937271118, ""PhysHlth"": -0.9797230362892151, ""DiffWalk"": -0.44217440485954285, ""Sex"": -0.687533438205719, ""Age"": -2.4721853733062744, ""Education"": -1.265844464302063, ""Income"": -1.7487730979919434}","{""HvyAlcoholConsump"": 0.0, ""PhysHlth"": 0.06387969094922737, ""Sex"": 0.0, ""Diabetes_binary"": 0.8455140334279407, ""HighBP"": 0.2909571113213497, ""Income"": 0.04206086408073163, ""Age"": 0.0, ""GenHlth"": 0.5073320719016083, ""BMI"": 0.0, ""PhysActivity"": 0.0, ""DiffWalk"": 0.0008869441816461685, ""MentHlth"": 0.05776963103122044, ""AnyHealthcare"": 0.0, ""NoDocbcCost"": 0.007588300220750552, ""CholCheck"": 0.007588300220750552, ""HeartDiseaseorAttack"": 0.017758593503626616, ""HighChol"": 0.006385998107852412, ""Stroke"": 0.0008278145695364238, ""Fruits"": 0.0, ""Veggies"": 0.0, ""Education"": 0.0, ""Smoker"": 0.0}","{""Diabetes_binary"": 0, ""HighBP"": 0, ""HighChol"": 0, ""CholCheck"": 0, ""BMI"": 0, ""Smoker"": 0, ""Stroke"": 0, ""HeartDiseaseorAttack"": 0, ""PhysActivity"": 0, ""Fruits"": 0, ""Veggies"": 0, ""HvyAlcoholConsump"": 0, ""AnyHealthcare"": 0, ""NoDocbcCost"": 0, ""GenHlth"": 0, ""MentHlth"": 0, ""PhysHlth"": 0, ""DiffWalk"": 0, ""Sex"": 0, ""Age"": 0, ""Education"": 0, ""Income"": 0}",17.777039300010074,16.78125,2600960,805706,805706,6445648,3222824,10,cpu,1,2.14.1+cu130,d52d239,61.13636363636363,41.13636363636363,0.0
L2,moderate,3,500,k6_128_64_9,nn,"[128, 64]",ReLU,,500,400,50736,50,0,1992681986,2247842987,-16.25764055942966,0.0166092622404942,0,0.9118968779564806,"{""Diabetes_binary"": -0.3415158689022064, ""HighBP"": -0.6084633469581604, ""HighChol"": -0.676009476184845, ""CholCheck"": -0.16004742681980133, ""BMI"": -1.1492273807525635, ""Smoker"": -0.6870811581611633, ""Stroke"": -0.1659141182899475, ""HeartDiseaseorAttack"": -0.2786310613155365, ""PhysActivity"": -0.5585168600082397, ""Fruits"": -0.660603404045105, ""Veggies"": -0.4880829453468323, ""HvyAlcoholConsump"": -0.2202153205871582, ""AnyHealthcare"": -0.1982034295797348, ""NoDocbcCost"": -0.2704515755176544, ""GenHlth"": -1.384109377861023, ""MentHlth"": -0.8445906639099121, ""PhysHlth"": -0.9814097285270691, ""DiffWalk"": -0.43565696477890015, ""Sex"": -0.6875380277633667, ""Age"": -2.466423511505127, ""Education"": -1.2657676935195923, ""Income"": -1.7291814088821411}","{""HvyAlcoholConsump"": 0.0, ""PhysHlth"": 0.06387969094922737, ""Sex"": 0.0, ""Diabetes_binary"": 0.8455140334279407, ""HighBP"": 0.2909571113213497, ""Income"": 0.04206086408073163, ""Age"": 0.0, ""GenHlth"": 0.5073320719016083, ""BMI"": 0.0, ""PhysActivity"": 0.0, ""DiffWalk"": 0.0008869441816461685, ""MentHlth"": 0.05776963103122044, ""AnyHealthcare"": 0.0, ""NoDocbcCost"": 0.007588300220750552, ""CholCheck"": 0.007588300220750552, ""HeartDiseaseorAttack"": 0.017758593503626616, ""HighChol"": 0.006385998107852412, ""Stroke"": 0.0008278145695364238, ""Fruits"": 0.0, ""Veggies"": 0.0, ""Education"": 0.0, ""Smoker"": 0.0}","{""Diabetes_binary"": 0, ""HighBP"": 0, ""HighChol"": 0, ""CholCheck"": 0, ""BMI"": 0, ""Smoker"": 0, ""Stroke"": 0, ""HeartDiseaseorAttack"": 0, ""PhysActivity"": 0, ""Fruits"": 0, ""Veggies"": 0, ""HvyAlcoholConsump"": 0, ""AnyHealthcare"": 0, ""NoDocbcCost"": 0, ""GenHlth"": 0, ""MentHlth"": 0, ""PhysHlth"": 0, ""DiffWalk"": 0, ""Sex"": 0, ""Age"": 0, ""Education"": 0, ""Income"": 0}",32.07427710000775,30.375,-134791168,222666,222666,1781328,890664,10,cpu,1,2.14.1+cu130,d52d239,126.6818181818182,76.68181818181819,0.0
L2,moderate,3,2000,mle,mle,,,,2000,2000,50736,50,0,2959222598,717861015,-31.412067826832427,0.0936511266883924,30045,0.652475559760328,"{""Diabetes_binary"": -2.074979898534659, ""HighBP"": -2.673574942028606, ""HighChol"": -0.7057662375559458, ""CholCheck"": -0.19173932242173589, ""BMI"": -1.1671905346897946, ""Smoker"": -0.6871890925158088, ""Stroke"": -0.19074260559796888, ""HeartDiseaseorAttack"": -0.352067006510022, ""PhysActivity"": -0.5493999585413253, ""Fruits"": -0.6582301429687489, ""Veggies"": -0.48760947533816557, ""HvyAlcoholConsump"": -0.2212843964248869, ""AnyHealthcare"": -0.18630008357599023, ""NoDocbcCost"": -0.26059044678488447, ""GenHlth"": -7.862027902247517, ""MentHlth"": -2.200369907843541, ""PhysHlth"": -2.223311233443628, ""DiffWalk"": -0.44354227001599594, ""Sex"": -0.6857843539358026, ""Age"": -2.4572770045984367, ""Education"": -1.2615529654969935, ""Income"": -3.8715380457619752}","{""HvyAlcoholConsump"": 0.0, ""PhysHlth"": 0.01683222958057395, ""Sex"": 0.0, ""Diabetes_binary"": 0.5747398297067171, ""HighBP"": 0.0988647114474929, ""Income"": 0.007016713970356354, ""Age"": 0.0, ""GenHlth"": 0.22122358877325765, ""BMI"": 0.0, ""PhysActivity"": 0.0, ""DiffWalk"": 0.00037448754336171555, ""MentHlth"": 0.02270577105014191, ""AnyHealthcare"": 0.0, ""NoDocbcCost"": 0.0, ""CholCheck"": 0.0, ""HeartDiseaseorAttack"": 0.001596499526963103, ""HighChol"": 0.0, ""Stroke"": 0.0008278145695364238, ""Fruits"": 0.0, ""Veggies"": 0.0, ""Education"": 0.0, ""Smoker"": 0.0}","{""Diabetes_binary"": 3043, ""HighBP"": 4006, ""HighChol"": 57, ""CholCheck"": 76, ""BMI"": 64, ""Smoker"": 0, ""Stroke"": 71, ""HeartDiseaseorAttack"": 147, ""PhysActivity"": 0, ""Fruits"": 0, ""Veggies"": 0, ""HvyAlcoholConsump"": 0, ""AnyHealthcare"": 0, ""NoDocbcCost"": 0, ""GenHlth"": 12851, ""MentHlth"": 2752, ""PhysHlth"": 2488, ""DiffWalk"": 59, ""Sex"": 0, ""Age"": 0, ""Education"": 0, ""Income"": 4431}",0.531736600009026,0.515625,4096,81983,49496,655864,655864,10,cpu,1,2.14.1+cu130,d52d239,,,
L2,moderate,3,2000,dirichlet_0.5,dirichlet,,,0.5,2000,2000,50736,50,0,2959222598,717861015,-16.737120888739387,0.0164611342703394,0,0.652475559760328,"{""Diabetes_binary"": -0.580449314932455, ""HighBP"": -0.6572061466382759, ""HighChol"": -0.6764631559617891, ""CholCheck"": -0.15549703741194024, ""BMI"": -1.140284412221324, ""Smoker"": -0.6871898170384677, ""Stroke"": -0.15827080407049843, ""HeartDiseaseorAttack"": -0.2831771180147399, ""PhysActivity"": -0.5494089017108276, ""Fruits"": -0.6582344141643319, ""Veggies"": -0.48761819020246716, ""HvyAlcoholConsump"": -0.22123185086844574, ""AnyHealthcare"": -0.18609921244943908, ""NoDocbcCost"": -0.2595432702905911, ""GenHlth"": -1.5260014477314594, ""MentHlth"": -0.8810036747187544, ""PhysHlth"": -1.0357397856960162, ""DiffWalk"": -0.41748046339777417, ""Sex"": -0.6857839904771356, ""Age"": -2.457293658081707, ""Education"": -1.261593690971725, ""Income"": -1.7715505316892246}","{""HvyAlcoholConsump"": 0.0, ""PhysHlth"": 0.01683222958057395, ""Sex"": 0.0, ""Diabetes_binary"": 0.5747398297067171, ""HighBP"": 0.0988647114474929, ""Income"": 0.007016713970356354, ""Age"": 0.0, ""GenHlth"": 0.22122358877325765, ""BMI"": 0.0, ""PhysActivity"": 0.0, ""DiffWalk"": 0.00037448754336171555, ""MentHlth"": 0.02270577105014191, ""AnyHealthcare"": 0.0, ""NoDocbcCost"": 0.0, ""CholCheck"": 0.0, ""HeartDiseaseorAttack"": 0.001596499526963103, ""HighChol"": 0.0, ""Stroke"": 0.0008278145695364238, ""Fruits"": 0.0, ""Veggies"": 0.0, ""Education"": 0.0, ""Smoker"": 0.0}","{""Diabetes_binary"": 0, ""HighBP"": 0, ""HighChol"": 0, ""CholCheck"": 0, ""BMI"": 0, ""Smoker"": 0, ""Stroke"": 0, ""HeartDiseaseorAttack"": 0, ""PhysActivity"": 0, ""Fruits"": 0, ""Veggies"": 0, ""HvyAlcoholConsump"": 0, ""AnyHealthcare"": 0, ""NoDocbcCost"": 0, ""GenHlth"": 0, ""MentHlth"": 0, ""PhysHlth"": 0, ""DiffWalk"": 0, ""Sex"": 0, ""Age"": 0, ""Education"": 0, ""Income"": 0}",1.3495122000167612,1.296875,3067904,81983,49496,655864,655864,10,cpu,1,2.14.1+cu130,d52d239,,,
L2,moderate,3,2000,nn_linear,nn,[],linear,,2000,1600,50736,50,0,2959222598,717861015,-16.078329902642388,0.0162025904680752,0,0.652475559760328,"{""Diabetes_binary"": -0.33277392387390137, ""HighBP"": -0.5837235450744629, ""HighChol"": -0.673586368560791, ""CholCheck"": -0.15454068779945374, ""BMI"": -1.1462442874908447, ""Smoker"": -0.6871805787086487, ""Stroke"": -0.15872062742710114, ""HeartDiseaseorAttack"": -0.2807188332080841, ""PhysActivity"": -0.5513325333595276, ""Fruits"": -0.658685564994812, ""Veggies"": -0.48782530426979065, ""HvyAlcoholConsump"": -0.22070327401161194, ""AnyHealthcare"": -0.18911883234977722, ""NoDocbcCost"": -0.2575186789035797, ""GenHlth"": -1.3594152927398682, ""MentHlth"": -0.8297920227050781, ""PhysHlth"": -0.9730914831161499, ""DiffWalk"": -0.4159238934516907, ""Sex"": -0.6929497718811035, ""Age"": -2.4580085277557373, ""Education"": -1.2675169706344604, ""Income"": -1.6989586353302002}","{""HvyAlcoholConsump"": 0.0, ""PhysHlth"": 0.01683222958057395, ""Sex"": 0.0, ""Diabetes_binary"": 0.5747398297067171, ""HighBP"": 0.0988647114474929, ""Income"": 0.007016713970356354, ""Age"": 0.0, ""GenHlth"": 0.22122358877325765, ""BMI"": 0.0, ""PhysActivity"": 0.0, ""DiffWalk"": 0.00037448754336171555, ""MentHlth"": 0.02270577105014191, ""AnyHealthcare"": 0.0, ""NoDocbcCost"": 0.0, ""CholCheck"": 0.0, ""HeartDiseaseorAttack"": 0.001596499526963103, ""HighChol"": 0.0, ""Stroke"": 0.0008278145695364238, ""Fruits"": 0.0, ""Veggies"": 0.0, ""Education"": 0.0, ""Smoker"": 0.0}","{""Diabetes_binary"": 0, ""HighBP"": 0, ""HighChol"": 0, ""CholCheck"": 0, ""BMI"": 0, ""Smoker"": 0, ""Stroke"": 0, ""HeartDiseaseorAttack"": 0, ""PhysActivity"": 0, ""Fruits"": 0, ""Veggies"": 0, ""HvyAlcoholConsump"": 0, ""AnyHealthcare"": 0, ""NoDocbcCost"": 0, ""GenHlth"": 0, ""MentHlth"": 0, ""PhysHlth"": 0, ""DiffWalk"": 0, ""Sex"": 0, ""Age"": 0, ""Education"": 0, ""Income"": 0}",40.75169209999149,38.875,-72974336,946,946,7568,3784,10,cpu,1,2.14.1+cu130,d52d239,110.6818181818182,92.27272727272728,0.1363636363636363
L2,moderate,3,2000,01_256x128_lr3e-4,nn,"[256, 128]",ReLU,,2000,1600,50736,50,0,2959222598,717861015,-16.07829737834113,0.0165352433841483,0,0.652475559760328,"{""Diabetes_binary"": -0.33478331565856934, ""HighBP"": -0.5880243182182312, ""HighChol"": -0.6740958094596863, ""CholCheck"": -0.15493077039718628, ""BMI"": -1.1500118970870972, ""Smoker"": -0.6871856451034546, ""Stroke"": -0.1629735827445984, ""HeartDiseaseorAttack"": -0.2889963984489441, ""PhysActivity"": -0.5489769577980042, ""Fruits"": -0.6576235294342041, ""Veggies"": -0.4874591827392578, ""HvyAlcoholConsump"": -0.22137275338172913, ""AnyHealthcare"": -0.1882065087556839, ""NoDocbcCost"": -0.2573232054710388, ""GenHlth"": -1.3535895347595215, ""MentHlth"": -0.8339486718177795, ""PhysHlth"": -0.9706497192382812, ""DiffWalk"": -0.4170098900794983, ""Sex"": -0.6862401366233826, ""Age"": -2.457836627960205, ""Education"": -1.2617498636245728, ""Income"": -1.6953091621398926}","{""HvyAlcoholConsump"": 0.0, ""PhysHlth"": 0.01683222958057395, ""Sex"": 0.0, ""Diabetes_binary"": 0.5747398297067171, ""HighBP"": 0.0988647114474929, ""Income"": 0.007016713970356354, ""Age"": 0.0, ""GenHlth"": 0.22122358877325765, ""BMI"": 0.0, ""PhysActivity"": 0.0, ""DiffWalk"": 0.00037448754336171555, ""MentHlth"": 0.02270577105014191, ""AnyHealthcare"": 0.0, ""NoDocbcCost"": 0.0, ""CholCheck"": 0.0, ""HeartDiseaseorAttack"": 0.001596499526963103, ""HighChol"": 0.0, ""Stroke"": 0.0008278145695364238, ""Fruits"": 0.0, ""Veggies"": 0.0, ""Education"": 0.0, ""Smoker"": 0.0}","{""Diabetes_binary"": 0, ""HighBP"": 0, ""HighChol"": 0, ""CholCheck"": 0, ""BMI"": 0, ""Smoker"": 0, ""Stroke"": 0, ""HeartDiseaseorAttack"": 0, ""PhysActivity"": 0, ""Fruits"": 0, ""Veggies"": 0, ""HvyAlcoholConsump"": 0, ""AnyHealthcare"": 0, ""NoDocbcCost"": 0, ""GenHlth"": 0, ""MentHlth"": 0, ""PhysHlth"": 0, ""DiffWalk"": 0, ""Sex"": 0, ""Age"": 0, ""Education"": 0, ""Income"": 0}",46.06601719997707,42.53125,7135232,805706,805706,6445648,3222824,10,cpu,1,2.14.1+cu130,d52d239,41.04545454545455,21.045454545454547,0.0
L2,moderate,3,2000,k6_128_64_9,nn,"[128, 64]",ReLU,,2000,1600,50736,50,0,2959222598,717861015,-16.06852725348789,0.0163817569227809,0,0.652475559760328,"{""Diabetes_binary"": -0.3334786295890808, ""HighBP"": -0.5845382809638977, ""HighChol"": -0.6751074194908142, ""CholCheck"": -0.1551307737827301, ""BMI"": -1.1465487480163574, ""Smoker"": -0.6871767640113831, ""Stroke"": -0.16462919116020203, ""HeartDiseaseorAttack"": -0.2838851809501648, ""PhysActivity"": -0.558845579624176, ""Fruits"": -0.6577749252319336, ""Veggies"": -0.4873526096343994, ""HvyAlcoholConsump"": -0.22145290672779083, ""AnyHealthcare"": -0.1885354220867157, ""NoDocbcCost"": -0.25812828540802, ""GenHlth"": -1.351234793663025, ""MentHlth"": -0.8316815495491028, ""PhysHlth"": -0.9696629047393799, ""DiffWalk"": -0.41671624779701233, ""Sex"": -0.6857730746269226, ""Age"": -2.4582951068878174, ""Education"": -1.261389970779419, ""Income"": -1.6911888122558594}","{""HvyAlcoholConsump"": 0.0, ""PhysHlth"": 0.01683222958057395, ""Sex"": 0.0, ""Diabetes_binary"": 0.5747398297067171, ""HighBP"": 0.0988647114474929, ""Income"": 0.007016713970356354, ""Age"": 0.0, ""GenHlth"": 0.22122358877325765, ""BMI"": 0.0, ""PhysActivity"": 0.0, ""DiffWalk"": 0.00037448754336171555, ""MentHlth"": 0.02270577105014191, ""AnyHealthcare"": 0.0, ""NoDocbcCost"": 0.0, ""CholCheck"": 0.0, ""HeartDiseaseorAttack"": 0.001596499526963103, ""HighChol"": 0.0, ""Stroke"": 0.0008278145695364238, ""Fruits"": 0.0, ""Veggies"": 0.0, ""Education"": 0.0, ""Smoker"": 0.0}","{""Diabetes_binary"": 0, ""HighBP"": 0, ""HighChol"": 0, ""CholCheck"": 0, ""BMI"": 0, ""Smoker"": 0, ""Stroke"": 0, ""HeartDiseaseorAttack"": 0, ""PhysActivity"": 0, ""Fruits"": 0, ""Veggies"": 0, ""HvyAlcoholConsump"": 0, ""AnyHealthcare"": 0, ""NoDocbcCost"": 0, ""GenHlth"": 0, ""MentHlth"": 0, ""PhysHlth"": 0, ""DiffWalk"": 0, ""Sex"": 0, ""Age"": 0, ""Education"": 0, ""Income"": 0}",75.49843929999042,71.203125,-105857024,222666,222666,1781328,890664,10,cpu,1,2.14.1+cu130,d52d239,95.3181818181818,45.31818181818182,0.0
L2,moderate,3,10000,mle,mle,,,,10000,10000,50736,50,0,364244828,1447178216,-22.935035259383483,0.0684740039128371,13610,0.2658467360454115,"{""Diabetes_binary"": -2.167333132695504, ""HighBP"": -1.0656645596451995, ""HighChol"": -0.6740736563397399, ""CholCheck"": -0.15468561727429095, ""BMI"": -1.1340807141620706, ""Smoker"": -0.6871121993141757, ""Stroke"": -0.1576186818262049, ""HeartDiseaseorAttack"": -0.3022990775414978, ""PhysActivity"": -0.5468276959793179, ""Fruits"": -0.6576507632838572, ""Veggies"": -0.4874117136384907, ""HvyAlcoholConsump"": -0.22018599394465127, ""AnyHealthcare"": -0.1842122307522457, ""NoDocbcCost"": -0.25692946850598475, ""GenHlth"": -4.945247388706069, ""MentHlth"": -1.1940659772740143, ""PhysHlth"": -1.217761983835668, ""DiffWalk"": -0.41508389045278454, ""Sex"": -0.6857681913443239, ""Age"": -2.4565219668528973, ""Education"": -1.2595844257803825, ""Income"": -2.0649159302341125}","{""HvyAlcoholConsump"": 0.0, ""PhysHlth"": 0.0019315673289183224, ""Sex"": 0.0, ""Diabetes_binary"": 0.22674235257016714, ""HighBP"": 0.024499369284137495, ""Income"": 0.0006504257332071902, ""Age"": 0.0, ""GenHlth"": 0.062125512456638284, ""BMI"": 0.0, ""PhysActivity"": 0.0, ""DiffWalk"": 0.0, ""MentHlth"": 0.0033309681488489437, ""AnyHealthcare"": 0.0, ""NoDocbcCost"": 0.0, ""CholCheck"": 0.0, ""HeartDiseaseorAttack"": 0.00035477767265846736, ""HighChol"": 0.0, ""Stroke"": 0.0, ""Fruits"": 0.0, ""Veggies"": 0.0, ""Education"": 0.0, ""Smoker"": 0.0}","{""Diabetes_binary"": 3485, ""HighBP"": 926, ""HighChol"": 0, ""CholCheck"": 0, ""BMI"": 0, ""Smoker"": 0, ""Stroke"": 0, ""HeartDiseaseorAttack"": 58, ""PhysActivity"": 0, ""Fruits"": 0, ""Veggies"": 0, ""HvyAlcoholConsump"": 0, ""AnyHealthcare"": 0, ""NoDocbcCost"": 0, ""GenHlth"": 7127, ""MentHlth"": 722, ""PhysHlth"": 513, ""DiffWalk"": 2, ""Sex"": 0, ""Age"": 0, ""Education"": 0, ""Income"": 777}",0.3553578999999445,0.359375,106496,81983,49496,655864,655864,10,cpu,1,2.14.1+cu130,d52d239,,,
L2,moderate,3,10000,dirichlet_0.5,dirichlet,,,0.5,10000,10000,50736,50,0,364244828,1447178216,-16.294381901725078,0.0169594196158924,0,0.2658467360454115,"{""Diabetes_binary"": -0.4618330872223157, ""HighBP"": -0.6026867713083818, ""HighChol"": -0.6740304132912716, ""CholCheck"": -0.15471284060424995, ""BMI"": -1.133967065274944, ""Smoker"": -0.6871122884847966, ""Stroke"": -0.15757273861895313, ""HeartDiseaseorAttack"": -0.2757433998570008, ""PhysActivity"": -0.54684655556819, ""Fruits"": -0.6576510865458702, ""Veggies"": -0.4874126318311248, ""HvyAlcoholConsump"": -0.22018384522125856, ""AnyHealthcare"": -0.18421331246470968, ""NoDocbcCost"": -0.256888991861911, ""GenHlth"": -1.459194481021785, ""MentHlth"": -0.8455815176288908, ""PhysHlth"": -0.9737159479591527, ""DiffWalk"": -0.4141375527588333, ""Sex"": -0.6857681979634946, ""Age"": -2.4565193826910554, ""Education"": -1.2595810391701705, ""Income"": -1.6990287543767175}","{""HvyAlcoholConsump"": 0.0, ""PhysHlth"": 0.0019315673289183224, ""Sex"": 0.0, ""Diabetes_binary"": 0.22674235257016714, ""HighBP"": 0.024499369284137495, ""Income"": 0.0006504257332071902, ""Age"": 0.0, ""GenHlth"": 0.062125512456638284, ""BMI"": 0.0, ""PhysActivity"": 0.0, ""DiffWalk"": 0.0, ""MentHlth"": 0.0033309681488489437, ""AnyHealthcare"": 0.0, ""NoDocbcCost"": 0.0, ""CholCheck"": 0.0, ""HeartDiseaseorAttack"": 0.00035477767265846736, ""HighChol"": 0.0, ""Stroke"": 0.0, ""Fruits"": 0.0, ""Veggies"": 0.0, ""Education"": 0.0, ""Smoker"": 0.0}","{""Diabetes_binary"": 0, ""HighBP"": 0, ""HighChol"": 0, ""CholCheck"": 0, ""BMI"": 0, ""Smoker"": 0, ""Stroke"": 0, ""HeartDiseaseorAttack"": 0, ""PhysActivity"": 0, ""Fruits"": 0, ""Veggies"": 0, ""HvyAlcoholConsump"": 0, ""AnyHealthcare"": 0, ""NoDocbcCost"": 0, ""GenHlth"": 0, ""MentHlth"": 0, ""PhysHlth"": 0, ""DiffWalk"": 0, ""Sex"": 0, ""Age"": 0, ""Education"": 0, ""Income"": 0}",1.1272999000211712,1.109375,3006464,81983,49496,655864,655864,10,cpu,1,2.14.1+cu130,d52d239,,,
L2,moderate,3,10000,nn_linear,nn,[],linear,,10000,8000,50736,50,0,364244828,1447178216,-15.95611709422267,0.016312681519124,0,0.2658467360454115,"{""Diabetes_binary"": -0.3243524134159088, ""HighBP"": -0.5773788094520569, ""HighChol"": -0.6735488176345825, ""CholCheck"": -0.15422998368740082, ""BMI"": -1.1342157125473022, ""Smoker"": -0.6871413588523865, ""Stroke"": -0.15758490562438965, ""HeartDiseaseorAttack"": -0.27362391352653503, ""PhysActivity"": -0.5474620461463928, ""Fruits"": -0.6583101153373718, ""Veggies"": -0.4875653386116028, ""HvyAlcoholConsump"": -0.22015532851219177, ""AnyHealthcare"": -0.1841856837272644, ""NoDocbcCost"": -0.25679123401641846, ""GenHlth"": -1.344892978668213, ""MentHlth"": -0.8240824937820435, ""PhysHlth"": -0.9587344527244568, ""DiffWalk"": -0.4148445725440979, ""Sex"": -0.6858161687850952, ""Age"": -2.4562923908233643, ""Education"": -1.2596118450164795, ""Income"": -1.6752963066101074}","{""HvyAlcoholConsump"": 0.0, ""PhysHlth"": 0.0019315673289183224, ""Sex"": 0.0, ""Diabetes_binary"": 0.22674235257016714, ""HighBP"": 0.024499369284137495, ""Income"": 0.0006504257332071902, ""Age"": 0.0, ""GenHlth"": 0.062125512456638284, ""BMI"": 0.0, ""PhysActivity"": 0.0, ""DiffWalk"": 0.0, ""MentHlth"": 0.0033309681488489437, ""AnyHealthcare"": 0.0, ""NoDocbcCost"": 0.0, ""CholCheck"": 0.0, ""HeartDiseaseorAttack"": 0.00035477767265846736, ""HighChol"": 0.0, ""Stroke"": 0.0, ""Fruits"": 0.0, ""Veggies"": 0.0, ""Education"": 0.0, ""Smoker"": 0.0}","{""Diabetes_binary"": 0, ""HighBP"": 0, ""HighChol"": 0, ""CholCheck"": 0, ""BMI"": 0, ""Smoker"": 0, ""Stroke"": 0, ""HeartDiseaseorAttack"": 0, ""PhysActivity"": 0, ""Fruits"": 0, ""Veggies"": 0, ""HvyAlcoholConsump"": 0, ""AnyHealthcare"": 0, ""NoDocbcCost"": 0, ""GenHlth"": 0, ""MentHlth"": 0, ""PhysHlth"": 0, ""DiffWalk"": 0, ""Sex"": 0, ""Age"": 0, ""Education"": 0, ""Income"": 0}",99.84667290002108,97.375,-21336064,946,946,7568,3784,10,cpu,1,2.14.1+cu130,d52d239,59.36363636363637,39.36363636363637,0.0
L2,moderate,3,10000,01_256x128_lr3e-4,nn,"[256, 128]",ReLU,,10000,8000,50736,50,0,364244828,1447178216,-15.958681922183674,0.0164343259421998,0,0.2658467360454115,"{""Diabetes_binary"": -0.32350480556488037, ""HighBP"": -0.5778612494468689, ""HighChol"": -0.6742451786994934, ""CholCheck"": -0.15453985333442688, ""BMI"": -1.1357390880584717, ""Smoker"": -0.6871606111526489, ""Stroke"": -0.1573340892791748, ""HeartDiseaseorAttack"": -0.2739787995815277, ""PhysActivity"": -0.5468971729278564, ""Fruits"": -0.6581901907920837, ""Veggies"": -0.48751145601272583, ""HvyAlcoholConsump"": -0.22014561295509338, ""AnyHealthcare"": -0.1841055154800415, ""NoDocbcCost"": -0.2566428780555725, ""GenHlth"": -1.3443390130996704, ""MentHlth"": -0.8249155282974243, ""PhysHlth"": -0.9582002758979797, ""DiffWalk"": -0.41474488377571106, ""Sex"": -0.6858377456665039, ""Age"": -2.456409454345703, ""Education"": -1.2599366903305054, ""Income"": -1.67644202709198}","{""HvyAlcoholConsump"": 0.0, ""PhysHlth"": 0.0019315673289183224, ""Sex"": 0.0, ""Diabetes_binary"": 0.22674235257016714, ""HighBP"": 0.024499369284137495, ""Income"": 0.0006504257332071902, ""Age"": 0.0, ""GenHlth"": 0.062125512456638284, ""BMI"": 0.0, ""PhysActivity"": 0.0, ""DiffWalk"": 0.0, ""MentHlth"": 0.0033309681488489437, ""AnyHealthcare"": 0.0, ""NoDocbcCost"": 0.0, ""CholCheck"": 0.0, ""HeartDiseaseorAttack"": 0.00035477767265846736, ""HighChol"": 0.0, ""Stroke"": 0.0, ""Fruits"": 0.0, ""Veggies"": 0.0, ""Education"": 0.0, ""Smoker"": 0.0}","{""Diabetes_binary"": 0, ""HighBP"": 0, ""HighChol"": 0, ""CholCheck"": 0, ""BMI"": 0, ""Smoker"": 0, ""Stroke"": 0, ""HeartDiseaseorAttack"": 0, ""PhysActivity"": 0, ""Fruits"": 0, ""Veggies"": 0, ""HvyAlcoholConsump"": 0, ""AnyHealthcare"": 0, ""NoDocbcCost"": 0, ""GenHlth"": 0, ""MentHlth"": 0, ""PhysHlth"": 0, ""DiffWalk"": 0, ""Sex"": 0, ""Age"": 0, ""Education"": 0, ""Income"": 0}",156.24388029999682,147.75,33800192,805706,805706,6445648,3222824,10,cpu,1,2.14.1+cu130,d52d239,30.727272727272727,10.727272727272728,0.0
L2,moderate,3,10000,k6_128_64_9,nn,"[128, 64]",ReLU,,10000,8000,50736,50,0,364244828,1447178216,-15.953465881769572,0.0163579819913449,0,0.2658467360454115,"{""Diabetes_binary"": -0.32345885038375854, ""HighBP"": -0.5774384140968323, ""HighChol"": -0.6735089421272278, ""CholCheck"": -0.15456008911132812, ""BMI"": -1.1353482007980347, ""Smoker"": -0.6871716976165771, ""Stroke"": -0.1574297994375229, ""HeartDiseaseorAttack"": -0.27415964007377625, ""PhysActivity"": -0.5468473434448242, ""Fruits"": -0.6584222316741943, ""Veggies"": -0.48755326867103577, ""HvyAlcoholConsump"": -0.22014884650707245, ""AnyHealthcare"": -0.18426606059074402, ""NoDocbcCost"": -0.2566818296909332, ""GenHlth"": -1.3428583145141602, ""MentHlth"": -0.8250772356987, ""PhysHlth"": -0.9579373002052307, ""DiffWalk"": -0.414509654045105, ""Sex"": -0.6858574748039246, ""Age"": -2.4564208984375, ""Education"": -1.2605493068695068, ""Income"": -1.6732608079910278}","{""HvyAlcoholConsump"": 0.0, ""PhysHlth"": 0.0019315673289183224, ""Sex"": 0.0, ""Diabetes_binary"": 0.22674235257016714, ""HighBP"": 0.024499369284137495, ""Income"": 0.0006504257332071902, ""Age"": 0.0, ""GenHlth"": 0.062125512456638284, ""BMI"": 0.0, ""PhysActivity"": 0.0, ""DiffWalk"": 0.0, ""MentHlth"": 0.0033309681488489437, ""AnyHealthcare"": 0.0, ""NoDocbcCost"": 0.0, ""CholCheck"": 0.0, ""HeartDiseaseorAttack"": 0.00035477767265846736, ""HighChol"": 0.0, ""Stroke"": 0.0, ""Fruits"": 0.0, ""Veggies"": 0.0, ""Education"": 0.0, ""Smoker"": 0.0}","{""Diabetes_binary"": 0, ""HighBP"": 0, ""HighChol"": 0, ""CholCheck"": 0, ""BMI"": 0, ""Smoker"": 0, ""Stroke"": 0, ""HeartDiseaseorAttack"": 0, ""PhysActivity"": 0, ""Fruits"": 0, ""Veggies"": 0, ""HvyAlcoholConsump"": 0, ""AnyHealthcare"": 0, ""NoDocbcCost"": 0, ""GenHlth"": 0, ""MentHlth"": 0, ""PhysHlth"": 0, ""DiffWalk"": 0, ""Sex"": 0, ""Age"": 0, ""Education"": 0, ""Income"": 0}",254.43642829998865,245.328125,-88764416,222666,222666,1781328,890664,10,cpu,1,2.14.1+cu130,d52d239,71.22727272727273,21.227272727272727,0.0
L2,moderate,3,50000,mle,mle,,,,50000,50000,50736,50,0,2824486376,1264435534,-18.29662573460903,0.0442968812360101,4623,0.0693787448754336,"{""Diabetes_binary"": -1.2462433048832606, ""HighBP"": -0.7103219797854492, ""HighChol"": -0.6735905493496076, ""CholCheck"": -0.15412213415174209, ""BMI"": -1.1325310735220993, ""Smoker"": -0.6870836630069631, ""Stroke"": -0.15720399344390198, ""HeartDiseaseorAttack"": -0.27728607350357837, ""PhysActivity"": -0.5463159244708387, ""Fruits"": -0.6575745292583043, ""Veggies"": -0.48735702362368377, ""HvyAlcoholConsump"": -0.22014776465438934, ""AnyHealthcare"": -0.18397869685626972, ""NoDocbcCost"": -0.25587967816432716, ""GenHlth"": -2.4895731530631533, ""MentHlth"": -0.8931784117792301, ""PhysHlth"": -0.9980686666605564, ""DiffWalk"": -0.41322534135277067, ""Sex"": -0.6857697392933082, ""Age"": -2.455839520709143, ""Education"": -1.2594899695466648, ""Income"": -1.7118445435297867}","{""HvyAlcoholConsump"": 0.0, ""PhysHlth"": 0.0, ""Sex"": 0.0, ""Diabetes_binary"": 0.05932671081677704, ""HighBP"": 0.004415011037527594, ""Income"": 0.00011825922421948912, ""Age"": 0.0, ""GenHlth"": 0.0114120151371807, ""BMI"": 0.0, ""PhysActivity"": 0.0, ""DiffWalk"": 0.0, ""MentHlth"": 0.0004927467675812047, ""AnyHealthcare"": 0.0, ""NoDocbcCost"": 0.0, ""CholCheck"": 0.0, ""HeartDiseaseorAttack"": 3.941974140649637e-05, ""HighChol"": 0.0, ""Stroke"": 0.0, ""Fruits"": 0.0, ""Veggies"": 0.0, ""Education"": 0.0, ""Smoker"": 0.0}","{""Diabetes_binary"": 1791, ""HighBP"": 253, ""HighChol"": 0, ""CholCheck"": 0, ""BMI"": 0, ""Smoker"": 0, ""Stroke"": 0, ""HeartDiseaseorAttack"": 8, ""PhysActivity"": 0, ""Fruits"": 0, ""Veggies"": 0, ""HvyAlcoholConsump"": 0, ""AnyHealthcare"": 0, ""NoDocbcCost"": 0, ""GenHlth"": 2269, ""MentHlth"": 138, ""PhysHlth"": 82, ""DiffWalk"": 0, ""Sex"": 0, ""Age"": 0, ""Education"": 0, ""Income"": 82}",0.3852463999937754,0.390625,3649536,81983,49496,655864,655864,10,cpu,1,2.14.1+cu130,d52d239,,,
L2,moderate,3,50000,dirichlet_0.5,dirichlet,,,0.5,50000,50000,50736,50,0,2824486376,1264435534,-16.05167286140037,0.0168787583037922,0,0.0693787448754336,"{""Diabetes_binary"": -0.37781541247613315, ""HighBP"": -0.5830105194426455, ""HighChol"": -0.6735896140538746, ""CholCheck"": -0.15411542436770373, ""BMI"": -1.1325297894164197, ""Smoker"": -0.6870836528466656, ""Stroke"": -0.15720000791742803, ""HeartDiseaseorAttack"": -0.273635381227783, ""PhysActivity"": -0.5463181744492294, ""Fruits"": -0.6575745311937065, ""Veggies"": -0.4873569312271747, ""HvyAlcoholConsump"": -0.2201475044366133, ""AnyHealthcare"": -0.1839767304072415, ""NoDocbcCost"": -0.2558799404577809, ""GenHlth"": -1.388799199964447, ""MentHlth"": -0.8262451802170342, ""PhysHlth"": -0.9593753438450286, ""DiffWalk"": -0.4132208233159713, ""Sex"": -0.6857697347293127, ""Age"": -2.4558395017445367, ""Education"": -1.2594869261477482, ""Income"": -1.672702537515892}","{""HvyAlcoholConsump"": 0.0, ""PhysHlth"": 0.0, ""Sex"": 0.0, ""Diabetes_binary"": 0.05932671081677704, ""HighBP"": 0.004415011037527594, ""Income"": 0.00011825922421948912, ""Age"": 0.0, ""GenHlth"": 0.0114120151371807, ""BMI"": 0.0, ""PhysActivity"": 0.0, ""DiffWalk"": 0.0, ""MentHlth"": 0.0004927467675812047, ""AnyHealthcare"": 0.0, ""NoDocbcCost"": 0.0, ""CholCheck"": 0.0, ""HeartDiseaseorAttack"": 3.941974140649637e-05, ""HighChol"": 0.0, ""Stroke"": 0.0, ""Fruits"": 0.0, ""Veggies"": 0.0, ""Education"": 0.0, ""Smoker"": 0.0}","{""Diabetes_binary"": 0, ""HighBP"": 0, ""HighChol"": 0, ""CholCheck"": 0, ""BMI"": 0, ""Smoker"": 0, ""Stroke"": 0, ""HeartDiseaseorAttack"": 0, ""PhysActivity"": 0, ""Fruits"": 0, ""Veggies"": 0, ""HvyAlcoholConsump"": 0, ""AnyHealthcare"": 0, ""NoDocbcCost"": 0, ""GenHlth"": 0, ""MentHlth"": 0, ""PhysHlth"": 0, ""DiffWalk"": 0, ""Sex"": 0, ""Age"": 0, ""Education"": 0, ""Income"": 0}",1.0795140000118408,1.078125,3923968,81983,49496,655864,655864,10,cpu,1,2.14.1+cu130,d52d239,,,
L2,moderate,3,full,mle,mle,,,,202944,202944,50736,50,0,4233618437,1033073128,-16.61432889894254,0.0283219216453606,1362,0.0165365815200252,"{""Diabetes_binary"": -0.6548528452209409, ""HighBP"": -0.604593908777275, ""HighChol"": -0.673365082035751, ""CholCheck"": -0.15397061847615237, ""BMI"": -1.1323714944729086, ""Smoker"": -0.6870839932132353, ""Stroke"": -0.15722294572241405, ""HeartDiseaseorAttack"": -0.27328214572347004, ""PhysActivity"": -0.5462923899151397, ""Fruits"": -0.6575840515886278, ""Veggies"": -0.48736469471695454, ""HvyAlcoholConsump"": -0.22015134573921816, ""AnyHealthcare"": -0.1840063643892179, ""NoDocbcCost"": -0.2558710568900306, ""GenHlth"": -1.6310096420921443, ""MentHlth"": -0.8465287354717643, ""PhysHlth"": -0.9599021930760848, ""DiffWalk"": -0.4129748834813355, ""Sex"": -0.6857712753125436, ""Age"": -2.4557327148795016, ""Education"": -1.25951114293391, ""Income"": -1.674885374813918}","{""HvyAlcoholConsump"": 0.0, ""PhysHlth"": 0.0, ""Sex"": 0.0, ""Diabetes_binary"": 0.014309366130558183, ""HighBP"": 0.0005124566382844529, ""Income"": 0.0, ""Age"": 0.0, ""GenHlth"": 0.0025031535793125195, ""BMI"": 0.0, ""PhysActivity"": 0.0, ""DiffWalk"": 0.0, ""MentHlth"": 1.9709870703248187e-05, ""AnyHealthcare"": 0.0, ""NoDocbcCost"": 0.0, ""CholCheck"": 0.0, ""HeartDiseaseorAttack"": 0.0, ""HighChol"": 0.0, ""Stroke"": 0.0, ""Fruits"": 0.0, ""Veggies"": 0.0, ""Education"": 0.0, ""Smoker"": 0.0}","{""Diabetes_binary"": 653, ""HighBP"": 56, ""HighChol"": 0, ""CholCheck"": 0, ""BMI"": 0, ""Smoker"": 0, ""Stroke"": 0, ""HeartDiseaseorAttack"": 0, ""PhysActivity"": 0, ""Fruits"": 0, ""Veggies"": 0, ""HvyAlcoholConsump"": 0, ""AnyHealthcare"": 0, ""NoDocbcCost"": 0, ""GenHlth"": 574, ""MentHlth"": 49, ""PhysHlth"": 10, ""DiffWalk"": 0, ""Sex"": 0, ""Age"": 0, ""Education"": 0, ""Income"": 20}",0.682953700015787,0.671875,32768,81983,49496,655864,655864,10,cpu,1,2.14.1+cu130,d52d239,,,
L2,moderate,3,full,dirichlet_0.5,dirichlet,,,0.5,202944,202944,50736,50,0,4233618437,1033073128,-15.95726212435379,0.0166603574742712,0,0.0165365815200252,"{""Diabetes_binary"": -0.3409235317417853, ""HighBP"": -0.5767124950653312, ""HighChol"": -0.6733649900930954, ""CholCheck"": -0.15397058507474395, ""BMI"": -1.1323725557064086, ""Smoker"": -0.6870839906656279, ""Stroke"": -0.1572229563408198, ""HeartDiseaseorAttack"": -0.27328354471950883, ""PhysActivity"": -0.5462929615554941, ""Fruits"": -0.657584045553501, ""Veggies"": -0.48736466714066434, ""HvyAlcoholConsump"": -0.22015127647439964, ""AnyHealthcare"": -0.1840061045556737, ""NoDocbcCost"": -0.2558712142168282, ""GenHlth"": -1.353542189265295, ""MentHlth"": -0.822922430373324, ""PhysHlth"": -0.9552756850550879, ""DiffWalk"": -0.4129750628162157, ""Sex"": -0.6857712768108374, ""Age"": -2.455732839123094, ""Education"": -1.259511092730871, ""Income"": -1.6653266292751816}","{""HvyAlcoholConsump"": 0.0, ""PhysHlth"": 0.0, ""Sex"": 0.0, ""Diabetes_binary"": 0.014309366130558183, ""HighBP"": 0.0005124566382844529, ""Income"": 0.0, ""Age"": 0.0, ""GenHlth"": 0.0025031535793125195, ""BMI"": 0.0, ""PhysActivity"": 0.0, ""DiffWalk"": 0.0, ""MentHlth"": 1.9709870703248187e-05, ""AnyHealthcare"": 0.0, ""NoDocbcCost"": 0.0, ""CholCheck"": 0.0, ""HeartDiseaseorAttack"": 0.0, ""HighChol"": 0.0, ""Stroke"": 0.0, ""Fruits"": 0.0, ""Veggies"": 0.0, ""Education"": 0.0, ""Smoker"": 0.0}","{""Diabetes_binary"": 0, ""HighBP"": 0, ""HighChol"": 0, ""CholCheck"": 0, ""BMI"": 0, ""Smoker"": 0, ""Stroke"": 0, ""HeartDiseaseorAttack"": 0, ""PhysActivity"": 0, ""Fruits"": 0, ""Veggies"": 0, ""HvyAlcoholConsump"": 0, ""AnyHealthcare"": 0, ""NoDocbcCost"": 0, ""GenHlth"": 0, ""MentHlth"": 0, ""PhysHlth"": 0, ""DiffWalk"": 0, ""Sex"": 0, ""Age"": 0, ""Education"": 0, ""Income"": 0}",1.4261000000115018,1.40625,946176,81983,49496,655864,655864,10,cpu,1,2.14.1+cu130,d52d239,,,
L2,moderate,2,500,mle,mle,,,,500,500,50736,50,0,320081029,2669689818,-42.47424364071929,0.1166194643763777,51716,0.9184799747713654,"{""Diabetes_binary"": -1.1344401901888919, ""HighBP"": -3.5476081331565505, ""HighChol"": -0.785311194464317, ""CholCheck"": -0.37994527585943294, ""BMI"": -1.3496045064059583, ""Smoker"": -0.6865119649946375, ""Stroke"": -0.2552370769582336, ""HeartDiseaseorAttack"": -0.748287962500507, ""PhysActivity"": -0.5681374027496463, ""Fruits"": -0.6571594535154548, ""Veggies"": -0.487457883426353, ""HvyAlcoholConsump"": -0.22180028647244276, ""AnyHealthcare"": -0.1888974923244566, ""NoDocbcCost"": -0.5229594232993461, ""GenHlth"": -7.395498082399199, ""MentHlth"": -4.156767975392832, ""PhysHlth"": -5.287899711636636, ""DiffWalk"": -0.5618917523067061, ""Sex"": -0.6898826882456336, ""Age"": -2.465350514255563, ""Education"": -1.2636384676679737, ""Income"": -9.119956202498523}","{""HvyAlcoholConsump"": 0.0, ""PhysHlth"": 0.07637574897508673, ""Sex"": 0.0, ""Diabetes_binary"": 0.848549353516241, ""HighBP"": 0.3093858404288868, ""Income"": 0.039202932828760646, ""Age"": 0.0, ""GenHlth"": 0.48712945443077893, ""BMI"": 0.0, ""PhysActivity"": 0.0, ""DiffWalk"": 0.0021680857773573006, ""MentHlth"": 0.08684169031851151, ""AnyHealthcare"": 0.0, ""NoDocbcCost"": 0.0, ""CholCheck"": 0.0, ""HeartDiseaseorAttack"": 0.035931094292021445, ""HighChol"": 0.008711762850835698, ""Stroke"": 0.0, ""Fruits"": 0.0, ""Veggies"": 0.0, ""Education"": 0.0, ""Smoker"": 0.0}","{""Diabetes_binary"": 1000, ""HighBP"": 5684, ""HighChol"": 187, ""CholCheck"": 465, ""BMI"": 390, ""Smoker"": 0, ""Stroke"": 211, ""HeartDiseaseorAttack"": 908, ""PhysActivity"": 0, ""Fruits"": 0, ""Veggies"": 0, ""HvyAlcoholConsump"": 0, ""AnyHealthcare"": 0, ""NoDocbcCost"": 509, ""GenHlth"": 11723, ""MentHlth"": 6670, ""PhysHlth"": 8550, ""DiffWalk"": 261, ""Sex"": 0, ""Age"": 0, ""Education"": 0, ""Income"": 15158}",0.4948545999941416,0.46875,348160,81983,49496,655864,655864,10,cpu,1,2.14.1+cu130,d52d239,,,
L2,moderate,2,500,dirichlet_0.5,dirichlet,,,0.5,500,500,50736,50,0,320081029,2669689818,-17.279588317243743,0.0158653134887977,0,0.9184799747713654,"{""Diabetes_binary"": -0.6523451001151978, ""HighBP"": -0.6732361892028995, ""HighChol"": -0.6903657167622309, ""CholCheck"": -0.16026272010999124, ""BMI"": -1.1760046082243818, ""Smoker"": -0.6865006875949462, ""Stroke"": -0.1572060534654011, ""HeartDiseaseorAttack"": -0.3172840929901066, ""PhysActivity"": -0.5668500102991337, ""Fruits"": -0.6571611174252275, ""Veggies"": -0.4874714383152479, ""HvyAlcoholConsump"": -0.2212000387062882, ""AnyHealthcare"": -0.19022659709342654, ""NoDocbcCost"": -0.2806671120872894, ""GenHlth"": -1.5853843220068446, ""MentHlth"": -0.9373522674322678, ""PhysHlth"": -1.118341881114667, ""DiffWalk"": -0.43118779918059136, ""Sex"": -0.6898881878522417, ""Age"": -2.465514188774798, ""Education"": -1.2636364024965647, ""Income"": -1.8715017859939995}","{""HvyAlcoholConsump"": 0.0, ""PhysHlth"": 0.07637574897508673, ""Sex"": 0.0, ""Diabetes_binary"": 0.848549353516241, ""HighBP"": 0.3093858404288868, ""Income"": 0.039202932828760646, ""Age"": 0.0, ""GenHlth"": 0.48712945443077893, ""BMI"": 0.0, ""PhysActivity"": 0.0, ""DiffWalk"": 0.0021680857773573006, ""MentHlth"": 0.08684169031851151, ""AnyHealthcare"": 0.0, ""NoDocbcCost"": 0.0, ""CholCheck"": 0.0, ""HeartDiseaseorAttack"": 0.035931094292021445, ""HighChol"": 0.008711762850835698, ""Stroke"": 0.0, ""Fruits"": 0.0, ""Veggies"": 0.0, ""Education"": 0.0, ""Smoker"": 0.0}","{""Diabetes_binary"": 0, ""HighBP"": 0, ""HighChol"": 0, ""CholCheck"": 0, ""BMI"": 0, ""Smoker"": 0, ""Stroke"": 0, ""HeartDiseaseorAttack"": 0, ""PhysActivity"": 0, ""Fruits"": 0, ""Veggies"": 0, ""HvyAlcoholConsump"": 0, ""AnyHealthcare"": 0, ""NoDocbcCost"": 0, ""GenHlth"": 0, ""MentHlth"": 0, ""PhysHlth"": 0, ""DiffWalk"": 0, ""Sex"": 0, ""Age"": 0, ""Education"": 0, ""Income"": 0}",1.6182380999962334,1.515625,8790016,81983,49496,655864,655864,10,cpu,1,2.14.1+cu130,d52d239,,,
L2,moderate,2,500,nn_linear,nn,[],linear,,500,400,50736,50,0,320081029,2669689818,-16.4578112974284,0.0155725746359221,0,0.9184799747713654,"{""Diabetes_binary"": -0.335247665643692, ""HighBP"": -0.5945191383361816, ""HighChol"": -0.6791045665740967, ""CholCheck"": -0.15972021222114563, ""BMI"": -1.1738262176513672, ""Smoker"": -0.6862159967422485, ""Stroke"": -0.16041269898414612, ""HeartDiseaseorAttack"": -0.2870626151561737, ""PhysActivity"": -0.5648565888404846, ""Fruits"": -0.6583926677703857, ""Veggies"": -0.5219716429710388, ""HvyAlcoholConsump"": -0.21583819389343262, ""AnyHealthcare"": -0.20158657431602478, ""NoDocbcCost"": -0.2704037129878998, ""GenHlth"": -1.4001867771148682, ""MentHlth"": -0.8484301567077637, ""PhysHlth"": -0.9973055124282837, ""DiffWalk"": -0.42673495411872864, ""Sex"": -0.6897295117378235, ""Age"": -2.5004937648773193, ""Education"": -1.3353923559188843, ""Income"": -1.7503795623779297}","{""HvyAlcoholConsump"": 0.0, ""PhysHlth"": 0.07637574897508673, ""Sex"": 0.0, ""Diabetes_binary"": 0.848549353516241, ""HighBP"": 0.3093858404288868, ""Income"": 0.039202932828760646, ""Age"": 0.0, ""GenHlth"": 0.48712945443077893, ""BMI"": 0.0, ""PhysActivity"": 0.0, ""DiffWalk"": 0.0021680857773573006, ""MentHlth"": 0.08684169031851151, ""AnyHealthcare"": 0.0, ""NoDocbcCost"": 0.0, ""CholCheck"": 0.0, ""HeartDiseaseorAttack"": 0.035931094292021445, ""HighChol"": 0.008711762850835698, ""Stroke"": 0.0, ""Fruits"": 0.0, ""Veggies"": 0.0, ""Education"": 0.0, ""Smoker"": 0.0}","{""Diabetes_binary"": 0, ""HighBP"": 0, ""HighChol"": 0, ""CholCheck"": 0, ""BMI"": 0, ""Smoker"": 0, ""Stroke"": 0, ""HeartDiseaseorAttack"": 0, ""PhysActivity"": 0, ""Fruits"": 0, ""Veggies"": 0, ""HvyAlcoholConsump"": 0, ""AnyHealthcare"": 0, ""NoDocbcCost"": 0, ""GenHlth"": 0, ""MentHlth"": 0, ""PhysHlth"": 0, ""DiffWalk"": 0, ""Sex"": 0, ""Age"": 0, ""Education"": 0, ""Income"": 0}",20.48712139998679,19.515625,-56676352,946,946,7568,3784,10,cpu,1,2.14.1+cu130,d52d239,173.95454545454547,163.77272727272728,0.5909090909090909
L2,moderate,2,500,01_256x128_lr3e-4,nn,"[256, 128]",ReLU,,500,400,50736,50,0,320081029,2669689818,-16.343081634902457,0.017745212319514,0,0.9184799747713654,"{""Diabetes_binary"": -0.33662843704223633, ""HighBP"": -0.6141858100891113, ""HighChol"": -0.6808736324310303, ""CholCheck"": -0.1612909883260727, ""BMI"": -1.154807448387146, ""Smoker"": -0.6897376775741577, ""Stroke"": -0.16414162516593933, ""HeartDiseaseorAttack"": -0.2842191159725189, ""PhysActivity"": -0.5573663711547852, ""Fruits"": -0.6585682034492493, ""Veggies"": -0.48855188488960266, ""HvyAlcoholConsump"": -0.22252628207206726, ""AnyHealthcare"": -0.1894623190164566, ""NoDocbcCost"": -0.28094178438186646, ""GenHlth"": -1.405135154724121, ""MentHlth"": -0.8579234480857849, ""PhysHlth"": -1.0037322044372559, ""DiffWalk"": -0.425687313079834, ""Sex"": -0.6934338808059692, ""Age"": -2.479497194290161, ""Education"": -1.2680555582046509, ""Income"": -1.7263152599334717}","{""HvyAlcoholConsump"": 0.0, ""PhysHlth"": 0.07637574897508673, ""Sex"": 0.0, ""Diabetes_binary"": 0.848549353516241, ""HighBP"": 0.3093858404288868, ""Income"": 0.039202932828760646, ""Age"": 0.0, ""GenHlth"": 0.48712945443077893, ""BMI"": 0.0, ""PhysActivity"": 0.0, ""DiffWalk"": 0.0021680857773573006, ""MentHlth"": 0.08684169031851151, ""AnyHealthcare"": 0.0, ""NoDocbcCost"": 0.0, ""CholCheck"": 0.0, ""HeartDiseaseorAttack"": 0.035931094292021445, ""HighChol"": 0.008711762850835698, ""Stroke"": 0.0, ""Fruits"": 0.0, ""Veggies"": 0.0, ""Education"": 0.0, ""Smoker"": 0.0}","{""Diabetes_binary"": 0, ""HighBP"": 0, ""HighChol"": 0, ""CholCheck"": 0, ""BMI"": 0, ""Smoker"": 0, ""Stroke"": 0, ""HeartDiseaseorAttack"": 0, ""PhysActivity"": 0, ""Fruits"": 0, ""Veggies"": 0, ""HvyAlcoholConsump"": 0, ""AnyHealthcare"": 0, ""NoDocbcCost"": 0, ""GenHlth"": 0, ""MentHlth"": 0, ""PhysHlth"": 0, ""DiffWalk"": 0, ""Sex"": 0, ""Age"": 0, ""Education"": 0, ""Income"": 0}",15.658875699999044,14.890625,-946176,805706,805706,6445648,3222824,10,cpu,1,2.14.1+cu130,d52d239,57.31818181818182,37.31818181818182,0.0
L2,moderate,2,500,k6_128_64_9,nn,"[128, 64]",ReLU,,500,400,50736,50,0,320081029,2669689818,-16.34137043698353,0.0173531442865169,0,0.9184799747713654,"{""Diabetes_binary"": -0.33817607164382935, ""HighBP"": -0.6044247150421143, ""HighChol"": -0.6836918592453003, ""CholCheck"": -0.16037923097610474, ""BMI"": -1.1531281471252441, ""Smoker"": -0.6879584193229675, ""Stroke"": -0.16674143075942993, ""HeartDiseaseorAttack"": -0.28786206245422363, ""PhysActivity"": -0.5579286813735962, ""Fruits"": -0.6579193472862244, ""Veggies"": -0.48854655027389526, ""HvyAlcoholConsump"": -0.22467933595180511, ""AnyHealthcare"": -0.19025477766990662, ""NoDocbcCost"": -0.2819065749645233, ""GenHlth"": -1.397704839706421, ""MentHlth"": -0.8610281944274902, ""PhysHlth"": -0.998004674911499, ""DiffWalk"": -0.4244175851345062, ""Sex"": -0.6932129263877869, ""Age"": -2.4929964542388916, ""Education"": -1.2656077146530151, ""Income"": -1.7248008251190186}","{""HvyAlcoholConsump"": 0.0, ""PhysHlth"": 0.07637574897508673, ""Sex"": 0.0, ""Diabetes_binary"": 0.848549353516241, ""HighBP"": 0.3093858404288868, ""Income"": 0.039202932828760646, ""Age"": 0.0, ""GenHlth"": 0.48712945443077893, ""BMI"": 0.0, ""PhysActivity"": 0.0, ""DiffWalk"": 0.0021680857773573006, ""MentHlth"": 0.08684169031851151, ""AnyHealthcare"": 0.0, ""NoDocbcCost"": 0.0, ""CholCheck"": 0.0, ""HeartDiseaseorAttack"": 0.035931094292021445, ""HighChol"": 0.008711762850835698, ""Stroke"": 0.0, ""Fruits"": 0.0, ""Veggies"": 0.0, ""Education"": 0.0, ""Smoker"": 0.0}","{""Diabetes_binary"": 0, ""HighBP"": 0, ""HighChol"": 0, ""CholCheck"": 0, ""BMI"": 0, ""Smoker"": 0, ""Stroke"": 0, ""HeartDiseaseorAttack"": 0, ""PhysActivity"": 0, ""Fruits"": 0, ""Veggies"": 0, ""HvyAlcoholConsump"": 0, ""AnyHealthcare"": 0, ""NoDocbcCost"": 0, ""GenHlth"": 0, ""MentHlth"": 0, ""PhysHlth"": 0, ""DiffWalk"": 0, ""Sex"": 0, ""Age"": 0, ""Education"": 0, ""Income"": 0}",31.68898480001372,30.453125,-135036928,222666,222666,1781328,890664,10,cpu,1,2.14.1+cu130,d52d239,115.95454545454544,65.95454545454545,0.0
L2,moderate,2,2000,mle,mle,,,,2000,2000,50736,50,0,3328731042,1954025543,-31.47663455353528,0.0951914358275274,30215,0.6610296436455377,"{""Diabetes_binary"": -1.8229726965674267, ""HighBP"": -2.3932068276700917, ""HighChol"": -0.6781098304743848, ""CholCheck"": -0.22929215895403818, ""BMI"": -1.1628796769726342, ""Smoker"": -0.6859478373369304, ""Stroke"": -0.16930916258779583, ""HeartDiseaseorAttack"": -0.39847355054701444, ""PhysActivity"": -0.555154540980762, ""Fruits"": -0.6575619498996798, ""Veggies"": -0.48747365252829916, ""HvyAlcoholConsump"": -0.21583362339924458, ""AnyHealthcare"": -0.18576492241615067, ""NoDocbcCost"": -0.26384238651117, ""GenHlth"": -8.010849203011091, ""MentHlth"": -2.4991699772191196, ""PhysHlth"": -2.2190866958906645, ""DiffWalk"": -0.48485668165655055, ""Sex"": -0.6889961247100744, ""Age"": -2.4607237003938294, ""Education"": -1.2598301322185599, ""Income"": -3.9472992215897618}","{""HvyAlcoholConsump"": 0.0, ""PhysHlth"": 0.012220119836013876, ""Sex"": 0.0, ""Diabetes_binary"": 0.5765137180700095, ""HighBP"": 0.10702459791863765, ""Income"": 0.005912961210974456, ""Age"": 0.0, ""GenHlth"": 0.22520498265531377, ""BMI"": 0.0, ""PhysActivity"": 0.0, ""DiffWalk"": 0.0003350678019552192, ""MentHlth"": 0.02294228949858089, ""AnyHealthcare"": 0.0, ""NoDocbcCost"": 0.0, ""CholCheck"": 0.0, ""HeartDiseaseorAttack"": 0.0031141595711132136, ""HighChol"": 0.0, ""Stroke"": 0.0, ""Fruits"": 0.0, ""Veggies"": 0.0, ""Education"": 0.0, ""Smoker"": 0.0}","{""Diabetes_binary"": 2577, ""HighBP"": 3488, ""HighChol"": 0, ""CholCheck"": 143, ""BMI"": 46, ""Smoker"": 0, ""Stroke"": 39, ""HeartDiseaseorAttack"": 218, ""PhysActivity"": 0, ""Fruits"": 0, ""Veggies"": 0, ""HvyAlcoholConsump"": 0, ""AnyHealthcare"": 0, ""NoDocbcCost"": 0, ""GenHlth"": 13146, ""MentHlth"": 3338, ""PhysHlth"": 2470, ""DiffWalk"": 128, ""Sex"": 0, ""Age"": 0, ""Education"": 0, ""Income"": 4622}",0.513360199984163,0.484375,49152,81983,49496,655864,655864,10,cpu,1,2.14.1+cu130,d52d239,,,
L2,moderate,2,2000,dirichlet_0.5,dirichlet,,,0.5,2000,2000,50736,50,0,3328731042,1954025543,-16.74363326644177,0.0168694528562249,0,0.6610296436455377,"{""Diabetes_binary"": -0.5724250662805004, ""HighBP"": -0.6404964798812658, ""HighChol"": -0.6779868967674073, ""CholCheck"": -0.16328582113598286, ""BMI"": -1.1428865471332703, ""Smoker"": -0.6859485217672519, ""Stroke"": -0.15118700658344345, ""HeartDiseaseorAttack"": -0.2926888861196302, ""PhysActivity"": -0.5550506584042708, ""Fruits"": -0.6575575672282651, ""Veggies"": -0.4874697926221814, ""HvyAlcoholConsump"": -0.2158138205924421, ""AnyHealthcare"": -0.18614254340866887, ""NoDocbcCost"": -0.2631473275232915, ""GenHlth"": -1.5345223432163118, ""MentHlth"": -0.8904997015972332, ""PhysHlth"": -1.0330959977042242, ""DiffWalk"": -0.422210749590447, ""Sex"": -0.6889977392597613, ""Age"": -2.4607496302325673, ""Education"": -1.259936507655059, ""Income"": -1.7615336617382924}","{""HvyAlcoholConsump"": 0.0, ""PhysHlth"": 0.012220119836013876, ""Sex"": 0.0, ""Diabetes_binary"": 0.5765137180700095, ""HighBP"": 0.10702459791863765, ""Income"": 0.005912961210974456, ""Age"": 0.0, ""GenHlth"": 0.22520498265531377, ""BMI"": 0.0, ""PhysActivity"": 0.0, ""DiffWalk"": 0.0003350678019552192, ""MentHlth"": 0.02294228949858089, ""AnyHealthcare"": 0.0, ""NoDocbcCost"": 0.0, ""CholCheck"": 0.0, ""HeartDiseaseorAttack"": 0.0031141595711132136, ""HighChol"": 0.0, ""Stroke"": 0.0, ""Fruits"": 0.0, ""Veggies"": 0.0, ""Education"": 0.0, ""Smoker"": 0.0}","{""Diabetes_binary"": 0, ""HighBP"": 0, ""HighChol"": 0, ""CholCheck"": 0, ""BMI"": 0, ""Smoker"": 0, ""Stroke"": 0, ""HeartDiseaseorAttack"": 0, ""PhysActivity"": 0, ""Fruits"": 0, ""Veggies"": 0, ""HvyAlcoholConsump"": 0, ""AnyHealthcare"": 0, ""NoDocbcCost"": 0, ""GenHlth"": 0, ""MentHlth"": 0, ""PhysHlth"": 0, ""DiffWalk"": 0, ""Sex"": 0, ""Age"": 0, ""Education"": 0, ""Income"": 0}",1.3794291999947743,1.359375,3371008,81983,49496,655864,655864,10,cpu,1,2.14.1+cu130,d52d239,,,
L2,moderate,2,2000,nn_linear,nn,[],linear,,2000,1600,50736,50,0,3328731042,1954025543,-16.086120179498113,0.0166418675391708,0,0.6610296436455377,"{""Diabetes_binary"": -0.3276088833808899, ""HighBP"": -0.5800703763961792, ""HighChol"": -0.6754583716392517, ""CholCheck"": -0.15869280695915222, ""BMI"": -1.144981026649475, ""Smoker"": -0.6860121488571167, ""Stroke"": -0.15150026977062225, ""HeartDiseaseorAttack"": -0.2805389165878296, ""PhysActivity"": -0.5554367303848267, ""Fruits"": -0.657454788684845, ""Veggies"": -0.487445205450058, ""HvyAlcoholConsump"": -0.2156917303800583, ""AnyHealthcare"": -0.18677496910095215, ""NoDocbcCost"": -0.2636633813381195, ""GenHlth"": -1.364081621170044, ""MentHlth"": -0.8378114104270935, ""PhysHlth"": -0.9780949354171753, ""DiffWalk"": -0.4156934916973114, ""Sex"": -0.6909942626953125, ""Age"": -2.462517261505127, ""Education"": -1.2653979063034058, ""Income"": -1.7001993656158447}","{""HvyAlcoholConsump"": 0.0, ""PhysHlth"": 0.012220119836013876, ""Sex"": 0.0, ""Diabetes_binary"": 0.5765137180700095, ""HighBP"": 0.10702459791863765, ""Income"": 0.005912961210974456, ""Age"": 0.0, ""GenHlth"": 0.22520498265531377, ""BMI"": 0.0, ""PhysActivity"": 0.0, ""DiffWalk"": 0.0003350678019552192, ""MentHlth"": 0.02294228949858089, ""AnyHealthcare"": 0.0, ""NoDocbcCost"": 0.0, ""CholCheck"": 0.0, ""HeartDiseaseorAttack"": 0.0031141595711132136, ""HighChol"": 0.0, ""Stroke"": 0.0, ""Fruits"": 0.0, ""Veggies"": 0.0, ""Education"": 0.0, ""Smoker"": 0.0}","{""Diabetes_binary"": 0, ""HighBP"": 0, ""HighChol"": 0, ""CholCheck"": 0, ""BMI"": 0, ""Smoker"": 0, ""Stroke"": 0, ""HeartDiseaseorAttack"": 0, ""PhysActivity"": 0, ""Fruits"": 0, ""Veggies"": 0, ""HvyAlcoholConsump"": 0, ""AnyHealthcare"": 0, ""NoDocbcCost"": 0, ""GenHlth"": 0, ""MentHlth"": 0, ""PhysHlth"": 0, ""DiffWalk"": 0, ""Sex"": 0, ""Age"": 0, ""Education"": 0, ""Income"": 0}",44.31949299998814,42.734375,-54829056,946,946,7568,3784,10,cpu,1,2.14.1+cu130,d52d239,121.8181818181818,104.1818181818182,0.1818181818181818
L2,moderate,2,2000,01_256x128_lr3e-4,nn,"[256, 128]",ReLU,,2000,1600,50736,50,0,3328731042,1954025543,-16.08374254244339,0.0169575807543433,0,0.6610296436455377,"{""Diabetes_binary"": -0.32793769240379333, ""HighBP"": -0.5843449831008911, ""HighChol"": -0.6763389706611633, ""CholCheck"": -0.15876995027065277, ""BMI"": -1.1448860168457031, ""Smoker"": -0.6859196424484253, ""Stroke"": -0.15172839164733887, ""HeartDiseaseorAttack"": -0.2815346121788025, ""PhysActivity"": -0.5556508898735046, ""Fruits"": -0.6574426293373108, ""Veggies"": -0.4876362085342407, ""HvyAlcoholConsump"": -0.21639478206634521, ""AnyHealthcare"": -0.186686173081398, ""NoDocbcCost"": -0.2677655518054962, ""GenHlth"": -1.3575286865234375, ""MentHlth"": -0.8388317823410034, ""PhysHlth"": -0.9763439893722534, ""DiffWalk"": -0.4171665608882904, ""Sex"": -0.6913545727729797, ""Age"": -2.461848258972168, ""Education"": -1.2605390548706055, ""Income"": -1.697092890739441}","{""HvyAlcoholConsump"": 0.0, ""PhysHlth"": 0.012220119836013876, ""Sex"": 0.0, ""Diabetes_binary"": 0.5765137180700095, ""HighBP"": 0.10702459791863765, ""Income"": 0.005912961210974456, ""Age"": 0.0, ""GenHlth"": 0.22520498265531377, ""BMI"": 0.0, ""PhysActivity"": 0.0, ""DiffWalk"": 0.0003350678019552192, ""MentHlth"": 0.02294228949858089, ""AnyHealthcare"": 0.0, ""NoDocbcCost"": 0.0, ""CholCheck"": 0.0, ""HeartDiseaseorAttack"": 0.0031141595711132136, ""HighChol"": 0.0, ""Stroke"": 0.0, ""Fruits"": 0.0, ""Veggies"": 0.0, ""Education"": 0.0, ""Smoker"": 0.0}","{""Diabetes_binary"": 0, ""HighBP"": 0, ""HighChol"": 0, ""CholCheck"": 0, ""BMI"": 0, ""Smoker"": 0, ""Stroke"": 0, ""HeartDiseaseorAttack"": 0, ""PhysActivity"": 0, ""Fruits"": 0, ""Veggies"": 0, ""HvyAlcoholConsump"": 0, ""AnyHealthcare"": 0, ""NoDocbcCost"": 0, ""GenHlth"": 0, ""MentHlth"": 0, ""PhysHlth"": 0, ""DiffWalk"": 0, ""Sex"": 0, ""Age"": 0, ""Education"": 0, ""Income"": 0}",40.26878889999352,37.03125,864256,805706,805706,6445648,3222824,10,cpu,1,2.14.1+cu130,d52d239,39.27272727272727,19.27272727272728,0.0
L2,moderate,2,2000,k6_128_64_9,nn,"[128, 64]",ReLU,,2000,1600,50736,50,0,3328731042,1954025543,-16.060842573418537,0.0168848697813285,0,0.6610296436455377,"{""Diabetes_binary"": -0.3288847506046295, ""HighBP"": -0.5843544602394104, ""HighChol"": -0.6760866641998291, ""CholCheck"": -0.15852102637290955, ""BMI"": -1.1422641277313232, ""Smoker"": -0.6858691573143005, ""Stroke"": -0.15177956223487854, ""HeartDiseaseorAttack"": -0.2811383605003357, ""PhysActivity"": -0.5547159314155579, ""Fruits"": -0.6574361324310303, ""Veggies"": -0.48786109685897827, ""HvyAlcoholConsump"": -0.21593375504016876, ""AnyHealthcare"": -0.18652655184268951, ""NoDocbcCost"": -0.26528242230415344, ""GenHlth"": -1.354465126991272, ""MentHlth"": -0.8346129059791565, ""PhysHlth"": -0.9750065207481384, ""DiffWalk"": -0.4176165759563446, ""Sex"": -0.6911729574203491, ""Age"": -2.4620444774627686, ""Education"": -1.2603235244750977, ""Income"": -1.6889464855194092}","{""HvyAlcoholConsump"": 0.0, ""PhysHlth"": 0.012220119836013876, ""Sex"": 0.0, ""Diabetes_binary"": 0.5765137180700095, ""HighBP"": 0.10702459791863765, ""Income"": 0.005912961210974456, ""Age"": 0.0, ""GenHlth"": 0.22520498265531377, ""BMI"": 0.0, ""PhysActivity"": 0.0, ""DiffWalk"": 0.0003350678019552192, ""MentHlth"": 0.02294228949858089, ""AnyHealthcare"": 0.0, ""NoDocbcCost"": 0.0, ""CholCheck"": 0.0, ""HeartDiseaseorAttack"": 0.0031141595711132136, ""HighChol"": 0.0, ""Stroke"": 0.0, ""Fruits"": 0.0, ""Veggies"": 0.0, ""Education"": 0.0, ""Smoker"": 0.0}","{""Diabetes_binary"": 0, ""HighBP"": 0, ""HighChol"": 0, ""CholCheck"": 0, ""BMI"": 0, ""Smoker"": 0, ""Stroke"": 0, ""HeartDiseaseorAttack"": 0, ""PhysActivity"": 0, ""Fruits"": 0, ""Veggies"": 0, ""HvyAlcoholConsump"": 0, ""AnyHealthcare"": 0, ""NoDocbcCost"": 0, ""GenHlth"": 0, ""MentHlth"": 0, ""PhysHlth"": 0, ""DiffWalk"": 0, ""Sex"": 0, ""Age"": 0, ""Education"": 0, ""Income"": 0}",74.36111739999615,69.359375,-131604480,222666,222666,1781328,890664,10,cpu,1,2.14.1+cu130,d52d239,84.27272727272727,34.27272727272727,0.0
L2,moderate,2,10000,mle,mle,,,,10000,10000,50736,50,0,3284044321,3428092600,-23.11615627235173,0.0696616253598395,13935,0.2741248817407757,"{""Diabetes_binary"": -2.181244794948113, ""HighBP"": -1.0940880220178124, ""HighChol"": -0.672898664795184, ""CholCheck"": -0.15800507035630523, ""BMI"": -1.1378269398820018, ""Smoker"": -0.6858851431457126, ""Stroke"": -0.1508983465359539, ""HeartDiseaseorAttack"": -0.31423688142231787, ""PhysActivity"": -0.5523754750832535, ""Fruits"": -0.6572025879676119, ""Veggies"": -0.4874899763307071, ""HvyAlcoholConsump"": -0.21564152774032533, ""AnyHealthcare"": -0.18396663382662354, ""NoDocbcCost"": -0.2599029034759908, ""GenHlth"": -5.004873850520752, ""MentHlth"": -1.2844726804949846, ""PhysHlth"": -1.263612260498309, ""DiffWalk"": -0.4141075763178933, ""Sex"": -0.686368781402076, ""Age"": -2.4596448978468244, ""Education"": -1.259047116951696, ""Income"": -1.9923661407912847}","{""HvyAlcoholConsump"": 0.0, ""PhysHlth"": 0.0018724377168085778, ""Sex"": 0.0, ""Diabetes_binary"": 0.23718858404288867, ""HighBP"": 0.02270577105014191, ""Income"": 0.0010052034058656576, ""Age"": 0.0, ""GenHlth"": 0.06137653736991485, ""BMI"": 0.0, ""PhysActivity"": 0.0, ""DiffWalk"": 0.0, ""MentHlth"": 0.0036660359508041626, ""AnyHealthcare"": 0.0, ""NoDocbcCost"": 0.0, ""CholCheck"": 0.0, ""HeartDiseaseorAttack"": 1.9709870703248187e-05, ""HighChol"": 0.0, ""Stroke"": 0.0, ""Fruits"": 0.0, ""Veggies"": 0.0, ""Education"": 0.0, ""Smoker"": 0.0}","{""Diabetes_binary"": 3515, ""HighBP"": 991, ""HighChol"": 0, ""CholCheck"": 0, ""BMI"": 0, ""Smoker"": 0, ""Stroke"": 0, ""HeartDiseaseorAttack"": 69, ""PhysActivity"": 0, ""Fruits"": 0, ""Veggies"": 0, ""HvyAlcoholConsump"": 0, ""AnyHealthcare"": 0, ""NoDocbcCost"": 0, ""GenHlth"": 7247, ""MentHlth"": 900, ""PhysHlth"": 591, ""DiffWalk"": 2, ""Sex"": 0, ""Age"": 0, ""Education"": 0, ""Income"": 620}",0.4127071999828331,0.375,28672,81983,49496,655864,655864,10,cpu,1,2.14.1+cu130,d52d239,,,
L2,moderate,2,10000,dirichlet_0.5,dirichlet,,,0.5,10000,10000,50736,50,0,3284044321,3428092600,-16.31173066460939,0.0172318730547589,0,0.2741248817407757,"{""Diabetes_binary"": -0.46115307163729347, ""HighBP"": -0.5982154702428478, ""HighChol"": -0.6728817756955999, ""CholCheck"": -0.15792787849337908, ""BMI"": -1.1376467562399568, ""Smoker"": -0.685885209587188, ""Stroke"": -0.15089716838055708, ""HeartDiseaseorAttack"": -0.28230201371975683, ""PhysActivity"": -0.5523590407744784, ""Fruits"": -0.6572023098045138, ""Veggies"": -0.4874890634650682, ""HvyAlcoholConsump"": -0.21564209675115292, ""AnyHealthcare"": -0.18398442618128208, ""NoDocbcCost"": -0.25989343173458535, ""GenHlth"": -1.4590208631009902, ""MentHlth"": -0.8500752007101835, ""PhysHlth"": -0.9853079871017616, ""DiffWalk"": -0.4131000739232284, ""Sex"": -0.6863689775944675, ""Age"": -2.4596432740368512, ""Education"": -1.2590505286835412, ""Income"": -1.6956840467507053}","{""HvyAlcoholConsump"": 0.0, ""PhysHlth"": 0.0018724377168085778, ""Sex"": 0.0, ""Diabetes_binary"": 0.23718858404288867, ""HighBP"": 0.02270577105014191, ""Income"": 0.0010052034058656576, ""Age"": 0.0, ""GenHlth"": 0.06137653736991485, ""BMI"": 0.0, ""PhysActivity"": 0.0, ""DiffWalk"": 0.0, ""MentHlth"": 0.0036660359508041626, ""AnyHealthcare"": 0.0, ""NoDocbcCost"": 0.0, ""CholCheck"": 0.0, ""HeartDiseaseorAttack"": 1.9709870703248187e-05, ""HighChol"": 0.0, ""Stroke"": 0.0, ""Fruits"": 0.0, ""Veggies"": 0.0, ""Education"": 0.0, ""Smoker"": 0.0}","{""Diabetes_binary"": 0, ""HighBP"": 0, ""HighChol"": 0, ""CholCheck"": 0, ""BMI"": 0, ""Smoker"": 0, ""Stroke"": 0, ""HeartDiseaseorAttack"": 0, ""PhysActivity"": 0, ""Fruits"": 0, ""Veggies"": 0, ""HvyAlcoholConsump"": 0, ""AnyHealthcare"": 0, ""NoDocbcCost"": 0, ""GenHlth"": 0, ""MentHlth"": 0, ""PhysHlth"": 0, ""DiffWalk"": 0, ""Sex"": 0, ""Age"": 0, ""Education"": 0, ""Income"": 0}",1.2480598000111058,1.171875,2965504,81983,49496,655864,655864,10,cpu,1,2.14.1+cu130,d52d239,,,
L2,moderate,2,10000,nn_linear,nn,[],linear,,10000,8000,50736,50,0,3284044321,3428092600,-15.976017686066315,0.0166271439131286,0,0.2741248817407757,"{""Diabetes_binary"": -0.3223937749862671, ""HighBP"": -0.57584148645401, ""HighChol"": -0.6730192303657532, ""CholCheck"": -0.1574081927537918, ""BMI"": -1.1377712488174438, ""Smoker"": -0.685968816280365, ""Stroke"": -0.15136854350566864, ""HeartDiseaseorAttack"": -0.2793429493904114, ""PhysActivity"": -0.5525115728378296, ""Fruits"": -0.6571915149688721, ""Veggies"": -0.48747870326042175, ""HvyAlcoholConsump"": -0.2156418114900589, ""AnyHealthcare"": -0.1841902881860733, ""NoDocbcCost"": -0.2598657011985779, ""GenHlth"": -1.3465077877044678, ""MentHlth"": -0.8285926580429077, ""PhysHlth"": -0.9676559567451477, ""DiffWalk"": -0.41238242387771606, ""Sex"": -0.68636155128479, ""Age"": -2.4598183631896973, ""Education"": -1.2591111660003662, ""Income"": -1.6755939722061157}","{""HvyAlcoholConsump"": 0.0, ""PhysHlth"": 0.0018724377168085778, ""Sex"": 0.0, ""Diabetes_binary"": 0.23718858404288867, ""HighBP"": 0.02270577105014191, ""Income"": 0.0010052034058656576, ""Age"": 0.0, ""GenHlth"": 0.06137653736991485, ""BMI"": 0.0, ""PhysActivity"": 0.0, ""DiffWalk"": 0.0, ""MentHlth"": 0.0036660359508041626, ""AnyHealthcare"": 0.0, ""NoDocbcCost"": 0.0, ""CholCheck"": 0.0, ""HeartDiseaseorAttack"": 1.9709870703248187e-05, ""HighChol"": 0.0, ""Stroke"": 0.0, ""Fruits"": 0.0, ""Veggies"": 0.0, ""Education"": 0.0, ""Smoker"": 0.0}","{""Diabetes_binary"": 0, ""HighBP"": 0, ""HighChol"": 0, ""CholCheck"": 0, ""BMI"": 0, ""Smoker"": 0, ""Stroke"": 0, ""HeartDiseaseorAttack"": 0, ""PhysActivity"": 0, ""Fruits"": 0, ""Veggies"": 0, ""HvyAlcoholConsump"": 0, ""AnyHealthcare"": 0, ""NoDocbcCost"": 0, ""GenHlth"": 0, ""MentHlth"": 0, ""PhysHlth"": 0, ""DiffWalk"": 0, ""Sex"": 0, ""Age"": 0, ""Education"": 0, ""Income"": 0}",96.07944990001852,93.921875,-46936064,946,946,7568,3784,10,cpu,1,2.14.1+cu130,d52d239,59.09090909090909,39.09090909090909,0.0
L2,moderate,2,10000,01_256x128_lr3e-4,nn,"[256, 128]",ReLU,,10000,8000,50736,50,0,3284044321,3428092600,-15.970083052782831,0.016750306085402,0,0.2741248817407757,"{""Diabetes_binary"": -0.32241323590278625, ""HighBP"": -0.5744472146034241, ""HighChol"": -0.6729915142059326, ""CholCheck"": -0.157711923122406, ""BMI"": -1.138388991355896, ""Smoker"": -0.6860042810440063, ""Stroke"": -0.1509346067905426, ""HeartDiseaseorAttack"": -0.27921053767204285, ""PhysActivity"": -0.5525074005126953, ""Fruits"": -0.6572056412696838, ""Veggies"": -0.48747870326042175, ""HvyAlcoholConsump"": -0.21563899517059326, ""AnyHealthcare"": -0.18393713235855103, ""NoDocbcCost"": -0.25983133912086487, ""GenHlth"": -1.3447065353393555, ""MentHlth"": -0.8278563022613525, ""PhysHlth"": -0.9669009447097778, ""DiffWalk"": -0.41327232122421265, ""Sex"": -0.6864035129547119, ""Age"": -2.4595773220062256, ""Education"": -1.2600456476211548, ""Income"": -1.672619104385376}","{""HvyAlcoholConsump"": 0.0, ""PhysHlth"": 0.0018724377168085778, ""Sex"": 0.0, ""Diabetes_binary"": 0.23718858404288867, ""HighBP"": 0.02270577105014191, ""Income"": 0.0010052034058656576, ""Age"": 0.0, ""GenHlth"": 0.06137653736991485, ""BMI"": 0.0, ""PhysActivity"": 0.0, ""DiffWalk"": 0.0, ""MentHlth"": 0.0036660359508041626, ""AnyHealthcare"": 0.0, ""NoDocbcCost"": 0.0, ""CholCheck"": 0.0, ""HeartDiseaseorAttack"": 1.9709870703248187e-05, ""HighChol"": 0.0, ""Stroke"": 0.0, ""Fruits"": 0.0, ""Veggies"": 0.0, ""Education"": 0.0, ""Smoker"": 0.0}","{""Diabetes_binary"": 0, ""HighBP"": 0, ""HighChol"": 0, ""CholCheck"": 0, ""BMI"": 0, ""Smoker"": 0, ""Stroke"": 0, ""HeartDiseaseorAttack"": 0, ""PhysActivity"": 0, ""Fruits"": 0, ""Veggies"": 0, ""HvyAlcoholConsump"": 0, ""AnyHealthcare"": 0, ""NoDocbcCost"": 0, ""GenHlth"": 0, ""MentHlth"": 0, ""PhysHlth"": 0, ""DiffWalk"": 0, ""Sex"": 0, ""Age"": 0, ""Education"": 0, ""Income"": 0}",185.5127806999953,175.734375,10252288,805706,805706,6445648,3222824,10,cpu,1,2.14.1+cu130,d52d239,37.40909090909091,17.40909090909091,0.0
L2,moderate,2,10000,k6_128_64_9,nn,"[128, 64]",ReLU,,10000,8000,50736,50,0,3284044321,3428092600,-15.971541825551832,0.0166902917290377,0,0.2741248817407757,"{""Diabetes_binary"": -0.3221530020236969, ""HighBP"": -0.5755332112312317, ""HighChol"": -0.6727995276451111, ""CholCheck"": -0.157436341047287, ""BMI"": -1.1382875442504883, ""Smoker"": -0.6859837174415588, ""Stroke"": -0.15093930065631866, ""HeartDiseaseorAttack"": -0.280337393283844, ""PhysActivity"": -0.5526208281517029, ""Fruits"": -0.6571864485740662, ""Veggies"": -0.48749008774757385, ""HvyAlcoholConsump"": -0.21563799679279327, ""AnyHealthcare"": -0.1840212494134903, ""NoDocbcCost"": -0.2600014805793762, ""GenHlth"": -1.3451145887374878, ""MentHlth"": -0.8281964659690857, ""PhysHlth"": -0.9667105674743652, ""DiffWalk"": -0.41322845220565796, ""Sex"": -0.6863750219345093, ""Age"": -2.459709882736206, ""Education"": -1.2591277360916138, ""Income"": -1.6726510524749756}","{""HvyAlcoholConsump"": 0.0, ""PhysHlth"": 0.0018724377168085778, ""Sex"": 0.0, ""Diabetes_binary"": 0.23718858404288867, ""HighBP"": 0.02270577105014191, ""Income"": 0.0010052034058656576, ""Age"": 0.0, ""GenHlth"": 0.06137653736991485, ""BMI"": 0.0, ""PhysActivity"": 0.0, ""DiffWalk"": 0.0, ""MentHlth"": 0.0036660359508041626, ""AnyHealthcare"": 0.0, ""NoDocbcCost"": 0.0, ""CholCheck"": 0.0, ""HeartDiseaseorAttack"": 1.9709870703248187e-05, ""HighChol"": 0.0, ""Stroke"": 0.0, ""Fruits"": 0.0, ""Veggies"": 0.0, ""Education"": 0.0, ""Smoker"": 0.0}","{""Diabetes_binary"": 0, ""HighBP"": 0, ""HighChol"": 0, ""CholCheck"": 0, ""BMI"": 0, ""Smoker"": 0, ""Stroke"": 0, ""HeartDiseaseorAttack"": 0, ""PhysActivity"": 0, ""Fruits"": 0, ""Veggies"": 0, ""HvyAlcoholConsump"": 0, ""AnyHealthcare"": 0, ""NoDocbcCost"": 0, ""GenHlth"": 0, ""MentHlth"": 0, ""PhysHlth"": 0, ""DiffWalk"": 0, ""Sex"": 0, ""Age"": 0, ""Education"": 0, ""Income"": 0}",260.2462198000285,251.984375,-94048256,222666,222666,1781328,890664,10,cpu,1,2.14.1+cu130,d52d239,75.27272727272727,25.27272727272728,0.0
L2,moderate,2,50000,mle,mle,,,,50000,50000,50736,50,0,2935575344,481107469,-18.33820850823002,0.0444655346389757,4663,0.0707781456953642,"{""Diabetes_binary"": -1.243919718873414, ""HighBP"": -0.700246533671236, ""HighChol"": -0.6721606722774262, ""CholCheck"": -0.1568027807671385, ""BMI"": -1.1368487795080198, ""Smoker"": -0.6859473319944547, ""Stroke"": -0.15069383434338304, ""HeartDiseaseorAttack"": -0.2804594603338853, ""PhysActivity"": -0.5517895242170814, ""Fruits"": -0.6571578334278859, ""Veggies"": -0.4874782965679814, ""HvyAlcoholConsump"": -0.21563792312321597, ""AnyHealthcare"": -0.18382662529136357, ""NoDocbcCost"": -0.25959055189355146, ""GenHlth"": -2.5278253439897176, ""MentHlth"": -0.8930755328022039, ""PhysHlth"": -1.012068729205032, ""DiffWalk"": -0.4117365841655758, ""Sex"": -0.6861739902723683, ""Age"": -2.459079380171653, ""Education"": -1.258532897713945, ""Income"": -1.7071561836194873}","{""HvyAlcoholConsump"": 0.0, ""PhysHlth"": 7.883948281299275e-05, ""Sex"": 0.0, ""Diabetes_binary"": 0.061021759697256386, ""HighBP"": 0.00358719646799117, ""Income"": 0.000315357931251971, ""Age"": 0.0, ""GenHlth"": 0.011924471775465153, ""BMI"": 0.0, ""PhysActivity"": 0.0, ""DiffWalk"": 0.0, ""MentHlth"": 0.0005124566382844529, ""AnyHealthcare"": 0.0, ""NoDocbcCost"": 0.0, ""CholCheck"": 0.0, ""HeartDiseaseorAttack"": 1.9709870703248187e-05, ""HighChol"": 0.0, ""Stroke"": 0.0, ""Fruits"": 0.0, ""Veggies"": 0.0, ""Education"": 0.0, ""Smoker"": 0.0}","{""Diabetes_binary"": 1788, ""HighBP"": 238, ""HighChol"": 0, ""CholCheck"": 0, ""BMI"": 0, ""Smoker"": 0, ""Stroke"": 0, ""HeartDiseaseorAttack"": 3, ""PhysActivity"": 0, ""Fruits"": 0, ""Veggies"": 0, ""HvyAlcoholConsump"": 0, ""AnyHealthcare"": 0, ""NoDocbcCost"": 0, ""GenHlth"": 2340, ""MentHlth"": 127, ""PhysHlth"": 92, ""DiffWalk"": 0, ""Sex"": 0, ""Age"": 0, ""Education"": 0, ""Income"": 75}",0.3268084000155795,0.328125,729088,81983,49496,655864,655864,10,cpu,1,2.14.1+cu130,d52d239,,,
L2,moderate,2,50000,dirichlet_0.5,dirichlet,,,0.5,50000,50000,50736,50,0,2935575344,481107469,-16.072894431503418,0.0169716318017105,0,0.0707781456953642,"{""Diabetes_binary"": -0.37849970104815867, ""HighBP"": -0.5809539453606078, ""HighChol"": -0.6721602172398932, ""CholCheck"": -0.15680306158988747, ""BMI"": -1.1368436964139281, ""Smoker"": -0.6859473592512586, ""Stroke"": -0.15068906866466192, ""HeartDiseaseorAttack"": -0.27910381660776795, ""PhysActivity"": -0.5517897893410133, ""Fruits"": -0.657157845022125, ""Veggies"": -0.4874781313300866, ""HvyAlcoholConsump"": -0.21563788390332134, ""AnyHealthcare"": -0.18382834790143912, ""NoDocbcCost"": -0.25958817458777583, ""GenHlth"": -1.3898963220581821, ""MentHlth"": -0.8314654278192515, ""PhysHlth"": -0.9681805706709934, ""DiffWalk"": -0.4117580207127203, ""Sex"": -0.6861739960431077, ""Age"": -2.459079400043076, ""Education"": -1.258532098990721, ""Income"": -1.6713275569034431}","{""HvyAlcoholConsump"": 0.0, ""PhysHlth"": 7.883948281299275e-05, ""Sex"": 0.0, ""Diabetes_binary"": 0.061021759697256386, ""HighBP"": 0.00358719646799117, ""Income"": 0.000315357931251971, ""Age"": 0.0, ""GenHlth"": 0.011924471775465153, ""BMI"": 0.0, ""PhysActivity"": 0.0, ""DiffWalk"": 0.0, ""MentHlth"": 0.0005124566382844529, ""AnyHealthcare"": 0.0, ""NoDocbcCost"": 0.0, ""CholCheck"": 0.0, ""HeartDiseaseorAttack"": 1.9709870703248187e-05, ""HighChol"": 0.0, ""Stroke"": 0.0, ""Fruits"": 0.0, ""Veggies"": 0.0, ""Education"": 0.0, ""Smoker"": 0.0}","{""Diabetes_binary"": 0, ""HighBP"": 0, ""HighChol"": 0, ""CholCheck"": 0, ""BMI"": 0, ""Smoker"": 0, ""Stroke"": 0, ""HeartDiseaseorAttack"": 0, ""PhysActivity"": 0, ""Fruits"": 0, ""Veggies"": 0, ""HvyAlcoholConsump"": 0, ""AnyHealthcare"": 0, ""NoDocbcCost"": 0, ""GenHlth"": 0, ""MentHlth"": 0, ""PhysHlth"": 0, ""DiffWalk"": 0, ""Sex"": 0, ""Age"": 0, ""Education"": 0, ""Income"": 0}",1.0026666999910958,1.0,9838592,81983,49496,655864,655864,10,cpu,1,2.14.1+cu130,d52d239,,,
L2,moderate,2,full,mle,mle,,,,202944,202944,50736,50,0,3701333381,1152244685,-16.632447850793366,0.0280832558428166,1354,0.0173052664774519,"{""Diabetes_binary"": -0.649467977660639, ""HighBP"": -0.5949347433091666, ""HighChol"": -0.672162863841616, ""CholCheck"": -0.15663461236925183, ""BMI"": -1.1365929252054432, ""Smoker"": -0.6859057132332683, ""Stroke"": -0.15065256556547973, ""HeartDiseaseorAttack"": -0.27916435703497633, ""PhysActivity"": -0.5517224495141536, ""Fruits"": -0.6571584476072492, ""Veggies"": -0.48745146404220463, ""HvyAlcoholConsump"": -0.21563838938756252, ""AnyHealthcare"": -0.18379250451485676, ""NoDocbcCost"": -0.25953322480568086, ""GenHlth"": -1.663911239886326, ""MentHlth"": -0.8342233557235801, ""PhysHlth"": -0.9648279800415048, ""DiffWalk"": -0.41149596364685126, ""Sex"": -0.6861723216272493, ""Age"": -2.4589767569190264, ""Education"": -1.258411729733124, ""Income"": -1.673616265124157}","{""HvyAlcoholConsump"": 0.0, ""PhysHlth"": 0.0, ""Sex"": 0.0, ""Diabetes_binary"": 0.015275149795017345, ""HighBP"": 0.0006504257332071902, ""Income"": 3.941974140649637e-05, ""Age"": 0.0, ""GenHlth"": 0.0023848943550930308, ""BMI"": 0.0, ""PhysActivity"": 0.0, ""DiffWalk"": 0.0, ""MentHlth"": 9.854935351624093e-05, ""AnyHealthcare"": 0.0, ""NoDocbcCost"": 0.0, ""CholCheck"": 0.0, ""HeartDiseaseorAttack"": 0.0, ""HighChol"": 0.0, ""Stroke"": 0.0, ""Fruits"": 0.0, ""Veggies"": 0.0, ""Education"": 0.0, ""Smoker"": 0.0}","{""Diabetes_binary"": 641, ""HighBP"": 42, ""HighChol"": 0, ""CholCheck"": 0, ""BMI"": 0, ""Smoker"": 0, ""Stroke"": 0, ""HeartDiseaseorAttack"": 1, ""PhysActivity"": 0, ""Fruits"": 0, ""Veggies"": 0, ""HvyAlcoholConsump"": 0, ""AnyHealthcare"": 0, ""NoDocbcCost"": 0, ""GenHlth"": 634, ""MentHlth"": 16, ""PhysHlth"": 3, ""DiffWalk"": 0, ""Sex"": 0, ""Age"": 0, ""Education"": 0, ""Income"": 17}",0.6189153000013903,0.609375,57344,81983,49496,655864,655864,10,cpu,1,2.14.1+cu130,d52d239,,,
L2,moderate,2,full,dirichlet_0.5,dirichlet,,,0.5,202944,202944,50736,50,0,3701333381,1152244685,-15.979174196755046,0.0167242664929818,0,0.0173052664774519,"{""Diabetes_binary"": -0.3422365302565154, ""HighBP"": -0.5741079192389301, ""HighChol"": -0.6721627056199012, ""CholCheck"": -0.15663450811865556, ""BMI"": -1.1365896381236216, ""Smoker"": -0.6859057180120676, ""Stroke"": -0.15065199122493378, ""HeartDiseaseorAttack"": -0.27867429720342757, ""PhysActivity"": -0.5517223639400101, ""Fruits"": -0.6571584443276216, ""Veggies"": -0.4874514357186883, ""HvyAlcoholConsump"": -0.21563840282450208, ""AnyHealthcare"": -0.18379227477109183, ""NoDocbcCost"": -0.25953280363939846, ""GenHlth"": -1.3566880539176294, ""MentHlth"": -0.8265080359106414, ""PhysHlth"": -0.9633605189906921, ""DiffWalk"": -0.41149966752664796, ""Sex"": -0.6861723206312575, ""Age"": -2.458976725339231, ""Education"": -1.258411578357094, ""Income"": -1.665298263062485}","{""HvyAlcoholConsump"": 0.0, ""PhysHlth"": 0.0, ""Sex"": 0.0, ""Diabetes_binary"": 0.015275149795017345, ""HighBP"": 0.0006504257332071902, ""Income"": 3.941974140649637e-05, ""Age"": 0.0, ""GenHlth"": 0.0023848943550930308, ""BMI"": 0.0, ""PhysActivity"": 0.0, ""DiffWalk"": 0.0, ""MentHlth"": 9.854935351624093e-05, ""AnyHealthcare"": 0.0, ""NoDocbcCost"": 0.0, ""CholCheck"": 0.0, ""HeartDiseaseorAttack"": 0.0, ""HighChol"": 0.0, ""Stroke"": 0.0, ""Fruits"": 0.0, ""Veggies"": 0.0, ""Education"": 0.0, ""Smoker"": 0.0}","{""Diabetes_binary"": 0, ""HighBP"": 0, ""HighChol"": 0, ""CholCheck"": 0, ""BMI"": 0, ""Smoker"": 0, ""Stroke"": 0, ""HeartDiseaseorAttack"": 0, ""PhysActivity"": 0, ""Fruits"": 0, ""Veggies"": 0, ""HvyAlcoholConsump"": 0, ""AnyHealthcare"": 0, ""NoDocbcCost"": 0, ""GenHlth"": 0, ""MentHlth"": 0, ""PhysHlth"": 0, ""DiffWalk"": 0, ""Sex"": 0, ""Age"": 0, ""Education"": 0, ""Income"": 0}",1.357791599992197,1.328125,-77824,81983,49496,655864,655864,10,cpu,1,2.14.1+cu130,d52d239,,,
L1,moderate,4,500,mle,mle,,,,500,500,50736,50,0,739303429,2536829067,-21.933920996425016,0.0832354036680833,18654,0.4373620309050772,"{""Diabetes_binary"": -2.273451857129556, ""HighBP"": -2.1814298714252645, ""HighChol"": -0.7398656175596788, ""CholCheck"": -0.27243510173811103, ""BMI"": -0.782078931267852, ""Smoker"": -0.6888753609075874, ""Stroke"": -0.18271557305116914, ""HeartDiseaseorAttack"": -0.5972512233094402, ""PhysActivity"": -0.5558249573615835, ""Fruits"": -0.6566264922493145, ""Veggies"": -0.4808567151879677, ""HvyAlcoholConsump"": -0.21817145108405542, ""AnyHealthcare"": -0.18575674895742741, ""NoDocbcCost"": -0.2720321291708802, ""GenHlth"": -4.079249162309586, ""MentHlth"": -1.2966013873991002, ""PhysHlth"": -1.1166732591293533, ""DiffWalk"": -0.5673515238337735, ""Sex"": -0.6857368219041792, ""Age"": -1.6864842644185065, ""Education"": -0.6783117614509403, ""Income"": -1.7361407855796915}","{""HvyAlcoholConsump"": 0.0, ""PhysHlth"": 0.007667139703563545, ""Sex"": 0.0, ""Diabetes_binary"": 0.3615381583096815, ""HighBP"": 0.10452144433932513, ""Income"": 0.012673446862188584, ""Age"": 0.0, ""GenHlth"": 0.11768763796909493, ""BMI"": 0.0, ""PhysActivity"": 0.0, ""DiffWalk"": 0.0007686849574266793, ""MentHlth"": 0.024046042257962787, ""AnyHealthcare"": 0.0, ""NoDocbcCost"": 0.0, ""CholCheck"": 0.0, ""HeartDiseaseorAttack"": 0.0092439293598234, ""HighChol"": 0.0006898454746136866, ""Stroke"": 0.0024834437086092716, ""Fruits"": 0.0, ""Veggies"": 0.0, ""Education"": 0.0, ""Smoker"": 0.0}","{""Diabetes_binary"": 3600, ""HighBP"": 3060, ""HighChol"": 107, ""CholCheck"": 218, ""BMI"": 0, ""Smoker"": 0, ""Stroke"": 67, ""HeartDiseaseorAttack"": 646, ""PhysActivity"": 0, ""Fruits"": 0, ""Veggies"": 0, ""HvyAlcoholConsump"": 0, ""AnyHealthcare"": 0, ""NoDocbcCost"": 0, ""GenHlth"": 6375, ""MentHlth"": 1758, ""PhysHlth"": 1237, ""DiffWalk"": 297, ""Sex"": 0, ""Age"": 0, ""Education"": 0, ""Income"": 1289}",0.1258549000194762,0.125,204800,8529,4654,68232,68232,10,cpu,1,2.14.1+cu130,d52d239,,,
L1,moderate,4,500,dirichlet_0.5,dirichlet,,,0.5,500,500,50736,50,0,739303429,2536829067,-12.774990567160373,0.0169432083283291,0,0.4373620309050772,"{""Diabetes_binary"": -0.5112412550818004, ""HighBP"": -0.6414943718846641, ""HighChol"": -0.6845211350083649, ""CholCheck"": -0.16821958498077136, ""BMI"": -0.7822218437855317, ""Smoker"": -0.6888552633959606, ""Stroke"": -0.15227759883952652, ""HeartDiseaseorAttack"": -0.30121203059849516, ""PhysActivity"": -0.5557683016367833, ""Fruits"": -0.6566292724058097, ""Veggies"": -0.48084831539656614, ""HvyAlcoholConsump"": -0.2183788843331305, ""AnyHealthcare"": -0.18559403205629682, ""NoDocbcCost"": -0.26952694038241876, ""GenHlth"": -0.9132134552421911, ""MentHlth"": -0.438540808855779, ""PhysHlth"": -0.5344594736797038, ""DiffWalk"": -0.4318941551433064, ""Sex"": -0.685739112007098, ""Age"": -1.6862142777839655, ""Education"": -0.677995732649348, ""Income"": -1.1101447220128602}","{""HvyAlcoholConsump"": 0.0, ""PhysHlth"": 0.007667139703563545, ""Sex"": 0.0, ""Diabetes_binary"": 0.3615381583096815, ""HighBP"": 0.10452144433932513, ""Income"": 0.012673446862188584, ""Age"": 0.0, ""GenHlth"": 0.11768763796909493, ""BMI"": 0.0, ""PhysActivity"": 0.0, ""DiffWalk"": 0.0007686849574266793, ""MentHlth"": 0.024046042257962787, ""AnyHealthcare"": 0.0, ""NoDocbcCost"": 0.0, ""CholCheck"": 0.0, ""HeartDiseaseorAttack"": 0.0092439293598234, ""HighChol"": 0.0006898454746136866, ""Stroke"": 0.0024834437086092716, ""Fruits"": 0.0, ""Veggies"": 0.0, ""Education"": 0.0, ""Smoker"": 0.0}","{""Diabetes_binary"": 0, ""HighBP"": 0, ""HighChol"": 0, ""CholCheck"": 0, ""BMI"": 0, ""Smoker"": 0, ""Stroke"": 0, ""HeartDiseaseorAttack"": 0, ""PhysActivity"": 0, ""Fruits"": 0, ""Veggies"": 0, ""HvyAlcoholConsump"": 0, ""AnyHealthcare"": 0, ""NoDocbcCost"": 0, ""GenHlth"": 0, ""MentHlth"": 0, ""PhysHlth"": 0, ""DiffWalk"": 0, ""Sex"": 0, ""Age"": 0, ""Education"": 0, ""Income"": 0}",0.2385130999900866,0.21875,4096,8529,4654,68232,68232,10,cpu,1,2.14.1+cu130,d52d239,,,
L1,moderate,4,500,nn_linear,nn,[],linear,,500,400,50736,50,0,739303429,2536829067,-12.409459000941188,0.0158888631078884,0,0.4373620309050772,"{""Diabetes_binary"": -0.33368340134620667, ""HighBP"": -0.5992623567581177, ""HighChol"": -0.6802249550819397, ""CholCheck"": -0.17239077389240265, ""BMI"": -0.7936769127845764, ""Smoker"": -0.6891873478889465, ""Stroke"": -0.15276756882667542, ""HeartDiseaseorAttack"": -0.28261417150497437, ""PhysActivity"": -0.5580384731292725, ""Fruits"": -0.6614854335784912, ""Veggies"": -0.481152206659317, ""HvyAlcoholConsump"": -0.23719258606433868, ""AnyHealthcare"": -0.187159463763237, ""NoDocbcCost"": -0.26077568531036377, ""GenHlth"": -0.7965896725654602, ""MentHlth"": -0.41224318742752075, ""PhysHlth"": -0.5126625895500183, ""DiffWalk"": -0.42506465315818787, ""Sex"": -0.6859743595123291, ""Age"": -1.6937329769134521, ""Education"": -0.7079410552978516, ""Income"": -1.0856393575668335}","{""HvyAlcoholConsump"": 0.0, ""PhysHlth"": 0.007667139703563545, ""Sex"": 0.0, ""Diabetes_binary"": 0.3615381583096815, ""HighBP"": 0.10452144433932513, ""Income"": 0.012673446862188584, ""Age"": 0.0, ""GenHlth"": 0.11768763796909493, ""BMI"": 0.0, ""PhysActivity"": 0.0, ""DiffWalk"": 0.0007686849574266793, ""MentHlth"": 0.024046042257962787, ""AnyHealthcare"": 0.0, ""NoDocbcCost"": 0.0, ""CholCheck"": 0.0, ""HeartDiseaseorAttack"": 0.0092439293598234, ""HighChol"": 0.0006898454746136866, ""Stroke"": 0.0024834437086092716, ""Fruits"": 0.0, ""Veggies"": 0.0, ""Education"": 0.0, ""Smoker"": 0.0}","{""Diabetes_binary"": 0, ""HighBP"": 0, ""HighChol"": 0, ""CholCheck"": 0, ""BMI"": 0, ""Smoker"": 0, ""Stroke"": 0, ""HeartDiseaseorAttack"": 0, ""PhysActivity"": 0, ""Fruits"": 0, ""Veggies"": 0, ""HvyAlcoholConsump"": 0, ""AnyHealthcare"": 0, ""NoDocbcCost"": 0, ""GenHlth"": 0, ""MentHlth"": 0, ""PhysHlth"": 0, ""DiffWalk"": 0, ""Sex"": 0, ""Age"": 0, ""Education"": 0, ""Income"": 0}",20.879237099987225,19.59375,-58916864,455,455,3640,1820,10,cpu,1,2.14.1+cu130,d52d239,154.8181818181818,141.13636363636363,0.4090909090909091
L1,moderate,4,500,01_256x128_lr3e-4,nn,"[256, 128]",ReLU,,500,400,50736,50,0,739303429,2536829067,-12.412871052774095,0.0171309586626307,0,0.4373620309050772,"{""Diabetes_binary"": -0.33513033390045166, ""HighBP"": -0.6039246916770935, ""HighChol"": -0.6842164397239685, ""CholCheck"": -0.16745644807815552, ""BMI"": -0.7982900142669678, ""Smoker"": -0.687609851360321, ""Stroke"": -0.1576165407896042, ""HeartDiseaseorAttack"": -0.28148382902145386, ""PhysActivity"": -0.5569245219230652, ""Fruits"": -0.6598263382911682, ""Veggies"": -0.4810468852519989, ""HvyAlcoholConsump"": -0.23378010094165802, ""AnyHealthcare"": -0.18741394579410553, ""NoDocbcCost"": -0.2656841576099396, ""GenHlth"": -0.7986872792243958, ""MentHlth"": -0.4371872544288635, ""PhysHlth"": -0.508233904838562, ""DiffWalk"": -0.42465078830718994, ""Sex"": -0.6862658858299255, ""Age"": -1.6915596723556519, ""Education"": -0.6787141561508179, ""Income"": -1.0871680974960327}","{""HvyAlcoholConsump"": 0.0, ""PhysHlth"": 0.007667139703563545, ""Sex"": 0.0, ""Diabetes_binary"": 0.3615381583096815, ""HighBP"": 0.10452144433932513, ""Income"": 0.012673446862188584, ""Age"": 0.0, ""GenHlth"": 0.11768763796909493, ""BMI"": 0.0, ""PhysActivity"": 0.0, ""DiffWalk"": 0.0007686849574266793, ""MentHlth"": 0.024046042257962787, ""AnyHealthcare"": 0.0, ""NoDocbcCost"": 0.0, ""CholCheck"": 0.0, ""HeartDiseaseorAttack"": 0.0092439293598234, ""HighChol"": 0.0006898454746136866, ""Stroke"": 0.0024834437086092716, ""Fruits"": 0.0, ""Veggies"": 0.0, ""Education"": 0.0, ""Smoker"": 0.0}","{""Diabetes_binary"": 0, ""HighBP"": 0, ""HighChol"": 0, ""CholCheck"": 0, ""BMI"": 0, ""Smoker"": 0, ""Stroke"": 0, ""HeartDiseaseorAttack"": 0, ""PhysActivity"": 0, ""Fruits"": 0, ""Veggies"": 0, ""HvyAlcoholConsump"": 0, ""AnyHealthcare"": 0, ""NoDocbcCost"": 0, ""GenHlth"": 0, ""MentHlth"": 0, ""PhysHlth"": 0, ""DiffWalk"": 0, ""Sex"": 0, ""Age"": 0, ""Education"": 0, ""Income"": 0}",14.24309540001559,13.703125,5533696,777911,777911,6223288,3111644,10,cpu,1,2.14.1+cu130,d52d239,51.09090909090909,31.09090909090909,0.0
L1,moderate,4,500,k6_128_64_9,nn,"[128, 64]",ReLU,,500,400,50736,50,0,739303429,2536829067,-12.37237358277189,0.0167532869398656,0,0.4373620309050772,"{""Diabetes_binary"": -0.33741605281829834, ""HighBP"": -0.6059066653251648, ""HighChol"": -0.6826652884483337, ""CholCheck"": -0.16877198219299316, ""BMI"": -0.7908049821853638, ""Smoker"": -0.6875834465026855, ""Stroke"": -0.1516556590795517, ""HeartDiseaseorAttack"": -0.28155946731567383, ""PhysActivity"": -0.5560508966445923, ""Fruits"": -0.6566444039344788, ""Veggies"": -0.48092958331108093, ""HvyAlcoholConsump"": -0.23618826270103455, ""AnyHealthcare"": -0.18875958025455475, ""NoDocbcCost"": -0.2688027620315552, ""GenHlth"": -0.7918496131896973, ""MentHlth"": -0.41590437293052673, ""PhysHlth"": -0.5111852884292603, ""DiffWalk"": -0.4258206784725189, ""Sex"": -0.6860442161560059, ""Age"": -1.6848914623260498, ""Education"": -0.6792728304862976, ""Income"": -1.0836660861968994}","{""HvyAlcoholConsump"": 0.0, ""PhysHlth"": 0.007667139703563545, ""Sex"": 0.0, ""Diabetes_binary"": 0.3615381583096815, ""HighBP"": 0.10452144433932513, ""Income"": 0.012673446862188584, ""Age"": 0.0, ""GenHlth"": 0.11768763796909493, ""BMI"": 0.0, ""PhysActivity"": 0.0, ""DiffWalk"": 0.0007686849574266793, ""MentHlth"": 0.024046042257962787, ""AnyHealthcare"": 0.0, ""NoDocbcCost"": 0.0, ""CholCheck"": 0.0, ""HeartDiseaseorAttack"": 0.0092439293598234, ""HighChol"": 0.0006898454746136866, ""Stroke"": 0.0024834437086092716, ""Fruits"": 0.0, ""Veggies"": 0.0, ""Education"": 0.0, ""Smoker"": 0.0}","{""Diabetes_binary"": 0, ""HighBP"": 0, ""HighChol"": 0, ""CholCheck"": 0, ""BMI"": 0, ""Smoker"": 0, ""Stroke"": 0, ""HeartDiseaseorAttack"": 0, ""PhysActivity"": 0, ""Fruits"": 0, ""Veggies"": 0, ""HvyAlcoholConsump"": 0, ""AnyHealthcare"": 0, ""NoDocbcCost"": 0, ""GenHlth"": 0, ""MentHlth"": 0, ""PhysHlth"": 0, ""DiffWalk"": 0, ""Sex"": 0, ""Age"": 0, ""Education"": 0, ""Income"": 0}",28.681053900014376,26.96875,-104603648,208759,208759,1670072,835036,10,cpu,1,2.14.1+cu130,d52d239,115.95454545454544,65.95454545454545,0.0
L1,moderate,4,2000,mle,mle,,,,2000,2000,50736,50,0,2918251893,798964160,-16.601661368902587,0.0589285273034089,8530,0.1748856827499211,"{""Diabetes_binary"": -1.7662098369405734, ""HighBP"": -1.3749813376401223, ""HighChol"": -0.6879585377905338, ""CholCheck"": -0.18256735364453047, ""BMI"": -0.7807233730250104, ""Smoker"": -0.687208590413964, ""Stroke"": -0.1822021747934526, ""HeartDiseaseorAttack"": -0.34089373326353417, ""PhysActivity"": -0.5518009868255623, ""Fruits"": -0.6567815685859257, ""Veggies"": -0.4810817815488816, ""HvyAlcoholConsump"": -0.21705286410458463, ""AnyHealthcare"": -0.18485770067104798, ""NoDocbcCost"": -0.26130328024041827, ""GenHlth"": -2.1993520316530426, ""MentHlth"": -0.6632293249118264, ""PhysHlth"": -0.6758749504141757, ""DiffWalk"": -0.42264411834443766, ""Sex"": -0.6861409854114539, ""Age"": -1.680064105825056, ""Education"": -0.6777669432314732, ""Income"": -1.2409657896229809}","{""HvyAlcoholConsump"": 0.0, ""PhysHlth"": 0.0023651844843897824, ""Sex"": 0.0, ""Diabetes_binary"": 0.14195048880479344, ""HighBP"": 0.022232734153263954, ""Income"": 0.0002562283191422264, ""Age"": 0.0, ""GenHlth"": 0.03668006937874488, ""BMI"": 0.0, ""PhysActivity"": 0.0, ""DiffWalk"": 0.0, ""MentHlth"": 0.004336171554714601, ""AnyHealthcare"": 0.0, ""NoDocbcCost"": 0.0, ""CholCheck"": 0.0, ""HeartDiseaseorAttack"": 0.001990696941028067, ""HighChol"": 0.0, ""Stroke"": 0.0, ""Fruits"": 0.0, ""Veggies"": 0.0, ""Education"": 0.0, ""Smoker"": 0.0}","{""Diabetes_binary"": 2769, ""HighBP"": 1535, ""HighChol"": 19, ""CholCheck"": 53, ""BMI"": 0, ""Smoker"": 0, ""Stroke"": 70, ""HeartDiseaseorAttack"": 119, ""PhysActivity"": 0, ""Fruits"": 0, ""Veggies"": 0, ""HvyAlcoholConsump"": 0, ""AnyHealthcare"": 0, ""NoDocbcCost"": 0, ""GenHlth"": 2789, ""MentHlth"": 503, ""PhysHlth"": 354, ""DiffWalk"": 8, ""Sex"": 0, ""Age"": 0, ""Education"": 0, ""Income"": 311}",0.1321745000022929,0.125,4096,8529,4654,68232,68232,10,cpu,1,2.14.1+cu130,d52d239,,,
L1,moderate,4,2000,dirichlet_0.5,dirichlet,,,0.5,2000,2000,50736,50,0,2918251893,798964160,-12.4412594165574,0.0169970261938672,0,0.1748856827499211,"{""Diabetes_binary"": -0.419155195349968, ""HighBP"": -0.6118884795301532, ""HighChol"": -0.678043099667408, ""CholCheck"": -0.1572922952020012, ""BMI"": -0.7808760969499261, ""Smoker"": -0.6872078240498956, ""Stroke"": -0.15022402024943793, ""HeartDiseaseorAttack"": -0.285591791636776, ""PhysActivity"": -0.5517914263933296, ""Fruits"": -0.6567839391336211, ""Veggies"": -0.48109028388235675, ""HvyAlcoholConsump"": -0.21708943216812623, ""AnyHealthcare"": -0.18490329975778128, ""NoDocbcCost"": -0.2611449326576999, ""GenHlth"": -0.8392218067706068, ""MentHlth"": -0.41696701289774185, ""PhysHlth"": -0.5114931313183326, ""DiffWalk"": -0.4185300441728361, ""Sex"": -0.6861423777460615, ""Age"": -1.680071537508296, ""Education"": -0.6777399926748432, ""Income"": -1.0880113968401999}","{""HvyAlcoholConsump"": 0.0, ""PhysHlth"": 0.0023651844843897824, ""Sex"": 0.0, ""Diabetes_binary"": 0.14195048880479344, ""HighBP"": 0.022232734153263954, ""Income"": 0.0002562283191422264, ""Age"": 0.0, ""GenHlth"": 0.03668006937874488, ""BMI"": 0.0, ""PhysActivity"": 0.0, ""DiffWalk"": 0.0, ""MentHlth"": 0.004336171554714601, ""AnyHealthcare"": 0.0, ""NoDocbcCost"": 0.0, ""CholCheck"": 0.0, ""HeartDiseaseorAttack"": 0.001990696941028067, ""HighChol"": 0.0, ""Stroke"": 0.0, ""Fruits"": 0.0, ""Veggies"": 0.0, ""Education"": 0.0, ""Smoker"": 0.0}","{""Diabetes_binary"": 0, ""HighBP"": 0, ""HighChol"": 0, ""CholCheck"": 0, ""BMI"": 0, ""Smoker"": 0, ""Stroke"": 0, ""HeartDiseaseorAttack"": 0, ""PhysActivity"": 0, ""Fruits"": 0, ""Veggies"": 0, ""HvyAlcoholConsump"": 0, ""AnyHealthcare"": 0, ""NoDocbcCost"": 0, ""GenHlth"": 0, ""MentHlth"": 0, ""PhysHlth"": 0, ""DiffWalk"": 0, ""Sex"": 0, ""Age"": 0, ""Education"": 0, ""Income"": 0}",0.2098936999973375,0.203125,0,8529,4654,68232,68232,10,cpu,1,2.14.1+cu130,d52d239,,,
L1,moderate,4,2000,nn_linear,nn,[],linear,,2000,1600,50736,50,0,2918251893,798964160,-12.264837673709764,0.0163632997552692,0,0.1748856827499211,"{""Diabetes_binary"": -0.32807686924934387, ""HighBP"": -0.5901056528091431, ""HighChol"": -0.6755598187446594, ""CholCheck"": -0.15530668199062347, ""BMI"": -0.7810189723968506, ""Smoker"": -0.6897110342979431, ""Stroke"": -0.15057116746902466, ""HeartDiseaseorAttack"": -0.2800809144973755, ""PhysActivity"": -0.5522394776344299, ""Fruits"": -0.6572656631469727, ""Veggies"": -0.48615777492523193, ""HvyAlcoholConsump"": -0.21901243925094604, ""AnyHealthcare"": -0.185135155916214, ""NoDocbcCost"": -0.26232948899269104, ""GenHlth"": -0.7814948558807373, ""MentHlth"": -0.40334948897361755, ""PhysHlth"": -0.5030128955841064, ""DiffWalk"": -0.4188089668750763, ""Sex"": -0.6879077553749084, ""Age"": -1.6885920763015747, ""Education"": -0.6781205534934998, ""Income"": -1.0909799337387085}","{""HvyAlcoholConsump"": 0.0, ""PhysHlth"": 0.0023651844843897824, ""Sex"": 0.0, ""Diabetes_binary"": 0.14195048880479344, ""HighBP"": 0.022232734153263954, ""Income"": 0.0002562283191422264, ""Age"": 0.0, ""GenHlth"": 0.03668006937874488, ""BMI"": 0.0, ""PhysActivity"": 0.0, ""DiffWalk"": 0.0, ""MentHlth"": 0.004336171554714601, ""AnyHealthcare"": 0.0, ""NoDocbcCost"": 0.0, ""CholCheck"": 0.0, ""HeartDiseaseorAttack"": 0.001990696941028067, ""HighChol"": 0.0, ""Stroke"": 0.0, ""Fruits"": 0.0, ""Veggies"": 0.0, ""Education"": 0.0, ""Smoker"": 0.0}","{""Diabetes_binary"": 0, ""HighBP"": 0, ""HighChol"": 0, ""CholCheck"": 0, ""BMI"": 0, ""Smoker"": 0, ""Stroke"": 0, ""HeartDiseaseorAttack"": 0, ""PhysActivity"": 0, ""Fruits"": 0, ""Veggies"": 0, ""HvyAlcoholConsump"": 0, ""AnyHealthcare"": 0, ""NoDocbcCost"": 0, ""GenHlth"": 0, ""MentHlth"": 0, ""PhysHlth"": 0, ""DiffWalk"": 0, ""Sex"": 0, ""Age"": 0, ""Education"": 0, ""Income"": 0}",39.64616189998924,38.1875,-56328192,455,455,3640,1820,10,cpu,1,2.14.1+cu130,d52d239,109.5,92.5,0.2272727272727272
L1,moderate,4,2000,01_256x128_lr3e-4,nn,"[256, 128]",ReLU,,2000,1600,50736,50,0,2918251893,798964160,-12.257459661605676,0.0168179656755708,0,0.1748856827499211,"{""Diabetes_binary"": -0.32766613364219666, ""HighBP"": -0.5950558185577393, ""HighChol"": -0.6765568852424622, ""CholCheck"": -0.15787860751152039, ""BMI"": -0.7816742062568665, ""Smoker"": -0.6874783635139465, ""Stroke"": -0.15026962757110596, ""HeartDiseaseorAttack"": -0.28000351786613464, ""PhysActivity"": -0.5546740889549255, ""Fruits"": -0.6572495698928833, ""Veggies"": -0.48098355531692505, ""HvyAlcoholConsump"": -0.21746104955673218, ""AnyHealthcare"": -0.1848130077123642, ""NoDocbcCost"": -0.26193276047706604, ""GenHlth"": -0.782437264919281, ""MentHlth"": -0.40392276644706726, ""PhysHlth"": -0.5028644800186157, ""DiffWalk"": -0.4190191328525543, ""Sex"": -0.687506377696991, ""Age"": -1.685483694076538, ""Education"": -0.6785706877708435, ""Income"": -1.0839581489562988}","{""HvyAlcoholConsump"": 0.0, ""PhysHlth"": 0.0023651844843897824, ""Sex"": 0.0, ""Diabetes_binary"": 0.14195048880479344, ""HighBP"": 0.022232734153263954, ""Income"": 0.0002562283191422264, ""Age"": 0.0, ""GenHlth"": 0.03668006937874488, ""BMI"": 0.0, ""PhysActivity"": 0.0, ""DiffWalk"": 0.0, ""MentHlth"": 0.004336171554714601, ""AnyHealthcare"": 0.0, ""NoDocbcCost"": 0.0, ""CholCheck"": 0.0, ""HeartDiseaseorAttack"": 0.001990696941028067, ""HighChol"": 0.0, ""Stroke"": 0.0, ""Fruits"": 0.0, ""Veggies"": 0.0, ""Education"": 0.0, ""Smoker"": 0.0}","{""Diabetes_binary"": 0, ""HighBP"": 0, ""HighChol"": 0, ""CholCheck"": 0, ""BMI"": 0, ""Smoker"": 0, ""Stroke"": 0, ""HeartDiseaseorAttack"": 0, ""PhysActivity"": 0, ""Fruits"": 0, ""Veggies"": 0, ""HvyAlcoholConsump"": 0, ""AnyHealthcare"": 0, ""NoDocbcCost"": 0, ""GenHlth"": 0, ""MentHlth"": 0, ""PhysHlth"": 0, ""DiffWalk"": 0, ""Sex"": 0, ""Age"": 0, ""Education"": 0, ""Income"": 0}",50.45823650000966,46.234375,11505664,777911,777911,6223288,3111644,10,cpu,1,2.14.1+cu130,d52d239,44.63636363636363,24.63636363636364,0.0
L1,moderate,4,2000,k6_128_64_9,nn,"[128, 64]",ReLU,,2000,1600,50736,50,0,2918251893,798964160,-12.242339229468618,0.0167128697131359,0,0.1748856827499211,"{""Diabetes_binary"": -0.328079491853714, ""HighBP"": -0.5892518162727356, ""HighChol"": -0.6768161654472351, ""CholCheck"": -0.15962140262126923, ""BMI"": -0.7809799313545227, ""Smoker"": -0.6875612735748291, ""Stroke"": -0.15068319439888, ""HeartDiseaseorAttack"": -0.279926061630249, ""PhysActivity"": -0.552970290184021, ""Fruits"": -0.6572304964065552, ""Veggies"": -0.4824519753456116, ""HvyAlcoholConsump"": -0.21910642087459564, ""AnyHealthcare"": -0.1848130226135254, ""NoDocbcCost"": -0.2620299756526947, ""GenHlth"": -0.780231237411499, ""MentHlth"": -0.40578627586364746, ""PhysHlth"": -0.5027050971984863, ""DiffWalk"": -0.4192984700202942, ""Sex"": -0.6865195631980896, ""Age"": -1.680292010307312, ""Education"": -0.6777299046516418, ""Income"": -1.078255295753479}","{""HvyAlcoholConsump"": 0.0, ""PhysHlth"": 0.0023651844843897824, ""Sex"": 0.0, ""Diabetes_binary"": 0.14195048880479344, ""HighBP"": 0.022232734153263954, ""Income"": 0.0002562283191422264, ""Age"": 0.0, ""GenHlth"": 0.03668006937874488, ""BMI"": 0.0, ""PhysActivity"": 0.0, ""DiffWalk"": 0.0, ""MentHlth"": 0.004336171554714601, ""AnyHealthcare"": 0.0, ""NoDocbcCost"": 0.0, ""CholCheck"": 0.0, ""HeartDiseaseorAttack"": 0.001990696941028067, ""HighChol"": 0.0, ""Stroke"": 0.0, ""Fruits"": 0.0, ""Veggies"": 0.0, ""Education"": 0.0, ""Smoker"": 0.0}","{""Diabetes_binary"": 0, ""HighBP"": 0, ""HighChol"": 0, ""CholCheck"": 0, ""BMI"": 0, ""Smoker"": 0, ""Stroke"": 0, ""HeartDiseaseorAttack"": 0, ""PhysActivity"": 0, ""Fruits"": 0, ""Veggies"": 0, ""HvyAlcoholConsump"": 0, ""AnyHealthcare"": 0, ""NoDocbcCost"": 0, ""GenHlth"": 0, ""MentHlth"": 0, ""PhysHlth"": 0, ""DiffWalk"": 0, ""Sex"": 0, ""Age"": 0, ""Education"": 0, ""Income"": 0}",71.79603070000303,67.796875,-102875136,208759,208759,1670072,835036,10,cpu,1,2.14.1+cu130,d52d239,92.0909090909091,42.09090909090909,0.0
L1,moderate,4,10000,mle,mle,,,,10000,10000,50736,50,0,844797153,2865962304,-13.492534678437506,0.0361920404269493,2541,0.0469489120151371,"{""Diabetes_binary"": -0.9522530958601081, ""HighBP"": -0.7636332084440353, ""HighChol"": -0.6745859136325179, ""CholCheck"": -0.15437026312482868, ""BMI"": -0.7784157424407244, ""Smoker"": -0.6871731178321562, ""Stroke"": -0.14954377089600124, ""HeartDiseaseorAttack"": -0.2865261241249732, ""PhysActivity"": -0.5510453550250657, ""Fruits"": -0.6567147096299721, ""Veggies"": -0.4808545062416465, ""HvyAlcoholConsump"": -0.21615889653009074, ""AnyHealthcare"": -0.18466189882349984, ""NoDocbcCost"": -0.25981205146913816, ""GenHlth"": -1.138498508095301, ""MentHlth"": -0.4592040264228391, ""PhysHlth"": -0.5445782167958199, ""DiffWalk"": -0.4214080040973302, ""Sex"": -0.6857771052430044, ""Age"": -1.678496641078136, ""Education"": -0.6777959806748843, ""Income"": -1.0910275419554358}","{""HvyAlcoholConsump"": 0.0, ""PhysHlth"": 0.0, ""Sex"": 0.0, ""Diabetes_binary"": 0.037488174077578054, ""HighBP"": 0.005439924314096499, ""Income"": 7.883948281299275e-05, ""Age"": 0.0, ""GenHlth"": 0.007213812677388836, ""BMI"": 0.0, ""PhysActivity"": 0.0, ""DiffWalk"": 0.0, ""MentHlth"": 0.0006110059918006938, ""AnyHealthcare"": 0.0, ""NoDocbcCost"": 0.0, ""CholCheck"": 0.0, ""HeartDiseaseorAttack"": 0.00037448754336171555, ""HighChol"": 0.0, ""Stroke"": 0.0, ""Fruits"": 0.0, ""Veggies"": 0.0, ""Education"": 0.0, ""Smoker"": 0.0}","{""Diabetes_binary"": 1221, ""HighBP"": 337, ""HighChol"": 0, ""CholCheck"": 0, ""BMI"": 0, ""Smoker"": 0, ""Stroke"": 0, ""HeartDiseaseorAttack"": 18, ""PhysActivity"": 0, ""Fruits"": 0, ""Veggies"": 0, ""HvyAlcoholConsump"": 0, ""AnyHealthcare"": 0, ""NoDocbcCost"": 0, ""GenHlth"": 713, ""MentHlth"": 108, ""PhysHlth"": 90, ""DiffWalk"": 8, ""Sex"": 0, ""Age"": 0, ""Education"": 0, ""Income"": 46}",0.1406994000135455,0.125,32768,8529,4654,68232,68232,10,cpu,1,2.14.1+cu130,d52d239,,,
L1,moderate,4,10000,dirichlet_0.5,dirichlet,,,0.5,10000,10000,50736,50,0,844797153,2865962304,-12.25707304169702,0.0170472199818385,0,0.0469489120151371,"{""Diabetes_binary"": -0.36093314823426004, ""HighBP"": -0.594696514615951, ""HighChol"": -0.674555100813089, ""CholCheck"": -0.15434664803515608, ""BMI"": -0.7784290279335291, ""Smoker"": -0.687173211049159, ""Stroke"": -0.14949815429433544, ""HeartDiseaseorAttack"": -0.2786374726834953, ""PhysActivity"": -0.5510428504850855, ""Fruits"": -0.6567150820988146, ""Veggies"": -0.4808549537978285, ""HvyAlcoholConsump"": -0.2161601250759236, ""AnyHealthcare"": -0.1846621189957847, ""NoDocbcCost"": -0.25980957255163983, ""GenHlth"": -0.7923367545549282, ""MentHlth"": -0.4063787702825706, ""PhysHlth"": -0.5021599178450514, ""DiffWalk"": -0.4174676834720187, ""Sex"": -0.6857772525936024, ""Age"": -1.678497958286665, ""Education"": -0.6777863493854314, ""Income"": -1.0691543746127008}","{""HvyAlcoholConsump"": 0.0, ""PhysHlth"": 0.0, ""Sex"": 0.0, ""Diabetes_binary"": 0.037488174077578054, ""HighBP"": 0.005439924314096499, ""Income"": 7.883948281299275e-05, ""Age"": 0.0, ""GenHlth"": 0.007213812677388836, ""BMI"": 0.0, ""PhysActivity"": 0.0, ""DiffWalk"": 0.0, ""MentHlth"": 0.0006110059918006938, ""AnyHealthcare"": 0.0, ""NoDocbcCost"": 0.0, ""CholCheck"": 0.0, ""HeartDiseaseorAttack"": 0.00037448754336171555, ""HighChol"": 0.0, ""Stroke"": 0.0, ""Fruits"": 0.0, ""Veggies"": 0.0, ""Education"": 0.0, ""Smoker"": 0.0}","{""Diabetes_binary"": 0, ""HighBP"": 0, ""HighChol"": 0, ""CholCheck"": 0, ""BMI"": 0, ""Smoker"": 0, ""Stroke"": 0, ""HeartDiseaseorAttack"": 0, ""PhysActivity"": 0, ""Fruits"": 0, ""Veggies"": 0, ""HvyAlcoholConsump"": 0, ""AnyHealthcare"": 0, ""NoDocbcCost"": 0, ""GenHlth"": 0, ""MentHlth"": 0, ""PhysHlth"": 0, ""DiffWalk"": 0, ""Sex"": 0, ""Age"": 0, ""Education"": 0, ""Income"": 0}",0.2003839999961201,0.171875,0,8529,4654,68232,68232,10,cpu,1,2.14.1+cu130,d52d239,,,
L1,moderate,4,10000,nn_linear,nn,[],linear,,10000,8000,50736,50,0,844797153,2865962304,-12.192273051300134,0.0167410103774042,0,0.0469489120151371,"{""Diabetes_binary"": -0.32565009593963623, ""HighBP"": -0.5872178673744202, ""HighChol"": -0.674159824848175, ""CholCheck"": -0.15428103506565094, ""BMI"": -0.7784649729728699, ""Smoker"": -0.6872345209121704, ""Stroke"": -0.15040315687656403, ""HeartDiseaseorAttack"": -0.27806195616722107, ""PhysActivity"": -0.5512353181838989, ""Fruits"": -0.656644344329834, ""Veggies"": -0.4808551073074341, ""HvyAlcoholConsump"": -0.21615947782993317, ""AnyHealthcare"": -0.18487124145030975, ""NoDocbcCost"": -0.26006898283958435, ""GenHlth"": -0.7741618156433105, ""MentHlth"": -0.4027932286262512, ""PhysHlth"": -0.5005168318748474, ""DiffWalk"": -0.4184131920337677, ""Sex"": -0.6857717037200928, ""Age"": -1.6785097122192383, ""Education"": -0.6776332259178162, ""Income"": -1.069165587425232}","{""HvyAlcoholConsump"": 0.0, ""PhysHlth"": 0.0, ""Sex"": 0.0, ""Diabetes_binary"": 0.037488174077578054, ""HighBP"": 0.005439924314096499, ""Income"": 7.883948281299275e-05, ""Age"": 0.0, ""GenHlth"": 0.007213812677388836, ""BMI"": 0.0, ""PhysActivity"": 0.0, ""DiffWalk"": 0.0, ""MentHlth"": 0.0006110059918006938, ""AnyHealthcare"": 0.0, ""NoDocbcCost"": 0.0, ""CholCheck"": 0.0, ""HeartDiseaseorAttack"": 0.00037448754336171555, ""HighChol"": 0.0, ""Stroke"": 0.0, ""Fruits"": 0.0, ""Veggies"": 0.0, ""Education"": 0.0, ""Smoker"": 0.0}","{""Diabetes_binary"": 0, ""HighBP"": 0, ""HighChol"": 0, ""CholCheck"": 0, ""BMI"": 0, ""Smoker"": 0, ""Stroke"": 0, ""HeartDiseaseorAttack"": 0, ""PhysActivity"": 0, ""Fruits"": 0, ""Veggies"": 0, ""HvyAlcoholConsump"": 0, ""AnyHealthcare"": 0, ""NoDocbcCost"": 0, ""GenHlth"": 0, ""MentHlth"": 0, ""PhysHlth"": 0, ""DiffWalk"": 0, ""Sex"": 0, ""Age"": 0, ""Education"": 0, ""Income"": 0}",98.94484020001256,96.5625,-52297728,455,455,3640,1820,10,cpu,1,2.14.1+cu130,d52d239,60.0,40.0,0.0
L1,moderate,4,10000,01_256x128_lr3e-4,nn,"[256, 128]",ReLU,,10000,8000,50736,50,0,844797153,2865962304,-12.192087974962451,0.0170771021339423,0,0.0469489120151371,"{""Diabetes_binary"": -0.32617834210395813, ""HighBP"": -0.5859981775283813, ""HighChol"": -0.6745225787162781, ""CholCheck"": -0.1545449197292328, ""BMI"": -0.7787246704101562, ""Smoker"": -0.6872643828392029, ""Stroke"": -0.1493552029132843, ""HeartDiseaseorAttack"": -0.2781127393245697, ""PhysActivity"": -0.551497757434845, ""Fruits"": -0.6566746830940247, ""Veggies"": -0.48085659742355347, ""HvyAlcoholConsump"": -0.21613849699497223, ""AnyHealthcare"": -0.1847344934940338, ""NoDocbcCost"": -0.26010146737098694, ""GenHlth"": -0.7747180461883545, ""MentHlth"": -0.4033074676990509, ""PhysHlth"": -0.499979168176651, ""DiffWalk"": -0.41779473423957825, ""Sex"": -0.6860862970352173, ""Age"": -1.67882239818573, ""Education"": -0.678139328956604, ""Income"": -1.0685360431671143}","{""HvyAlcoholConsump"": 0.0, ""PhysHlth"": 0.0, ""Sex"": 0.0, ""Diabetes_binary"": 0.037488174077578054, ""HighBP"": 0.005439924314096499, ""Income"": 7.883948281299275e-05, ""Age"": 0.0, ""GenHlth"": 0.007213812677388836, ""BMI"": 0.0, ""PhysActivity"": 0.0, ""DiffWalk"": 0.0, ""MentHlth"": 0.0006110059918006938, ""AnyHealthcare"": 0.0, ""NoDocbcCost"": 0.0, ""CholCheck"": 0.0, ""HeartDiseaseorAttack"": 0.00037448754336171555, ""HighChol"": 0.0, ""Stroke"": 0.0, ""Fruits"": 0.0, ""Veggies"": 0.0, ""Education"": 0.0, ""Smoker"": 0.0}","{""Diabetes_binary"": 0, ""HighBP"": 0, ""HighChol"": 0, ""CholCheck"": 0, ""BMI"": 0, ""Smoker"": 0, ""Stroke"": 0, ""HeartDiseaseorAttack"": 0, ""PhysActivity"": 0, ""Fruits"": 0, ""Veggies"": 0, ""HvyAlcoholConsump"": 0, ""AnyHealthcare"": 0, ""NoDocbcCost"": 0, ""GenHlth"": 0, ""MentHlth"": 0, ""PhysHlth"": 0, ""DiffWalk"": 0, ""Sex"": 0, ""Age"": 0, ""Education"": 0, ""Income"": 0}",169.28128500000457,160.78125,15294464,777911,777911,6223288,3111644,10,cpu,1,2.14.1+cu130,d52d239,33.81818181818182,13.818181818181818,0.0
L1,moderate,4,10000,k6_128_64_9,nn,"[128, 64]",ReLU,,10000,8000,50736,50,0,844797153,2865962304,-12.191052850251737,0.0170704137142073,0,0.0469489120151371,"{""Diabetes_binary"": -0.32542964816093445, ""HighBP"": -0.5855852365493774, ""HighChol"": -0.6740831732749939, ""CholCheck"": -0.15441717207431793, ""BMI"": -0.7786233425140381, ""Smoker"": -0.687296986579895, ""Stroke"": -0.14944441616535187, ""HeartDiseaseorAttack"": -0.27862870693206787, ""PhysActivity"": -0.551159143447876, ""Fruits"": -0.6566351652145386, ""Veggies"": -0.48085856437683105, ""HvyAlcoholConsump"": -0.2161405235528946, ""AnyHealthcare"": -0.18464502692222595, ""NoDocbcCost"": -0.2601530849933624, ""GenHlth"": -0.7743621468544006, ""MentHlth"": -0.4028332531452179, ""PhysHlth"": -0.5011525750160217, ""DiffWalk"": -0.41857537627220154, ""Sex"": -0.686220645904541, ""Age"": -1.678847074508667, ""Education"": -0.6781787872314453, ""Income"": -1.0677827596664429}","{""HvyAlcoholConsump"": 0.0, ""PhysHlth"": 0.0, ""Sex"": 0.0, ""Diabetes_binary"": 0.037488174077578054, ""HighBP"": 0.005439924314096499, ""Income"": 7.883948281299275e-05, ""Age"": 0.0, ""GenHlth"": 0.007213812677388836, ""BMI"": 0.0, ""PhysActivity"": 0.0, ""DiffWalk"": 0.0, ""MentHlth"": 0.0006110059918006938, ""AnyHealthcare"": 0.0, ""NoDocbcCost"": 0.0, ""CholCheck"": 0.0, ""HeartDiseaseorAttack"": 0.00037448754336171555, ""HighChol"": 0.0, ""Stroke"": 0.0, ""Fruits"": 0.0, ""Veggies"": 0.0, ""Education"": 0.0, ""Smoker"": 0.0}","{""Diabetes_binary"": 0, ""HighBP"": 0, ""HighChol"": 0, ""CholCheck"": 0, ""BMI"": 0, ""Smoker"": 0, ""Stroke"": 0, ""HeartDiseaseorAttack"": 0, ""PhysActivity"": 0, ""Fruits"": 0, ""Veggies"": 0, ""HvyAlcoholConsump"": 0, ""AnyHealthcare"": 0, ""NoDocbcCost"": 0, ""GenHlth"": 0, ""MentHlth"": 0, ""PhysHlth"": 0, ""DiffWalk"": 0, ""Sex"": 0, ""Age"": 0, ""Education"": 0, ""Income"": 0}",273.5091620000021,265.046875,-93331456,208759,208759,1670072,835036,10,cpu,1,2.14.1+cu130,d52d239,82.77272727272727,32.77272727272727,0.0
L1,moderate,4,50000,mle,mle,,,,50000,50000,50736,50,0,1338166445,4094808373,-12.50304688703564,0.0233573622039505,642,0.0079824976348155,"{""Diabetes_binary"": -0.5331807503536172, ""HighBP"": -0.6080807974353272, ""HighChol"": -0.6737331926464489, ""CholCheck"": -0.15424849969081036, ""BMI"": -0.7777525186821348, ""Smoker"": -0.6871331236856093, ""Stroke"": -0.14923694906986654, ""HeartDiseaseorAttack"": -0.27890888280124154, ""PhysActivity"": -0.5510673003975443, ""Fruits"": -0.6566158294663248, ""Veggies"": -0.4808970217859051, ""HvyAlcoholConsump"": -0.21616473035264622, ""AnyHealthcare"": -0.18457662639882566, ""NoDocbcCost"": -0.2595217737195768, ""GenHlth"": -0.8541819291381774, ""MentHlth"": -0.4116901347191227, ""PhysHlth"": -0.5018816518178161, ""DiffWalk"": -0.4174290625194924, ""Sex"": -0.6857215658770729, ""Age"": -1.6783864372589241, ""Education"": -0.6775514532662144, ""Income"": -1.0650866559529422}","{""HvyAlcoholConsump"": 0.0, ""PhysHlth"": 0.0, ""Sex"": 0.0, ""Diabetes_binary"": 0.006622516556291391, ""HighBP"": 0.0006504257332071902, ""Income"": 0.0, ""Age"": 0.0, ""GenHlth"": 0.0008672343109429202, ""BMI"": 0.0, ""PhysActivity"": 0.0, ""DiffWalk"": 0.0, ""MentHlth"": 1.9709870703248187e-05, ""AnyHealthcare"": 0.0, ""NoDocbcCost"": 0.0, ""CholCheck"": 0.0, ""HeartDiseaseorAttack"": 0.0, ""HighChol"": 0.0, ""Stroke"": 0.0, ""Fruits"": 0.0, ""Veggies"": 0.0, ""Education"": 0.0, ""Smoker"": 0.0}","{""Diabetes_binary"": 409, ""HighBP"": 44, ""HighChol"": 0, ""CholCheck"": 0, ""BMI"": 0, ""Smoker"": 0, ""Stroke"": 0, ""HeartDiseaseorAttack"": 2, ""PhysActivity"": 0, ""Fruits"": 0, ""Veggies"": 0, ""HvyAlcoholConsump"": 0, ""AnyHealthcare"": 0, ""NoDocbcCost"": 0, ""GenHlth"": 161, ""MentHlth"": 19, ""PhysHlth"": 7, ""DiffWalk"": 0, ""Sex"": 0, ""Age"": 0, ""Education"": 0, ""Income"": 0}",0.1266247000021394,0.125,4907008,8529,4654,68232,68232,10,cpu,1,2.14.1+cu130,d52d239,,,
L1,moderate,4,50000,dirichlet_0.5,dirichlet,,,0.5,50000,50000,50736,50,0,1338166445,4094808373,-12.192868168692025,0.0168887730705988,0,0.0079824976348155,"{""Diabetes_binary"": -0.33612993208610065, ""HighBP"": -0.5860443114077897, ""HighChol"": -0.6737327265599485, ""CholCheck"": -0.15424681877717022, ""BMI"": -0.7777540439282801, ""Smoker"": -0.6871331184921261, ""Stroke"": -0.14923754187972996, ""HeartDiseaseorAttack"": -0.2780267079700504, ""PhysActivity"": -0.551067032372059, ""Fruits"": -0.6566158371138072, ""Veggies"": -0.48089719135089404, ""HvyAlcoholConsump"": -0.21616500484643722, ""AnyHealthcare"": -0.18457669037404265, ""NoDocbcCost"": -0.2595220538907687, ""GenHlth"": -0.7764545809309721, ""MentHlth"": -0.4024798004206214, ""PhysHlth"": -0.4986209408050183, ""DiffWalk"": -0.41742170192028544, ""Sex"": -0.6857215851379318, ""Age"": -1.678386912295666, ""Education"": -0.6775511961807323, ""Income"": -1.0650824399515935}","{""HvyAlcoholConsump"": 0.0, ""PhysHlth"": 0.0, ""Sex"": 0.0, ""Diabetes_binary"": 0.006622516556291391, ""HighBP"": 0.0006504257332071902, ""Income"": 0.0, ""Age"": 0.0, ""GenHlth"": 0.0008672343109429202, ""BMI"": 0.0, ""PhysActivity"": 0.0, ""DiffWalk"": 0.0, ""MentHlth"": 1.9709870703248187e-05, ""AnyHealthcare"": 0.0, ""NoDocbcCost"": 0.0, ""CholCheck"": 0.0, ""HeartDiseaseorAttack"": 0.0, ""HighChol"": 0.0, ""Stroke"": 0.0, ""Fruits"": 0.0, ""Veggies"": 0.0, ""Education"": 0.0, ""Smoker"": 0.0}","{""Diabetes_binary"": 0, ""HighBP"": 0, ""HighChol"": 0, ""CholCheck"": 0, ""BMI"": 0, ""Smoker"": 0, ""Stroke"": 0, ""HeartDiseaseorAttack"": 0, ""PhysActivity"": 0, ""Fruits"": 0, ""Veggies"": 0, ""HvyAlcoholConsump"": 0, ""AnyHealthcare"": 0, ""NoDocbcCost"": 0, ""GenHlth"": 0, ""MentHlth"": 0, ""PhysHlth"": 0, ""DiffWalk"": 0, ""Sex"": 0, ""Age"": 0, ""Education"": 0, ""Income"": 0}",0.1916670000064186,0.1875,-1355776,8529,4654,68232,68232,10,cpu,1,2.14.1+cu130,d52d239,,,
L1,moderate,4,full,mle,mle,,,,202944,202944,50736,50,0,2012808056,2581711546,-12.23085634616733,0.0182759218695222,124,0.0014191106906338,"{""Diabetes_binary"": -0.37167596393879665, ""HighBP"": -0.5888119240158498, ""HighChol"": -0.6736472739679884, ""CholCheck"": -0.15411422188926346, ""BMI"": -0.7776232970376747, ""Smoker"": -0.6871436089903551, ""Stroke"": -0.14920743229520003, ""HeartDiseaseorAttack"": -0.2777054830365405, ""PhysActivity"": -0.5509925434560792, ""Fruits"": -0.6566148982137279, ""Veggies"": -0.48086506899327086, ""HvyAlcoholConsump"": -0.21613849121313752, ""AnyHealthcare"": -0.1846094273323821, ""NoDocbcCost"": -0.25950763092868484, ""GenHlth"": -0.77915395309499, ""MentHlth"": -0.4025315731946757, ""PhysHlth"": -0.497682533635602, ""DiffWalk"": -0.4171996480214196, ""Sex"": -0.6856918347382198, ""Age"": -1.6782383693997642, ""Education"": -0.677546500671646, ""Income"": -1.0641546681020624}","{""HvyAlcoholConsump"": 0.0, ""PhysHlth"": 0.0, ""Sex"": 0.0, ""Diabetes_binary"": 0.001162882371491643, ""HighBP"": 0.0001576789656259855, ""Income"": 0.0, ""Age"": 0.0, ""GenHlth"": 0.00011825922421948912, ""BMI"": 0.0, ""PhysActivity"": 0.0, ""DiffWalk"": 0.0, ""MentHlth"": 0.0, ""AnyHealthcare"": 0.0, ""NoDocbcCost"": 0.0, ""CholCheck"": 0.0, ""HeartDiseaseorAttack"": 0.0, ""HighChol"": 0.0, ""Stroke"": 0.0, ""Fruits"": 0.0, ""Veggies"": 0.0, ""Education"": 0.0, ""Smoker"": 0.0}","{""Diabetes_binary"": 93, ""HighBP"": 10, ""HighChol"": 0, ""CholCheck"": 0, ""BMI"": 0, ""Smoker"": 0, ""Stroke"": 0, ""HeartDiseaseorAttack"": 0, ""PhysActivity"": 0, ""Fruits"": 0, ""Veggies"": 0, ""HvyAlcoholConsump"": 0, ""AnyHealthcare"": 0, ""NoDocbcCost"": 0, ""GenHlth"": 19, ""MentHlth"": 2, ""PhysHlth"": 0, ""DiffWalk"": 0, ""Sex"": 0, ""Age"": 0, ""Education"": 0, ""Income"": 0}",0.4240402999857906,0.421875,0,8529,4654,68232,68232,10,cpu,1,2.14.1+cu130,d52d239,,,
L1,moderate,4,full,dirichlet_0.5,dirichlet,,,0.5,202944,202944,50736,50,0,2012808056,2581711546,-12.170917453217024,0.016780303364346,0,0.0014191106906338,"{""Diabetes_binary"": -0.3266998921387583, ""HighBP"": -0.5837932197962561, ""HighChol"": -0.6736472440670954, ""CholCheck"": -0.1541140230761677, ""BMI"": -0.7776237546467815, ""Smoker"": -0.6871436060730199, ""Stroke"": -0.14920768566476134, ""HeartDiseaseorAttack"": -0.27772120502342496, ""PhysActivity"": -0.5509925683138321, ""Fruits"": -0.6566148984535194, ""Veggies"": -0.48086509724798404, ""HvyAlcoholConsump"": -0.2161384955228512, ""AnyHealthcare"": -0.1846094079314099, ""NoDocbcCost"": -0.25950743760823675, ""GenHlth"": -0.7701210765679852, ""MentHlth"": -0.4016167607637256, ""PhysHlth"": -0.49767107779647834, ""DiffWalk"": -0.4171982416763746, ""Sex"": -0.6856918367310414, ""Age"": -1.678238417488468, ""Education"": -0.677546505431984, ""Income"": -1.064155001196867}","{""HvyAlcoholConsump"": 0.0, ""PhysHlth"": 0.0, ""Sex"": 0.0, ""Diabetes_binary"": 0.001162882371491643, ""HighBP"": 0.0001576789656259855, ""Income"": 0.0, ""Age"": 0.0, ""GenHlth"": 0.00011825922421948912, ""BMI"": 0.0, ""PhysActivity"": 0.0, ""DiffWalk"": 0.0, ""MentHlth"": 0.0, ""AnyHealthcare"": 0.0, ""NoDocbcCost"": 0.0, ""CholCheck"": 0.0, ""HeartDiseaseorAttack"": 0.0, ""HighChol"": 0.0, ""Stroke"": 0.0, ""Fruits"": 0.0, ""Veggies"": 0.0, ""Education"": 0.0, ""Smoker"": 0.0}","{""Diabetes_binary"": 0, ""HighBP"": 0, ""HighChol"": 0, ""CholCheck"": 0, ""BMI"": 0, ""Smoker"": 0, ""Stroke"": 0, ""HeartDiseaseorAttack"": 0, ""PhysActivity"": 0, ""Fruits"": 0, ""Veggies"": 0, ""HvyAlcoholConsump"": 0, ""AnyHealthcare"": 0, ""NoDocbcCost"": 0, ""GenHlth"": 0, ""MentHlth"": 0, ""PhysHlth"": 0, ""DiffWalk"": 0, ""Sex"": 0, ""Age"": 0, ""Education"": 0, ""Income"": 0}",0.5550229999935254,0.546875,0,8529,4654,68232,68232,10,cpu,1,2.14.1+cu130,d52d239,,,
L2,moderate,4,500,mle,mle,,,,500,500,50736,50,0,739303429,2536829067,-42.39590715011705,0.11605390671376,51547,0.903677861873226,"{""Diabetes_binary"": -1.179205782335369, ""HighBP"": -3.785339387610649, ""HighChol"": -0.7531136476728195, ""CholCheck"": -0.27227056464755134, ""BMI"": -1.3918941803707463, ""Smoker"": -0.6888753609075874, ""Stroke"": -0.18271557305116914, ""HeartDiseaseorAttack"": -0.6111160161097698, ""PhysActivity"": -0.5662848895356413, ""Fruits"": -0.6566264922493145, ""Veggies"": -0.4808567151879677, ""HvyAlcoholConsump"": -0.21817145108405542, ""AnyHealthcare"": -0.36738890441516725, ""NoDocbcCost"": -0.38012968118004725, ""GenHlth"": -7.615084387653954, ""MentHlth"": -4.299662852288425, ""PhysHlth"": -4.67463623633578, ""DiffWalk"": -0.6036863816889043, ""Sex"": -0.6857368219041792, ""Age"": -2.4697644972981907, ""Education"": -1.2656318206608093, ""Income"": -9.24771550592895}","{""HvyAlcoholConsump"": 0.0, ""PhysHlth"": 0.05585777357300536, ""Sex"": 0.0, ""Diabetes_binary"": 0.8305345316934721, ""HighBP"": 0.3116918953011668, ""Income"": 0.04353910438347525, ""Age"": 0.0, ""GenHlth"": 0.47792494481236203, ""BMI"": 0.0, ""PhysActivity"": 0.0, ""DiffWalk"": 0.003192999053926206, ""MentHlth"": 0.0863883632923368, ""AnyHealthcare"": 0.0, ""NoDocbcCost"": 0.0076080100914538, ""CholCheck"": 0.0076080100914538, ""HeartDiseaseorAttack"": 0.026706874802901293, ""HighChol"": 0.0005124566382844529, ""Stroke"": 0.0024834437086092716, ""Fruits"": 0.0, ""Veggies"": 0.0, ""Education"": 0.0, ""Smoker"": 0.0}","{""Diabetes_binary"": 1105, ""HighBP"": 6106, ""HighChol"": 114, ""CholCheck"": 218, ""BMI"": 522, ""Smoker"": 0, ""Stroke"": 67, ""HeartDiseaseorAttack"": 660, ""PhysActivity"": 0, ""Fruits"": 0, ""Veggies"": 0, ""HvyAlcoholConsump"": 0, ""AnyHealthcare"": 386, ""NoDocbcCost"": 213, ""GenHlth"": 12201, ""MentHlth"": 6899, ""PhysHlth"": 7315, ""DiffWalk"": 346, ""Sex"": 0, ""Age"": 0, ""Education"": 28, ""Income"": 15367}",0.5624568000202999,0.5625,602112,81983,49496,655864,655864,10,cpu,1,2.14.1+cu130,d52d239,,,
L2,moderate,4,500,dirichlet_0.5,dirichlet,,,0.5,500,500,50736,50,0,739303429,2536829067,-17.275506217895032,0.0155511061040728,0,0.903677861873226,"{""Diabetes_binary"": -0.6465133905688575, ""HighBP"": -0.6929326845285539, ""HighChol"": -0.6918738343018322, ""CholCheck"": -0.16890845419722417, ""BMI"": -1.161940102343202, ""Smoker"": -0.6888552633959606, ""Stroke"": -0.15227759883952652, ""HeartDiseaseorAttack"": -0.30961079673754854, ""PhysActivity"": -0.5644195129927587, ""Fruits"": -0.6566292724058097, ""Veggies"": -0.48084831539656614, ""HvyAlcoholConsump"": -0.2183788843331305, ""AnyHealthcare"": -0.19578269805809517, ""NoDocbcCost"": -0.2693080750074991, ""GenHlth"": -1.5773414201527898, ""MentHlth"": -0.9589225078295792, ""PhysHlth"": -1.1093374437983683, ""DiffWalk"": -0.4396627395335007, ""Sex"": -0.685739112007098, ""Age"": -2.46922114648294, ""Education"": -1.2549195797201467, ""Income"": -1.8820833852640433}","{""HvyAlcoholConsump"": 0.0, ""PhysHlth"": 0.05585777357300536, ""Sex"": 0.0, ""Diabetes_binary"": 0.8305345316934721, ""HighBP"": 0.3116918953011668, ""Income"": 0.04353910438347525, ""Age"": 0.0, ""GenHlth"": 0.47792494481236203, ""BMI"": 0.0, ""PhysActivity"": 0.0, ""DiffWalk"": 0.003192999053926206, ""MentHlth"": 0.0863883632923368, ""AnyHealthcare"": 0.0, ""NoDocbcCost"": 0.0076080100914538, ""CholCheck"": 0.0076080100914538, ""HeartDiseaseorAttack"": 0.026706874802901293, ""HighChol"": 0.0005124566382844529, ""Stroke"": 0.0024834437086092716, ""Fruits"": 0.0, ""Veggies"": 0.0, ""Education"": 0.0, ""Smoker"": 0.0}","{""Diabetes_binary"": 0, ""HighBP"": 0, ""HighChol"": 0, ""CholCheck"": 0, ""BMI"": 0, ""Smoker"": 0, ""Stroke"": 0, ""HeartDiseaseorAttack"": 0, ""PhysActivity"": 0, ""Fruits"": 0, ""Veggies"": 0, ""HvyAlcoholConsump"": 0, ""AnyHealthcare"": 0, ""NoDocbcCost"": 0, ""GenHlth"": 0, ""MentHlth"": 0, ""PhysHlth"": 0, ""DiffWalk"": 0, ""Sex"": 0, ""Age"": 0, ""Education"": 0, ""Income"": 0}",1.6700800000107847,1.53125,8458240,81983,49496,655864,655864,10,cpu,1,2.14.1+cu130,d52d239,,,
L2,moderate,4,500,nn_linear,nn,[],linear,,500,400,50736,50,0,739303429,2536829067,-16.426378458969726,0.014907994010256,0,0.903677861873226,"{""Diabetes_binary"": -0.3361292779445648, ""HighBP"": -0.6040289998054504, ""HighChol"": -0.6801153421401978, ""CholCheck"": -0.16812966763973236, ""BMI"": -1.1764143705368042, ""Smoker"": -0.6880386471748352, ""Stroke"": -0.16662362217903137, ""HeartDiseaseorAttack"": -0.28362834453582764, ""PhysActivity"": -0.5604833364486694, ""Fruits"": -0.6566925644874573, ""Veggies"": -0.5028254985809326, ""HvyAlcoholConsump"": -0.2371274083852768, ""AnyHealthcare"": -0.20293302834033966, ""NoDocbcCost"": -0.2612709403038025, ""GenHlth"": -1.407694935798645, ""MentHlth"": -0.8446173667907715, ""PhysHlth"": -0.9809609055519104, ""DiffWalk"": -0.42976149916648865, ""Sex"": -0.6860331296920776, ""Age"": -2.4802017211914062, ""Education"": -1.3150861263275146, ""Income"": -1.7575814723968506}","{""HvyAlcoholConsump"": 0.0, ""PhysHlth"": 0.05585777357300536, ""Sex"": 0.0, ""Diabetes_binary"": 0.8305345316934721, ""HighBP"": 0.3116918953011668, ""Income"": 0.04353910438347525, ""Age"": 0.0, ""GenHlth"": 0.47792494481236203, ""BMI"": 0.0, ""PhysActivity"": 0.0, ""DiffWalk"": 0.003192999053926206, ""MentHlth"": 0.0863883632923368, ""AnyHealthcare"": 0.0, ""NoDocbcCost"": 0.0076080100914538, ""CholCheck"": 0.0076080100914538, ""HeartDiseaseorAttack"": 0.026706874802901293, ""HighChol"": 0.0005124566382844529, ""Stroke"": 0.0024834437086092716, ""Fruits"": 0.0, ""Veggies"": 0.0, ""Education"": 0.0, ""Smoker"": 0.0}","{""Diabetes_binary"": 0, ""HighBP"": 0, ""HighChol"": 0, ""CholCheck"": 0, ""BMI"": 0, ""Smoker"": 0, ""Stroke"": 0, ""HeartDiseaseorAttack"": 0, ""PhysActivity"": 0, ""Fruits"": 0, ""Veggies"": 0, ""HvyAlcoholConsump"": 0, ""AnyHealthcare"": 0, ""NoDocbcCost"": 0, ""GenHlth"": 0, ""MentHlth"": 0, ""PhysHlth"": 0, ""DiffWalk"": 0, ""Sex"": 0, ""Age"": 0, ""Education"": 0, ""Income"": 0}",22.624221900012344,21.265625,-56201216,946,946,7568,3784,10,cpu,1,2.14.1+cu130,d52d239,156.45454545454547,145.95454545454547,0.5
L2,moderate,4,500,01_256x128_lr3e-4,nn,"[256, 128]",ReLU,,500,400,50736,50,0,739303429,2536829067,-16.2497023606497,0.0167902237779266,0,0.903677861873226,"{""Diabetes_binary"": -0.3336211144924164, ""HighBP"": -0.6166330575942993, ""HighChol"": -0.6870207786560059, ""CholCheck"": -0.16615687310695648, ""BMI"": -1.1508967876434326, ""Smoker"": -0.6880977749824524, ""Stroke"": -0.15612192451953888, ""HeartDiseaseorAttack"": -0.28196898102760315, ""PhysActivity"": -0.5550693869590759, ""Fruits"": -0.6568883657455444, ""Veggies"": -0.4824785888195038, ""HvyAlcoholConsump"": -0.23611630499362946, ""AnyHealthcare"": -0.18990661203861237, ""NoDocbcCost"": -0.2661832571029663, ""GenHlth"": -1.391766905784607, ""MentHlth"": -0.8381474614143372, ""PhysHlth"": -0.9748198986053467, ""DiffWalk"": -0.4268800616264343, ""Sex"": -0.6864493489265442, ""Age"": -2.4810280799865723, ""Education"": -1.2558561563491821, ""Income"": -1.7275941371917725}","{""HvyAlcoholConsump"": 0.0, ""PhysHlth"": 0.05585777357300536, ""Sex"": 0.0, ""Diabetes_binary"": 0.8305345316934721, ""HighBP"": 0.3116918953011668, ""Income"": 0.04353910438347525, ""Age"": 0.0, ""GenHlth"": 0.47792494481236203, ""BMI"": 0.0, ""PhysActivity"": 0.0, ""DiffWalk"": 0.003192999053926206, ""MentHlth"": 0.0863883632923368, ""AnyHealthcare"": 0.0, ""NoDocbcCost"": 0.0076080100914538, ""CholCheck"": 0.0076080100914538, ""HeartDiseaseorAttack"": 0.026706874802901293, ""HighChol"": 0.0005124566382844529, ""Stroke"": 0.0024834437086092716, ""Fruits"": 0.0, ""Veggies"": 0.0, ""Education"": 0.0, ""Smoker"": 0.0}","{""Diabetes_binary"": 0, ""HighBP"": 0, ""HighChol"": 0, ""CholCheck"": 0, ""BMI"": 0, ""Smoker"": 0, ""Stroke"": 0, ""HeartDiseaseorAttack"": 0, ""PhysActivity"": 0, ""Fruits"": 0, ""Veggies"": 0, ""HvyAlcoholConsump"": 0, ""AnyHealthcare"": 0, ""NoDocbcCost"": 0, ""GenHlth"": 0, ""MentHlth"": 0, ""PhysHlth"": 0, ""DiffWalk"": 0, ""Sex"": 0, ""Age"": 0, ""Education"": 0, ""Income"": 0}",14.209191700007068,13.796875,-4091904,805706,805706,6445648,3222824,10,cpu,1,2.14.1+cu130,d52d239,55.68181818181818,35.68181818181818,0.0
L2,moderate,4,500,k6_128_64_9,nn,"[128, 64]",ReLU,,500,400,50736,50,0,739303429,2536829067,-16.25814503435779,0.016878938240923,0,0.903677861873226,"{""Diabetes_binary"": -0.3319305181503296, ""HighBP"": -0.6067805886268616, ""HighChol"": -0.6820692420005798, ""CholCheck"": -0.17319825291633606, ""BMI"": -1.1579086780548096, ""Smoker"": -0.6875400543212891, ""Stroke"": -0.1581219583749771, ""HeartDiseaseorAttack"": -0.28147614002227783, ""PhysActivity"": -0.5642942786216736, ""Fruits"": -0.656689465045929, ""Veggies"": -0.4810952842235565, ""HvyAlcoholConsump"": -0.2327844351530075, ""AnyHealthcare"": -0.191752091050148, ""NoDocbcCost"": -0.27138933539390564, ""GenHlth"": -1.3780217170715332, ""MentHlth"": -0.8463595509529114, ""PhysHlth"": -0.9812270998954773, ""DiffWalk"": -0.43176957964897156, ""Sex"": -0.6861193776130676, ""Age"": -2.4760477542877197, ""Education"": -1.255490779876709, ""Income"": -1.7260788679122925}","{""HvyAlcoholConsump"": 0.0, ""PhysHlth"": 0.05585777357300536, ""Sex"": 0.0, ""Diabetes_binary"": 0.8305345316934721, ""HighBP"": 0.3116918953011668, ""Income"": 0.04353910438347525, ""Age"": 0.0, ""GenHlth"": 0.47792494481236203, ""BMI"": 0.0, ""PhysActivity"": 0.0, ""DiffWalk"": 0.003192999053926206, ""MentHlth"": 0.0863883632923368, ""AnyHealthcare"": 0.0, ""NoDocbcCost"": 0.0076080100914538, ""CholCheck"": 0.0076080100914538, ""HeartDiseaseorAttack"": 0.026706874802901293, ""HighChol"": 0.0005124566382844529, ""Stroke"": 0.0024834437086092716, ""Fruits"": 0.0, ""Veggies"": 0.0, ""Education"": 0.0, ""Smoker"": 0.0}","{""Diabetes_binary"": 0, ""HighBP"": 0, ""HighChol"": 0, ""CholCheck"": 0, ""BMI"": 0, ""Smoker"": 0, ""Stroke"": 0, ""HeartDiseaseorAttack"": 0, ""PhysActivity"": 0, ""Fruits"": 0, ""Veggies"": 0, ""HvyAlcoholConsump"": 0, ""AnyHealthcare"": 0, ""NoDocbcCost"": 0, ""GenHlth"": 0, ""MentHlth"": 0, ""PhysHlth"": 0, ""DiffWalk"": 0, ""Sex"": 0, ""Age"": 0, ""Education"": 0, ""Income"": 0}",28.33186299999943,27.09375,-89882624,222666,222666,1781328,890664,10,cpu,1,2.14.1+cu130,d52d239,131.9090909090909,81.9090909090909,0.0
L2,moderate,4,2000,mle,mle,,,,2000,2000,50736,50,0,2918251893,798964160,-30.654485662973208,0.0917315989902348,28593,0.6477254809208451,"{""Diabetes_binary"": -1.9436616821337862, ""HighBP"": -2.321005971826831, ""HighChol"": -0.6864992289521056, ""CholCheck"": -0.21012856482542308, ""BMI"": -1.1792895150982796, ""Smoker"": -0.687208590413964, ""Stroke"": -0.1822021747934526, ""HeartDiseaseorAttack"": -0.3636909144767943, ""PhysActivity"": -0.5516956220970095, ""Fruits"": -0.6567815685859257, ""Veggies"": -0.4810817815488816, ""HvyAlcoholConsump"": -0.21705286410458463, ""AnyHealthcare"": -0.18620048199862596, ""NoDocbcCost"": -0.2622354189862981, ""GenHlth"": -7.6136883243433715, ""MentHlth"": -2.0432073811303, ""PhysHlth"": -2.065243069649203, ""DiffWalk"": -0.4468560445363613, ""Sex"": -0.6861409854114539, ""Age"": -2.4606321803629823, ""Education"": -1.2652779171176556, ""Income"": -4.14470538057992}","{""HvyAlcoholConsump"": 0.0, ""PhysHlth"": 0.01653658152002523, ""Sex"": 0.0, ""Diabetes_binary"": 0.5692604856512141, ""HighBP"": 0.10385130873541469, ""Income"": 0.003941974140649638, ""Age"": 0.0, ""GenHlth"": 0.22053374329864395, ""BMI"": 0.0, ""PhysActivity"": 0.0, ""DiffWalk"": 0.002424314096499527, ""MentHlth"": 0.023986912645853044, ""AnyHealthcare"": 0.0, ""NoDocbcCost"": 0.0, ""CholCheck"": 0.0, ""HeartDiseaseorAttack"": 0.0024637338379060233, ""HighChol"": 0.0, ""Stroke"": 0.0, ""Fruits"": 0.0, ""Veggies"": 0.0, ""Education"": 0.0, ""Smoker"": 0.0}","{""Diabetes_binary"": 2812, ""HighBP"": 3340, ""HighChol"": 15, ""CholCheck"": 109, ""BMI"": 87, ""Smoker"": 0, ""Stroke"": 70, ""HeartDiseaseorAttack"": 158, ""PhysActivity"": 0, ""Fruits"": 0, ""Veggies"": 0, ""HvyAlcoholConsump"": 0, ""AnyHealthcare"": 0, ""NoDocbcCost"": 0, ""GenHlth"": 12344, ""MentHlth"": 2419, ""PhysHlth"": 2163, ""DiffWalk"": 59, ""Sex"": 0, ""Age"": 0, ""Education"": 28, ""Income"": 4989}",0.4866648000024725,0.453125,32768,81983,49496,655864,655864,10,cpu,1,2.14.1+cu130,d52d239,,,
L2,moderate,4,2000,dirichlet_0.5,dirichlet,,,0.5,2000,2000,50736,50,0,2918251893,798964160,-16.706731789471526,0.0165072556101555,0,0.6477254809208451,"{""Diabetes_binary"": -0.5729039975395012, ""HighBP"": -0.6410778614460809, ""HighChol"": -0.6784998281574087, ""CholCheck"": -0.15764616433753614, ""BMI"": -1.1421611635431723, ""Smoker"": -0.6872078240498956, ""Stroke"": -0.15022402024943793, ""HeartDiseaseorAttack"": -0.2881476312799981, ""PhysActivity"": -0.5516852945225955, ""Fruits"": -0.6567839391336211, ""Veggies"": -0.48109028388235675, ""HvyAlcoholConsump"": -0.21708943216812623, ""AnyHealthcare"": -0.18615791186120595, ""NoDocbcCost"": -0.2617466539084357, ""GenHlth"": -1.52660545989077, ""MentHlth"": -0.8816053421808169, ""PhysHlth"": -1.024604231416076, ""DiffWalk"": -0.42018934960941334, ""Sex"": -0.6861423777460615, ""Age"": -2.460628242162851, ""Education"": -1.2548396928662757, ""Income"": -1.77969508751989}","{""HvyAlcoholConsump"": 0.0, ""PhysHlth"": 0.01653658152002523, ""Sex"": 0.0, ""Diabetes_binary"": 0.5692604856512141, ""HighBP"": 0.10385130873541469, ""Income"": 0.003941974140649638, ""Age"": 0.0, ""GenHlth"": 0.22053374329864395, ""BMI"": 0.0, ""PhysActivity"": 0.0, ""DiffWalk"": 0.002424314096499527, ""MentHlth"": 0.023986912645853044, ""AnyHealthcare"": 0.0, ""NoDocbcCost"": 0.0, ""CholCheck"": 0.0, ""HeartDiseaseorAttack"": 0.0024637338379060233, ""HighChol"": 0.0, ""Stroke"": 0.0, ""Fruits"": 0.0, ""Veggies"": 0.0, ""Education"": 0.0, ""Smoker"": 0.0}","{""Diabetes_binary"": 0, ""HighBP"": 0, ""HighChol"": 0, ""CholCheck"": 0, ""BMI"": 0, ""Smoker"": 0, ""Stroke"": 0, ""HeartDiseaseorAttack"": 0, ""PhysActivity"": 0, ""Fruits"": 0, ""Veggies"": 0, ""HvyAlcoholConsump"": 0, ""AnyHealthcare"": 0, ""NoDocbcCost"": 0, ""GenHlth"": 0, ""MentHlth"": 0, ""PhysHlth"": 0, ""DiffWalk"": 0, ""Sex"": 0, ""Age"": 0, ""Education"": 0, ""Income"": 0}",1.2412761000159662,1.203125,3059712,81983,49496,655864,655864,10,cpu,1,2.14.1+cu130,d52d239,,,
L2,moderate,4,2000,nn_linear,nn,[],linear,,2000,1600,50736,50,0,2918251893,798964160,-16.069665778166684,0.0163312061788006,0,0.6477254809208451,"{""Diabetes_binary"": -0.328522652387619, ""HighBP"": -0.5825648903846741, ""HighChol"": -0.6748852133750916, ""CholCheck"": -0.15572047233581543, ""BMI"": -1.1433354616165161, ""Smoker"": -0.6899176836013794, ""Stroke"": -0.1505453735589981, ""HeartDiseaseorAttack"": -0.27987805008888245, ""PhysActivity"": -0.5536434054374695, ""Fruits"": -0.6567347645759583, ""Veggies"": -0.48641282320022583, ""HvyAlcoholConsump"": -0.21898779273033142, ""AnyHealthcare"": -0.18686029314994812, ""NoDocbcCost"": -0.2627359926700592, ""GenHlth"": -1.3716973066329956, ""MentHlth"": -0.8313305974006653, ""PhysHlth"": -0.9727632403373718, ""DiffWalk"": -0.41791006922721863, ""Sex"": -0.6880099773406982, ""Age"": -2.461735486984253, ""Education"": -1.2563838958740234, ""Income"": -1.6990900039672852}","{""HvyAlcoholConsump"": 0.0, ""PhysHlth"": 0.01653658152002523, ""Sex"": 0.0, ""Diabetes_binary"": 0.5692604856512141, ""HighBP"": 0.10385130873541469, ""Income"": 0.003941974140649638, ""Age"": 0.0, ""GenHlth"": 0.22053374329864395, ""BMI"": 0.0, ""PhysActivity"": 0.0, ""DiffWalk"": 0.002424314096499527, ""MentHlth"": 0.023986912645853044, ""AnyHealthcare"": 0.0, ""NoDocbcCost"": 0.0, ""CholCheck"": 0.0, ""HeartDiseaseorAttack"": 0.0024637338379060233, ""HighChol"": 0.0, ""Stroke"": 0.0, ""Fruits"": 0.0, ""Veggies"": 0.0, ""Education"": 0.0, ""Smoker"": 0.0}","{""Diabetes_binary"": 0, ""HighBP"": 0, ""HighChol"": 0, ""CholCheck"": 0, ""BMI"": 0, ""Smoker"": 0, ""Stroke"": 0, ""HeartDiseaseorAttack"": 0, ""PhysActivity"": 0, ""Fruits"": 0, ""Veggies"": 0, ""HvyAlcoholConsump"": 0, ""AnyHealthcare"": 0, ""NoDocbcCost"": 0, ""GenHlth"": 0, ""MentHlth"": 0, ""PhysHlth"": 0, ""DiffWalk"": 0, ""Sex"": 0, ""Age"": 0, ""Education"": 0, ""Income"": 0}",54.190648900024826,50.9375,-54120448,946,946,7568,3784,10,cpu,1,2.14.1+cu130,d52d239,111.6818181818182,93.6818181818182,0.1363636363636363
L2,moderate,4,2000,01_256x128_lr3e-4,nn,"[256, 128]",ReLU,,2000,1600,50736,50,0,2918251893,798964160,-16.05279210505888,0.0166918526322055,0,0.6477254809208451,"{""Diabetes_binary"": -0.3268387019634247, ""HighBP"": -0.5856019854545593, ""HighChol"": -0.6762896776199341, ""CholCheck"": -0.1593727320432663, ""BMI"": -1.1429404020309448, ""Smoker"": -0.687791645526886, ""Stroke"": -0.15020324289798737, ""HeartDiseaseorAttack"": -0.2791840136051178, ""PhysActivity"": -0.5551366806030273, ""Fruits"": -0.6572021842002869, ""Veggies"": -0.48098281025886536, ""HvyAlcoholConsump"": -0.21719646453857422, ""AnyHealthcare"": -0.18641194701194763, ""NoDocbcCost"": -0.2625373303890228, ""GenHlth"": -1.3689661026000977, ""MentHlth"": -0.8312787413597107, ""PhysHlth"": -0.968647301197052, ""DiffWalk"": -0.4178851246833801, ""Sex"": -0.687442421913147, ""Age"": -2.469132661819458, ""Education"": -1.2556076049804688, ""Income"": -1.6861424446105957}","{""HvyAlcoholConsump"": 0.0, ""PhysHlth"": 0.01653658152002523, ""Sex"": 0.0, ""Diabetes_binary"": 0.5692604856512141, ""HighBP"": 0.10385130873541469, ""Income"": 0.003941974140649638, ""Age"": 0.0, ""GenHlth"": 0.22053374329864395, ""BMI"": 0.0, ""PhysActivity"": 0.0, ""DiffWalk"": 0.002424314096499527, ""MentHlth"": 0.023986912645853044, ""AnyHealthcare"": 0.0, ""NoDocbcCost"": 0.0, ""CholCheck"": 0.0, ""HeartDiseaseorAttack"": 0.0024637338379060233, ""HighChol"": 0.0, ""Stroke"": 0.0, ""Fruits"": 0.0, ""Veggies"": 0.0, ""Education"": 0.0, ""Smoker"": 0.0}","{""Diabetes_binary"": 0, ""HighBP"": 0, ""HighChol"": 0, ""CholCheck"": 0, ""BMI"": 0, ""Smoker"": 0, ""Stroke"": 0, ""HeartDiseaseorAttack"": 0, ""PhysActivity"": 0, ""Fruits"": 0, ""Veggies"": 0, ""HvyAlcoholConsump"": 0, ""AnyHealthcare"": 0, ""NoDocbcCost"": 0, ""GenHlth"": 0, ""MentHlth"": 0, ""PhysHlth"": 0, ""DiffWalk"": 0, ""Sex"": 0, ""Age"": 0, ""Education"": 0, ""Income"": 0}",46.11107520002406,42.59375,6602752,805706,805706,6445648,3222824,10,cpu,1,2.14.1+cu130,d52d239,45.0,25.0,0.0
L2,moderate,4,2000,k6_128_64_9,nn,"[128, 64]",ReLU,,2000,1600,50736,50,0,2918251893,798964160,-16.04859091311181,0.0165039021543118,0,0.6477254809208451,"{""Diabetes_binary"": -0.3268604874610901, ""HighBP"": -0.5886325836181641, ""HighChol"": -0.6752718687057495, ""CholCheck"": -0.15936069190502167, ""BMI"": -1.142549991607666, ""Smoker"": -0.6873113512992859, ""Stroke"": -0.1502108871936798, ""HeartDiseaseorAttack"": -0.2794317305088043, ""PhysActivity"": -0.5540582537651062, ""Fruits"": -0.6571527123451233, ""Veggies"": -0.48275962471961975, ""HvyAlcoholConsump"": -0.21901220083236694, ""AnyHealthcare"": -0.1866634488105774, ""NoDocbcCost"": -0.2622988522052765, ""GenHlth"": -1.369118571281433, ""MentHlth"": -0.831787645816803, ""PhysHlth"": -0.9675825238227844, ""DiffWalk"": -0.41783377528190613, ""Sex"": -0.6880666613578796, ""Age"": -2.464881658554077, ""Education"": -1.2551687955856323, ""Income"": -1.6825765371322632}","{""HvyAlcoholConsump"": 0.0, ""PhysHlth"": 0.01653658152002523, ""Sex"": 0.0, ""Diabetes_binary"": 0.5692604856512141, ""HighBP"": 0.10385130873541469, ""Income"": 0.003941974140649638, ""Age"": 0.0, ""GenHlth"": 0.22053374329864395, ""BMI"": 0.0, ""PhysActivity"": 0.0, ""DiffWalk"": 0.002424314096499527, ""MentHlth"": 0.023986912645853044, ""AnyHealthcare"": 0.0, ""NoDocbcCost"": 0.0, ""CholCheck"": 0.0, ""HeartDiseaseorAttack"": 0.0024637338379060233, ""HighChol"": 0.0, ""Stroke"": 0.0, ""Fruits"": 0.0, ""Veggies"": 0.0, ""Education"": 0.0, ""Smoker"": 0.0}","{""Diabetes_binary"": 0, ""HighBP"": 0, ""HighChol"": 0, ""CholCheck"": 0, ""BMI"": 0, ""Smoker"": 0, ""Stroke"": 0, ""HeartDiseaseorAttack"": 0, ""PhysActivity"": 0, ""Fruits"": 0, ""Veggies"": 0, ""HvyAlcoholConsump"": 0, ""AnyHealthcare"": 0, ""NoDocbcCost"": 0, ""GenHlth"": 0, ""MentHlth"": 0, ""PhysHlth"": 0, ""DiffWalk"": 0, ""Sex"": 0, ""Age"": 0, ""Education"": 0, ""Income"": 0}",63.15622159998748,60.765625,-124514304,222666,222666,1781328,890664,10,cpu,1,2.14.1+cu130,d52d239,92.1818181818182,42.18181818181818,0.0
L2,moderate,4,10000,mle,mle,,,,10000,10000,50736,50,0,844797153,2865962304,-22.944682863302504,0.0687660856861034,13658,0.2653145695364238,"{""Diabetes_binary"": -2.113233554919667, ""HighBP"": -1.0709989572844025, ""HighChol"": -0.6739209099786095, ""CholCheck"": -0.15463836159068192, ""BMI"": -1.136007734859609, ""Smoker"": -0.6871731178321562, ""Stroke"": -0.14954377089600124, ""HeartDiseaseorAttack"": -0.3027043203798857, ""PhysActivity"": -0.5507238388568476, ""Fruits"": -0.6567147096299721, ""Veggies"": -0.4808545062416465, ""HvyAlcoholConsump"": -0.21615889653009074, ""AnyHealthcare"": -0.1835876564153932, ""NoDocbcCost"": -0.2592510392544215, ""GenHlth"": -5.046257395549565, ""MentHlth"": -1.2220238870052558, ""PhysHlth"": -1.2207354978687848, ""DiffWalk"": -0.4194186300301415, ""Sex"": -0.6857771052430044, ""Age"": -2.4573018675011653, ""Education"": -1.2546869604394986, ""Income"": -2.002970144995702}","{""HvyAlcoholConsump"": 0.0, ""PhysHlth"": 0.001261431725007884, ""Sex"": 0.0, ""Diabetes_binary"": 0.22916666666666666, ""HighBP"": 0.022134184799747714, ""Income"": 0.0005124566382844529, ""Age"": 0.0, ""GenHlth"": 0.0582032481866919, ""BMI"": 0.0, ""PhysActivity"": 0.0, ""DiffWalk"": 0.0, ""MentHlth"": 0.004178492589088615, ""AnyHealthcare"": 0.0, ""NoDocbcCost"": 0.0, ""CholCheck"": 0.0, ""HeartDiseaseorAttack"": 9.854935351624093e-05, ""HighChol"": 0.0, ""Stroke"": 0.0, ""Fruits"": 0.0, ""Veggies"": 0.0, ""Education"": 0.0, ""Smoker"": 0.0}","{""Diabetes_binary"": 3391, ""HighBP"": 934, ""HighChol"": 0, ""CholCheck"": 0, ""BMI"": 0, ""Smoker"": 0, ""Stroke"": 0, ""HeartDiseaseorAttack"": 52, ""PhysActivity"": 0, ""Fruits"": 0, ""Veggies"": 0, ""HvyAlcoholConsump"": 0, ""AnyHealthcare"": 0, ""NoDocbcCost"": 0, ""GenHlth"": 7338, ""MentHlth"": 774, ""PhysHlth"": 510, ""DiffWalk"": 8, ""Sex"": 0, ""Age"": 0, ""Education"": 0, ""Income"": 651}",0.3875277000188362,0.375,16384,81983,49496,655864,655864,10,cpu,1,2.14.1+cu130,d52d239,,,
L2,moderate,4,10000,dirichlet_0.5,dirichlet,,,0.5,10000,10000,50736,50,0,844797153,2865962304,-16.273991546786718,0.0170598361063227,0,0.2653145695364238,"{""Diabetes_binary"": -0.45789774437276404, ""HighBP"": -0.602960586285766, ""HighChol"": -0.673892730447946, ""CholCheck"": -0.15457387217953333, ""BMI"": -1.1359139834824965, ""Smoker"": -0.687173211049159, ""Stroke"": -0.14949815429433544, ""HeartDiseaseorAttack"": -0.2790222752403184, ""PhysActivity"": -0.5507193097874399, ""Fruits"": -0.6567150820988146, ""Veggies"": -0.4808549537978285, ""HvyAlcoholConsump"": -0.2161601250759236, ""AnyHealthcare"": -0.18358724680373587, ""NoDocbcCost"": -0.2592362747604679, ""GenHlth"": -1.455653910212377, ""MentHlth"": -0.8475628686657243, ""PhysHlth"": -0.974943315508427, ""DiffWalk"": -0.41543030532537334, ""Sex"": -0.6857772525936024, ""Age"": -2.4573027066642577, ""Education"": -1.254664049290683, ""Income"": -1.6944515888497456}","{""HvyAlcoholConsump"": 0.0, ""PhysHlth"": 0.001261431725007884, ""Sex"": 0.0, ""Diabetes_binary"": 0.22916666666666666, ""HighBP"": 0.022134184799747714, ""Income"": 0.0005124566382844529, ""Age"": 0.0, ""GenHlth"": 0.0582032481866919, ""BMI"": 0.0, ""PhysActivity"": 0.0, ""DiffWalk"": 0.0, ""MentHlth"": 0.004178492589088615, ""AnyHealthcare"": 0.0, ""NoDocbcCost"": 0.0, ""CholCheck"": 0.0, ""HeartDiseaseorAttack"": 9.854935351624093e-05, ""HighChol"": 0.0, ""Stroke"": 0.0, ""Fruits"": 0.0, ""Veggies"": 0.0, ""Education"": 0.0, ""Smoker"": 0.0}","{""Diabetes_binary"": 0, ""HighBP"": 0, ""HighChol"": 0, ""CholCheck"": 0, ""BMI"": 0, ""Smoker"": 0, ""Stroke"": 0, ""HeartDiseaseorAttack"": 0, ""PhysActivity"": 0, ""Fruits"": 0, ""Veggies"": 0, ""HvyAlcoholConsump"": 0, ""AnyHealthcare"": 0, ""NoDocbcCost"": 0, ""GenHlth"": 0, ""MentHlth"": 0, ""PhysHlth"": 0, ""DiffWalk"": 0, ""Sex"": 0, ""Age"": 0, ""Education"": 0, ""Income"": 0}",1.0043653000029735,0.9375,4198400,81983,49496,655864,655864,10,cpu,1,2.14.1+cu130,d52d239,,,
L2,moderate,4,10000,nn_linear,nn,[],linear,,10000,8000,50736,50,0,844797153,2865962304,-15.950793639714876,0.0164305835625122,0,0.2653145695364238,"{""Diabetes_binary"": -0.31961581110954285, ""HighBP"": -0.5788431167602539, ""HighChol"": -0.6740509271621704, ""CholCheck"": -0.15462934970855713, ""BMI"": -1.1359783411026, ""Smoker"": -0.687249481678009, ""Stroke"": -0.1502949595451355, ""HeartDiseaseorAttack"": -0.27786606550216675, ""PhysActivity"": -0.5511380434036255, ""Fruits"": -0.6566331386566162, ""Veggies"": -0.48085856437683105, ""HvyAlcoholConsump"": -0.21616783738136292, ""AnyHealthcare"": -0.18370234966278076, ""NoDocbcCost"": -0.2589866816997528, ""GenHlth"": -1.3485363721847534, ""MentHlth"": -0.827426552772522, ""PhysHlth"": -0.9604249596595764, ""DiffWalk"": -0.41723552346229553, ""Sex"": -0.6857790946960449, ""Age"": -2.457564115524292, ""Education"": -1.2546170949935913, ""Income"": -1.6731956005096436}","{""HvyAlcoholConsump"": 0.0, ""PhysHlth"": 0.001261431725007884, ""Sex"": 0.0, ""Diabetes_binary"": 0.22916666666666666, ""HighBP"": 0.022134184799747714, ""Income"": 0.0005124566382844529, ""Age"": 0.0, ""GenHlth"": 0.0582032481866919, ""BMI"": 0.0, ""PhysActivity"": 0.0, ""DiffWalk"": 0.0, ""MentHlth"": 0.004178492589088615, ""AnyHealthcare"": 0.0, ""NoDocbcCost"": 0.0, ""CholCheck"": 0.0, ""HeartDiseaseorAttack"": 9.854935351624093e-05, ""HighChol"": 0.0, ""Stroke"": 0.0, ""Fruits"": 0.0, ""Veggies"": 0.0, ""Education"": 0.0, ""Smoker"": 0.0}","{""Diabetes_binary"": 0, ""HighBP"": 0, ""HighChol"": 0, ""CholCheck"": 0, ""BMI"": 0, ""Smoker"": 0, ""Stroke"": 0, ""HeartDiseaseorAttack"": 0, ""PhysActivity"": 0, ""Fruits"": 0, ""Veggies"": 0, ""HvyAlcoholConsump"": 0, ""AnyHealthcare"": 0, ""NoDocbcCost"": 0, ""GenHlth"": 0, ""MentHlth"": 0, ""PhysHlth"": 0, ""DiffWalk"": 0, ""Sex"": 0, ""Age"": 0, ""Education"": 0, ""Income"": 0}",120.81433189997917,116.796875,-47579136,946,946,7568,3784,10,cpu,1,2.14.1+cu130,d52d239,63.0,43.45454545454545,0.0454545454545454
L2,moderate,4,10000,01_256x128_lr3e-4,nn,"[256, 128]",ReLU,,10000,8000,50736,50,0,844797153,2865962304,-15.949848221507558,0.0168565584529732,0,0.2653145695364238,"{""Diabetes_binary"": -0.3199702203273773, ""HighBP"": -0.5804467797279358, ""HighChol"": -0.6734008193016052, ""CholCheck"": -0.15488497912883759, ""BMI"": -1.1365758180618286, ""Smoker"": -0.6872576475143433, ""Stroke"": -0.14955748617649078, ""HeartDiseaseorAttack"": -0.27856534719467163, ""PhysActivity"": -0.5511669516563416, ""Fruits"": -0.6566479206085205, ""Veggies"": -0.4808466136455536, ""HvyAlcoholConsump"": -0.2161409854888916, ""AnyHealthcare"": -0.1837184727191925, ""NoDocbcCost"": -0.259257048368454, ""GenHlth"": -1.3471198081970215, ""MentHlth"": -0.8276762962341309, ""PhysHlth"": -0.9600268602371216, ""DiffWalk"": -0.41591569781303406, ""Sex"": -0.6862364411354065, ""Age"": -2.4571735858917236, ""Education"": -1.2555562257766724, ""Income"": -1.6717065572738647}","{""HvyAlcoholConsump"": 0.0, ""PhysHlth"": 0.001261431725007884, ""Sex"": 0.0, ""Diabetes_binary"": 0.22916666666666666, ""HighBP"": 0.022134184799747714, ""Income"": 0.0005124566382844529, ""Age"": 0.0, ""GenHlth"": 0.0582032481866919, ""BMI"": 0.0, ""PhysActivity"": 0.0, ""DiffWalk"": 0.0, ""MentHlth"": 0.004178492589088615, ""AnyHealthcare"": 0.0, ""NoDocbcCost"": 0.0, ""CholCheck"": 0.0, ""HeartDiseaseorAttack"": 9.854935351624093e-05, ""HighChol"": 0.0, ""Stroke"": 0.0, ""Fruits"": 0.0, ""Veggies"": 0.0, ""Education"": 0.0, ""Smoker"": 0.0}","{""Diabetes_binary"": 0, ""HighBP"": 0, ""HighChol"": 0, ""CholCheck"": 0, ""BMI"": 0, ""Smoker"": 0, ""Stroke"": 0, ""HeartDiseaseorAttack"": 0, ""PhysActivity"": 0, ""Fruits"": 0, ""Veggies"": 0, ""HvyAlcoholConsump"": 0, ""AnyHealthcare"": 0, ""NoDocbcCost"": 0, ""GenHlth"": 0, ""MentHlth"": 0, ""PhysHlth"": 0, ""DiffWalk"": 0, ""Sex"": 0, ""Age"": 0, ""Education"": 0, ""Income"": 0}",164.03269299998647,155.96875,19501056,805706,805706,6445648,3222824,10,cpu,1,2.14.1+cu130,d52d239,33.36363636363637,13.363636363636363,0.0
L2,moderate,4,10000,k6_128_64_9,nn,"[128, 64]",ReLU,,10000,8000,50736,50,0,844797153,2865962304,-15.944428142000854,0.0168105383830884,0,0.2653145695364238,"{""Diabetes_binary"": -0.31995704770088196, ""HighBP"": -0.5782561898231506, ""HighChol"": -0.6736628413200378, ""CholCheck"": -0.15450936555862427, ""BMI"": -1.1361960172653198, ""Smoker"": -0.6872650384902954, ""Stroke"": -0.14952945709228516, ""HeartDiseaseorAttack"": -0.2784182131290436, ""PhysActivity"": -0.5516353249549866, ""Fruits"": -0.6566292643547058, ""Veggies"": -0.480851411819458, ""HvyAlcoholConsump"": -0.2161397486925125, ""AnyHealthcare"": -0.18365061283111572, ""NoDocbcCost"": -0.25955018401145935, ""GenHlth"": -1.3460443019866943, ""MentHlth"": -0.8278536200523376, ""PhysHlth"": -0.9594178199768066, ""DiffWalk"": -0.41639649868011475, ""Sex"": -0.6862167119979858, ""Age"": -2.457724094390869, ""Education"": -1.255043625831604, ""Income"": -1.669480562210083}","{""HvyAlcoholConsump"": 0.0, ""PhysHlth"": 0.001261431725007884, ""Sex"": 0.0, ""Diabetes_binary"": 0.22916666666666666, ""HighBP"": 0.022134184799747714, ""Income"": 0.0005124566382844529, ""Age"": 0.0, ""GenHlth"": 0.0582032481866919, ""BMI"": 0.0, ""PhysActivity"": 0.0, ""DiffWalk"": 0.0, ""MentHlth"": 0.004178492589088615, ""AnyHealthcare"": 0.0, ""NoDocbcCost"": 0.0, ""CholCheck"": 0.0, ""HeartDiseaseorAttack"": 9.854935351624093e-05, ""HighChol"": 0.0, ""Stroke"": 0.0, ""Fruits"": 0.0, ""Veggies"": 0.0, ""Education"": 0.0, ""Smoker"": 0.0}","{""Diabetes_binary"": 0, ""HighBP"": 0, ""HighChol"": 0, ""CholCheck"": 0, ""BMI"": 0, ""Smoker"": 0, ""Stroke"": 0, ""HeartDiseaseorAttack"": 0, ""PhysActivity"": 0, ""Fruits"": 0, ""Veggies"": 0, ""HvyAlcoholConsump"": 0, ""AnyHealthcare"": 0, ""NoDocbcCost"": 0, ""GenHlth"": 0, ""MentHlth"": 0, ""PhysHlth"": 0, ""DiffWalk"": 0, ""Sex"": 0, ""Age"": 0, ""Education"": 0, ""Income"": 0}",239.69312179999545,231.734375,-101847040,222666,222666,1781328,890664,10,cpu,1,2.14.1+cu130,d52d239,72.68181818181819,22.681818181818183,0.0
L2,moderate,4,50000,mle,mle,,,,50000,50000,50736,50,0,1338166445,4094808373,-18.248774541845563,0.043598819646215,4548,0.0695364238410596,"{""Diabetes_binary"": -1.2763187153638402, ""HighBP"": -0.7051409173602906, ""HighChol"": -0.6730737473011663, ""CholCheck"": -0.15440699392112342, ""BMI"": -1.1342905735692501, ""Smoker"": -0.6871331236856093, ""Stroke"": -0.14923694906986654, ""HeartDiseaseorAttack"": -0.27925722763651434, ""PhysActivity"": -0.550415573443788, ""Fruits"": -0.6566158294663248, ""Veggies"": -0.4808970217859051, ""HvyAlcoholConsump"": -0.21616473035264622, ""AnyHealthcare"": -0.18340128520312096, ""NoDocbcCost"": -0.25835774114106047, ""GenHlth"": -2.459575634549599, ""MentHlth"": -0.8817732300435877, ""PhysHlth"": -0.9903057388115194, ""DiffWalk"": -0.415187269987863, ""Sex"": -0.6857215658770729, ""Age"": -2.456909272483288, ""Education"": -1.2544973485134376, ""Income"": -1.7000940522786878}","{""HvyAlcoholConsump"": 0.0, ""PhysHlth"": 0.0, ""Sex"": 0.0, ""Diabetes_binary"": 0.05995742667928099, ""HighBP"": 0.003271838536739199, ""Income"": 5.912961210974456e-05, ""Age"": 0.0, ""GenHlth"": 0.011333175654367707, ""BMI"": 0.0, ""PhysActivity"": 0.0, ""DiffWalk"": 0.0, ""MentHlth"": 0.0004927467675812047, ""AnyHealthcare"": 0.0, ""NoDocbcCost"": 0.0, ""CholCheck"": 0.0, ""HeartDiseaseorAttack"": 0.0, ""HighChol"": 0.0, ""Stroke"": 0.0, ""Fruits"": 0.0, ""Veggies"": 0.0, ""Education"": 0.0, ""Smoker"": 0.0}","{""Diabetes_binary"": 1856, ""HighBP"": 247, ""HighChol"": 0, ""CholCheck"": 0, ""BMI"": 0, ""Smoker"": 0, ""Stroke"": 0, ""HeartDiseaseorAttack"": 3, ""PhysActivity"": 0, ""Fruits"": 0, ""Veggies"": 0, ""HvyAlcoholConsump"": 0, ""AnyHealthcare"": 0, ""NoDocbcCost"": 0, ""GenHlth"": 2207, ""MentHlth"": 106, ""PhysHlth"": 63, ""DiffWalk"": 0, ""Sex"": 0, ""Age"": 0, ""Education"": 0, ""Income"": 66}",0.2615648000210058,0.265625,6787072,81983,49496,655864,655864,10,cpu,1,2.14.1+cu130,d52d239,,,
L2,moderate,4,50000,dirichlet_0.5,dirichlet,,,0.5,50000,50000,50736,50,0,1338166445,4094808373,-16.04230746166497,0.0168874716579742,0,0.0695364238410596,"{""Diabetes_binary"": -0.3763136100548292, ""HighBP"": -0.5819398421939305, ""HighChol"": -0.673072302246853, ""CholCheck"": -0.15440026453186811, ""BMI"": -1.1342820990628872, ""Smoker"": -0.6871331184921261, ""Stroke"": -0.14923754187972996, ""HeartDiseaseorAttack"": -0.2778763153657726, ""PhysActivity"": -0.5504152228934102, ""Fruits"": -0.6566158371138072, ""Veggies"": -0.48089719135089404, ""HvyAlcoholConsump"": -0.21616500484643722, ""AnyHealthcare"": -0.1834011904781278, ""NoDocbcCost"": -0.2583583399812496, ""GenHlth"": -1.390182422867587, ""MentHlth"": -0.8306996425530184, ""PhysHlth"": -0.9606006196510848, ""DiffWalk"": -0.4151763123707652, ""Sex"": -0.6857215851379318, ""Age"": -2.456910041330173, ""Education"": -1.2544995860689487, ""Income"": -1.6684093711935382}","{""HvyAlcoholConsump"": 0.0, ""PhysHlth"": 0.0, ""Sex"": 0.0, ""Diabetes_binary"": 0.05995742667928099, ""HighBP"": 0.003271838536739199, ""Income"": 5.912961210974456e-05, ""Age"": 0.0, ""GenHlth"": 0.011333175654367707, ""BMI"": 0.0, ""PhysActivity"": 0.0, ""DiffWalk"": 0.0, ""MentHlth"": 0.0004927467675812047, ""AnyHealthcare"": 0.0, ""NoDocbcCost"": 0.0, ""CholCheck"": 0.0, ""HeartDiseaseorAttack"": 0.0, ""HighChol"": 0.0, ""Stroke"": 0.0, ""Fruits"": 0.0, ""Veggies"": 0.0, ""Education"": 0.0, ""Smoker"": 0.0}","{""Diabetes_binary"": 0, ""HighBP"": 0, ""HighChol"": 0, ""CholCheck"": 0, ""BMI"": 0, ""Smoker"": 0, ""Stroke"": 0, ""HeartDiseaseorAttack"": 0, ""PhysActivity"": 0, ""Fruits"": 0, ""Veggies"": 0, ""HvyAlcoholConsump"": 0, ""AnyHealthcare"": 0, ""NoDocbcCost"": 0, ""GenHlth"": 0, ""MentHlth"": 0, ""PhysHlth"": 0, ""DiffWalk"": 0, ""Sex"": 0, ""Age"": 0, ""Education"": 0, ""Income"": 0}",0.9726698000158648,0.9375,4251648,81983,49496,655864,655864,10,cpu,1,2.14.1+cu130,d52d239,,,
L2,moderate,4,full,mle,mle,,,,202944,202944,50736,50,0,2012808056,2581711546,-16.585221544470535,0.027728522779707,1318,0.0167730999684642,"{""Diabetes_binary"": -0.6417670874236397, ""HighBP"": -0.603824452438099, ""HighChol"": -0.672977116833614, ""CholCheck"": -0.15413353797092244, ""BMI"": -1.134039633361665, ""Smoker"": -0.6871436089903551, ""Stroke"": -0.14920743229520003, ""HeartDiseaseorAttack"": -0.2775688632428714, ""PhysActivity"": -0.5502838246117591, ""Fruits"": -0.6566148982137279, ""Veggies"": -0.48086506899327086, ""HvyAlcoholConsump"": -0.21613849121313752, ""AnyHealthcare"": -0.18332281568956008, ""NoDocbcCost"": -0.25817771190630173, ""GenHlth"": -1.6445100864186442, ""MentHlth"": -0.8375598206310019, ""PhysHlth"": -0.9588511385033155, ""DiffWalk"": -0.41491739635838343, ""Sex"": -0.6856918347382198, ""Age"": -2.456716695553512, ""Education"": -1.254484567590174, ""Income"": -1.6664254614931597}","{""HvyAlcoholConsump"": 0.0, ""PhysHlth"": 0.0, ""Sex"": 0.0, ""Diabetes_binary"": 0.014427625354777672, ""HighBP"": 0.0004730368968779565, ""Income"": 0.0, ""Age"": 0.0, ""GenHlth"": 0.002522863450015768, ""BMI"": 0.0, ""PhysActivity"": 0.0, ""DiffWalk"": 0.0, ""MentHlth"": 3.941974140649637e-05, ""AnyHealthcare"": 0.0, ""NoDocbcCost"": 0.0, ""CholCheck"": 0.0, ""HeartDiseaseorAttack"": 0.0, ""HighChol"": 0.0, ""Stroke"": 0.0, ""Fruits"": 0.0, ""Veggies"": 0.0, ""Education"": 0.0, ""Smoker"": 0.0}","{""Diabetes_binary"": 630, ""HighBP"": 54, ""HighChol"": 0, ""CholCheck"": 0, ""BMI"": 0, ""Smoker"": 0, ""Stroke"": 0, ""HeartDiseaseorAttack"": 0, ""PhysActivity"": 0, ""Fruits"": 0, ""Veggies"": 0, ""HvyAlcoholConsump"": 0, ""AnyHealthcare"": 0, ""NoDocbcCost"": 0, ""GenHlth"": 596, ""MentHlth"": 23, ""PhysHlth"": 5, ""DiffWalk"": 0, ""Sex"": 0, ""Age"": 0, ""Education"": 0, ""Income"": 10}",0.5628660999936983,0.515625,28672,81983,49496,655864,655864,10,cpu,1,2.14.1+cu130,d52d239,,,
L2,moderate,4,full,dirichlet_0.5,dirichlet,,,0.5,202944,202944,50736,50,0,2012808056,2581711546,-15.950076716988082,0.0166593338019743,0,0.0167730999684642,"{""Diabetes_binary"": -0.3395600196297847, ""HighBP"": -0.5768992836847537, ""HighChol"": -0.6729770071995808, ""CholCheck"": -0.15413284027304308, ""BMI"": -1.1340384838206343, ""Smoker"": -0.6871436060730199, ""Stroke"": -0.14920768566476134, ""HeartDiseaseorAttack"": -0.27758148995423526, ""PhysActivity"": -0.5502839115430402, ""Fruits"": -0.6566148984535194, ""Veggies"": -0.48086509724798404, ""HvyAlcoholConsump"": -0.2161384955228512, ""AnyHealthcare"": -0.18332280664253803, ""NoDocbcCost"": -0.25817739404360035, ""GenHlth"": -1.3570322691272425, ""MentHlth"": -0.8261960032319812, ""PhysHlth"": -0.9564723520537092, ""DiffWalk"": -0.41491481102466365, ""Sex"": -0.6856918367310414, ""Age"": -2.4567167710435824, ""Education"": -1.2544852304664322, ""Income"": -1.6616244235560833}","{""HvyAlcoholConsump"": 0.0, ""PhysHlth"": 0.0, ""Sex"": 0.0, ""Diabetes_binary"": 0.014427625354777672, ""HighBP"": 0.0004730368968779565, ""Income"": 0.0, ""Age"": 0.0, ""GenHlth"": 0.002522863450015768, ""BMI"": 0.0, ""PhysActivity"": 0.0, ""DiffWalk"": 0.0, ""MentHlth"": 3.941974140649637e-05, ""AnyHealthcare"": 0.0, ""NoDocbcCost"": 0.0, ""CholCheck"": 0.0, ""HeartDiseaseorAttack"": 0.0, ""HighChol"": 0.0, ""Stroke"": 0.0, ""Fruits"": 0.0, ""Veggies"": 0.0, ""Education"": 0.0, ""Smoker"": 0.0}","{""Diabetes_binary"": 0, ""HighBP"": 0, ""HighChol"": 0, ""CholCheck"": 0, ""BMI"": 0, ""Smoker"": 0, ""Stroke"": 0, ""HeartDiseaseorAttack"": 0, ""PhysActivity"": 0, ""Fruits"": 0, ""Veggies"": 0, ""HvyAlcoholConsump"": 0, ""AnyHealthcare"": 0, ""NoDocbcCost"": 0, ""GenHlth"": 0, ""MentHlth"": 0, ""PhysHlth"": 0, ""DiffWalk"": 0, ""Sex"": 0, ""Age"": 0, ""Education"": 0, ""Income"": 0}",1.1519975000119302,1.140625,1015808,81983,49496,655864,655864,10,cpu,1,2.14.1+cu130,d52d239,,,
L2,high,4,500,mle,mle,,,,500,500,50736,37,0,739303429,2536829067,-36.04624401446152,0.1221736905537228,39252,0.6708254493850521,"{""Diabetes_binary"": -1.7842906146099913, ""HighBP"": -1.3562368118140256, ""HighChol"": -0.6891143705223823, ""CholCheck"": -0.27227056464755134, ""BMI"": -1.3918941803707463, ""Smoker"": -0.6888753609075874, ""Stroke"": -0.15135198223210425, ""HeartDiseaseorAttack"": -0.28362679568325155, ""PhysActivity"": -0.5662848895356413, ""Fruits"": -0.6566264922493145, ""Veggies"": -0.4808567151879677, ""HvyAlcoholConsump"": -0.21817145108405542, ""AnyHealthcare"": -0.36738890441516725, ""NoDocbcCost"": -0.38012968118004725, ""GenHlth"": -6.3918330759265505, ""MentHlth"": -4.299662852288425, ""PhysHlth"": -4.67463623633578, ""DiffWalk"": -0.6036863816889043, ""Sex"": -0.6857368219041792, ""Age"": -2.4697644972981907, ""Education"": -1.2656318206608093, ""Income"": -6.36817351391885}","{""HvyAlcoholConsump"": 0.0, ""PhysHlth"": 0.05585777357300536, ""Sex"": 0.0, ""Diabetes_binary"": 0.6323123620309051, ""Age"": 0.0, ""Income"": 0.014940081993062125, ""GenHlth"": 0.05585777357300536, ""BMI"": 0.0, ""PhysActivity"": 0.0, ""DiffWalk"": 0.003192999053926206, ""MentHlth"": 0.0863883632923368, ""AnyHealthcare"": 0.0, ""NoDocbcCost"": 0.0076080100914538, ""CholCheck"": 0.0076080100914538, ""HighBP"": 0.009953484705140334, ""HeartDiseaseorAttack"": 0.0, ""Stroke"": 0.0, ""HighChol"": 0.0, ""Education"": 0.0, ""Smoker"": 0.0, ""Fruits"": 0.0, ""Veggies"": 0.0}","{""Diabetes_binary"": 2443, ""HighBP"": 1355, ""HighChol"": 0, ""CholCheck"": 218, ""BMI"": 522, ""Smoker"": 0, ""Stroke"": 0, ""HeartDiseaseorAttack"": 0, ""PhysActivity"": 0, ""Fruits"": 0, ""Veggies"": 0, ""HvyAlcoholConsump"": 0, ""AnyHealthcare"": 386, ""NoDocbcCost"": 213, ""GenHlth"": 10021, ""MentHlth"": 6899, ""PhysHlth"": 7315, ""DiffWalk"": 346, ""Sex"": 0, ""Age"": 0, ""Education"": 28, ""Income"": 9506}",0.1932643000036478,0.1875,4096,12431,7310,99448,99448,10,cpu,1,2.14.1+cu130,d52d239,,,
L2,high,4,500,dirichlet_0.5,dirichlet,,,0.5,500,500,50736,37,0,739303429,2536829067,-17.04086817114121,0.0164081932320234,0,0.6708254493850521,"{""Diabetes_binary"": -0.5984879644528502, ""HighBP"": -0.669398952661689, ""HighChol"": -0.6875074636269215, ""CholCheck"": -0.16890845419722417, ""BMI"": -1.161940102343202, ""Smoker"": -0.6888552633959606, ""Stroke"": -0.1512583264919699, ""HeartDiseaseorAttack"": -0.2841344063259786, ""PhysActivity"": -0.5644195129927587, ""Fruits"": -0.6566292724058097, ""Veggies"": -0.48084831539656614, ""HvyAlcoholConsump"": -0.2183788843331305, ""AnyHealthcare"": -0.19578269805809517, ""NoDocbcCost"": -0.2693080750074991, ""GenHlth"": -1.4949015801298842, ""MentHlth"": -0.9589225078295792, ""PhysHlth"": -1.1093374437983683, ""DiffWalk"": -0.4396627395335007, ""Sex"": -0.685739112007098, ""Age"": -2.46922114648294, ""Education"": -1.2549195797201467, ""Income"": -1.8323063699500388}","{""HvyAlcoholConsump"": 0.0, ""PhysHlth"": 0.05585777357300536, ""Sex"": 0.0, ""Diabetes_binary"": 0.6323123620309051, ""Age"": 0.0, ""Income"": 0.014940081993062125, ""GenHlth"": 0.05585777357300536, ""BMI"": 0.0, ""PhysActivity"": 0.0, ""DiffWalk"": 0.003192999053926206, ""MentHlth"": 0.0863883632923368, ""AnyHealthcare"": 0.0, ""NoDocbcCost"": 0.0076080100914538, ""CholCheck"": 0.0076080100914538, ""HighBP"": 0.009953484705140334, ""HeartDiseaseorAttack"": 0.0, ""Stroke"": 0.0, ""HighChol"": 0.0, ""Education"": 0.0, ""Smoker"": 0.0, ""Fruits"": 0.0, ""Veggies"": 0.0}","{""Diabetes_binary"": 0, ""HighBP"": 0, ""HighChol"": 0, ""CholCheck"": 0, ""BMI"": 0, ""Smoker"": 0, ""Stroke"": 0, ""HeartDiseaseorAttack"": 0, ""PhysActivity"": 0, ""Fruits"": 0, ""Veggies"": 0, ""HvyAlcoholConsump"": 0, ""AnyHealthcare"": 0, ""NoDocbcCost"": 0, ""GenHlth"": 0, ""MentHlth"": 0, ""PhysHlth"": 0, ""DiffWalk"": 0, ""Sex"": 0, ""Age"": 0, ""Education"": 0, ""Income"": 0}",0.3543720000016037,0.296875,4096,12431,7310,99448,99448,10,cpu,1,2.14.1+cu130,d52d239,,,
L2,high,4,500,nn_linear,nn,[],linear,,500,400,50736,37,0,739303429,2536829067,-16.526312381272717,0.0149098109415715,0,0.6708254493850521,"{""Diabetes_binary"": -0.3343493640422821, ""HighBP"": -0.6521701216697693, ""HighChol"": -0.6791356205940247, ""CholCheck"": -0.16787175834178925, ""BMI"": -1.1681809425354004, ""Smoker"": -0.6875802278518677, ""Stroke"": -0.1525474637746811, ""HeartDiseaseorAttack"": -0.2959596514701843, ""PhysActivity"": -0.5602500438690186, ""Fruits"": -0.67744380235672, ""Veggies"": -0.4811042249202728, ""HvyAlcoholConsump"": -0.23681949079036713, ""AnyHealthcare"": -0.20761071145534515, ""NoDocbcCost"": -0.2652184069156647, ""GenHlth"": -1.4087696075439453, ""MentHlth"": -0.8463732004165649, ""PhysHlth"": -0.9810315370559692, ""DiffWalk"": -0.4279831349849701, ""Sex"": -0.686194658279419, ""Age"": -2.4766886234283447, ""Education"": -1.37528657913208, ""Income"": -1.757743000984192}","{""HvyAlcoholConsump"": 0.0, ""PhysHlth"": 0.05585777357300536, ""Sex"": 0.0, ""Diabetes_binary"": 0.6323123620309051, ""Age"": 0.0, ""Income"": 0.014940081993062125, ""GenHlth"": 0.05585777357300536, ""BMI"": 0.0, ""PhysActivity"": 0.0, ""DiffWalk"": 0.003192999053926206, ""MentHlth"": 0.0863883632923368, ""AnyHealthcare"": 0.0, ""NoDocbcCost"": 0.0076080100914538, ""CholCheck"": 0.0076080100914538, ""HighBP"": 0.009953484705140334, ""HeartDiseaseorAttack"": 0.0, ""Stroke"": 0.0, ""HighChol"": 0.0, ""Education"": 0.0, ""Smoker"": 0.0, ""Fruits"": 0.0, ""Veggies"": 0.0}","{""Diabetes_binary"": 0, ""HighBP"": 0, ""HighChol"": 0, ""CholCheck"": 0, ""BMI"": 0, ""Smoker"": 0, ""Stroke"": 0, ""HeartDiseaseorAttack"": 0, ""PhysActivity"": 0, ""Fruits"": 0, ""Veggies"": 0, ""HvyAlcoholConsump"": 0, ""AnyHealthcare"": 0, ""NoDocbcCost"": 0, ""GenHlth"": 0, ""MentHlth"": 0, ""PhysHlth"": 0, ""DiffWalk"": 0, ""Sex"": 0, ""Age"": 0, ""Education"": 0, ""Income"": 0}",22.001309399987804,21.078125,-17899520,810,810,6480,3240,10,cpu,1,2.14.1+cu130,d52d239,163.72727272727272,151.77272727272728,0.4545454545454545
L2,high,4,500,01_256x128_lr3e-4,nn,"[256, 128]",ReLU,,500,400,50736,37,0,739303429,2536829067,-16.31710326988864,0.0165028788099083,0,0.6708254493850521,"{""Diabetes_binary"": -0.3341604471206665, ""HighBP"": -0.6623173952102661, ""HighChol"": -0.6818249225616455, ""CholCheck"": -0.17125490307807922, ""BMI"": -1.1487665176391602, ""Smoker"": -0.6876490712165833, ""Stroke"": -0.15925775468349457, ""HeartDiseaseorAttack"": -0.2840553820133209, ""PhysActivity"": -0.5613319277763367, ""Fruits"": -0.6579160094261169, ""Veggies"": -0.48160046339035034, ""HvyAlcoholConsump"": -0.2337157130241394, ""AnyHealthcare"": -0.19034814834594727, ""NoDocbcCost"": -0.2645794749259949, ""GenHlth"": -1.4021531343460083, ""MentHlth"": -0.8428964614868164, ""PhysHlth"": -0.9765167832374573, ""DiffWalk"": -0.42504021525382996, ""Sex"": -0.686116635799408, ""Age"": -2.4722156524658203, ""Education"": -1.2559462785720825, ""Income"": -1.7374399900436401}","{""HvyAlcoholConsump"": 0.0, ""PhysHlth"": 0.05585777357300536, ""Sex"": 0.0, ""Diabetes_binary"": 0.6323123620309051, ""Age"": 0.0, ""Income"": 0.014940081993062125, ""GenHlth"": 0.05585777357300536, ""BMI"": 0.0, ""PhysActivity"": 0.0, ""DiffWalk"": 0.003192999053926206, ""MentHlth"": 0.0863883632923368, ""AnyHealthcare"": 0.0, ""NoDocbcCost"": 0.0076080100914538, ""CholCheck"": 0.0076080100914538, ""HighBP"": 0.009953484705140334, ""HeartDiseaseorAttack"": 0.0, ""Stroke"": 0.0, ""HighChol"": 0.0, ""Education"": 0.0, ""Smoker"": 0.0, ""Fruits"": 0.0, ""Veggies"": 0.0}","{""Diabetes_binary"": 0, ""HighBP"": 0, ""HighChol"": 0, ""CholCheck"": 0, ""BMI"": 0, ""Smoker"": 0, ""Stroke"": 0, ""HeartDiseaseorAttack"": 0, ""PhysActivity"": 0, ""Fruits"": 0, ""Veggies"": 0, ""HvyAlcoholConsump"": 0, ""AnyHealthcare"": 0, ""NoDocbcCost"": 0, ""GenHlth"": 0, ""MentHlth"": 0, ""PhysHlth"": 0, ""DiffWalk"": 0, ""Sex"": 0, ""Age"": 0, ""Education"": 0, ""Income"": 0}",15.032780600013211,14.421875,15773696,793674,793674,6349392,3174696,10,cpu,1,2.14.1+cu130,d52d239,51.22727272727273,31.227272727272727,0.0
L2,high,4,500,k6_128_64_9,nn,"[128, 64]",ReLU,,500,400,50736,37,0,739303429,2536829067,-16.324918034026346,0.0166157991245724,0,0.6708254493850521,"{""Diabetes_binary"": -0.3340470492839813, ""HighBP"": -0.6546022295951843, ""HighChol"": -0.6825613975524902, ""CholCheck"": -0.16891969740390778, ""BMI"": -1.1585371494293213, ""Smoker"": -0.6876295208930969, ""Stroke"": -0.15484480559825897, ""HeartDiseaseorAttack"": -0.2875880002975464, ""PhysActivity"": -0.5576000809669495, ""Fruits"": -0.6568116545677185, ""Veggies"": -0.4808473289012909, ""HvyAlcoholConsump"": -0.2346927374601364, ""AnyHealthcare"": -0.18917591869831085, ""NoDocbcCost"": -0.26497429609298706, ""GenHlth"": -1.3998180627822876, ""MentHlth"": -0.8438445329666138, ""PhysHlth"": -0.9865435361862183, ""DiffWalk"": -0.42700088024139404, ""Sex"": -0.6863292455673218, ""Age"": -2.4738986492156982, ""Education"": -1.2555584907531738, ""Income"": -1.7390925884246826}","{""HvyAlcoholConsump"": 0.0, ""PhysHlth"": 0.05585777357300536, ""Sex"": 0.0, ""Diabetes_binary"": 0.6323123620309051, ""Age"": 0.0, ""Income"": 0.014940081993062125, ""GenHlth"": 0.05585777357300536, ""BMI"": 0.0, ""PhysActivity"": 0.0, ""DiffWalk"": 0.003192999053926206, ""MentHlth"": 0.0863883632923368, ""AnyHealthcare"": 0.0, ""NoDocbcCost"": 0.0076080100914538, ""CholCheck"": 0.0076080100914538, ""HighBP"": 0.009953484705140334, ""HeartDiseaseorAttack"": 0.0, ""Stroke"": 0.0, ""HighChol"": 0.0, ""Education"": 0.0, ""Smoker"": 0.0, ""Fruits"": 0.0, ""Veggies"": 0.0}","{""Diabetes_binary"": 0, ""HighBP"": 0, ""HighChol"": 0, ""CholCheck"": 0, ""BMI"": 0, ""Smoker"": 0, ""Stroke"": 0, ""HeartDiseaseorAttack"": 0, ""PhysActivity"": 0, ""Fruits"": 0, ""Veggies"": 0, ""HvyAlcoholConsump"": 0, ""AnyHealthcare"": 0, ""NoDocbcCost"": 0, ""GenHlth"": 0, ""MentHlth"": 0, ""PhysHlth"": 0, ""DiffWalk"": 0, ""Sex"": 0, ""Age"": 0, ""Education"": 0, ""Income"": 0}",27.10126389999641,25.796875,-114933760,216650,216650,1733200,866600,10,cpu,1,2.14.1+cu130,d52d239,114.22727272727272,64.22727272727273,0.0
L2,high,4,2000,mle,mle,,,,2000,2000,50736,37,0,2918251893,798964160,-23.279857030855997,0.0744294198403315,14051,0.3196152633238726,"{""Diabetes_binary"": -2.3060225805801724, ""HighBP"": -0.6644046970419839, ""HighChol"": -0.6775230250334483, ""CholCheck"": -0.21012856482542308, ""BMI"": -1.1792895150982796, ""Smoker"": -0.687208590413964, ""Stroke"": -0.14916921134175015, ""HeartDiseaseorAttack"": -0.28311857932001405, ""PhysActivity"": -0.5516956220970095, ""Fruits"": -0.6567815685859257, ""Veggies"": -0.4810817815488816, ""HvyAlcoholConsump"": -0.21705286410458463, ""AnyHealthcare"": -0.18620048199862596, ""NoDocbcCost"": -0.2622354189862981, ""GenHlth"": -2.8819965557150238, ""MentHlth"": -2.0432073811303, ""PhysHlth"": -2.065243069649203, ""DiffWalk"": -0.4468560445363613, ""Sex"": -0.6861409854114539, ""Age"": -2.4606321803629823, ""Education"": -1.2652779171176556, ""Income"": -2.9185903959566533}","{""HvyAlcoholConsump"": 0.0, ""PhysHlth"": 0.01653658152002523, ""Sex"": 0.0, ""Diabetes_binary"": 0.29645616524755597, ""Age"": 0.0, ""Income"": 0.002010406811731315, ""GenHlth"": 0.01653658152002523, ""BMI"": 0.0, ""PhysActivity"": 0.0, ""DiffWalk"": 0.002424314096499527, ""MentHlth"": 0.023986912645853044, ""AnyHealthcare"": 0.0, ""NoDocbcCost"": 0.0, ""CholCheck"": 0.0, ""HighBP"": 0.0028973509933774835, ""HeartDiseaseorAttack"": 0.0, ""Stroke"": 0.0, ""HighChol"": 0.0, ""Education"": 0.0, ""Smoker"": 0.0, ""Fruits"": 0.0, ""Veggies"": 0.0}","{""Diabetes_binary"": 3713, ""HighBP"": 23, ""HighChol"": 0, ""CholCheck"": 109, ""BMI"": 87, ""Smoker"": 0, ""Stroke"": 0, ""HeartDiseaseorAttack"": 0, ""PhysActivity"": 0, ""Fruits"": 0, ""Veggies"": 0, ""HvyAlcoholConsump"": 0, ""AnyHealthcare"": 0, ""NoDocbcCost"": 0, ""GenHlth"": 2980, ""MentHlth"": 2419, ""PhysHlth"": 2163, ""DiffWalk"": 59, ""Sex"": 0, ""Age"": 0, ""Education"": 28, ""Income"": 2470}",0.1344211999967228,0.140625,0,12431,7310,99448,99448,10,cpu,1,2.14.1+cu130,d52d239,,,
L2,high,4,2000,dirichlet_0.5,dirichlet,,,0.5,2000,2000,50736,37,0,2918251893,798964160,-16.51488559294238,0.0167880128656115,0,0.3196152633238726,"{""Diabetes_binary"": -0.4943677786936487, ""HighBP"": -0.6514657940000121, ""HighChol"": -0.6774201117866759, ""CholCheck"": -0.15764616433753614, ""BMI"": -1.1421611635431723, ""Smoker"": -0.6872078240498956, ""Stroke"": -0.14917293660239445, ""HeartDiseaseorAttack"": -0.2831650930321205, ""PhysActivity"": -0.5516852945225955, ""Fruits"": -0.6567839391336211, ""Veggies"": -0.48109028388235675, ""HvyAlcoholConsump"": -0.21708943216812623, ""AnyHealthcare"": -0.18615791186120595, ""NoDocbcCost"": -0.2617466539084357, ""GenHlth"": -1.439625431393351, ""MentHlth"": -0.8816053421808169, ""PhysHlth"": -1.024604231416076, ""DiffWalk"": -0.42018934960941334, ""Sex"": -0.6861423777460615, ""Age"": -2.460628242162851, ""Education"": -1.2548396928662757, ""Income"": -1.7500905440457408}","{""HvyAlcoholConsump"": 0.0, ""PhysHlth"": 0.01653658152002523, ""Sex"": 0.0, ""Diabetes_binary"": 0.29645616524755597, ""Age"": 0.0, ""Income"": 0.002010406811731315, ""GenHlth"": 0.01653658152002523, ""BMI"": 0.0, ""PhysActivity"": 0.0, ""DiffWalk"": 0.002424314096499527, ""MentHlth"": 0.023986912645853044, ""AnyHealthcare"": 0.0, ""NoDocbcCost"": 0.0, ""CholCheck"": 0.0, ""HighBP"": 0.0028973509933774835, ""HeartDiseaseorAttack"": 0.0, ""Stroke"": 0.0, ""HighChol"": 0.0, ""Education"": 0.0, ""Smoker"": 0.0, ""Fruits"": 0.0, ""Veggies"": 0.0}","{""Diabetes_binary"": 0, ""HighBP"": 0, ""HighChol"": 0, ""CholCheck"": 0, ""BMI"": 0, ""Smoker"": 0, ""Stroke"": 0, ""HeartDiseaseorAttack"": 0, ""PhysActivity"": 0, ""Fruits"": 0, ""Veggies"": 0, ""HvyAlcoholConsump"": 0, ""AnyHealthcare"": 0, ""NoDocbcCost"": 0, ""GenHlth"": 0, ""MentHlth"": 0, ""PhysHlth"": 0, ""DiffWalk"": 0, ""Sex"": 0, ""Age"": 0, ""Education"": 0, ""Income"": 0}",0.2412582999968435,0.25,0,12431,7310,99448,99448,10,cpu,1,2.14.1+cu130,d52d239,,,
L2,high,4,2000,nn_linear,nn,[],linear,,2000,1600,50736,37,0,2918251893,798964160,-16.145669472313475,0.0162210789096328,0,0.3196152633238726,"{""Diabetes_binary"": -0.3245977759361267, ""HighBP"": -0.6466311812400818, ""HighChol"": -0.6744067072868347, ""CholCheck"": -0.15612098574638367, ""BMI"": -1.1434698104858398, ""Smoker"": -0.689586877822876, ""Stroke"": -0.15020044147968292, ""HeartDiseaseorAttack"": -0.28287190198898315, ""PhysActivity"": -0.5528871417045593, ""Fruits"": -0.6573136448860168, ""Veggies"": -0.486471027135849, ""HvyAlcoholConsump"": -0.21892407536506653, ""AnyHealthcare"": -0.1868509203195572, ""NoDocbcCost"": -0.26193398237228394, ""GenHlth"": -1.3766744136810303, ""MentHlth"": -0.8314601182937622, ""PhysHlth"": -0.971928060054779, ""DiffWalk"": -0.41817715764045715, ""Sex"": -0.6879568696022034, ""Age"": -2.465541124343872, ""Education"": -1.2584630250930786, ""Income"": -1.7032021284103394}","{""HvyAlcoholConsump"": 0.0, ""PhysHlth"": 0.01653658152002523, ""Sex"": 0.0, ""Diabetes_binary"": 0.29645616524755597, ""Age"": 0.0, ""Income"": 0.002010406811731315, ""GenHlth"": 0.01653658152002523, ""BMI"": 0.0, ""PhysActivity"": 0.0, ""DiffWalk"": 0.002424314096499527, ""MentHlth"": 0.023986912645853044, ""AnyHealthcare"": 0.0, ""NoDocbcCost"": 0.0, ""CholCheck"": 0.0, ""HighBP"": 0.0028973509933774835, ""HeartDiseaseorAttack"": 0.0, ""Stroke"": 0.0, ""HighChol"": 0.0, ""Education"": 0.0, ""Smoker"": 0.0, ""Fruits"": 0.0, ""Veggies"": 0.0}","{""Diabetes_binary"": 0, ""HighBP"": 0, ""HighChol"": 0, ""CholCheck"": 0, ""BMI"": 0, ""Smoker"": 0, ""Stroke"": 0, ""HeartDiseaseorAttack"": 0, ""PhysActivity"": 0, ""Fruits"": 0, ""Veggies"": 0, ""HvyAlcoholConsump"": 0, ""AnyHealthcare"": 0, ""NoDocbcCost"": 0, ""GenHlth"": 0, ""MentHlth"": 0, ""PhysHlth"": 0, ""DiffWalk"": 0, ""Sex"": 0, ""Age"": 0, ""Education"": 0, ""Income"": 0}",46.63618490000954,44.109375,-29741056,810,810,6480,3240,10,cpu,1,2.14.1+cu130,d52d239,117.54545454545456,100.54545454545456,0.1818181818181818
L2,high,4,2000,01_256x128_lr3e-4,nn,"[256, 128]",ReLU,,2000,1600,50736,37,0,2918251893,798964160,-16.130103918914777,0.0162748719752534,0,0.3196152633238726,"{""Diabetes_binary"": -0.3251051604747772, ""HighBP"": -0.6466967463493347, ""HighChol"": -0.6756187081336975, ""CholCheck"": -0.15754884481430054, ""BMI"": -1.143033742904663, ""Smoker"": -0.6873072981834412, ""Stroke"": -0.1494934856891632, ""HeartDiseaseorAttack"": -0.2832763195037842, ""PhysActivity"": -0.554438054561615, ""Fruits"": -0.6570504903793335, ""Veggies"": -0.497702032327652, ""HvyAlcoholConsump"": -0.21778032183647156, ""AnyHealthcare"": -0.18635721504688263, ""NoDocbcCost"": -0.2617589831352234, ""GenHlth"": -1.373857021331787, ""MentHlth"": -0.8303776383399963, ""PhysHlth"": -0.9686573147773743, ""DiffWalk"": -0.41733789443969727, ""Sex"": -0.6868506669998169, ""Age"": -2.4615888595581055, ""Education"": -1.2549684047698975, ""Income"": -1.6932986974716187}","{""HvyAlcoholConsump"": 0.0, ""PhysHlth"": 0.01653658152002523, ""Sex"": 0.0, ""Diabetes_binary"": 0.29645616524755597, ""Age"": 0.0, ""Income"": 0.002010406811731315, ""GenHlth"": 0.01653658152002523, ""BMI"": 0.0, ""PhysActivity"": 0.0, ""DiffWalk"": 0.002424314096499527, ""MentHlth"": 0.023986912645853044, ""AnyHealthcare"": 0.0, ""NoDocbcCost"": 0.0, ""CholCheck"": 0.0, ""HighBP"": 0.0028973509933774835, ""HeartDiseaseorAttack"": 0.0, ""Stroke"": 0.0, ""HighChol"": 0.0, ""Education"": 0.0, ""Smoker"": 0.0, ""Fruits"": 0.0, ""Veggies"": 0.0}","{""Diabetes_binary"": 0, ""HighBP"": 0, ""HighChol"": 0, ""CholCheck"": 0, ""BMI"": 0, ""Smoker"": 0, ""Stroke"": 0, ""HeartDiseaseorAttack"": 0, ""PhysActivity"": 0, ""Fruits"": 0, ""Veggies"": 0, ""HvyAlcoholConsump"": 0, ""AnyHealthcare"": 0, ""NoDocbcCost"": 0, ""GenHlth"": 0, ""MentHlth"": 0, ""PhysHlth"": 0, ""DiffWalk"": 0, ""Sex"": 0, ""Age"": 0, ""Education"": 0, ""Income"": 0}",46.41458109999076,42.34375,21590016,793674,793674,6349392,3174696,10,cpu,1,2.14.1+cu130,d52d239,40.13636363636363,20.13636363636364,0.0
L2,high,4,2000,k6_128_64_9,nn,"[128, 64]",ReLU,,2000,1600,50736,37,0,2918251893,798964160,-16.129683673775226,0.0164098635641462,0,0.3196152633238726,"{""Diabetes_binary"": -0.3263707458972931, ""HighBP"": -0.6468444466590881, ""HighChol"": -0.6761648058891296, ""CholCheck"": -0.16125106811523438, ""BMI"": -1.143711805343628, ""Smoker"": -0.6872730255126953, ""Stroke"": -0.1494770646095276, ""HeartDiseaseorAttack"": -0.2833319306373596, ""PhysActivity"": -0.5534172654151917, ""Fruits"": -0.6572336554527283, ""Veggies"": -0.48742425441741943, ""HvyAlcoholConsump"": -0.21930743753910065, ""AnyHealthcare"": -0.18568550050258636, ""NoDocbcCost"": -0.26158058643341064, ""GenHlth"": -1.37467622756958, ""MentHlth"": -0.8320772051811218, ""PhysHlth"": -0.9674865007400513, ""DiffWalk"": -0.4179336428642273, ""Sex"": -0.687796950340271, ""Age"": -2.4621033668518066, ""Education"": -1.2552170753479004, ""Income"": -1.693319320678711}","{""HvyAlcoholConsump"": 0.0, ""PhysHlth"": 0.01653658152002523, ""Sex"": 0.0, ""Diabetes_binary"": 0.29645616524755597, ""Age"": 0.0, ""Income"": 0.002010406811731315, ""GenHlth"": 0.01653658152002523, ""BMI"": 0.0, ""PhysActivity"": 0.0, ""DiffWalk"": 0.002424314096499527, ""MentHlth"": 0.023986912645853044, ""AnyHealthcare"": 0.0, ""NoDocbcCost"": 0.0, ""CholCheck"": 0.0, ""HighBP"": 0.0028973509933774835, ""HeartDiseaseorAttack"": 0.0, ""Stroke"": 0.0, ""HighChol"": 0.0, ""Education"": 0.0, ""Smoker"": 0.0, ""Fruits"": 0.0, ""Veggies"": 0.0}","{""Diabetes_binary"": 0, ""HighBP"": 0, ""HighChol"": 0, ""CholCheck"": 0, ""BMI"": 0, ""Smoker"": 0, ""Stroke"": 0, ""HeartDiseaseorAttack"": 0, ""PhysActivity"": 0, ""Fruits"": 0, ""Veggies"": 0, ""HvyAlcoholConsump"": 0, ""AnyHealthcare"": 0, ""NoDocbcCost"": 0, ""GenHlth"": 0, ""MentHlth"": 0, ""PhysHlth"": 0, ""DiffWalk"": 0, ""Sex"": 0, ""Age"": 0, ""Education"": 0, ""Income"": 0}",70.9240839999984,67.265625,-112775168,216650,216650,1733200,866600,10,cpu,1,2.14.1+cu130,d52d239,93.63636363636364,43.63636363636363,0.0
L2,high,4,10000,mle,mle,,,,10000,10000,50736,37,0,844797153,2865962304,-18.38892590094829,0.045496040650744,4580,0.0716256701356039,"{""Diabetes_binary"": -1.5204021566163122, ""HighBP"": -0.6486625469541375, ""HighChol"": -0.6734875582977776, ""CholCheck"": -0.15463836159068192, ""BMI"": -1.136007734859609, ""Smoker"": -0.6871731178321562, ""Stroke"": -0.14942368939469125, ""HeartDiseaseorAttack"": -0.2824253325709759, ""PhysActivity"": -0.5507238388568476, ""Fruits"": -0.6567147096299721, ""Veggies"": -0.4808545062416465, ""HvyAlcoholConsump"": -0.21615889653009074, ""AnyHealthcare"": -0.1835876564153932, ""NoDocbcCost"": -0.2592510392544215, ""GenHlth"": -1.7451412288254713, ""MentHlth"": -1.2220238870052558, ""PhysHlth"": -1.2207354978687848, ""DiffWalk"": -0.4194186300301415, ""Sex"": -0.6857771052430044, ""Age"": -2.4573018675011653, ""Education"": -1.2546869604394986, ""Income"": -1.784329578990258}","{""HvyAlcoholConsump"": 0.0, ""PhysHlth"": 0.001261431725007884, ""Sex"": 0.0, ""Diabetes_binary"": 0.06691501103752759, ""Age"": 0.0, ""Income"": 0.0005124566382844529, ""GenHlth"": 0.001261431725007884, ""BMI"": 0.0, ""PhysActivity"": 0.0, ""DiffWalk"": 0.0, ""MentHlth"": 0.004178492589088615, ""AnyHealthcare"": 0.0, ""NoDocbcCost"": 0.0, ""CholCheck"": 0.0, ""HighBP"": 0.0, ""HeartDiseaseorAttack"": 0.0, ""Stroke"": 0.0, ""HighChol"": 0.0, ""Education"": 0.0, ""Smoker"": 0.0, ""Fruits"": 0.0, ""Veggies"": 0.0}","{""Diabetes_binary"": 2325, ""HighBP"": 6, ""HighChol"": 0, ""CholCheck"": 0, ""BMI"": 0, ""Smoker"": 0, ""Stroke"": 0, ""HeartDiseaseorAttack"": 0, ""PhysActivity"": 0, ""Fruits"": 0, ""Veggies"": 0, ""HvyAlcoholConsump"": 0, ""AnyHealthcare"": 0, ""NoDocbcCost"": 0, ""GenHlth"": 765, ""MentHlth"": 774, ""PhysHlth"": 510, ""DiffWalk"": 8, ""Sex"": 0, ""Age"": 0, ""Education"": 0, ""Income"": 192}",0.1063344000140205,0.09375,0,12431,7310,99448,99448,10,cpu,1,2.14.1+cu130,d52d239,,,
L2,high,4,10000,dirichlet_0.5,dirichlet,,,0.5,10000,10000,50736,37,0,844797153,2865962304,-16.172339830708232,0.0168160379447526,0,0.0716256701356039,"{""Diabetes_binary"": -0.39259963839199713, ""HighBP"": -0.6455433485602089, ""HighChol"": -0.6734864556511236, ""CholCheck"": -0.15457387217953333, ""BMI"": -1.1359139834824965, ""Smoker"": -0.687173211049159, ""Stroke"": -0.149436422112616, ""HeartDiseaseorAttack"": -0.28242585876530835, ""PhysActivity"": -0.5507193097874399, ""Fruits"": -0.6567150820988146, ""Veggies"": -0.4808549537978285, ""HvyAlcoholConsump"": -0.2161601250759236, ""AnyHealthcare"": -0.18358724680373587, ""NoDocbcCost"": -0.2592362747604679, ""GenHlth"": -1.3766488733798257, ""MentHlth"": -0.8475628686657243, ""PhysHlth"": -0.974943315508427, ""DiffWalk"": -0.41543030532537334, ""Sex"": -0.6857772525936024, ""Age"": -2.4573027066642577, ""Education"": -1.254664049290683, ""Income"": -1.6915846767636855}","{""HvyAlcoholConsump"": 0.0, ""PhysHlth"": 0.001261431725007884, ""Sex"": 0.0, ""Diabetes_binary"": 0.06691501103752759, ""Age"": 0.0, ""Income"": 0.0005124566382844529, ""GenHlth"": 0.001261431725007884, ""BMI"": 0.0, ""PhysActivity"": 0.0, ""DiffWalk"": 0.0, ""MentHlth"": 0.004178492589088615, ""AnyHealthcare"": 0.0, ""NoDocbcCost"": 0.0, ""CholCheck"": 0.0, ""HighBP"": 0.0, ""HeartDiseaseorAttack"": 0.0, ""Stroke"": 0.0, ""HighChol"": 0.0, ""Education"": 0.0, ""Smoker"": 0.0, ""Fruits"": 0.0, ""Veggies"": 0.0}","{""Diabetes_binary"": 0, ""HighBP"": 0, ""HighChol"": 0, ""CholCheck"": 0, ""BMI"": 0, ""Smoker"": 0, ""Stroke"": 0, ""HeartDiseaseorAttack"": 0, ""PhysActivity"": 0, ""Fruits"": 0, ""Veggies"": 0, ""HvyAlcoholConsump"": 0, ""AnyHealthcare"": 0, ""NoDocbcCost"": 0, ""GenHlth"": 0, ""MentHlth"": 0, ""PhysHlth"": 0, ""DiffWalk"": 0, ""Sex"": 0, ""Age"": 0, ""Education"": 0, ""Income"": 0}",0.2177763999789022,0.21875,0,12431,7310,99448,99448,10,cpu,1,2.14.1+cu130,d52d239,,,
L2,high,4,10000,nn_linear,nn,[],linear,,10000,8000,50736,37,0,844797153,2865962304,-16.03968350023753,0.0163695798857068,0,0.0716256701356039,"{""Diabetes_binary"": -0.31990164518356323, ""HighBP"": -0.6448633670806885, ""HighChol"": -0.6732157468795776, ""CholCheck"": -0.15445682406425476, ""BMI"": -1.1359798908233643, ""Smoker"": -0.687200665473938, ""Stroke"": -0.15039783716201782, ""HeartDiseaseorAttack"": -0.28248825669288635, ""PhysActivity"": -0.5510252118110657, ""Fruits"": -0.6566680073738098, ""Veggies"": -0.4808497726917267, ""HvyAlcoholConsump"": -0.21615919470787048, ""AnyHealthcare"": -0.18377283215522766, ""NoDocbcCost"": -0.25894689559936523, ""GenHlth"": -1.3599445819854736, ""MentHlth"": -0.827293336391449, ""PhysHlth"": -0.9604542851448059, ""DiffWalk"": -0.4165169894695282, ""Sex"": -0.6857621669769287, ""Age"": -2.457643747329712, ""Education"": -1.254594087600708, ""Income"": -1.6815485954284668}","{""HvyAlcoholConsump"": 0.0, ""PhysHlth"": 0.001261431725007884, ""Sex"": 0.0, ""Diabetes_binary"": 0.06691501103752759, ""Age"": 0.0, ""Income"": 0.0005124566382844529, ""GenHlth"": 0.001261431725007884, ""BMI"": 0.0, ""PhysActivity"": 0.0, ""DiffWalk"": 0.0, ""MentHlth"": 0.004178492589088615, ""AnyHealthcare"": 0.0, ""NoDocbcCost"": 0.0, ""CholCheck"": 0.0, ""HighBP"": 0.0, ""HeartDiseaseorAttack"": 0.0, ""Stroke"": 0.0, ""HighChol"": 0.0, ""Education"": 0.0, ""Smoker"": 0.0, ""Fruits"": 0.0, ""Veggies"": 0.0}","{""Diabetes_binary"": 0, ""HighBP"": 0, ""HighChol"": 0, ""CholCheck"": 0, ""BMI"": 0, ""Smoker"": 0, ""Stroke"": 0, ""HeartDiseaseorAttack"": 0, ""PhysActivity"": 0, ""Fruits"": 0, ""Veggies"": 0, ""HvyAlcoholConsump"": 0, ""AnyHealthcare"": 0, ""NoDocbcCost"": 0, ""GenHlth"": 0, ""MentHlth"": 0, ""PhysHlth"": 0, ""DiffWalk"": 0, ""Sex"": 0, ""Age"": 0, ""Education"": 0, ""Income"": 0}",99.18131380001432,97.0,-79855616,810,810,6480,3240,10,cpu,1,2.14.1+cu130,d52d239,58.95454545454545,38.95454545454545,0.0
L2,high,4,10000,01_256x128_lr3e-4,nn,"[256, 128]",ReLU,,10000,8000,50736,37,0,844797153,2865962304,-16.03717239483723,0.0166078974135171,0,0.0716256701356039,"{""Diabetes_binary"": -0.3200021982192993, ""HighBP"": -0.6457754969596863, ""HighChol"": -0.6738027334213257, ""CholCheck"": -0.15470096468925476, ""BMI"": -1.1370302438735962, ""Smoker"": -0.6872745156288147, ""Stroke"": -0.14931289851665497, ""HeartDiseaseorAttack"": -0.2830488383769989, ""PhysActivity"": -0.5510891675949097, ""Fruits"": -0.6566370129585266, ""Veggies"": -0.48085880279541016, ""HvyAlcoholConsump"": -0.21613933145999908, ""AnyHealthcare"": -0.18382956087589264, ""NoDocbcCost"": -0.2592548131942749, ""GenHlth"": -1.3572924137115479, ""MentHlth"": -0.8275027275085449, ""PhysHlth"": -0.959439218044281, ""DiffWalk"": -0.41653597354888916, ""Sex"": -0.6862096190452576, ""Age"": -2.457685947418213, ""Education"": -1.2549649477005005, ""Income"": -1.6787852048873901}","{""HvyAlcoholConsump"": 0.0, ""PhysHlth"": 0.001261431725007884, ""Sex"": 0.0, ""Diabetes_binary"": 0.06691501103752759, ""Age"": 0.0, ""Income"": 0.0005124566382844529, ""GenHlth"": 0.001261431725007884, ""BMI"": 0.0, ""PhysActivity"": 0.0, ""DiffWalk"": 0.0, ""MentHlth"": 0.004178492589088615, ""AnyHealthcare"": 0.0, ""NoDocbcCost"": 0.0, ""CholCheck"": 0.0, ""HighBP"": 0.0, ""HeartDiseaseorAttack"": 0.0, ""Stroke"": 0.0, ""HighChol"": 0.0, ""Education"": 0.0, ""Smoker"": 0.0, ""Fruits"": 0.0, ""Veggies"": 0.0}","{""Diabetes_binary"": 0, ""HighBP"": 0, ""HighChol"": 0, ""CholCheck"": 0, ""BMI"": 0, ""Smoker"": 0, ""Stroke"": 0, ""HeartDiseaseorAttack"": 0, ""PhysActivity"": 0, ""Fruits"": 0, ""Veggies"": 0, ""HvyAlcoholConsump"": 0, ""AnyHealthcare"": 0, ""NoDocbcCost"": 0, ""GenHlth"": 0, ""MentHlth"": 0, ""PhysHlth"": 0, ""DiffWalk"": 0, ""Sex"": 0, ""Age"": 0, ""Education"": 0, ""Income"": 0}",169.07779450001544,159.484375,33267712,793674,793674,6349392,3174696,10,cpu,1,2.14.1+cu130,d52d239,33.27272727272727,13.272727272727272,0.0
L2,high,4,10000,k6_128_64_9,nn,"[128, 64]",ReLU,,10000,8000,50736,37,0,844797153,2865962304,-16.034961915885088,0.0167140966331074,0,0.0716256701356039,"{""Diabetes_binary"": -0.32162848114967346, ""HighBP"": -0.6453765034675598, ""HighChol"": -0.6737220287322998, ""CholCheck"": -0.15455473959445953, ""BMI"": -1.1361039876937866, ""Smoker"": -0.6872819066047668, ""Stroke"": -0.1492539942264557, ""HeartDiseaseorAttack"": -0.282787024974823, ""PhysActivity"": -0.5511568784713745, ""Fruits"": -0.6566309332847595, ""Veggies"": -0.48086586594581604, ""HvyAlcoholConsump"": -0.21614336967468262, ""AnyHealthcare"": -0.18363074958324432, ""NoDocbcCost"": -0.2596352994441986, ""GenHlth"": -1.3566596508026123, ""MentHlth"": -0.8273158073425293, ""PhysHlth"": -0.9593517780303955, ""DiffWalk"": -0.41645336151123047, ""Sex"": -0.6861211061477661, ""Age"": -2.4574496746063232, ""Education"": -1.2549644708633423, ""Income"": -1.677874207496643}","{""HvyAlcoholConsump"": 0.0, ""PhysHlth"": 0.001261431725007884, ""Sex"": 0.0, ""Diabetes_binary"": 0.06691501103752759, ""Age"": 0.0, ""Income"": 0.0005124566382844529, ""GenHlth"": 0.001261431725007884, ""BMI"": 0.0, ""PhysActivity"": 0.0, ""DiffWalk"": 0.0, ""MentHlth"": 0.004178492589088615, ""AnyHealthcare"": 0.0, ""NoDocbcCost"": 0.0, ""CholCheck"": 0.0, ""HighBP"": 0.0, ""HeartDiseaseorAttack"": 0.0, ""Stroke"": 0.0, ""HighChol"": 0.0, ""Education"": 0.0, ""Smoker"": 0.0, ""Fruits"": 0.0, ""Veggies"": 0.0}","{""Diabetes_binary"": 0, ""HighBP"": 0, ""HighChol"": 0, ""CholCheck"": 0, ""BMI"": 0, ""Smoker"": 0, ""Stroke"": 0, ""HeartDiseaseorAttack"": 0, ""PhysActivity"": 0, ""Fruits"": 0, ""Veggies"": 0, ""HvyAlcoholConsump"": 0, ""AnyHealthcare"": 0, ""NoDocbcCost"": 0, ""GenHlth"": 0, ""MentHlth"": 0, ""PhysHlth"": 0, ""DiffWalk"": 0, ""Sex"": 0, ""Age"": 0, ""Education"": 0, ""Income"": 0}",275.007425400021,267.0625,-104914944,216650,216650,1733200,866600,10,cpu,1,2.14.1+cu130,d52d239,84.13636363636364,34.13636363636363,0.0
L2,high,4,50000,mle,mle,,,,50000,50000,50736,37,0,1338166445,4094808373,-16.463088028842254,0.0244568604471344,877,0.0102294228949858,"{""Diabetes_binary"": -0.6182144057157175, ""HighBP"": -0.6443197893193413, ""HighChol"": -0.6731009779005415, ""CholCheck"": -0.15440699392112342, ""BMI"": -1.1342905735692501, ""Smoker"": -0.6871331236856093, ""Stroke"": -0.14918489755679284, ""HeartDiseaseorAttack"": -0.2824097726443391, ""PhysActivity"": -0.550415573443788, ""Fruits"": -0.6566158294663248, ""Veggies"": -0.4808970217859051, ""HvyAlcoholConsump"": -0.21616473035264622, ""AnyHealthcare"": -0.18340128520312096, ""NoDocbcCost"": -0.25835774114106047, ""GenHlth"": -1.398066276541362, ""MentHlth"": -0.8817732300435877, ""PhysHlth"": -0.9903057388115194, ""DiffWalk"": -0.415187269987863, ""Sex"": -0.6857215658770729, ""Age"": -2.456909272483288, ""Education"": -1.2544973485134376, ""Income"": -1.6917146108785626}","{""HvyAlcoholConsump"": 0.0, ""PhysHlth"": 0.0, ""Sex"": 0.0, ""Diabetes_binary"": 0.009736676127404604, ""Age"": 0.0, ""Income"": 0.0, ""GenHlth"": 0.0, ""BMI"": 0.0, ""PhysActivity"": 0.0, ""DiffWalk"": 0.0, ""MentHlth"": 0.0004927467675812047, ""AnyHealthcare"": 0.0, ""NoDocbcCost"": 0.0, ""CholCheck"": 0.0, ""HighBP"": 0.0, ""HeartDiseaseorAttack"": 0.0, ""Stroke"": 0.0, ""HighChol"": 0.0, ""Education"": 0.0, ""Smoker"": 0.0, ""Fruits"": 0.0, ""Veggies"": 0.0}","{""Diabetes_binary"": 590, ""HighBP"": 0, ""HighChol"": 0, ""CholCheck"": 0, ""BMI"": 0, ""Smoker"": 0, ""Stroke"": 0, ""HeartDiseaseorAttack"": 0, ""PhysActivity"": 0, ""Fruits"": 0, ""Veggies"": 0, ""HvyAlcoholConsump"": 0, ""AnyHealthcare"": 0, ""NoDocbcCost"": 0, ""GenHlth"": 85, ""MentHlth"": 106, ""PhysHlth"": 63, ""DiffWalk"": 0, ""Sex"": 0, ""Age"": 0, ""Education"": 0, ""Income"": 33}",0.0866006000142078,0.078125,3649536,12431,7310,99448,99448,10,cpu,1,2.14.1+cu130,d52d239,,,
L2,high,4,50000,dirichlet_0.5,dirichlet,,,0.5,50000,50000,50736,37,0,1338166445,4094808373,-16.04684475132836,0.0165768784181346,0,0.0102294228949858,"{""Diabetes_binary"": -0.33938000246953826, ""HighBP"": -0.644316650927941, ""HighChol"": -0.6731010822952127, ""CholCheck"": -0.15440026453186811, ""BMI"": -1.1342820990628872, ""Smoker"": -0.6871331184921261, ""Stroke"": -0.14918567517539424, ""HeartDiseaseorAttack"": -0.28240922905151483, ""PhysActivity"": -0.5504152228934102, ""Fruits"": -0.6566158371138072, ""Veggies"": -0.48089719135089404, ""HvyAlcoholConsump"": -0.21616500484643722, ""AnyHealthcare"": -0.1834011904781278, ""NoDocbcCost"": -0.2583583399812496, ""GenHlth"": -1.3574566215218629, ""MentHlth"": -0.8306996425530184, ""PhysHlth"": -0.9606006196510848, ""DiffWalk"": -0.4151763123707652, ""Sex"": -0.6857215851379318, ""Age"": -2.456910041330173, ""Education"": -1.2544995860689487, ""Income"": -1.6757194340241677}","{""HvyAlcoholConsump"": 0.0, ""PhysHlth"": 0.0, ""Sex"": 0.0, ""Diabetes_binary"": 0.009736676127404604, ""Age"": 0.0, ""Income"": 0.0, ""GenHlth"": 0.0, ""BMI"": 0.0, ""PhysActivity"": 0.0, ""DiffWalk"": 0.0, ""MentHlth"": 0.0004927467675812047, ""AnyHealthcare"": 0.0, ""NoDocbcCost"": 0.0, ""CholCheck"": 0.0, ""HighBP"": 0.0, ""HeartDiseaseorAttack"": 0.0, ""Stroke"": 0.0, ""HighChol"": 0.0, ""Education"": 0.0, ""Smoker"": 0.0, ""Fruits"": 0.0, ""Veggies"": 0.0}","{""Diabetes_binary"": 0, ""HighBP"": 0, ""HighChol"": 0, ""CholCheck"": 0, ""BMI"": 0, ""Smoker"": 0, ""Stroke"": 0, ""HeartDiseaseorAttack"": 0, ""PhysActivity"": 0, ""Fruits"": 0, ""Veggies"": 0, ""HvyAlcoholConsump"": 0, ""AnyHealthcare"": 0, ""NoDocbcCost"": 0, ""GenHlth"": 0, ""MentHlth"": 0, ""PhysHlth"": 0, ""DiffWalk"": 0, ""Sex"": 0, ""Age"": 0, ""Education"": 0, ""Income"": 0}",0.141625499993097,0.140625,2064384,12431,7310,99448,99448,10,cpu,1,2.14.1+cu130,d52d239,,,
L2,high,4,full,mle,mle,,,,202944,202944,50736,37,0,2012808056,2581711546,-16.085499308207268,0.0181865010182701,157,0.0015373699148533,"{""Diabetes_binary"": -0.3785359448826302, ""HighBP"": -0.6441855334911079, ""HighChol"": -0.6730337516211141, ""CholCheck"": -0.15413353797092244, ""BMI"": -1.134039633361665, ""Smoker"": -0.6871436089903551, ""Stroke"": -0.14918512349102578, ""HeartDiseaseorAttack"": -0.2823522222789223, ""PhysActivity"": -0.5502838246117591, ""Fruits"": -0.6566148982137279, ""Veggies"": -0.48086506899327086, ""HvyAlcoholConsump"": -0.21613849121313752, ""AnyHealthcare"": -0.18332281568956008, ""NoDocbcCost"": -0.25817771190630173, ""GenHlth"": -1.3559836971341503, ""MentHlth"": -0.8375598206310019, ""PhysHlth"": -0.9588511385033155, ""DiffWalk"": -0.41491739635838343, ""Sex"": -0.6856918347382198, ""Age"": -2.456716695553512, ""Education"": -1.254484567590174, ""Income"": -1.673281990983012}","{""HvyAlcoholConsump"": 0.0, ""PhysHlth"": 0.0, ""Sex"": 0.0, ""Diabetes_binary"": 0.0014979501734468622, ""Age"": 0.0, ""Income"": 0.0, ""GenHlth"": 0.0, ""BMI"": 0.0, ""PhysActivity"": 0.0, ""DiffWalk"": 0.0, ""MentHlth"": 3.941974140649637e-05, ""AnyHealthcare"": 0.0, ""NoDocbcCost"": 0.0, ""CholCheck"": 0.0, ""HighBP"": 0.0, ""HeartDiseaseorAttack"": 0.0, ""Stroke"": 0.0, ""HighChol"": 0.0, ""Education"": 0.0, ""Smoker"": 0.0, ""Fruits"": 0.0, ""Veggies"": 0.0}","{""Diabetes_binary"": 119, ""HighBP"": 0, ""HighChol"": 0, ""CholCheck"": 0, ""BMI"": 0, ""Smoker"": 0, ""Stroke"": 0, ""HeartDiseaseorAttack"": 0, ""PhysActivity"": 0, ""Fruits"": 0, ""Veggies"": 0, ""HvyAlcoholConsump"": 0, ""AnyHealthcare"": 0, ""NoDocbcCost"": 0, ""GenHlth"": 7, ""MentHlth"": 23, ""PhysHlth"": 5, ""DiffWalk"": 0, ""Sex"": 0, ""Age"": 0, ""Education"": 0, ""Income"": 3}",0.3060391999897547,0.3125,8192,12431,7310,99448,99448,10,cpu,1,2.14.1+cu130,d52d239,,,
L2,high,4,full,dirichlet_0.5,dirichlet,,,0.5,202944,202944,50736,37,0,2012808056,2581711546,-16.01224385908714,0.0164543486229093,0,0.0015373699148533,"{""Diabetes_binary"": -0.3237306043316573, ""HighBP"": -0.6441851887023596, ""HighChol"": -0.6730337709599797, ""CholCheck"": -0.15413284027304308, ""BMI"": -1.1340384838206343, ""Smoker"": -0.6871436060730199, ""Stroke"": -0.14918528893986405, ""HeartDiseaseorAttack"": -0.282352173077772, ""PhysActivity"": -0.5502839115430402, ""Fruits"": -0.6566148984535194, ""Veggies"": -0.48086509724798404, ""HvyAlcoholConsump"": -0.2161384955228512, ""AnyHealthcare"": -0.18332280664253803, ""NoDocbcCost"": -0.25817739404360035, ""GenHlth"": -1.3527559134239782, ""MentHlth"": -0.8261960032319812, ""PhysHlth"": -0.9564723520537092, ""DiffWalk"": -0.41491481102466365, ""Sex"": -0.6856918367310414, ""Age"": -2.4567167710435824, ""Education"": -1.2544852304664322, ""Income"": -1.671806381479888}","{""HvyAlcoholConsump"": 0.0, ""PhysHlth"": 0.0, ""Sex"": 0.0, ""Diabetes_binary"": 0.0014979501734468622, ""Age"": 0.0, ""Income"": 0.0, ""GenHlth"": 0.0, ""BMI"": 0.0, ""PhysActivity"": 0.0, ""DiffWalk"": 0.0, ""MentHlth"": 3.941974140649637e-05, ""AnyHealthcare"": 0.0, ""NoDocbcCost"": 0.0, ""CholCheck"": 0.0, ""HighBP"": 0.0, ""HeartDiseaseorAttack"": 0.0, ""Stroke"": 0.0, ""HighChol"": 0.0, ""Education"": 0.0, ""Smoker"": 0.0, ""Fruits"": 0.0, ""Veggies"": 0.0}","{""Diabetes_binary"": 0, ""HighBP"": 0, ""HighChol"": 0, ""CholCheck"": 0, ""BMI"": 0, ""Smoker"": 0, ""Stroke"": 0, ""HeartDiseaseorAttack"": 0, ""PhysActivity"": 0, ""Fruits"": 0, ""Veggies"": 0, ""HvyAlcoholConsump"": 0, ""AnyHealthcare"": 0, ""NoDocbcCost"": 0, ""GenHlth"": 0, ""MentHlth"": 0, ""PhysHlth"": 0, ""DiffWalk"": 0, ""Sex"": 0, ""Age"": 0, ""Education"": 0, ""Income"": 0}",0.4755364000156987,0.46875,-1044480,12431,7310,99448,99448,10,cpu,1,2.14.1+cu130,d52d239,,,
L1,high,4,500,mle,mle,,,,500,500,50736,37,0,739303429,2536829067,-17.12469903561343,0.062400792488361806,9258,0.24000709555345318,"{""Diabetes_binary"": -2.06742442671171, ""HighBP"": -1.0224980584899588, ""HighChol"": -0.6809130981966962, ""CholCheck"": -0.27243510173811103, ""BMI"": -0.782078931267852, ""Smoker"": -0.6888753609075874, ""Stroke"": -0.15135198223210425, ""HeartDiseaseorAttack"": -0.28362679568325155, ""PhysActivity"": -0.5558249573615835, ""Fruits"": -0.6566264922493145, ""Veggies"": -0.4808567151879677, ""HvyAlcoholConsump"": -0.21817145108405542, ""AnyHealthcare"": -0.18575674895742741, ""NoDocbcCost"": -0.2720321291708802, ""GenHlth"": -1.3910703164769334, ""MentHlth"": -1.2966013873991002, ""PhysHlth"": -1.1166732591293533, ""DiffWalk"": -0.5673515238337735, ""Sex"": -0.6857368219041792, ""Age"": -1.6864842644185065, ""Education"": -0.6783117614509403, ""Income"": -1.3839974517621427}","{""HvyAlcoholConsump"": 0.0, ""PhysHlth"": 0.007667139703563545, ""Sex"": 0.0, ""Diabetes_binary"": 0.2187007253232419, ""Age"": 0.0, ""Income"": 0.004690949227373068, ""GenHlth"": 0.007667139703563545, ""BMI"": 0.0, ""PhysActivity"": 0.0, ""DiffWalk"": 0.0007686849574266793, ""MentHlth"": 0.024046042257962787, ""AnyHealthcare"": 0.0, ""NoDocbcCost"": 0.0, ""CholCheck"": 0.0, ""HighBP"": 0.00457269000315358, ""HeartDiseaseorAttack"": 0.0, ""Stroke"": 0.0, ""HighChol"": 0.0, ""Education"": 0.0, ""Smoker"": 0.0, ""Fruits"": 0.0, ""Veggies"": 0.0}","{""Diabetes_binary"": 3308, ""HighBP"": 719, ""HighChol"": 0, ""CholCheck"": 218, ""BMI"": 0, ""Smoker"": 0, ""Stroke"": 0, ""HeartDiseaseorAttack"": 0, ""PhysActivity"": 0, ""Fruits"": 0, ""Veggies"": 0, ""HvyAlcoholConsump"": 0, ""AnyHealthcare"": 0, ""NoDocbcCost"": 0, ""GenHlth"": 1168, ""MentHlth"": 1758, ""PhysHlth"": 1237, ""DiffWalk"": 297, ""Sex"": 0, ""Age"": 0, ""Education"": 0, ""Income"": 553}",0.07793860000674613,0.0625,28672,2481,1348,19848,19848,10,cpu,1,2.14.1+cu130,d52d239,,,
L1,high,4,500,dirichlet_0.5,dirichlet,,,0.5,500,500,50736,37,0,739303429,2536829067,-12.63189896491741,0.016881337343467428,0,0.24000709555345318,"{""Diabetes_binary"": -0.4619803947000154, ""HighBP"": -0.662866538738974, ""HighChol"": -0.6804500929539806, ""CholCheck"": -0.16821958498077136, ""BMI"": -0.7822218437855317, ""Smoker"": -0.6888552633959606, ""Stroke"": -0.1512583264919699, ""HeartDiseaseorAttack"": -0.2841344063259786, ""PhysActivity"": -0.5557683016367833, ""Fruits"": -0.6566292724058097, ""Veggies"": -0.48084831539656614, ""HvyAlcoholConsump"": -0.2183788843331305, ""AnyHealthcare"": -0.18559403205629682, ""NoDocbcCost"": -0.26952694038241876, ""GenHlth"": -0.8239896385068719, ""MentHlth"": -0.438540808855779, ""PhysHlth"": -0.5344594736797038, ""DiffWalk"": -0.4318941551433064, ""Sex"": -0.685739112007098, ""Age"": -1.6862142777839655, ""Education"": -0.677995732649348, ""Income"": -1.1063335687071503}","{""HvyAlcoholConsump"": 0.0, ""PhysHlth"": 0.007667139703563545, ""Sex"": 0.0, ""Diabetes_binary"": 0.2187007253232419, ""Age"": 0.0, ""Income"": 0.004690949227373068, ""GenHlth"": 0.007667139703563545, ""BMI"": 0.0, ""PhysActivity"": 0.0, ""DiffWalk"": 0.0007686849574266793, ""MentHlth"": 0.024046042257962787, ""AnyHealthcare"": 0.0, ""NoDocbcCost"": 0.0, ""CholCheck"": 0.0, ""HighBP"": 0.00457269000315358, ""HeartDiseaseorAttack"": 0.0, ""Stroke"": 0.0, ""HighChol"": 0.0, ""Education"": 0.0, ""Smoker"": 0.0, ""Fruits"": 0.0, ""Veggies"": 0.0}","{""Diabetes_binary"": 0, ""HighBP"": 0, ""HighChol"": 0, ""CholCheck"": 0, ""BMI"": 0, ""Smoker"": 0, ""Stroke"": 0, ""HeartDiseaseorAttack"": 0, ""PhysActivity"": 0, ""Fruits"": 0, ""Veggies"": 0, ""HvyAlcoholConsump"": 0, ""AnyHealthcare"": 0, ""NoDocbcCost"": 0, ""GenHlth"": 0, ""MentHlth"": 0, ""PhysHlth"": 0, ""DiffWalk"": 0, ""Sex"": 0, ""Age"": 0, ""Education"": 0, ""Income"": 0}",0.14738670000224374,0.125,0,2481,1348,19848,19848,10,cpu,1,2.14.1+cu130,d52d239,,,
L1,high,4,500,nn_linear,nn,[],linear,,500,400,50736,37,0,739303429,2536829067,-12.590533751999951,0.015217098648192772,0,0.24000709555345318,"{""Diabetes_binary"": -0.33193209767341614, ""HighBP"": -0.6511369943618774, ""HighChol"": -0.676202654838562, ""CholCheck"": -0.1644698828458786, ""BMI"": -0.7894898056983948, ""Smoker"": -0.6888521909713745, ""Stroke"": -0.15689246356487274, ""HeartDiseaseorAttack"": -0.28706276416778564, ""PhysActivity"": -0.5552430748939514, ""Fruits"": -0.6580172181129456, ""Veggies"": -0.4986186921596527, ""HvyAlcoholConsump"": -0.23695561289787292, ""AnyHealthcare"": -0.1918913871049881, ""NoDocbcCost"": -0.262786865234375, ""GenHlth"": -0.8026376962661743, ""MentHlth"": -0.4175204336643219, ""PhysHlth"": -0.5136901140213013, ""DiffWalk"": -0.42844346165657043, ""Sex"": -0.685782253742218, ""Age"": -1.6833419799804688, ""Education"": -0.8142017722129822, ""Income"": -1.0953648090362549}","{""HvyAlcoholConsump"": 0.0, ""PhysHlth"": 0.007667139703563545, ""Sex"": 0.0, ""Diabetes_binary"": 0.2187007253232419, ""Age"": 0.0, ""Income"": 0.004690949227373068, ""GenHlth"": 0.007667139703563545, ""BMI"": 0.0, ""PhysActivity"": 0.0, ""DiffWalk"": 0.0007686849574266793, ""MentHlth"": 0.024046042257962787, ""AnyHealthcare"": 0.0, ""NoDocbcCost"": 0.0, ""CholCheck"": 0.0, ""HighBP"": 0.00457269000315358, ""HeartDiseaseorAttack"": 0.0, ""Stroke"": 0.0, ""HighChol"": 0.0, ""Education"": 0.0, ""Smoker"": 0.0, ""Fruits"": 0.0, ""Veggies"": 0.0}","{""Diabetes_binary"": 0, ""HighBP"": 0, ""HighChol"": 0, ""CholCheck"": 0, ""BMI"": 0, ""Smoker"": 0, ""Stroke"": 0, ""HeartDiseaseorAttack"": 0, ""PhysActivity"": 0, ""Fruits"": 0, ""Veggies"": 0, ""HvyAlcoholConsump"": 0, ""AnyHealthcare"": 0, ""NoDocbcCost"": 0, ""GenHlth"": 0, ""MentHlth"": 0, ""PhysHlth"": 0, ""DiffWalk"": 0, ""Sex"": 0, ""Age"": 0, ""Education"": 0, ""Income"": 0}",21.73884080001153,20.296875,-58396672,378,378,3024,1512,10,cpu,1,2.14.1+cu130,d52d239,180.54545454545453,171.0909090909091,0.6363636363636364
L1,high,4,500,01_256x128_lr3e-4,nn,"[256, 128]",ReLU,,500,400,50736,37,0,739303429,2536829067,-12.47311482726292,0.01685788598539983,0,0.24000709555345318,"{""Diabetes_binary"": -0.33458632230758667, ""HighBP"": -0.6538006067276001, ""HighChol"": -0.6821336150169373, ""CholCheck"": -0.1697228103876114, ""BMI"": -0.7915400266647339, ""Smoker"": -0.6874780058860779, ""Stroke"": -0.15646480023860931, ""HeartDiseaseorAttack"": -0.2934059202671051, ""PhysActivity"": -0.5541854500770569, ""Fruits"": -0.657558262348175, ""Veggies"": -0.4819040298461914, ""HvyAlcoholConsump"": -0.2352028340101242, ""AnyHealthcare"": -0.18883995711803436, ""NoDocbcCost"": -0.26573967933654785, ""GenHlth"": -0.802195131778717, ""MentHlth"": -0.4387456774711609, ""PhysHlth"": -0.5069619417190552, ""DiffWalk"": -0.42767226696014404, ""Sex"": -0.6864515542984009, ""Age"": -1.6866215467453003, ""Education"": -0.678678035736084, ""Income"": -1.0932265520095825}","{""HvyAlcoholConsump"": 0.0, ""PhysHlth"": 0.007667139703563545, ""Sex"": 0.0, ""Diabetes_binary"": 0.2187007253232419, ""Age"": 0.0, ""Income"": 0.004690949227373068, ""GenHlth"": 0.007667139703563545, ""BMI"": 0.0, ""PhysActivity"": 0.0, ""DiffWalk"": 0.0007686849574266793, ""MentHlth"": 0.024046042257962787, ""AnyHealthcare"": 0.0, ""NoDocbcCost"": 0.0, ""CholCheck"": 0.0, ""HighBP"": 0.00457269000315358, ""HeartDiseaseorAttack"": 0.0, ""Stroke"": 0.0, ""HighChol"": 0.0, ""Education"": 0.0, ""Smoker"": 0.0, ""Fruits"": 0.0, ""Veggies"": 0.0}","{""Diabetes_binary"": 0, ""HighBP"": 0, ""HighChol"": 0, ""CholCheck"": 0, ""BMI"": 0, ""Smoker"": 0, ""Stroke"": 0, ""HeartDiseaseorAttack"": 0, ""PhysActivity"": 0, ""Fruits"": 0, ""Veggies"": 0, ""HvyAlcoholConsump"": 0, ""AnyHealthcare"": 0, ""NoDocbcCost"": 0, ""GenHlth"": 0, ""MentHlth"": 0, ""PhysHlth"": 0, ""DiffWalk"": 0, ""Sex"": 0, ""Age"": 0, ""Education"": 0, ""Income"": 0}",12.21201220000512,11.5625,5373952,769463,769463,6155704,3077852,10,cpu,1,2.14.1+cu130,d52d239,43.86363636363637,23.863636363636363,0.0
L1,high,4,500,k6_128_64_9,nn,"[128, 64]",ReLU,,500,400,50736,37,0,739303429,2536829067,-12.447609766768755,0.016819571917345996,0,0.24000709555345318,"{""Diabetes_binary"": -0.33516228199005127, ""HighBP"": -0.65079265832901, ""HighChol"": -0.6789120435714722, ""CholCheck"": -0.16878318786621094, ""BMI"": -0.7904979586601257, ""Smoker"": -0.6876225471496582, ""Stroke"": -0.15652328729629517, ""HeartDiseaseorAttack"": -0.2893301248550415, ""PhysActivity"": -0.5563080906867981, ""Fruits"": -0.6567044854164124, ""Veggies"": -0.4808676540851593, ""HvyAlcoholConsump"": -0.23257476091384888, ""AnyHealthcare"": -0.18946990370750427, ""NoDocbcCost"": -0.26584815979003906, ""GenHlth"": -0.8041703701019287, ""MentHlth"": -0.4144187271595001, ""PhysHlth"": -0.5088114142417908, ""DiffWalk"": -0.42559701204299927, ""Sex"": -0.6859220266342163, ""Age"": -1.6911677122116089, ""Education"": -0.6794115900993347, ""Income"": -1.0987135171890259}","{""HvyAlcoholConsump"": 0.0, ""PhysHlth"": 0.007667139703563545, ""Sex"": 0.0, ""Diabetes_binary"": 0.2187007253232419, ""Age"": 0.0, ""Income"": 0.004690949227373068, ""GenHlth"": 0.007667139703563545, ""BMI"": 0.0, ""PhysActivity"": 0.0, ""DiffWalk"": 0.0007686849574266793, ""MentHlth"": 0.024046042257962787, ""AnyHealthcare"": 0.0, ""NoDocbcCost"": 0.0, ""CholCheck"": 0.0, ""HighBP"": 0.00457269000315358, ""HeartDiseaseorAttack"": 0.0, ""Stroke"": 0.0, ""HighChol"": 0.0, ""Education"": 0.0, ""Smoker"": 0.0, ""Fruits"": 0.0, ""Veggies"": 0.0}","{""Diabetes_binary"": 0, ""HighBP"": 0, ""HighChol"": 0, ""CholCheck"": 0, ""BMI"": 0, ""Smoker"": 0, ""Stroke"": 0, ""HeartDiseaseorAttack"": 0, ""PhysActivity"": 0, ""Fruits"": 0, ""Veggies"": 0, ""HvyAlcoholConsump"": 0, ""AnyHealthcare"": 0, ""NoDocbcCost"": 0, ""GenHlth"": 0, ""MentHlth"": 0, ""PhysHlth"": 0, ""DiffWalk"": 0, ""Sex"": 0, ""Age"": 0, ""Education"": 0, ""Income"": 0}",28.584272299980512,27.46875,-104783872,204535,204535,1636280,818140,10,cpu,1,2.14.1+cu130,d52d239,108.81818181818181,58.81818181818182,0.0
L1,high,4,2000,mle,mle,,,,2000,2000,50736,37,0,2918251893,798964160,-14.232247386283834,0.04095263567180549,3776,0.07369520655944498,"{""Diabetes_binary"": -1.5061156328319762, ""HighBP"": -0.6529946417234329, ""HighChol"": -0.6768791373612789, ""CholCheck"": -0.18256735364453047, ""BMI"": -0.7807233730250104, ""Smoker"": -0.687208590413964, ""Stroke"": -0.14916921134175015, ""HeartDiseaseorAttack"": -0.28311857932001405, ""PhysActivity"": -0.5518009868255623, ""Fruits"": -0.6567815685859257, ""Veggies"": -0.4810817815488816, ""HvyAlcoholConsump"": -0.21705286410458463, ""AnyHealthcare"": -0.18485770067104798, ""NoDocbcCost"": -0.26130328024041827, ""GenHlth"": -0.9783463441154634, ""MentHlth"": -0.6632293249118264, ""PhysHlth"": -0.6758749504141757, ""DiffWalk"": -0.42264411834443766, ""Sex"": -0.6861409854114539, ""Age"": -1.680064105825056, ""Education"": -0.6777669432314732, ""Income"": -1.1765259123915714}","{""HvyAlcoholConsump"": 0.0, ""PhysHlth"": 0.0023651844843897824, ""Sex"": 0.0, ""Diabetes_binary"": 0.06817644276253548, ""Age"": 0.0, ""Income"": 0.0002562283191422264, ""GenHlth"": 0.0023651844843897824, ""BMI"": 0.0, ""PhysActivity"": 0.0, ""DiffWalk"": 0.0, ""MentHlth"": 0.004336171554714601, ""AnyHealthcare"": 0.0, ""NoDocbcCost"": 0.0, ""CholCheck"": 0.0, ""HighBP"": 0.0, ""HeartDiseaseorAttack"": 0.0, ""Stroke"": 0.0, ""HighChol"": 0.0, ""Education"": 0.0, ""Smoker"": 0.0, ""Fruits"": 0.0, ""Veggies"": 0.0}","{""Diabetes_binary"": 2303, ""HighBP"": 0, ""HighChol"": 0, ""CholCheck"": 53, ""BMI"": 0, ""Smoker"": 0, ""Stroke"": 0, ""HeartDiseaseorAttack"": 0, ""PhysActivity"": 0, ""Fruits"": 0, ""Veggies"": 0, ""HvyAlcoholConsump"": 0, ""AnyHealthcare"": 0, ""NoDocbcCost"": 0, ""GenHlth"": 373, ""MentHlth"": 503, ""PhysHlth"": 354, ""DiffWalk"": 8, ""Sex"": 0, ""Age"": 0, ""Education"": 0, ""Income"": 182}",0.10816410000552423,0.109375,45056,2481,1348,19848,19848,10,cpu,1,2.14.1+cu130,d52d239,,,
L1,high,4,2000,dirichlet_0.5,dirichlet,,,0.5,2000,2000,50736,37,0,2918251893,798964160,-12.404717395500827,0.016738248004975604,0,0.07369520655944498,"{""Diabetes_binary"": -0.3899979406025502, ""HighBP"": -0.6525466202276707, ""HighChol"": -0.6768525811718658, ""CholCheck"": -0.1572922952020012, ""BMI"": -0.7808760969499261, ""Smoker"": -0.6872078240498956, ""Stroke"": -0.14917293660239445, ""HeartDiseaseorAttack"": -0.2831650930321205, ""PhysActivity"": -0.5517914263933296, ""Fruits"": -0.6567839391336211, ""Veggies"": -0.48109028388235675, ""HvyAlcoholConsump"": -0.21708943216812623, ""AnyHealthcare"": -0.18490329975778128, ""NoDocbcCost"": -0.2611449326576999, ""GenHlth"": -0.7969898636577746, ""MentHlth"": -0.41696701289774185, ""PhysHlth"": -0.5114931313183326, ""DiffWalk"": -0.4185300441728361, ""Sex"": -0.6861423777460615, ""Age"": -1.680071537508296, ""Education"": -0.6777399926748432, ""Income"": -1.0868687336936025}","{""HvyAlcoholConsump"": 0.0, ""PhysHlth"": 0.0023651844843897824, ""Sex"": 0.0, ""Diabetes_binary"": 0.06817644276253548, ""Age"": 0.0, ""Income"": 0.0002562283191422264, ""GenHlth"": 0.0023651844843897824, ""BMI"": 0.0, ""PhysActivity"": 0.0, ""DiffWalk"": 0.0, ""MentHlth"": 0.004336171554714601, ""AnyHealthcare"": 0.0, ""NoDocbcCost"": 0.0, ""CholCheck"": 0.0, ""HighBP"": 0.0, ""HeartDiseaseorAttack"": 0.0, ""Stroke"": 0.0, ""HighChol"": 0.0, ""Education"": 0.0, ""Smoker"": 0.0, ""Fruits"": 0.0, ""Veggies"": 0.0}","{""Diabetes_binary"": 0, ""HighBP"": 0, ""HighChol"": 0, ""CholCheck"": 0, ""BMI"": 0, ""Smoker"": 0, ""Stroke"": 0, ""HeartDiseaseorAttack"": 0, ""PhysActivity"": 0, ""Fruits"": 0, ""Veggies"": 0, ""HvyAlcoholConsump"": 0, ""AnyHealthcare"": 0, ""NoDocbcCost"": 0, ""GenHlth"": 0, ""MentHlth"": 0, ""PhysHlth"": 0, ""DiffWalk"": 0, ""Sex"": 0, ""Age"": 0, ""Education"": 0, ""Income"": 0}",0.1412430000200402,0.140625,0,2481,1348,19848,19848,10,cpu,1,2.14.1+cu130,d52d239,,,
L1,high,4,2000,nn_linear,nn,[],linear,,2000,1600,50736,37,0,2918251893,798964160,-12.320432498435903,0.016289670073429883,0,0.07369520655944498,"{""Diabetes_binary"": -0.327688604593277, ""HighBP"": -0.6501266360282898, ""HighChol"": -0.6750200986862183, ""CholCheck"": -0.1553448587656021, ""BMI"": -0.7828118801116943, ""Smoker"": -0.6871304512023926, ""Stroke"": -0.15021710097789764, ""HeartDiseaseorAttack"": -0.2828763723373413, ""PhysActivity"": -0.5520631670951843, ""Fruits"": -0.657194197177887, ""Veggies"": -0.48633328080177307, ""HvyAlcoholConsump"": -0.21902480721473694, ""AnyHealthcare"": -0.1851436048746109, ""NoDocbcCost"": -0.2618594765663147, ""GenHlth"": -0.7874107360839844, ""MentHlth"": -0.4045674204826355, ""PhysHlth"": -0.5029139518737793, ""DiffWalk"": -0.41890549659729004, ""Sex"": -0.6880711913108826, ""Age"": -1.6826249361038208, ""Education"": -0.6781773567199707, ""Income"": -1.084926724433899}","{""HvyAlcoholConsump"": 0.0, ""PhysHlth"": 0.0023651844843897824, ""Sex"": 0.0, ""Diabetes_binary"": 0.06817644276253548, ""Age"": 0.0, ""Income"": 0.0002562283191422264, ""GenHlth"": 0.0023651844843897824, ""BMI"": 0.0, ""PhysActivity"": 0.0, ""DiffWalk"": 0.0, ""MentHlth"": 0.004336171554714601, ""AnyHealthcare"": 0.0, ""NoDocbcCost"": 0.0, ""CholCheck"": 0.0, ""HighBP"": 0.0, ""HeartDiseaseorAttack"": 0.0, ""Stroke"": 0.0, ""HighChol"": 0.0, ""Education"": 0.0, ""Smoker"": 0.0, ""Fruits"": 0.0, ""Veggies"": 0.0}","{""Diabetes_binary"": 0, ""HighBP"": 0, ""HighChol"": 0, ""CholCheck"": 0, ""BMI"": 0, ""Smoker"": 0, ""Stroke"": 0, ""HeartDiseaseorAttack"": 0, ""PhysActivity"": 0, ""Fruits"": 0, ""Veggies"": 0, ""HvyAlcoholConsump"": 0, ""AnyHealthcare"": 0, ""NoDocbcCost"": 0, ""GenHlth"": 0, ""MentHlth"": 0, ""PhysHlth"": 0, ""DiffWalk"": 0, ""Sex"": 0, ""Age"": 0, ""Education"": 0, ""Income"": 0}",43.29905329999747,41.390625,-30195712,378,378,3024,1512,10,cpu,1,2.14.1+cu130,d52d239,120.68181818181819,104.72727272727273,0.22727272727272727
L1,high,4,2000,01_256x128_lr3e-4,nn,"[256, 128]",ReLU,,2000,1600,50736,37,0,2918251893,798964160,-12.332477046602866,0.01657665322516025,0,0.07369520655944498,"{""Diabetes_binary"": -0.32949861884117126, ""HighBP"": -0.6501446962356567, ""HighChol"": -0.6763051152229309, ""CholCheck"": -0.15783672034740448, ""BMI"": -0.7818329930305481, ""Smoker"": -0.6875377297401428, ""Stroke"": -0.14945130050182343, ""HeartDiseaseorAttack"": -0.28340277075767517, ""PhysActivity"": -0.5521470904350281, ""Fruits"": -0.6572127938270569, ""Veggies"": -0.4897449016571045, ""HvyAlcoholConsump"": -0.2174086570739746, ""AnyHealthcare"": -0.18475104868412018, ""NoDocbcCost"": -0.2616089880466461, ""GenHlth"": -0.788167417049408, ""MentHlth"": -0.4136482775211334, ""PhysHlth"": -0.503216564655304, ""DiffWalk"": -0.41829612851142883, ""Sex"": -0.6878714561462402, ""Age"": -1.6802674531936646, ""Education"": -0.6783803105354309, ""Income"": -1.083746075630188}","{""HvyAlcoholConsump"": 0.0, ""PhysHlth"": 0.0023651844843897824, ""Sex"": 0.0, ""Diabetes_binary"": 0.06817644276253548, ""Age"": 0.0, ""Income"": 0.0002562283191422264, ""GenHlth"": 0.0023651844843897824, ""BMI"": 0.0, ""PhysActivity"": 0.0, ""DiffWalk"": 0.0, ""MentHlth"": 0.004336171554714601, ""AnyHealthcare"": 0.0, ""NoDocbcCost"": 0.0, ""CholCheck"": 0.0, ""HighBP"": 0.0, ""HeartDiseaseorAttack"": 0.0, ""Stroke"": 0.0, ""HighChol"": 0.0, ""Education"": 0.0, ""Smoker"": 0.0, ""Fruits"": 0.0, ""Veggies"": 0.0}","{""Diabetes_binary"": 0, ""HighBP"": 0, ""HighChol"": 0, ""CholCheck"": 0, ""BMI"": 0, ""Smoker"": 0, ""Stroke"": 0, ""HeartDiseaseorAttack"": 0, ""PhysActivity"": 0, ""Fruits"": 0, ""Veggies"": 0, ""HvyAlcoholConsump"": 0, ""AnyHealthcare"": 0, ""NoDocbcCost"": 0, ""GenHlth"": 0, ""MentHlth"": 0, ""PhysHlth"": 0, ""DiffWalk"": 0, ""Sex"": 0, ""Age"": 0, ""Education"": 0, ""Income"": 0}",44.84932980002486,41.515625,-4460544,769463,769463,6155704,3077852,10,cpu,1,2.14.1+cu130,d52d239,42.77272727272727,22.772727272727273,0.0
L1,high,4,2000,k6_128_64_9,nn,"[128, 64]",ReLU,,2000,1600,50736,37,0,2918251893,798964160,-12.330048538673246,0.016636352700015213,0,0.07369520655944498,"{""Diabetes_binary"": -0.3287898898124695, ""HighBP"": -0.6509473323822021, ""HighChol"": -0.6755841374397278, ""CholCheck"": -0.15938089787960052, ""BMI"": -0.780893862247467, ""Smoker"": -0.687787652015686, ""Stroke"": -0.14962001144886017, ""HeartDiseaseorAttack"": -0.2833864390850067, ""PhysActivity"": -0.553073525428772, ""Fruits"": -0.6571705341339111, ""Veggies"": -0.48718827962875366, ""HvyAlcoholConsump"": -0.2192743867635727, ""AnyHealthcare"": -0.18475335836410522, ""NoDocbcCost"": -0.2627902626991272, ""GenHlth"": -0.7888960242271423, ""MentHlth"": -0.40875619649887085, ""PhysHlth"": -0.5025464296340942, ""DiffWalk"": -0.41876769065856934, ""Sex"": -0.6867234706878662, ""Age"": -1.680830478668213, ""Education"": -0.6783833503723145, ""Income"": -1.0845041275024414}","{""HvyAlcoholConsump"": 0.0, ""PhysHlth"": 0.0023651844843897824, ""Sex"": 0.0, ""Diabetes_binary"": 0.06817644276253548, ""Age"": 0.0, ""Income"": 0.0002562283191422264, ""GenHlth"": 0.0023651844843897824, ""BMI"": 0.0, ""PhysActivity"": 0.0, ""DiffWalk"": 0.0, ""MentHlth"": 0.004336171554714601, ""AnyHealthcare"": 0.0, ""NoDocbcCost"": 0.0, ""CholCheck"": 0.0, ""HighBP"": 0.0, ""HeartDiseaseorAttack"": 0.0, ""Stroke"": 0.0, ""HighChol"": 0.0, ""Education"": 0.0, ""Smoker"": 0.0, ""Fruits"": 0.0, ""Veggies"": 0.0}","{""Diabetes_binary"": 0, ""HighBP"": 0, ""HighChol"": 0, ""CholCheck"": 0, ""BMI"": 0, ""Smoker"": 0, ""Stroke"": 0, ""HeartDiseaseorAttack"": 0, ""PhysActivity"": 0, ""Fruits"": 0, ""Veggies"": 0, ""HvyAlcoholConsump"": 0, ""AnyHealthcare"": 0, ""NoDocbcCost"": 0, ""GenHlth"": 0, ""MentHlth"": 0, ""PhysHlth"": 0, ""DiffWalk"": 0, ""Sex"": 0, ""Age"": 0, ""Education"": 0, ""Income"": 0}",78.44181079999544,73.796875,-56991744,204535,204535,1636280,818140,10,cpu,1,2.14.1+cu130,d52d239,93.95454545454545,43.95454545454545,0.0
L1,high,4,10000,mle,mle,,,,10000,10000,50736,37,0,844797153,2865962304,-12.77313383019408,0.025948650507868532,990,0.012535477767265846,"{""Diabetes_binary"": -0.6798426419084044, ""HighBP"": -0.6497674474643389, ""HighChol"": -0.6741556654963795, ""CholCheck"": -0.15437026312482868, ""BMI"": -0.7784157424407244, ""Smoker"": -0.6871731178321562, ""Stroke"": -0.14942368939469125, ""HeartDiseaseorAttack"": -0.2824253325709759, ""PhysActivity"": -0.5510453550250657, ""Fruits"": -0.6567147096299721, ""Veggies"": -0.4808545062416465, ""HvyAlcoholConsump"": -0.21615889653009074, ""AnyHealthcare"": -0.18466189882349984, ""NoDocbcCost"": -0.25981205146913816, ""GenHlth"": -0.8175470280688317, ""MentHlth"": -0.4592040264228391, ""PhysHlth"": -0.5445782167958199, ""DiffWalk"": -0.4214080040973302, ""Sex"": -0.6857771052430044, ""Age"": -1.678496641078136, ""Education"": -0.6777959806748843, ""Income"": -1.0835055098613244}","{""HvyAlcoholConsump"": 0.0, ""PhysHlth"": 0.0, ""Sex"": 0.0, ""Diabetes_binary"": 0.011963891516871649, ""Age"": 0.0, ""Income"": 0.0, ""GenHlth"": 0.0, ""BMI"": 0.0, ""PhysActivity"": 0.0, ""DiffWalk"": 0.0, ""MentHlth"": 0.0006110059918006938, ""AnyHealthcare"": 0.0, ""NoDocbcCost"": 0.0, ""CholCheck"": 0.0, ""HighBP"": 0.0, ""HeartDiseaseorAttack"": 0.0, ""Stroke"": 0.0, ""HighChol"": 0.0, ""Education"": 0.0, ""Smoker"": 0.0, ""Fruits"": 0.0, ""Veggies"": 0.0}","{""Diabetes_binary"": 700, ""HighBP"": 0, ""HighChol"": 0, ""CholCheck"": 0, ""BMI"": 0, ""Smoker"": 0, ""Stroke"": 0, ""HeartDiseaseorAttack"": 0, ""PhysActivity"": 0, ""Fruits"": 0, ""Veggies"": 0, ""HvyAlcoholConsump"": 0, ""AnyHealthcare"": 0, ""NoDocbcCost"": 0, ""GenHlth"": 71, ""MentHlth"": 108, ""PhysHlth"": 90, ""DiffWalk"": 8, ""Sex"": 0, ""Age"": 0, ""Education"": 0, ""Income"": 13}",0.09501640000962652,0.09375,32768,2481,1348,19848,19848,10,cpu,1,2.14.1+cu130,d52d239,,,
L1,high,4,10000,dirichlet_0.5,dirichlet,,,0.5,10000,10000,50736,37,0,844797153,2865962304,-12.297667010868524,0.016815292075992146,0,0.012535477767265846,"{""Diabetes_binary"": -0.3437538154159966, ""HighBP"": -0.6497623122242207, ""HighChol"": -0.6741523621265403, ""CholCheck"": -0.15434664803515608, ""BMI"": -0.7784290279335291, ""Smoker"": -0.687173211049159, ""Stroke"": -0.149436422112616, ""HeartDiseaseorAttack"": -0.28242585876530835, ""PhysActivity"": -0.5510428504850855, ""Fruits"": -0.6567150820988146, ""Veggies"": -0.4808549537978285, ""HvyAlcoholConsump"": -0.2161601250759236, ""AnyHealthcare"": -0.1846621189957847, ""NoDocbcCost"": -0.25980957255163983, ""GenHlth"": -0.7834782775128857, ""MentHlth"": -0.4063787702825706, ""PhysHlth"": -0.5021599178450514, ""DiffWalk"": -0.4174676834720187, ""Sex"": -0.6857772525936024, ""Age"": -1.678497958286665, ""Education"": -0.6777863493854314, ""Income"": -1.0773964408226957}","{""HvyAlcoholConsump"": 0.0, ""PhysHlth"": 0.0, ""Sex"": 0.0, ""Diabetes_binary"": 0.011963891516871649, ""Age"": 0.0, ""Income"": 0.0, ""GenHlth"": 0.0, ""BMI"": 0.0, ""PhysActivity"": 0.0, ""DiffWalk"": 0.0, ""MentHlth"": 0.0006110059918006938, ""AnyHealthcare"": 0.0, ""NoDocbcCost"": 0.0, ""CholCheck"": 0.0, ""HighBP"": 0.0, ""HeartDiseaseorAttack"": 0.0, ""Stroke"": 0.0, ""HighChol"": 0.0, ""Education"": 0.0, ""Smoker"": 0.0, ""Fruits"": 0.0, ""Veggies"": 0.0}","{""Diabetes_binary"": 0, ""HighBP"": 0, ""HighChol"": 0, ""CholCheck"": 0, ""BMI"": 0, ""Smoker"": 0, ""Stroke"": 0, ""HeartDiseaseorAttack"": 0, ""PhysActivity"": 0, ""Fruits"": 0, ""Veggies"": 0, ""HvyAlcoholConsump"": 0, ""AnyHealthcare"": 0, ""NoDocbcCost"": 0, ""GenHlth"": 0, ""MentHlth"": 0, ""PhysHlth"": 0, ""DiffWalk"": 0, ""Sex"": 0, ""Age"": 0, ""Education"": 0, ""Income"": 0}",0.12496610000380315,0.125,0,2481,1348,19848,19848,10,cpu,1,2.14.1+cu130,d52d239,,,
L1,high,4,10000,nn_linear,nn,[],linear,,10000,8000,50736,37,0,844797153,2865962304,-12.278313593054987,0.016680972509631863,0,0.012535477767265846,"{""Diabetes_binary"": -0.32617565989494324, ""HighBP"": -0.6491736173629761, ""HighChol"": -0.6754982471466064, ""CholCheck"": -0.15431208908557892, ""BMI"": -0.7785016298294067, ""Smoker"": -0.6872037649154663, ""Stroke"": -0.15026122331619263, ""HeartDiseaseorAttack"": -0.28248849511146545, ""PhysActivity"": -0.5511926412582397, ""Fruits"": -0.6566973328590393, ""Veggies"": -0.48086032271385193, ""HvyAlcoholConsump"": -0.2161591500043869, ""AnyHealthcare"": -0.18489475548267365, ""NoDocbcCost"": -0.2601262927055359, ""GenHlth"": -0.7826747894287109, ""MentHlth"": -0.4025903046131134, ""PhysHlth"": -0.5004304647445679, ""DiffWalk"": -0.41847074031829834, ""Sex"": -0.6857451796531677, ""Age"": -1.6784828901290894, ""Education"": -0.677640974521637, ""Income"": -1.0787330865859985}","{""HvyAlcoholConsump"": 0.0, ""PhysHlth"": 0.0, ""Sex"": 0.0, ""Diabetes_binary"": 0.011963891516871649, ""Age"": 0.0, ""Income"": 0.0, ""GenHlth"": 0.0, ""BMI"": 0.0, ""PhysActivity"": 0.0, ""DiffWalk"": 0.0, ""MentHlth"": 0.0006110059918006938, ""AnyHealthcare"": 0.0, ""NoDocbcCost"": 0.0, ""CholCheck"": 0.0, ""HighBP"": 0.0, ""HeartDiseaseorAttack"": 0.0, ""Stroke"": 0.0, ""HighChol"": 0.0, ""Education"": 0.0, ""Smoker"": 0.0, ""Fruits"": 0.0, ""Veggies"": 0.0}","{""Diabetes_binary"": 0, ""HighBP"": 0, ""HighChol"": 0, ""CholCheck"": 0, ""BMI"": 0, ""Smoker"": 0, ""Stroke"": 0, ""HeartDiseaseorAttack"": 0, ""PhysActivity"": 0, ""Fruits"": 0, ""Veggies"": 0, ""HvyAlcoholConsump"": 0, ""AnyHealthcare"": 0, ""NoDocbcCost"": 0, ""GenHlth"": 0, ""MentHlth"": 0, ""PhysHlth"": 0, ""DiffWalk"": 0, ""Sex"": 0, ""Age"": 0, ""Education"": 0, ""Income"": 0}",90.92206270000315,88.953125,-54448128,378,378,3024,1512,10,cpu,1,2.14.1+cu130,d52d239,56.13636363636363,36.13636363636363,0.0
L1,high,4,10000,01_256x128_lr3e-4,nn,"[256, 128]",ReLU,,10000,8000,50736,37,0,844797153,2865962304,-12.277588318489295,0.016917337926693143,0,0.012535477767265846,"{""Diabetes_binary"": -0.32607224583625793, ""HighBP"": -0.6494958996772766, ""HighChol"": -0.6740427613258362, ""CholCheck"": -0.1546013355255127, ""BMI"": -0.7782120704650879, ""Smoker"": -0.6872603297233582, ""Stroke"": -0.1495608687400818, ""HeartDiseaseorAttack"": -0.2833206057548523, ""PhysActivity"": -0.5513942837715149, ""Fruits"": -0.6566284894943237, ""Veggies"": -0.4808698892593384, ""HvyAlcoholConsump"": -0.21613925695419312, ""AnyHealthcare"": -0.18474945425987244, ""NoDocbcCost"": -0.2601882815361023, ""GenHlth"": -0.7827490568161011, ""MentHlth"": -0.40305131673812866, ""PhysHlth"": -0.5002908110618591, ""DiffWalk"": -0.417696475982666, ""Sex"": -0.6862500309944153, ""Age"": -1.6787694692611694, ""Education"": -0.6783957481384277, ""Income"": -1.0778496265411377}","{""HvyAlcoholConsump"": 0.0, ""PhysHlth"": 0.0, ""Sex"": 0.0, ""Diabetes_binary"": 0.011963891516871649, ""Age"": 0.0, ""Income"": 0.0, ""GenHlth"": 0.0, ""BMI"": 0.0, ""PhysActivity"": 0.0, ""DiffWalk"": 0.0, ""MentHlth"": 0.0006110059918006938, ""AnyHealthcare"": 0.0, ""NoDocbcCost"": 0.0, ""CholCheck"": 0.0, ""HighBP"": 0.0, ""HeartDiseaseorAttack"": 0.0, ""Stroke"": 0.0, ""HighChol"": 0.0, ""Education"": 0.0, ""Smoker"": 0.0, ""Fruits"": 0.0, ""Veggies"": 0.0}","{""Diabetes_binary"": 0, ""HighBP"": 0, ""HighChol"": 0, ""CholCheck"": 0, ""BMI"": 0, ""Smoker"": 0, ""Stroke"": 0, ""HeartDiseaseorAttack"": 0, ""PhysActivity"": 0, ""Fruits"": 0, ""Veggies"": 0, ""HvyAlcoholConsump"": 0, ""AnyHealthcare"": 0, ""NoDocbcCost"": 0, ""GenHlth"": 0, ""MentHlth"": 0, ""PhysHlth"": 0, ""DiffWalk"": 0, ""Sex"": 0, ""Age"": 0, ""Education"": 0, ""Income"": 0}",178.79154129998642,169.03125,8187904,769463,769463,6155704,3077852,10,cpu,1,2.14.1+cu130,d52d239,36.13636363636363,16.136363636363637,0.0
L1,high,4,10000,k6_128_64_9,nn,"[128, 64]",ReLU,,10000,8000,50736,37,0,844797153,2865962304,-12.276769822199002,0.016875332584604025,0,0.012535477767265846,"{""Diabetes_binary"": -0.32569384574890137, ""HighBP"": -0.6493844985961914, ""HighChol"": -0.6740918159484863, ""CholCheck"": -0.15443873405456543, ""BMI"": -0.778471052646637, ""Smoker"": -0.6872548460960388, ""Stroke"": -0.14932367205619812, ""HeartDiseaseorAttack"": -0.2828364968299866, ""PhysActivity"": -0.5512956380844116, ""Fruits"": -0.6566296219825745, ""Veggies"": -0.4808664619922638, ""HvyAlcoholConsump"": -0.2161392867565155, ""AnyHealthcare"": -0.18468306958675385, ""NoDocbcCost"": -0.2602904438972473, ""GenHlth"": -0.7814791202545166, ""MentHlth"": -0.4036630690097809, ""PhysHlth"": -0.5008422136306763, ""DiffWalk"": -0.41826751828193665, ""Sex"": -0.6862438321113586, ""Age"": -1.6789145469665527, ""Education"": -0.6781077980995178, ""Income"": -1.077852487564087}","{""HvyAlcoholConsump"": 0.0, ""PhysHlth"": 0.0, ""Sex"": 0.0, ""Diabetes_binary"": 0.011963891516871649, ""Age"": 0.0, ""Income"": 0.0, ""GenHlth"": 0.0, ""BMI"": 0.0, ""PhysActivity"": 0.0, ""DiffWalk"": 0.0, ""MentHlth"": 0.0006110059918006938, ""AnyHealthcare"": 0.0, ""NoDocbcCost"": 0.0, ""CholCheck"": 0.0, ""HighBP"": 0.0, ""HeartDiseaseorAttack"": 0.0, ""Stroke"": 0.0, ""HighChol"": 0.0, ""Education"": 0.0, ""Smoker"": 0.0, ""Fruits"": 0.0, ""Veggies"": 0.0}","{""Diabetes_binary"": 0, ""HighBP"": 0, ""HighChol"": 0, ""CholCheck"": 0, ""BMI"": 0, ""Smoker"": 0, ""Stroke"": 0, ""HeartDiseaseorAttack"": 0, ""PhysActivity"": 0, ""Fruits"": 0, ""Veggies"": 0, ""HvyAlcoholConsump"": 0, ""AnyHealthcare"": 0, ""NoDocbcCost"": 0, ""GenHlth"": 0, ""MentHlth"": 0, ""PhysHlth"": 0, ""DiffWalk"": 0, ""Sex"": 0, ""Age"": 0, ""Education"": 0, ""Income"": 0}",286.9019355000055,277.5625,-111493120,204535,204535,1636280,818140,10,cpu,1,2.14.1+cu130,d52d239,87.5909090909091,37.59090909090909,0.0
L1,high,4,50000,mle,mle,,,,50000,50000,50736,37,0,1338166445,4094808373,-12.360886139575836,0.01888534031390627,197,0.001261431725007884,"{""Diabetes_binary"": -0.4082414554955067, ""HighBP"": -0.6489924394865052, ""HighChol"": -0.6737757840093587, ""CholCheck"": -0.15424849969081036, ""BMI"": -0.7777525186821348, ""Smoker"": -0.6871331236856093, ""Stroke"": -0.14918489755679284, ""HeartDiseaseorAttack"": -0.2824097726443391, ""PhysActivity"": -0.5510673003975443, ""Fruits"": -0.6566158294663248, ""Veggies"": -0.4808970217859051, ""HvyAlcoholConsump"": -0.21616473035264622, ""AnyHealthcare"": -0.18457662639882566, ""NoDocbcCost"": -0.2595217737195768, ""GenHlth"": -0.7820842091777126, ""MentHlth"": -0.4116901347191227, ""PhysHlth"": -0.5018816518178161, ""DiffWalk"": -0.4174290625194924, ""Sex"": -0.6857215658770729, ""Age"": -1.6783864372589241, ""Education"": -0.6775514532662144, ""Income"": -1.0755598515676026}","{""HvyAlcoholConsump"": 0.0, ""PhysHlth"": 0.0, ""Sex"": 0.0, ""Diabetes_binary"": 0.0012417218543046358, ""Age"": 0.0, ""Income"": 0.0, ""GenHlth"": 0.0, ""BMI"": 0.0, ""PhysActivity"": 0.0, ""DiffWalk"": 0.0, ""MentHlth"": 1.9709870703248187e-05, ""AnyHealthcare"": 0.0, ""NoDocbcCost"": 0.0, ""CholCheck"": 0.0, ""HighBP"": 0.0, ""HeartDiseaseorAttack"": 0.0, ""Stroke"": 0.0, ""HighChol"": 0.0, ""Education"": 0.0, ""Smoker"": 0.0, ""Fruits"": 0.0, ""Veggies"": 0.0}","{""Diabetes_binary"": 166, ""HighBP"": 0, ""HighChol"": 0, ""CholCheck"": 0, ""BMI"": 0, ""Smoker"": 0, ""Stroke"": 0, ""HeartDiseaseorAttack"": 0, ""PhysActivity"": 0, ""Fruits"": 0, ""Veggies"": 0, ""HvyAlcoholConsump"": 0, ""AnyHealthcare"": 0, ""NoDocbcCost"": 0, ""GenHlth"": 5, ""MentHlth"": 19, ""PhysHlth"": 7, ""DiffWalk"": 0, ""Sex"": 0, ""Age"": 0, ""Education"": 0, ""Income"": 0}",0.0759183999907691,0.0625,3944448,2481,1348,19848,19848,10,cpu,1,2.14.1+cu130,d52d239,,,
L1,high,4,50000,dirichlet_0.5,dirichlet,,,0.5,50000,50000,50736,37,0,1338166445,4094808373,-12.267621697788814,0.016768420775868313,0,0.001261431725007884,"{""Diabetes_binary"": -0.32973517339396546, ""HighBP"": -0.6489896177658689, ""HighChol"": -0.6737758725217929, ""CholCheck"": -0.15424681877717022, ""BMI"": -0.7777540439282801, ""Smoker"": -0.6871331184921261, ""Stroke"": -0.14918567517539424, ""HeartDiseaseorAttack"": -0.28240922905151483, ""PhysActivity"": -0.551067032372059, ""Fruits"": -0.6566158371138072, ""Veggies"": -0.48089719135089404, ""HvyAlcoholConsump"": -0.21616500484643722, ""AnyHealthcare"": -0.18457669037404265, ""NoDocbcCost"": -0.2595220538907687, ""GenHlth"": -0.7798082035050174, ""MentHlth"": -0.4024798004206214, ""PhysHlth"": -0.4986209408050183, ""DiffWalk"": -0.41742170192028544, ""Sex"": -0.6857215851379318, ""Age"": -1.678386912295666, ""Education"": -0.6775511961807323, ""Income"": -1.0755579984694184}","{""HvyAlcoholConsump"": 0.0, ""PhysHlth"": 0.0, ""Sex"": 0.0, ""Diabetes_binary"": 0.0012417218543046358, ""Age"": 0.0, ""Income"": 0.0, ""GenHlth"": 0.0, ""BMI"": 0.0, ""PhysActivity"": 0.0, ""DiffWalk"": 0.0, ""MentHlth"": 1.9709870703248187e-05, ""AnyHealthcare"": 0.0, ""NoDocbcCost"": 0.0, ""CholCheck"": 0.0, ""HighBP"": 0.0, ""HeartDiseaseorAttack"": 0.0, ""Stroke"": 0.0, ""HighChol"": 0.0, ""Education"": 0.0, ""Smoker"": 0.0, ""Fruits"": 0.0, ""Veggies"": 0.0}","{""Diabetes_binary"": 0, ""HighBP"": 0, ""HighChol"": 0, ""CholCheck"": 0, ""BMI"": 0, ""Smoker"": 0, ""Stroke"": 0, ""HeartDiseaseorAttack"": 0, ""PhysActivity"": 0, ""Fruits"": 0, ""Veggies"": 0, ""HvyAlcoholConsump"": 0, ""AnyHealthcare"": 0, ""NoDocbcCost"": 0, ""GenHlth"": 0, ""MentHlth"": 0, ""PhysHlth"": 0, ""DiffWalk"": 0, ""Sex"": 0, ""Age"": 0, ""Education"": 0, ""Income"": 0}",0.10590080000110902,0.09375,-1183744,2481,1348,19848,19848,10,cpu,1,2.14.1+cu130,d52d239,,,
L1,high,4,full,mle,mle,,,,202944,202944,50736,37,0,2012808056,2581711546,-12.274774335218908,0.01712947073615924,35,0.00017738883632923368,"{""Diabetes_binary"": -0.3404358948462968, ""HighBP"": -0.6487603061357445, ""HighChol"": -0.6737218248490182, ""CholCheck"": -0.15411422188926346, ""BMI"": -0.7776232970376747, ""Smoker"": -0.6871436089903551, ""Stroke"": -0.14918512349102578, ""HeartDiseaseorAttack"": -0.2823522222789223, ""PhysActivity"": -0.5509925434560792, ""Fruits"": -0.6566148982137279, ""Veggies"": -0.48086506899327086, ""HvyAlcoholConsump"": -0.21613849121313752, ""AnyHealthcare"": -0.1846094273323821, ""NoDocbcCost"": -0.25950763092868484, ""GenHlth"": -0.7787802670406289, ""MentHlth"": -0.4025315731946757, ""PhysHlth"": -0.497682533635602, ""DiffWalk"": -0.4171996480214196, ""Sex"": -0.6856918347382198, ""Age"": -1.6782383693997642, ""Education"": -0.677546500671646, ""Income"": -1.075039048861368}","{""HvyAlcoholConsump"": 0.0, ""PhysHlth"": 0.0, ""Sex"": 0.0, ""Diabetes_binary"": 0.00017738883632923368, ""Age"": 0.0, ""Income"": 0.0, ""GenHlth"": 0.0, ""BMI"": 0.0, ""PhysActivity"": 0.0, ""DiffWalk"": 0.0, ""MentHlth"": 0.0, ""AnyHealthcare"": 0.0, ""NoDocbcCost"": 0.0, ""CholCheck"": 0.0, ""HighBP"": 0.0, ""HeartDiseaseorAttack"": 0.0, ""Stroke"": 0.0, ""HighChol"": 0.0, ""Education"": 0.0, ""Smoker"": 0.0, ""Fruits"": 0.0, ""Veggies"": 0.0}","{""Diabetes_binary"": 33, ""HighBP"": 0, ""HighChol"": 0, ""CholCheck"": 0, ""BMI"": 0, ""Smoker"": 0, ""Stroke"": 0, ""HeartDiseaseorAttack"": 0, ""PhysActivity"": 0, ""Fruits"": 0, ""Veggies"": 0, ""HvyAlcoholConsump"": 0, ""AnyHealthcare"": 0, ""NoDocbcCost"": 0, ""GenHlth"": 0, ""MentHlth"": 2, ""PhysHlth"": 0, ""DiffWalk"": 0, ""Sex"": 0, ""Age"": 0, ""Education"": 0, ""Income"": 0}",0.26647260002209805,0.265625,0,2481,1348,19848,19848,10,cpu,1,2.14.1+cu130,d52d239,,,
L1,high,4,full,dirichlet_0.5,dirichlet,,,0.5,202944,202944,50736,37,0,2012808056,2581711546,-12.25832724082282,0.016716237764379707,0,0.00017738883632923368,"{""Diabetes_binary"": -0.3249180320937172, ""HighBP"": -0.6487599419961152, ""HighChol"": -0.6737218367355667, ""CholCheck"": -0.1541140230761677, ""BMI"": -0.7776237546467815, ""Smoker"": -0.6871436060730199, ""Stroke"": -0.14918528893986405, ""HeartDiseaseorAttack"": -0.282352173077772, ""PhysActivity"": -0.5509925683138321, ""Fruits"": -0.6566148984535194, ""Veggies"": -0.48086509724798404, ""HvyAlcoholConsump"": -0.2161384955228512, ""AnyHealthcare"": -0.1846094079314099, ""NoDocbcCost"": -0.25950743760823675, ""GenHlth"": -0.7787794018420581, ""MentHlth"": -0.4016167607637256, ""PhysHlth"": -0.49767107779647834, ""DiffWalk"": -0.4171982416763746, ""Sex"": -0.6856918367310414, ""Age"": -1.678238417488468, ""Education"": -0.677546505431984, ""Income"": -1.0750384373758537}","{""HvyAlcoholConsump"": 0.0, ""PhysHlth"": 0.0, ""Sex"": 0.0, ""Diabetes_binary"": 0.00017738883632923368, ""Age"": 0.0, ""Income"": 0.0, ""GenHlth"": 0.0, ""BMI"": 0.0, ""PhysActivity"": 0.0, ""DiffWalk"": 0.0, ""MentHlth"": 0.0, ""AnyHealthcare"": 0.0, ""NoDocbcCost"": 0.0, ""CholCheck"": 0.0, ""HighBP"": 0.0, ""HeartDiseaseorAttack"": 0.0, ""Stroke"": 0.0, ""HighChol"": 0.0, ""Education"": 0.0, ""Smoker"": 0.0, ""Fruits"": 0.0, ""Veggies"": 0.0}","{""Diabetes_binary"": 0, ""HighBP"": 0, ""HighChol"": 0, ""CholCheck"": 0, ""BMI"": 0, ""Smoker"": 0, ""Stroke"": 0, ""HeartDiseaseorAttack"": 0, ""PhysActivity"": 0, ""Fruits"": 0, ""Veggies"": 0, ""HvyAlcoholConsump"": 0, ""AnyHealthcare"": 0, ""NoDocbcCost"": 0, ""GenHlth"": 0, ""MentHlth"": 0, ""PhysHlth"": 0, ""DiffWalk"": 0, ""Sex"": 0, ""Age"": 0, ""Education"": 0, ""Income"": 0}",0.2925660000182688,0.296875,0,2481,1348,19848,19848,10,cpu,1,2.14.1+cu130,d52d239,,,
