estimator,hidden_dims,activation,dag_idx,n_nodes,in_degree,alpha,sample_size,n_fit,density,kl,kl_se,fit_time_s,fit_rss_delta_bytes,stored_params,free_params,memory_bytes,memory_bytes_native,stop_epoch_mean,frac_at_ceiling
mle,,,1,5,2,0.5,600,480,0.7,0.0576408298321216,0.0009335987429158,0.0117103000000042,0,30,15,240,240,,
nn_linear,[],linear,1,5,2,0.5,600,480,0.7,0.1734851130538144,0.002032015524221,2.387351800000033,8192,40,40,320,160,,
nn_32_relu,[32],ReLU,1,5,2,0.5,600,480,0.7,0.0640395931736857,0.0012212586752107,1.9162128000000396,20480,970,970,7760,3880,,
mle,,,1,5,2,0.5,1000,800,0.7,0.0433138394185373,0.0007934318463881,0.0091546999999536,0,30,15,240,240,,
nn_linear,[],linear,1,5,2,0.5,1000,800,0.7,0.0962208754389223,0.0030968519330673,4.703889799999843,-3563520,40,40,320,160,,
nn_32_relu,[32],ReLU,1,5,2,0.5,1000,800,0.7,0.021134694765764,0.0007657855855267,2.4085459999998875,-819200,970,970,7760,3880,,
mle,,,1,5,2,0.5,1400,1120,0.7,0.0381974711127239,0.000755085294788,0.0091520999999374,4096,30,15,240,240,,
nn_linear,[],linear,1,5,2,0.5,1400,1120,0.7,0.1051812343150492,0.0020984075573911,4.71860659999993,-4059136,40,40,320,160,,
nn_32_relu,[32],ReLU,1,5,2,0.5,1400,1120,0.7,0.0089322455601666,0.0001193837572541,4.023487899999964,-884736,970,970,7760,3880,,
mle,,,2,5,2,0.5,600,480,0.7,0.0203499151666773,0.0003705728399123,0.0111343999999462,0,30,15,240,240,,
nn_linear,[],linear,2,5,2,0.5,600,480,0.7,0.0666931528566367,0.0005930619394969,2.7146181000000524,-3489792,40,40,320,160,,
nn_32_relu,[32],ReLU,2,5,2,0.5,600,480,0.7,0.013853954884141,0.0001100088350342,1.6348045999998249,-1617920,970,970,7760,3880,,
mle,,,2,5,2,0.5,1000,800,0.7,0.0115915077741884,0.0002385322641085,0.011009999999942,0,30,15,240,240,,
nn_linear,[],linear,2,5,2,0.5,1000,800,0.7,0.0229432453463789,0.0005130112703566,4.493612399999847,-3473408,40,40,320,160,,
nn_32_relu,[32],ReLU,2,5,2,0.5,1000,800,0.7,0.0083945226835127,9.772225283157764e-05,3.013607899999897,-765952,970,970,7760,3880,,
mle,,,2,5,2,0.5,1400,1120,0.7,0.0078429694192284,0.0001344531075553,0.0091136999999434,0,30,15,240,240,,
nn_linear,[],linear,2,5,2,0.5,1400,1120,0.7,0.0239699467798678,0.0004938677540639,5.369056300000011,-4083712,40,40,320,160,,
nn_32_relu,[32],ReLU,2,5,2,0.5,1400,1120,0.7,0.00855382064824,0.0001237161451206,4.969409300000052,-851968,970,970,7760,3880,,
mle,,,3,5,2,0.5,600,480,0.7,0.017370113302995,0.0001137726752337,0.0105499999999665,0,30,15,240,240,,
nn_linear,[],linear,3,5,2,0.5,600,480,0.7,0.1340093824866555,0.0012647507861693,2.886228299999857,-3489792,40,40,320,160,,
nn_32_relu,[32],ReLU,3,5,2,0.5,600,480,0.7,0.0182404349755498,0.0001459286711443,1.4552424000000883,-1585152,970,970,7760,3880,,
mle,,,3,5,2,0.5,1000,800,0.7,0.0176517368471067,3.894562157451312e-05,0.0106458000000202,0,30,15,240,240,,
nn_linear,[],linear,3,5,2,0.5,1000,800,0.7,0.1363143282046644,0.0010546780704854,2.6540621999999985,-3096576,40,40,320,160,,
nn_32_relu,[32],ReLU,3,5,2,0.5,1000,800,0.7,0.0211229395957251,0.0001369081509893,2.038483499999984,-1036288,970,970,7760,3880,,
mle,,,3,5,2,0.5,1400,1120,0.7,0.0145254891551311,0.0001017115824442,0.0087978999999904,4096,30,15,240,240,,
nn_linear,[],linear,3,5,2,0.5,1400,1120,0.7,0.1356471339461307,0.0016744401051219,3.3604760999999144,-4022272,40,40,320,160,,
nn_32_relu,[32],ReLU,3,5,2,0.5,1400,1120,0.7,0.0331795515010754,0.0004219926731374,3.227344099999982,-929792,970,970,7760,3880,,
mle,,,4,5,2,0.5,600,480,0.7,0.0283980080825083,0.0001775075787029,0.0114106999999421,0,30,15,240,240,,
nn_linear,[],linear,4,5,2,0.5,600,480,0.7,0.1066428658351564,0.0017160948598654,2.770430999999917,-3379200,40,40,320,160,,
nn_32_relu,[32],ReLU,4,5,2,0.5,600,480,0.7,0.0268280415364899,0.0001804710162415,2.027689999999893,-1515520,970,970,7760,3880,,
mle,,,4,5,2,0.5,1000,800,0.7,0.0138534601918979,4.4970536287483366e-05,0.0107138000000759,0,30,15,240,240,,
nn_linear,[],linear,4,5,2,0.5,1000,800,0.7,0.073001397840619,0.0017160530017525,3.8263873999999305,-2990080,40,40,320,160,,
nn_32_relu,[32],ReLU,4,5,2,0.5,1000,800,0.7,0.0347035555841499,0.0001667708252248,2.5286251999998512,-1110016,970,970,7760,3880,,
mle,,,4,5,2,0.5,1400,1120,0.7,0.0143069228443943,4.643435588394625e-05,0.0109064999999191,0,30,15,240,240,,
nn_linear,[],linear,4,5,2,0.5,1400,1120,0.7,0.0610515997163682,0.0011071775490813,3.860060799999928,-4022272,40,40,320,160,,
nn_32_relu,[32],ReLU,4,5,2,0.5,1400,1120,0.7,0.0213633903572958,0.0001462660606375,3.4164791999999125,-1015808,970,970,7760,3880,,
mle,,,5,5,2,0.5,600,480,0.7,0.1569058899172122,0.0102339092441412,0.0102894999999989,0,30,15,240,240,,
nn_linear,[],linear,5,5,2,0.5,600,480,0.7,0.0938385229084345,0.0006825982049553,2.9415263999999297,-3649536,40,40,320,160,,
nn_32_relu,[32],ReLU,5,5,2,0.5,600,480,0.7,0.0142021839215928,0.0007888743854869,2.4367390999998406,-1462272,970,970,7760,3880,,
mle,,,5,5,2,0.5,1000,800,0.7,0.0743401671415366,0.010069866694385,0.0113440000000082,0,30,15,240,240,,
nn_linear,[],linear,5,5,2,0.5,1000,800,0.7,0.042797494800712,0.0007516949343184,4.370497699999987,-2641920,40,40,320,160,,
nn_32_relu,[32],ReLU,5,5,2,0.5,1000,800,0.7,0.0103973903941951,0.0005001143012863,3.094878999999992,-1056768,970,970,7760,3880,,
mle,,,5,5,2,0.5,1400,1120,0.7,0.0121945951340461,0.0010760441755302,0.0099192999998649,0,30,15,240,240,,
nn_linear,[],linear,5,5,2,0.5,1400,1120,0.7,0.0262260242768662,0.0004319140018693,5.69829249999998,-4259840,40,40,320,160,,
nn_32_relu,[32],ReLU,5,5,2,0.5,1400,1120,0.7,0.0057938557803869,0.000191258506797,2.561161000000084,-888832,970,970,7760,3880,,
mle,,,1,5,4,0.5,600,480,1.0,0.1035227245313418,0.0063436498049421,0.0131999000000178,0,62,31,496,496,,
nn_linear,[],linear,1,5,4,0.5,600,480,1.0,0.1054295270789887,0.0017085876565566,2.796823499999846,-4403200,52,52,416,208,,
nn_32_relu,[32],ReLU,1,5,4,0.5,600,480,1.0,0.0299074621094852,0.002038017147318,1.5926933000000645,-1650688,1162,1162,9296,4648,,
mle,,,1,5,4,0.5,1000,800,1.0,0.0491941505614521,0.0027580617949563,0.0106634999999641,4096,62,31,496,496,,
nn_linear,[],linear,1,5,4,0.5,1000,800,1.0,0.0677925040810107,0.0014364645569103,3.792830899999899,-3760128,52,52,416,208,,
nn_32_relu,[32],ReLU,1,5,4,0.5,1000,800,1.0,0.0255359689172607,0.0006026241805319,2.8439507999999023,-1445888,1162,1162,9296,4648,,
mle,,,1,5,4,0.5,1400,1120,1.0,0.0616695185142236,0.0081146533798178,0.0120345999998789,0,62,31,496,496,,
nn_linear,[],linear,1,5,4,0.5,1400,1120,1.0,0.054810081285095,0.0016644159219034,5.379267599999821,-4251648,52,52,416,208,,
nn_32_relu,[32],ReLU,1,5,4,0.5,1400,1120,1.0,0.0129978168320579,0.0005208365429314,4.2918838000000505,-1183744,1162,1162,9296,4648,,
mle,,,2,5,4,0.5,600,480,1.0,0.1290006867022395,0.0016453904731766,0.0122378999999455,0,62,31,496,496,,
nn_linear,[],linear,2,5,4,0.5,600,480,1.0,0.1960498822784638,0.0030996086764444,2.5299748000002182,-4714496,52,52,416,208,,
nn_32_relu,[32],ReLU,2,5,4,0.5,600,480,1.0,0.0307964403552975,0.0006463438219877,2.2489263999998457,-2109440,1162,1162,9296,4648,,
mle,,,2,5,4,0.5,1000,800,1.0,0.0392895525228386,0.0008249827532127,0.0120139999999082,0,62,31,496,496,,
nn_linear,[],linear,2,5,4,0.5,1000,800,1.0,0.1669689528546841,0.0033257425185813,4.294710500000065,-4661248,52,52,416,208,,
nn_32_relu,[32],ReLU,2,5,4,0.5,1000,800,1.0,0.0161952915967448,0.0006686419038739,4.018790999999965,-1273856,1162,1162,9296,4648,,
mle,,,2,5,4,0.5,1400,1120,1.0,0.0355536783069094,0.000669680763654,0.0121429000000716,0,62,31,496,496,,
nn_linear,[],linear,2,5,4,0.5,1400,1120,1.0,0.1684367605206603,0.0029521890622062,5.255051200000025,-3526656,52,52,416,208,,
nn_32_relu,[32],ReLU,2,5,4,0.5,1400,1120,1.0,0.013411307622189,0.0003949853659566,5.976777299999867,-1662976,1162,1162,9296,4648,,
mle,,,3,5,4,0.5,600,480,1.0,0.039410711085537,0.0035022111228555,0.0117945999998028,0,62,31,496,496,,
nn_linear,[],linear,3,5,4,0.5,600,480,1.0,0.1743113962692723,0.0026023412461397,2.789677900000015,-6414336,52,52,416,208,,
nn_32_relu,[32],ReLU,3,5,4,0.5,600,480,1.0,0.0480133792143261,0.0008228148213612,2.1535919999998896,-2031616,1162,1162,9296,4648,,
mle,,,3,5,4,0.5,1000,800,1.0,0.0337909631499737,0.0035297306560143,0.0105562999999619,0,62,31,496,496,,
nn_linear,[],linear,3,5,4,0.5,1000,800,1.0,0.1414762931001812,0.0025725261707927,4.440663299999869,-4263936,52,52,416,208,,
nn_32_relu,[32],ReLU,3,5,4,0.5,1000,800,1.0,0.0124340374895362,0.0003487261946822,4.733539700000165,-1187840,1162,1162,9296,4648,,
mle,,,3,5,4,0.5,1400,1120,1.0,0.0292570983479796,0.0034901092130206,0.0124091000000134,0,62,31,496,496,,
nn_linear,[],linear,3,5,4,0.5,1400,1120,1.0,0.135028488672183,0.0018002682774352,5.110668900000064,-4182016,52,52,416,208,,
nn_32_relu,[32],ReLU,3,5,4,0.5,1400,1120,1.0,0.0182596555459215,0.0004932057808456,3.2011569000001145,-1814528,1162,1162,9296,4648,,
mle,,,4,5,4,0.5,600,480,1.0,0.4047459259228089,0.0156215665083473,0.0155393000000003,8192,62,31,496,496,,
nn_linear,[],linear,4,5,4,0.5,600,480,1.0,0.216107162261447,0.0044046551857068,3.035344000000123,-5500928,52,52,416,208,,
nn_32_relu,[32],ReLU,4,5,4,0.5,600,480,1.0,0.0646552826508731,0.0022358896690787,1.931304500000124,-1998848,1162,1162,9296,4648,,
mle,,,4,5,4,0.5,1000,800,1.0,0.0734296154874713,0.0032610241019395,0.0125430000000505,0,62,31,496,496,,
nn_linear,[],linear,4,5,4,0.5,1000,800,1.0,0.1951231296703983,0.0045561893435316,4.034688799999913,-4452352,52,52,416,208,,
nn_32_relu,[32],ReLU,4,5,4,0.5,1000,800,1.0,0.0324292385935774,0.0010723689184308,3.8251999000001433,-1679360,1162,1162,9296,4648,,
mle,,,4,5,4,0.5,1400,1120,1.0,0.052883168406097,0.0023373429056737,0.0122545000001537,0,62,31,496,496,,
nn_linear,[],linear,4,5,4,0.5,1400,1120,1.0,0.1934874573799452,0.0047826833827887,4.183354300000019,-4005888,52,52,416,208,,
nn_32_relu,[32],ReLU,4,5,4,0.5,1400,1120,1.0,0.0221519500549665,0.0006557097170893,4.3216485999998895,-1589248,1162,1162,9296,4648,,
mle,,,5,5,4,0.5,600,480,1.0,0.1779053475061476,0.0080697966739955,0.0123088000000279,0,62,31,496,496,,
nn_linear,[],linear,5,5,4,0.5,600,480,1.0,0.1648751698008598,0.0020652503918856,2.42033749999996,-4722688,52,52,416,208,,
nn_32_relu,[32],ReLU,5,5,4,0.5,600,480,1.0,0.022473857486855,0.0004192730015514,2.141751899999917,-1814528,1162,1162,9296,4648,,
mle,,,5,5,4,0.5,1000,800,1.0,0.0859783765908708,0.0052681078412669,0.012725699999919,0,62,31,496,496,,
nn_linear,[],linear,5,5,4,0.5,1000,800,1.0,0.1658337560605277,0.0023119907210175,3.33186610000007,-4407296,52,52,416,208,,
nn_32_relu,[32],ReLU,5,5,4,0.5,1000,800,1.0,0.0202349393831099,0.0007010884559345,2.9982952000000296,-1396736,1162,1162,9296,4648,,
mle,,,5,5,4,0.5,1400,1120,1.0,0.0619124965284045,0.005281309520844,0.0119692000000668,0,62,31,496,496,,
nn_linear,[],linear,5,5,4,0.5,1400,1120,1.0,0.1439913870324602,0.0029266436780984,5.1954774999999245,-4075520,52,52,416,208,,
nn_32_relu,[32],ReLU,5,5,4,0.5,1400,1120,1.0,0.0152882711553956,0.0004147138095267,4.479862200000071,-1466368,1162,1162,9296,4648,,
mle,,,1,5,6,0.5,600,480,1.0,0.3034528441579572,0.0161942755291012,0.0108834999998634,0,62,31,496,496,,
nn_linear,[],linear,1,5,6,0.5,600,480,1.0,0.547601188255174,0.0033970754118714,2.3030862000000525,-3743744,52,52,416,208,,
nn_32_relu,[32],ReLU,1,5,6,0.5,600,480,1.0,0.0179401103030889,0.0010085260657524,2.7755955000000085,-2396160,1162,1162,9296,4648,,
mle,,,1,5,6,0.5,1000,800,1.0,0.0418097760327818,0.0057061745916897,0.0122681000000284,0,62,31,496,496,,
nn_linear,[],linear,1,5,6,0.5,1000,800,1.0,0.4265408890157886,0.0037924737149993,4.27640909999991,-5414912,52,52,416,208,,
nn_32_relu,[32],ReLU,1,5,6,0.5,1000,800,1.0,0.0142657100613668,0.000348477957009,4.022155999999995,-1437696,1162,1162,9296,4648,,
mle,,,1,5,6,0.5,1400,1120,1.0,0.0431460254395475,0.0057252678856543,0.0134825999998611,4096,62,31,496,496,,
nn_linear,[],linear,1,5,6,0.5,1400,1120,1.0,0.3043185135412297,0.0037952926772818,5.124421799999936,-3600384,52,52,416,208,,
nn_32_relu,[32],ReLU,1,5,6,0.5,1400,1120,1.0,0.0112455506844972,0.0003297509428856,3.661111599999913,-1572864,1162,1162,9296,4648,,
mle,,,2,5,6,0.5,600,480,1.0,0.0133654629207618,7.547695873531959e-05,0.0131716000000778,8192,62,31,496,496,,
nn_linear,[],linear,2,5,6,0.5,600,480,1.0,0.4653430529973435,0.002376620095516,2.159945599999901,-5705728,52,52,416,208,,
nn_32_relu,[32],ReLU,2,5,6,0.5,600,480,1.0,0.0328659668804762,7.016694500761008e-05,1.7972045999999864,-1441792,1162,1162,9296,4648,,
mle,,,2,5,6,0.5,1000,800,1.0,0.0487263570556585,0.006077128762205,0.0159198000001197,0,62,31,496,496,,
nn_linear,[],linear,2,5,6,0.5,1000,800,1.0,0.3213479649187455,0.0021409874800056,3.0424957999998696,-4595712,52,52,416,208,,
nn_32_relu,[32],ReLU,2,5,6,0.5,1000,800,1.0,0.0207845015024617,0.0001039125520614,3.1083342999997967,-1388544,1162,1162,9296,4648,,
mle,,,2,5,6,0.5,1400,1120,1.0,0.0046142615424934,4.2092590848735934e-05,0.0151504999998905,0,62,31,496,496,,
nn_linear,[],linear,2,5,6,0.5,1400,1120,1.0,0.2683530779577159,0.0022087967956544,2.7296808999999485,-3829760,52,52,416,208,,
nn_32_relu,[32],ReLU,2,5,6,0.5,1400,1120,1.0,0.0121894580095615,3.282658761344741e-05,3.600247500000023,-1556480,1162,1162,9296,4648,,
mle,,,3,5,6,0.5,600,480,1.0,0.2642273363285313,0.0181318086464507,0.0116537000001244,4096,62,31,496,496,,
nn_linear,[],linear,3,5,6,0.5,600,480,1.0,0.2710342793644408,0.0030494937059927,3.024339300000065,-5443584,52,52,416,208,,
nn_32_relu,[32],ReLU,3,5,6,0.5,600,480,1.0,0.0251431249339709,0.001294078126628,2.661782200000061,-2420736,1162,1162,9296,4648,,
mle,,,3,5,6,0.5,1000,800,1.0,0.082179041957665,0.0101854069816307,0.0119144000000233,0,62,31,496,496,,
nn_linear,[],linear,3,5,6,0.5,1000,800,1.0,0.1486715929036696,0.0034536777091387,4.220976899999869,-4571136,52,52,416,208,,
nn_32_relu,[32],ReLU,3,5,6,0.5,1000,800,1.0,0.0184771599668635,0.0012050863508777,3.6674173999999766,-1359872,1162,1162,9296,4648,,
mle,,,3,5,6,0.5,1400,1120,1.0,0.0423965603622148,0.0058018484668086,0.0126697000000604,0,62,31,496,496,,
nn_linear,[],linear,3,5,6,0.5,1400,1120,1.0,0.1211470047340103,0.0037123687656224,6.276232899999968,-4009984,52,52,416,208,,
nn_32_relu,[32],ReLU,3,5,6,0.5,1400,1120,1.0,0.0248740705681457,0.0012525225952764,4.204947499999889,-1802240,1162,1162,9296,4648,,
mle,,,4,5,6,0.5,600,480,1.0,0.2501686708844302,0.0189043390746675,0.0104364999999688,0,62,31,496,496,,
nn_linear,[],linear,4,5,6,0.5,600,480,1.0,0.2533061644921138,0.0041264759085087,2.465662199999997,-5836800,52,52,416,208,,
nn_32_relu,[32],ReLU,4,5,6,0.5,600,480,1.0,0.0525752395283169,0.0020055826303278,2.77198599999997,-2637824,1162,1162,9296,4648,,
mle,,,4,5,6,0.5,1000,800,1.0,0.0679528588215075,0.0048564606557285,0.0128737,0,62,31,496,496,,
nn_linear,[],linear,4,5,6,0.5,1000,800,1.0,0.2242466303598137,0.0053103776411586,4.119646600000124,-4534272,52,52,416,208,,
nn_32_relu,[32],ReLU,4,5,6,0.5,1000,800,1.0,0.0245970330745409,0.0005995037173504,4.146429000000126,-1130496,1162,1162,9296,4648,,
mle,,,4,5,6,0.5,1400,1120,1.0,0.0615734964634604,0.0048570886748634,0.0120206999999936,0,62,31,496,496,,
nn_linear,[],linear,4,5,6,0.5,1400,1120,1.0,0.2119249549819262,0.0047001739131889,5.794744099999889,-4251648,52,52,416,208,,
nn_32_relu,[32],ReLU,4,5,6,0.5,1400,1120,1.0,0.0230888185582278,0.000602771496745,4.166835499999934,-1388544,1162,1162,9296,4648,,
mle,,,5,5,6,0.5,600,480,1.0,0.1489532889059155,0.002554369743166,0.011372700000038,0,62,31,496,496,,
nn_linear,[],linear,5,5,6,0.5,600,480,1.0,0.160042169264513,0.0018624032595646,3.1076064999999744,-4034560,52,52,416,208,,
nn_32_relu,[32],ReLU,5,5,6,0.5,600,480,1.0,0.0291882753425524,0.0017057509565886,2.5589010999999573,-1433600,1162,1162,9296,4648,,
mle,,,5,5,6,0.5,1000,800,1.0,0.1437359399748864,0.0025384693250219,0.0110260000001289,0,62,31,496,496,,
nn_linear,[],linear,5,5,6,0.5,1000,800,1.0,0.1486640550233552,0.0019974859521791,4.404807099999971,-4608000,52,52,416,208,,
nn_32_relu,[32],ReLU,5,5,6,0.5,1000,800,1.0,0.0247059777151161,0.0018311425617227,3.543818099999953,-1359872,1162,1162,9296,4648,,
mle,,,5,5,6,0.5,1400,1120,1.0,0.1302598818811141,0.0025104339392766,0.0121031000001039,0,62,31,496,496,,
nn_linear,[],linear,5,5,6,0.5,1400,1120,1.0,0.1388445324339825,0.0019792454761744,4.390498200000138,-4091904,52,52,416,208,,
nn_32_relu,[32],ReLU,5,5,6,0.5,1400,1120,1.0,0.0206910177813244,0.0010764380537768,4.560442100000046,-1396736,1162,1162,9296,4648,,
mle,,,1,5,8,0.5,600,480,1.0,0.0575147805246009,0.0017638887518167,0.0104375999999319,0,62,31,496,496,,
nn_linear,[],linear,1,5,8,0.5,600,480,1.0,0.1215418382183808,0.0015769751605938,2.6761324999999943,-5140480,52,52,416,208,,
nn_32_relu,[32],ReLU,1,5,8,0.5,600,480,1.0,0.0335212594521332,0.0009875980580843,2.803810300000123,-1609728,1162,1162,9296,4648,,
mle,,,1,5,8,0.5,1000,800,1.0,0.0429985392529428,0.0017366230351877,0.0129675000000588,0,62,31,496,496,,
nn_linear,[],linear,1,5,8,0.5,1000,800,1.0,0.0880215910299566,0.0017087683811497,3.718911599999956,-4739072,52,52,416,208,,
nn_32_relu,[32],ReLU,1,5,8,0.5,1000,800,1.0,0.0374219840746758,0.0010368893070541,2.0526608999998643,-1257472,1162,1162,9296,4648,,
mle,,,1,5,8,0.5,1400,1120,1.0,0.0328737407410154,0.0060125703430495,0.0117920999998659,0,62,31,496,496,,
nn_linear,[],linear,1,5,8,0.5,1400,1120,1.0,0.06496372034133,0.0017218465996383,4.733223499999895,-3993600,52,52,416,208,,
nn_32_relu,[32],ReLU,1,5,8,0.5,1400,1120,1.0,0.0121433894181622,0.0006270977362199,5.618280299999924,-1462272,1162,1162,9296,4648,,
mle,,,2,5,8,0.5,600,480,1.0,0.1556345478983246,0.0165252500948651,0.0127830000001267,0,62,31,496,496,,
nn_linear,[],linear,2,5,8,0.5,600,480,1.0,0.346358271284585,0.002798143427059,2.5352797000000464,-4001792,52,52,416,208,,
nn_32_relu,[32],ReLU,2,5,8,0.5,600,480,1.0,0.0326966711759327,0.0023684997294771,3.2437568000000283,-1560576,1162,1162,9296,4648,,
mle,,,2,5,8,0.5,1000,800,1.0,0.1071577130116864,0.0113188189383846,0.0123954000000594,0,62,31,496,496,,
nn_linear,[],linear,2,5,8,0.5,1000,800,1.0,0.1132131641994672,0.0029936165936749,4.257784199999833,-5365760,52,52,416,208,,
nn_32_relu,[32],ReLU,2,5,8,0.5,1000,800,1.0,0.0260306579499867,0.0008141453118695,3.2041885000001,-1384448,1162,1162,9296,4648,,
mle,,,2,5,8,0.5,1400,1120,1.0,0.0679619740181628,0.0091873456827442,0.0107673999998496,0,62,31,496,496,,
nn_linear,[],linear,2,5,8,0.5,1400,1120,1.0,0.1089138696065101,0.0033253475581611,5.062109100000043,-4227072,52,52,416,208,,
nn_32_relu,[32],ReLU,2,5,8,0.5,1400,1120,1.0,0.0250027212718041,0.0008973694168783,3.5678791000000274,-1527808,1162,1162,9296,4648,,
mle,,,3,5,8,0.5,600,480,1.0,0.1958582388838687,0.0068675357418943,0.0123747999998613,0,62,31,496,496,,
nn_linear,[],linear,3,5,8,0.5,600,480,1.0,0.1775476830216095,0.0043543797691684,2.937149899999895,-5251072,52,52,416,208,,
nn_32_relu,[32],ReLU,3,5,8,0.5,600,480,1.0,0.040454473481133,0.0029966550689965,2.336801800000103,-2093056,1162,1162,9296,4648,,
mle,,,3,5,8,0.5,1000,800,1.0,0.124158785787202,0.0067022408968472,0.0123146999999335,0,62,31,496,496,,
nn_linear,[],linear,3,5,8,0.5,1000,800,1.0,0.1459117499908948,0.0037591678927783,2.838246799999979,-5353472,52,52,416,208,,
nn_32_relu,[32],ReLU,3,5,8,0.5,1000,800,1.0,0.0293395482537004,0.002498848340264,3.5273482999998578,-1323008,1162,1162,9296,4648,,
mle,,,3,5,8,0.5,1400,1120,1.0,0.1021401591761692,0.0064568537962137,0.0122847000000092,0,62,31,496,496,,
nn_linear,[],linear,3,5,8,0.5,1400,1120,1.0,0.149236838078525,0.0043140201900587,4.244006899999931,-2342912,52,52,416,208,,
nn_32_relu,[32],ReLU,3,5,8,0.5,1400,1120,1.0,0.0562583645997744,0.0027362343550503,2.218161499999951,-1892352,1162,1162,9296,4648,,
mle,,,4,5,8,0.5,600,480,1.0,0.1482550855256769,0.0087559289969309,0.011207000000013,0,62,31,496,496,,
nn_linear,[],linear,4,5,8,0.5,600,480,1.0,0.1678990660824737,0.002092370890345,2.032839700000068,-5705728,52,52,416,208,,
nn_32_relu,[32],ReLU,4,5,8,0.5,600,480,1.0,0.021478009669468,0.000629550782119,1.7743006000000603,-2158592,1162,1162,9296,4648,,
mle,,,4,5,8,0.5,1000,800,1.0,0.0623612899723628,0.0051213784131117,0.0111414999998942,0,62,31,496,496,,
nn_linear,[],linear,4,5,8,0.5,1000,800,1.0,0.1274187373841991,0.0012922647545358,2.7119486999999936,-3444736,52,52,416,208,,
nn_32_relu,[32],ReLU,4,5,8,0.5,1000,800,1.0,0.0354576737412384,0.0006458821507113,1.7731384000001071,-1966080,1162,1162,9296,4648,,
mle,,,4,5,8,0.5,1400,1120,1.0,0.0245699052295332,0.0035407985131352,0.0131209999999555,0,62,31,496,496,,
nn_linear,[],linear,4,5,8,0.5,1400,1120,1.0,0.1015144994811129,0.0015990745239435,3.815243999999893,-2490368,52,52,416,208,,
nn_32_relu,[32],ReLU,4,5,8,0.5,1400,1120,1.0,0.011965060557656,0.0003808516330316,3.317836400000033,-2080768,1162,1162,9296,4648,,
mle,,,5,5,8,0.5,600,480,1.0,0.3113437985506102,0.0100727471672712,0.0115218999999342,0,62,31,496,496,,
nn_linear,[],linear,5,5,8,0.5,600,480,1.0,0.40131838018491,0.0051201583943613,1.8605312999998205,-4485120,52,52,416,208,,
nn_32_relu,[32],ReLU,5,5,8,0.5,600,480,1.0,0.0641644570473381,0.0016556163377685,1.530981699999984,-2035712,1162,1162,9296,4648,,
mle,,,5,5,8,0.5,1000,800,1.0,0.1490626768288058,0.0087941920290545,0.0097309999998742,0,62,31,496,496,,
nn_linear,[],linear,5,5,8,0.5,1000,800,1.0,0.3759264117580437,0.0056749628409664,3.079664800000046,-4931584,52,52,416,208,,
nn_32_relu,[32],ReLU,5,5,8,0.5,1000,800,1.0,0.0205682255174806,0.000829107215185,2.512192099999993,-1638400,1162,1162,9296,4648,,
mle,,,5,5,8,0.5,1400,1120,1.0,0.0925150421966102,0.0065578033125021,0.0112834999999904,0,62,31,496,496,,
nn_linear,[],linear,5,5,8,0.5,1400,1120,1.0,0.381814730173633,0.0046225625589514,2.878174799999897,-2342912,52,52,416,208,,
nn_32_relu,[32],ReLU,5,5,8,0.5,1400,1120,1.0,0.0120072907121113,0.0006560797382447,3.245846700000129,-2031616,1162,1162,9296,4648,,
mle,,,1,5,10,0.5,600,480,1.0,0.1074526633980095,0.0071394817810056,0.0126588000000538,0,62,31,496,496,,
nn_linear,[],linear,1,5,10,0.5,600,480,1.0,0.3070807412664375,0.0034004631207085,2.236372599999868,-5087232,52,52,416,208,,
nn_32_relu,[32],ReLU,1,5,10,0.5,600,480,1.0,0.02827553514377,0.0007863879543554,1.998488899999984,-1908736,1162,1162,9296,4648,,
mle,,,1,5,10,0.5,1000,800,1.0,0.0977432145604474,0.0070622492906219,0.0100777999998626,0,62,31,496,496,,
nn_linear,[],linear,1,5,10,0.5,1000,800,1.0,0.1802523357516693,0.0037658573399196,2.9105091999999786,-4612096,52,52,416,208,,
nn_32_relu,[32],ReLU,1,5,10,0.5,1000,800,1.0,0.0176532567850118,0.0006090122640967,3.024996500000043,-1355776,1162,1162,9296,4648,,
mle,,,1,5,10,0.5,1400,1120,1.0,0.0291671694005227,0.0009779865433271,0.0136509999999816,0,62,31,496,496,,
nn_linear,[],linear,1,5,10,0.5,1400,1120,1.0,0.1851959431740231,0.0033962335444142,4.777029399999947,-4075520,52,52,416,208,,
nn_32_relu,[32],ReLU,1,5,10,0.5,1400,1120,1.0,0.0107308706079391,0.0006429305242169,4.4330165999999736,-1449984,1162,1162,9296,4648,,
mle,,,2,5,10,0.5,600,480,1.0,0.1640837880750238,0.0103882882696348,0.0137362999998913,0,62,31,496,496,,
nn_linear,[],linear,2,5,10,0.5,600,480,1.0,0.2248835145121084,0.003256740787567,2.689048299999968,-5406720,52,52,416,208,,
nn_32_relu,[32],ReLU,2,5,10,0.5,600,480,1.0,0.0275869227583257,0.0015626813622296,1.7776652000000013,-2080768,1162,1162,9296,4648,,
mle,,,2,5,10,0.5,1000,800,1.0,0.1450359405420584,0.0108449643483288,0.0121501999999509,0,62,31,496,496,,
nn_linear,[],linear,2,5,10,0.5,1000,800,1.0,0.1088232955961487,0.0030206534411893,3.8567563999999943,-5373952,52,52,416,208,,
nn_32_relu,[32],ReLU,2,5,10,0.5,1000,800,1.0,0.0201853864804267,0.0011309052262363,3.076940299999933,-1392640,1162,1162,9296,4648,,
mle,,,2,5,10,0.5,1400,1120,1.0,0.0719838412928747,0.00810457931046,0.0124805000000378,0,62,31,496,496,,
nn_linear,[],linear,2,5,10,0.5,1400,1120,1.0,0.1071992339131587,0.0028150613289063,4.082030399999894,-3829760,52,52,416,208,,
nn_32_relu,[32],ReLU,2,5,10,0.5,1400,1120,1.0,0.0101578204568993,0.0008859587131505,4.391095899999982,-585728,1162,1162,9296,4648,,
mle,,,1,5,2,0.1,600,480,0.7,0.0271283543782139,0.0002902659567318,0.018145099999856,20480,30,15,240,240,,
nn_linear,[],linear,1,5,2,0.1,600,480,0.7,0.1327025457992539,0.0023599115784095,2.8673257000000376,-512000,40,40,320,160,200.0,1.0
nn_32_relu,[32],ReLU,1,5,2,0.1,600,480,0.7,0.010426669215973,0.0001237362429607,2.852984500000275,-1019904,970,970,7760,3880,140.2,0.2
mle,,,1,5,2,0.1,1000,800,0.7,0.0237869741228277,0.0002859372350978,0.0125058999997236,0,30,15,240,240,,
nn_linear,[],linear,1,5,2,0.1,1000,800,0.7,0.0572657415347107,0.0018097309911986,4.433429700000033,-4444160,40,40,320,160,195.2,0.6
nn_32_relu,[32],ReLU,1,5,2,0.1,1000,800,0.7,0.0063144205685831,6.563082935562083e-05,2.98585520000006,-864256,970,970,7760,3880,88.0,0.0
mle,,,1,5,2,0.1,1400,1120,0.7,0.0208848172217824,0.000297474016421,0.0095647000002827,0,30,15,240,240,,
nn_linear,[],linear,1,5,2,0.1,1400,1120,0.7,0.0301956146152876,0.0011836644363636,5.546638199999961,-3665920,40,40,320,160,177.4,0.6
nn_32_relu,[32],ReLU,1,5,2,0.1,1400,1120,0.7,0.0068320435745848,7.156355196531039e-05,4.542902600000161,-684032,970,970,7760,3880,98.8,0.0
mle,,,2,5,2,0.1,600,480,0.7,0.0376837709219396,0.0002841330134036,0.0099039000001539,8192,30,15,240,240,,
nn_linear,[],linear,2,5,2,0.1,600,480,0.7,0.3053262577381682,0.0007813798714805,2.867755700000089,-3735552,40,40,320,160,200.0,1.0
nn_32_relu,[32],ReLU,2,5,2,0.1,600,480,0.7,0.0110460605127658,0.001146157179327,2.3237168000000565,-1249280,970,970,7760,3880,113.8,0.2
mle,,,2,5,2,0.1,1000,800,0.7,0.0047793203039993,0.0002727040581521,0.0104127999998127,0,30,15,240,240,,
nn_linear,[],linear,2,5,2,0.1,1000,800,0.7,0.0824469408831148,0.0006826925860053,3.8745378000003257,-3764224,40,40,320,160,169.6,0.8
nn_32_relu,[32],ReLU,2,5,2,0.1,1000,800,0.7,0.0090339083659139,0.0008587331657478,2.385806799999955,-1507328,970,970,7760,3880,72.4,0.2
mle,,,2,5,2,0.1,1400,1120,0.7,0.0039868207899268,0.0002726742227801,0.0117546000001311,8192,30,15,240,240,,
nn_linear,[],linear,2,5,2,0.1,1400,1120,0.7,0.089145159373824,0.0007570043064378,5.496061599999848,-4227072,40,40,320,160,173.0,0.8
nn_32_relu,[32],ReLU,2,5,2,0.1,1400,1120,0.7,0.0032597212610392,0.0010119555493023,3.821085600000061,-729088,970,970,7760,3880,84.2,0.2
mle,,,3,5,2,0.1,600,480,0.7,0.0193038316664887,0.0001551655182315,0.0093560000000252,0,30,15,240,240,,
nn_linear,[],linear,3,5,2,0.1,600,480,0.7,0.3095181438681443,0.0031923818438694,2.986459300000206,-3330048,40,40,320,160,200.0,1.0
nn_32_relu,[32],ReLU,3,5,2,0.1,600,480,0.7,0.0304315341353305,0.0001998520743812,3.1250559000000067,-864256,970,970,7760,3880,143.2,0.4
mle,,,3,5,2,0.1,1000,800,0.7,0.0163581981011221,9.798066231304388e-05,0.0113400999998702,0,30,15,240,240,,
nn_linear,[],linear,3,5,2,0.1,1000,800,0.7,0.2130654757163176,0.0021530022712181,4.260554299999967,-3637248,40,40,320,160,179.4,0.8
nn_32_relu,[32],ReLU,3,5,2,0.1,1000,800,0.7,0.0173231822694376,0.0001589495387572,4.415805199999795,-995328,970,970,7760,3880,132.8,0.2
mle,,,3,5,2,0.1,1400,1120,0.7,0.0097909577115359,4.586711377439129e-05,0.009304400000019,0,30,15,240,240,,
nn_linear,[],linear,3,5,2,0.1,1400,1120,0.7,0.1407825810506137,0.0012517153660745,5.605245700000069,-3690496,40,40,320,160,178.8,0.8
nn_32_relu,[32],ReLU,3,5,2,0.1,1400,1120,0.7,0.0144059122309618,7.048905106217136e-05,4.299147299999731,-757760,970,970,7760,3880,93.8,0.0
mle,,,4,5,2,0.1,600,480,0.7,0.0642810223182986,0.0089213297289206,0.0100826000002598,0,30,15,240,240,,
nn_linear,[],linear,4,5,2,0.1,600,480,0.7,0.3407029975291803,0.0012329637112821,2.8215312000002086,-3735552,40,40,320,160,196.0,0.8
nn_32_relu,[32],ReLU,4,5,2,0.1,600,480,0.7,0.0191499987689297,0.0005825536333356,3.0842436000002635,-1212416,970,970,7760,3880,148.4,0.4
mle,,,4,5,2,0.1,1000,800,0.7,0.0742207240316361,0.0046482191895769,0.0113956999998663,0,30,15,240,240,,
nn_linear,[],linear,4,5,2,0.1,1000,800,0.7,0.1116112281450423,0.0018167932060992,4.578569199999947,-3764224,40,40,320,160,200.0,1.0
nn_32_relu,[32],ReLU,4,5,2,0.1,1000,800,0.7,0.0167279387750752,0.001825823426895,2.719731700000011,-1474560,970,970,7760,3880,83.2,0.0
mle,,,4,5,2,0.1,1400,1120,0.7,0.0432332743248155,0.0076892208950886,0.0105397000002085,0,30,15,240,240,,
nn_linear,[],linear,4,5,2,0.1,1400,1120,0.7,0.0313128125669339,0.0007234300217757,5.937479199999871,-3473408,40,40,320,160,189.6,0.8
nn_32_relu,[32],ReLU,4,5,2,0.1,1400,1120,0.7,0.0062098188946893,0.0007542795908726,4.010716499999944,-860160,970,970,7760,3880,87.2,0.2
mle,,,5,5,2,0.1,600,480,0.7,0.00094528179052,4.377908268204608e-05,0.0095157999999173,0,30,15,240,240,,
nn_linear,[],linear,5,5,2,0.1,600,480,0.7,0.1154943401543888,0.0004666038659889,2.730851799999982,-3817472,40,40,320,160,185.4,0.8
nn_32_relu,[32],ReLU,5,5,2,0.1,600,480,0.7,0.0047973190718266,0.000102334297824,2.489619999999832,-1204224,970,970,7760,3880,121.2,0.4
mle,,,5,5,2,0.1,1000,800,0.7,0.0010113549864071,6.501077067506482e-05,0.0109202000003278,0,30,15,240,240,,
nn_linear,[],linear,5,5,2,0.1,1000,800,0.7,0.0643218854480166,0.0002432151730331,3.86304680000012,-4460544,40,40,320,160,167.6,0.8
nn_32_relu,[32],ReLU,5,5,2,0.1,1000,800,0.7,0.0022414442663589,4.994757100804909e-05,4.328753399999641,-925696,970,970,7760,3880,128.0,0.4
mle,,,5,5,2,0.1,1400,1120,0.7,0.0007202608919582,2.9903496047756187e-05,0.0106720999997378,0,30,15,240,240,,
nn_linear,[],linear,5,5,2,0.1,1400,1120,0.7,0.0282674929904155,0.0002680987296854,5.427606599999763,-3657728,40,40,320,160,170.4,0.8
nn_32_relu,[32],ReLU,5,5,2,0.1,1400,1120,0.7,0.0011732236458466,3.437604204727837e-05,5.283302100000128,-782336,970,970,7760,3880,114.2,0.4
mle,,,1,5,2,1.0,600,480,0.7,0.013162713388793,0.0001072648829399,0.009501900000032,0,30,15,240,240,,
nn_linear,[],linear,1,5,2,1.0,600,480,0.7,0.0958191190078372,0.0008847400222136,2.477559699999801,-3735552,40,40,320,160,169.8,0.8
nn_32_relu,[32],ReLU,1,5,2,1.0,600,480,0.7,0.0131508374266837,8.246243638200242e-05,1.8703848000000107,-1253376,970,970,7760,3880,89.2,0.0
mle,,,1,5,2,1.0,1000,800,0.7,0.0073688369041149,3.860837814096294e-05,0.0105137000000468,0,30,15,240,240,,
nn_linear,[],linear,1,5,2,1.0,1000,800,0.7,0.0805376650379824,0.0012333738490201,2.64129980000007,-3702784,40,40,320,160,113.4,0.2
nn_32_relu,[32],ReLU,1,5,2,1.0,1000,800,0.7,0.0133062712262444,4.216235136062908e-05,1.8516174000001229,-1454080,970,970,7760,3880,55.4,0.0
mle,,,1,5,2,1.0,1400,1120,0.7,0.0055904091648743,6.971788595893489e-05,0.0091799000001628,4096,30,15,240,240,,
nn_linear,[],linear,1,5,2,1.0,1400,1120,0.7,0.0783536461892602,0.0012493800503078,4.212857399999848,-3641344,40,40,320,160,133.4,0.4
nn_32_relu,[32],ReLU,1,5,2,1.0,1400,1120,0.7,0.0140677019141162,5.43712472388613e-05,2.2968653000002632,-712704,970,970,7760,3880,50.4,0.0
mle,,,2,5,2,1.0,600,480,0.7,0.0189786395391269,0.0003495580350406,0.0104355999997096,0,30,15,240,240,,
nn_linear,[],linear,2,5,2,1.0,600,480,0.7,0.1164720003352112,0.0014093303050372,2.1430931999998397,-3727360,40,40,320,160,147.0,0.4
nn_32_relu,[32],ReLU,2,5,2,1.0,600,480,0.7,0.0195524538375861,0.0004034760822826,2.276103799999873,-1241088,970,970,7760,3880,111.8,0.0
mle,,,2,5,2,1.0,1000,800,0.7,0.0061068491349942,5.40901357056004e-05,0.0092043999998168,0,30,15,240,240,,
nn_linear,[],linear,2,5,2,1.0,1000,800,0.7,0.0535336474493739,0.0016867017173034,3.583232699999826,-3768320,40,40,320,160,154.2,0.4
nn_32_relu,[32],ReLU,2,5,2,1.0,1000,800,0.7,0.0056452208757784,7.644096392954371e-05,3.239480999999614,-1515520,970,970,7760,3880,97.2,0.0
mle,,,2,5,2,1.0,1400,1120,0.7,0.0594251793111288,0.0027078386299913,0.0106445000001258,4096,30,15,240,240,,
nn_linear,[],linear,2,5,2,1.0,1400,1120,0.7,0.0566600155647664,0.0016454075743697,3.4441043000001628,-3473408,40,40,320,160,109.4,0.2
nn_32_relu,[32],ReLU,2,5,2,1.0,1400,1120,0.7,0.0075531040818064,0.0001313525732751,3.523881800000254,-811008,970,970,7760,3880,76.2,0.0
mle,,,3,5,2,1.0,600,480,0.7,0.0265324505682037,0.0001761907333955,0.008677599999828,0,30,15,240,240,,
nn_linear,[],linear,3,5,2,1.0,600,480,0.7,0.0917261576084328,0.0007844787659339,2.792501199999606,-3735552,40,40,320,160,187.6,0.8
nn_32_relu,[32],ReLU,3,5,2,1.0,600,480,0.7,0.026435685266263,9.883250584959734e-05,1.4982559999998557,36864,970,970,7760,3880,71.8,0.0
mle,,,3,5,2,1.0,1000,800,0.7,0.0161838479658505,5.6379383520570747e-05,0.0103447999999843,0,30,15,240,240,,
nn_linear,[],linear,3,5,2,1.0,1000,800,0.7,0.0737143948271377,0.0012476962266703,3.982718100000056,-4640768,40,40,320,160,172.2,0.4
nn_32_relu,[32],ReLU,3,5,2,1.0,1000,800,0.7,0.010038483312667,8.335855713201854e-05,2.400056199999653,-921600,970,970,7760,3880,70.2,0.0
mle,,,3,5,2,1.0,1400,1120,0.7,0.0131585513836066,6.996453797976834e-05,0.0088184999999612,0,30,15,240,240,,
nn_linear,[],linear,3,5,2,1.0,1400,1120,0.7,0.0746982336493376,0.0013464237024533,2.995658000000276,-3411968,40,40,320,160,95.8,0.0
nn_32_relu,[32],ReLU,3,5,2,1.0,1400,1120,0.7,0.0090726175486822,7.101655846038774e-05,2.7048631000002388,-827392,970,970,7760,3880,60.2,0.0
mle,,,4,5,2,1.0,600,480,0.7,0.0147723311923408,0.0001917583669501,0.0087848999996822,0,30,15,240,240,,
nn_linear,[],linear,4,5,2,1.0,600,480,0.7,0.1146849783993574,0.0007809913076718,1.6748280000001614,-3735552,40,40,320,160,115.2,0.0
nn_32_relu,[32],ReLU,4,5,2,1.0,600,480,0.7,0.0215095603423459,6.315054129025373e-05,1.3942243999999846,-1220608,970,970,7760,3880,65.2,0.0
mle,,,4,5,2,1.0,1000,800,0.7,0.01515302725441,9.06813499474264e-05,0.0092270000000098,0,30,15,240,240,,
nn_linear,[],linear,4,5,2,1.0,1000,800,0.7,0.0893514387100429,0.0005805229657197,2.68226709999999,-3768320,40,40,320,160,117.0,0.0
nn_32_relu,[32],ReLU,4,5,2,1.0,1000,800,0.7,0.0145559844958872,9.254692917905784e-05,1.517071599999781,-1486848,970,970,7760,3880,46.8,0.0
mle,,,4,5,2,1.0,1400,1120,0.7,0.0114827610306009,8.629560548880201e-05,0.0108040999998593,4096,30,15,240,240,,
nn_linear,[],linear,4,5,2,1.0,1400,1120,0.7,0.086932679474241,0.0007131095292085,3.461009699999977,-3407872,40,40,320,160,112.4,0.0
nn_32_relu,[32],ReLU,4,5,2,1.0,1400,1120,0.7,0.0137870994561035,0.0001539557624959,1.9345219000001637,-847872,970,970,7760,3880,42.2,0.0
mle,,,5,5,2,1.0,600,480,0.7,0.039330242677628,0.0015250955923823,0.0110446000003321,0,30,15,240,240,,
nn_linear,[],linear,5,5,2,1.0,600,480,0.7,0.0837633044093534,0.000716578811621,2.907067299999653,-3735552,40,40,320,160,200.0,1.0
nn_32_relu,[32],ReLU,5,5,2,1.0,600,480,0.7,0.0158325408276045,0.0004281606901789,2.5827862000001005,-1253376,970,970,7760,3880,125.2,0.2
mle,,,5,5,2,1.0,1000,800,0.7,0.0421785897505937,0.0090366179437917,0.0094529999996666,0,30,15,240,240,,
nn_linear,[],linear,5,5,2,1.0,1000,800,0.7,0.0156480737270866,0.0006236099446659,4.555587899999864,-4542464,40,40,320,160,200.0,1.0
nn_32_relu,[32],ReLU,5,5,2,1.0,1000,800,0.7,0.0076628676619807,0.000281004364689,3.05649990000029,-901120,970,970,7760,3880,94.0,0.0
mle,,,5,5,2,1.0,1400,1120,0.7,0.0327645647025215,0.0014772623170138,0.0091170000000602,4096,30,15,240,240,,
nn_linear,[],linear,5,5,2,1.0,1400,1120,0.7,0.0207633026850829,0.0008763555856894,4.598927200000162,-3538944,40,40,320,160,147.6,0.4
nn_32_relu,[32],ReLU,5,5,2,1.0,1400,1120,0.7,0.0103479663052311,0.0003629888644585,2.2975553000001128,-958464,970,970,7760,3880,50.6,0.0
mle,,,1,5,4,0.1,600,480,1.0,0.0048105694177007,7.377130244035376e-05,0.0124329000000216,4096,62,31,496,496,,
nn_linear,[],linear,1,5,4,0.1,600,480,1.0,0.1074814286890303,0.0005471618084799,2.964735299999574,-3624960,52,52,416,208,200.0,1.0
nn_32_relu,[32],ReLU,1,5,4,0.1,600,480,1.0,0.0161719660809081,0.0002829013796584,2.3548314999998183,-2142208,1162,1162,9296,4648,112.2,0.2
mle,,,1,5,4,0.1,1000,800,1.0,0.0031586002243455,7.551290784747899e-05,0.0111292999999932,0,62,31,496,496,,
nn_linear,[],linear,1,5,4,0.1,1000,800,1.0,0.0957904479718839,0.0002457877019578,4.234626199999639,-4251648,52,52,416,208,187.6,0.8
nn_32_relu,[32],ReLU,1,5,4,0.1,1000,800,1.0,0.0099512014463946,0.0001297064087905,3.267732600000272,-1703936,1162,1162,9296,4648,97.6,0.2
mle,,,1,5,4,0.1,1400,1120,1.0,0.0021394959117887,7.545986025305217e-05,0.0104903999999805,4096,62,31,496,496,,
nn_linear,[],linear,1,5,4,0.1,1400,1120,1.0,0.0537039776665205,0.0001457787539476,6.076108499999918,-4259840,52,52,416,208,194.4,0.6
nn_32_relu,[32],ReLU,1,5,4,0.1,1400,1120,1.0,0.0031410462630057,4.009274802018513e-05,4.851343100000122,-1372160,1162,1162,9296,4648,106.6,0.0
mle,,,2,5,4,0.1,600,480,1.0,0.053353572672066,0.0009837735297021,0.0100768000002062,0,62,31,496,496,,
nn_linear,[],linear,2,5,4,0.1,600,480,1.0,0.2836811663225165,0.0016109186915207,2.816960299999664,-4648960,52,52,416,208,192.2,0.8
nn_32_relu,[32],ReLU,2,5,4,0.1,600,480,1.0,0.0070115211897716,0.0002751580715049,2.695977100000164,-1384448,1162,1162,9296,4648,130.0,0.4
mle,,,2,5,4,0.1,1000,800,1.0,0.0068376131539327,0.0001998622712897,0.0122166999999535,4096,62,31,496,496,,
nn_linear,[],linear,2,5,4,0.1,1000,800,1.0,0.1074449454723309,0.001714446389806,3.742904100000033,-4399104,52,52,416,208,165.0,0.8
nn_32_relu,[32],ReLU,2,5,4,0.1,1000,800,1.0,0.0075331477428374,0.000243458018361,3.900871400000142,-1482752,1162,1162,9296,4648,117.0,0.4
mle,,,2,5,4,0.1,1400,1120,1.0,0.0067435680543605,0.000202881462763,0.0124783999999635,0,62,31,496,496,,
nn_linear,[],linear,2,5,4,0.1,1400,1120,1.0,0.0790068866281894,0.0010837727392258,5.134681900000032,-2797568,52,52,416,208,165.4,0.6
nn_32_relu,[32],ReLU,2,5,4,0.1,1400,1120,1.0,0.0042701789072215,0.0001915144873419,4.72049990000005,-1269760,1162,1162,9296,4648,103.4,0.2
mle,,,3,5,4,0.1,600,480,1.0,0.020058695036896,0.0005672801786863,0.0119872999998733,0,62,31,496,496,,
nn_linear,[],linear,3,5,4,0.1,600,480,1.0,0.1901804487425584,0.0052514362469371,2.892207999999755,-3993600,52,52,416,208,191.8,0.8
nn_32_relu,[32],ReLU,3,5,4,0.1,600,480,1.0,0.0646043357465548,0.0050691341401534,1.872455600000194,-1462272,1162,1162,9296,4648,88.8,0.0
mle,,,3,5,4,0.1,1000,800,1.0,0.0110304377266127,0.0004915011602531,0.0124855000003663,0,62,31,496,496,,
nn_linear,[],linear,3,5,4,0.1,1000,800,1.0,0.1626729519630856,0.0062365442878851,4.533160999999836,-5079040,52,52,416,208,197.4,0.8
nn_32_relu,[32],ReLU,3,5,4,0.1,1000,800,1.0,0.0230307886372685,0.0013673574829919,3.153580099999999,-1691648,1162,1162,9296,4648,95.2,0.0
mle,,,3,5,4,0.1,1400,1120,1.0,0.0097822396043613,0.0005098683922096,0.0119675000000825,0,62,31,496,496,,
nn_linear,[],linear,3,5,4,0.1,1400,1120,1.0,0.1007664569304156,0.0077010231303352,5.740271099999973,-2916352,52,52,416,208,183.2,0.8
nn_32_relu,[32],ReLU,3,5,4,0.1,1400,1120,1.0,0.0076772638651983,0.0001972048555897,5.732054000000062,-1261568,1162,1162,9296,4648,124.6,0.0
mle,,,4,5,4,0.1,600,480,1.0,0.0430969420152746,0.0002398881808402,0.010257299999921,0,62,31,496,496,,
nn_linear,[],linear,4,5,4,0.1,600,480,1.0,0.166671922415596,0.0015873761448723,2.8732880000002297,-4980736,52,52,416,208,200.0,1.0
nn_32_relu,[32],ReLU,4,5,4,0.1,600,480,1.0,0.0193807029423705,0.0039577678387584,3.8541119000001354,-1490944,1162,1162,9296,4648,183.8,0.8
mle,,,4,5,4,0.1,1000,800,1.0,0.055513552109734,0.0123570228123006,0.0124292999998942,4096,62,31,496,496,,
nn_linear,[],linear,4,5,4,0.1,1000,800,1.0,0.0638105322353041,0.002006243892694,4.823630800000046,-4964352,52,52,416,208,200.0,1.0
nn_32_relu,[32],ReLU,4,5,4,0.1,1000,800,1.0,0.0114194171823022,0.0022157231579072,5.66248429999996,-1712128,1162,1162,9296,4648,167.4,0.2
mle,,,4,5,4,0.1,1400,1120,1.0,0.0568969150949345,0.0123582143329433,0.0114230999997744,0,62,31,496,496,,
nn_linear,[],linear,4,5,4,0.1,1400,1120,1.0,0.0450580223802309,0.0020524866441502,5.893581199999971,-3026944,52,52,416,208,188.2,0.6
nn_32_relu,[32],ReLU,4,5,4,0.1,1400,1120,1.0,0.0134664677283429,0.0021953069215364,6.629621199999747,-1236992,1162,1162,9296,4648,144.2,0.4
mle,,,5,5,4,0.1,600,480,1.0,0.0673264131754968,0.002365628802591,0.0108642000000145,0,62,31,496,496,,
nn_linear,[],linear,5,5,4,0.1,600,480,1.0,0.1138237057425975,0.0018025421915267,2.822129899999709,-4259840,52,52,416,208,196.4,0.8
nn_32_relu,[32],ReLU,5,5,4,0.1,600,480,1.0,0.0227585571374054,0.0027652347609219,2.8767017999998643,-1597440,1162,1162,9296,4648,139.4,0.6
mle,,,5,5,4,0.1,1000,800,1.0,0.031712618600419,0.0022410819875615,0.0110712000000603,0,62,31,496,496,,
nn_linear,[],linear,5,5,4,0.1,1000,800,1.0,0.0602842037961875,0.0010969099624621,4.228748099999848,-4792320,52,52,416,208,185.6,0.8
nn_32_relu,[32],ReLU,5,5,4,0.1,1000,800,1.0,0.0052189897704752,0.0003644248410279,4.227173000000221,-1576960,1162,1162,9296,4648,126.8,0.0
mle,,,5,5,4,0.1,1400,1120,1.0,0.013517498814455,0.0003860918395566,0.0108961000000817,0,62,31,496,496,,
nn_linear,[],linear,5,5,4,0.1,1400,1120,1.0,0.0412158972058337,0.0008150594230816,4.769612300000063,-3575808,52,52,416,208,152.6,0.6
nn_32_relu,[32],ReLU,5,5,4,0.1,1400,1120,1.0,0.0104390928255031,0.000283267462627,3.13162310000007,-1445888,1162,1162,9296,4648,67.6,0.0
mle,,,1,5,4,1.0,600,480,1.0,0.1376510898246494,0.0095914663523343,0.011942099999942,0,62,31,496,496,,
nn_linear,[],linear,1,5,4,1.0,600,480,1.0,0.1398427318070081,0.0021985791622815,2.3413283999998384,-5238784,52,52,416,208,158.0,0.2
nn_32_relu,[32],ReLU,1,5,4,1.0,600,480,1.0,0.0205948406966119,0.0003316118400591,1.7599451999999474,-1662976,1162,1162,9296,4648,84.4,0.0
mle,,,1,5,4,1.0,1000,800,1.0,0.0287388546856471,0.0014383107864589,0.012102700000014,0,62,31,496,496,,
nn_linear,[],linear,1,5,4,1.0,1000,800,1.0,0.1459306647141223,0.0022444750813907,2.671645400000216,-2543616,52,52,416,208,117.6,0.4
nn_32_relu,[32],ReLU,1,5,4,1.0,1000,800,1.0,0.0127430431039584,0.0002790804053054,2.09139950000008,-2195456,1162,1162,9296,4648,63.4,0.0
mle,,,1,5,4,1.0,1400,1120,1.0,0.0251477032423775,0.0014518179202132,0.0118821000000934,0,62,31,496,496,,
nn_linear,[],linear,1,5,4,1.0,1400,1120,1.0,0.1407984534592703,0.0022675351498182,2.8531410000000506,-2088960,52,52,416,208,89.8,0.2
nn_32_relu,[32],ReLU,1,5,4,1.0,1400,1120,1.0,0.0108588755954446,0.000213136436117,2.7536412999997992,-1482752,1162,1162,9296,4648,60.6,0.0
mle,,,2,5,4,1.0,600,480,1.0,0.1758210331324681,0.0034853224115764,0.0098321999998916,0,62,31,496,496,,
nn_linear,[],linear,2,5,4,1.0,600,480,1.0,0.1314457755440919,0.0039688014629702,2.7262900999999147,-4304896,52,52,416,208,189.4,0.8
nn_32_relu,[32],ReLU,2,5,4,1.0,600,480,1.0,0.0691054413714886,0.0047689889944799,1.8820370999997067,-1593344,1162,1162,9296,4648,94.0,0.0
mle,,,2,5,4,1.0,1000,800,1.0,0.0884493778049111,0.005077664951056,0.0100182000001041,0,62,31,496,496,,
nn_linear,[],linear,2,5,4,1.0,1000,800,1.0,0.0789390189705381,0.0052101835813004,3.1224208000003277,-4849664,52,52,416,208,135.4,0.4
nn_32_relu,[32],ReLU,2,5,4,1.0,1000,800,1.0,0.0427048872644978,0.0030277968365229,2.307632799999737,-1605632,1162,1162,9296,4648,70.0,0.0
mle,,,2,5,4,1.0,1400,1120,1.0,0.0370335279378744,0.0017438337965841,0.0120539999998072,0,62,31,496,496,,
nn_linear,[],linear,2,5,4,1.0,1400,1120,1.0,0.0710296207940796,0.0055049951375615,5.036341300000004,-4235264,52,52,416,208,158.4,0.2
nn_32_relu,[32],ReLU,2,5,4,1.0,1400,1120,1.0,0.0207473113881576,0.0010580547163423,3.5222133999996004,-1171456,1162,1162,9296,4648,77.8,0.2
mle,,,3,5,4,1.0,600,480,1.0,0.0962004173490937,0.0035303046451204,0.0119356000000152,0,62,31,496,496,,
nn_linear,[],linear,3,5,4,1.0,600,480,1.0,0.1769860297868763,0.0032762773463965,2.2662571999999277,-3842048,52,52,416,208,157.6,0.4
nn_32_relu,[32],ReLU,3,5,4,1.0,600,480,1.0,0.0298010660136288,0.0009524107522612,1.9032432999997584,-1789952,1162,1162,9296,4648,92.2,0.0
mle,,,3,5,4,1.0,1000,800,1.0,0.096786376598185,0.0140550705288379,0.0113713000000643,0,62,31,496,496,,
nn_linear,[],linear,3,5,4,1.0,1000,800,1.0,0.1776419904292896,0.0033397544441607,2.9536998999997195,-2957312,52,52,416,208,130.0,0.2
nn_32_relu,[32],ReLU,3,5,4,1.0,1000,800,1.0,0.0254053557354387,0.0011078870800187,3.856351699999777,-2244608,1162,1162,9296,4648,117.6,0.0
mle,,,3,5,4,1.0,1400,1120,1.0,0.0514283682570404,0.0059196592205607,0.010238500000014,0,62,31,496,496,,
nn_linear,[],linear,3,5,4,1.0,1400,1120,1.0,0.1737589407491776,0.0035237382887783,4.121082099999967,-3096576,52,52,416,208,133.8,0.2
nn_32_relu,[32],ReLU,3,5,4,1.0,1400,1120,1.0,0.0151777041286781,0.0005745792298809,4.8319446000000426,-1368064,1162,1162,9296,4648,105.4,0.0
mle,,,4,5,4,1.0,600,480,1.0,0.0360977162421688,0.0017248969613245,0.0114524000000528,0,62,31,496,496,,
nn_linear,[],linear,4,5,4,1.0,600,480,1.0,0.1293126043388374,0.0011728959420893,2.080605000000105,-4259840,52,52,416,208,146.2,0.4
nn_32_relu,[32],ReLU,4,5,4,1.0,600,480,1.0,0.0475110284303836,0.0008496356493243,1.5662343999997574,-1593344,1162,1162,9296,4648,75.2,0.0
mle,,,4,5,4,1.0,1000,800,1.0,0.0390341947323192,0.0019174067038997,0.0112602000003789,0,62,31,496,496,,
nn_linear,[],linear,4,5,4,1.0,1000,800,1.0,0.1131230427841566,0.001150643072732,2.592559700000038,-3108864,52,52,416,208,112.2,0.0
nn_32_relu,[32],ReLU,4,5,4,1.0,1000,800,1.0,0.0375997768319565,0.0008497728526056,1.344537599999967,-2433024,1162,1162,9296,4648,41.8,0.0
mle,,,4,5,4,1.0,1400,1120,1.0,0.0274709049070957,0.001798084062335,0.0124492999998437,0,62,31,496,496,,
nn_linear,[],linear,4,5,4,1.0,1400,1120,1.0,0.1155674433130946,0.0010429495927206,2.9391969000002973,-2093056,52,52,416,208,94.8,0.0
nn_32_relu,[32],ReLU,4,5,4,1.0,1400,1120,1.0,0.0208070166327633,0.0005964643502867,2.8344162000003053,-1388544,1162,1162,9296,4648,62.2,0.0
mle,,,5,5,4,1.0,600,480,1.0,0.194715797927121,0.0095931636122845,0.0113984999998137,0,62,31,496,496,,
nn_linear,[],linear,5,5,4,1.0,600,480,1.0,0.1558963773625062,0.0018897306873778,2.3964461000000483,-4259840,52,52,416,208,165.0,0.6
nn_32_relu,[32],ReLU,5,5,4,1.0,600,480,1.0,0.0509214626930936,0.0006055636880766,1.7654357999999777,-1642496,1162,1162,9296,4648,85.6,0.0
mle,,,5,5,4,1.0,1000,800,1.0,0.1113238965106096,0.0064724336239994,0.0117144000000735,0,62,31,496,496,,
nn_linear,[],linear,5,5,4,1.0,1000,800,1.0,0.129585030434495,0.0019897990044139,3.3777021999999306,-4911104,52,52,416,208,148.8,0.2
nn_32_relu,[32],ReLU,5,5,4,1.0,1000,800,1.0,0.0245438168463586,0.0004943161231992,2.675934200000029,-1527808,1162,1162,9296,4648,80.8,0.0
mle,,,5,5,4,1.0,1400,1120,1.0,0.0541647243195442,0.0057050961852418,0.009671100000105,0,62,31,496,496,,
nn_linear,[],linear,5,5,4,1.0,1400,1120,1.0,0.1189179226108935,0.0019621204195736,3.789083499999833,-2912256,52,52,416,208,120.2,0.2
nn_32_relu,[32],ReLU,5,5,4,1.0,1400,1120,1.0,0.0173009737165129,0.0003513535078195,3.2768255999999383,-1269760,1162,1162,9296,4648,72.6,0.0
mle,,,1,5,6,0.1,600,480,1.0,0.0068666882016946,0.0008194904514396,0.0111431000000266,0,62,31,496,496,,
nn_linear,[],linear,1,5,6,0.1,600,480,1.0,0.3645038920752196,0.0024548115897428,2.896338399999877,-3842048,52,52,416,208,200.0,1.0
nn_32_relu,[32],ReLU,1,5,6,0.1,600,480,1.0,0.0049337229047747,0.0003361007167679,4.190212900000006,-1961984,1162,1162,9296,4648,200.0,1.0
mle,,,1,5,6,0.1,1000,800,1.0,0.0056301219685562,0.000779767771027,0.0116559999996752,0,62,31,496,496,,
nn_linear,[],linear,1,5,6,0.1,1000,800,1.0,0.1968097534418723,0.0023887738756991,4.547601600000235,-4345856,52,52,416,208,200.0,1.0
nn_32_relu,[32],ReLU,1,5,6,0.1,1000,800,1.0,0.0026498247278008,0.0002157958900769,4.728503699999692,-1736704,1162,1162,9296,4648,142.4,0.4
mle,,,1,5,6,0.1,1400,1120,1.0,0.005359748521403,0.0007751933349264,0.010772299999644,0,62,31,496,496,,
nn_linear,[],linear,1,5,6,0.1,1400,1120,1.0,0.0583094784884171,0.0022511009454484,6.367338400000335,-3092480,52,52,416,208,200.0,1.0
nn_32_relu,[32],ReLU,1,5,6,0.1,1400,1120,1.0,0.0008316763533987,3.767506534636351e-05,7.143277799999851,-1347584,1162,1162,9296,4648,156.6,0.2
mle,,,2,5,6,0.1,600,480,1.0,0.050692004096505,0.0029665047529444,0.0108570000002146,0,62,31,496,496,,
nn_linear,[],linear,2,5,6,0.1,600,480,1.0,0.2540729918080986,0.0004460001965859,2.863700100000188,-4259840,52,52,416,208,200.0,1.0
nn_32_relu,[32],ReLU,2,5,6,0.1,600,480,1.0,0.0193789815619344,0.0002334493056062,2.365890000000036,-1556480,1162,1162,9296,4648,114.8,0.4
mle,,,2,5,6,0.1,1000,800,1.0,0.0524881341010987,0.0029700016302305,0.0112368999998579,0,62,31,496,496,,
nn_linear,[],linear,2,5,6,0.1,1000,800,1.0,0.0856836569887919,0.0003422633549278,3.8207225000001017,-4784128,52,52,416,208,166.6,0.6
nn_32_relu,[32],ReLU,2,5,6,0.1,1000,800,1.0,0.0250793850973562,0.0002955113231351,3.232030499999837,-1593344,1162,1162,9296,4648,97.8,0.0
mle,,,2,5,6,0.1,1400,1120,1.0,0.0103969045046777,0.000322603467651,0.0129368000002614,0,62,31,496,496,,
nn_linear,[],linear,2,5,6,0.1,1400,1120,1.0,0.0316922841452096,0.0002167476921393,5.917631700000129,-2785280,52,52,416,208,189.2,0.8
nn_32_relu,[32],ReLU,2,5,6,0.1,1400,1120,1.0,0.0091683054890241,0.0001989522034681,4.112698999999793,-1417216,1162,1162,9296,4648,90.0,0.0
mle,,,3,5,6,0.1,600,480,1.0,0.0551508621407342,0.0008966962687084,0.0109569999999621,0,62,31,496,496,,
nn_linear,[],linear,3,5,6,0.1,600,480,1.0,0.2348400671284407,0.0027518005016661,2.913208499999655,-4685824,52,52,416,208,200.0,1.0
nn_32_relu,[32],ReLU,3,5,6,0.1,600,480,1.0,0.038098140167913,0.0069457217217557,3.978265400000055,-1433600,1162,1162,9296,4648,190.8,0.8
mle,,,3,5,6,0.1,1000,800,1.0,0.0207147634135617,1.889246008398493e-05,0.0124550000000454,0,62,31,496,496,,
nn_linear,[],linear,3,5,6,0.1,1000,800,1.0,0.1028933291993453,0.0008946763063279,4.573065399999905,-4993024,52,52,416,208,200.0,1.0
nn_32_relu,[32],ReLU,3,5,6,0.1,1000,800,1.0,0.0040517576577209,0.0005155338319781,6.096021500000006,-1716224,1162,1162,9296,4648,182.8,0.6
mle,,,3,5,6,0.1,1400,1120,1.0,0.0551508621407342,0.0008966962687084,0.0127807000003485,0,62,31,496,496,,
nn_linear,[],linear,3,5,6,0.1,1400,1120,1.0,0.088747124669654,0.003432273621744,6.025720699999965,-2789376,52,52,416,208,192.8,0.8
nn_32_relu,[32],ReLU,3,5,6,0.1,1400,1120,1.0,0.0260627862155597,0.0039768819171186,3.518598000000111,-1335296,1162,1162,9296,4648,76.2,0.2
mle,,,4,5,6,0.1,600,480,1.0,0.0512462236889263,0.0033668717188103,0.0113483999998607,0,62,31,496,496,,
nn_linear,[],linear,4,5,6,0.1,600,480,1.0,0.1294879764334106,0.0052054610626931,2.641969600000266,-4050944,52,52,416,208,183.0,0.8
nn_32_relu,[32],ReLU,4,5,6,0.1,600,480,1.0,0.0273020579196001,0.0019940113185137,2.7163666000001285,-1454080,1162,1162,9296,4648,130.8,0.4
mle,,,4,5,6,0.1,1000,800,1.0,0.024356989400557,0.0023707188498601,0.011945299999752,0,62,31,496,496,,
nn_linear,[],linear,4,5,6,0.1,1000,800,1.0,0.108185271371258,0.0040616835645389,4.520438500000182,-3657728,52,52,416,208,172.8,0.8
nn_32_relu,[32],ReLU,4,5,6,0.1,1000,800,1.0,0.014680930306802,0.0013767366617713,4.844553400000223,-2174976,1162,1162,9296,4648,133.2,0.4
mle,,,4,5,6,0.1,1400,1120,1.0,0.0319138591041619,0.003359541930707,0.0117326999998113,0,62,31,496,496,,
nn_linear,[],linear,4,5,6,0.1,1400,1120,1.0,0.0646030737978971,0.003865583516253,6.986466299999847,-2789376,52,52,416,208,200.0,1.0
nn_32_relu,[32],ReLU,4,5,6,0.1,1400,1120,1.0,0.0086696459032311,0.0008736869068671,4.727091499999915,-1355776,1162,1162,9296,4648,99.6,0.0
mle,,,5,5,6,0.1,600,480,1.0,0.0716985588513843,0.0047509797455837,0.0102606999998897,0,62,31,496,496,,
nn_linear,[],linear,5,5,6,0.1,600,480,1.0,0.1397350155628353,0.001550196237907,3.100466899999901,-4259840,52,52,416,208,200.0,1.0
nn_32_relu,[32],ReLU,5,5,6,0.1,600,480,1.0,0.0136363276649534,0.0022294088484893,2.9472082000002047,-1609728,1162,1162,9296,4648,142.0,0.2
mle,,,5,5,6,0.1,1000,800,1.0,0.0057983668310689,0.0012239878903174,0.0122363999998924,0,62,31,496,496,,
nn_linear,[],linear,5,5,6,0.1,1000,800,1.0,0.0642517217776251,0.0007431783971351,4.60566370000015,-4923392,52,52,416,208,200.0,1.0
nn_32_relu,[32],ReLU,5,5,6,0.1,1000,800,1.0,0.0022497967745996,0.0001428206218565,5.142784099999972,-1679360,1162,1162,9296,4648,152.2,0.4
mle,,,5,5,6,0.1,1400,1120,1.0,0.0070839873831635,0.0012239210105735,0.011518100000103,0,62,31,496,496,,
nn_linear,[],linear,5,5,6,0.1,1400,1120,1.0,0.0314633770299916,0.0008319633861862,6.269087799999852,-2842624,52,52,416,208,197.8,0.8
nn_32_relu,[32],ReLU,5,5,6,0.1,1400,1120,1.0,0.0059620230021413,0.0002282097669482,4.478327499999978,-1368064,1162,1162,9296,4648,98.8,0.0
mle,,,1,5,6,1.0,600,480,1.0,0.1884077959171876,0.0118094527920168,0.0105788000000757,0,62,31,496,496,,
nn_linear,[],linear,1,5,6,1.0,600,480,1.0,0.1746173026269307,0.0024186959311436,2.250744299999951,-3993600,52,52,416,208,155.2,0.6
nn_32_relu,[32],ReLU,1,5,6,1.0,600,480,1.0,0.0536606774140688,0.0009316524868507,2.0923612000001413,-1974272,1162,1162,9296,4648,101.6,0.4
mle,,,1,5,6,1.0,1000,800,1.0,0.0379715234149604,0.0012028288666159,0.0117400999997698,0,62,31,496,496,,
nn_linear,[],linear,1,5,6,1.0,1000,800,1.0,0.1657394447000456,0.0020312956630195,2.856369900000118,-4399104,52,52,416,208,125.0,0.2
nn_32_relu,[32],ReLU,1,5,6,1.0,1000,800,1.0,0.0265818263293292,0.0005739526345226,2.788036700000248,-1470464,1162,1162,9296,4648,84.6,0.0
mle,,,1,5,6,1.0,1400,1120,1.0,0.0340608708905826,0.0012442656952488,0.0115667999998549,0,62,31,496,496,,
nn_linear,[],linear,1,5,6,1.0,1400,1120,1.0,0.1545697893553354,0.0019010406966502,1.7510420999997225,-3231744,52,52,416,208,56.4,0.0
nn_32_relu,[32],ReLU,1,5,6,1.0,1400,1120,1.0,0.017559392628509,0.0002976673640249,4.843323199999759,-1298432,1162,1162,9296,4648,106.6,0.2
mle,,,2,5,6,1.0,600,480,1.0,0.3221463432366932,0.0227917099723048,0.0121029000001726,0,62,31,496,496,,
nn_linear,[],linear,2,5,6,1.0,600,480,1.0,0.2112276887491095,0.002109155017702,2.8630809999999656,-3473408,52,52,416,208,200.0,1.0
nn_32_relu,[32],ReLU,2,5,6,1.0,600,480,1.0,0.0368111799421789,0.0020547369142998,2.4388247999995656,-1507328,1162,1162,9296,4648,119.0,0.2
mle,,,2,5,6,1.0,1000,800,1.0,0.0977039969920455,0.0100480350501188,0.0114171000000169,0,62,31,496,496,,
nn_linear,[],linear,2,5,6,1.0,1000,800,1.0,0.0822385251286996,0.0016950562661412,3.334412799999882,-3035136,52,52,416,208,146.4,0.2
nn_32_relu,[32],ReLU,2,5,6,1.0,1000,800,1.0,0.0318901404127672,0.0009627256299414,2.344122999999854,-1966080,1162,1162,9296,4648,72.2,0.0
mle,,,2,5,6,1.0,1400,1120,1.0,0.1657978466426522,0.0130435452717061,0.0103985000000648,0,62,31,496,496,,
nn_linear,[],linear,2,5,6,1.0,1400,1120,1.0,0.0633749272987709,0.0018072349850054,5.081141300000127,-2793472,52,52,416,208,161.8,0.2
nn_32_relu,[32],ReLU,2,5,6,1.0,1400,1120,1.0,0.0137639500489244,0.0006863851599809,3.4166183000002093,-1208320,1162,1162,9296,4648,75.4,0.0
mle,,,3,5,6,1.0,600,480,1.0,0.2212535863992171,0.0135189139683095,0.0103604000000814,0,62,31,496,496,,
nn_linear,[],linear,3,5,6,1.0,600,480,1.0,0.1257272477927366,0.0015638071686253,2.1385457000001225,-3481600,52,52,416,208,149.6,0.6
nn_32_relu,[32],ReLU,3,5,6,1.0,600,480,1.0,0.0272320231038452,0.0009430403560371,1.7340469999999186,-1409024,1162,1162,9296,4648,84.2,0.0
mle,,,3,5,6,1.0,1000,800,1.0,0.1257421790557637,0.0089837875472355,0.0106489999998302,0,62,31,496,496,,
nn_linear,[],linear,3,5,6,1.0,1000,800,1.0,0.0741901622803944,0.0023651872040117,3.3692235999997138,-3354624,52,52,416,208,147.8,0.2
nn_32_relu,[32],ReLU,3,5,6,1.0,1000,800,1.0,0.0218823330893381,0.0008815008668578,2.0755232000001342,-2547712,1162,1162,9296,4648,63.2,0.0
mle,,,3,5,6,1.0,1400,1120,1.0,0.1115706213346729,0.007273503789815,0.0100546000003305,0,62,31,496,496,,
nn_linear,[],linear,3,5,6,1.0,1400,1120,1.0,0.0607017835815988,0.001681272621709,3.955344199999672,-2871296,52,52,416,208,126.4,0.2
nn_32_relu,[32],ReLU,3,5,6,1.0,1400,1120,1.0,0.0212527434875115,0.0005135886393239,3.926475399999618,-1318912,1162,1162,9296,4648,86.2,0.2
mle,,,4,5,6,1.0,600,480,1.0,0.1748496252374538,0.0073303592506922,0.0099301999998715,0,62,31,496,496,,
nn_linear,[],linear,4,5,6,1.0,600,480,1.0,0.1650149194035599,0.0020332772714927,2.0850651000000653,-3842048,52,52,416,208,146.6,0.4
nn_32_relu,[32],ReLU,4,5,6,1.0,600,480,1.0,0.0320444701212665,0.0010522294361628,1.7812466999998833,-1843200,1162,1162,9296,4648,88.0,0.2
mle,,,4,5,6,1.0,1000,800,1.0,0.1062378408992518,0.0073173448785984,0.0100256000000626,0,62,31,496,496,,
nn_linear,[],linear,4,5,6,1.0,1000,800,1.0,0.1781863951412133,0.0017352386673486,2.207264500000292,-3125248,52,52,416,208,97.6,0.0
nn_32_relu,[32],ReLU,4,5,6,1.0,1000,800,1.0,0.0247773970654544,0.0005327040580086,2.2804495999998835,-2002944,1162,1162,9296,4648,70.6,0.0
mle,,,4,5,6,1.0,1400,1120,1.0,0.0482109842250734,0.0030785351925019,0.0116628999999193,0,62,31,496,496,,
nn_linear,[],linear,4,5,6,1.0,1400,1120,1.0,0.1588671067654782,0.0017928566065722,3.2404240000000755,-3223552,52,52,416,208,104.4,0.0
nn_32_relu,[32],ReLU,4,5,6,1.0,1400,1120,1.0,0.0197643233792797,0.0006713983117708,3.082738799999788,-1314816,1162,1162,9296,4648,69.0,0.0
mle,,,5,5,6,1.0,600,480,1.0,0.1637358366065302,0.0058293254207858,0.01657140000043,0,62,31,496,496,,
nn_linear,[],linear,5,5,6,1.0,600,480,1.0,0.0863206226218387,0.0016012105070073,2.8239308000001984,-3473408,52,52,416,208,198.0,0.8
nn_32_relu,[32],ReLU,5,5,6,1.0,600,480,1.0,0.0439427666939352,0.0009931798440049,1.406425400000444,-1499136,1162,1162,9296,4648,70.2,0.0
mle,,,5,5,6,1.0,1000,800,1.0,0.0895306999840327,0.0099184032046256,0.009894499999973,0,62,31,496,496,,
nn_linear,[],linear,5,5,6,1.0,1000,800,1.0,0.0795298836884376,0.0015074698275455,3.004624899999726,-3104768,52,52,416,208,134.8,0.2
nn_32_relu,[32],ReLU,5,5,6,1.0,1000,800,1.0,0.0197902737159278,0.0004147678232291,2.7777611000001343,-1978368,1162,1162,9296,4648,85.0,0.0
mle,,,5,5,6,1.0,1400,1120,1.0,0.0475450702269798,0.0069531718642637,0.0102664999999433,0,62,31,496,496,,
nn_linear,[],linear,5,5,6,1.0,1400,1120,1.0,0.0740318922935057,0.0017397091006697,4.175432300000011,-3031040,52,52,416,208,133.6,0.2
nn_32_relu,[32],ReLU,5,5,6,1.0,1400,1120,1.0,0.0104268425189933,0.0002706960493207,3.8791478000002826,-1241088,1162,1162,9296,4648,85.8,0.0
mle,,,1,5,8,0.1,600,480,1.0,0.0286488917657671,0.0003249871562577,0.0113945999996758,0,62,31,496,496,,
nn_linear,[],linear,1,5,8,0.1,600,480,1.0,0.1948411376645499,0.0030738630979031,2.638611899999887,-3530752,52,52,416,208,185.2,0.8
nn_32_relu,[32],ReLU,1,5,8,0.1,600,480,1.0,0.0056650601742189,3.228256362347782e-05,3.147665099999813,-1515520,1162,1162,9296,4648,150.8,0.4
mle,,,1,5,8,0.1,1000,800,1.0,0.0037256171131304,7.5983337906295e-05,0.0101690000001326,0,62,31,496,496,,
nn_linear,[],linear,1,5,8,0.1,1000,800,1.0,0.1072778212011513,0.0035126227151045,4.220386699999835,-4861952,52,52,416,208,184.6,0.8
nn_32_relu,[32],ReLU,1,5,8,0.1,1000,800,1.0,0.0028429451845432,9.86061282453767e-05,4.038536099999874,-1634304,1162,1162,9296,4648,120.8,0.4
mle,,,1,5,8,0.1,1400,1120,1.0,0.0335603966744388,0.002900379522661,0.0111162999996849,0,62,31,496,496,,
nn_linear,[],linear,1,5,8,0.1,1400,1120,1.0,0.0691573219791789,0.0032711594269899,5.203348399999868,-2916352,52,52,416,208,166.6,0.8
nn_32_relu,[32],ReLU,1,5,8,0.1,1400,1120,1.0,0.0145660997543218,0.0013617792919741,3.854114700000082,-1368064,1162,1162,9296,4648,83.8,0.2
mle,,,2,5,8,0.1,600,480,1.0,0.0032652476666122,6.550814913393637e-05,0.0115129000000706,0,62,31,496,496,,
nn_linear,[],linear,2,5,8,0.1,600,480,1.0,0.3714886990029412,0.0003742089267124,2.9140591999998837,-3993600,52,52,416,208,200.0,1.0
nn_32_relu,[32],ReLU,2,5,8,0.1,600,480,1.0,0.0015262827952049,0.0008252857849171,3.744311399999788,-1445888,1162,1162,9296,4648,180.0,0.6
mle,,,2,5,8,0.1,1000,800,1.0,0.0032652476666122,6.550814913393637e-05,0.0123775000001842,0,62,31,496,496,,
nn_linear,[],linear,2,5,8,0.1,1000,800,1.0,0.0539914642453189,0.0003848899432444,4.543001699999877,-5132288,52,52,416,208,200.0,1.0
nn_32_relu,[32],ReLU,2,5,8,0.1,1000,800,1.0,0.0011208386840943,0.0008449878035569,5.898818600000141,-1691648,1162,1162,9296,4648,177.8,0.6
mle,,,2,5,8,0.1,1400,1120,1.0,0.0032652476666122,6.550814913393637e-05,0.0123877999999422,0,62,31,496,496,,
nn_linear,[],linear,2,5,8,0.1,1400,1120,1.0,0.0435826620491766,0.0004714608822588,6.202387199999976,-2768896,52,52,416,208,200.0,1.0
nn_32_relu,[32],ReLU,2,5,8,0.1,1400,1120,1.0,0.0010688454152839,0.0008055622118908,6.031679000000167,-1343488,1162,1162,9296,4648,132.8,0.0
mle,,,3,5,8,0.1,600,480,1.0,0.0124934652153642,0.0002418623183227,0.0107477000001381,0,62,31,496,496,,
nn_linear,[],linear,3,5,8,0.1,600,480,1.0,0.2413402593239912,0.001018604018916,2.9264078999999583,-4050944,52,52,416,208,200.0,1.0
nn_32_relu,[32],ReLU,3,5,8,0.1,600,480,1.0,0.0104477187571256,0.0009814498781705,3.1404499999998734,-1449984,1162,1162,9296,4648,154.8,0.6
mle,,,3,5,8,0.1,1000,800,1.0,0.0126176521613994,0.0002419719418421,0.0120010999999067,0,62,31,496,496,,
nn_linear,[],linear,3,5,8,0.1,1000,800,1.0,0.090283882493886,0.0009737191472462,3.8754711999999927,-3739648,52,52,416,208,172.0,0.8
nn_32_relu,[32],ReLU,3,5,8,0.1,1000,800,1.0,0.0059710155089043,0.0011693307172658,4.212705299999925,-2150400,1162,1162,9296,4648,124.6,0.2
mle,,,3,5,8,0.1,1400,1120,1.0,0.0110914792522663,0.0002405213519727,0.010193000000072,0,62,31,496,496,,
nn_linear,[],linear,3,5,8,0.1,1400,1120,1.0,0.0437728596830342,0.0009942933217552,5.557150999999976,-2822144,52,52,416,208,176.4,0.8
nn_32_relu,[32],ReLU,3,5,8,0.1,1400,1120,1.0,0.0142737768743824,0.001264032270307,4.561991300000045,-1335296,1162,1162,9296,4648,98.2,0.2
mle,,,4,5,8,0.1,600,480,1.0,0.2065836510653362,0.0164513067813682,0.0103123999997478,0,62,31,496,496,,
nn_linear,[],linear,4,5,8,0.1,600,480,1.0,0.17398625860244,0.0003854840531414,2.3618587000000844,-3842048,52,52,416,208,164.4,0.8
nn_32_relu,[32],ReLU,4,5,8,0.1,600,480,1.0,0.0081702951646986,0.0002478623570133,2.9136546000004278,-1798144,1162,1162,9296,4648,140.2,0.4
mle,,,4,5,8,0.1,1000,800,1.0,0.0057657392245703,0.0005584944187886,0.0105154000002585,0,62,31,496,496,,
nn_linear,[],linear,4,5,8,0.1,1000,800,1.0,0.1231457926918699,0.0001817695890146,3.863487800000257,-4472832,52,52,416,208,168.2,0.8
nn_32_relu,[32],ReLU,4,5,8,0.1,1000,800,1.0,0.0051462650569446,0.0001176566244963,4.231110600000193,-1519616,1162,1162,9296,4648,127.6,0.0
mle,,,4,5,8,0.1,1400,1120,1.0,0.0069630616225464,0.0005920122106348,0.0126405000000886,0,62,31,496,496,,
nn_linear,[],linear,4,5,8,0.1,1400,1120,1.0,0.056268079553513,0.0001553479891781,5.174364299999979,-4235264,52,52,416,208,166.0,0.6
nn_32_relu,[32],ReLU,4,5,8,0.1,1400,1120,1.0,0.0035478022943767,0.0001471446560702,5.462981000000127,-1368064,1162,1162,9296,4648,119.8,0.2
mle,,,5,5,8,0.1,600,480,1.0,0.0108102315201952,0.0006039540700929,0.0120235000003958,0,62,31,496,496,,
nn_linear,[],linear,5,5,8,0.1,600,480,1.0,0.2207883370753147,0.0027953457565439,2.382087099999808,-3993600,52,52,416,208,164.4,0.4
nn_32_relu,[32],ReLU,5,5,8,0.1,600,480,1.0,0.0140204701524064,0.0002728349547273,2.281565199999932,-1998848,1162,1162,9296,4648,111.4,0.2
mle,,,5,5,8,0.1,1000,800,1.0,0.0339694903140203,0.0055443977872605,0.0126733999995849,0,62,31,496,496,,
nn_linear,[],linear,5,5,8,0.1,1000,800,1.0,0.1200251906478676,0.0027711738655125,3.39696720000029,-4362240,52,52,416,208,152.4,0.4
nn_32_relu,[32],ReLU,5,5,8,0.1,1000,800,1.0,0.0119743969369213,0.0005724328935957,3.1193727999998373,-1531904,1162,1162,9296,4648,94.4,0.2
mle,,,5,5,8,0.1,1400,1120,1.0,0.0096126556485484,0.002459420647257,0.012505499999861,0,62,31,496,496,,
nn_linear,[],linear,5,5,8,0.1,1400,1120,1.0,0.0710859424967198,0.003587691704126,5.523844400000144,-2760704,52,52,416,208,177.4,0.8
nn_32_relu,[32],ReLU,5,5,8,0.1,1400,1120,1.0,0.0047401967100584,0.0003527110436344,4.844763999999941,-1359872,1162,1162,9296,4648,105.0,0.0
mle,,,1,5,8,1.0,600,480,1.0,0.1832590177546768,0.0070003458874918,0.0123364000000947,0,62,31,496,496,,
nn_linear,[],linear,1,5,8,1.0,600,480,1.0,0.3007755987181422,0.0026705179187642,1.952374299999974,-3473408,52,52,416,208,132.0,0.2
nn_32_relu,[32],ReLU,1,5,8,1.0,600,480,1.0,0.0354885874994002,0.0006647539695153,1.8590289999997367,-1552384,1162,1162,9296,4648,90.8,0.2
mle,,,1,5,8,1.0,1000,800,1.0,0.0626974879709874,0.0038703624487316,0.0097835999999915,0,62,31,496,496,,
nn_linear,[],linear,1,5,8,1.0,1000,800,1.0,0.3040453626442075,0.002878547850186,1.8166360999998687,-3092480,52,52,416,208,79.2,0.0
nn_32_relu,[32],ReLU,1,5,8,1.0,1000,800,1.0,0.0278482713516818,0.0003343127618398,2.741639099999702,-2600960,1162,1162,9296,4648,83.0,0.0
mle,,,1,5,8,1.0,1400,1120,1.0,0.0605196130576783,0.0038791948587889,0.0119539000002077,0,62,31,496,496,,
nn_linear,[],linear,1,5,8,1.0,1400,1120,1.0,0.2891292457178828,0.0026802845542783,2.5118529000001217,-2351104,52,52,416,208,80.2,0.0
nn_32_relu,[32],ReLU,1,5,8,1.0,1400,1120,1.0,0.0177730817669156,0.0003926096784753,2.8508646999998746,-1323008,1162,1162,9296,4648,62.0,0.0
mle,,,2,5,8,1.0,600,480,1.0,0.0499686319591063,0.0016869761740105,0.0094129999997676,0,62,31,496,496,,
nn_linear,[],linear,2,5,8,1.0,600,480,1.0,0.1935667136864478,0.0016386017702349,2.0922356999999465,-4259840,52,52,416,208,145.6,0.4
nn_32_relu,[32],ReLU,2,5,8,1.0,600,480,1.0,0.0633609485018516,0.0011039087737768,1.1905867999998918,-1560576,1162,1162,9296,4648,58.4,0.0
mle,,,2,5,8,1.0,1000,800,1.0,0.1281118958435176,0.0107781682086991,0.0096928999996634,0,62,31,496,496,,
nn_linear,[],linear,2,5,8,1.0,1000,800,1.0,0.1914849760873334,0.0016370218148433,3.0444633000001886,-3051520,52,52,416,208,133.4,0.4
nn_32_relu,[32],ReLU,2,5,8,1.0,1000,800,1.0,0.0308603442233587,0.0007803507271974,1.938360599999669,-2392064,1162,1162,9296,4648,59.0,0.0
mle,,,2,5,8,1.0,1400,1120,1.0,0.1018935235219804,0.0038860324544826,0.0096524999999019,0,62,31,496,496,,
nn_linear,[],linear,2,5,8,1.0,1400,1120,1.0,0.199025238202247,0.0013277939633896,2.566984199999752,-2183168,52,52,416,208,81.4,0.0
nn_32_relu,[32],ReLU,2,5,8,1.0,1400,1120,1.0,0.0227058614689954,0.0003510768267434,2.716348500000094,-1179648,1162,1162,9296,4648,60.4,0.0
mle,,,3,5,8,1.0,600,480,1.0,0.312084143804626,0.0236533587383673,0.0098216999999749,0,62,31,496,496,,
nn_linear,[],linear,3,5,8,1.0,600,480,1.0,0.1646249355325466,0.0029959836016831,2.366274900000008,-4247552,52,52,416,208,164.8,0.6
nn_32_relu,[32],ReLU,3,5,8,1.0,600,480,1.0,0.0501349663793407,0.0012681268684889,1.5319107000000258,-1617920,1162,1162,9296,4648,74.2,0.0
mle,,,3,5,8,1.0,1000,800,1.0,0.0523064627394966,0.0037783139825998,0.0116574000003311,0,62,31,496,496,,
nn_linear,[],linear,3,5,8,1.0,1000,800,1.0,0.1576996511287299,0.0028572491004596,2.62540910000007,-3108864,52,52,416,208,115.4,0.2
nn_32_relu,[32],ReLU,3,5,8,1.0,1000,800,1.0,0.0288802765184464,0.0007459466927881,3.211096699999871,-2420736,1162,1162,9296,4648,97.2,0.0
mle,,,3,5,8,1.0,1400,1120,1.0,0.0518447762064571,0.0038236357922329,0.0119559999998273,0,62,31,496,496,,
nn_linear,[],linear,3,5,8,1.0,1400,1120,1.0,0.1604193505532023,0.0029968041210054,3.59333050000032,-2158592,52,52,416,208,116.2,0.0
nn_32_relu,[32],ReLU,3,5,8,1.0,1400,1120,1.0,0.0188298700865032,0.0004945738330652,3.1982199000003675,-1339392,1162,1162,9296,4648,67.6,0.0
mle,,,4,5,8,1.0,600,480,1.0,0.1465266064710389,0.0094209302614794,0.0100286000001688,0,62,31,496,496,,
nn_linear,[],linear,4,5,8,1.0,600,480,1.0,0.2549353282195665,0.0027156585151707,2.6767907000003106,-3842048,52,52,416,208,186.6,0.4
nn_32_relu,[32],ReLU,4,5,8,1.0,600,480,1.0,0.0274665803324942,0.0008946179348838,2.1879947000002176,-1802240,1162,1162,9296,4648,107.6,0.0
mle,,,4,5,8,1.0,1000,800,1.0,0.0935664156396837,0.0022304255362384,0.0123516000003292,0,62,31,496,496,,
nn_linear,[],linear,4,5,8,1.0,1000,800,1.0,0.2540597670823682,0.0030174058188272,2.7994862999998986,-3100672,52,52,416,208,121.4,0.0
nn_32_relu,[32],ReLU,4,5,8,1.0,1000,800,1.0,0.0277215966178609,0.0007091706781188,3.498718199999985,-1806336,1162,1162,9296,4648,106.0,0.0
mle,,,4,5,8,1.0,1400,1120,1.0,0.0821617768249744,0.0021886050257221,0.0103272000001197,0,62,31,496,496,,
nn_linear,[],linear,4,5,8,1.0,1400,1120,1.0,0.2524240254759737,0.0029319748373143,2.501616600000034,-3637248,52,52,416,208,82.0,0.0
nn_32_relu,[32],ReLU,4,5,8,1.0,1400,1120,1.0,0.0125923146081338,0.000567352047381,4.62491,-1171456,1162,1162,9296,4648,101.8,0.0
mle,,,5,5,8,1.0,600,480,1.0,0.1970336927772031,0.0083094661826103,0.0113885999999183,0,62,31,496,496,,
nn_linear,[],linear,5,5,8,1.0,600,480,1.0,0.2351009863016864,0.0024856039654179,1.4659095000001798,4096,52,52,416,208,100.6,0.0
nn_32_relu,[32],ReLU,5,5,8,1.0,600,480,1.0,0.0524053211968617,0.0012534303954033,1.4246202999997877,-1892352,1162,1162,9296,4648,69.0,0.0
mle,,,5,5,8,1.0,1000,800,1.0,0.1800795826552395,0.0081553642911361,0.0101003999998283,0,62,31,496,496,,
nn_linear,[],linear,5,5,8,1.0,1000,800,1.0,0.2173700881334331,0.0031011379597348,2.5492175999997926,-3198976,52,52,416,208,111.2,0.2
nn_32_relu,[32],ReLU,5,5,8,1.0,1000,800,1.0,0.0262693647385361,0.0007432275051201,2.177905699999883,-2080768,1162,1162,9296,4648,66.4,0.0
mle,,,5,5,8,1.0,1400,1120,1.0,0.0863666321604586,0.0057320955545934,0.0104696999997031,0,62,31,496,496,,
nn_linear,[],linear,5,5,8,1.0,1400,1120,1.0,0.2099676605315696,0.0036005889291172,2.888048100000105,-2969600,52,52,416,208,93.4,0.0
nn_32_relu,[32],ReLU,5,5,8,1.0,1400,1120,1.0,0.022984937370139,0.0005458880616694,3.2408941000003324,-1269760,1162,1162,9296,4648,71.8,0.2
mle,,,1,5,10,0.1,600,480,1.0,0.0077670500271541,0.0005536843498651,0.0107124000001022,0,62,31,496,496,,
nn_linear,[],linear,1,5,10,0.1,600,480,1.0,0.3219038300467128,0.0003497184561826,2.7983688999997867,-3530752,52,52,416,208,194.4,0.8
nn_32_relu,[32],ReLU,1,5,10,0.1,600,480,1.0,0.0076666020478177,9.876613438275102e-05,2.322994299999664,-1568768,1162,1162,9296,4648,114.2,0.2
mle,,,1,5,10,0.1,1000,800,1.0,0.0079280886836914,0.0005547804268135,0.0106720999997378,0,62,31,496,496,,
nn_linear,[],linear,1,5,10,0.1,1000,800,1.0,0.0773119438579848,0.0001980985785673,4.16715000000022,-3026944,52,52,416,208,180.0,0.8
nn_32_relu,[32],ReLU,1,5,10,0.1,1000,800,1.0,0.0016194338629907,3.273015097361588e-05,3.467857600000116,-1921024,1162,1162,9296,4648,105.2,0.0
mle,,,1,5,10,0.1,1400,1120,1.0,0.0079185029687135,0.0005539549629036,0.0128034000003935,0,62,31,496,496,,
nn_linear,[],linear,1,5,10,0.1,1400,1120,1.0,0.0728511416048749,8.122730509603536e-05,6.238226899999972,-4354048,52,52,416,208,200.0,1.0
nn_32_relu,[32],ReLU,1,5,10,0.1,1400,1120,1.0,0.0048724146388642,2.604012106360331e-05,6.021801800000048,-1404928,1162,1162,9296,4648,131.8,0.2
mle,,,2,5,10,0.1,600,480,1.0,0.0055508621062577,9.448654520017827e-05,0.0115498000000116,0,62,31,496,496,,
nn_linear,[],linear,2,5,10,0.1,600,480,1.0,0.1866776648935489,0.0012839346726293,2.9368223999999827,-3936256,52,52,416,208,200.0,1.0
nn_32_relu,[32],ReLU,2,5,10,0.1,600,480,1.0,0.0035792921516955,0.0001886688547579,2.714594899999611,-1490944,1162,1162,9296,4648,132.2,0.4
mle,,,2,5,10,0.1,1000,800,1.0,0.0039264424970679,8.218819214878395e-05,0.0120021000002452,0,62,31,496,496,,
nn_linear,[],linear,2,5,10,0.1,1000,800,1.0,0.0578023226145887,0.0005949694269787,4.490914599999996,-5050368,52,52,416,208,200.0,1.0
nn_32_relu,[32],ReLU,2,5,10,0.1,1000,800,1.0,0.0021356560778168,0.0002506952186844,4.817805700000008,-1736704,1162,1162,9296,4648,145.0,0.4
mle,,,2,5,10,0.1,1400,1120,1.0,0.0036984513336373,8.021753214950371e-05,0.0104307000001426,0,62,31,496,496,,
nn_linear,[],linear,2,5,10,0.1,1400,1120,1.0,0.0275568989488121,0.000250796003993,6.2378773000000365,-2789376,52,52,416,208,200.0,1.0
nn_32_relu,[32],ReLU,2,5,10,0.1,1400,1120,1.0,0.0014674513041294,0.0002814382606479,5.948221200000262,-1363968,1162,1162,9296,4648,130.0,0.2
mle,,,3,5,10,0.1,600,480,1.0,0.0075454053611712,0.0005050357062631,0.0122498000000632,0,62,31,496,496,,
nn_linear,[],linear,3,5,10,0.1,600,480,1.0,0.2378733760966128,0.0026473042784164,2.3942926999998235,-3993600,52,52,416,208,165.4,0.8
nn_32_relu,[32],ReLU,3,5,10,0.1,600,480,1.0,0.0099407007623008,0.0011476911649807,3.0911685999999463,-1437696,1162,1162,9296,4648,151.6,0.6
mle,,,3,5,10,0.1,1000,800,1.0,0.0082928306597252,0.0005042934434437,0.0121805000003405,0,62,31,496,496,,
nn_linear,[],linear,3,5,10,0.1,1000,800,1.0,0.1413046176971729,0.0023199728811499,3.954917199999727,-5091328,52,52,416,208,173.6,0.8
nn_32_relu,[32],ReLU,3,5,10,0.1,1000,800,1.0,0.0118716513629661,0.0013430324717204,4.513161200000013,-1712128,1162,1162,9296,4648,134.4,0.4
mle,,,3,5,10,0.1,1400,1120,1.0,0.0084044596180368,0.0005041898748227,0.0110334000000875,0,62,31,496,496,,
nn_linear,[],linear,3,5,10,0.1,1400,1120,1.0,0.0578300606735246,0.0011254108555626,6.21666520000008,-2793472,52,52,416,208,200.0,1.0
nn_32_relu,[32],ReLU,3,5,10,0.1,1400,1120,1.0,0.0033896097014111,0.0008799589607569,6.299681399999827,-1363968,1162,1162,9296,4648,136.2,0.4
mle,,,4,5,10,0.1,600,480,1.0,0.0414015406769192,0.0007829076436046,0.0106167999997524,0,62,31,496,496,,
nn_linear,[],linear,4,5,10,0.1,600,480,1.0,0.3914597879889782,0.0042343357557984,2.220952899999702,-3842048,52,52,416,208,153.2,0.6
nn_32_relu,[32],ReLU,4,5,10,0.1,600,480,1.0,0.0183143272085477,0.000992307095939,2.469535199999882,-1769472,1162,1162,9296,4648,122.6,0.2
mle,,,4,5,10,0.1,1000,800,1.0,0.0365756097152548,0.0007824053429237,0.0100083999996059,0,62,31,496,496,,
nn_linear,[],linear,4,5,10,0.1,1000,800,1.0,0.2964680361975063,0.0035222172298968,3.47295959999974,-4378624,52,52,416,208,152.2,0.6
nn_32_relu,[32],ReLU,4,5,10,0.1,1000,800,1.0,0.0091133630139905,0.0009889351327648,3.5889901999998983,-1601536,1162,1162,9296,4648,109.2,0.2
mle,,,4,5,10,0.1,1400,1120,1.0,0.0106862604024899,0.0001870375399147,0.010565100000349,0,62,31,496,496,,
nn_linear,[],linear,4,5,10,0.1,1400,1120,1.0,0.275085224668067,0.0033442755035067,4.392513199999939,-2830336,52,52,416,208,140.2,0.4
nn_32_relu,[32],ReLU,4,5,10,0.1,1400,1120,1.0,0.0070635190725699,0.0009723755085644,5.168475399999807,-1380352,1162,1162,9296,4648,113.2,0.0
mle,,,5,5,10,0.1,600,480,1.0,0.0007915913167048,1.14804839654612e-07,0.0108218000000306,0,62,31,496,496,,
nn_linear,[],linear,5,5,10,0.1,600,480,1.0,0.1166310575676971,0.0014507606158709,2.870809499999723,-5001216,52,52,416,208,200.0,1.0
nn_32_relu,[32],ReLU,5,5,10,0.1,600,480,1.0,0.0026406312067982,2.2695530912256248e-05,3.49058580000019,-1474560,1162,1162,9296,4648,168.4,0.6
mle,,,5,5,10,0.1,1000,800,1.0,0.0010064933899675,6.08333597231178e-07,0.0134992000002966,0,62,31,496,496,,
nn_linear,[],linear,5,5,10,0.1,1000,800,1.0,0.1224486256397295,0.000435987092532,4.576407200000176,-5496832,52,52,416,208,199.2,0.8
nn_32_relu,[32],ReLU,5,5,10,0.1,1000,800,1.0,0.0011985146084573,1.5118944833668543e-05,4.955193099999633,-1712128,1162,1162,9296,4648,150.2,0.4
mle,,,5,5,10,0.1,1400,1120,1.0,0.0002239435201573,2.5477009593049976e-07,0.0108952000000499,0,62,31,496,496,,
nn_linear,[],linear,5,5,10,0.1,1400,1120,1.0,0.0430456059486868,0.0002709665872751,6.2195167999998375,-4227072,52,52,416,208,200.0,1.0
nn_32_relu,[32],ReLU,5,5,10,0.1,1400,1120,1.0,0.000700039277182,6.196050497199118e-06,5.326687100000072,-1314816,1162,1162,9296,4648,115.8,0.0
mle,,,3,5,10,0.5,600,480,1.0,0.2468795441696176,0.0113249107324489,0.0125244000000748,0,62,31,496,496,,
nn_linear,[],linear,3,5,10,0.5,600,480,1.0,0.2746081279480972,0.0033257936288414,2.6487726999998813,-3481600,52,52,416,208,181.8,0.8
nn_32_relu,[32],ReLU,3,5,10,0.5,600,480,1.0,0.0342016060278841,0.0009930741743117,2.353346899999906,-1540096,1162,1162,9296,4648,116.0,0.2
mle,,,3,5,10,0.5,1000,800,1.0,0.0951966417470702,0.0047692603905178,0.0104317000000264,0,62,31,496,496,,
nn_linear,[],linear,3,5,10,0.5,1000,800,1.0,0.2478271337936972,0.0040988396683474,4.066107800000282,-3031040,52,52,416,208,178.8,0.6
nn_32_relu,[32],ReLU,3,5,10,0.5,1000,800,1.0,0.0292304850673376,0.0011579609803418,3.067434200000207,-2236416,1162,1162,9296,4648,94.4,0.0
mle,,,3,5,10,0.5,1400,1120,1.0,0.1543298219737705,0.0072940722220092,0.0102391999998872,0,62,31,496,496,,
nn_linear,[],linear,3,5,10,0.5,1400,1120,1.0,0.2144055129573176,0.0049866729950741,4.832739899999979,-2097152,52,52,416,208,155.0,0.6
nn_32_relu,[32],ReLU,3,5,10,0.5,1400,1120,1.0,0.0166074237675581,0.0006069518361014,3.694511800000328,-1355776,1162,1162,9296,4648,81.4,0.0
mle,,,4,5,10,0.5,600,480,1.0,0.1584010161312473,0.0179496577821144,0.0106768000000556,0,62,31,496,496,,
nn_linear,[],linear,4,5,10,0.5,600,480,1.0,0.5101621224677987,0.0038244131300201,2.136229000000185,-3842048,52,52,416,208,147.4,0.2
nn_32_relu,[32],ReLU,4,5,10,0.5,600,480,1.0,0.0506473211551795,0.0013682247374271,1.6069898999999168,-1843200,1162,1162,9296,4648,78.0,0.0
mle,,,4,5,10,0.5,1000,800,1.0,0.1266508251927495,0.0140278134360354,0.010547299999871,0,62,31,496,496,,
nn_linear,[],linear,4,5,10,0.5,1000,800,1.0,0.5017964156030674,0.0036942203280115,2.273281499999939,-3129344,52,52,416,208,101.0,0.2
nn_32_relu,[32],ReLU,4,5,10,0.5,1000,800,1.0,0.0233594404313567,0.0007044567603739,3.015088900000137,-2150400,1162,1162,9296,4648,92.6,0.0
mle,,,4,5,10,0.5,1400,1120,1.0,0.1219152580801113,0.0140279191703607,0.0100178000002415,0,62,31,496,496,,
nn_linear,[],linear,4,5,10,0.5,1400,1120,1.0,0.4978070786351483,0.0036168916686948,3.3146358999997574,-2805760,52,52,416,208,105.4,0.2
nn_32_relu,[32],ReLU,4,5,10,0.5,1400,1120,1.0,0.0169417595565283,0.0006032351050328,3.92336639999985,-1355776,1162,1162,9296,4648,85.4,0.0
mle,,,5,5,10,0.5,600,480,1.0,0.1827968096677014,0.0147317531161143,0.0099717000002783,0,62,31,496,496,,
nn_linear,[],linear,5,5,10,0.5,600,480,1.0,0.1066848711215296,0.0022667274976765,2.3961293000002115,-3530752,52,52,416,208,165.2,0.8
nn_32_relu,[32],ReLU,5,5,10,0.5,600,480,1.0,0.0491310302064755,0.0028246016699737,1.9558649999999036,-835584,1162,1162,9296,4648,95.4,0.0
mle,,,5,5,10,0.5,1000,800,1.0,0.0965707288881567,0.0071706787497889,0.0101982999999563,0,62,31,496,496,,
nn_linear,[],linear,5,5,10,0.5,1000,800,1.0,0.1069463015195985,0.0029708704795478,4.563766699999633,-4943872,52,52,416,208,200.0,1.0
nn_32_relu,[32],ReLU,5,5,10,0.5,1000,800,1.0,0.0159896441989782,0.0009310195038904,4.2453576999996585,-1720320,1162,1162,9296,4648,128.2,0.2
mle,,,5,5,10,0.5,1400,1120,1.0,0.0749514539967856,0.0085558356243179,0.0105448999997861,0,62,31,496,496,,
nn_linear,[],linear,5,5,10,0.5,1400,1120,1.0,0.069233012705881,0.0034290571926526,6.1940614999998616,-3002368,52,52,416,208,200.0,1.0
nn_32_relu,[32],ReLU,5,5,10,0.5,1400,1120,1.0,0.0182139040313148,0.001250118986772,4.312941500000306,-1339392,1162,1162,9296,4648,94.8,0.0
mle,,,1,5,10,1.0,600,480,1.0,0.1702949093903321,0.0118843642291235,0.0117107999999461,0,62,31,496,496,,
nn_linear,[],linear,1,5,10,1.0,600,480,1.0,0.2944940974245278,0.0039703815957327,1.4792090000000826,-4247552,52,52,416,208,102.0,0.2
nn_32_relu,[32],ReLU,1,5,10,1.0,600,480,1.0,0.0353684745582499,0.0008051624691245,1.8319132999999963,-1875968,1162,1162,9296,4648,89.2,0.2
mle,,,1,5,10,1.0,1000,800,1.0,0.0796285826117612,0.008199631976768,0.011702900000273,0,62,31,496,496,,
nn_linear,[],linear,1,5,10,1.0,1000,800,1.0,0.271903164483569,0.0037746500576457,2.2809308000000783,-3051520,52,52,416,208,101.4,0.0
nn_32_relu,[32],ReLU,1,5,10,1.0,1000,800,1.0,0.024372706597693,0.0005453971355053,2.5679493000002367,-2236416,1162,1162,9296,4648,79.2,0.2
mle,,,1,5,10,1.0,1400,1120,1.0,0.0309775474980305,0.0026494090968703,0.010671000000002,0,62,31,496,496,,
nn_linear,[],linear,1,5,10,1.0,1400,1120,1.0,0.2728657895410804,0.0037859049904499,3.0177757000001293,-3321856,52,52,416,208,98.0,0.0
nn_32_relu,[32],ReLU,1,5,10,1.0,1400,1120,1.0,0.016455025773685,0.000278787999793,3.475295499999902,-1482752,1162,1162,9296,4648,77.2,0.0
mle,,,2,5,10,1.0,600,480,1.0,0.2012663562226199,0.0082965182611981,0.0101919000003363,0,62,31,496,496,,
nn_linear,[],linear,2,5,10,1.0,600,480,1.0,0.1493716767706262,0.0022960139274484,2.0591458999997485,-4038656,52,52,416,208,142.0,0.2
nn_32_relu,[32],ReLU,2,5,10,1.0,600,480,1.0,0.0259020754019451,0.0004257747574338,1.9915948000002568,-2236416,1162,1162,9296,4648,97.4,0.0
mle,,,2,5,10,1.0,1000,800,1.0,0.111820310625914,0.0095867388985172,0.0097215999999207,0,62,31,496,496,,
nn_linear,[],linear,2,5,10,1.0,1000,800,1.0,0.1391125546858114,0.0016304425839399,2.1195004999999583,-4333568,52,52,416,208,93.8,0.0
nn_32_relu,[32],ReLU,2,5,10,1.0,1000,800,1.0,0.0302448643368027,0.0006500737364577,2.2197277000000213,-2297856,1162,1162,9296,4648,67.6,0.0
mle,,,2,5,10,1.0,1400,1120,1.0,0.1067155430172554,0.0095712161868438,0.0102278999997906,0,62,31,496,496,,
nn_linear,[],linear,2,5,10,1.0,1400,1120,1.0,0.1233518082467106,0.0020173521486497,4.532940199999757,-2772992,52,52,416,208,146.2,0.0
nn_32_relu,[32],ReLU,2,5,10,1.0,1400,1120,1.0,0.0097363779537201,0.0001411414552629,4.219383799999832,-1327104,1162,1162,9296,4648,93.2,0.2
mle,,,3,5,10,1.0,600,480,1.0,0.3939891447167482,0.009649780823752,0.0111484000003656,0,62,31,496,496,,
nn_linear,[],linear,3,5,10,1.0,600,480,1.0,0.2070440658094534,0.0018196260399675,2.0474374000000357,-3473408,52,52,416,208,138.2,0.2
nn_32_relu,[32],ReLU,3,5,10,1.0,600,480,1.0,0.0585462810824485,0.0009189908854266,2.00628770000003,-851968,1162,1162,9296,4648,97.4,0.2
mle,,,3,5,10,1.0,1000,800,1.0,0.1056645108972159,0.0044639165445648,0.0117631999996774,0,62,31,496,496,,
nn_linear,[],linear,3,5,10,1.0,1000,800,1.0,0.1846521766033264,0.0014642435141161,2.518325399999867,-3104768,52,52,416,208,111.2,0.0
nn_32_relu,[32],ReLU,3,5,10,1.0,1000,800,1.0,0.0287909896102232,0.0003829080831818,2.553375899999992,-2637824,1162,1162,9296,4648,77.6,0.0
mle,,,3,5,10,1.0,1400,1120,1.0,0.0614793115704101,0.0050463333390347,0.0098412000002099,0,62,31,496,496,,
nn_linear,[],linear,3,5,10,1.0,1400,1120,1.0,0.1814348906956162,0.0016182529353022,3.310517699999764,-2383872,52,52,416,208,105.6,0.0
nn_32_relu,[32],ReLU,3,5,10,1.0,1400,1120,1.0,0.0143454322305645,0.0002244255052083,3.867052000000058,-1376256,1162,1162,9296,4648,85.8,0.0
mle,,,4,5,10,1.0,600,480,1.0,0.1638622169467186,0.0116094813389148,0.0130343000000721,0,62,31,496,496,,
nn_linear,[],linear,4,5,10,1.0,600,480,1.0,0.2035276916818804,0.0012971391308777,1.099048699999912,-3473408,52,52,416,208,73.6,0.0
nn_32_relu,[32],ReLU,4,5,10,1.0,600,480,1.0,0.0563984638044577,0.0005832616584993,1.317110799999682,-843776,1162,1162,9296,4648,62.8,0.0
mle,,,4,5,10,1.0,1000,800,1.0,0.1678525955090261,0.0082109049525329,0.0116675000003851,0,62,31,496,496,,
nn_linear,[],linear,4,5,10,1.0,1000,800,1.0,0.1918717587949159,0.0015061677212706,2.6525876000000608,-3092480,52,52,416,208,115.6,0.0
nn_32_relu,[32],ReLU,4,5,10,1.0,1000,800,1.0,0.0507589869985643,0.0004318788306528,2.4134273999998186,-2564096,1162,1162,9296,4648,74.2,0.0
mle,,,4,5,10,1.0,1400,1120,1.0,0.0180094378023051,0.0013191053009049,0.0097162000001844,0,62,31,496,496,,
nn_linear,[],linear,4,5,10,1.0,1400,1120,1.0,0.1890353312650402,0.0014189405743591,2.9834538999998585,-3534848,52,52,416,208,96.6,0.0
nn_32_relu,[32],ReLU,4,5,10,1.0,1400,1120,1.0,0.0132049103914787,0.0001824620921356,3.183013800000026,-1523712,1162,1162,9296,4648,70.0,0.0
mle,,,5,5,10,1.0,600,480,1.0,0.0682049442269294,0.0056857318357222,0.0098807000003944,0,62,31,496,496,,
nn_linear,[],linear,5,5,10,1.0,600,480,1.0,0.3508292681500138,0.0023471047000625,2.032878699999856,-4444160,52,52,416,208,139.4,0.4
nn_32_relu,[32],ReLU,5,5,10,1.0,600,480,1.0,0.0316098290744731,0.0009570798274968,2.109075600000324,-2043904,1162,1162,9296,4648,102.0,0.0
mle,,,5,5,10,1.0,1000,800,1.0,0.2818292559215177,0.0088301151638535,0.0119630999997752,0,62,31,496,496,,
nn_linear,[],linear,5,5,10,1.0,1000,800,1.0,0.1715429944678917,0.0027678281411738,2.168288400000165,-3067904,52,52,416,208,95.6,0.2
nn_32_relu,[32],ReLU,5,5,10,1.0,1000,800,1.0,0.0422181156409051,0.000890518147805,2.035131200000251,-2170880,1162,1162,9296,4648,62.6,0.0
mle,,,5,5,10,1.0,1400,1120,1.0,0.0822592441435242,0.0044785703948093,0.0099865000001955,0,62,31,496,496,,
nn_linear,[],linear,5,5,10,1.0,1400,1120,1.0,0.1418543770787427,0.0023646537362315,3.0922888999998577,-3309568,52,52,416,208,99.4,0.2
nn_32_relu,[32],ReLU,5,5,10,1.0,1400,1120,1.0,0.0231228050391118,0.000582541234922,3.1997011000003117,-1527808,1162,1162,9296,4648,69.8,0.0
mle,,,1,10,2,0.1,600,480,0.3777777777777777,0.0166465096923231,0.0013218269758943,0.0232820999999603,0,70,35,560,560,,
nn_linear,[],linear,1,10,2,0.1,600,480,0.3777777777777777,0.3489423314441966,0.0018239807019412,5.276335500000187,-4624384,90,90,720,360,184.9,0.9
nn_32_relu,[32],ReLU,1,10,2,0.1,600,480,0.3777777777777777,0.0092520557998451,0.0004899094282607,6.197675899999922,-1445888,2100,2100,16800,8400,149.5,0.5
mle,,,1,10,2,0.1,1000,800,0.3777777777777777,0.0060813967854218,6.742313083694011e-05,0.0201145999999425,0,70,35,560,560,,
nn_linear,[],linear,1,10,2,0.1,1000,800,0.3777777777777777,0.1195039041599931,0.001566229588677,8.230481900000086,-4415488,90,90,720,360,182.3,0.8
nn_32_relu,[32],ReLU,1,10,2,0.1,1000,800,0.3777777777777777,0.0260327117456053,0.0007605336085054,9.007582000000184,-1015808,2100,2100,16800,8400,134.5,0.4
mle,,,1,10,2,0.1,1400,1120,0.3777777777777777,0.0110190850372511,0.0011767032215057,0.0201937000001635,0,70,35,560,560,,
nn_linear,[],linear,1,10,2,0.1,1400,1120,0.3777777777777777,0.0484893732184469,0.0015911994844226,10.936409099999764,-3559424,90,90,720,360,174.1,0.8
nn_32_relu,[32],ReLU,1,10,2,0.1,1400,1120,0.3777777777777777,0.0091122493409861,0.0004057161592648,9.845792199999778,-815104,2100,2100,16800,8400,107.2,0.1
mle,,,2,10,2,0.1,600,480,0.3777777777777777,0.0731837181368116,0.0017017506928184,0.0232688000000962,0,70,35,560,560,,
nn_linear,[],linear,2,10,2,0.1,600,480,0.3777777777777777,0.3283705356021151,0.002862713199755,5.280851700000312,-3735552,90,90,720,360,184.9,0.9
nn_32_relu,[32],ReLU,2,10,2,0.1,600,480,0.3777777777777777,0.016683299496722,0.0017751109755022,6.28461040000002,-1429504,2100,2100,16800,8400,152.1,0.4
mle,,,2,10,2,0.1,1000,800,0.3777777777777777,0.0743462174290546,0.0017112499215785,0.0213477000002058,0,70,35,560,560,,
nn_linear,[],linear,2,10,2,0.1,1000,800,0.3777777777777777,0.1684673175567554,0.0020092224669818,8.11363130000018,-4542464,90,90,720,360,178.9,0.8
nn_32_relu,[32],ReLU,2,10,2,0.1,1000,800,0.3777777777777777,0.0268844548817926,0.001826205624372,7.3606166999998095,-1007616,2100,2100,16800,8400,111.0,0.0
mle,,,2,10,2,0.1,1400,1120,0.3777777777777777,0.0714322176523958,0.0017125206370158,0.0239547000001039,0,70,35,560,560,,
nn_linear,[],linear,2,10,2,0.1,1400,1120,0.3777777777777777,0.0553170716950755,0.001861802238986,11.26168480000024,-3608576,90,90,720,360,180.7,0.8
nn_32_relu,[32],ReLU,2,10,2,0.1,1400,1120,0.3777777777777777,0.0116431614561488,0.0019126287731363,9.487496799999915,-786432,2100,2100,16800,8400,103.9,0.0
mle,,,3,10,2,0.1,600,480,0.3777777777777777,0.0381717978971224,0.0025173139788616,0.0209187999998903,0,70,35,560,560,,
nn_linear,[],linear,3,10,2,0.1,600,480,0.3777777777777777,0.5026243545319161,0.0016432311292201,5.553990899999917,-3702784,90,90,720,360,192.2,0.9
nn_32_relu,[32],ReLU,3,10,2,0.1,600,480,0.3777777777777777,0.0088262620474731,0.0015353948928546,6.907068699999854,-1433600,2100,2100,16800,8400,167.1,0.6
mle,,,3,10,2,0.1,1000,800,0.3777777777777777,0.0294880951417415,0.0025087495654724,0.0241002000002481,0,70,35,560,560,,
nn_linear,[],linear,3,10,2,0.1,1000,800,0.3777777777777777,0.2333545809014936,0.0015724011398057,8.515831899999739,-4505600,90,90,720,360,187.5,0.9
nn_32_relu,[32],ReLU,3,10,2,0.1,1000,800,0.3777777777777777,0.0085864146003877,0.0014018733150501,9.719881299999996,-1007616,2100,2100,16800,8400,145.5,0.4
mle,,,3,10,2,0.1,1400,1120,0.3777777777777777,0.0263394124271982,0.0013927670189007,0.0241498999998839,86016,70,35,560,560,,
nn_linear,[],linear,3,10,2,0.1,1400,1120,0.3777777777777777,0.111942469954193,0.0019455144741572,11.28705140000011,-3608576,90,90,720,360,181.1,0.8
nn_32_relu,[32],ReLU,3,10,2,0.1,1400,1120,0.3777777777777777,0.0142692965269161,0.0022889404442261,8.812025000000176,-802816,2100,2100,16800,8400,95.4,0.1
mle,,,4,10,2,0.1,600,480,0.3777777777777777,0.0787880610852366,0.0006729258958536,0.0226415999995879,0,70,35,560,560,,
nn_linear,[],linear,4,10,2,0.1,600,480,0.3777777777777777,0.448738434699123,0.0021275112406116,5.38340369999969,-3735552,90,90,720,360,187.3,0.9
nn_32_relu,[32],ReLU,4,10,2,0.1,600,480,0.3777777777777777,0.0200049420878637,0.0002685426197969,6.319966999999906,-1368064,2100,2100,16800,8400,151.7,0.3
mle,,,4,10,2,0.1,1000,800,0.3777777777777777,0.0731371788116305,0.0006854357758777,0.0244920000000092,0,70,35,560,560,,
nn_linear,[],linear,4,10,2,0.1,1000,800,0.3777777777777777,0.1952444516201124,0.0009374579044367,8.643970299999637,-4554752,90,90,720,360,188.9,0.9
nn_32_relu,[32],ReLU,4,10,2,0.1,1000,800,0.3777777777777777,0.0117579620322127,0.0005821301481004,9.754269600000043,-958464,2100,2100,16800,8400,146.4,0.5
mle,,,4,10,2,0.1,1400,1120,0.3777777777777777,0.0191488496805235,0.0004195106670664,0.0233171999998376,0,70,35,560,560,,
nn_linear,[],linear,4,10,2,0.1,1400,1120,0.3777777777777777,0.1459944227923637,0.0008844729526905,11.954197800000202,-3657728,90,90,720,360,192.8,0.9
nn_32_relu,[32],ReLU,4,10,2,0.1,1400,1120,0.3777777777777777,0.0103325860150396,0.0005341016240063,10.935382199999822,-802816,2100,2100,16800,8400,119.1,0.3
mle,,,5,10,2,0.1,600,480,0.3777777777777777,0.0121346146868327,0.0009615882726572,0.0210268000000724,0,70,35,560,560,,
nn_linear,[],linear,5,10,2,0.1,600,480,0.3777777777777777,0.315835809277224,0.0020224802902377,5.78611920000003,-3735552,90,90,720,360,200.0,1.0
nn_32_relu,[32],ReLU,5,10,2,0.1,600,480,0.3777777777777777,0.0174417963966411,0.0044651206420888,7.416801000000305,-1363968,2100,2100,16800,8400,180.0,0.7
mle,,,5,10,2,0.1,1000,800,0.3777777777777777,0.0124256189153816,0.0009615259189576,0.0234721999995599,0,70,35,560,560,,
nn_linear,[],linear,5,10,2,0.1,1000,800,0.3777777777777777,0.1784235201506569,0.0023411251320178,8.485169000000042,-4554752,90,90,720,360,186.2,0.9
nn_32_relu,[32],ReLU,5,10,2,0.1,1000,800,0.3777777777777777,0.0133065960431486,0.0041821786576744,9.443474800000333,-1036288,2100,2100,16800,8400,141.6,0.2
mle,,,5,10,2,0.1,1400,1120,0.3777777777777777,0.011997935438484,0.0009616074281062,0.0214621999998598,0,70,35,560,560,,
nn_linear,[],linear,5,10,2,0.1,1400,1120,0.3777777777777777,0.0714342957715382,0.0023316240233667,11.428184800000054,-3579904,90,90,720,360,183.6,0.9
nn_32_relu,[32],ReLU,5,10,2,0.1,1400,1120,0.3777777777777777,0.015330310685811,0.0037627605072177,9.81144329999961,-786432,2100,2100,16800,8400,107.6,0.0
mle,,,1,10,2,0.5,600,480,0.3777777777777777,0.221665810907513,0.007395825976148,0.0208850999997594,0,70,35,560,560,,
nn_linear,[],linear,1,10,2,0.5,600,480,0.3777777777777777,0.2388311713500447,0.0024132535665571,4.962532699999883,-3735552,90,90,720,360,172.3,0.7
nn_32_relu,[32],ReLU,1,10,2,0.5,600,480,0.3777777777777777,0.0700662549059857,0.0013613514129286,3.2846478999999817,-1449984,2100,2100,16800,8400,78.9,0.0
mle,,,1,10,2,0.5,1000,800,0.3777777777777777,0.1421978155332704,0.0037841418817892,0.0185354000000188,0,70,35,560,560,,
nn_linear,[],linear,1,10,2,0.5,1000,800,0.3777777777777777,0.1051884027548128,0.002754990452693,8.492521300000135,-4554752,90,90,720,360,187.2,0.7
nn_32_relu,[32],ReLU,1,10,2,0.5,1000,800,0.3777777777777777,0.0294779354643359,0.0012354064856819,4.457124499999736,-954368,2100,2100,16800,8400,68.4,0.0
mle,,,1,10,2,0.5,1400,1120,0.3777777777777777,0.067978655610432,0.0023006651382187,0.0187161999997442,0,70,35,560,560,,
nn_linear,[],linear,1,10,2,0.5,1400,1120,0.3777777777777777,0.1091039901484274,0.0021875372063827,9.495000499999604,-3661824,90,90,720,360,151.8,0.3
nn_32_relu,[32],ReLU,1,10,2,0.5,1400,1120,0.3777777777777777,0.0191328075284903,0.0003762356264468,8.332541400000082,-770048,2100,2100,16800,8400,91.3,0.1
mle,,,2,10,2,0.5,600,480,0.3777777777777777,0.1043194223955203,0.004737334274347,0.0191032999996423,0,70,35,560,560,,
nn_linear,[],linear,2,10,2,0.5,600,480,0.3777777777777777,0.520573380134997,0.0078353396520309,5.173836999999821,-3702784,90,90,720,360,182.3,0.9
nn_32_relu,[32],ReLU,2,10,2,0.5,600,480,0.3777777777777777,0.0325114316256965,0.0005668657439754,5.505393399999775,-1445888,2100,2100,16800,8400,133.4,0.1
mle,,,2,10,2,0.5,1000,800,0.3777777777777777,0.1001611314434627,0.0045280748158735,0.0190523999999641,0,70,35,560,560,,
nn_linear,[],linear,2,10,2,0.5,1000,800,0.3777777777777777,0.4322577550217449,0.0094900458625607,7.200363400000242,-4505600,90,90,720,360,159.3,0.4
nn_32_relu,[32],ReLU,2,10,2,0.5,1000,800,0.3777777777777777,0.0239872288107306,0.000342289760684,8.12669730000016,-1036288,2100,2100,16800,8400,123.9,0.1
mle,,,2,10,2,0.5,1400,1120,0.3777777777777777,0.0822806140305516,0.004455094141084,0.0208613999998306,0,70,35,560,560,,
nn_linear,[],linear,2,10,2,0.5,1400,1120,0.3777777777777777,0.4138251354441813,0.010037045526573,7.821578200000204,-3579904,90,90,720,360,124.9,0.2
nn_32_relu,[32],ReLU,2,10,2,0.5,1400,1120,0.3777777777777777,0.0163194448931511,0.0002916408612451,10.24149269999998,-786432,2100,2100,16800,8400,112.6,0.0
mle,,,3,10,2,0.5,600,480,0.3777777777777777,0.1762213236703435,0.0124784489801576,0.0193471000002318,0,70,35,560,560,,
nn_linear,[],linear,3,10,2,0.5,600,480,0.3777777777777777,0.204241664113103,0.0038470330759439,4.694498800000019,-3702784,90,90,720,360,164.6,0.6
nn_32_relu,[32],ReLU,3,10,2,0.5,600,480,0.3777777777777777,0.0840752096106055,0.0023823294955814,3.771419700000024,-1368064,2100,2100,16800,8400,90.6,0.2
mle,,,3,10,2,0.5,1000,800,0.3777777777777777,0.0631493523098523,0.0036164696952233,0.0185027000002264,0,70,35,560,560,,
nn_linear,[],linear,3,10,2,0.5,1000,800,0.3777777777777777,0.1477224598770254,0.0035850554782415,7.252233899999737,-4571136,90,90,720,360,160.5,0.4
nn_32_relu,[32],ReLU,3,10,2,0.5,1000,800,0.3777777777777777,0.033561291126592,0.0005559662691862,7.116781400000036,-954368,2100,2100,16800,8400,107.7,0.2
mle,,,3,10,2,0.5,1400,1120,0.3777777777777777,0.0857617747941307,0.0038075540152809,0.0202264999998078,0,70,35,560,560,,
nn_linear,[],linear,3,10,2,0.5,1400,1120,0.3777777777777777,0.1327214968406092,0.0037322149918298,8.990190600000005,-3661824,90,90,720,360,144.8,0.3
nn_32_relu,[32],ReLU,3,10,2,0.5,1400,1120,0.3777777777777777,0.0231555557274649,0.0004834375150218,7.180200199999945,-786432,2100,2100,16800,8400,78.1,0.0
mle,,,4,10,2,0.5,600,480,0.3777777777777777,0.0499176202743711,0.0037445336358163,0.0208968000001732,0,70,35,560,560,,
nn_linear,[],linear,4,10,2,0.5,600,480,0.3777777777777777,0.2819021844269975,0.0020206952341922,5.036408400000255,-3702784,90,90,720,360,175.9,0.7
nn_32_relu,[32],ReLU,4,10,2,0.5,600,480,0.3777777777777777,0.0499873391102526,0.0004745043613621,4.367716400000063,-1368064,2100,2100,16800,8400,106.5,0.0
mle,,,4,10,2,0.5,1000,800,0.3777777777777777,0.0353936207358649,0.0037586914987488,0.0198365999999623,0,70,35,560,560,,
nn_linear,[],linear,4,10,2,0.5,1000,800,0.3777777777777777,0.204536165381114,0.0019198368920878,8.694146199999977,-4571136,90,90,720,360,191.9,0.8
nn_32_relu,[32],ReLU,4,10,2,0.5,1000,800,0.3777777777777777,0.0160589245552488,0.0002117120818113,8.305815300000177,-925696,2100,2100,16800,8400,126.1,0.2
mle,,,4,10,2,0.5,1400,1120,0.3777777777777777,0.0314354843924843,0.0037544724844926,0.0226098000002821,0,70,35,560,560,,
nn_linear,[],linear,4,10,2,0.5,1400,1120,0.3777777777777777,0.1656147312686729,0.0019858259317435,11.377963800000089,-4194304,90,90,720,360,182.3,0.7
nn_32_relu,[32],ReLU,4,10,2,0.5,1400,1120,0.3777777777777777,0.0197617452101959,0.0001737923985406,8.796782500000063,-708608,2100,2100,16800,8400,97.1,0.0
mle,,,5,10,2,0.5,600,480,0.3777777777777777,0.0592021897014263,0.0044081694118823,0.0211102000002938,0,70,35,560,560,,
nn_linear,[],linear,5,10,2,0.5,600,480,0.3777777777777777,0.2561215196570702,0.0017572824845663,4.891653099999985,-3702784,90,90,720,360,168.7,0.8
nn_32_relu,[32],ReLU,5,10,2,0.5,600,480,0.3777777777777777,0.0493341713130594,0.0007801466165454,4.549695299999712,-1503232,2100,2100,16800,8400,110.9,0.1
mle,,,5,10,2,0.5,1000,800,0.3777777777777777,0.0505713278987228,0.0043932622613264,0.0220549000000573,0,70,35,560,560,,
nn_linear,[],linear,5,10,2,0.5,1000,800,0.3777777777777777,0.1254365181096237,0.0022616019625207,8.239538900000298,-4542464,90,90,720,360,182.3,0.7
nn_32_relu,[32],ReLU,5,10,2,0.5,1000,800,0.3777777777777777,0.034873198702067,0.0002246271511312,7.85385210000004,-1036288,2100,2100,16800,8400,117.1,0.1
mle,,,5,10,2,0.5,1400,1120,0.3777777777777777,0.0434883079113829,0.004384865020511,0.0223657000001367,0,70,35,560,560,,
nn_linear,[],linear,5,10,2,0.5,1400,1120,0.3777777777777777,0.0988360400189579,0.0024702613504282,10.967313000000104,-3579904,90,90,720,360,167.9,0.5
nn_32_relu,[32],ReLU,5,10,2,0.5,1400,1120,0.3777777777777777,0.0176825610213121,0.0006208126313478,7.078036699999757,-786432,2100,2100,16800,8400,75.8,0.1
mle,,,1,10,2,1.0,600,480,0.3777777777777777,0.0884029361385552,0.0103036779395135,0.0189813000001777,0,70,35,560,560,,
nn_linear,[],linear,1,10,2,1.0,600,480,0.3777777777777777,0.2589393999779911,0.0025649654201156,5.2751868999998806,-3702784,90,90,720,360,182.6,0.6
nn_32_relu,[32],ReLU,1,10,2,1.0,600,480,0.3777777777777777,0.0451865878947025,0.0004853666327953,3.375105099999928,-1433600,2100,2100,16800,8400,82.1,0.0
mle,,,1,10,2,1.0,1000,800,0.3777777777777777,0.0724785854075155,0.0102994541323763,0.0201391000000512,0,70,35,560,560,,
nn_linear,[],linear,1,10,2,1.0,1000,800,0.3777777777777777,0.1999122731025036,0.003681611465833,7.765842699999666,-4505600,90,90,720,360,171.0,0.6
nn_32_relu,[32],ReLU,1,10,2,1.0,1000,800,0.3777777777777777,0.0307912757873629,0.0002965685577128,5.055866000000151,-958464,2100,2100,16800,8400,76.2,0.1
mle,,,1,10,2,1.0,1400,1120,0.3777777777777777,0.0983406849916568,0.0122675443794723,0.0192532000000937,0,70,35,560,560,,
nn_linear,[],linear,1,10,2,1.0,1400,1120,0.3777777777777777,0.1958018945568603,0.0036753642171668,9.976131400000211,-3657728,90,90,720,360,157.0,0.5
nn_32_relu,[32],ReLU,1,10,2,1.0,1400,1120,0.3777777777777777,0.0167251588657226,0.0001156938644013,6.479908100000102,-786432,2100,2100,16800,8400,71.0,0.0
mle,,,2,10,2,1.0,600,480,0.3777777777777777,0.0513376815219348,0.0002841872763771,0.0183248999996976,0,70,35,560,560,,
nn_linear,[],linear,2,10,2,1.0,600,480,0.3777777777777777,0.1741519663745939,0.0012515434989085,4.241979799999626,-3702784,90,90,720,360,147.8,0.3
nn_32_relu,[32],ReLU,2,10,2,1.0,600,480,0.3777777777777777,0.0995692026380081,0.0010539430256111,2.400079900000037,-1433600,2100,2100,16800,8400,57.9,0.0
mle,,,2,10,2,1.0,1000,800,0.3777777777777777,0.0390062687363722,0.0003530085862301,0.0208932000000459,0,70,35,560,560,,
nn_linear,[],linear,2,10,2,1.0,1000,800,0.3777777777777777,0.1330793777037211,0.0009309806429648,5.161235900000065,-3768320,90,90,720,360,113.6,0.2
nn_32_relu,[32],ReLU,2,10,2,1.0,1000,800,0.3777777777777777,0.0524349099934535,0.0004812784324395,3.341050500000165,-1556480,2100,2100,16800,8400,50.6,0.0
mle,,,2,10,2,1.0,1400,1120,0.3777777777777777,0.0187553803284372,0.0002392067668483,0.0218670000003839,0,70,35,560,560,,
nn_linear,[],linear,2,10,2,1.0,1400,1120,0.3777777777777777,0.1269990459512759,0.0008308678205899,6.729819700000007,-3579904,90,90,720,360,108.7,0.1
nn_32_relu,[32],ReLU,2,10,2,1.0,1400,1120,0.3777777777777777,0.0159743569040849,0.0001336582739665,5.655894400000307,-786432,2100,2100,16800,8400,62.8,0.0
mle,,,3,10,2,1.0,600,480,0.3777777777777777,0.0521421920136523,0.0004026546617935,0.0212532000000464,0,70,35,560,560,,
nn_linear,[],linear,3,10,2,1.0,600,480,0.3777777777777777,0.2636491462785092,0.002126028718516,3.071095400000104,-3702784,90,90,720,360,105.8,0.2
nn_32_relu,[32],ReLU,3,10,2,1.0,600,480,0.3777777777777777,0.069354594041158,0.0004147606007495,2.3909911000000648,-1433600,2100,2100,16800,8400,59.0,0.0
mle,,,3,10,2,1.0,1000,800,0.3777777777777777,0.023573143400502,0.0001558151343671,0.0218158000002404,0,70,35,560,560,,
nn_linear,[],linear,3,10,2,1.0,1000,800,0.3777777777777777,0.221302691265913,0.0023678694724816,6.353447399999823,-3768320,90,90,720,360,139.9,0.1
nn_32_relu,[32],ReLU,3,10,2,1.0,1000,800,0.3777777777777777,0.027820422846872,0.0002897976010931,3.283911999999873,-1380352,2100,2100,16800,8400,50.2,0.0
mle,,,3,10,2,1.0,1400,1120,0.3777777777777777,0.0171311607175822,8.333395696843671e-05,0.0194161999997959,0,70,35,560,560,,
nn_linear,[],linear,3,10,2,1.0,1400,1120,0.3777777777777777,0.2214622789343848,0.0022306402271175,6.527627100000245,-3391488,90,90,720,360,103.8,0.0
nn_32_relu,[32],ReLU,3,10,2,1.0,1400,1120,0.3777777777777777,0.0264430375699079,0.0001749387571559,3.703306299999895,-524288,2100,2100,16800,8400,40.8,0.0
mle,,,4,10,2,1.0,600,480,0.3777777777777777,0.0599966294101505,0.0004518222236875,0.0182171000001289,0,70,35,560,560,,
nn_linear,[],linear,4,10,2,1.0,600,480,0.3777777777777777,0.3944072166498379,0.0030816870637418,3.5578897999998844,-3735552,90,90,720,360,122.6,0.2
nn_32_relu,[32],ReLU,4,10,2,1.0,600,480,0.3777777777777777,0.0730379694630698,0.0003763200318788,3.416428500000165,-1654784,2100,2100,16800,8400,84.0,0.0
mle,,,4,10,2,1.0,1000,800,0.3777777777777777,0.0280868981335683,0.0002005990973832,0.0180530000002363,0,70,35,560,560,,
nn_linear,[],linear,4,10,2,1.0,1000,800,0.3777777777777777,0.3783480273061053,0.0025475466464,5.144863600000008,-3829760,90,90,720,360,112.8,0.2
nn_32_relu,[32],ReLU,4,10,2,1.0,1000,800,0.3777777777777777,0.0327410082859992,0.0001705713440425,5.078003199999785,-942080,2100,2100,16800,8400,77.0,0.0
mle,,,4,10,2,1.0,1400,1120,0.3777777777777777,0.022823155494556,0.0001695476372794,0.0192084000000249,0,70,35,560,560,,
nn_linear,[],linear,4,10,2,1.0,1400,1120,0.3777777777777777,0.3728294718392628,0.0023625109638677,5.13702880000028,-3674112,90,90,720,360,82.7,0.0
nn_32_relu,[32],ReLU,4,10,2,1.0,1400,1120,0.3777777777777777,0.0279995957713737,0.0002365711681606,7.313698400000248,-753664,2100,2100,16800,8400,79.9,0.0
mle,,,5,10,2,1.0,600,480,0.3777777777777777,0.0764594475493749,0.0017342870239166,0.0187163999999029,0,70,35,560,560,,
nn_linear,[],linear,5,10,2,1.0,600,480,0.3777777777777777,0.1664454192919783,0.0012052556176752,4.797920800000156,-3735552,90,90,720,360,168.1,0.5
nn_32_relu,[32],ReLU,5,10,2,1.0,600,480,0.3777777777777777,0.0856229158292963,0.0004738860140369,2.9220634999996946,-1433600,2100,2100,16800,8400,71.3,0.0
mle,,,5,10,2,1.0,1000,800,0.3777777777777777,0.0650862549213566,0.0016814908860818,0.0181592999997519,0,70,35,560,560,,
nn_linear,[],linear,5,10,2,1.0,1000,800,0.3777777777777777,0.1100787137115785,0.001135021452618,7.058990400000312,-4603904,90,90,720,360,154.9,0.6
nn_32_relu,[32],ReLU,5,10,2,1.0,1000,800,0.3777777777777777,0.0342681572079364,0.0002508620758413,3.572253700000146,-974848,2100,2100,16800,8400,54.3,0.0
mle,,,5,10,2,1.0,1400,1120,0.3777777777777777,0.0171105934796813,0.0001207475260522,0.0182146000001921,0,70,35,560,560,,
nn_linear,[],linear,5,10,2,1.0,1400,1120,0.3777777777777777,0.1050820282539849,0.0011392851782123,8.956895499999973,-3641344,90,90,720,360,143.4,0.3
nn_32_relu,[32],ReLU,5,10,2,1.0,1400,1120,0.3777777777777777,0.0297500076004599,0.0001429678407427,4.502956899999845,-786432,2100,2100,16800,8400,49.9,0.0
mle,,,1,10,4,0.1,600,480,0.6666666666666666,0.1184618204151886,0.0084144229280789,0.0260479999997187,0,222,111,1776,1776,,
nn_linear,[],linear,1,10,4,0.1,600,480,0.6666666666666666,0.5312920134867625,0.005854867447908,5.759832799999913,-4186112,142,142,1136,568,200.0,1.0
nn_32_relu,[32],ReLU,1,10,4,0.1,600,480,0.6666666666666666,0.0621357023089383,0.0058509053755028,4.498568500000147,-1634304,2932,2932,23456,11728,108.6,0.2
mle,,,1,10,4,0.1,1000,800,0.6666666666666666,0.1297124721210734,0.0112395794632252,0.0253271000001404,0,222,111,1776,1776,,
nn_linear,[],linear,1,10,4,0.1,1000,800,0.6666666666666666,0.1806835750158831,0.0064640305826101,8.292474399999719,-4186112,142,142,1136,568,182.6,0.8
nn_32_relu,[32],ReLU,1,10,4,0.1,1000,800,0.6666666666666666,0.0618413498141522,0.0103464016243587,9.476307200000065,-1601536,2932,2932,23456,11728,142.4,0.4
mle,,,1,10,4,0.1,1400,1120,0.6666666666666666,0.0561219889707219,0.0015616259182494,0.0291799999999966,0,222,111,1776,1776,,
nn_linear,[],linear,1,10,4,0.1,1400,1120,0.6666666666666666,0.1284464472620849,0.0069394454767076,12.159968299999946,-3645440,142,142,1136,568,194.7,0.9
nn_32_relu,[32],ReLU,1,10,4,0.1,1400,1120,0.6666666666666666,0.0473839176374126,0.0096923369673224,11.413945499999954,-1441792,2932,2932,23456,11728,125.8,0.1
mle,,,2,10,4,0.1,600,480,0.6666666666666666,0.3507250525453676,0.0177455473800766,0.0280935999999201,0,222,111,1776,1776,,
nn_linear,[],linear,2,10,4,0.1,600,480,0.6666666666666666,0.8146991949281581,0.0092047743890128,5.775831100000232,-3846144,142,142,1136,568,200.0,1.0
nn_32_relu,[32],ReLU,2,10,4,0.1,600,480,0.6666666666666666,0.0968510108858024,0.0072263567495784,7.157916099999966,-1589248,2932,2932,23456,11728,159.9,0.6
mle,,,2,10,4,0.1,1000,800,0.6666666666666666,0.2530383814534909,0.014811182723803,0.0251003000003038,0,222,111,1776,1776,,
nn_linear,[],linear,2,10,4,0.1,1000,800,0.6666666666666666,0.3710290003925067,0.0099938183270901,8.795759500000258,-4935680,142,142,1136,568,191.1,0.8
nn_32_relu,[32],ReLU,2,10,4,0.1,1000,800,0.6666666666666666,0.0592015559760217,0.0040973746669804,9.396601400000236,-1433600,2932,2932,23456,11728,139.5,0.2
mle,,,2,10,4,0.1,1400,1120,0.6666666666666666,0.1636407462668947,0.0117160484305365,0.023670999999922,0,222,111,1776,1776,,
nn_linear,[],linear,2,10,4,0.1,1400,1120,0.6666666666666666,0.3134144378758888,0.0099348157785607,11.94278949999989,-3858432,142,142,1136,568,190.9,0.8
nn_32_relu,[32],ReLU,2,10,4,0.1,1400,1120,0.6666666666666666,0.0470712853715928,0.0029784953559114,10.176980099999582,-1449984,2932,2932,23456,11728,111.8,0.2
mle,,,3,10,4,0.1,600,480,0.6666666666666666,0.0464206455887264,0.0015654924866685,0.0279551999997238,0,222,111,1776,1776,,
nn_linear,[],linear,3,10,4,0.1,600,480,0.6666666666666666,0.3517899302491173,0.0048847644571242,5.1990222000004,-4014080,142,142,1136,568,181.5,0.8
nn_32_relu,[32],ReLU,3,10,4,0.1,600,480,0.6666666666666666,0.0435816558301995,0.0068142820236566,6.8768975999996655,-1650688,2932,2932,23456,11728,167.0,0.5
mle,,,3,10,4,0.1,1000,800,0.6666666666666666,0.0400011594583697,0.006637098173066,0.0270520999997643,0,222,111,1776,1776,,
nn_linear,[],linear,3,10,4,0.1,1000,800,0.6666666666666666,0.228537630641308,0.004413122742279,8.84086120000029,-4849664,142,142,1136,568,192.0,0.9
nn_32_relu,[32],ReLU,3,10,4,0.1,1000,800,0.6666666666666666,0.0177440708069775,0.0022591576926682,10.464210399999956,-1511424,2932,2932,23456,11728,152.4,0.5
mle,,,3,10,4,0.1,1400,1120,0.6666666666666666,0.0245163678003173,0.0066217303298321,0.0284381999999823,0,222,111,1776,1776,,
nn_linear,[],linear,3,10,4,0.1,1400,1120,0.6666666666666666,0.1623423706239123,0.0049297456366312,11.870700399999803,-3436544,142,142,1136,568,188.8,0.9
nn_32_relu,[32],ReLU,3,10,4,0.1,1400,1120,0.6666666666666666,0.0116904613558145,0.0018630957460888,12.638191399999869,-1527808,2932,2932,23456,11728,137.5,0.3
mle,,,4,10,4,0.1,600,480,0.6666666666666666,0.2103078571212359,0.0079256676405123,0.0237342999998873,0,222,111,1776,1776,,
nn_linear,[],linear,4,10,4,0.1,600,480,0.6666666666666666,0.825528789548077,0.0094956855224885,5.822397899999942,-4861952,142,142,1136,568,200.0,1.0
nn_32_relu,[32],ReLU,4,10,4,0.1,600,480,0.6666666666666666,0.0883860736049683,0.0042216506323246,6.872585699999945,-1712128,2932,2932,23456,11728,165.8,0.7
mle,,,4,10,4,0.1,1000,800,0.6666666666666666,0.1611779000658585,0.0112625988045549,0.0251813999998375,0,222,111,1776,1776,,
nn_linear,[],linear,4,10,4,0.1,1000,800,0.6666666666666666,0.5851948498916557,0.0101092631457615,8.41803979999986,-4374528,142,142,1136,568,184.8,0.8
nn_32_relu,[32],ReLU,4,10,4,0.1,1000,800,0.6666666666666666,0.047560832380164,0.0041510003782358,8.73311560000002,-1728512,2932,2932,23456,11728,131.1,0.4
mle,,,4,10,4,0.1,1400,1120,0.6666666666666666,0.0892426616003939,0.0086262851630077,0.0254764999999679,0,222,111,1776,1776,,
nn_linear,[],linear,4,10,4,0.1,1400,1120,0.6666666666666666,0.5080813110261417,0.0114336082006645,11.166938500000017,-3448832,142,142,1136,568,178.7,0.8
nn_32_relu,[32],ReLU,4,10,4,0.1,1400,1120,0.6666666666666666,0.0437269231260453,0.0043933684893417,12.18382470000006,-1527808,2932,2932,23456,11728,134.3,0.4
mle,,,5,10,4,0.1,600,480,0.6666666666666666,0.2925252445385675,0.0021546152116899,0.0247595999999248,0,222,111,1776,1776,,
nn_linear,[],linear,5,10,4,0.1,600,480,0.6666666666666666,0.6449638908085068,0.008426988061522,5.274333200000001,-4734976,142,142,1136,568,183.1,0.9
nn_32_relu,[32],ReLU,5,10,4,0.1,600,480,0.6666666666666666,0.0448633603988775,0.0001764112022816,6.428953000000092,-1777664,2932,2932,23456,11728,153.6,0.5
mle,,,5,10,4,0.1,1000,800,0.6666666666666666,0.0626824381074295,0.0007506020450344,0.0266962000000603,0,222,111,1776,1776,,
nn_linear,[],linear,5,10,4,0.1,1000,800,0.6666666666666666,0.4696137795318302,0.0092071941159414,8.25302610000017,-6127616,142,142,1136,568,179.7,0.8
nn_32_relu,[32],ReLU,5,10,4,0.1,1000,800,0.6666666666666666,0.0264056570801887,0.0008796055301045,10.11891199999991,-1552384,2932,2932,23456,11728,147.7,0.3
mle,,,5,10,4,0.1,1400,1120,0.6666666666666666,0.0250648980492706,0.0007217650584528,0.0252807000001666,0,222,111,1776,1776,,
nn_linear,[],linear,5,10,4,0.1,1400,1120,0.6666666666666666,0.368135777685982,0.0090122869892961,11.252591200000095,-3862528,142,142,1136,568,179.9,0.8
nn_32_relu,[32],ReLU,5,10,4,0.1,1400,1120,0.6666666666666666,0.0206586953887428,0.0001840055463247,9.611466099999689,-1548288,2932,2932,23456,11728,104.3,0.0
mle,,,1,10,4,0.5,600,480,0.6666666666666666,0.5366829414909738,0.0173202803635672,0.026401000000078,0,222,111,1776,1776,,
nn_linear,[],linear,1,10,4,0.5,600,480,0.6666666666666666,1.1063800957371333,0.0067900765050092,4.396591499999886,-4071424,142,142,1136,568,151.8,0.3
nn_32_relu,[32],ReLU,1,10,4,0.5,600,480,0.6666666666666666,0.1432088544953864,0.0021571966095892,5.09459730000026,-1605632,2932,2932,23456,11728,122.9,0.1
mle,,,1,10,4,0.5,1000,800,0.6666666666666666,0.2656317629029344,0.0106368334813527,0.0231066999999711,0,222,111,1776,1776,,
nn_linear,[],linear,1,10,4,0.5,1000,800,0.6666666666666666,0.918566247289202,0.006833397179379,6.672007599999688,-4874240,142,142,1136,568,146.0,0.2
nn_32_relu,[32],ReLU,1,10,4,0.5,1000,800,0.6666666666666666,0.0671493248179562,0.0013954538258178,8.106386699999803,-1736704,2932,2932,23456,11728,123.0,0.2
mle,,,1,10,4,0.5,1400,1120,0.6666666666666666,0.1339427292690465,0.0038201665790734,0.0226251000003685,0,222,111,1776,1776,,
nn_linear,[],linear,1,10,4,0.5,1400,1120,0.6666666666666666,0.8818706887370321,0.0071989906267809,9.983283800000208,-4206592,142,142,1136,568,159.5,0.4
nn_32_relu,[32],ReLU,1,10,4,0.5,1400,1120,0.6666666666666666,0.0429375619338171,0.0008054912982681,11.35762899999918,-1581056,2932,2932,23456,11728,124.8,0.2
mle,,,2,10,4,0.5,600,480,0.6666666666666666,0.7472615694955004,0.0194477748455862,0.0226321000000098,0,222,111,1776,1776,,
nn_linear,[],linear,2,10,4,0.5,600,480,0.6666666666666666,1.1345182990508442,0.0080957434796127,4.137432200000148,-3624960,142,142,1136,568,144.9,0.4
nn_32_relu,[32],ReLU,2,10,4,0.5,600,480,0.6666666666666666,0.1425986024310445,0.0016081040350538,5.963504599999396,-1650688,2932,2932,23456,11728,143.9,0.4
mle,,,2,10,4,0.5,1000,800,0.6666666666666666,0.3197871124901857,0.0129140563004525,0.0241040999999313,0,222,111,1776,1776,,
nn_linear,[],linear,2,10,4,0.5,1000,800,0.6666666666666666,1.0505172865447705,0.0082737196603785,6.185763899999984,-4907008,142,142,1136,568,135.1,0.3
nn_32_relu,[32],ReLU,2,10,4,0.5,1000,800,0.6666666666666666,0.0915644588888914,0.0015971094323772,7.62733229999958,-1429504,2932,2932,23456,11728,114.1,0.2
mle,,,2,10,4,0.5,1400,1120,0.6666666666666666,0.2063936645559955,0.0089495544052217,0.0251785999998901,0,222,111,1776,1776,,
nn_linear,[],linear,2,10,4,0.5,1400,1120,0.6666666666666666,1.036473623767692,0.0083067565210013,7.66544309999972,-3489792,142,142,1136,568,122.2,0.0
nn_32_relu,[32],ReLU,2,10,4,0.5,1400,1120,0.6666666666666666,0.0668804656969267,0.0011544405076714,10.476590899999792,-1564672,2932,2932,23456,11728,114.8,0.1
mle,,,3,10,4,0.5,600,480,0.6666666666666666,0.3519000058063095,0.0134223555541489,0.025746600000275,0,222,111,1776,1776,,
nn_linear,[],linear,3,10,4,0.5,600,480,0.6666666666666666,0.7267096415756261,0.0079628818351332,4.366143999999622,-4476928,142,142,1136,568,151.3,0.6
nn_32_relu,[32],ReLU,3,10,4,0.5,600,480,0.6666666666666666,0.170043100603369,0.0029048989645401,4.398134400000345,-1597440,2932,2932,23456,11728,106.0,0.0
mle,,,3,10,4,0.5,1000,800,0.6666666666666666,0.2435683301894551,0.0117677768688177,0.0251011999998809,0,222,111,1776,1776,,
nn_linear,[],linear,3,10,4,0.5,1000,800,0.6666666666666666,0.6345754679579199,0.0083514516309018,6.753068900000471,-4857856,142,142,1136,568,148.9,0.4
nn_32_relu,[32],ReLU,3,10,4,0.5,1000,800,0.6666666666666666,0.0925460587266091,0.0025743815228059,7.357416499999999,-1646592,2932,2932,23456,11728,110.5,0.1
mle,,,3,10,4,0.5,1400,1120,0.6666666666666666,0.2282229747561632,0.0086100767872818,0.0240384000007907,0,222,111,1776,1776,,
nn_linear,[],linear,3,10,4,0.5,1400,1120,0.6666666666666666,0.616066208208641,0.0087438332261836,9.42306599999938,-3158016,142,142,1136,568,151.2,0.4
nn_32_relu,[32],ReLU,3,10,4,0.5,1400,1120,0.6666666666666666,0.0362121910658271,0.0017191566529,10.879044799999974,-1470464,2932,2932,23456,11728,120.1,0.2
mle,,,4,10,4,0.5,600,480,0.6666666666666666,0.7686318300106982,0.017415201170932,0.0226818000001003,0,222,111,1776,1776,,
nn_linear,[],linear,4,10,4,0.5,600,480,0.6666666666666666,1.3087420915163182,0.0107779474952818,4.760718499999712,-4280320,142,142,1136,568,164.6,0.6
nn_32_relu,[32],ReLU,4,10,4,0.5,600,480,0.6666666666666666,0.1648456775538013,0.0023581482721448,5.366235499999675,-1642496,2932,2932,23456,11728,131.1,0.3
mle,,,4,10,4,0.5,1000,800,0.6666666666666666,0.5023365703101743,0.0135837917248858,0.0241753999998763,0,222,111,1776,1776,,
nn_linear,[],linear,4,10,4,0.5,1000,800,0.6666666666666666,1.2778794060999552,0.0106132898590475,5.869020599999203,-4911104,142,142,1136,568,128.6,0.2
nn_32_relu,[32],ReLU,4,10,4,0.5,1000,800,0.6666666666666666,0.1086126161416301,0.0014292817726139,8.1488460999999,-1466368,2932,2932,23456,11728,122.5,0.1
mle,,,4,10,4,0.5,1400,1120,0.6666666666666666,0.299094865094709,0.0111446523000601,0.0259668000007877,0,222,111,1776,1776,,
nn_linear,[],linear,4,10,4,0.5,1400,1120,0.6666666666666666,1.2612081616568884,0.0097343614084488,7.27231380000012,-3440640,142,142,1136,568,116.9,0.1
nn_32_relu,[32],ReLU,4,10,4,0.5,1400,1120,0.6666666666666666,0.0616200938664674,0.0007856148200334,10.383386200000132,-1748992,2932,2932,23456,11728,113.3,0.1
mle,,,5,10,4,0.5,600,480,0.6666666666666666,1.1803536677302244,0.0383184349361413,0.0235618999995494,0,222,111,1776,1776,,
nn_linear,[],linear,5,10,4,0.5,600,480,0.6666666666666666,0.768453835737543,0.0079092350473788,4.714785999999549,-4354048,142,142,1136,568,165.6,0.6
nn_32_relu,[32],ReLU,5,10,4,0.5,600,480,0.6666666666666666,0.1820676635090912,0.0045573929521265,4.329516600000716,-1888256,2932,2932,23456,11728,99.6,0.1
mle,,,5,10,4,0.5,1000,800,0.6666666666666666,0.763587055815035,0.029427199217425,0.0233172999996895,0,222,111,1776,1776,,
nn_linear,[],linear,5,10,4,0.5,1000,800,0.6666666666666666,0.6884988018014674,0.0076948102598713,7.795874000000367,-6123520,142,142,1136,568,170.8,0.6
nn_32_relu,[32],ReLU,5,10,4,0.5,1000,800,0.6666666666666666,0.1286619688572229,0.0039491358075391,6.05714369999987,-1486848,2932,2932,23456,11728,91.5,0.0
mle,,,5,10,4,0.5,1400,1120,0.6666666666666666,0.6478325330266343,0.0253575192233135,0.0237593000001652,0,222,111,1776,1776,,
nn_linear,[],linear,5,10,4,0.5,1400,1120,0.6666666666666666,0.6747641106519644,0.0079886453361641,9.666532700000062,-3825664,142,142,1136,568,152.9,0.4
nn_32_relu,[32],ReLU,5,10,4,0.5,1400,1120,0.6666666666666666,0.0883780781987164,0.0028078137788748,11.823611800000435,-1515520,2932,2932,23456,11728,128.7,0.3
mle,,,1,10,4,1.0,600,480,0.6666666666666666,1.0277479772511613,0.0275594360120166,0.0251678000004176,0,222,111,1776,1776,,
nn_linear,[],linear,1,10,4,1.0,600,480,0.6666666666666666,0.9369446526716322,0.0061336433960483,4.682482799999889,-4030464,142,142,1136,568,162.4,0.5
nn_32_relu,[32],ReLU,1,10,4,1.0,600,480,0.6666666666666666,0.1606155844623153,0.0036623572293131,6.0369588000003205,-1597440,2932,2932,23456,11728,146.1,0.4
mle,,,1,10,4,1.0,1000,800,0.6666666666666666,0.500753503542026,0.0128450419554574,0.0270405999999638,0,222,111,1776,1776,,
nn_linear,[],linear,1,10,4,1.0,1000,800,0.6666666666666666,0.7068753837877794,0.0060378717696186,5.6185816000006525,-4866048,142,142,1136,568,123.7,0.3
nn_32_relu,[32],ReLU,1,10,4,1.0,1000,800,0.6666666666666666,0.105688798265024,0.001760144577693,8.253156200000376,-1720320,2932,2932,23456,11728,124.4,0.1
mle,,,1,10,4,1.0,1400,1120,0.6666666666666666,0.227458246945693,0.0115385184968039,0.0259838000001764,0,222,111,1776,1776,,
nn_linear,[],linear,1,10,4,1.0,1400,1120,0.6666666666666666,0.6848351229078701,0.0062435528245532,7.924639699999716,-3633152,142,142,1136,568,127.6,0.2
nn_32_relu,[32],ReLU,1,10,4,1.0,1400,1120,0.6666666666666666,0.0692679625976797,0.0017949872695423,13.273034600000756,-1712128,2932,2932,23456,11728,145.3,0.4
mle,,,2,10,4,1.0,600,480,0.6666666666666666,1.5613975972231449,0.0300054051368256,0.0233349000000089,0,222,111,1776,1776,,
nn_linear,[],linear,2,10,4,1.0,600,480,0.6666666666666666,0.6763593463453758,0.0062126362338705,4.284454599999663,-4861952,142,142,1136,568,146.2,0.4
nn_32_relu,[32],ReLU,2,10,4,1.0,600,480,0.6666666666666666,0.2184134635676466,0.0030964583709059,4.085607600000003,-1851392,2932,2932,23456,11728,97.9,0.1
mle,,,2,10,4,1.0,1000,800,0.6666666666666666,0.4323501016043489,0.0178684727413897,0.023019899999781,0,222,111,1776,1776,,
nn_linear,[],linear,2,10,4,1.0,1000,800,0.6666666666666666,0.5248901004238036,0.0058288184281427,6.050194200000078,-4513792,142,142,1136,568,132.3,0.3
nn_32_relu,[32],ReLU,2,10,4,1.0,1000,800,0.6666666666666666,0.1007252583954518,0.0016344796292257,7.968713799999932,-1527808,2932,2932,23456,11728,119.8,0.1
mle,,,2,10,4,1.0,1400,1120,0.6666666666666666,0.2309999298425208,0.014274537949573,0.0246109999998225,0,222,111,1776,1776,,
nn_linear,[],linear,2,10,4,1.0,1400,1120,0.6666666666666666,0.5125038552744665,0.006019645657926,8.416241599999921,-3833856,142,142,1136,568,133.7,0.2
nn_32_relu,[32],ReLU,2,10,4,1.0,1400,1120,0.6666666666666666,0.0586260306774667,0.0013091734835519,10.778004599999804,-1462272,2932,2932,23456,11728,118.6,0.2
mle,,,3,10,4,1.0,600,480,0.6666666666666666,0.6447826245330393,0.0203440649725989,0.0231556999997337,0,222,111,1776,1776,,
nn_linear,[],linear,3,10,4,1.0,600,480,0.6666666666666666,1.0106925617609808,0.0043730110343183,3.3936516000003394,-3977216,142,142,1136,568,115.8,0.1
nn_32_relu,[32],ReLU,3,10,4,1.0,600,480,0.6666666666666666,0.2034871104882352,0.0020787368248605,4.350105299999996,-1609728,2932,2932,23456,11728,105.0,0.2
mle,,,3,10,4,1.0,1000,800,0.6666666666666666,0.2792769387972045,0.0108029626545096,0.02683049999996,0,222,111,1776,1776,,
nn_linear,[],linear,3,10,4,1.0,1000,800,0.6666666666666666,0.9793760499228662,0.004402480947687,4.422059699999409,-4964352,142,142,1136,568,97.8,0.1
nn_32_relu,[32],ReLU,3,10,4,1.0,1000,800,0.6666666666666666,0.1008549557024959,0.0010723560733288,7.448013400000491,-1486848,2932,2932,23456,11728,112.2,0.3
mle,,,3,10,4,1.0,1400,1120,0.6666666666666666,0.1407468577146389,0.0075108598327566,0.0245060999995985,0,222,111,1776,1776,,
nn_linear,[],linear,3,10,4,1.0,1400,1120,0.6666666666666666,0.9921819551580392,0.0042886215342526,5.023811500000193,-3534848,142,142,1136,568,80.2,0.0
nn_32_relu,[32],ReLU,3,10,4,1.0,1400,1120,0.6666666666666666,0.0699131651917436,0.000714947151495,10.34886700000061,-1486848,2932,2932,23456,11728,113.3,0.3
mle,,,4,10,4,1.0,600,480,0.6666666666666666,0.8146659054845602,0.0182152324964137,0.0259888000000501,0,222,111,1776,1776,,
nn_linear,[],linear,4,10,4,1.0,600,480,0.6666666666666666,0.7723477438106788,0.0044756377124466,4.163119099999676,-4599808,142,142,1136,568,144.6,0.2
nn_32_relu,[32],ReLU,4,10,4,1.0,600,480,0.6666666666666666,0.1866515014330916,0.0018395259717157,5.105863699999645,-2002944,2932,2932,23456,11728,123.0,0.3
mle,,,4,10,4,1.0,1000,800,0.6666666666666666,0.1723489790612634,0.0050070232300219,0.0263402999999016,0,222,111,1776,1776,,
nn_linear,[],linear,4,10,4,1.0,1000,800,0.6666666666666666,0.7772867827607687,0.0045969745959723,4.898643000000448,-4513792,142,142,1136,568,107.6,0.1
nn_32_relu,[32],ReLU,4,10,4,1.0,1000,800,0.6666666666666666,0.089831110596891,0.0008054328691547,8.48391829999946,-1445888,2932,2932,23456,11728,128.3,0.2
mle,,,4,10,4,1.0,1400,1120,0.6666666666666666,0.1877606075412592,0.0056825447027713,0.0267580999998244,0,222,111,1776,1776,,
nn_linear,[],linear,4,10,4,1.0,1400,1120,0.6666666666666666,0.7583997488297203,0.0045231828385796,6.349718000000394,-3477504,142,142,1136,568,101.8,0.1
nn_32_relu,[32],ReLU,4,10,4,1.0,1400,1120,0.6666666666666666,0.0730650314062842,0.0008669114352516,8.43361399999958,-1568768,2932,2932,23456,11728,93.1,0.0
mle,,,5,10,4,1.0,600,480,0.6666666666666666,0.4940112948455071,0.0255257893390243,0.0229902000000947,0,222,111,1776,1776,,
nn_linear,[],linear,5,10,4,1.0,600,480,0.6666666666666666,0.8708977443365511,0.006063526313475,2.6886048999995182,-3833856,142,142,1136,568,91.8,0.1
nn_32_relu,[32],ReLU,5,10,4,1.0,600,480,0.6666666666666666,0.2692472800589667,0.0024611241703025,3.828638999999384,-2072576,2932,2932,23456,11728,93.0,0.1
mle,,,5,10,4,1.0,1000,800,0.6666666666666666,0.2721167625625845,0.0149633262769258,0.0264031999995495,0,222,111,1776,1776,,
nn_linear,[],linear,5,10,4,1.0,1000,800,0.6666666666666666,0.7030211591283058,0.0052432529414845,5.555081999999857,-5505024,142,142,1136,568,122.5,0.1
nn_32_relu,[32],ReLU,5,10,4,1.0,1000,800,0.6666666666666666,0.0824883519440067,0.0008814392841374,6.363424200000736,-1482752,2932,2932,23456,11728,95.3,0.1
mle,,,5,10,4,1.0,1400,1120,0.6666666666666666,0.1830709876949662,0.0058053846617717,0.0251858999999967,0,222,111,1776,1776,,
nn_linear,[],linear,5,10,4,1.0,1400,1120,0.6666666666666666,0.709381080255609,0.0053560209852164,6.951806099999885,-3620864,142,142,1136,568,110.2,0.2
nn_32_relu,[32],ReLU,5,10,4,1.0,1400,1120,0.6666666666666666,0.0892940752441937,0.001010282171437,6.752338299999792,-1675264,2932,2932,23456,11728,73.7,0.0
mle,,,1,10,6,0.1,600,480,0.8666666666666667,0.3598641361246714,0.0137360566413573,0.029235900000458,40960,638,319,5104,5104,,
nn_linear,[],linear,1,10,6,0.1,600,480,0.8666666666666667,0.5438416136716795,0.0120245561807873,5.290248899999824,-3715072,178,178,1424,712,182.1,0.8
nn_32_relu,[32],ReLU,1,10,6,0.1,600,480,0.8666666666666667,0.2413658364273535,0.0177288872331477,4.911702000000332,-2158592,3508,3508,28064,14032,118.8,0.2
mle,,,1,10,6,0.1,1000,800,0.8666666666666667,0.2361965474367276,0.0164612150465003,0.0273173999994469,0,638,319,5104,5104,,
nn_linear,[],linear,1,10,6,0.1,1000,800,0.8666666666666667,0.3260854294273377,0.0116932141469405,8.718164799999613,-5615616,178,178,1424,712,191.1,0.8
nn_32_relu,[32],ReLU,1,10,6,0.1,1000,800,0.8666666666666667,0.0905002078443825,0.0072885773906452,8.531274699999813,-2514944,3508,3508,28064,14032,126.7,0.2
mle,,,1,10,6,0.1,1400,1120,0.8666666666666667,0.1318212022515926,0.0092124066224044,0.029378700000052,0,638,319,5104,5104,,
nn_linear,[],linear,1,10,6,0.1,1400,1120,0.8666666666666667,0.2841415547433517,0.0121291283855115,11.485665199999858,-3121152,178,178,1424,712,182.4,0.8
nn_32_relu,[32],ReLU,1,10,6,0.1,1400,1120,0.8666666666666667,0.0551716909940908,0.0028315863004974,11.127717999999732,-2056192,3508,3508,28064,14032,120.6,0.0
mle,,,2,10,6,0.1,600,480,0.8666666666666667,0.1908177172699372,0.0098156082253126,0.0294607000005271,0,638,319,5104,5104,,
nn_linear,[],linear,2,10,6,0.1,600,480,0.8666666666666667,0.4586312841254168,0.0061119897340948,5.049339200000759,-5431296,178,178,1424,712,174.0,0.8
nn_32_relu,[32],ReLU,2,10,6,0.1,600,480,0.8666666666666667,0.0417193742534756,0.0035782991079097,6.75607189999937,-1994752,3508,3508,28064,14032,164.2,0.7
mle,,,2,10,6,0.1,1000,800,0.8666666666666667,0.1784782862560684,0.00977155298632,0.028972000000067,0,638,319,5104,5104,,
nn_linear,[],linear,2,10,6,0.1,1000,800,0.8666666666666667,0.2535187900048912,0.0060870771986067,7.913999800000056,-3883008,178,178,1424,712,173.6,0.7
nn_32_relu,[32],ReLU,2,10,6,0.1,1000,800,0.8666666666666667,0.0330283759723975,0.0030521537703344,9.805657500000052,-1806336,3508,3508,28064,14032,145.2,0.5
mle,,,2,10,6,0.1,1400,1120,0.8666666666666667,0.1748680581476101,0.0132771740071469,0.0274320999997144,0,638,319,5104,5104,,
nn_linear,[],linear,2,10,6,0.1,1400,1120,0.8666666666666667,0.1782954559111942,0.0072629393631965,9.548425099999804,-3436544,178,178,1424,712,152.3,0.5
nn_32_relu,[32],ReLU,2,10,6,0.1,1400,1120,0.8666666666666667,0.0593745376389672,0.0033698421666897,7.1007848999997805,-1908736,3508,3508,28064,14032,77.1,0.1
mle,,,3,10,6,0.1,600,480,0.8666666666666667,0.1110476030080263,0.0048169127900401,0.0301993000002767,0,638,319,5104,5104,,
nn_linear,[],linear,3,10,6,0.1,600,480,0.8666666666666667,0.4268484132423089,0.0014200068860159,5.080088499999874,-6664192,178,178,1424,712,177.0,0.8
nn_32_relu,[32],ReLU,3,10,6,0.1,600,480,0.8666666666666667,0.0149718444196424,0.0017308085586109,6.084789099999398,-2416640,3508,3508,28064,14032,147.0,0.5
mle,,,3,10,6,0.1,1000,800,0.8666666666666667,0.0223356646027349,0.0047096281625987,0.0270934000000124,0,638,319,5104,5104,,
nn_linear,[],linear,3,10,6,0.1,1000,800,0.8666666666666667,0.1878977661862873,0.0015262402572639,7.898108100000172,-4448256,178,178,1424,712,170.8,0.8
nn_32_relu,[32],ReLU,3,10,6,0.1,1000,800,0.8666666666666667,0.0108245124051364,0.001754439209165,8.606845399999656,-1904640,3508,3508,28064,14032,129.9,0.2
mle,,,3,10,6,0.1,1400,1120,0.8666666666666667,0.0218828947937828,0.0047095638406344,0.0333526000003985,0,638,319,5104,5104,,
nn_linear,[],linear,3,10,6,0.1,1400,1120,0.8666666666666667,0.0563973468221963,0.0015548730066251,10.625956100000622,-3358720,178,178,1424,712,169.1,0.8
nn_32_relu,[32],ReLU,3,10,6,0.1,1400,1120,0.8666666666666667,0.0078691051348016,0.0023389561177397,10.863041100000371,-2445312,3508,3508,28064,14032,118.3,0.0
mle,,,4,10,6,0.1,600,480,0.8666666666666667,0.216354065896213,0.0124352929313428,0.0270548999997117,0,638,319,5104,5104,,
nn_linear,[],linear,4,10,6,0.1,600,480,0.8666666666666667,0.270776109310199,0.0082345362166973,5.772355299999617,-6909952,178,178,1424,712,200.0,1.0
nn_32_relu,[32],ReLU,4,10,6,0.1,600,480,0.8666666666666667,0.0724582343514057,0.0082091187340099,6.512316600000304,-2387968,3508,3508,28064,14032,157.0,0.3
mle,,,4,10,6,0.1,1000,800,0.8666666666666667,0.0914387359982857,0.0076481455327645,0.0267015999997966,0,638,319,5104,5104,,
nn_linear,[],linear,4,10,6,0.1,1000,800,0.8666666666666667,0.2797351046877909,0.0067360032357114,9.134152600000562,-4476928,178,178,1424,712,200.0,1.0
nn_32_relu,[32],ReLU,4,10,6,0.1,1000,800,0.8666666666666667,0.0436773403105092,0.0053076319135184,8.179440400000203,-2093056,3508,3508,28064,14032,124.6,0.1
mle,,,4,10,6,0.1,1400,1120,0.8666666666666667,0.1030101979962273,0.0082600268751259,0.0267794000001231,0,638,319,5104,5104,,
nn_linear,[],linear,4,10,6,0.1,1400,1120,0.8666666666666667,0.1603036180840149,0.0072005381303792,12.256904400000169,-2719744,178,178,1424,712,195.3,0.8
nn_32_relu,[32],ReLU,4,10,6,0.1,1400,1120,0.8666666666666667,0.0469349636444381,0.0057127502533612,12.32819550000022,-2318336,3508,3508,28064,14032,134.2,0.2
mle,,,5,10,6,0.1,600,480,0.8666666666666667,0.1207212919041603,0.0032094913723052,0.027097600000161,0,638,319,5104,5104,,
nn_linear,[],linear,5,10,6,0.1,600,480,0.8666666666666667,0.3252167249658445,0.0105801977881542,5.697402599999805,-6320128,178,178,1424,712,200.0,1.0
nn_32_relu,[32],ReLU,5,10,6,0.1,600,480,0.8666666666666667,0.1177254194307082,0.0158219305673167,6.653566200000569,-2568192,3508,3508,28064,14032,161.1,0.5
mle,,,5,10,6,0.1,1000,800,0.8666666666666667,0.105154889885634,0.0041978696397301,0.0282325999996828,0,638,319,5104,5104,,
nn_linear,[],linear,5,10,6,0.1,1000,800,0.8666666666666667,0.1626357952093021,0.0088726177991399,9.102843499999835,-5713920,178,178,1424,712,200.0,1.0
nn_32_relu,[32],ReLU,5,10,6,0.1,1000,800,0.8666666666666667,0.0730844531067829,0.0106601435542479,8.987090900000112,-1949696,3508,3508,28064,14032,135.3,0.3
mle,,,5,10,6,0.1,1400,1120,0.8666666666666667,0.0468635456167288,0.0035919633312784,0.0316662000004726,0,638,319,5104,5104,,
nn_linear,[],linear,5,10,6,0.1,1400,1120,0.8666666666666667,0.0892404690082223,0.0051844395835539,12.542501799999629,-2846720,178,178,1424,712,200.0,1.0
nn_32_relu,[32],ReLU,5,10,6,0.1,1400,1120,0.8666666666666667,0.0161057355132992,0.003315053184315,11.751810799999475,-1912832,3508,3508,28064,14032,128.9,0.2
mle,,,1,10,6,0.5,600,480,0.8666666666666667,1.5461341252326075,0.0384697440996852,0.0285113999998429,4096,638,319,5104,5104,,
nn_linear,[],linear,1,10,6,0.5,600,480,0.8666666666666667,1.3054404193768865,0.0089836207415204,3.93287859999964,-5386240,178,178,1424,712,136.6,0.2
nn_32_relu,[32],ReLU,1,10,6,0.5,600,480,0.8666666666666667,0.2225061511670055,0.0036333111499802,6.616713299999901,-2641920,3508,3508,28064,14032,161.4,0.5
mle,,,1,10,6,0.5,1000,800,0.8666666666666667,0.7602175742288575,0.0293813732946905,0.0268763999993097,0,638,319,5104,5104,,
nn_linear,[],linear,1,10,6,0.5,1000,800,0.8666666666666667,1.248551566299506,0.0106284449580515,6.016693800000212,-4591616,178,178,1424,712,131.5,0.2
nn_32_relu,[32],ReLU,1,10,6,0.5,1000,800,0.8666666666666667,0.1446488216928695,0.0028617306331174,8.913731499999813,-2543616,3508,3508,28064,14032,135.2,0.2
mle,,,1,10,6,0.5,1400,1120,0.8666666666666667,0.7387332345811914,0.029613312945645,0.0254468000002816,0,638,319,5104,5104,,
nn_linear,[],linear,1,10,6,0.5,1400,1120,0.8666666666666667,1.252319904657106,0.0115024588095684,8.589572300000327,-4026368,178,178,1424,712,136.9,0.1
nn_32_relu,[32],ReLU,1,10,6,0.5,1400,1120,0.8666666666666667,0.1423930669619591,0.0032622316730609,11.3086258000003,-2142208,3508,3508,28064,14032,124.3,0.3
mle,,,2,10,6,0.5,600,480,0.8666666666666667,2.122146994145531,0.047493493517026,0.0305542000005516,0,638,319,5104,5104,,
nn_linear,[],linear,2,10,6,0.5,600,480,0.8666666666666667,0.9949298581698324,0.0093943987460766,5.232995200000005,-6922240,178,178,1424,712,180.3,0.8
nn_32_relu,[32],ReLU,2,10,6,0.5,600,480,0.8666666666666667,0.2932128920770457,0.007468056353529,6.093505900000309,-2498560,3508,3508,28064,14032,147.3,0.2
mle,,,2,10,6,0.5,1000,800,0.8666666666666667,1.4244953227921082,0.0354273327876112,0.0295206000000689,0,638,319,5104,5104,,
nn_linear,[],linear,2,10,6,0.5,1000,800,0.8666666666666667,0.91793690178123,0.0079396787048954,7.706375199999456,-5705728,178,178,1424,712,167.8,0.6
nn_32_relu,[32],ReLU,2,10,6,0.5,1000,800,0.8666666666666667,0.1719505840008325,0.0043374605928906,8.011583900000005,-2842624,3508,3508,28064,14032,121.1,0.1
mle,,,2,10,6,0.5,1400,1120,0.8666666666666667,0.978375489998502,0.0320483317858424,0.0268887000001996,0,638,319,5104,5104,,
nn_linear,[],linear,2,10,6,0.5,1400,1120,0.8666666666666667,0.9122283413041022,0.0076122325682574,10.026956700000484,-3100672,178,178,1424,712,161.0,0.5
nn_32_relu,[32],ReLU,2,10,6,0.5,1400,1120,0.8666666666666667,0.1439781875379338,0.0046108570978443,10.584891900000002,-2629632,3508,3508,28064,14032,116.0,0.0
mle,,,3,10,6,0.5,600,480,0.8666666666666667,2.39149273349829,0.0609390670893342,0.0255116999996971,0,638,319,5104,5104,,
nn_linear,[],linear,3,10,6,0.5,600,480,0.8666666666666667,1.1395913917038945,0.0066967132451605,4.998514400000204,-6615040,178,178,1424,712,173.3,0.7
nn_32_relu,[32],ReLU,3,10,6,0.5,600,480,0.8666666666666667,0.2700358551005807,0.0059816591903045,5.882086600000548,-2535424,3508,3508,28064,14032,144.1,0.2
mle,,,3,10,6,0.5,1000,800,0.8666666666666667,1.327855726679413,0.0440079437341659,0.0258619000005637,0,638,319,5104,5104,,
nn_linear,[],linear,3,10,6,0.5,1000,800,0.8666666666666667,1.111532821307514,0.0072526209760215,7.605000300000029,-5754880,178,178,1424,712,166.7,0.5
nn_32_relu,[32],ReLU,3,10,6,0.5,1000,800,0.8666666666666667,0.2010530925102412,0.0050093110836023,7.973334600000271,-2052096,3508,3508,28064,14032,121.6,0.2
mle,,,3,10,6,0.5,1400,1120,0.8666666666666667,0.8212748301048661,0.0344275205083789,0.0309654999991835,0,638,319,5104,5104,,
nn_linear,[],linear,3,10,6,0.5,1400,1120,0.8666666666666667,1.1004812215951032,0.0071238878318809,8.793252700000266,-3354624,178,178,1424,712,139.5,0.2
nn_32_relu,[32],ReLU,3,10,6,0.5,1400,1120,0.8666666666666667,0.1348236690087303,0.0036389959810117,11.761348800000633,-2412544,3508,3508,28064,14032,129.8,0.3
mle,,,4,10,6,0.5,600,480,0.8666666666666667,2.673730751605591,0.0521520685376738,0.0284076999996614,0,638,319,5104,5104,,
nn_linear,[],linear,4,10,6,0.5,600,480,0.8666666666666667,1.6037519477672169,0.0085025339729321,3.035203100000217,-5701632,178,178,1424,712,105.3,0.0
nn_32_relu,[32],ReLU,4,10,6,0.5,600,480,0.8666666666666667,0.3433846519273399,0.005319245016699,5.922469999999521,-3080192,3508,3508,28064,14032,143.6,0.4
mle,,,4,10,6,0.5,1000,800,0.8666666666666667,2.0486708610341777,0.0476244457085581,0.0297545000003083,0,638,319,5104,5104,,
nn_linear,[],linear,4,10,6,0.5,1000,800,0.8666666666666667,1.5063183348441298,0.0084099643611342,5.020763700000316,-5861376,178,178,1424,712,109.7,0.1
nn_32_relu,[32],ReLU,4,10,6,0.5,1000,800,0.8666666666666667,0.2760119973637895,0.0053693874816371,7.376188599999295,-2080768,3508,3508,28064,14032,111.8,0.1
mle,,,4,10,6,0.5,1400,1120,0.8666666666666667,0.7724299932878316,0.0285844276680958,0.0298159000003579,0,638,319,5104,5104,,
nn_linear,[],linear,4,10,6,0.5,1400,1120,0.8666666666666667,1.4787043070059125,0.0089271550735316,8.344186499999523,-4980736,178,178,1424,712,133.1,0.0
nn_32_relu,[32],ReLU,4,10,6,0.5,1400,1120,0.8666666666666667,0.1632972376559155,0.0042603569334273,10.268337200000133,-1740800,3508,3508,28064,14032,113.4,0.2
mle,,,5,10,6,0.5,600,480,0.8666666666666667,1.7894221256106209,0.0337415547449073,0.0256814999993366,0,638,319,5104,5104,,
nn_linear,[],linear,5,10,6,0.5,600,480,0.8666666666666667,1.425176929400134,0.0064958261748135,4.778570599999512,-4497408,178,178,1424,712,168.1,0.5
nn_32_relu,[32],ReLU,5,10,6,0.5,600,480,0.8666666666666667,0.2848616493394855,0.0059156276446302,6.26004759999978,-2486272,3508,3508,28064,14032,151.8,0.4
mle,,,5,10,6,0.5,1000,800,0.8666666666666667,1.0872740252263084,0.0309964259846145,0.0272969999996348,0,638,319,5104,5104,,
nn_linear,[],linear,5,10,6,0.5,1000,800,0.8666666666666667,1.4030282605915316,0.0069647674955235,5.836183899999924,-5054464,178,178,1424,712,128.3,0.3
nn_32_relu,[32],ReLU,5,10,6,0.5,1000,800,0.8666666666666667,0.1682154231240456,0.0049348791025027,9.55067450000024,-1978368,3508,3508,28064,14032,143.6,0.4
mle,,,5,10,6,0.5,1400,1120,0.8666666666666667,0.9209070484154755,0.029584956392332,0.0259065999998711,0,638,319,5104,5104,,
nn_linear,[],linear,5,10,6,0.5,1400,1120,0.8666666666666667,1.407435952735795,0.0071851705809331,5.738720199999989,-4231168,178,178,1424,712,91.8,0.1
nn_32_relu,[32],ReLU,5,10,6,0.5,1400,1120,0.8666666666666667,0.1543227693826405,0.0038544756745246,10.645362600000226,-2162688,3508,3508,28064,14032,116.9,0.2
mle,,,1,10,6,1.0,600,480,0.8666666666666667,3.526929915868965,0.0810210881433172,0.0305864000001747,0,638,319,5104,5104,,
nn_linear,[],linear,1,10,6,1.0,600,480,0.8666666666666667,0.9705421140379258,0.0072408536005549,3.444225400000505,-5214208,178,178,1424,712,120.2,0.2
nn_32_relu,[32],ReLU,1,10,6,1.0,600,480,0.8666666666666667,0.3861908818345722,0.0050720612888878,4.506393600000592,-2433024,3508,3508,28064,14032,109.6,0.2
mle,,,1,10,6,1.0,1000,800,0.8666666666666667,1.5404986216834369,0.0432609923121784,0.0297850000006292,0,638,319,5104,5104,,
nn_linear,[],linear,1,10,6,1.0,1000,800,0.8666666666666667,0.9045151511148296,0.0077184498201412,4.453182299999753,-3006464,178,178,1424,712,97.5,0.2
nn_32_relu,[32],ReLU,1,10,6,1.0,1000,800,0.8666666666666667,0.2045105388630969,0.0036237695365861,7.521816299999955,-1990656,3508,3508,28064,14032,113.1,0.1
mle,,,1,10,6,1.0,1400,1120,0.8666666666666667,1.3164389983837583,0.0381864487543001,0.0278772000001481,0,638,319,5104,5104,,
nn_linear,[],linear,1,10,6,1.0,1400,1120,0.8666666666666667,0.8898234769285222,0.008414389031731,7.371486600000026,-2318336,178,178,1424,712,116.7,0.2
nn_32_relu,[32],ReLU,1,10,6,1.0,1400,1120,0.8666666666666667,0.1600050088421304,0.0038981755529823,12.172103699999752,-2195456,3508,3508,28064,14032,134.0,0.4
mle,,,2,10,6,1.0,600,480,0.8666666666666667,2.9890404484023265,0.0613684902861803,0.0271271999999953,0,638,319,5104,5104,,
nn_linear,[],linear,2,10,6,1.0,600,480,0.8666666666666667,0.7835237809116772,0.0048154002409081,3.909853699999985,-5042176,178,178,1424,712,134.3,0.3
nn_32_relu,[32],ReLU,2,10,6,1.0,600,480,0.8666666666666667,0.3244033738444679,0.0047886172041748,4.802621799999542,-2478080,3508,3508,28064,14032,116.6,0.3
mle,,,2,10,6,1.0,1000,800,0.8666666666666667,1.6374805916222708,0.0425874632929024,0.0252184000000852,0,638,319,5104,5104,,
nn_linear,[],linear,2,10,6,1.0,1000,800,0.8666666666666667,0.6965778346585136,0.0047247909184038,5.490891899999951,-4599808,178,178,1424,712,121.0,0.1
nn_32_relu,[32],ReLU,2,10,6,1.0,1000,800,0.8666666666666667,0.2147891059680378,0.0039069955439964,6.860982299999705,-2162688,3508,3508,28064,14032,104.7,0.0
mle,,,2,10,6,1.0,1400,1120,0.8666666666666667,0.9563223151897808,0.0299299823115968,0.0285298999997394,0,638,319,5104,5104,,
nn_linear,[],linear,2,10,6,1.0,1400,1120,0.8666666666666667,0.6908366157153283,0.0045855339877267,7.627874499999962,-2768896,178,178,1424,712,120.4,0.2
nn_32_relu,[32],ReLU,2,10,6,1.0,1400,1120,0.8666666666666667,0.1954124942043184,0.0036369263683196,9.473679800000356,-2199552,3508,3508,28064,14032,104.4,0.2
mle,,,3,10,6,1.0,600,480,0.8666666666666667,3.0814493805440164,0.0748714268485212,0.0293881999996301,0,638,319,5104,5104,,
nn_linear,[],linear,3,10,6,1.0,600,480,0.8666666666666667,0.7123304542302734,0.0057717921751417,4.397482599999421,-5070848,178,178,1424,712,154.9,0.3
nn_32_relu,[32],ReLU,3,10,6,1.0,600,480,0.8666666666666667,0.2635191088144348,0.0052606052100545,5.724018799999612,-2715648,3508,3508,28064,14032,139.2,0.1
mle,,,3,10,6,1.0,1000,800,0.8666666666666667,1.7824047016381857,0.0551589842465085,0.027484899999763,0,638,319,5104,5104,,
nn_linear,[],linear,3,10,6,1.0,1000,800,0.8666666666666667,0.654692414299145,0.0053581564347002,5.4147839999996,-5287936,178,178,1424,712,119.2,0.2
nn_32_relu,[32],ReLU,3,10,6,1.0,1000,800,0.8666666666666667,0.1841562581229613,0.0038780620819065,6.263609300000098,-1785856,3508,3508,28064,14032,95.1,0.0
mle,,,3,10,6,1.0,1400,1120,0.8666666666666667,1.5547672105589692,0.0536190582565642,0.0305131999994046,0,638,319,5104,5104,,
nn_linear,[],linear,3,10,6,1.0,1400,1120,0.8666666666666667,0.6451111586559197,0.0055503600955215,8.831135800000084,-2494464,178,178,1424,712,141.0,0.2
nn_32_relu,[32],ReLU,3,10,6,1.0,1400,1120,0.8666666666666667,0.1298342951008705,0.0033500854912187,9.167245499999808,-1908736,3508,3508,28064,14032,100.5,0.0
mle,,,4,10,6,1.0,600,480,0.8666666666666667,3.331924836832894,0.055239380725872,0.0277323000000251,0,638,319,5104,5104,,
nn_linear,[],linear,4,10,6,1.0,600,480,0.8666666666666667,0.9250903297361144,0.0041367291467381,3.492515099999764,-4288512,178,178,1424,712,122.6,0.1
nn_32_relu,[32],ReLU,4,10,6,1.0,600,480,0.8666666666666667,0.3739258552106711,0.0036254481445345,4.6900948000002245,-2957312,3508,3508,28064,14032,114.1,0.2
mle,,,4,10,6,1.0,1000,800,0.8666666666666667,1.8925473726524824,0.0408518441231136,0.0283606999992116,0,638,319,5104,5104,,
nn_linear,[],linear,4,10,6,1.0,1000,800,0.8666666666666667,0.9167576321323148,0.0042796460042588,4.438785100000132,-4554752,178,178,1424,712,96.2,0.0
nn_32_relu,[32],ReLU,4,10,6,1.0,1000,800,0.8666666666666667,0.2337770173735918,0.0026494917350964,8.787912200000392,-1679360,3508,3508,28064,14032,132.8,0.3
mle,,,4,10,6,1.0,1400,1120,0.8666666666666667,1.1607323155257814,0.0309927471461429,0.0310449000007793,0,638,319,5104,5104,,
nn_linear,[],linear,4,10,6,1.0,1400,1120,0.8666666666666667,0.8961738517808772,0.0041874234070019,6.160182800000257,-3616768,178,178,1424,712,98.5,0.0
nn_32_relu,[32],ReLU,4,10,6,1.0,1400,1120,0.8666666666666667,0.1990560801427945,0.0022331019492198,9.895362999999634,-1785856,3508,3508,28064,14032,108.9,0.2
mle,,,5,10,6,1.0,600,480,0.8666666666666667,3.011625598030188,0.0606608256766303,0.0262682000002314,0,638,319,5104,5104,,
nn_linear,[],linear,5,10,6,1.0,600,480,0.8666666666666667,0.9725692559284956,0.0061397503051899,4.453852599999664,-4829184,178,178,1424,712,154.4,0.4
nn_32_relu,[32],ReLU,5,10,6,1.0,600,480,0.8666666666666667,0.2919153615822466,0.0046608551457879,5.623823100000664,-2510848,3508,3508,28064,14032,136.5,0.3
mle,,,5,10,6,1.0,1000,800,0.8666666666666667,2.250155710522096,0.0539588380616992,0.0250098000005891,0,638,319,5104,5104,,
nn_linear,[],linear,5,10,6,1.0,1000,800,0.8666666666666667,0.9557697678585748,0.0066955354007108,5.030140799999572,-5148672,178,178,1424,712,109.9,0.1
nn_32_relu,[32],ReLU,5,10,6,1.0,1000,800,0.8666666666666667,0.2210629779408597,0.0036492466592298,7.573475999999573,-2232320,3508,3508,28064,14032,113.0,0.3
mle,,,5,10,6,1.0,1400,1120,0.8666666666666667,1.303398479552411,0.0367602529830177,0.0280078000005232,0,638,319,5104,5104,,
nn_linear,[],linear,5,10,6,1.0,1400,1120,0.8666666666666667,0.9599254594497506,0.0059783546325732,5.06405629999972,-2940928,178,178,1424,712,81.3,0.0
nn_32_relu,[32],ReLU,5,10,6,1.0,1400,1120,0.8666666666666667,0.1696556906783539,0.0033750872741294,11.748761099999683,-2203648,3508,3508,28064,14032,129.5,0.4
mle,,,1,10,8,0.1,600,480,0.9777777777777776,0.089022963665932,0.003372703020709,0.0335845999998127,0,1534,767,12272,12272,,
nn_linear,[],linear,1,10,8,0.1,600,480,0.9777777777777776,0.4420790100746076,0.0046963716323717,5.259957599999325,-6004736,198,198,1584,792,183.3,0.9
nn_32_relu,[32],ReLU,1,10,8,0.1,600,480,0.9777777777777776,0.0613844504067778,0.0059599266829543,4.807213299999603,-3133440,3828,3828,30624,15312,116.6,0.2
mle,,,1,10,8,0.1,1000,800,0.9777777777777776,0.0970123396696139,0.0122412381383961,0.0347274000005199,0,1534,767,12272,12272,,
nn_linear,[],linear,1,10,8,0.1,1000,800,0.9777777777777776,0.186816369425028,0.0035248872081078,8.78469049999967,-4222976,198,198,1584,792,193.5,0.9
nn_32_relu,[32],ReLU,1,10,8,0.1,1000,800,0.9777777777777776,0.0445099312424628,0.0065358546272328,8.580903900000521,-2781184,3828,3828,30624,15312,128.9,0.1
mle,,,1,10,8,0.1,1400,1120,0.9777777777777776,0.080459566100282,0.0122928230775921,0.0306997999996383,0,1534,767,12272,12272,,
nn_linear,[],linear,1,10,8,0.1,1400,1120,0.9777777777777776,0.1081192774014017,0.0039493709012809,12.105664900000193,-5201920,198,198,1584,792,192.6,0.8
nn_32_relu,[32],ReLU,1,10,8,0.1,1400,1120,0.9777777777777776,0.0324441213412636,0.005606447328583,11.699270400000389,-2777088,3828,3828,30624,15312,127.4,0.3
mle,,,2,10,8,0.1,600,480,0.9777777777777776,0.1189121997791441,0.0059518930181799,0.0325939000003927,0,1534,767,12272,12272,,
nn_linear,[],linear,2,10,8,0.1,600,480,0.9777777777777776,0.3364216508350286,0.0061283579880594,5.078153200000088,-6434816,198,198,1584,792,176.0,0.7
nn_32_relu,[32],ReLU,2,10,8,0.1,600,480,0.9777777777777776,0.0640180562427399,0.0063145006442385,5.875854699999763,-2744320,3828,3828,30624,15312,144.4,0.4
mle,,,2,10,8,0.1,1000,800,0.9777777777777776,0.0984184672213204,0.0070679161151133,0.0352455000002009,0,1534,767,12272,12272,,
nn_linear,[],linear,2,10,8,0.1,1000,800,0.9777777777777776,0.192584183043346,0.0057977969441349,8.834856800000125,-3321856,198,198,1584,792,195.8,0.9
nn_32_relu,[32],ReLU,2,10,8,0.1,1000,800,0.9777777777777776,0.0462188805409208,0.0068928898596013,9.624321300000702,-2908160,3828,3828,30624,15312,145.5,0.2
mle,,,2,10,8,0.1,1400,1120,0.9777777777777776,0.0703859382338087,0.0070047186445543,0.0343396999996912,12288,1534,767,12272,12272,,
nn_linear,[],linear,2,10,8,0.1,1400,1120,0.9777777777777776,0.0973212655820195,0.0052599042472384,12.430736899999827,-5066752,198,198,1584,792,198.2,0.9
nn_32_relu,[32],ReLU,2,10,8,0.1,1400,1120,0.9777777777777776,0.0267904176438386,0.0037679650949949,13.300294000000576,-2584576,3828,3828,30624,15312,145.0,0.2
mle,,,3,10,8,0.1,600,480,0.9777777777777776,0.0913345882766116,0.0056496019420746,0.034787800000231,0,1534,767,12272,12272,,
nn_linear,[],linear,3,10,8,0.1,600,480,0.9777777777777776,0.7373257905410437,0.0083825268016376,5.084954199999629,-5922816,198,198,1584,792,175.9,0.8
nn_32_relu,[32],ReLU,3,10,8,0.1,600,480,0.9777777777777776,0.0645013898511681,0.0064305414354885,6.814994600000318,-2912256,3828,3828,30624,15312,164.4,0.6
mle,,,3,10,8,0.1,1000,800,0.9777777777777776,0.0323628229907624,0.0015500724411758,0.0398712999995041,0,1534,767,12272,12272,,
nn_linear,[],linear,3,10,8,0.1,1000,800,0.9777777777777776,0.2698223254270082,0.0069822007273689,8.423041500000181,-3932160,198,198,1584,792,185.1,0.9
nn_32_relu,[32],ReLU,3,10,8,0.1,1000,800,0.9777777777777776,0.0326550706220101,0.0030365322637644,9.87706800000069,-2945024,3828,3828,30624,15312,148.4,0.5
mle,,,3,10,8,0.1,1400,1120,0.9777777777777776,0.030512383693294,0.0014298189745092,0.0358233999995718,0,1534,767,12272,12272,,
nn_linear,[],linear,3,10,8,0.1,1400,1120,0.9777777777777776,0.1778619111352313,0.0053185906088584,12.24873469999966,-5083136,198,198,1584,792,193.6,0.9
nn_32_relu,[32],ReLU,3,10,8,0.1,1400,1120,0.9777777777777776,0.0134772835161724,0.0040076896126403,13.467006900000342,-2719744,3828,3828,30624,15312,146.1,0.3
mle,,,4,10,8,0.1,600,480,0.9777777777777776,0.3118893096343643,0.025782373774477,0.0342225000003963,16384,1534,767,12272,12272,,
nn_linear,[],linear,4,10,8,0.1,600,480,0.9777777777777776,0.3953966347341345,0.0085234170092839,5.04851939999935,-5861376,198,198,1584,792,175.0,0.8
nn_32_relu,[32],ReLU,4,10,8,0.1,600,480,0.9777777777777776,0.1464537849370584,0.0129073454575618,5.822534599999926,-3006464,3828,3828,30624,15312,140.0,0.3
mle,,,4,10,8,0.1,1000,800,0.9777777777777776,0.3037173422082216,0.025807904882396,0.0348072000006141,0,1534,767,12272,12272,,
nn_linear,[],linear,4,10,8,0.1,1000,800,0.9777777777777776,0.3660686743758287,0.0089940366342537,9.113896299999396,-4026368,198,198,1584,792,200.0,1.0
nn_32_relu,[32],ReLU,4,10,8,0.1,1000,800,0.9777777777777776,0.1283470337611335,0.0120959230672459,9.250141299999996,-2977792,3828,3828,30624,15312,139.0,0.4
mle,,,4,10,8,0.1,1400,1120,0.9777777777777776,0.1502323591484823,0.007291226689473,0.0347156999996514,0,1534,767,12272,12272,,
nn_linear,[],linear,4,10,8,0.1,1400,1120,0.9777777777777776,0.2068997247938253,0.0084495859891734,10.946564100000614,-5439488,198,198,1584,792,173.6,0.8
nn_32_relu,[32],ReLU,4,10,8,0.1,1400,1120,0.9777777777777776,0.0910558705874262,0.0065590916974534,9.06468330000007,-2830336,3828,3828,30624,15312,100.0,0.2
mle,,,5,10,8,0.1,600,480,0.9777777777777776,0.2848426493803583,0.021765414341718,0.035382799999752,0,1534,767,12272,12272,,
nn_linear,[],linear,5,10,8,0.1,600,480,0.9777777777777776,0.3988453305724371,0.0069871786578322,5.288544200000615,-6287360,198,198,1584,792,183.6,0.9
nn_32_relu,[32],ReLU,5,10,8,0.1,600,480,0.9777777777777776,0.0885974587507374,0.007162259997442,6.88483879999967,-2928640,3828,3828,30624,15312,166.2,0.6
mle,,,5,10,8,0.1,1000,800,0.9777777777777776,0.2623825730168665,0.017847055226718,0.0306257000002005,4096,1534,767,12272,12272,,
nn_linear,[],linear,5,10,8,0.1,1000,800,0.9777777777777776,0.1378758225798299,0.0068091523281203,8.04598739999983,-3923968,198,198,1584,792,177.6,0.8
nn_32_relu,[32],ReLU,5,10,8,0.1,1000,800,0.9777777777777776,0.0692462722419227,0.0052842865311139,6.88215930000024,-1236992,3828,3828,30624,15312,103.5,0.1
mle,,,5,10,8,0.1,1400,1120,0.9777777777777776,0.1865423793893834,0.0121955038410296,0.0342582000002948,0,1534,767,12272,12272,,
nn_linear,[],linear,5,10,8,0.1,1400,1120,0.9777777777777776,0.1375991984053096,0.0066979249555111,11.219799899999998,-4546560,198,198,1584,792,178.0,0.7
nn_32_relu,[32],ReLU,5,10,8,0.1,1400,1120,0.9777777777777776,0.0966589808702507,0.0071914264925621,9.932990600000268,-2949120,3828,3828,30624,15312,109.0,0.1
mle,,,1,10,8,0.5,600,480,0.9777777777777776,2.330420491092233,0.0565112990170483,0.0330825999999433,0,1534,767,12272,12272,,
nn_linear,[],linear,1,10,8,0.5,600,480,0.9777777777777776,0.8647145067512524,0.0078877262777879,4.855530100000578,-5341184,198,198,1584,792,164.6,0.5
nn_32_relu,[32],ReLU,1,10,8,0.5,600,480,0.9777777777777776,0.3453470025964792,0.0083177132242113,4.333942600000228,-2699264,3828,3828,30624,15312,106.0,0.2
mle,,,1,10,8,0.5,1000,800,0.9777777777777776,1.4051025341799797,0.0485708679993929,0.0293773000003056,0,1534,767,12272,12272,,
nn_linear,[],linear,1,10,8,0.5,1000,800,0.9777777777777776,0.7356952262473194,0.0084189550963701,8.1140620999995,-3751936,198,198,1584,792,176.6,0.7
nn_32_relu,[32],ReLU,1,10,8,0.5,1000,800,0.9777777777777776,0.2012862440491873,0.0070293699358269,9.240709400000014,-3055616,3828,3828,30624,15312,139.3,0.2
mle,,,1,10,8,0.5,1400,1120,0.9777777777777776,1.1453626557858654,0.040593253037176,0.0306304999994608,0,1534,767,12272,12272,,
nn_linear,[],linear,1,10,8,0.5,1400,1120,0.9777777777777776,0.6798988307362933,0.0087871573938086,10.493019999999888,-5369856,198,198,1584,792,167.9,0.6
nn_32_relu,[32],ReLU,1,10,8,0.5,1400,1120,0.9777777777777776,0.1769103863599661,0.0061136812615,8.149493199999597,-2846720,3828,3828,30624,15312,89.5,0.0
mle,,,2,10,8,0.5,600,480,0.9777777777777776,2.285327345979681,0.0579121473139518,0.0377701000006709,0,1534,767,12272,12272,,
nn_linear,[],linear,2,10,8,0.5,600,480,0.9777777777777776,0.8491423104046014,0.0078012523719201,4.619616499999211,-5373952,198,198,1584,792,161.6,0.6
nn_32_relu,[32],ReLU,2,10,8,0.5,600,480,0.9777777777777776,0.3544824626129781,0.0063757097670205,4.197993700000552,-3256320,3828,3828,30624,15312,102.8,0.0
mle,,,2,10,8,0.5,1000,800,0.9777777777777776,1.831047036289412,0.0552966638698105,0.0302142000000458,0,1534,767,12272,12272,,
nn_linear,[],linear,2,10,8,0.5,1000,800,0.9777777777777776,0.7472144378242834,0.0088612685423092,7.867859300000418,-3166208,198,198,1584,792,172.5,0.7
nn_32_relu,[32],ReLU,2,10,8,0.5,1000,800,0.9777777777777776,0.233579878711251,0.0056604260738908,8.803366099999948,-2887680,3828,3828,30624,15312,133.8,0.0
mle,,,2,10,8,0.5,1400,1120,0.9777777777777776,1.3510493553937268,0.0460167227025987,0.0298278000000209,0,1534,767,12272,12272,,
nn_linear,[],linear,2,10,8,0.5,1400,1120,0.9777777777777776,0.7353584775790963,0.0088165849803107,9.01401839999926,-5074944,198,198,1584,792,144.2,0.5
nn_32_relu,[32],ReLU,2,10,8,0.5,1400,1120,0.9777777777777776,0.2125799315492824,0.0057205438818023,9.23817979999967,-2674688,3828,3828,30624,15312,101.4,0.0
mle,,,3,10,8,0.5,600,480,0.9777777777777776,2.0849279288022324,0.0501240780686179,0.0351850999995804,0,1534,767,12272,12272,,
nn_linear,[],linear,3,10,8,0.5,600,480,0.9777777777777776,1.0682634145076633,0.0067828369426788,4.581106499999805,-4825088,198,198,1584,792,158.1,0.4
nn_32_relu,[32],ReLU,3,10,8,0.5,600,480,0.9777777777777776,0.3454894156738745,0.0096902895773032,5.409723800000393,-3063808,3828,3828,30624,15312,130.4,0.3
mle,,,3,10,8,0.5,1000,800,0.9777777777777776,1.7041395668314654,0.0425831088346028,0.033256299999266,0,1534,767,12272,12272,,
nn_linear,[],linear,3,10,8,0.5,1000,800,0.9777777777777776,0.8617477780415486,0.0083606320691814,6.594519100000071,-4050944,198,198,1584,792,145.6,0.4
nn_32_relu,[32],ReLU,3,10,8,0.5,1000,800,0.9777777777777776,0.2922193371296948,0.0077493984954956,7.846319199999925,-2781184,3828,3828,30624,15312,119.6,0.2
mle,,,3,10,8,0.5,1400,1120,0.9777777777777776,1.4783368512643125,0.041927522179803,0.0344015000000581,0,1534,767,12272,12272,,
nn_linear,[],linear,3,10,8,0.5,1400,1120,0.9777777777777776,0.8328397269482273,0.0084784914458488,8.342823199999657,-4710400,198,198,1584,792,133.1,0.2
nn_32_relu,[32],ReLU,3,10,8,0.5,1400,1120,0.9777777777777776,0.1895253924566345,0.0056347656692961,10.483202899999924,-2936832,3828,3828,30624,15312,115.9,0.3
mle,,,4,10,8,0.5,600,480,0.9777777777777776,1.8519460657666629,0.044213572891294,0.0309108999999807,0,1534,767,12272,12272,,
nn_linear,[],linear,4,10,8,0.5,600,480,0.9777777777777776,0.967150225242872,0.0076943764820329,4.099986899999749,-6832128,198,198,1584,792,141.8,0.5
nn_32_relu,[32],ReLU,4,10,8,0.5,600,480,0.9777777777777776,0.2560521486933298,0.0051891382087029,5.069739100000334,-3153920,3828,3828,30624,15312,123.6,0.2
mle,,,4,10,8,0.5,1000,800,0.9777777777777776,1.4598953339890886,0.0465253204813268,0.0301841000000422,0,1534,767,12272,12272,,
nn_linear,[],linear,4,10,8,0.5,1000,800,0.9777777777777776,0.8421682153997885,0.0075545736745476,7.68247379999957,-4157440,198,198,1584,792,168.6,0.7
nn_32_relu,[32],ReLU,4,10,8,0.5,1000,800,0.9777777777777776,0.1770806335610596,0.0049743903127797,9.30262709999988,-2953216,3828,3828,30624,15312,141.6,0.2
mle,,,4,10,8,0.5,1400,1120,0.9777777777777776,1.0227698539639791,0.0325853997496751,0.0347602000001643,0,1534,767,12272,12272,,
nn_linear,[],linear,4,10,8,0.5,1400,1120,0.9777777777777776,0.8076818141370017,0.0074789413042221,9.683536200000162,-4612096,198,198,1584,792,155.4,0.5
nn_32_relu,[32],ReLU,4,10,8,0.5,1400,1120,0.9777777777777776,0.1396835860337343,0.0049629553260101,11.12962460000017,-2920448,3828,3828,30624,15312,122.4,0.1
mle,,,5,10,8,0.5,600,480,0.9777777777777776,2.279944112757107,0.0509013390209183,0.0332551000001331,0,1534,767,12272,12272,,
nn_linear,[],linear,5,10,8,0.5,600,480,0.9777777777777776,1.1044741114344905,0.008934780753935,5.517813399999795,-6275072,198,198,1584,792,189.9,0.8
nn_32_relu,[32],ReLU,5,10,8,0.5,600,480,0.9777777777777776,0.2921459134808584,0.0063848055262106,5.425037500000144,-2998272,3828,3828,30624,15312,132.1,0.1
mle,,,5,10,8,0.5,1000,800,0.9777777777777776,1.4206039298609154,0.0402557329807645,0.0346523999996861,0,1534,767,12272,12272,,
nn_linear,[],linear,5,10,8,0.5,1000,800,0.9777777777777776,0.9901239891051896,0.0090620468922821,6.33487789999981,-3940352,198,198,1584,792,139.9,0.3
nn_32_relu,[32],ReLU,5,10,8,0.5,1000,800,0.9777777777777776,0.2054584557080352,0.0054120339517891,8.115632099999857,-2793472,3828,3828,30624,15312,122.4,0.1
mle,,,5,10,8,0.5,1400,1120,0.9777777777777776,1.0048412068526975,0.0348645333469734,0.0340635000002293,0,1534,767,12272,12272,,
nn_linear,[],linear,5,10,8,0.5,1400,1120,0.9777777777777776,0.9456457898011446,0.0099382189975535,8.542775199999596,-4583424,198,198,1584,792,135.2,0.3
nn_32_relu,[32],ReLU,5,10,8,0.5,1400,1120,0.9777777777777776,0.1983885919432148,0.005438547730825,9.836166399999456,-2785280,3828,3828,30624,15312,108.6,0.1
mle,,,1,10,8,1.0,600,480,0.9777777777777776,4.300066385501606,0.0663350827136347,0.0387410000003001,4096,1534,767,12272,12272,,
nn_linear,[],linear,1,10,8,1.0,600,480,0.9777777777777776,1.028619287157353,0.0060045133803653,3.543713199999729,-4898816,198,198,1584,792,123.0,0.1
nn_32_relu,[32],ReLU,1,10,8,1.0,600,480,0.9777777777777776,0.4568375263525402,0.0049316077464278,4.500719700000445,-3010560,3828,3828,30624,15312,108.9,0.2
mle,,,1,10,8,1.0,1000,800,0.9777777777777776,3.310013257202143,0.0638748295183206,0.0338316999996095,0,1534,767,12272,12272,,
nn_linear,[],linear,1,10,8,1.0,1000,800,0.9777777777777776,1.0025816347523715,0.0065075178618929,5.543490200000633,-4206592,198,198,1584,792,121.5,0.1
nn_32_relu,[32],ReLU,1,10,8,1.0,1000,800,0.9777777777777776,0.362817588656594,0.0041513437728046,7.115002300000015,-2998272,3828,3828,30624,15312,108.5,0.1
mle,,,1,10,8,1.0,1400,1120,0.9777777777777776,2.323182207760769,0.0519883244641717,0.0346269000001484,12288,1534,767,12272,12272,,
nn_linear,[],linear,1,10,8,1.0,1400,1120,0.9777777777777776,0.9831841911946464,0.006481108615617,7.413131199999952,-4808704,198,198,1584,792,117.4,0.1
nn_32_relu,[32],ReLU,1,10,8,1.0,1400,1120,0.9777777777777776,0.2351698715267673,0.0038845520247287,11.366837200000193,-2818048,3828,3828,30624,15312,124.9,0.3
mle,,,2,10,8,1.0,600,480,0.9777777777777776,4.728764319886879,0.0796977224527879,0.0290954000001875,0,1534,767,12272,12272,,
nn_linear,[],linear,2,10,8,1.0,600,480,0.9777777777777776,0.8423575129568056,0.0056071161561268,4.019699899999978,-5668864,198,198,1584,792,139.1,0.1
nn_32_relu,[32],ReLU,2,10,8,1.0,600,480,0.9777777777777776,0.4299030820308365,0.0047131211242882,4.356511200000568,-3084288,3828,3828,30624,15312,105.8,0.3
mle,,,2,10,8,1.0,1000,800,0.9777777777777776,3.304914773513681,0.0616549309216361,0.0335533999996187,0,1534,767,12272,12272,,
nn_linear,[],linear,2,10,8,1.0,1000,800,0.9777777777777776,0.821460798235815,0.0059224642725911,5.189738099999886,-4206592,198,198,1584,792,114.6,0.1
nn_32_relu,[32],ReLU,2,10,8,1.0,1000,800,0.9777777777777776,0.2926818478400773,0.0044294037694891,6.668233399999735,-2785280,3828,3828,30624,15312,101.5,0.1
mle,,,2,10,8,1.0,1400,1120,0.9777777777777776,2.225714177281561,0.0527496128873342,0.0293819000007715,0,1534,767,12272,12272,,
nn_linear,[],linear,2,10,8,1.0,1400,1120,0.9777777777777776,0.8151288307842482,0.0055492699228067,6.215534500000103,-4849664,198,198,1584,792,99.7,0.1
nn_32_relu,[32],ReLU,2,10,8,1.0,1400,1120,0.9777777777777776,0.2042389878056748,0.0038963785551418,11.27658750000046,-2793472,3828,3828,30624,15312,123.5,0.2
mle,,,3,10,8,1.0,600,480,0.9777777777777776,5.956025362956024,0.0812252839154323,0.032996599999933,0,1534,767,12272,12272,,
nn_linear,[],linear,3,10,8,1.0,600,480,0.9777777777777776,1.0111137777494417,0.0052839024073575,4.696063899999899,-6864896,198,198,1584,792,162.2,0.5
nn_32_relu,[32],ReLU,3,10,8,1.0,600,480,0.9777777777777776,0.4785477059174572,0.0051027878518209,5.852542200000244,-3059712,3828,3828,30624,15312,139.2,0.2
mle,,,3,10,8,1.0,1000,800,0.9777777777777776,3.283094174530375,0.0578030951558749,0.0324669000001449,0,1534,767,12272,12272,,
nn_linear,[],linear,3,10,8,1.0,1000,800,0.9777777777777776,0.9967368886200244,0.0053821723090378,5.192697499999667,-4259840,198,198,1584,792,113.5,0.2
nn_32_relu,[32],ReLU,3,10,8,1.0,1000,800,0.9777777777777776,0.3101339597594006,0.0038535368921141,8.977025299999696,-2805760,3828,3828,30624,15312,137.3,0.4
mle,,,3,10,8,1.0,1400,1120,0.9777777777777776,3.118858737984995,0.0615485195845694,0.0313024999995832,0,1534,767,12272,12272,,
nn_linear,[],linear,3,10,8,1.0,1400,1120,0.9777777777777776,1.0021340394800602,0.0053822568148499,6.110948900000039,-4894720,198,198,1584,792,98.6,0.1
nn_32_relu,[32],ReLU,3,10,8,1.0,1400,1120,0.9777777777777776,0.2921101142390616,0.0040089272214964,10.046608399999968,-2818048,3828,3828,30624,15312,111.2,0.2
mle,,,4,10,8,1.0,600,480,0.9777777777777776,4.870684569808474,0.0681020314162831,0.0350449999996271,0,1534,767,12272,12272,,
nn_linear,[],linear,4,10,8,1.0,600,480,0.9777777777777776,0.9607239939369084,0.0052829357177263,3.0260434000001624,-4558848,198,198,1584,792,104.2,0.2
nn_32_relu,[32],ReLU,4,10,8,1.0,600,480,0.9777777777777776,0.4654391189436888,0.0048857659178233,5.095424099999946,-3141632,3828,3828,30624,15312,124.6,0.3
mle,,,4,10,8,1.0,1000,800,0.9777777777777776,3.087682961379788,0.0595117011644983,0.0298780000002807,0,1534,767,12272,12272,,
nn_linear,[],linear,4,10,8,1.0,1000,800,0.9777777777777776,0.9074246480614918,0.0052789129822239,5.579812800000582,-4091904,198,198,1584,792,122.4,0.1
nn_32_relu,[32],ReLU,4,10,8,1.0,1000,800,0.9777777777777776,0.3162330839197803,0.0044797958537503,8.441367600000376,-3072000,3828,3828,30624,15312,126.9,0.2
mle,,,4,10,8,1.0,1400,1120,0.9777777777777776,2.441832899316448,0.0559471104835779,0.0341343000000051,0,1534,767,12272,12272,,
nn_linear,[],linear,4,10,8,1.0,1400,1120,0.9777777777777776,0.878835977201123,0.0055365123051151,6.878420699999879,-5242880,198,198,1584,792,109.4,0.0
nn_32_relu,[32],ReLU,4,10,8,1.0,1400,1120,0.9777777777777776,0.2499768516488935,0.0038062349073707,12.612140799999906,-2650112,3828,3828,30624,15312,138.9,0.5
mle,,,5,10,8,1.0,600,480,0.9777777777777776,2.772370298239545,0.0718433802384592,0.0328940999997939,0,1534,767,12272,12272,,
nn_linear,[],linear,5,10,8,1.0,600,480,0.9777777777777776,0.607162228504466,0.005558378692528,4.234086999999818,-5087232,198,198,1584,792,145.2,0.4
nn_32_relu,[32],ReLU,5,10,8,1.0,600,480,0.9777777777777776,0.2369050956969789,0.0040127616330634,4.534450099999958,-3117056,3828,3828,30624,15312,109.6,0.1
mle,,,5,10,8,1.0,1000,800,0.9777777777777776,2.404047303382493,0.0650232361270563,0.031532099999822,0,1534,767,12272,12272,,
nn_linear,[],linear,5,10,8,1.0,1000,800,0.9777777777777776,0.5403234126891346,0.0057286264804756,5.915594999999485,-3211264,198,198,1584,792,130.3,0.3
nn_32_relu,[32],ReLU,5,10,8,1.0,1000,800,0.9777777777777776,0.2192289669891624,0.0038900472486105,7.396395400000074,-2928640,3828,3828,30624,15312,111.7,0.1
mle,,,5,10,8,1.0,1400,1120,0.9777777777777776,1.7438253674034805,0.0549642421861832,0.0288121000003229,0,1534,767,12272,12272,,
nn_linear,[],linear,5,10,8,1.0,1400,1120,0.9777777777777776,0.4990225271506318,0.0058484720438836,9.078245800000332,-5447680,198,198,1584,792,146.8,0.2
nn_32_relu,[32],ReLU,5,10,8,1.0,1400,1120,0.9777777777777776,0.1596491390804782,0.0040590744364202,10.141120400000544,-2637824,3828,3828,30624,15312,111.6,0.2
mle,,,1,10,10,0.1,600,480,1.0,0.0954433093624114,0.0030821027719575,0.036548799999764,28672,2046,1023,16368,16368,,
nn_linear,[],linear,1,10,10,0.1,600,480,1.0,0.4383486354615794,0.0058854995753979,5.812900899999477,-5541888,202,202,1616,808,200.0,1.0
nn_32_relu,[32],ReLU,1,10,10,0.1,600,480,1.0,0.0740228541539203,0.0071861785527234,6.062210900000537,-2191360,3892,3892,31136,15568,145.8,0.3
mle,,,1,10,10,0.1,1000,800,1.0,0.0701541151254362,0.0030340948273091,0.0367100999992544,0,2046,1023,16368,16368,,
nn_linear,[],linear,1,10,10,0.1,1000,800,1.0,0.224079604667369,0.0055276536038937,8.308524400000351,-3985408,202,202,1616,808,182.2,0.9
nn_32_relu,[32],ReLU,1,10,10,0.1,1000,800,1.0,0.0633911682811158,0.0081552590507047,8.465507699999762,-3432448,3892,3892,31136,15568,127.8,0.4
mle,,,1,10,10,0.1,1400,1120,1.0,0.0662506326315015,0.0040080704087276,0.0398169000000052,0,2046,1023,16368,16368,,
nn_linear,[],linear,1,10,10,0.1,1400,1120,1.0,0.1501359629109453,0.0060820536281222,12.474612199999685,-6082560,202,202,1616,808,200.0,1.0
nn_32_relu,[32],ReLU,1,10,10,0.1,1400,1120,1.0,0.035748023416633,0.0042243504756477,11.50103930000023,-3207168,3892,3892,31136,15568,127.2,0.2
mle,,,2,10,10,0.1,600,480,1.0,0.1465967267214269,0.0156271854925813,0.0354992000002312,0,2046,1023,16368,16368,,
nn_linear,[],linear,2,10,10,0.1,600,480,1.0,0.2799203765338545,0.0073483030427486,5.555558699999892,-5955584,202,202,1616,808,193.4,0.8
nn_32_relu,[32],ReLU,2,10,10,0.1,600,480,1.0,0.097484814579198,0.0075431953807177,3.899942299999566,-2228224,3892,3892,31136,15568,95.6,0.2
mle,,,2,10,10,0.1,1000,800,1.0,0.1163018211471604,0.0058306438508865,0.0381648000002314,0,2046,1023,16368,16368,,
nn_linear,[],linear,2,10,10,0.1,1000,800,1.0,0.2182629957871967,0.0077759129024823,7.642670299999736,-4734976,202,202,1616,808,167.2,0.6
nn_32_relu,[32],ReLU,2,10,10,0.1,1000,800,1.0,0.1095515449142811,0.0078290716747857,5.425047799999447,-3211264,3892,3892,31136,15568,82.8,0.1
mle,,,2,10,10,0.1,1400,1120,1.0,0.0737720212710141,0.0115437602841254,0.0322906999999759,0,2046,1023,16368,16368,,
nn_linear,[],linear,2,10,10,0.1,1400,1120,1.0,0.1181165611040285,0.0038990713469192,11.508828500000163,-5337088,202,202,1616,808,182.8,0.7
nn_32_relu,[32],ReLU,2,10,10,0.1,1400,1120,1.0,0.0228695842139226,0.0028618214014409,9.728132000000189,-3260416,3892,3892,31136,15568,107.5,0.2
mle,,,3,10,10,0.1,600,480,1.0,0.2588891003171074,0.0096226225065634,0.0316634000000703,0,2046,1023,16368,16368,,
nn_linear,[],linear,3,10,10,0.1,600,480,1.0,0.4623572088454531,0.0055998647249968,4.992849599999317,-6254592,202,202,1616,808,173.3,0.7
nn_32_relu,[32],ReLU,3,10,10,0.1,600,480,1.0,0.0691058427953953,0.0026473084140221,6.171742800000175,-1490944,3892,3892,31136,15568,151.1,0.4
mle,,,3,10,10,0.1,1000,800,1.0,0.1114480868736795,0.0091001521432409,0.0330887999998594,0,2046,1023,16368,16368,,
nn_linear,[],linear,3,10,10,0.1,1000,800,1.0,0.3679913191449663,0.0055364549427697,7.197074200000316,-3817472,202,202,1616,808,156.2,0.7
nn_32_relu,[32],ReLU,3,10,10,0.1,1000,800,1.0,0.0276622230605661,0.0021276478422709,9.421193099999982,-2965504,3892,3892,31136,15568,143.0,0.1
mle,,,3,10,10,0.1,1400,1120,1.0,0.098360412094597,0.0076691653669018,0.0362595999995392,0,2046,1023,16368,16368,,
nn_linear,[],linear,3,10,10,0.1,1400,1120,1.0,0.3343741745747943,0.005399957193956,11.271572900000136,-5541888,202,202,1616,808,179.3,0.6
nn_32_relu,[32],ReLU,3,10,10,0.1,1400,1120,1.0,0.0324127297096237,0.0024065216150998,9.107523399999993,-3026944,3892,3892,31136,15568,99.8,0.1
mle,,,4,10,10,0.1,600,480,1.0,0.0819611213969131,0.0050975814973213,0.0366775000002235,0,2046,1023,16368,16368,,
nn_linear,[],linear,4,10,10,0.1,600,480,1.0,0.2528983062713964,0.0052024915267132,5.7953585999994175,-6021120,202,202,1616,808,200.0,1.0
nn_32_relu,[32],ReLU,4,10,10,0.1,600,480,1.0,0.0417715048155182,0.0066139467949785,7.7112316000002465,-1671168,3892,3892,31136,15568,185.1,0.8
mle,,,4,10,10,0.1,1000,800,1.0,0.0511915808913716,0.006308849951104,0.0363996999994924,0,2046,1023,16368,16368,,
nn_linear,[],linear,4,10,10,0.1,1000,800,1.0,0.2234715074878742,0.0038291264718268,9.076201200000469,-4034560,202,202,1616,808,200.0,1.0
nn_32_relu,[32],ReLU,4,10,10,0.1,1000,800,1.0,0.0170987632926408,0.0030019059416122,11.7384820999996,-3465216,3892,3892,31136,15568,175.4,0.4
mle,,,4,10,10,0.1,1400,1120,1.0,0.1091365853472643,0.004964102645001,0.0324746999995113,0,2046,1023,16368,16368,,
nn_linear,[],linear,4,10,10,0.1,1400,1120,1.0,0.1254374976216156,0.0066521614121896,11.82561540000006,-6000640,202,202,1616,808,188.9,0.7
nn_32_relu,[32],ReLU,4,10,10,0.1,1400,1120,1.0,0.0616724654832725,0.0069878521998588,8.575943599999846,-3526656,3892,3892,31136,15568,93.4,0.0
mle,,,5,10,10,0.1,600,480,1.0,0.1615824144180858,0.0085620296877527,0.0325732000001153,0,2046,1023,16368,16368,,
nn_linear,[],linear,5,10,10,0.1,600,480,1.0,0.2450955660125154,0.0060749488151269,5.750113799999781,-6701056,202,202,1616,808,200.0,1.0
nn_32_relu,[32],ReLU,5,10,10,0.1,600,480,1.0,0.0667912579923063,0.0045880577461378,5.307167599999957,-1662976,3892,3892,31136,15568,128.4,0.2
mle,,,5,10,10,0.1,1000,800,1.0,0.2940540274032073,0.0173485873490848,0.0363428000000567,0,2046,1023,16368,16368,,
nn_linear,[],linear,5,10,10,0.1,1000,800,1.0,0.1076442851103313,0.0058121937352827,9.205835800000386,-3948544,202,202,1616,808,200.0,1.0
nn_32_relu,[32],ReLU,5,10,10,0.1,1000,800,1.0,0.0860721157804179,0.0076329440375126,6.810406499999772,-3424256,3892,3892,31136,15568,102.7,0.1
mle,,,5,10,10,0.1,1400,1120,1.0,0.0730981549779762,0.0073139495289667,0.0387930000006235,0,2046,1023,16368,16368,,
nn_linear,[],linear,5,10,10,0.1,1400,1120,1.0,0.1102654998513866,0.0036564928231703,12.527490800000123,-5136384,202,202,1616,808,200.0,1.0
nn_32_relu,[32],ReLU,5,10,10,0.1,1400,1120,1.0,0.0222509071250805,0.0022710818099672,10.66846869999972,-2879488,3892,3892,31136,15568,116.5,0.1
mle,,,1,10,10,0.5,600,480,1.0,2.7104794594871224,0.0582926605577817,0.0335692999997263,0,2046,1023,16368,16368,,
nn_linear,[],linear,1,10,10,0.5,600,480,1.0,1.1126590512559773,0.0090748229929756,5.464308499999788,-6086656,202,202,1616,808,191.2,0.7
nn_32_relu,[32],ReLU,1,10,10,0.5,600,480,1.0,0.3220638432221985,0.0062878721155521,5.891010800000004,-1667072,3892,3892,31136,15568,141.7,0.4
mle,,,1,10,10,0.5,1000,800,1.0,1.7984536553974733,0.046976258582091,0.0309587000001556,0,2046,1023,16368,16368,,
nn_linear,[],linear,1,10,10,0.5,1000,800,1.0,1.0335413382429832,0.0103576018008758,6.790088800000376,-3805184,202,202,1616,808,150.8,0.4
nn_32_relu,[32],ReLU,1,10,10,0.5,1000,800,1.0,0.2278975547157601,0.0055119761442613,9.09838149999996,-2965504,3892,3892,31136,15568,133.6,0.2
mle,,,1,10,10,0.5,1400,1120,1.0,1.583997654033486,0.0440660040430959,0.034773700000187,0,2046,1023,16368,16368,,
nn_linear,[],linear,1,10,10,0.5,1400,1120,1.0,1.0080029304284817,0.0107396466437366,8.888007400000788,-5308416,202,202,1616,808,141.8,0.5
nn_32_relu,[32],ReLU,1,10,10,0.5,1400,1120,1.0,0.2071084284348298,0.0053751807546673,11.338965999999346,-3080192,3892,3892,31136,15568,124.2,0.1
mle,,,2,10,10,0.5,600,480,1.0,3.2786420401912664,0.061977202709123,0.0340296000003945,0,2046,1023,16368,16368,,
nn_linear,[],linear,2,10,10,0.5,600,480,1.0,1.1701015110794015,0.0110743143534248,3.836070100000143,-5623808,202,202,1616,808,132.0,0.4
nn_32_relu,[32],ReLU,2,10,10,0.5,600,480,1.0,0.3472158472933271,0.0072403830941462,5.828453199999785,-1605632,3892,3892,31136,15568,143.1,0.4
mle,,,2,10,10,0.5,1000,800,1.0,2.1567752059872367,0.0517342079489811,0.0354646000005232,0,2046,1023,16368,16368,,
nn_linear,[],linear,2,10,10,0.5,1000,800,1.0,1.115260688537317,0.0105269843538475,5.587948000000324,-4255744,202,202,1616,808,123.1,0.2
nn_32_relu,[32],ReLU,2,10,10,0.5,1000,800,1.0,0.2796876050046894,0.0063699153054543,9.142342699999972,-2887680,3892,3892,31136,15568,139.3,0.4
mle,,,2,10,10,0.5,1400,1120,1.0,1.7575917601882616,0.0454866273470188,0.0305573000005097,-4096,2046,1023,16368,16368,,
nn_linear,[],linear,2,10,10,0.5,1400,1120,1.0,1.088844753943017,0.0115462729908039,7.081250000000182,-5832704,202,202,1616,808,107.6,0.1
nn_32_relu,[32],ReLU,2,10,10,0.5,1400,1120,1.0,0.2308952189399503,0.0060827282518927,12.94854419999956,-2904064,3892,3892,31136,15568,138.9,0.5
mle,,,3,10,10,0.5,600,480,1.0,1.29810885030378,0.041213988256489,0.0360806999997294,4096,2046,1023,16368,16368,,
nn_linear,[],linear,3,10,10,0.5,600,480,1.0,1.0391498737063043,0.0093192841120959,5.44765820000066,-6234112,202,202,1616,808,177.4,0.6
nn_32_relu,[32],ReLU,3,10,10,0.5,600,480,1.0,0.3666178165451213,0.0053917428904842,4.101151399999253,-1634304,3892,3892,31136,15568,95.2,0.1
mle,,,3,10,10,0.5,1000,800,1.0,1.1413548684608883,0.0385437793357182,0.0349345000004177,0,2046,1023,16368,16368,,
nn_linear,[],linear,3,10,10,0.5,1000,800,1.0,0.8265603570321649,0.0085799782354953,5.508057199999712,-3940352,202,202,1616,808,117.9,0.4
nn_32_relu,[32],ReLU,3,10,10,0.5,1000,800,1.0,0.2493857449063075,0.0047203723268949,7.059525800000301,-2994176,3892,3892,31136,15568,101.1,0.1
mle,,,3,10,10,0.5,1400,1120,1.0,0.7496806528272527,0.029967141300217,0.0377652999995916,4096,2046,1023,16368,16368,,
nn_linear,[],linear,3,10,10,0.5,1400,1120,1.0,0.7637987718754063,0.008993815000589,8.250906399999621,-5890048,202,202,1616,808,125.0,0.3
nn_32_relu,[32],ReLU,3,10,10,0.5,1400,1120,1.0,0.1287764133685809,0.0048580715505519,10.43206840000039,-2854912,3892,3892,31136,15568,109.6,0.2
mle,,,4,10,10,0.5,600,480,1.0,2.751620357033008,0.0517029370279295,0.0327465000000302,0,2046,1023,16368,16368,,
nn_linear,[],linear,4,10,10,0.5,600,480,1.0,1.1809250703620613,0.0100107395013603,5.087161800000104,-5935104,202,202,1616,808,173.2,0.5
nn_32_relu,[32],ReLU,4,10,10,0.5,600,480,1.0,0.4034808818155235,0.0071897774051396,6.016568799999732,-1925120,3892,3892,31136,15568,137.7,0.3
mle,,,4,10,10,0.5,1000,800,1.0,1.8348460196741396,0.0384179818569109,0.0377607000000352,0,2046,1023,16368,16368,,
nn_linear,[],linear,4,10,10,0.5,1000,800,1.0,1.128138992903452,0.0131177371764422,7.514274900000601,-4222976,202,202,1616,808,155.2,0.4
nn_32_relu,[32],ReLU,4,10,10,0.5,1000,800,1.0,0.2654117109214566,0.0048229570929529,8.510051500000372,-3510272,3892,3892,31136,15568,120.1,0.2
mle,,,4,10,10,0.5,1400,1120,1.0,1.0153208291423603,0.0296466455378175,0.0373209999997925,-4096,2046,1023,16368,16368,,
nn_linear,[],linear,4,10,10,0.5,1400,1120,1.0,1.0929731571855212,0.0139416617349393,8.817277099999956,-5328896,202,202,1616,808,134.1,0.4
nn_32_relu,[32],ReLU,4,10,10,0.5,1400,1120,1.0,0.2218326734323095,0.0053943296925222,10.739437399999588,-3518464,3892,3892,31136,15568,113.5,0.1
mle,,,5,10,10,0.5,600,480,1.0,1.7550444585532183,0.0485563843981003,0.0363308999994842,0,2046,1023,16368,16368,,
nn_linear,[],linear,5,10,10,0.5,600,480,1.0,0.6620546235506594,0.0082882322986342,4.681875199999922,-6025216,202,202,1616,808,156.6,0.6
nn_32_relu,[32],ReLU,5,10,10,0.5,600,480,1.0,0.2810812580363223,0.0068792317976356,5.395997700000407,-1871872,3892,3892,31136,15568,125.9,0.2
mle,,,5,10,10,0.5,1000,800,1.0,1.18408514849728,0.0381631648401948,0.0347782999997434,0,2046,1023,16368,16368,,
nn_linear,[],linear,5,10,10,0.5,1000,800,1.0,0.6114438239766148,0.0077397223809198,7.06331610000052,-3989504,202,202,1616,808,149.7,0.5
nn_32_relu,[32],ReLU,5,10,10,0.5,1000,800,1.0,0.2169060410092564,0.0064302470655585,6.753736199999366,-3006464,3892,3892,31136,15568,98.2,0.1
mle,,,5,10,10,0.5,1400,1120,1.0,0.9004442552574552,0.0291385269186391,0.0354888000001665,0,2046,1023,16368,16368,,
nn_linear,[],linear,5,10,10,0.5,1400,1120,1.0,0.6175417268541225,0.0078392976603804,8.25031559999934,-5591040,202,202,1616,808,126.3,0.2
nn_32_relu,[32],ReLU,5,10,10,0.5,1400,1120,1.0,0.1620905847559302,0.0045849382002106,9.39901220000047,-3002368,3892,3892,31136,15568,99.2,0.2
mle,,,1,10,10,1.0,600,480,1.0,6.578660707715797,0.0840839558474728,0.0333046999994621,0,2046,1023,16368,16368,,
nn_linear,[],linear,1,10,10,1.0,600,480,1.0,0.9934934719646484,0.00525419532179,3.0197822999998607,-4587520,202,202,1616,808,100.2,0.2
nn_32_relu,[32],ReLU,1,10,10,1.0,600,480,1.0,0.5099747935683737,0.004435503674614,4.492576200000258,-4050944,3892,3892,31136,15568,105.9,0.1
mle,,,1,10,10,1.0,1000,800,1.0,4.766755183281179,0.0761235298980361,0.0314828000000488,12288,2046,1023,16368,16368,,
nn_linear,[],linear,1,10,10,1.0,1000,800,1.0,0.9521668302454546,0.0045665924034536,4.279801599999701,-4087808,202,202,1616,808,90.3,0.0
nn_32_relu,[32],ReLU,1,10,10,1.0,1000,800,1.0,0.4201777119629545,0.0043719146698602,7.03567269999985,-3141632,3892,3892,31136,15568,101.6,0.1
mle,,,1,10,10,1.0,1400,1120,1.0,3.716220975455111,0.0653790701487985,0.0297990000008212,0,2046,1023,16368,16368,,
nn_linear,[],linear,1,10,10,1.0,1400,1120,1.0,0.8850039593620084,0.0044598532071146,6.38056189999952,-5758976,202,202,1616,808,97.9,0.0
nn_32_relu,[32],ReLU,1,10,10,1.0,1400,1120,1.0,0.3196709284961115,0.004462254915649,11.402433099999143,-2969600,3892,3892,31136,15568,121.8,0.2
mle,,,2,10,10,1.0,600,480,1.0,5.687499554076717,0.0767327260144975,0.0346312000001489,0,2046,1023,16368,16368,,
nn_linear,[],linear,2,10,10,1.0,600,480,1.0,0.8623343406709487,0.0050581182781756,4.100260700000035,-5464064,202,202,1616,808,136.7,0.3
nn_32_relu,[32],ReLU,2,10,10,1.0,600,480,1.0,0.4691437686881283,0.0058832376771333,6.0105186999999205,-1933312,3892,3892,31136,15568,135.5,0.2
mle,,,2,10,10,1.0,1000,800,1.0,3.6226958851872215,0.0650438865782203,0.0372649999999339,0,2046,1023,16368,16368,,
nn_linear,[],linear,2,10,10,1.0,1000,800,1.0,0.83077079407608,0.0047360258516415,5.668311899999935,-4304896,202,202,1616,808,116.7,0.2
nn_32_relu,[32],ReLU,2,10,10,1.0,1000,800,1.0,0.3545785972140847,0.0049509175441623,7.314601500000208,-3448832,3892,3892,31136,15568,102.1,0.3
mle,,,2,10,10,1.0,1400,1120,1.0,2.978439428684496,0.0599267788109553,0.0386953999995967,0,2046,1023,16368,16368,,
nn_linear,[],linear,2,10,10,1.0,1400,1120,1.0,0.8214515640526524,0.0047092305329389,7.458193899999969,-5558272,202,202,1616,808,111.9,0.0
nn_32_relu,[32],ReLU,2,10,10,1.0,1400,1120,1.0,0.3037587255698563,0.0046657592349214,9.95469630000025,-3489792,3892,3892,31136,15568,102.8,0.0
mle,,,3,10,10,1.0,600,480,1.0,2.840306203260857,0.0577375608567531,0.0374303999997209,4096,2046,1023,16368,16368,,
nn_linear,[],linear,3,10,10,1.0,600,480,1.0,0.9449294019859792,0.004309689367396,3.7481120000002193,-5525504,202,202,1616,808,120.4,0.4
nn_32_relu,[32],ReLU,3,10,10,1.0,600,480,1.0,0.3001618372688541,0.0050609217233751,4.5523316999997405,-1622016,3892,3892,31136,15568,103.9,0.2
mle,,,3,10,10,1.0,1000,800,1.0,2.043225097871827,0.0493172716445493,0.038430800000242,0,2046,1023,16368,16368,,
nn_linear,[],linear,3,10,10,1.0,1000,800,1.0,0.6809925313124909,0.0046614293240746,5.987041199999112,-3878912,202,202,1616,808,124.1,0.1
nn_32_relu,[32],ReLU,3,10,10,1.0,1000,800,1.0,0.2284570232498929,0.0043334909400266,8.292591100000209,-2998272,3892,3892,31136,15568,116.4,0.2
mle,,,3,10,10,1.0,1400,1120,1.0,1.4024158269147255,0.0416311631173077,0.0400540000000546,0,2046,1023,16368,16368,,
nn_linear,[],linear,3,10,10,1.0,1400,1120,1.0,0.6769247361581762,0.0045493667429309,6.783735300000444,-5808128,202,202,1616,808,100.0,0.2
nn_32_relu,[32],ReLU,3,10,10,1.0,1400,1120,1.0,0.1779518063192898,0.0050472192267569,10.680370699999912,-2985984,3892,3892,31136,15568,111.0,0.0
mle,,,4,10,10,1.0,600,480,1.0,4.109159585024962,0.0702267906922795,0.0363532999999733,0,2046,1023,16368,16368,,
nn_linear,[],linear,4,10,10,1.0,600,480,1.0,0.8734960278726456,0.0053499467300303,4.209857400000146,-6213632,202,202,1616,808,136.8,0.2
nn_32_relu,[32],ReLU,4,10,10,1.0,600,480,1.0,0.4136343850265783,0.0052613734770964,5.6844811000000846,-2011136,3892,3892,31136,15568,133.2,0.2
mle,,,4,10,10,1.0,1000,800,1.0,2.4730342882748584,0.0585537606552989,0.0377746999993178,0,2046,1023,16368,16368,,
nn_linear,[],linear,4,10,10,1.0,1000,800,1.0,0.82330995108879,0.0059045276083999,7.548277299999427,-3870720,202,202,1616,808,159.7,0.7
nn_32_relu,[32],ReLU,4,10,10,1.0,1000,800,1.0,0.2722766790757635,0.004235767694882,8.939179900000454,-3178496,3892,3892,31136,15568,127.9,0.2
mle,,,4,10,10,1.0,1400,1120,1.0,1.9661326554923253,0.0528942283074551,0.0335183000006509,0,2046,1023,16368,16368,,
nn_linear,[],linear,4,10,10,1.0,1400,1120,1.0,0.803465417242755,0.0062191932120798,7.665575799999715,-5627904,202,202,1616,808,120.8,0.3
nn_32_relu,[32],ReLU,4,10,10,1.0,1400,1120,1.0,0.2383105852524507,0.0035672042195886,11.099931900000229,-3002368,3892,3892,31136,15568,117.4,0.1
mle,,,5,10,10,1.0,600,480,1.0,4.415024667890027,0.0778344556531927,0.03130179999971,0,2046,1023,16368,16368,,
nn_linear,[],linear,5,10,10,1.0,600,480,1.0,0.821431919866331,0.0062462020595347,4.08533239999997,-6176768,202,202,1616,808,137.4,0.3
nn_32_relu,[32],ReLU,5,10,10,1.0,600,480,1.0,0.3927596218268596,0.0053481425273228,5.335417600000255,-1662976,3892,3892,31136,15568,123.9,0.2
mle,,,5,10,10,1.0,1000,800,1.0,3.2926714682150524,0.0660593421563695,0.0312360999996599,0,2046,1023,16368,16368,,
nn_linear,[],linear,5,10,10,1.0,1000,800,1.0,0.8137645303122394,0.0063217038689693,5.674862599999869,-4091904,202,202,1616,808,119.8,0.3
nn_32_relu,[32],ReLU,5,10,10,1.0,1000,800,1.0,0.3300681127562028,0.0044734508064999,6.107557799999995,-3018752,3892,3892,31136,15568,90.2,0.1
mle,,,5,10,10,1.0,1400,1120,1.0,2.406385124340414,0.0593369945207665,0.0356680000004416,0,2046,1023,16368,16368,,
nn_linear,[],linear,5,10,10,1.0,1400,1120,1.0,0.7865291968292282,0.0061614872963807,7.262142499999754,-5754880,202,202,1616,808,112.4,0.2
nn_32_relu,[32],ReLU,5,10,10,1.0,1400,1120,1.0,0.2322596687818711,0.0039556997537323,10.397247500000049,-3067904,3892,3892,31136,15568,111.8,0.1
mle,,,1,15,2,0.1,600,480,0.2571428571428571,0.0359453857080906,0.0005469056953789,0.0319233000000167,0,110,55,880,880,,
nn_linear,[],linear,1,15,2,0.1,600,480,0.2571428571428571,0.8755106493495314,0.0080924920833707,8.925907499999994,-8097792,140,140,1120,560,200.0,1.0
nn_32_relu,[32],ReLU,1,15,2,0.1,600,480,0.2571428571428571,0.0269755684287637,0.0041402148026808,10.546150400000442,-1019904,3230,3230,25840,12920,164.2,0.6
mle,,,1,15,2,0.1,1000,800,0.2571428571428571,0.0290162384417539,0.0005391054994263,0.0360052000005453,0,110,55,880,880,,
nn_linear,[],linear,1,15,2,0.1,1000,800,0.2571428571428571,0.4727209566888153,0.0062927842960683,14.124327999999878,-4255744,140,140,1120,560,200.0,1.0
nn_32_relu,[32],ReLU,1,15,2,0.1,1000,800,0.2571428571428571,0.0289918159787451,0.0043133643517041,13.793716200000745,-1007616,3230,3230,25840,12920,132.6,0.2666666666666666
mle,,,1,15,2,0.1,1400,1120,0.2571428571428571,0.0293163177280211,0.0005258740191079,0.0337558000001081,0,110,55,880,880,,
nn_linear,[],linear,1,15,2,0.1,1400,1120,0.2571428571428571,0.3785744949170802,0.0056844441887179,18.59055780000017,-3608576,140,140,1120,560,188.66666666666663,0.8
nn_32_relu,[32],ReLU,1,15,2,0.1,1400,1120,0.2571428571428571,0.0270798735613949,0.0026556409291894,15.184605600000395,-765952,3230,3230,25840,12920,100.26666666666668,0.0666666666666666
mle,,,2,15,2,0.1,600,480,0.2571428571428571,0.0627687227968706,0.0022499468481112,0.0312712000004467,0,110,55,880,880,,
nn_linear,[],linear,2,15,2,0.1,600,480,0.2571428571428571,0.6864278091665899,0.0050440824523667,8.348543500000233,-4882432,140,140,1120,560,178.86666666666667,0.8
nn_32_relu,[32],ReLU,2,15,2,0.1,600,480,0.2571428571428571,0.0384009617425367,0.0032782863417144,10.34221720000005,-1060864,3230,3230,25840,12920,157.2,0.6
mle,,,2,15,2,0.1,1000,800,0.2571428571428571,0.0344187296038233,0.0015529205164956,0.0315764999995735,0,110,55,880,880,,
nn_linear,[],linear,2,15,2,0.1,1000,800,0.2571428571428571,0.3160034872083817,0.0029785589927585,14.398579700000482,-4427776,140,140,1120,560,184.6,0.8
nn_32_relu,[32],ReLU,2,15,2,0.1,1000,800,0.2571428571428571,0.0269971515041552,0.0031363010428382,19.481834799999888,-1036288,3230,3230,25840,12920,130.93333333333334,0.2666666666666666
mle,,,2,15,2,0.1,1400,1120,0.2571428571428571,0.0569851458913922,0.0086265742081381,0.039569599999595,0,110,55,880,880,,
nn_linear,[],linear,2,15,2,0.1,1400,1120,0.2571428571428571,0.176741942974701,0.0026350981256415,17.81138849999934,-3514368,140,140,1120,560,165.73333333333332,0.7333333333333333
nn_32_relu,[32],ReLU,2,15,2,0.1,1400,1120,0.2571428571428571,0.026398564646316,0.0037885492538378,23.963564499999848,-856064,3230,3230,25840,12920,108.73333333333332,0.2
mle,,,3,15,2,0.1,600,480,0.2571428571428571,0.1297083869812732,0.0081434011423603,0.0315247999997154,0,110,55,880,880,,
nn_linear,[],linear,3,15,2,0.1,600,480,0.2571428571428571,0.4727302958548526,0.0042059824435937,9.315782599999691,-4845568,140,140,1120,560,200.0,1.0
nn_32_relu,[32],ReLU,3,15,2,0.1,600,480,0.2571428571428571,0.0149214940940574,0.0013377475366461,12.820400800000243,-1044480,3230,3230,25840,12920,187.53333333333333,0.7333333333333333
mle,,,3,15,2,0.1,1000,800,0.2571428571428571,0.1681801417988582,0.0086224575529506,0.0366131000000677,0,110,55,880,880,,
nn_linear,[],linear,3,15,2,0.1,1000,800,0.2571428571428571,0.1995332236193258,0.0031580546084732,14.495525199999976,-4456448,140,140,1120,560,200.0,1.0
nn_32_relu,[32],ReLU,3,15,2,0.1,1000,800,0.2571428571428571,0.0292618769987691,0.0020605169839714,16.409488299999794,-954368,3230,3230,25840,12920,148.33333333333334,0.4666666666666667
mle,,,3,15,2,0.1,1400,1120,0.2571428571428571,0.0486457844474689,0.0015322577970683,0.0367751999992833,0,110,55,880,880,,
nn_linear,[],linear,3,15,2,0.1,1400,1120,0.2571428571428571,0.0924856779739198,0.0020467712399659,20.159808200000043,-3661824,140,140,1120,560,200.0,1.0
nn_32_relu,[32],ReLU,3,15,2,0.1,1400,1120,0.2571428571428571,0.01654017497499,0.0017592830652269,18.26093200000014,-839680,3230,3230,25840,12920,116.06666666666666,0.2666666666666666
mle,,,4,15,2,0.1,600,480,0.2571428571428571,0.1460672472524258,0.0007935099968,0.0566249000003153,0,110,55,880,880,,
nn_linear,[],linear,4,15,2,0.1,600,480,0.2571428571428571,0.4221306103653871,0.0015507807469001,10.43022739999924,-4845568,140,140,1120,560,200.0,1.0
nn_32_relu,[32],ReLU,4,15,2,0.1,600,480,0.2571428571428571,0.0272866125721764,0.000159406672956,10.09357320000072,-1044480,3230,3230,25840,12920,140.26666666666668,0.2666666666666666
mle,,,4,15,2,0.1,1000,800,0.2571428571428571,0.0739714926010951,0.0012941263369988,0.0402573999999731,0,110,55,880,880,,
nn_linear,[],linear,4,15,2,0.1,1000,800,0.2571428571428571,0.1961674055926038,0.0006608134164359,14.25242419999995,-4407296,140,140,1120,560,188.86666666666667,0.8
nn_32_relu,[32],ReLU,4,15,2,0.1,1000,800,0.2571428571428571,0.0236377601193418,0.0004567175627643,13.56759460000012,-1003520,3230,3230,25840,12920,125.4,0.1333333333333333
mle,,,4,15,2,0.1,1400,1120,0.2571428571428571,0.0304097830420744,0.0001503994275204,0.0361910999999963,0,110,55,880,880,,
nn_linear,[],linear,4,15,2,0.1,1400,1120,0.2571428571428571,0.1159482519191101,0.0004984061847287,19.425553899999613,-3612672,140,140,1120,560,192.8,0.8666666666666667
nn_32_relu,[32],ReLU,4,15,2,0.1,1400,1120,0.2571428571428571,0.0090389266946771,1.860616499143438e-05,20.27288260000023,-819200,3230,3230,25840,12920,136.33333333333334,0.2
mle,,,5,15,2,0.1,600,480,0.2571428571428571,0.042484699050629,0.0013367636406897,0.0333190999999715,0,110,55,880,880,,
nn_linear,[],linear,5,15,2,0.1,600,480,0.2571428571428571,0.6223983388854475,0.0022447971990998,9.07118040000023,-4845568,140,140,1120,560,200.0,1.0
nn_32_relu,[32],ReLU,5,15,2,0.1,600,480,0.2571428571428571,0.0183873385943419,0.0001462036669746,9.886940200000026,-1060864,3230,3230,25840,12920,151.86666666666667,0.4666666666666667
mle,,,5,15,2,0.1,1000,800,0.2571428571428571,0.0374363725192314,0.0013267163073846,0.0345457000003079,0,110,55,880,880,,
nn_linear,[],linear,5,15,2,0.1,1000,800,0.2571428571428571,0.3350281253838151,0.001363423377045,13.74499250000008,-4407296,140,140,1120,560,186.9333333333333,0.8666666666666667
nn_32_relu,[32],ReLU,5,15,2,0.1,1000,800,0.2571428571428571,0.0092456207031538,9.31882714714729e-05,15.609495300000162,-1036288,3230,3230,25840,12920,148.0,0.4666666666666667
mle,,,5,15,2,0.1,1400,1120,0.2571428571428571,0.0365591569380952,0.0013271326294785,0.0387465999992855,0,110,55,880,880,,
nn_linear,[],linear,5,15,2,0.1,1400,1120,0.2571428571428571,0.1439316414205228,0.0008706714764511,19.79536100000041,-3579904,140,140,1120,560,197.0,0.9333333333333332
nn_32_relu,[32],ReLU,5,15,2,0.1,1400,1120,0.2571428571428571,0.0079879338500984,6.345540427560596e-05,17.91134939999938,-851968,3230,3230,25840,12920,123.8,0.2666666666666666
mle,,,1,15,2,0.5,600,480,0.2571428571428571,0.1726410627514769,0.002070267019372,0.0292019999997137,0,110,55,880,880,,
nn_linear,[],linear,1,15,2,0.5,600,480,0.2571428571428571,0.6632999465933351,0.0066331183813536,7.7135496000000785,-4845568,140,140,1120,560,177.26666666666668,0.6666666666666666
nn_32_relu,[32],ReLU,1,15,2,0.5,600,480,0.2571428571428571,0.1030810585530482,0.0011268185090137,5.960098200000175,-1044480,3230,3230,25840,12920,95.86666666666666,0.0666666666666666
mle,,,1,15,2,0.5,1000,800,0.2571428571428571,0.0974779732403931,0.0012621978014403,0.0287583999997877,0,110,55,880,880,,
nn_linear,[],linear,1,15,2,0.5,1000,800,0.2571428571428571,0.3998737502062742,0.0061228070418523,11.780804199999691,-4395008,140,140,1120,560,169.2,0.8
nn_32_relu,[32],ReLU,1,15,2,0.5,1000,800,0.2571428571428571,0.0451880395436,0.0008939756283767,8.752379500000643,-1007616,3230,3230,25840,12920,85.53333333333333,0.0
mle,,,1,15,2,0.5,1400,1120,0.2571428571428571,0.0376063544735729,0.0003758461478816,0.02944799999932,0,110,55,880,880,,
nn_linear,[],linear,1,15,2,0.5,1400,1120,0.2571428571428571,0.3510080000285881,0.0063755377876466,17.94114829999944,-3543040,140,140,1120,560,190.66666666666663,0.8666666666666667
nn_32_relu,[32],ReLU,1,15,2,0.5,1400,1120,0.2571428571428571,0.038686544217956,0.0007311077216169,9.12465870000051,-770048,3230,3230,25840,12920,65.46666666666667,0.0
mle,,,2,15,2,0.5,600,480,0.2571428571428571,0.1974917819988194,0.0031721466762446,0.0308435999995708,0,110,55,880,880,,
nn_linear,[],linear,2,15,2,0.5,600,480,0.2571428571428571,1.3980986384227998,0.0048917899009921,5.80582349999986,-4878336,140,140,1120,560,134.0,0.3333333333333333
nn_32_relu,[32],ReLU,2,15,2,0.5,600,480,0.2571428571428571,0.1421786907821387,0.002224486552741,5.319662999999309,-1060864,3230,3230,25840,12920,86.06666666666666,0.0666666666666666
mle,,,2,15,2,0.5,1000,800,0.2571428571428571,0.1825177381485369,0.0032893606536542,0.03425900000002,0,110,55,880,880,,
nn_linear,[],linear,2,15,2,0.5,1000,800,0.2571428571428571,1.2676242863780374,0.0055659200059709,8.517903699999806,-4489216,140,140,1120,560,125.06666666666666,0.2666666666666666
nn_32_relu,[32],ReLU,2,15,2,0.5,1000,800,0.2571428571428571,0.0966403246103452,0.0009800116315085,7.850372599999901,-954368,3230,3230,25840,12920,75.93333333333334,0.0666666666666666
mle,,,2,15,2,0.5,1400,1120,0.2571428571428571,0.0856397282189984,0.002321994467742,0.0319405999998707,0,110,55,880,880,,
nn_linear,[],linear,2,15,2,0.5,1400,1120,0.2571428571428571,1.2196571532206402,0.0059193562129262,10.72778880000078,-3661824,140,140,1120,560,113.93333333333334,0.0666666666666666
nn_32_relu,[32],ReLU,2,15,2,0.5,1400,1120,0.2571428571428571,0.0206800224047285,0.0001556536268231,11.487688700000035,-847872,3230,3230,25840,12920,84.93333333333334,0.0
mle,,,3,15,2,0.5,600,480,0.2571428571428571,0.398886535415018,0.0173888558189848,0.0309388999994553,0,110,55,880,880,,
nn_linear,[],linear,3,15,2,0.5,600,480,0.2571428571428571,1.54175107714724,0.0078555451576747,7.566530899999634,-4845568,140,140,1120,560,171.2,0.7333333333333333
nn_32_relu,[32],ReLU,3,15,2,0.5,600,480,0.2571428571428571,0.0805898635227793,0.000849403259527,6.653028499999891,-1044480,3230,3230,25840,12920,107.2,0.2
mle,,,3,15,2,0.5,1000,800,0.2571428571428571,0.2238835315515601,0.0059894823411069,0.0295050999993691,0,110,55,880,880,,
nn_linear,[],linear,3,15,2,0.5,1000,800,0.2571428571428571,1.406792297936008,0.0076586745528833,8.898240200000146,-4395008,140,140,1120,560,129.33333333333334,0.4
nn_32_relu,[32],ReLU,3,15,2,0.5,1000,800,0.2571428571428571,0.0686769783326983,0.0008502828976328,8.885000000000218,-954368,3230,3230,25840,12920,90.46666666666668,0.0666666666666666
mle,,,3,15,2,0.5,1400,1120,0.2571428571428571,0.1736821310134719,0.0034320094070105,0.0341435000000274,0,110,55,880,880,,
nn_linear,[],linear,3,15,2,0.5,1400,1120,0.2571428571428571,1.3389853355679235,0.0079227810832173,12.48989150000034,-3661824,140,140,1120,560,130.06666666666666,0.4666666666666667
nn_32_relu,[32],ReLU,3,15,2,0.5,1400,1120,0.2571428571428571,0.0279993239804722,0.0002033836338306,12.135221599999568,-847872,3230,3230,25840,12920,89.2,0.0666666666666666
mle,,,4,15,2,0.5,600,480,0.2571428571428571,0.1545229043071572,0.0036395330863501,0.028531799999655,0,110,55,880,880,,
nn_linear,[],linear,4,15,2,0.5,600,480,0.2571428571428571,1.2162898575451124,0.0128833523432365,7.524394500000199,-4849664,140,140,1120,560,173.4,0.7333333333333333
nn_32_relu,[32],ReLU,4,15,2,0.5,600,480,0.2571428571428571,0.119278905557853,0.0022232467807051,6.574281600000177,-1044480,3230,3230,25840,12920,103.86666666666666,0.0666666666666666
mle,,,4,15,2,0.5,1000,800,0.2571428571428571,0.1191810843051986,0.0035338240526646,0.0284781999998813,0,110,55,880,880,,
nn_linear,[],linear,4,15,2,0.5,1000,800,0.2571428571428571,1.1773186225265937,0.013965927363548,9.931068500000038,-4395008,140,140,1120,560,146.2,0.3333333333333333
nn_32_relu,[32],ReLU,4,15,2,0.5,1000,800,0.2571428571428571,0.0257012854548129,0.0003573540695149,10.139933800000108,-954368,3230,3230,25840,12920,102.93333333333334,0.0666666666666666
mle,,,4,15,2,0.5,1400,1120,0.2571428571428571,0.086118391326053,0.0033725267925136,0.0287629999993441,0,110,55,880,880,,
nn_linear,[],linear,4,15,2,0.5,1400,1120,0.2571428571428571,1.1541562352965855,0.0145311523465921,12.885269700000208,-3596288,140,140,1120,560,133.86666666666667,0.2
nn_32_relu,[32],ReLU,4,15,2,0.5,1400,1120,0.2571428571428571,0.0244305994437604,0.0004003431865548,11.877144600000063,-851968,3230,3230,25840,12920,86.93333333333334,0.0
mle,,,5,15,2,0.5,600,480,0.2571428571428571,0.5265480843248641,0.0088975206383877,0.0332189000000653,0,110,55,880,880,,
nn_linear,[],linear,5,15,2,0.5,600,480,0.2571428571428571,0.7230041484939125,0.011190747886322,7.785488699999405,-4849664,140,140,1120,560,178.86666666666667,0.6666666666666666
nn_32_relu,[32],ReLU,5,15,2,0.5,600,480,0.2571428571428571,0.0889331415378165,0.0011758007831513,7.063800699999774,-1044480,3230,3230,25840,12920,112.86666666666666,0.0
mle,,,5,15,2,0.5,1000,800,0.2571428571428571,0.1233772670850422,0.0042006886572499,0.0290279999999256,0,110,55,880,880,,
nn_linear,[],linear,5,15,2,0.5,1000,800,0.2571428571428571,0.6319395814687717,0.0113641758295591,11.73522520000006,-4456448,140,140,1120,560,169.26666666666668,0.6
nn_32_relu,[32],ReLU,5,15,2,0.5,1000,800,0.2571428571428571,0.0468859977265592,0.0004630032475481,10.983630400000038,-987136,3230,3230,25840,12920,103.66666666666669,0.0666666666666666
mle,,,5,15,2,0.5,1400,1120,0.2571428571428571,0.1143107750345484,0.0042220686468157,0.0394490999997287,0,110,55,880,880,,
nn_linear,[],linear,5,15,2,0.5,1400,1120,0.2571428571428571,0.5795649079021356,0.0135526163263453,14.926142399999662,-3608576,140,140,1120,560,156.6,0.4
nn_32_relu,[32],ReLU,5,15,2,0.5,1400,1120,0.2571428571428571,0.0302070163801225,0.0004368738797972,12.816711299999952,-847872,3230,3230,25840,12920,93.33333333333331,0.0
mle,,,1,15,2,1.0,600,480,0.2571428571428571,0.0591289333896419,0.0003064793833346,0.0285078999995676,0,110,55,880,880,,
nn_linear,[],linear,1,15,2,1.0,600,480,0.2571428571428571,0.2577240531458354,0.0013518612553798,6.996043600000121,-4849664,140,140,1120,560,156.0,0.5333333333333333
nn_32_relu,[32],ReLU,1,15,2,1.0,600,480,0.2571428571428571,0.0603030791267632,0.0003095859767831,5.777631799999654,-1044480,3230,3230,25840,12920,94.53333333333332,0.0
mle,,,1,15,2,1.0,1000,800,0.2571428571428571,0.0405376573548535,0.0002139333275293,0.0316948999998203,0,110,55,880,880,,
nn_linear,[],linear,1,15,2,1.0,1000,800,0.2571428571428571,0.2340009883028435,0.0013028727035784,9.5947556000001,-4395008,140,140,1120,560,140.6,0.2
nn_32_relu,[32],ReLU,1,15,2,1.0,1000,800,0.2571428571428571,0.036165940344358,0.0002110479600245,5.926518499999474,-1036288,3230,3230,25840,12920,59.8,0.0
mle,,,1,15,2,1.0,1400,1120,0.2571428571428571,0.0325425232559513,0.0001789831664111,0.0304775000004156,0,110,55,880,880,,
nn_linear,[],linear,1,15,2,1.0,1400,1120,0.2571428571428571,0.2312475106150843,0.0010726384369156,10.491148899999644,-3612672,140,140,1120,560,109.06666666666666,0.1333333333333333
nn_32_relu,[32],ReLU,1,15,2,1.0,1400,1120,0.2571428571428571,0.0315495252240475,0.0001132584539952,7.450686800000767,-847872,3230,3230,25840,12920,55.2,0.0
mle,,,2,15,2,1.0,600,480,0.2571428571428571,0.1582737352328128,0.0023739247892788,0.0291004000000612,0,110,55,880,880,,
nn_linear,[],linear,2,15,2,1.0,600,480,0.2571428571428571,0.7312925321202707,0.004379738464396,6.444276000000173,-4849664,140,140,1120,560,149.6,0.4
nn_32_relu,[32],ReLU,2,15,2,1.0,600,480,0.2571428571428571,0.0733439005471339,0.000729772062537,6.41098460000012,-1044480,3230,3230,25840,12920,104.0,0.0
mle,,,2,15,2,1.0,1000,800,0.2571428571428571,0.087369148946808,0.0008233356533816,0.036641800000325,0,110,55,880,880,,
nn_linear,[],linear,2,15,2,1.0,1000,800,0.2571428571428571,0.6812250245094249,0.0036960076414203,9.801722199999858,-4395008,140,140,1120,560,141.33333333333334,0.0666666666666666
nn_32_relu,[32],ReLU,2,15,2,1.0,1000,800,0.2571428571428571,0.0416477970750151,0.0003086993646169,7.418179299999792,-1019904,3230,3230,25840,12920,74.2,0.0
mle,,,2,15,2,1.0,1400,1120,0.2571428571428571,0.0235488851939903,0.0001199322441727,0.0293087999998533,0,110,55,880,880,,
nn_linear,[],linear,2,15,2,1.0,1400,1120,0.2571428571428571,0.6707075058468005,0.0039644791923634,11.81249260000004,-3530752,140,140,1120,560,124.86666666666666,0.1333333333333333
nn_32_relu,[32],ReLU,2,15,2,1.0,1400,1120,0.2571428571428571,0.0251829160958693,0.0001303912614186,9.781228300000294,-851968,3230,3230,25840,12920,70.46666666666667,0.0
mle,,,3,15,2,1.0,600,480,0.2571428571428571,0.1000749568491668,0.0007505663685457,0.0285790999996606,0,110,55,880,880,,
nn_linear,[],linear,3,15,2,1.0,600,480,0.2571428571428571,0.8572645721221814,0.0041288001651771,6.690704200000255,-4849664,140,140,1120,560,154.73333333333332,0.4666666666666667
nn_32_relu,[32],ReLU,3,15,2,1.0,600,480,0.2571428571428571,0.0701387286495687,0.0003986420796335,5.76682720000008,-1044480,3230,3230,25840,12920,94.53333333333332,0.0
mle,,,3,15,2,1.0,1000,800,0.2571428571428571,0.0703785662264949,0.0007536949696176,0.0275108000005275,0,110,55,880,880,,
nn_linear,[],linear,3,15,2,1.0,1000,800,0.2571428571428571,0.806233621632228,0.0045856940032861,6.917193600000246,-4456448,140,140,1120,560,102.2,0.1333333333333333
nn_32_relu,[32],ReLU,3,15,2,1.0,1000,800,0.2571428571428571,0.0283774235652626,0.0001530663930781,7.729762500000106,-954368,3230,3230,25840,12920,76.53333333333333,0.0
mle,,,3,15,2,1.0,1400,1120,0.2571428571428571,0.0617473218792447,0.0007322760904933,0.0283518999995067,0,110,55,880,880,,
nn_linear,[],linear,3,15,2,1.0,1400,1120,0.2571428571428571,0.7804872159959484,0.0050648930974001,9.786464299999352,-3661824,140,140,1120,560,103.6,0.0666666666666666
nn_32_relu,[32],ReLU,3,15,2,1.0,1400,1120,0.2571428571428571,0.0210980152705247,0.0001111588644261,9.424385599999368,-819200,3230,3230,25840,12920,69.4,0.0
mle,,,4,15,2,1.0,600,480,0.2571428571428571,0.1015835324426995,0.0062557191296207,0.0319110999998883,0,110,55,880,880,,
nn_linear,[],linear,4,15,2,1.0,600,480,0.2571428571428571,0.5801642018671874,0.0047132615784965,6.769691800000146,-4849664,140,140,1120,560,155.73333333333332,0.6
nn_32_relu,[32],ReLU,4,15,2,1.0,600,480,0.2571428571428571,0.1005697878394895,0.0011935199042655,5.53437600000052,-1044480,3230,3230,25840,12920,88.13333333333334,0.0666666666666666
mle,,,4,15,2,1.0,1000,800,0.2571428571428571,0.046298746297773,0.0015105621992449,0.031830799999625,0,110,55,880,880,,
nn_linear,[],linear,4,15,2,1.0,1000,800,0.2571428571428571,0.3957227516314394,0.0048604881169177,10.942859699999644,-4423680,140,140,1120,560,159.93333333333334,0.3333333333333333
nn_32_relu,[32],ReLU,4,15,2,1.0,1000,800,0.2571428571428571,0.0404005925191708,0.0004297409081871,8.597507899999982,-954368,3230,3230,25840,12920,87.13333333333334,0.0
mle,,,4,15,2,1.0,1400,1120,0.2571428571428571,0.0670006155722766,0.0065981752097667,0.0286243000000467,0,110,55,880,880,,
nn_linear,[],linear,4,15,2,1.0,1400,1120,0.2571428571428571,0.3814568108327211,0.005015650693711,14.162456400000336,-3596288,140,140,1120,560,149.13333333333333,0.4
nn_32_relu,[32],ReLU,4,15,2,1.0,1400,1120,0.2571428571428571,0.0299274168966565,0.0002239819327512,8.570296799999596,-851968,3230,3230,25840,12920,62.73333333333333,0.0
mle,,,5,15,2,1.0,600,480,0.2571428571428571,0.0584314161867879,0.0004103155456686,0.0283843999995951,0,110,55,880,880,,
nn_linear,[],linear,5,15,2,1.0,600,480,0.2571428571428571,0.644163189259286,0.0044012240648951,8.045069900000271,-4849664,140,140,1120,560,175.2,0.6
nn_32_relu,[32],ReLU,5,15,2,1.0,600,480,0.2571428571428571,0.0504587195191894,0.0004726851808305,5.9556862999997975,-1044480,3230,3230,25840,12920,89.53333333333333,0.0666666666666666
mle,,,5,15,2,1.0,1000,800,0.2571428571428571,0.034705459857307,0.0002533490823772,0.032376999999542,0,110,55,880,880,,
nn_linear,[],linear,5,15,2,1.0,1000,800,0.2571428571428571,0.6206548901795832,0.0039847215704175,7.64902930000062,-4456448,140,140,1120,560,111.6,0.2
nn_32_relu,[32],ReLU,5,15,2,1.0,1000,800,0.2571428571428571,0.0333341513956931,0.0002105296067617,6.534347200000411,-958464,3230,3230,25840,12920,66.0,0.0
mle,,,5,15,2,1.0,1400,1120,0.2571428571428571,0.0201671580279653,0.0001068357910394,0.0331098000006022,0,110,55,880,880,,
nn_linear,[],linear,5,15,2,1.0,1400,1120,0.2571428571428571,0.6003192210310601,0.005107681189478,11.37894529999994,-3657728,140,140,1120,560,121.6,0.1333333333333333
nn_32_relu,[32],ReLU,5,15,2,1.0,1400,1120,0.2571428571428571,0.0358470719905635,0.0002095634238691,7.130969000000732,-835584,3230,3230,25840,12920,51.266666666666666,0.0
mle,,,1,15,4,0.1,600,480,0.4761904761904761,0.4607822956317435,0.0153579056684587,0.0516963000000032,0,382,191,3056,3056,,
nn_linear,[],linear,1,15,4,0.1,600,480,0.4761904761904761,0.747487625318934,0.011492889374049,8.236244700000498,-4644864,232,232,1856,928,188.7333333333333,0.8666666666666667
nn_32_relu,[32],ReLU,1,15,4,0.1,600,480,0.4761904761904761,0.1505159723442572,0.0153792309532107,10.069290699999328,-1515520,4702,4702,37616,18808,159.06666666666666,0.4666666666666667
mle,,,1,15,4,0.1,1000,800,0.4761904761904761,0.3105591648829963,0.0146802289292023,0.041053599999941,0,382,191,3056,3056,,
nn_linear,[],linear,1,15,4,0.1,1000,800,0.4761904761904761,0.4896042836502031,0.0112790614665262,12.528476100000262,-4341760,232,232,1856,928,179.93333333333334,0.7333333333333333
nn_32_relu,[32],ReLU,1,15,4,0.1,1000,800,0.4761904761904761,0.1024142686417717,0.0102019536928722,14.679644499999997,-1396736,4702,4702,37616,18808,147.53333333333333,0.4
mle,,,1,15,4,0.1,1400,1120,0.4761904761904761,0.1888847693551202,0.0113392194747881,0.0377923999994891,0,382,191,3056,3056,,
nn_linear,[],linear,1,15,4,0.1,1400,1120,0.4761904761904761,0.4005271494990269,0.0115263318701321,16.367393300000003,-3534848,232,232,1856,928,171.6,0.5333333333333333
nn_32_relu,[32],ReLU,1,15,4,0.1,1400,1120,0.4761904761904761,0.0847790831089204,0.0088562450760947,16.2603466999999,110592,4702,4702,37616,18808,119.26666666666668,0.1333333333333333
mle,,,2,15,4,0.1,600,480,0.4761904761904761,0.1414115543456437,0.0028900512066009,0.0424364000000423,0,382,191,3056,3056,,
nn_linear,[],linear,2,15,4,0.1,600,480,0.4761904761904761,1.302052694278949,0.009861833084532,8.852154199999859,-4935680,232,232,1856,928,200.0,1.0
nn_32_relu,[32],ReLU,2,15,4,0.1,600,480,0.4761904761904761,0.0840763488548491,0.0043282847663513,9.574878700000228,-1818624,4702,4702,37616,18808,153.33333333333334,0.6
mle,,,2,15,4,0.1,1000,800,0.4761904761904761,0.0935127414084243,0.0021478094586869,0.0429893999998967,0,382,191,3056,3056,,
nn_linear,[],linear,2,15,4,0.1,1000,800,0.4761904761904761,0.8787918214235649,0.0101287007759012,13.534115399999791,-4411392,232,232,1856,928,196.66666666666663,0.8666666666666667
nn_32_relu,[32],ReLU,2,15,4,0.1,1000,800,0.4761904761904761,0.0358847976626035,0.0019211618597771,15.795223000000078,-1720320,4702,4702,37616,18808,156.0,0.4
mle,,,2,15,4,0.1,1400,1120,0.4761904761904761,0.1170069925458541,0.0030973276964297,0.0388680000005479,0,382,191,3056,3056,,
nn_linear,[],linear,2,15,4,0.1,1400,1120,0.4761904761904761,0.7392310192644993,0.0110558693893821,18.477146599999287,-4210688,232,232,1856,928,194.26666666666668,0.8666666666666667
nn_32_relu,[32],ReLU,2,15,4,0.1,1400,1120,0.4761904761904761,0.0380065195943919,0.0019459481351381,18.065842999999404,61440,4702,4702,37616,18808,131.8,0.2
mle,,,3,15,4,0.1,600,480,0.4761904761904761,0.2184836387765831,0.011602082390122,0.0380741999997553,0,382,191,3056,3056,,
nn_linear,[],linear,3,15,4,0.1,600,480,0.4761904761904761,0.674726124288139,0.0098905942040221,8.51325480000014,-3702784,232,232,1856,928,196.06666666666663,0.8666666666666667
nn_32_relu,[32],ReLU,3,15,4,0.1,600,480,0.4761904761904761,0.1445130424117195,0.0067653738664606,6.713207599999805,-1622016,4702,4702,37616,18808,103.93333333333334,0.1333333333333333
mle,,,3,15,4,0.1,1000,800,0.4761904761904761,0.1530424969228137,0.0137298850136552,0.0424161999999341,0,382,191,3056,3056,,
nn_linear,[],linear,3,15,4,0.1,1000,800,0.4761904761904761,0.4041665031627651,0.0095660021040642,13.78839280000011,-4812800,232,232,1856,928,200.0,1.0
nn_32_relu,[32],ReLU,3,15,4,0.1,1000,800,0.4761904761904761,0.0502967096587585,0.0048705996536306,13.08941539999978,-1404928,4702,4702,37616,18808,129.93333333333334,0.2
mle,,,3,15,4,0.1,1400,1120,0.4761904761904761,0.0731335941860558,0.0063244721464729,0.0414754000003085,0,382,191,3056,3056,,
nn_linear,[],linear,3,15,4,0.1,1400,1120,0.4761904761904761,0.2726666368489026,0.0105633733316423,18.38366359999964,-4448256,232,232,1856,928,194.9333333333333,0.8666666666666667
nn_32_relu,[32],ReLU,3,15,4,0.1,1400,1120,0.4761904761904761,0.0286936213188155,0.0050577995092684,20.19453140000041,32768,4702,4702,37616,18808,145.53333333333333,0.2666666666666666
mle,,,4,15,4,0.1,600,480,0.4761904761904761,0.2922712299532966,0.028443456354447,0.0391639999998005,0,382,191,3056,3056,,
nn_linear,[],linear,4,15,4,0.1,600,480,0.4761904761904761,0.8274697634054592,0.007469637226798,8.584396000000197,-4374528,232,232,1856,928,198.46666666666667,0.9333333333333332
nn_32_relu,[32],ReLU,4,15,4,0.1,600,480,0.4761904761904761,0.091288296144588,0.0072097814765718,9.04139049999958,-1912832,4702,4702,37616,18808,146.73333333333332,0.3333333333333333
mle,,,4,15,4,0.1,1000,800,0.4761904761904761,0.126011995806391,0.0122133994884021,0.0376610000002983,0,382,191,3056,3056,,
nn_linear,[],linear,4,15,4,0.1,1000,800,0.4761904761904761,0.408101853528249,0.0065894165201645,13.776288099999874,-5050368,232,232,1856,928,197.4,0.9333333333333332
nn_32_relu,[32],ReLU,4,15,4,0.1,1000,800,0.4761904761904761,0.0483839896566818,0.006362526215014,16.004112199999327,-1376256,4702,4702,37616,18808,159.86666666666667,0.4
mle,,,4,15,4,0.1,1400,1120,0.4761904761904761,0.1521726376665964,0.0136166983125051,0.0435178999996423,0,382,191,3056,3056,,
nn_linear,[],linear,4,15,4,0.1,1400,1120,0.4761904761904761,0.3017594976917425,0.0072048112599284,18.454176799999917,-2985984,232,232,1856,928,192.6,0.9333333333333332
nn_32_relu,[32],ReLU,4,15,4,0.1,1400,1120,0.4761904761904761,0.0491821094567578,0.0058408089605169,17.29736369999955,40960,4702,4702,37616,18808,124.6,0.2666666666666666
mle,,,5,15,4,0.1,600,480,0.4761904761904761,0.4741926330657631,0.0135529520789367,0.0415356000003157,0,382,191,3056,3056,,
nn_linear,[],linear,5,15,4,0.1,600,480,0.4761904761904761,0.9377692281367148,0.0137664232686306,8.612558499999977,-5120000,232,232,1856,928,199.66666666666663,0.9333333333333332
nn_32_relu,[32],ReLU,5,15,4,0.1,600,480,0.4761904761904761,0.134114358217159,0.0066986528883147,8.992212399999516,-1785856,4702,4702,37616,18808,146.8,0.4
mle,,,5,15,4,0.1,1000,800,0.4761904761904761,0.2817456242619593,0.016934634750643,0.0368489000002227,0,382,191,3056,3056,,
nn_linear,[],linear,5,15,4,0.1,1000,800,0.4761904761904761,0.676186942410553,0.0137092777457477,13.883468199999696,-6107136,232,232,1856,928,200.0,1.0
nn_32_relu,[32],ReLU,5,15,4,0.1,1000,800,0.4761904761904761,0.0622049760978388,0.0040643259030711,13.009167600000184,-1748992,4702,4702,37616,18808,131.13333333333333,0.2666666666666666
mle,,,5,15,4,0.1,1400,1120,0.4761904761904761,0.141871004490947,0.0070136974306764,0.0401259000000209,0,382,191,3056,3056,,
nn_linear,[],linear,5,15,4,0.1,1400,1120,0.4761904761904761,0.5500053818599349,0.0121376937340544,18.42763389999982,-3608576,232,232,1856,928,193.9333333333333,0.9333333333333332
nn_32_relu,[32],ReLU,5,15,4,0.1,1400,1120,0.4761904761904761,0.0467627650152635,0.0040213890052648,18.209340399999743,147456,4702,4702,37616,18808,133.73333333333332,0.2
mle,,,1,15,4,0.5,600,480,0.4761904761904761,1.1225331130228358,0.0276442352119965,0.0378977999998824,0,382,191,3056,3056,,
nn_linear,[],linear,1,15,4,0.5,600,480,0.4761904761904761,1.6315645763903883,0.0167122148899412,6.537369900000158,-4448256,232,232,1856,928,148.06666666666666,0.4
nn_32_relu,[32],ReLU,1,15,4,0.5,600,480,0.4761904761904761,0.275097615684206,0.0075108686392908,9.289957300000424,-1589248,4702,4702,37616,18808,150.53333333333333,0.2
mle,,,1,15,4,0.5,1000,800,0.4761904761904761,0.8624976357570348,0.0381847312810015,0.0398620999994818,0,382,191,3056,3056,,
nn_linear,[],linear,1,15,4,0.5,1000,800,0.4761904761904761,1.5719727163670665,0.0166617198960327,8.835654900000009,-5308416,232,232,1856,928,128.93333333333334,0.2
nn_32_relu,[32],ReLU,1,15,4,0.5,1000,800,0.4761904761904761,0.1628403067001476,0.0041571525406961,13.946388800000022,-1445888,4702,4702,37616,18808,138.0,0.4
mle,,,1,15,4,0.5,1400,1120,0.4761904761904761,0.5938063204551591,0.022508748448702,0.0399876999999833,0,382,191,3056,3056,,
nn_linear,[],linear,1,15,4,0.5,1400,1120,0.4761904761904761,1.557392495227564,0.0167362104584097,12.56017520000023,-3448832,232,232,1856,928,134.26666666666668,0.2
nn_32_relu,[32],ReLU,1,15,4,0.5,1400,1120,0.4761904761904761,0.127011318487334,0.0031944801171555,17.515011999999842,114688,4702,4702,37616,18808,127.26666666666668,0.3333333333333333
mle,,,2,15,4,0.5,600,480,0.4761904761904761,1.0638896573866594,0.040304798537753,0.0403719000005367,0,382,191,3056,3056,,
nn_linear,[],linear,2,15,4,0.5,600,480,0.4761904761904761,1.6915830561663163,0.0080005996362171,7.323519699999451,-4747264,232,232,1856,928,170.2,0.6666666666666666
nn_32_relu,[32],ReLU,2,15,4,0.5,600,480,0.4761904761904761,0.1806413797980796,0.002839068640093,7.9911247,-1601536,4702,4702,37616,18808,129.86666666666667,0.1333333333333333
mle,,,2,15,4,0.5,1000,800,0.4761904761904761,0.6638318684289986,0.0266596646582409,0.0373644000001149,0,382,191,3056,3056,,
nn_linear,[],linear,2,15,4,0.5,1000,800,0.4761904761904761,1.513098390081426,0.0083066281949649,9.894102600000224,-4919296,232,232,1856,928,143.73333333333332,0.3333333333333333
nn_32_relu,[32],ReLU,2,15,4,0.5,1000,800,0.4761904761904761,0.1135244678072448,0.0025578187133118,14.235783499999345,-1544192,4702,4702,37616,18808,141.86666666666667,0.3333333333333333
mle,,,2,15,4,0.5,1400,1120,0.4761904761904761,0.4703139071940361,0.0202696080147089,0.0442826999997123,0,382,191,3056,3056,,
nn_linear,[],linear,2,15,4,0.5,1400,1120,0.4761904761904761,1.429934749520573,0.0089241475713467,14.139930999999706,-3334144,232,232,1856,928,150.73333333333332,0.4666666666666667
nn_32_relu,[32],ReLU,2,15,4,0.5,1400,1120,0.4761904761904761,0.0797064187293721,0.0023121929104122,18.544386400000803,106496,4702,4702,37616,18808,134.8,0.2
mle,,,3,15,4,0.5,600,480,0.4761904761904761,1.1758704404455893,0.0240047027915599,0.0361917000000175,0,382,191,3056,3056,,
nn_linear,[],linear,3,15,4,0.5,600,480,0.4761904761904761,1.7984086684576717,0.0144905896395104,6.983653700000104,-4595712,232,232,1856,928,162.26666666666668,0.4666666666666667
nn_32_relu,[32],ReLU,3,15,4,0.5,600,480,0.4761904761904761,0.2412542287053638,0.004553677580697,9.14334560000043,-1597440,4702,4702,37616,18808,144.86666666666667,0.2666666666666666
mle,,,3,15,4,0.5,1000,800,0.4761904761904761,0.8129162752371444,0.0190731930278205,0.0362171999995553,0,382,191,3056,3056,,
nn_linear,[],linear,3,15,4,0.5,1000,800,0.4761904761904761,1.6888814068547189,0.0150586249626468,10.633829500000502,-4845568,232,232,1856,928,154.93333333333334,0.3333333333333333
nn_32_relu,[32],ReLU,3,15,4,0.5,1000,800,0.4761904761904761,0.1157358587802072,0.0017265562188211,12.135220799999844,-1376256,4702,4702,37616,18808,123.93333333333334,0.1333333333333333
mle,,,3,15,4,0.5,1400,1120,0.4761904761904761,0.5093727287628,0.0152734469704019,0.0371877000006861,0,382,191,3056,3056,,
nn_linear,[],linear,3,15,4,0.5,1400,1120,0.4761904761904761,1.665934985696827,0.0160504548593604,13.760536099999626,-3010560,232,232,1856,928,144.13333333333333,0.2666666666666666
nn_32_relu,[32],ReLU,3,15,4,0.5,1400,1120,0.4761904761904761,0.0936118500513243,0.002257169652176,18.85847079999985,94208,4702,4702,37616,18808,136.8,0.2
mle,,,4,15,4,0.5,600,480,0.4761904761904761,1.632415098996671,0.0411589238158238,0.044196899999406,0,382,191,3056,3056,,
nn_linear,[],linear,4,15,4,0.5,600,480,0.4761904761904761,2.011619157586624,0.0148491372619146,7.483241899999484,-5033984,232,232,1856,928,170.33333333333334,0.5333333333333333
nn_32_relu,[32],ReLU,4,15,4,0.5,600,480,0.4761904761904761,0.3443828493566674,0.005316051482274,8.152020300000004,-1949696,4702,4702,37616,18808,133.4,0.2
mle,,,4,15,4,0.5,1000,800,0.4761904761904761,0.5794726988676709,0.0198098253563569,0.0402790999996796,0,382,191,3056,3056,,
nn_linear,[],linear,4,15,4,0.5,1000,800,0.4761904761904761,1.8515566246439856,0.0152923997844949,10.918012300000555,-6086656,232,232,1856,928,158.13333333333333,0.4666666666666667
nn_32_relu,[32],ReLU,4,15,4,0.5,1000,800,0.4761904761904761,0.1679569876993546,0.0038226208478399,12.493070199999238,-1511424,4702,4702,37616,18808,125.33333333333331,0.1333333333333333
mle,,,4,15,4,0.5,1400,1120,0.4761904761904761,0.4216223724637384,0.0186051229723765,0.0371258000004672,0,382,191,3056,3056,,
nn_linear,[],linear,4,15,4,0.5,1400,1120,0.4761904761904761,1.8531547003394429,0.0154970741879039,11.519832100000713,-3600384,232,232,1856,928,122.06666666666666,0.1333333333333333
nn_32_relu,[32],ReLU,4,15,4,0.5,1400,1120,0.4761904761904761,0.0970423692495442,0.0020054221671284,18.94228320000002,131072,4702,4702,37616,18808,137.66666666666666,0.2666666666666666
mle,,,5,15,4,0.5,600,480,0.4761904761904761,1.2969579700043177,0.0396636190118788,0.0364840000002004,0,382,191,3056,3056,,
nn_linear,[],linear,5,15,4,0.5,600,480,0.4761904761904761,1.3536398593434862,0.011178915209365,7.589891299998271,-4644864,232,232,1856,928,175.33333333333334,0.5333333333333333
nn_32_relu,[32],ReLU,5,15,4,0.5,600,480,0.4761904761904761,0.2909576953488866,0.0055930896945685,7.505922299998929,-1884160,4702,4702,37616,18808,121.4,0.1333333333333333
mle,,,5,15,4,0.5,1000,800,0.4761904761904761,1.1557437905416268,0.0420249875907715,0.0388631999994686,0,382,191,3056,3056,,
nn_linear,[],linear,5,15,4,0.5,1000,800,0.4761904761904761,1.286614425264936,0.0123245346721699,11.263571600000432,-6184960,232,232,1856,928,161.6,0.5333333333333333
nn_32_relu,[32],ReLU,5,15,4,0.5,1000,800,0.4761904761904761,0.1584575384034704,0.0041181046712758,13.6748776000004,-1462272,4702,4702,37616,18808,137.26666666666668,0.1333333333333333
mle,,,5,15,4,0.5,1400,1120,0.4761904761904761,0.6386029812908295,0.0249657324511734,0.0390162000003329,0,382,191,3056,3056,,
nn_linear,[],linear,5,15,4,0.5,1400,1120,0.4761904761904761,1.2682375673015769,0.012358043130603,13.792954300000927,-3465216,232,232,1856,928,144.93333333333334,0.3333333333333333
nn_32_relu,[32],ReLU,5,15,4,0.5,1400,1120,0.4761904761904761,0.1249397568906352,0.0038001498377601,15.163819299999886,122880,4702,4702,37616,18808,110.73333333333332,0.0666666666666666
mle,,,1,15,4,1.0,600,480,0.4761904761904761,1.824749478187196,0.0622107408891165,0.0409362999998847,0,382,191,3056,3056,,
nn_linear,[],linear,1,15,4,1.0,600,480,0.4761904761904761,1.6604940785286135,0.0079196489360724,4.7571267999992415,-4689920,232,232,1856,928,111.06666666666666,0.1333333333333333
nn_32_relu,[32],ReLU,1,15,4,1.0,600,480,0.4761904761904761,0.3153765017829316,0.0047974080306703,7.6421219000003475,-1589248,4702,4702,37616,18808,121.86666666666666,0.2666666666666666
mle,,,1,15,4,1.0,1000,800,0.4761904761904761,0.7954217162062073,0.0286517673546916,0.044455299999754,0,382,191,3056,3056,,
nn_linear,[],linear,1,15,4,1.0,1000,800,0.4761904761904761,1.5223577760431095,0.008869128656792,9.09555139999975,-4919296,232,232,1856,928,132.53333333333333,0.2
nn_32_relu,[32],ReLU,1,15,4,1.0,1000,800,0.4761904761904761,0.1445608113470938,0.0026984683490547,13.930626100000154,-1462272,4702,4702,37616,18808,141.2,0.3333333333333333
mle,,,1,15,4,1.0,1400,1120,0.4761904761904761,0.65756813481783,0.0265233173685787,0.0438419000001886,0,382,191,3056,3056,,
nn_linear,[],linear,1,15,4,1.0,1400,1120,0.4761904761904761,1.506919181763771,0.0085286362996186,10.521436099999846,-3346432,232,232,1856,928,110.33333333333331,0.0666666666666666
nn_32_relu,[32],ReLU,1,15,4,1.0,1400,1120,0.4761904761904761,0.1250884253657625,0.0026688075881005,11.809473200000866,40960,4702,4702,37616,18808,86.73333333333333,0.0
mle,,,2,15,4,1.0,600,480,0.4761904761904761,2.1705729898902444,0.0633342744079557,0.0366151999987778,0,382,191,3056,3056,,
nn_linear,[],linear,2,15,4,1.0,600,480,0.4761904761904761,1.3587904202726802,0.0077941124819691,5.801912900000389,-4689920,232,232,1856,928,136.26666666666668,0.1333333333333333
nn_32_relu,[32],ReLU,2,15,4,1.0,600,480,0.4761904761904761,0.3068754897344172,0.0031300255792907,7.168908899999224,-1581056,4702,4702,37616,18808,116.53333333333332,0.0666666666666666
mle,,,2,15,4,1.0,1000,800,0.4761904761904761,0.5087334236360551,0.0240658153444171,0.0434906999998929,0,382,191,3056,3056,,
nn_linear,[],linear,2,15,4,1.0,1000,800,0.4761904761904761,1.2822911202569445,0.0076455395959691,7.893717699998888,-4956160,232,232,1856,928,114.4,0.1333333333333333
nn_32_relu,[32],ReLU,2,15,4,1.0,1000,800,0.4761904761904761,0.1316042498675315,0.0014965138310822,13.059851300000446,-1609728,4702,4702,37616,18808,131.0,0.1333333333333333
mle,,,2,15,4,1.0,1400,1120,0.4761904761904761,0.3709221271089487,0.0172409610119425,0.0385217000002739,0,382,191,3056,3056,,
nn_linear,[],linear,2,15,4,1.0,1400,1120,0.4761904761904761,1.276203692199795,0.0089900965220781,10.495350899998812,-3670016,232,232,1856,928,110.66666666666669,0.2
nn_32_relu,[32],ReLU,2,15,4,1.0,1400,1120,0.4761904761904761,0.086267312000882,0.0010405528206011,17.036212799999703,86016,4702,4702,37616,18808,124.46666666666668,0.1333333333333333
mle,,,3,15,4,1.0,600,480,0.4761904761904761,1.9528770038085492,0.036185614489339,0.0384477999996306,0,382,191,3056,3056,,
nn_linear,[],linear,3,15,4,1.0,600,480,0.4761904761904761,1.2158435925959186,0.0087415934081592,6.520894600000247,-4292608,232,232,1856,928,151.93333333333334,0.4666666666666667
nn_32_relu,[32],ReLU,3,15,4,1.0,600,480,0.4761904761904761,0.3115454154079782,0.0028932933546341,7.19379889999982,-1581056,4702,4702,37616,18808,112.66666666666669,0.2666666666666666
mle,,,3,15,4,1.0,1000,800,0.4761904761904761,0.765700008135047,0.0221602380459508,0.0379228999991028,0,382,191,3056,3056,,
nn_linear,[],linear,3,15,4,1.0,1000,800,0.4761904761904761,1.1733596170014846,0.0087366364323053,7.898538199999166,-4919296,232,232,1856,928,114.66666666666669,0.0666666666666666
nn_32_relu,[32],ReLU,3,15,4,1.0,1000,800,0.4761904761904761,0.1643954573076128,0.0015286073001491,12.36686650000047,-1519616,4702,4702,37616,18808,124.13333333333334,0.2666666666666666
mle,,,3,15,4,1.0,1400,1120,0.4761904761904761,0.4176510915105593,0.0192292547513475,0.03593230000115,0,382,191,3056,3056,,
nn_linear,[],linear,3,15,4,1.0,1400,1120,0.4761904761904761,1.1601676312958735,0.0088477211944912,9.405295499998829,-3383296,232,232,1856,928,98.06666666666666,0.0666666666666666
nn_32_relu,[32],ReLU,3,15,4,1.0,1400,1120,0.4761904761904761,0.1004571607629739,0.0011176410926159,17.611333200000445,98304,4702,4702,37616,18808,128.66666666666666,0.3333333333333333
mle,,,4,15,4,1.0,600,480,0.4761904761904761,2.126526265887483,0.0438018217228612,0.0375851000007969,0,382,191,3056,3056,,
nn_linear,[],linear,4,15,4,1.0,600,480,0.4761904761904761,1.8301236871013016,0.0092320733254495,5.811379099999613,-4689920,232,232,1856,928,135.2,0.4
nn_32_relu,[32],ReLU,4,15,4,1.0,600,480,0.4761904761904761,0.2534268888986493,0.0036480989413963,8.16504789999999,-1589248,4702,4702,37616,18808,128.33333333333334,0.2
mle,,,4,15,4,1.0,1000,800,0.4761904761904761,0.442031977250939,0.009802422852336,0.0388708000009501,0,382,191,3056,3056,,
nn_linear,[],linear,4,15,4,1.0,1000,800,0.4761904761904761,1.7715941019272627,0.0089546742607983,7.47021709999899,-4919296,232,232,1856,928,109.33333333333331,0.0666666666666666
nn_32_relu,[32],ReLU,4,15,4,1.0,1000,800,0.4761904761904761,0.1392781646976005,0.0019118325258911,12.50037279999924,-1503232,4702,4702,37616,18808,125.4,0.2
mle,,,4,15,4,1.0,1400,1120,0.4761904761904761,0.3459620242477222,0.010872419234341,0.0379823999992368,0,382,191,3056,3056,,
nn_linear,[],linear,4,15,4,1.0,1400,1120,0.4761904761904761,1.7670287411008394,0.0085114629820406,9.999982600000294,-3702784,232,232,1856,928,104.4,0.0666666666666666
nn_32_relu,[32],ReLU,4,15,4,1.0,1400,1120,0.4761904761904761,0.1167476279998865,0.0018685724274014,11.736317400000187,40960,4702,4702,37616,18808,86.4,0.0
mle,,,5,15,4,1.0,600,480,0.4761904761904761,1.4631175299889727,0.0501066996278209,0.0395419999986188,0,382,191,3056,3056,,
nn_linear,[],linear,5,15,4,1.0,600,480,0.4761904761904761,1.254638348725437,0.0079553080366328,7.391565899999477,-4288512,232,232,1856,928,170.66666666666666,0.5333333333333333
nn_32_relu,[32],ReLU,5,15,4,1.0,600,480,0.4761904761904761,0.2515868058033308,0.0038534810714452,7.177171100000123,-1605632,4702,4702,37616,18808,112.86666666666666,0.1333333333333333
mle,,,5,15,4,1.0,1000,800,0.4761904761904761,1.1480591949173973,0.0496867039139138,0.0361601000004156,0,382,191,3056,3056,,
nn_linear,[],linear,5,15,4,1.0,1000,800,0.4761904761904761,1.221608046181348,0.0080203045517255,8.346706000000268,-5013504,232,232,1856,928,122.33333333333331,0.2
nn_32_relu,[32],ReLU,5,15,4,1.0,1000,800,0.4761904761904761,0.1362798067598694,0.0019723090337301,11.897950700000363,-1347584,4702,4702,37616,18808,120.0,0.1333333333333333
mle,,,5,15,4,1.0,1400,1120,0.4761904761904761,0.5362679572346489,0.0264546571047233,0.0385227999995549,0,382,191,3056,3056,,
nn_linear,[],linear,5,15,4,1.0,1400,1120,0.4761904761904761,1.1940316024960118,0.007802381550793,9.504229300000588,-3334144,232,232,1856,928,99.4,0.0666666666666666
nn_32_relu,[32],ReLU,5,15,4,1.0,1400,1120,0.4761904761904761,0.1108911042488396,0.001928007487296,13.0028626000003,40960,4702,4702,37616,18808,95.53333333333332,0.1333333333333333
mle,,,1,15,6,0.1,600,480,0.6571428571428571,0.1487841432589279,0.0129672053399769,0.0515826999999262,0,1278,639,10224,10224,,
nn_linear,[],linear,1,15,6,0.1,600,480,0.6571428571428571,0.9115292336925768,0.0085158743665321,7.966031500000099,-4014080,308,308,2464,1232,184.6,0.8
nn_32_relu,[32],ReLU,1,15,6,0.1,600,480,0.6571428571428571,0.1214158886231085,0.0078763150014643,6.19541609999942,-2215936,5918,5918,47344,23672,100.86666666666666,0.0666666666666666
mle,,,1,15,6,0.1,1000,800,0.6571428571428571,0.0924091461410961,0.0085978646961234,0.0495099999989179,0,1278,639,10224,10224,,
nn_linear,[],linear,1,15,6,0.1,1000,800,0.6571428571428571,0.6158062790448303,0.0078017267403325,12.918138299999557,-581632,308,308,2464,1232,186.33333333333331,0.8666666666666667
nn_32_relu,[32],ReLU,1,15,6,0.1,1000,800,0.6571428571428571,0.0481954928983329,0.0081906101767536,13.458977199999936,-2891776,5918,5918,47344,23672,134.8,0.2666666666666666
mle,,,1,15,6,0.1,1400,1120,0.6571428571428571,0.0711253096310702,0.0052561904310552,0.0464783000006718,0,1278,639,10224,10224,,
nn_linear,[],linear,1,15,6,0.1,1400,1120,0.6571428571428571,0.5122046519632426,0.0091420252482728,17.127535899999202,-147456,308,308,2464,1232,179.4,0.8
nn_32_relu,[32],ReLU,1,15,6,0.1,1400,1120,0.6571428571428571,0.0716145994003347,0.0088875682746713,11.21312509999916,-1310720,5918,5918,47344,23672,81.66666666666667,0.0666666666666666
mle,,,2,15,6,0.1,600,480,0.6571428571428571,0.3868313273658158,0.0233134503243753,0.0486705000002984,0,1278,639,10224,10224,,
nn_linear,[],linear,2,15,6,0.1,600,480,0.6571428571428571,0.7593728565431689,0.0124634181000391,8.430917599998793,-1228800,308,308,2464,1232,194.26666666666668,0.9333333333333332
nn_32_relu,[32],ReLU,2,15,6,0.1,600,480,0.6571428571428571,0.2318207245824883,0.0137722472665072,8.392229600000064,-2109440,5918,5918,47344,23672,135.53333333333333,0.3333333333333333
mle,,,2,15,6,0.1,1000,800,0.6571428571428571,0.1785275273347047,0.0124677552745211,0.0501942000009876,0,1278,639,10224,10224,,
nn_linear,[],linear,2,15,6,0.1,1000,800,0.6571428571428571,0.4248268818109033,0.0121683489611978,13.380145999999511,24576,308,308,2464,1232,194.8,0.8666666666666667
nn_32_relu,[32],ReLU,2,15,6,0.1,1000,800,0.6571428571428571,0.0692664865769964,0.0050245257663568,13.946745799999915,-1740800,5918,5918,47344,23672,137.73333333333332,0.3333333333333333
mle,,,2,15,6,0.1,1400,1120,0.6571428571428571,0.2503057858916362,0.0182921523479748,0.044045399999959,0,1278,639,10224,10224,,
nn_linear,[],linear,2,15,6,0.1,1400,1120,0.6571428571428571,0.3319447747031075,0.0139228371751539,18.77707909999845,16384,308,308,2464,1232,199.6,0.9333333333333332
nn_32_relu,[32],ReLU,2,15,6,0.1,1400,1120,0.6571428571428571,0.0611644132319568,0.0055147495274107,20.00696210000024,-1974272,5918,5918,47344,23672,143.0,0.2666666666666666
mle,,,3,15,6,0.1,600,480,0.6571428571428571,0.5990428553459818,0.0209080155893004,0.0491965000001073,0,1278,639,10224,10224,,
nn_linear,[],linear,3,15,6,0.1,600,480,0.6571428571428571,1.4485722249410933,0.0189564403727269,8.05741339999986,-1150976,308,308,2464,1232,185.8,0.8666666666666667
nn_32_relu,[32],ReLU,3,15,6,0.1,600,480,0.6571428571428571,0.2960221723481599,0.0109093656814341,9.715710799999217,-2256896,5918,5918,47344,23672,154.26666666666668,0.4666666666666667
mle,,,3,15,6,0.1,1000,800,0.6571428571428571,0.4734981224938956,0.0178232354293359,0.0480373000009421,0,1278,639,10224,10224,,
nn_linear,[],linear,3,15,6,0.1,1000,800,0.6571428571428571,1.2169064660326585,0.0200097392755606,12.655104100000244,24576,308,308,2464,1232,184.2,0.8
nn_32_relu,[32],ReLU,3,15,6,0.1,1000,800,0.6571428571428571,0.1729485394226291,0.0069299105848827,14.259991799999623,-2215936,5918,5918,47344,23672,142.66666666666666,0.2
mle,,,3,15,6,0.1,1400,1120,0.6571428571428571,0.3785696593203517,0.0198427823745572,0.0496387999992293,0,1278,639,10224,10224,,
nn_linear,[],linear,3,15,6,0.1,1400,1120,0.6571428571428571,1.091388183743949,0.0213155190296443,16.972283600000083,53248,308,308,2464,1232,180.13333333333333,0.7333333333333333
nn_32_relu,[32],ReLU,3,15,6,0.1,1400,1120,0.6571428571428571,0.1030561607798894,0.0060798221165241,20.87513349999972,-1916928,5918,5918,47344,23672,151.4,0.3333333333333333
mle,,,4,15,6,0.1,600,480,0.6571428571428571,0.4977723287951359,0.0177814692981597,0.0448872999986633,0,1278,639,10224,10224,,
nn_linear,[],linear,4,15,6,0.1,600,480,0.6571428571428571,1.133842978436386,0.0162090245220824,8.308562599999277,-1171456,308,308,2464,1232,191.13333333333333,0.8666666666666667
nn_32_relu,[32],ReLU,4,15,6,0.1,600,480,0.6571428571428571,0.2289586837120053,0.01273911198925,9.801354600000195,-2232320,5918,5918,47344,23672,159.33333333333334,0.5333333333333333
mle,,,4,15,6,0.1,1000,800,0.6571428571428571,0.387470015000774,0.0184643091586999,0.0493284999993193,0,1278,639,10224,10224,,
nn_linear,[],linear,4,15,6,0.1,1000,800,0.6571428571428571,0.9393420923827634,0.0148016726620991,12.98043360000156,61440,308,308,2464,1232,187.2,0.7333333333333333
nn_32_relu,[32],ReLU,4,15,6,0.1,1000,800,0.6571428571428571,0.1484994065158452,0.0096043580434629,14.07152750000023,-2027520,5918,5918,47344,23672,143.66666666666666,0.3333333333333333
mle,,,4,15,6,0.1,1400,1120,0.6571428571428571,0.2599759809389456,0.018989392927959,0.0441074999998818,0,1278,639,10224,10224,,
nn_linear,[],linear,4,15,6,0.1,1400,1120,0.6571428571428571,0.8390819117324827,0.015180730800117,18.053515499999776,20480,308,308,2464,1232,190.66666666666663,0.6666666666666666
nn_32_relu,[32],ReLU,4,15,6,0.1,1400,1120,0.6571428571428571,0.1078809136868051,0.0096324927280898,17.08743560000039,-1798144,5918,5918,47344,23672,123.73333333333332,0.1333333333333333
mle,,,5,15,6,0.1,600,480,0.6571428571428571,0.6925258429920396,0.0259513885581427,0.048513499999899,0,1278,639,10224,10224,,
nn_linear,[],linear,5,15,6,0.1,600,480,0.6571428571428571,1.4817215694175192,0.0236265067053236,8.270711099999971,-1486848,308,308,2464,1232,192.53333333333333,0.9333333333333332
nn_32_relu,[32],ReLU,5,15,6,0.1,600,480,0.6571428571428571,0.2592086906912149,0.0119183418273643,9.617128799998682,-2195456,5918,5918,47344,23672,155.46666666666667,0.4666666666666667
mle,,,5,15,6,0.1,1000,800,0.6571428571428571,0.686402644046424,0.0294454218758614,0.0476475000014033,0,1278,639,10224,10224,,
nn_linear,[],linear,5,15,6,0.1,1000,800,0.6571428571428571,1.2572699054658505,0.0242997613910165,13.13796800000091,-167936,308,308,2464,1232,190.13333333333333,0.8
nn_32_relu,[32],ReLU,5,15,6,0.1,1000,800,0.6571428571428571,0.2271439126509672,0.0119859302862801,13.88858899999832,-1818624,5918,5918,47344,23672,140.2,0.4
mle,,,5,15,6,0.1,1400,1120,0.6571428571428571,0.3520921521489882,0.0150437691988552,0.0504339999988587,0,1278,639,10224,10224,,
nn_linear,[],linear,5,15,6,0.1,1400,1120,0.6571428571428571,1.1632907752141377,0.0253189227009594,16.3646590999997,573440,308,308,2464,1232,171.53333333333333,0.6
nn_32_relu,[32],ReLU,5,15,6,0.1,1400,1120,0.6571428571428571,0.152299457037521,0.0118470382611371,17.269237599999542,-2441216,5918,5918,47344,23672,126.26666666666668,0.2
mle,,,1,15,6,0.5,600,480,0.6571428571428571,4.29266206171771,0.0969337697500804,0.0493752999991556,0,1278,639,10224,10224,,
nn_linear,[],linear,1,15,6,0.5,600,480,0.6571428571428571,1.6236995542082813,0.0153249127483202,6.868900100000246,-1097728,308,308,2464,1232,159.46666666666667,0.5333333333333333
nn_32_relu,[32],ReLU,1,15,6,0.5,600,480,0.6571428571428571,0.7039363603962716,0.0129914544331682,7.849427899998773,-2461696,5918,5918,47344,23672,125.46666666666668,0.2666666666666666
mle,,,1,15,6,0.5,1000,800,0.6571428571428571,2.745083581976596,0.0685363317434496,0.046746099998927,0,1278,639,10224,10224,,
nn_linear,[],linear,1,15,6,0.5,1000,800,0.6571428571428571,1.563629779592962,0.0153464968709036,9.92316629999914,-131072,308,308,2464,1232,144.4,0.2
nn_32_relu,[32],ReLU,1,15,6,0.5,1000,800,0.6571428571428571,0.4820405526678751,0.010127589308978,12.116325799999686,-1712128,5918,5918,47344,23672,121.86666666666666,0.1333333333333333
mle,,,1,15,6,0.5,1400,1120,0.6571428571428571,2.3897773234886555,0.0680475555956754,0.0453405999996903,0,1278,639,10224,10224,,
nn_linear,[],linear,1,15,6,0.5,1400,1120,0.6571428571428571,1.553628360092014,0.016054794659532,13.66380610000124,49152,308,308,2464,1232,142.73333333333332,0.2666666666666666
nn_32_relu,[32],ReLU,1,15,6,0.5,1400,1120,0.6571428571428571,0.4173068152731131,0.0091777331180415,15.535233999999036,-1445888,5918,5918,47344,23672,113.06666666666666,0.2
mle,,,2,15,6,0.5,600,480,0.6571428571428571,3.7699692576434742,0.0848187348183925,0.0481170000002748,0,1278,639,10224,10224,,
nn_linear,[],linear,2,15,6,0.5,600,480,0.6571428571428571,2.138900495939622,0.015775755632077,7.507678100000703,-1576960,308,308,2464,1232,170.26666666666668,0.4
nn_32_relu,[32],ReLU,2,15,6,0.5,600,480,0.6571428571428571,0.56958510569384,0.0149735198387221,8.362888999999996,-2093056,5918,5918,47344,23672,135.13333333333333,0.2
mle,,,2,15,6,0.5,1000,800,0.6571428571428571,2.183234349366824,0.0578012317650932,0.0418884999999136,0,1278,639,10224,10224,,
nn_linear,[],linear,2,15,6,0.5,1000,800,0.6571428571428571,2.01862870432684,0.0149527886627382,9.49110870000004,8192,308,308,2464,1232,139.26666666666668,0.4
nn_32_relu,[32],ReLU,2,15,6,0.5,1000,800,0.6571428571428571,0.3511862302048215,0.0091755847362612,15.298199200000454,-2179072,5918,5918,47344,23672,153.53333333333333,0.2666666666666666
mle,,,2,15,6,0.5,1400,1120,0.6571428571428571,1.5839253540077185,0.0537549110041399,0.0511347999999998,0,1278,639,10224,10224,,
nn_linear,[],linear,2,15,6,0.5,1400,1120,0.6571428571428571,1.9960602035011408,0.0151332572756836,13.055536199999551,-401408,308,308,2464,1232,138.0,0.2666666666666666
nn_32_relu,[32],ReLU,2,15,6,0.5,1400,1120,0.6571428571428571,0.2792910080667353,0.0069464337254554,18.730565199999543,-2154496,5918,5918,47344,23672,136.26666666666668,0.2
mle,,,3,15,6,0.5,600,480,0.6571428571428571,5.036925801903878,0.0731899136571143,0.0490127000011852,0,1278,639,10224,10224,,
nn_linear,[],linear,3,15,6,0.5,600,480,0.6571428571428571,2.6281921174431724,0.011753844815021,6.243635599999834,-1077248,308,308,2464,1232,144.4,0.3333333333333333
nn_32_relu,[32],ReLU,3,15,6,0.5,600,480,0.6571428571428571,0.7152023466719023,0.0083714288290092,9.573608400000012,-2297856,5918,5918,47344,23672,155.93333333333334,0.5333333333333333
mle,,,3,15,6,0.5,1000,800,0.6571428571428571,3.4940996248781757,0.0556044164601168,0.0482308999999077,0,1278,639,10224,10224,,
nn_linear,[],linear,3,15,6,0.5,1000,800,0.6571428571428571,2.62164615028029,0.0104417086694568,4.710924999999406,77824,308,308,2464,1232,67.0,0.0
nn_32_relu,[32],ReLU,3,15,6,0.5,1000,800,0.6571428571428571,0.5128006045303849,0.0074387142919681,15.732000799998788,-1908736,5918,5918,47344,23672,157.66666666666666,0.5333333333333333
mle,,,3,15,6,0.5,1400,1120,0.6571428571428571,2.496541563728344,0.0432350001248554,0.0472447000011015,0,1278,639,10224,10224,,
nn_linear,[],linear,3,15,6,0.5,1400,1120,0.6571428571428571,2.602203604998182,0.011383885050584,7.408513500000481,163840,308,308,2464,1232,78.86666666666666,0.0
nn_32_relu,[32],ReLU,3,15,6,0.5,1400,1120,0.6571428571428571,0.3771329469496112,0.0055359536803424,22.43670199999906,-1531904,5918,5918,47344,23672,163.66666666666666,0.4666666666666667
mle,,,4,15,6,0.5,600,480,0.6571428571428571,5.837080660600052,0.0954507994873828,0.0485060999999404,0,1278,639,10224,10224,,
nn_linear,[],linear,4,15,6,0.5,600,480,0.6571428571428571,2.351421861897222,0.0141794888220879,5.394067600000199,-1646592,308,308,2464,1232,125.4,0.2
nn_32_relu,[32],ReLU,4,15,6,0.5,600,480,0.6571428571428571,0.7162256690601474,0.0101319842023725,8.228569900000366,-2068480,5918,5918,47344,23672,132.0,0.4
mle,,,4,15,6,0.5,1000,800,0.6571428571428571,3.4658892790276354,0.0722166001023497,0.0485516000007919,0,1278,639,10224,10224,,
nn_linear,[],linear,4,15,6,0.5,1000,800,0.6571428571428571,2.222918354956181,0.0146678378377163,8.690510000000359,-122880,308,308,2464,1232,126.4,0.1333333333333333
nn_32_relu,[32],ReLU,4,15,6,0.5,1000,800,0.6571428571428571,0.4511829316423715,0.0073680049093697,14.175708499999018,-1802240,5918,5918,47344,23672,142.93333333333334,0.3333333333333333
mle,,,4,15,6,0.5,1400,1120,0.6571428571428571,2.2333097669970297,0.0461486324022363,0.0476576999990356,0,1278,639,10224,10224,,
nn_linear,[],linear,4,15,6,0.5,1400,1120,0.6571428571428571,2.194948143326769,0.0148578934506801,11.047070700000404,69632,308,308,2464,1232,115.93333333333334,0.2666666666666666
nn_32_relu,[32],ReLU,4,15,6,0.5,1400,1120,0.6571428571428571,0.3180218167337058,0.0049493688717941,20.36811569999918,-1662976,5918,5918,47344,23672,149.53333333333333,0.4
mle,,,5,15,6,0.5,600,480,0.6571428571428571,5.301756770678957,0.0986537104113449,0.0478495999996084,0,1278,639,10224,10224,,
nn_linear,[],linear,5,15,6,0.5,600,480,0.6571428571428571,2.655113854199701,0.013565413412869,6.527287599999909,-1536000,308,308,2464,1232,146.93333333333334,0.3333333333333333
nn_32_relu,[32],ReLU,5,15,6,0.5,600,480,0.6571428571428571,0.6560613449844104,0.0093048195759706,8.974530399998912,-1822720,5918,5918,47344,23672,144.33333333333334,0.2666666666666666
mle,,,5,15,6,0.5,1000,800,0.6571428571428571,2.864245721079009,0.0612599679893232,0.0448897999995097,0,1278,639,10224,10224,,
nn_linear,[],linear,5,15,6,0.5,1000,800,0.6571428571428571,2.6577905222495857,0.0140567225121037,7.56016069999896,-28672,308,308,2464,1232,110.2,0.2
nn_32_relu,[32],ReLU,5,15,6,0.5,1000,800,0.6571428571428571,0.4757883219116512,0.0079366089447358,13.815712299998268,-1900544,5918,5918,47344,23672,137.93333333333334,0.2666666666666666
mle,,,5,15,6,0.5,1400,1120,0.6571428571428571,1.8540772582750316,0.0480809723928402,0.0508661999992909,0,1278,639,10224,10224,,
nn_linear,[],linear,5,15,6,0.5,1400,1120,0.6571428571428571,2.616471965334369,0.0133388384892332,9.049997600001008,274432,308,308,2464,1232,95.4,0.0666666666666666
nn_32_relu,[32],ReLU,5,15,6,0.5,1400,1120,0.6571428571428571,0.3695676346658408,0.0071659437028655,19.61129179999989,-1863680,5918,5918,47344,23672,143.8,0.3333333333333333
mle,,,1,15,6,1.0,600,480,0.6571428571428571,8.363245853089737,0.0905168143147863,0.0425227000014274,0,1278,639,10224,10224,,
nn_linear,[],linear,1,15,6,1.0,600,480,0.6571428571428571,1.7935580839105283,0.006191791326125,4.163389299999835,-1626112,308,308,2464,1232,95.53333333333332,0.0666666666666666
nn_32_relu,[32],ReLU,1,15,6,1.0,600,480,0.6571428571428571,1.0056353582491224,0.006265957946483,6.774102400000629,-2453504,5918,5918,47344,23672,109.26666666666668,0.2666666666666666
mle,,,1,15,6,1.0,1000,800,0.6571428571428571,4.0387754272833325,0.064660468304719,0.0403990000013436,0,1278,639,10224,10224,,
nn_linear,[],linear,1,15,6,1.0,1000,800,0.6571428571428571,1.74081188852946,0.0065353635008381,6.876624300000913,-12288,308,308,2464,1232,99.2,0.0
nn_32_relu,[32],ReLU,1,15,6,1.0,1000,800,0.6571428571428571,0.5581663736348206,0.0048729653324636,14.322618000000148,-1822720,5918,5918,47344,23672,141.33333333333334,0.4666666666666667
mle,,,1,15,6,1.0,1400,1120,0.6571428571428571,2.211781262071786,0.0449905214130301,0.0496209000011731,0,1278,639,10224,10224,,
nn_linear,[],linear,1,15,6,1.0,1400,1120,0.6571428571428571,1.7401902743140147,0.006491427427758,8.081298199998855,512000,308,308,2464,1232,85.0,0.0
nn_32_relu,[32],ReLU,1,15,6,1.0,1400,1120,0.6571428571428571,0.4032538718343978,0.0037724368025824,20.77194930000041,-2125824,5918,5918,47344,23672,151.8,0.5333333333333333
mle,,,2,15,6,1.0,600,480,0.6571428571428571,7.288675800268314,0.1118204229445427,0.0468587999985175,0,1278,639,10224,10224,,
nn_linear,[],linear,2,15,6,1.0,600,480,0.6571428571428571,1.708894317768501,0.007564405368494,5.763995700001033,-5275648,308,308,2464,1232,133.26666666666668,0.2666666666666666
nn_32_relu,[32],ReLU,2,15,6,1.0,600,480,0.6571428571428571,0.6380152652707268,0.0064337635155997,7.997008500000447,-2318336,5918,5918,47344,23672,129.13333333333333,0.2
mle,,,2,15,6,1.0,1000,800,0.6571428571428571,3.780779525144644,0.0807199022690214,0.0432175000005372,0,1278,639,10224,10224,,
nn_linear,[],linear,2,15,6,1.0,1000,800,0.6571428571428571,1.668694622345984,0.0071738972936588,5.677928399998564,-212992,308,308,2464,1232,82.66666666666667,0.0
nn_32_relu,[32],ReLU,2,15,6,1.0,1000,800,0.6571428571428571,0.4427772007268289,0.0059320435800701,15.059535099999266,-1884160,5918,5918,47344,23672,148.13333333333333,0.4
mle,,,2,15,6,1.0,1400,1120,0.6571428571428571,2.639624370232077,0.0651412577439535,0.0456106000001454,0,1278,639,10224,10224,,
nn_linear,[],linear,2,15,6,1.0,1400,1120,0.6571428571428571,1.6491498135328744,0.007478038159745,8.758907099998396,720896,308,308,2464,1232,93.33333333333331,0.0
nn_32_relu,[32],ReLU,2,15,6,1.0,1400,1120,0.6571428571428571,0.3613397126295264,0.0050811127310271,17.312635800000862,-1630208,5918,5918,47344,23672,124.73333333333332,0.1333333333333333
mle,,,3,15,6,1.0,600,480,0.6571428571428571,5.772089303497991,0.0985431013810487,0.0453063999993901,0,1278,639,10224,10224,,
nn_linear,[],linear,3,15,6,1.0,600,480,0.6571428571428571,1.671401982751739,0.0069235367360063,5.294528599999467,-1523712,308,308,2464,1232,118.8,0.2666666666666666
nn_32_relu,[32],ReLU,3,15,6,1.0,600,480,0.6571428571428571,0.6776180020033009,0.0060597946994434,9.927164799999446,-2560000,5918,5918,47344,23672,153.53333333333333,0.4666666666666667
mle,,,3,15,6,1.0,1000,800,0.6571428571428571,2.939495954625976,0.0599289062943932,0.0468426999996154,0,1278,639,10224,10224,,
nn_linear,[],linear,3,15,6,1.0,1000,800,0.6571428571428571,1.588788978106728,0.0076858929209959,8.83117300000049,-16384,308,308,2464,1232,124.46666666666668,0.1333333333333333
nn_32_relu,[32],ReLU,3,15,6,1.0,1000,800,0.6571428571428571,0.4882572761503914,0.004783498547032,12.089341599999898,-2138112,5918,5918,47344,23672,118.6,0.0666666666666666
mle,,,3,15,6,1.0,1400,1120,0.6571428571428571,1.833986654658267,0.0536590668155173,0.0473688999991281,0,1278,639,10224,10224,,
nn_linear,[],linear,3,15,6,1.0,1400,1120,0.6571428571428571,1.577168014737143,0.0075582424255794,9.286713400000735,421888,308,308,2464,1232,94.86666666666666,0.0666666666666666
nn_32_relu,[32],ReLU,3,15,6,1.0,1400,1120,0.6571428571428571,0.2930603152066741,0.0041753743023778,20.765576199999487,-2039808,5918,5918,47344,23672,147.26666666666668,0.2666666666666666
mle,,,4,15,6,1.0,600,480,0.6571428571428571,5.817761606592772,0.1098830163431536,0.0495764999996026,0,1278,639,10224,10224,,
nn_linear,[],linear,4,15,6,1.0,600,480,0.6571428571428571,1.531908886906728,0.0083645789015471,6.0096340000000055,-1576960,308,308,2464,1232,134.46666666666667,0.2
nn_32_relu,[32],ReLU,4,15,6,1.0,600,480,0.6571428571428571,0.6041334905828777,0.0083908036206081,9.87662900000032,-1871872,5918,5918,47344,23672,152.46666666666667,0.3333333333333333
mle,,,4,15,6,1.0,1000,800,0.6571428571428571,3.309244118895532,0.0861356706075966,0.0416535999993357,0,1278,639,10224,10224,,
nn_linear,[],linear,4,15,6,1.0,1000,800,0.6571428571428571,1.5384663099874736,0.0084572707011012,8.781175400001302,-28672,308,308,2464,1232,126.46666666666668,0.3333333333333333
nn_32_relu,[32],ReLU,4,15,6,1.0,1000,800,0.6571428571428571,0.3564027240899008,0.0060104432537934,13.924123199998576,-1810432,5918,5918,47344,23672,134.6,0.4
mle,,,4,15,6,1.0,1400,1120,0.6571428571428571,2.2725437471660337,0.0694523322506591,0.0464300999992701,0,1278,639,10224,10224,,
nn_linear,[],linear,4,15,6,1.0,1400,1120,0.6571428571428571,1.4961267202018207,0.0083320457495809,11.042345199999543,688128,308,308,2464,1232,113.2,0.1333333333333333
nn_32_relu,[32],ReLU,4,15,6,1.0,1400,1120,0.6571428571428571,0.2794212649632084,0.004940671297949,17.272970300000452,-1699840,5918,5918,47344,23672,122.66666666666669,0.2
mle,,,5,15,6,1.0,600,480,0.6571428571428571,7.879235969833735,0.1044788966789107,0.048568799998975,0,1278,639,10224,10224,,
nn_linear,[],linear,5,15,6,1.0,600,480,0.6571428571428571,1.7505686611579323,0.0061076282969427,4.570274100000461,-1564672,308,308,2464,1232,102.46666666666668,0.1333333333333333
nn_32_relu,[32],ReLU,5,15,6,1.0,600,480,0.6571428571428571,0.6931334991709415,0.0055508720632841,9.481111200000669,-2437120,5918,5918,47344,23672,146.13333333333333,0.3333333333333333
mle,,,5,15,6,1.0,1000,800,0.6571428571428571,4.032921650366013,0.0679541766169302,0.0458564000000478,0,1278,639,10224,10224,,
nn_linear,[],linear,5,15,6,1.0,1000,800,0.6571428571428571,1.7021144791639289,0.0060779300223464,7.085615999998481,-57344,308,308,2464,1232,101.4,0.0666666666666666
nn_32_relu,[32],ReLU,5,15,6,1.0,1000,800,0.6571428571428571,0.5116451552748585,0.004617980976378,14.804557499999646,-1122304,5918,5918,47344,23672,143.46666666666667,0.4666666666666667
mle,,,5,15,6,1.0,1400,1120,0.6571428571428571,2.5251768184968872,0.0495183557408498,0.0497988000006444,0,1278,639,10224,10224,,
nn_linear,[],linear,5,15,6,1.0,1400,1120,0.6571428571428571,1.687231477990844,0.006219409029778,7.633131700000376,-499712,308,308,2464,1232,78.06666666666666,0.0
nn_32_relu,[32],ReLU,5,15,6,1.0,1400,1120,0.6571428571428571,0.3730202117027515,0.003762589499941,20.626326499999777,-1462272,5918,5918,47344,23672,146.8,0.5333333333333333
mle,,,1,15,8,0.1,600,480,0.8,0.6758629180716688,0.0255430493336883,0.0626444999998057,0,4094,2047,32752,32752,,
nn_linear,[],linear,1,15,8,0.1,600,480,0.8,0.9167140418637202,0.0131174758280859,8.037095699999554,-1527808,368,368,2944,1472,176.93333333333334,0.7333333333333333
nn_32_relu,[32],ReLU,1,15,8,0.1,600,480,0.8,0.2492225636288591,0.0114861411723021,7.910740799999985,-3305472,6878,6878,55024,27512,126.0,0.2
mle,,,1,15,8,0.1,1000,800,0.8,0.2541149716649906,0.0152938634559004,0.0659321000002819,0,4094,2047,32752,32752,,
nn_linear,[],linear,1,15,8,0.1,1000,800,0.8,0.6459005295385919,0.0125310087002762,12.724190299999464,589824,368,368,2944,1472,178.26666666666668,0.8
nn_32_relu,[32],ReLU,1,15,8,0.1,1000,800,0.8,0.0572137890494966,0.004379974445375,14.78168629999891,-2723840,6878,6878,55024,27512,143.2,0.2666666666666666
mle,,,1,15,8,0.1,1400,1120,0.8,0.1874302909095666,0.0141703142649617,0.0625882999993336,0,4094,2047,32752,32752,,
nn_linear,[],linear,1,15,8,0.1,1400,1120,0.8,0.5911624212719552,0.0132526522896274,17.013111800000843,675840,368,368,2944,1472,173.6,0.7333333333333333
nn_32_relu,[32],ReLU,1,15,8,0.1,1400,1120,0.8,0.0563170731703625,0.0046082225596865,19.7853825000002,-1970176,6878,6878,55024,27512,134.8,0.2
mle,,,2,15,8,0.1,600,480,0.8,0.2009549840329708,0.0086818488799132,0.0666886999988491,8192,4094,2047,32752,32752,,
nn_linear,[],linear,2,15,8,0.1,600,480,0.8,1.0751353765775695,0.0078619312975388,8.708878299999924,-552960,368,368,2944,1472,190.86666666666667,0.9333333333333332
nn_32_relu,[32],ReLU,2,15,8,0.1,600,480,0.8,0.094058846773671,0.0093509365228169,10.960882900000795,-2605056,6878,6878,55024,27512,165.8,0.4666666666666667
mle,,,2,15,8,0.1,1000,800,0.8,0.083610467131898,0.0044136041857247,0.0611045000005106,0,4094,2047,32752,32752,,
nn_linear,[],linear,2,15,8,0.1,1000,800,0.8,0.7096262936418302,0.0094567171598096,12.85584530000051,282624,368,368,2944,1472,185.86666666666667,0.8666666666666667
nn_32_relu,[32],ReLU,2,15,8,0.1,1000,800,0.8,0.0389121774810836,0.0037227765614355,13.783366300000123,-2973696,6878,6878,55024,27512,136.93333333333334,0.2
mle,,,2,15,8,0.1,1400,1120,0.8,0.0629288646950363,0.0068110620517218,0.0569660999990446,24576,4094,2047,32752,32752,,
nn_linear,[],linear,2,15,8,0.1,1400,1120,0.8,0.5558783799376819,0.0093318262635926,17.88266889999977,446464,368,368,2944,1472,187.8,0.8666666666666667
nn_32_relu,[32],ReLU,2,15,8,0.1,1400,1120,0.8,0.0360853097420386,0.0030126888662542,16.83830510000007,-2072576,6878,6878,55024,27512,121.2,0.2
mle,,,3,15,8,0.1,600,480,0.8,0.0797158619018792,0.0071654627409856,0.0619802000001072,36864,4094,2047,32752,32752,,
nn_linear,[],linear,3,15,8,0.1,600,480,0.8,0.4098109257178705,0.0087507885640681,8.424452199998996,-905216,368,368,2944,1472,194.86666666666667,0.8666666666666667
nn_32_relu,[32],ReLU,3,15,8,0.1,600,480,0.8,0.0478843446677753,0.0088772140808199,9.775188499999786,-2744320,6878,6878,55024,27512,157.66666666666666,0.6
mle,,,3,15,8,0.1,1000,800,0.8,0.0955831209036517,0.0077126112230576,0.0594614000001456,12288,4094,2047,32752,32752,,
nn_linear,[],linear,3,15,8,0.1,1000,800,0.8,0.3442268718164823,0.0083513641538632,13.199618900000132,573440,368,368,2944,1472,190.86666666666667,0.8666666666666667
nn_32_relu,[32],ReLU,3,15,8,0.1,1000,800,0.8,0.0502446850746571,0.0087525680583661,15.381983999999647,-2752512,6878,6878,55024,27512,153.66666666666666,0.5333333333333333
mle,,,3,15,8,0.1,1400,1120,0.8,0.0700501118790476,0.0069535186025945,0.0586346999989473,20480,4094,2047,32752,32752,,
nn_linear,[],linear,3,15,8,0.1,1400,1120,0.8,0.1684607744117614,0.0074581928079135,17.523282999998628,475136,368,368,2944,1472,184.33333333333331,0.8
nn_32_relu,[32],ReLU,3,15,8,0.1,1400,1120,0.8,0.0433696328282306,0.0091537047796658,16.679700499998944,-1900544,6878,6878,55024,27512,120.53333333333332,0.3333333333333333
mle,,,4,15,8,0.1,600,480,0.8,0.6082922523837215,0.0274404264935208,0.0603787000000011,40960,4094,2047,32752,32752,,
nn_linear,[],linear,4,15,8,0.1,600,480,0.8,1.322403371029807,0.0164958872859591,8.18934790000094,-913408,368,368,2944,1472,190.06666666666663,0.8666666666666667
nn_32_relu,[32],ReLU,4,15,8,0.1,600,480,0.8,0.2364865520574229,0.0128707687476084,8.809890900000028,-3035136,6878,6878,55024,27512,141.46666666666667,0.2666666666666666
mle,,,4,15,8,0.1,1000,800,0.8,0.4568569489926041,0.0232649072542966,0.0584787999996478,20480,4094,2047,32752,32752,,
nn_linear,[],linear,4,15,8,0.1,1000,800,0.8,1.1144836160413027,0.0163406978777666,13.341116599998712,663552,368,368,2944,1472,193.86666666666667,0.9333333333333332
nn_32_relu,[32],ReLU,4,15,8,0.1,1000,800,0.8,0.1951514871518482,0.0146104373790273,13.069539000000075,-2850816,6878,6878,55024,27512,132.13333333333333,0.1333333333333333
mle,,,4,15,8,0.1,1400,1120,0.8,0.3931355609885766,0.0206718502851387,0.0591332000003603,0,4094,2047,32752,32752,,
nn_linear,[],linear,4,15,8,0.1,1400,1120,0.8,1.009368971468694,0.0166234025299398,18.00136360000033,1449984,368,368,2944,1472,189.0,0.7333333333333333
nn_32_relu,[32],ReLU,4,15,8,0.1,1400,1120,0.8,0.1772478103210552,0.0135542970594331,17.171912100000554,-1228800,6878,6878,55024,27512,124.6,0.2
mle,,,5,15,8,0.1,600,480,0.8,0.1612216132864609,0.0078125021024641,0.059861899999305,0,4094,2047,32752,32752,,
nn_linear,[],linear,5,15,8,0.1,600,480,0.8,0.6204392244757099,0.006047861396491,8.303895400000329,-573440,368,368,2944,1472,194.9333333333333,0.9333333333333332
nn_32_relu,[32],ReLU,5,15,8,0.1,600,480,0.8,0.0589970978114647,0.0072519565906081,11.59764340000038,-2478080,6878,6878,55024,27512,181.8,0.6
mle,,,5,15,8,0.1,1000,800,0.8,0.0815637041918881,0.0041937557134554,0.0567068999989714,28672,4094,2047,32752,32752,,
nn_linear,[],linear,5,15,8,0.1,1000,800,0.8,0.2280886200890498,0.0050887272068681,12.91963030000079,569344,368,368,2944,1472,188.0,0.8666666666666667
nn_32_relu,[32],ReLU,5,15,8,0.1,1000,800,0.8,0.0350173915329751,0.0063163701001494,16.603615699999864,-2347008,6878,6878,55024,27512,164.4,0.3333333333333333
mle,,,5,15,8,0.1,1400,1120,0.8,0.0726264571570061,0.0023459958935848,0.0630624999994324,0,4094,2047,32752,32752,,
nn_linear,[],linear,5,15,8,0.1,1400,1120,0.8,0.156430689453808,0.0054585131752804,18.666940900000554,618496,368,368,2944,1472,198.53333333333333,0.8666666666666667
nn_32_relu,[32],ReLU,5,15,8,0.1,1400,1120,0.8,0.0308656693462452,0.0049551117363218,18.33204889999979,-2125824,6878,6878,55024,27512,132.0,0.2
mle,,,1,15,8,0.5,600,480,0.8,9.89850571392129,0.1239143444031415,0.0653727999997499,0,4094,2047,32752,32752,,
nn_linear,[],linear,1,15,8,0.5,600,480,0.8,2.730287895998595,0.0138505558521146,6.095232700001361,-815104,368,368,2944,1472,141.4,0.1333333333333333
nn_32_relu,[32],ReLU,1,15,8,0.5,600,480,0.8,1.1314262370947088,0.0149535375250096,9.095546399999876,-2920448,6878,6878,55024,27512,144.6,0.4
mle,,,1,15,8,0.5,1000,800,0.8,6.824656709800484,0.0956443605604918,0.0623958999985916,8192,4094,2047,32752,32752,,
nn_linear,[],linear,1,15,8,0.5,1000,800,0.8,2.682774570272017,0.0136406535081166,8.474318999999014,602112,368,368,2944,1472,123.53333333333332,0.0
nn_32_relu,[32],ReLU,1,15,8,0.5,1000,800,0.8,0.9128577080965916,0.0132666542486885,14.137370100001135,-2203648,6878,6878,55024,27512,142.6,0.2666666666666666
mle,,,1,15,8,0.5,1400,1120,0.8,4.84766584383525,0.0814468278639979,0.052082900001551,8192,4094,2047,32752,32752,,
nn_linear,[],linear,1,15,8,0.5,1400,1120,0.8,2.6649336263458423,0.0134271125952016,10.84119490000012,507904,368,368,2944,1472,114.13333333333334,0.1333333333333333
nn_32_relu,[32],ReLU,1,15,8,0.5,1400,1120,0.8,0.7135364664801235,0.0115443114977563,19.315640000000712,-1839104,6878,6878,55024,27512,140.33333333333334,0.3333333333333333
mle,,,2,15,8,0.5,600,480,0.8,5.261153132835834,0.0933828754536586,0.0713964000005944,40960,4094,2047,32752,32752,,
nn_linear,[],linear,2,15,8,0.5,600,480,0.8,2.374808941119988,0.0123570552694481,6.027315499999531,-1024000,368,368,2944,1472,137.8,0.4
nn_32_relu,[32],ReLU,2,15,8,0.5,600,480,0.8,0.8179625979233396,0.0124873461040451,8.198986700001115,-2990080,6878,6878,55024,27512,130.86666666666667,0.2666666666666666
mle,,,2,15,8,0.5,1000,800,0.8,3.5860646257297035,0.0776822946371684,0.0579973000003519,12288,4094,2047,32752,32752,,
nn_linear,[],linear,2,15,8,0.5,1000,800,0.8,2.229434842960856,0.0128733438280698,10.13134059999902,303104,368,368,2944,1472,147.73333333333332,0.4666666666666667
nn_32_relu,[32],ReLU,2,15,8,0.5,1000,800,0.8,0.5226509102715529,0.0104603814004183,13.25037119999979,-2736128,6878,6878,55024,27512,132.46666666666667,0.2666666666666666
mle,,,2,15,8,0.5,1400,1120,0.8,2.5587425741000884,0.0672798124119083,0.0574407999993127,24576,4094,2047,32752,32752,,
nn_linear,[],linear,2,15,8,0.5,1400,1120,0.8,2.1876031374120024,0.0127020609570032,14.094040100000711,557056,368,368,2944,1472,149.06666666666666,0.4
nn_32_relu,[32],ReLU,2,15,8,0.5,1400,1120,0.8,0.4110902296955108,0.0099429466456168,19.610897399999885,-2068480,6878,6878,55024,27512,143.46666666666667,0.4
mle,,,3,15,8,0.5,600,480,0.8,3.583721815796443,0.0720962931919362,0.0604855000001407,36864,4094,2047,32752,32752,,
nn_linear,[],linear,3,15,8,0.5,600,480,0.8,2.0468983721181053,0.0160426831794632,6.679466699999466,-1130496,368,368,2944,1472,153.86666666666667,0.4
nn_32_relu,[32],ReLU,3,15,8,0.5,600,480,0.8,0.6319850352815136,0.0128790450934721,9.268033999998806,-2379776,6878,6878,55024,27512,150.26666666666668,0.3333333333333333
mle,,,3,15,8,0.5,1000,800,0.8,2.9041365860293453,0.0731236121234285,0.0557491999988997,16384,4094,2047,32752,32752,,
nn_linear,[],linear,3,15,8,0.5,1000,800,0.8,1.8252963700571831,0.0152733426153351,8.467685499999789,462848,368,368,2944,1472,122.73333333333332,0.2666666666666666
nn_32_relu,[32],ReLU,3,15,8,0.5,1000,800,0.8,0.4826387910673709,0.012045302896378,13.756839300000138,-3047424,6878,6878,55024,27512,137.8,0.1333333333333333
mle,,,3,15,8,0.5,1400,1120,0.8,2.139741554543034,0.0646831575791498,0.0556921000006696,16384,4094,2047,32752,32752,,
nn_linear,[],linear,3,15,8,0.5,1400,1120,0.8,1.8121295364169645,0.0148633758650725,11.151358200000686,602112,368,368,2944,1472,118.93333333333334,0.2666666666666666
nn_32_relu,[32],ReLU,3,15,8,0.5,1400,1120,0.8,0.3305093633226517,0.0091271005556254,18.80639109999902,-2277376,6878,6878,55024,27512,136.93333333333334,0.2
mle,,,4,15,8,0.5,600,480,0.8,8.48180802887729,0.1058300697341136,0.0626539000004413,0,4094,2047,32752,32752,,
nn_linear,[],linear,4,15,8,0.5,600,480,0.8,2.6305799964480783,0.0128571706739276,5.415825300000506,-864256,368,368,2944,1472,127.06666666666666,0.2
nn_32_relu,[32],ReLU,4,15,8,0.5,600,480,0.8,1.094574837967028,0.0110970614154694,6.838653000000704,-3117056,6878,6878,55024,27512,109.2,0.0666666666666666
mle,,,4,15,8,0.5,1000,800,0.8,6.108871038634899,0.0862183451766826,0.0645457999999052,0,4094,2047,32752,32752,,
nn_linear,[],linear,4,15,8,0.5,1000,800,0.8,2.5966397937542576,0.0125425855679996,7.640860500001509,524288,368,368,2944,1472,108.06666666666666,0.0666666666666666
nn_32_relu,[32],ReLU,4,15,8,0.5,1000,800,0.8,0.7814869117790664,0.0113525692372779,13.994634200000291,-2990080,6878,6878,55024,27512,141.53333333333333,0.3333333333333333
mle,,,4,15,8,0.5,1400,1120,0.8,5.0249105391633,0.0782544739836937,0.0561949000002641,0,4094,2047,32752,32752,,
nn_linear,[],linear,4,15,8,0.5,1400,1120,0.8,2.5799402806536054,0.0138534533921962,11.367916699999114,552960,368,368,2944,1472,119.53333333333332,0.1333333333333333
nn_32_relu,[32],ReLU,4,15,8,0.5,1400,1120,0.8,0.7129580116039222,0.0120213559317404,17.70110999999997,-2064384,6878,6878,55024,27512,130.6,0.4
mle,,,5,15,8,0.5,600,480,0.8,3.611735195380284,0.0803333581396998,0.0577004999995551,0,4094,2047,32752,32752,,
nn_linear,[],linear,5,15,8,0.5,600,480,0.8,1.5368618438254615,0.0139496749753439,6.948468799999318,-917504,368,368,2944,1472,162.0,0.5333333333333333
nn_32_relu,[32],ReLU,5,15,8,0.5,600,480,0.8,0.5715856867604334,0.0135041761521318,7.445585200001005,-2629632,6878,6878,55024,27512,118.73333333333332,0.0666666666666666
mle,,,5,15,8,0.5,1000,800,0.8,2.7604984728031616,0.0727593832238359,0.0561911000004329,0,4094,2047,32752,32752,,
nn_linear,[],linear,5,15,8,0.5,1000,800,0.8,1.3299859523108952,0.0147061443907298,9.87229970000044,376832,368,368,2944,1472,143.66666666666666,0.4666666666666667
nn_32_relu,[32],ReLU,5,15,8,0.5,1000,800,0.8,0.4638924563893613,0.012518299230124,9.747889700000089,-2842624,6878,6878,55024,27512,98.46666666666668,0.0666666666666666
mle,,,5,15,8,0.5,1400,1120,0.8,2.277462087714033,0.0648950209926735,0.0584662000001117,0,4094,2047,32752,32752,,
nn_linear,[],linear,5,15,8,0.5,1400,1120,0.8,1.3569711390617842,0.0145557456597025,13.251240999999936,749568,368,368,2944,1472,140.13333333333333,0.5333333333333333
nn_32_relu,[32],ReLU,5,15,8,0.5,1400,1120,0.8,0.3427715653519193,0.011048985392462,17.042031599999973,-1871872,6878,6878,55024,27512,125.26666666666668,0.1333333333333333
mle,,,1,15,8,1.0,600,480,0.8,13.23117237568687,0.1470274841634326,0.0764318000001367,0,4094,2047,32752,32752,,
nn_linear,[],linear,1,15,8,1.0,600,480,0.8,1.876082111341394,0.0087757313702114,5.067945799999507,-802816,368,368,2944,1472,116.46666666666668,0.2
nn_32_relu,[32],ReLU,1,15,8,1.0,600,480,0.8,1.096181808599802,0.0106349348107152,7.930849700000181,-3215360,6878,6878,55024,27512,129.66666666666666,0.1333333333333333
mle,,,1,15,8,1.0,1000,800,0.8,9.65855853690131,0.1281267702382227,0.0553012000000308,0,4094,2047,32752,32752,,
nn_linear,[],linear,1,15,8,1.0,1000,800,0.8,1.8642222543917812,0.0092044802591471,8.007232199999635,524288,368,368,2944,1472,116.8,0.2666666666666666
nn_32_relu,[32],ReLU,1,15,8,1.0,1000,800,0.8,0.7581679358876646,0.0075309114390506,12.868599299999914,-2834432,6878,6878,55024,27512,129.46666666666667,0.2
mle,,,1,15,8,1.0,1400,1120,0.8,7.442795189073353,0.1175928446730073,0.053500799998801,0,4094,2047,32752,32752,,
nn_linear,[],linear,1,15,8,1.0,1400,1120,0.8,1.805069817196276,0.0091191954654389,9.628768200000197,598016,368,368,2944,1472,102.46666666666668,0.0666666666666666
nn_32_relu,[32],ReLU,1,15,8,1.0,1400,1120,0.8,0.6276522708190104,0.0079662697152685,19.729858499998954,-1904640,6878,6878,55024,27512,145.0,0.3333333333333333
mle,,,2,15,8,1.0,600,480,0.8,7.546294387991446,0.1316661327717807,0.0663516000004165,0,4094,2047,32752,32752,,
nn_linear,[],linear,2,15,8,1.0,600,480,0.8,1.4103200631309196,0.0073350317666683,5.533304399999906,-745472,368,368,2944,1472,128.73333333333332,0.2
nn_32_relu,[32],ReLU,2,15,8,1.0,600,480,0.8,0.6925079134284351,0.0088962418289863,5.098568400000659,-2547712,6878,6878,55024,27512,82.26666666666667,0.0
mle,,,2,15,8,1.0,1000,800,0.8,5.06575116896824,0.1102011608281777,0.0522572999998374,0,4094,2047,32752,32752,,
nn_linear,[],linear,2,15,8,1.0,1000,800,0.8,1.2972688869533526,0.0080807764597521,7.2067748999998,606208,368,368,2944,1472,105.93333333333334,0.0666666666666666
nn_32_relu,[32],ReLU,2,15,8,1.0,1000,800,0.8,0.5522333326589632,0.0088195096802378,9.292827600000235,-2441216,6878,6878,55024,27512,93.93333333333334,0.0
mle,,,2,15,8,1.0,1400,1120,0.8,3.834652182819713,0.0997984119524891,0.0552688999996462,0,4094,2047,32752,32752,,
nn_linear,[],linear,2,15,8,1.0,1400,1120,0.8,1.25199834633925,0.0078058598436055,10.818877200001223,569344,368,368,2944,1472,115.13333333333334,0.0666666666666666
nn_32_relu,[32],ReLU,2,15,8,1.0,1400,1120,0.8,0.3820880731523657,0.0071986618654018,14.363104300000488,-2326528,6878,6878,55024,27512,105.73333333333332,0.1333333333333333
mle,,,3,15,8,1.0,600,480,0.8,10.62200222304712,0.147090440679781,0.055241100000785,0,4094,2047,32752,32752,,
nn_linear,[],linear,3,15,8,1.0,600,480,0.8,1.6947542931748478,0.008654229591741,6.562595699999292,-745472,368,368,2944,1472,152.93333333333334,0.3333333333333333
nn_32_relu,[32],ReLU,3,15,8,1.0,600,480,0.8,0.856327994974712,0.0081989300548193,6.758459700000458,-2658304,6878,6878,55024,27512,108.13333333333334,0.1333333333333333
mle,,,3,15,8,1.0,1000,800,0.8,8.207696139471132,0.1317106544949741,0.055497600000308,0,4094,2047,32752,32752,,
nn_linear,[],linear,3,15,8,1.0,1000,800,0.8,1.6905104647125213,0.0084997269439516,7.1346121999995376,466944,368,368,2944,1472,105.06666666666666,0.2666666666666666
nn_32_relu,[32],ReLU,3,15,8,1.0,1000,800,0.8,0.7070123243134915,0.0080452844234403,11.625153099999809,-2797568,6878,6878,55024,27512,117.4,0.0666666666666666
mle,,,3,15,8,1.0,1400,1120,0.8,6.205358207810579,0.1144518666405897,0.060163599999214,0,4094,2047,32752,32752,,
nn_linear,[],linear,3,15,8,1.0,1400,1120,0.8,1.6245971542165896,0.0091164000203122,13.302456299999903,606208,368,368,2944,1472,140.86666666666667,0.3333333333333333
nn_32_relu,[32],ReLU,3,15,8,1.0,1400,1120,0.8,0.534109254448227,0.0073808376013385,21.37921970000025,-1921024,6878,6878,55024,27512,156.46666666666667,0.6
mle,,,4,15,8,1.0,600,480,0.8,13.646831895020185,0.148896996437576,0.0561849000005167,0,4094,2047,32752,32752,,
nn_linear,[],linear,4,15,8,1.0,600,480,0.8,1.873523330143138,0.006882811074453,4.609477500000139,-995328,368,368,2944,1472,106.33333333333331,0.2
nn_32_relu,[32],ReLU,4,15,8,1.0,600,480,0.8,1.1269640030693855,0.0084885489625075,6.564223600000332,-3010560,6878,6878,55024,27512,105.4,0.0
mle,,,4,15,8,1.0,1000,800,0.8,10.339042469659496,0.1297702338379513,0.0538646000004519,0,4094,2047,32752,32752,,
nn_linear,[],linear,4,15,8,1.0,1000,800,0.8,1.8164342185833036,0.0067637088045804,6.411291599999458,507904,368,368,2944,1472,94.2,0.1333333333333333
nn_32_relu,[32],ReLU,4,15,8,1.0,1000,800,0.8,0.7737957469076838,0.0072624703002167,13.843221900000572,-3166208,6878,6878,55024,27512,138.4,0.3333333333333333
mle,,,4,15,8,1.0,1400,1120,0.8,8.512943495157634,0.1218905108044395,0.0513708999988011,0,4094,2047,32752,32752,,
nn_linear,[],linear,4,15,8,1.0,1400,1120,0.8,1.7967480434315286,0.0066406955820899,8.269952900000135,258048,368,368,2944,1472,87.13333333333334,0.0666666666666666
nn_32_relu,[32],ReLU,4,15,8,1.0,1400,1120,0.8,0.7167914380559884,0.0078688592085569,16.291260500000135,-2281472,6878,6878,55024,27512,119.66666666666669,0.2
mle,,,5,15,8,1.0,600,480,0.8,13.689277011571257,0.1644725505012772,0.0649861999991117,0,4094,2047,32752,32752,,
nn_linear,[],linear,5,15,8,1.0,600,480,0.8,1.718642392598855,0.0084498264368614,4.961613000001307,-851968,368,368,2944,1472,113.86666666666666,0.1333333333333333
nn_32_relu,[32],ReLU,5,15,8,1.0,600,480,0.8,1.0522350288753493,0.0098203477843323,6.167424600000231,-2478080,6878,6878,55024,27512,101.13333333333334,0.0666666666666666
mle,,,5,15,8,1.0,1000,800,0.8,9.687950828187669,0.1361078694406771,0.0556677999993553,0,4094,2047,32752,32752,,
nn_linear,[],linear,5,15,8,1.0,1000,800,0.8,1.632479916420023,0.0087365936789251,7.1952292999994825,462848,368,368,2944,1472,105.06666666666666,0.1333333333333333
nn_32_relu,[32],ReLU,5,15,8,1.0,1000,800,0.8,0.7747812992043759,0.0086282129754838,11.193509799999449,-2797568,6878,6878,55024,27512,113.53333333333332,0.2
mle,,,5,15,8,1.0,1400,1120,0.8,6.864544585660439,0.1137839259263434,0.0594326000009459,-4096,4094,2047,32752,32752,,
nn_linear,[],linear,5,15,8,1.0,1400,1120,0.8,1.6241777584820856,0.0086477017448155,9.196973599999184,675840,368,368,2944,1472,96.8,0.0666666666666666
nn_32_relu,[32],ReLU,5,15,8,1.0,1400,1120,0.8,0.619791516921731,0.0069970433358192,15.714919199999713,-1728512,6878,6878,55024,27512,115.4,0.1333333333333333
mle,,,1,15,10,0.1,600,480,0.9047619047619048,0.3598110366383281,0.0160339671889021,0.0917817999998078,0,12286,6143,98288,98288,,
nn_linear,[],linear,1,15,10,0.1,600,480,0.9047619047619048,0.7189433304397808,0.0129204673460614,8.064767800000482,-155648,412,412,3296,1648,183.4,0.8
nn_32_relu,[32],ReLU,1,15,10,0.1,600,480,0.9047619047619048,0.2113238685232947,0.0162392808542407,9.609929000000191,110592,7582,7582,60656,30328,154.46666666666667,0.4666666666666667
mle,,,1,15,10,0.1,1000,800,0.9047619047619048,0.2586578063575545,0.0087548982832142,0.0941631999994569,0,12286,6143,98288,98288,,
nn_linear,[],linear,1,15,10,0.1,1000,800,0.9047619047619048,0.3894261381377382,0.0140160067420763,13.36876409999968,585728,412,412,3296,1648,192.7333333333333,0.9333333333333332
nn_32_relu,[32],ReLU,1,15,10,0.1,1000,800,0.9047619047619048,0.160174363241551,0.0132367818436463,13.093515300000943,-3522560,7582,7582,60656,30328,128.33333333333334,0.2666666666666666
mle,,,1,15,10,0.1,1400,1120,0.9047619047619048,0.1941984790769244,0.0132609791071504,0.0961404000008769,-4096,12286,6143,98288,98288,,
nn_linear,[],linear,1,15,10,0.1,1400,1120,0.9047619047619048,0.2704298789792231,0.0101954405681858,17.092145900000105,524288,412,412,3296,1648,182.06666666666663,0.8
nn_32_relu,[32],ReLU,1,15,10,0.1,1400,1120,0.9047619047619048,0.0898561733364971,0.0083114617753505,20.637193900000057,-3301376,7582,7582,60656,30328,147.6,0.2666666666666666
mle,,,2,15,10,0.1,600,480,0.9047619047619048,0.7136151837261429,0.0277525608791168,0.0902291000002151,0,12286,6143,98288,98288,,
nn_linear,[],linear,2,15,10,0.1,600,480,0.9047619047619048,0.8630949231921904,0.015577132922093,8.158408399998734,-6000640,412,412,3296,1648,188.4,0.9333333333333332
nn_32_relu,[32],ReLU,2,15,10,0.1,600,480,0.9047619047619048,0.2602858513603232,0.01347674464289,9.100589800000307,143360,7582,7582,60656,30328,144.86666666666667,0.4666666666666667
mle,,,2,15,10,0.1,1000,800,0.9047619047619048,0.3746149701362998,0.0196903414226892,0.0866894999999203,0,12286,6143,98288,98288,,
nn_linear,[],linear,2,15,10,0.1,1000,800,0.9047619047619048,0.6232615595144884,0.0143303533161479,13.245770999999875,471040,412,412,3296,1648,194.26666666666668,0.9333333333333332
nn_32_relu,[32],ReLU,2,15,10,0.1,1000,800,0.9047619047619048,0.1931103772216313,0.0108385822829498,11.59082479999961,-4001792,7582,7582,60656,30328,117.06666666666666,0.0666666666666666
mle,,,2,15,10,0.1,1400,1120,0.9047619047619048,0.4027186922512443,0.0239758370430278,0.093833100001575,0,12286,6143,98288,98288,,
nn_linear,[],linear,2,15,10,0.1,1400,1120,0.9047619047619048,0.5101290456453434,0.0144557938612802,16.962987899998552,405504,412,412,3296,1648,179.66666666666666,0.6666666666666666
nn_32_relu,[32],ReLU,2,15,10,0.1,1400,1120,0.9047619047619048,0.2218229016914584,0.0124272776567336,13.998615799999245,-2859008,7582,7582,60656,30328,101.13333333333334,0.0666666666666666
mle,,,3,15,10,0.1,600,480,0.9047619047619048,0.6316435503770176,0.0232155521930976,0.0995055999992473,0,12286,6143,98288,98288,,
nn_linear,[],linear,3,15,10,0.1,600,480,0.9047619047619048,1.6028324661643587,0.0194817949429196,8.872961699998996,-6004736,412,412,3296,1648,196.33333333333331,0.9333333333333332
nn_32_relu,[32],ReLU,3,15,10,0.1,600,480,0.9047619047619048,0.284639647492734,0.011860366831141,9.477827999999135,-2723840,7582,7582,60656,30328,146.93333333333334,0.2
mle,,,3,15,10,0.1,1000,800,0.9047619047619048,0.5528154931770763,0.0246676263010343,0.0956196999995881,0,12286,6143,98288,98288,,
nn_linear,[],linear,3,15,10,0.1,1000,800,0.9047619047619048,1.1180021593595342,0.019382296944581,14.39679729999989,348160,412,412,3296,1648,189.53333333333333,0.9333333333333332
nn_32_relu,[32],ReLU,3,15,10,0.1,1000,800,0.9047619047619048,0.1760918284742735,0.0102024445038093,13.692374699998254,-3837952,7582,7582,60656,30328,137.46666666666667,0.1333333333333333
mle,,,3,15,10,0.1,1400,1120,0.9047619047619048,0.4521603323513141,0.0228925540936478,0.0907719999995606,0,12286,6143,98288,98288,,
nn_linear,[],linear,3,15,10,0.1,1400,1120,0.9047619047619048,0.9464899716305007,0.0205431948246299,18.858006400001614,548864,412,412,3296,1648,200.0,1.0
nn_32_relu,[32],ReLU,3,15,10,0.1,1400,1120,0.9047619047619048,0.1576351313995236,0.0099769100127531,19.874006300000477,-2813952,7582,7582,60656,30328,144.4,0.1333333333333333
mle,,,4,15,10,0.1,600,480,0.9047619047619048,1.4612268572060003,0.0455471162646922,0.0908134999990579,4096,12286,6143,98288,98288,,
nn_linear,[],linear,4,15,10,0.1,600,480,0.9047619047619048,1.627445068146299,0.0231746972874621,8.306345200000578,-6057984,412,412,3296,1648,191.53333333333333,0.8666666666666667
nn_32_relu,[32],ReLU,4,15,10,0.1,600,480,0.9047619047619048,0.4746001324429935,0.0168866102794511,9.275604399999793,225280,7582,7582,60656,30328,148.6,0.3333333333333333
mle,,,4,15,10,0.1,1000,800,0.9047619047619048,0.7606963806720191,0.0275878602168124,0.0908780999998271,0,12286,6143,98288,98288,,
nn_linear,[],linear,4,15,10,0.1,1000,800,0.9047619047619048,1.3431741431374995,0.0234797607228623,12.580557399998725,348160,412,412,3296,1648,183.7333333333333,0.6
nn_32_relu,[32],ReLU,4,15,10,0.1,1000,800,0.9047619047619048,0.2818884477517443,0.011731939202371,13.1281852000011,-3772416,7582,7582,60656,30328,130.93333333333334,0.2
mle,,,4,15,10,0.1,1400,1120,0.9047619047619048,0.5175881118975747,0.0178509947020683,0.0872464999993098,0,12286,6143,98288,98288,,
nn_linear,[],linear,4,15,10,0.1,1400,1120,0.9047619047619048,1.2166819767659436,0.0209771219205817,17.452691000000414,393216,412,412,3296,1648,185.26666666666668,0.7333333333333333
nn_32_relu,[32],ReLU,4,15,10,0.1,1400,1120,0.9047619047619048,0.2139954779698033,0.0112893219680375,19.93081089999941,-2867200,7582,7582,60656,30328,144.8,0.3333333333333333
mle,,,5,15,10,0.1,600,480,0.9047619047619048,1.1067769704137642,0.0388409512452166,0.0931819999987055,0,12286,6143,98288,98288,,
nn_linear,[],linear,5,15,10,0.1,600,480,0.9047619047619048,2.0594722714,0.0218907032171379,7.697282299999642,-983040,412,412,3296,1648,177.66666666666666,0.7333333333333333
nn_32_relu,[32],ReLU,5,15,10,0.1,600,480,0.9047619047619048,0.3670675522557451,0.0149051728167456,8.93380150000121,-4222976,7582,7582,60656,30328,144.0,0.2666666666666666
mle,,,5,15,10,0.1,1000,800,0.9047619047619048,0.6821366743757489,0.0309709208438204,0.0849018999997497,0,12286,6143,98288,98288,,
nn_linear,[],linear,5,15,10,0.1,1000,800,0.9047619047619048,1.8233523219954424,0.0233860869366216,11.97151389999999,-4849664,412,412,3296,1648,173.73333333333332,0.8
nn_32_relu,[32],ReLU,5,15,10,0.1,1000,800,0.9047619047619048,0.2281592937121654,0.0121919919167772,14.634504400000878,-3923968,7582,7582,60656,30328,147.66666666666666,0.3333333333333333
mle,,,5,15,10,0.1,1400,1120,0.9047619047619048,0.5377126223600388,0.0261245121629292,0.089691600000151,0,12286,6143,98288,98288,,
nn_linear,[],linear,5,15,10,0.1,1400,1120,0.9047619047619048,1.6282266083238623,0.0235256880273111,16.58426050000162,421888,412,412,3296,1648,175.8,0.6666666666666666
nn_32_relu,[32],ReLU,5,15,10,0.1,1400,1120,0.9047619047619048,0.2059081999643557,0.0112283333176409,17.47342220000064,-2891776,7582,7582,60656,30328,124.26666666666668,0.0666666666666666
mle,,,1,15,10,0.5,600,480,0.9047619047619048,8.83288024231298,0.1095525338876986,0.0884590999994543,4096,12286,6143,98288,98288,,
nn_linear,[],linear,1,15,10,0.5,600,480,0.9047619047619048,2.525543125020309,0.0142973267012318,5.509864800000287,-6385664,412,412,3296,1648,128.2,0.4666666666666667
nn_32_relu,[32],ReLU,1,15,10,0.5,600,480,0.9047619047619048,1.173834363177475,0.0135215587098409,9.763364999998885,81920,7582,7582,60656,30328,149.93333333333334,0.3333333333333333
mle,,,1,15,10,0.5,1000,800,0.9047619047619048,6.78319938316315,0.1015537114810521,0.0818728000012924,0,12286,6143,98288,98288,,
nn_linear,[],linear,1,15,10,0.5,1000,800,0.9047619047619048,2.4238472823330586,0.0148842060055202,8.448920000000726,413696,412,412,3296,1648,122.13333333333334,0.4
nn_32_relu,[32],ReLU,1,15,10,0.5,1000,800,0.9047619047619048,0.9200171477734204,0.0126311899120487,12.637330699999438,-3866624,7582,7582,60656,30328,128.4,0.1333333333333333
mle,,,1,15,10,0.5,1400,1120,0.9047619047619048,4.789699357015928,0.0882939320858264,0.0900507000005745,0,12286,6143,98288,98288,,
nn_linear,[],linear,1,15,10,0.5,1400,1120,0.9047619047619048,2.430939854226205,0.014806962123998,10.524698299999727,311296,412,412,3296,1648,111.8,0.2666666666666666
nn_32_relu,[32],ReLU,1,15,10,0.5,1400,1120,0.9047619047619048,0.7028528821086732,0.0115891573217393,20.835901499998727,-2801664,7582,7582,60656,30328,151.93333333333334,0.4
mle,,,2,15,10,0.5,600,480,0.9047619047619048,8.211059080982738,0.1088141686971499,0.077924700000949,0,12286,6143,98288,98288,,
nn_linear,[],linear,2,15,10,0.5,600,480,0.9047619047619048,2.4977689540706103,0.0139458850193774,5.490768600000592,-6291456,412,412,3296,1648,128.86666666666667,0.3333333333333333
nn_32_relu,[32],ReLU,2,15,10,0.5,600,480,0.9047619047619048,1.202352584625769,0.0140653649697399,7.541263200000685,-3776512,7582,7582,60656,30328,122.86666666666666,0.1333333333333333
mle,,,2,15,10,0.5,1000,800,0.9047619047619048,6.212574132824628,0.0975730537615439,0.0885378000002674,0,12286,6143,98288,98288,,
nn_linear,[],linear,2,15,10,0.5,1000,800,0.9047619047619048,2.4059584655878963,0.0146779617590564,8.922637699999541,-3805184,412,412,3296,1648,128.0,0.2666666666666666
nn_32_relu,[32],ReLU,2,15,10,0.5,1000,800,0.9047619047619048,0.9267008058623069,0.0121837235689371,13.06894629999988,-2981888,7582,7582,60656,30328,132.2,0.2
mle,,,2,15,10,0.5,1400,1120,0.9047619047619048,5.260551181099038,0.0932440652471242,0.0757769000010739,0,12286,6143,98288,98288,,
nn_linear,[],linear,2,15,10,0.5,1400,1120,0.9047619047619048,2.390718917802454,0.01378367438803,9.368476499999815,147456,412,412,3296,1648,99.8,0.2
nn_32_relu,[32],ReLU,2,15,10,0.5,1400,1120,0.9047619047619048,0.8360513052284372,0.0123551358847744,15.338126000000557,-2809856,7582,7582,60656,30328,112.73333333333332,0.2
mle,,,3,15,10,0.5,600,480,0.9047619047619048,12.67051965259343,0.1261441671707807,0.1043538000012631,0,12286,6143,98288,98288,,
nn_linear,[],linear,3,15,10,0.5,600,480,0.9047619047619048,2.63766421054432,0.0135362562071711,5.557914200000596,-1503232,412,412,3296,1648,129.73333333333332,0.4
nn_32_relu,[32],ReLU,3,15,10,0.5,600,480,0.9047619047619048,1.4059372620218178,0.0118681604571851,7.209594699999798,-3833856,7582,7582,60656,30328,115.86666666666666,0.1333333333333333
mle,,,3,15,10,0.5,1000,800,0.9047619047619048,8.576116576660056,0.1098674878374628,0.086694499999794,0,12286,6143,98288,98288,,
nn_linear,[],linear,3,15,10,0.5,1000,800,0.9047619047619048,2.63869116489123,0.0136434302827956,7.787488500000109,315392,412,412,3296,1648,112.8,0.0666666666666666
nn_32_relu,[32],ReLU,3,15,10,0.5,1000,800,0.9047619047619048,1.1549438283697075,0.012336919075058,12.873325399999883,-3186688,7582,7582,60656,30328,130.2,0.3333333333333333
mle,,,3,15,10,0.5,1400,1120,0.9047619047619048,7.097610191273326,0.1034007653800768,0.0784514000006311,0,12286,6143,98288,98288,,
nn_linear,[],linear,3,15,10,0.5,1400,1120,0.9047619047619048,2.5723094435753606,0.0140416264416272,10.046283600000606,204800,412,412,3296,1648,107.0,0.0666666666666666
nn_32_relu,[32],ReLU,3,15,10,0.5,1400,1120,0.9047619047619048,0.9963812372533424,0.0133417233524201,16.75949120000041,-2797568,7582,7582,60656,30328,122.73333333333332,0.2
mle,,,4,15,10,0.5,600,480,0.9047619047619048,7.161788083353179,0.1032533792148106,0.0862138999982562,0,12286,6143,98288,98288,,
nn_linear,[],linear,4,15,10,0.5,600,480,0.9047619047619048,2.110927965625045,0.0139029249288495,6.530259299999671,-909312,412,412,3296,1648,151.4,0.4666666666666667
nn_32_relu,[32],ReLU,4,15,10,0.5,600,480,0.9047619047619048,0.9749008278099516,0.0129784006711825,8.90186469999935,-3137536,7582,7582,60656,30328,141.8,0.0666666666666666
mle,,,4,15,10,0.5,1000,800,0.9047619047619048,5.654397897729655,0.094734766078862,0.0820069999990664,4096,12286,6143,98288,98288,,
nn_linear,[],linear,4,15,10,0.5,1000,800,0.9047619047619048,1.9886816235583675,0.0138280799909081,10.431789199999912,450560,412,412,3296,1648,151.73333333333332,0.4
nn_32_relu,[32],ReLU,4,15,10,0.5,1000,800,0.9047619047619048,0.772753782673504,0.0122563309462158,14.242419899999732,-3911680,7582,7582,60656,30328,143.8,0.2666666666666666
mle,,,4,15,10,0.5,1400,1120,0.9047619047619048,4.448892525396896,0.0837320003710428,0.0807385999996768,0,12286,6143,98288,98288,,
nn_linear,[],linear,4,15,10,0.5,1400,1120,0.9047619047619048,1.943529236239489,0.014137916196085,13.07427749999988,376832,412,412,3296,1648,138.86666666666667,0.4
nn_32_relu,[32],ReLU,4,15,10,0.5,1400,1120,0.9047619047619048,0.6235350205167574,0.0112770663779361,18.74471949999861,-2842624,7582,7582,60656,30328,137.2,0.2666666666666666
mle,,,5,15,10,0.5,600,480,0.9047619047619048,8.87011033802539,0.1069918000737683,0.0960940999993908,0,12286,6143,98288,98288,,
nn_linear,[],linear,5,15,10,0.5,600,480,0.9047619047619048,2.4662028405706558,0.0124660349228888,6.075048599999718,-6066176,412,412,3296,1648,140.26666666666668,0.4
nn_32_relu,[32],ReLU,5,15,10,0.5,600,480,0.9047619047619048,1.1422793119792567,0.0140032338070136,8.381523599999127,49152,7582,7582,60656,30328,135.13333333333333,0.1333333333333333
mle,,,5,15,10,0.5,1000,800,0.9047619047619048,7.302022132114144,0.1039636524452286,0.0784308000002056,12288,12286,6143,98288,98288,,
nn_linear,[],linear,5,15,10,0.5,1000,800,0.9047619047619048,2.390816810850969,0.0136766300332803,9.022865699998874,368640,412,412,3296,1648,131.4,0.3333333333333333
nn_32_relu,[32],ReLU,5,15,10,0.5,1000,800,0.9047619047619048,1.018608462611006,0.0140288240206945,12.931541399999332,-3596288,7582,7582,60656,30328,130.4,0.2
mle,,,5,15,10,0.5,1400,1120,0.9047619047619048,5.913242288058535,0.0950307237161658,0.0841115000002901,0,12286,6143,98288,98288,,
nn_linear,[],linear,5,15,10,0.5,1400,1120,0.9047619047619048,2.358656534311128,0.0138903990816004,11.354317899998932,417792,412,412,3296,1648,120.26666666666668,0.2666666666666666
nn_32_relu,[32],ReLU,5,15,10,0.5,1400,1120,0.9047619047619048,0.7652407158731528,0.0122505545144679,19.196976900000664,-2596864,7582,7582,60656,30328,140.93333333333334,0.3333333333333333
mle,,,1,15,10,1.0,600,480,0.9047619047619048,14.58921028946361,0.1443812492418643,0.1028852999988885,0,12286,6143,98288,98288,,
nn_linear,[],linear,1,15,10,1.0,600,480,0.9047619047619048,1.789192893724332,0.0073475930266612,4.133437300000878,-5939200,412,412,3296,1648,96.53333333333332,0.1333333333333333
nn_32_relu,[32],ReLU,1,15,10,1.0,600,480,0.9047619047619048,1.3739798328830295,0.0078127608242714,4.417832200000703,-3457024,7582,7582,60656,30328,71.0,0.0
mle,,,1,15,10,1.0,1000,800,0.9047619047619048,11.733263108869082,0.1418077342423642,0.0805624999993597,0,12286,6143,98288,98288,,
nn_linear,[],linear,1,15,10,1.0,1000,800,0.9047619047619048,1.7078934656874103,0.0083727817110316,5.507152300000598,303104,412,412,3296,1648,80.66666666666667,0.0
nn_32_relu,[32],ReLU,1,15,10,1.0,1000,800,0.9047619047619048,1.150345390412952,0.0081249067420425,8.560651399999188,-3928064,7582,7582,60656,30328,86.0,0.0666666666666666
mle,,,1,15,10,1.0,1400,1120,0.9047619047619048,9.669597360273944,0.1302395850536581,0.0818338000008225,0,12286,6143,98288,98288,,
nn_linear,[],linear,1,15,10,1.0,1400,1120,0.9047619047619048,1.6723803693987302,0.0080190786066303,8.534863999999288,253952,412,412,3296,1648,90.4,0.0666666666666666
nn_32_relu,[32],ReLU,1,15,10,1.0,1400,1120,0.9047619047619048,0.8064892637067613,0.0093843722750701,16.9557120999998,-2629632,7582,7582,60656,30328,124.6,0.2
mle,,,2,15,10,1.0,600,480,0.9047619047619048,15.180980223606037,0.1495392751749366,0.0841089999994437,0,12286,6143,98288,98288,,
nn_linear,[],linear,2,15,10,1.0,600,480,0.9047619047619048,2.00372578123544,0.0075859097157568,4.183345499999632,-5844992,412,412,3296,1648,94.0,0.0666666666666666
nn_32_relu,[32],ReLU,2,15,10,1.0,600,480,0.9047619047619048,1.3353083752864985,0.0069581609774776,5.136906699999599,176128,7582,7582,60656,30328,84.53333333333333,0.0666666666666666
mle,,,2,15,10,1.0,1000,800,0.9047619047619048,12.607420765839656,0.1410994556653542,0.0778135999989899,0,12286,6143,98288,98288,,
nn_linear,[],linear,2,15,10,1.0,1000,800,0.9047619047619048,1.9211783423137616,0.0077581643530925,6.184661200000846,475136,412,412,3296,1648,87.66666666666667,0.0666666666666666
nn_32_relu,[32],ReLU,2,15,10,1.0,1000,800,0.9047619047619048,1.0509258359177318,0.0085974130391197,10.068755899999816,-3813376,7582,7582,60656,30328,100.4,0.0666666666666666
mle,,,2,15,10,1.0,1400,1120,0.9047619047619048,10.50095448809642,0.127730218589975,0.0889920999998139,12288,12286,6143,98288,98288,,
nn_linear,[],linear,2,15,10,1.0,1400,1120,0.9047619047619048,1.8947864304121067,0.0078691259290783,8.115415300000677,339968,412,412,3296,1648,84.73333333333333,0.0
nn_32_relu,[32],ReLU,2,15,10,1.0,1400,1120,0.9047619047619048,0.8555340693299363,0.0079124822868682,17.359948299999814,-2658304,7582,7582,60656,30328,123.26666666666668,0.2
mle,,,3,15,10,1.0,600,480,0.9047619047619048,15.826568954524614,0.1444007202547974,0.0889133000000583,0,12286,6143,98288,98288,,
nn_linear,[],linear,3,15,10,1.0,600,480,0.9047619047619048,1.914357517000971,0.0081530172549055,5.26614470000095,-6135808,412,412,3296,1648,121.53333333333332,0.2
nn_32_relu,[32],ReLU,3,15,10,1.0,600,480,0.9047619047619048,1.1608788075396066,0.010243788819114,7.136752700000216,155648,7582,7582,60656,30328,105.06666666666666,0.0
mle,,,3,15,10,1.0,1000,800,0.9047619047619048,13.131101553162573,0.1395894674222282,0.0793434999995952,0,12286,6143,98288,98288,,
nn_linear,[],linear,3,15,10,1.0,1000,800,0.9047619047619048,1.8834323655552712,0.0079383908166173,8.04004150000037,487424,412,412,3296,1648,114.33333333333331,0.1333333333333333
nn_32_relu,[32],ReLU,3,15,10,1.0,1000,800,0.9047619047619048,0.943208678902442,0.0098575496086149,10.061893099998995,-3829760,7582,7582,60656,30328,98.73333333333332,0.0
mle,,,3,15,10,1.0,1400,1120,0.9047619047619048,10.83111799056102,0.1344998750120533,0.0864304000006086,0,12286,6143,98288,98288,,
nn_linear,[],linear,3,15,10,1.0,1400,1120,0.9047619047619048,1.8693709558947675,0.0082045439284047,10.356119099998978,405504,412,412,3296,1648,106.66666666666669,0.2
nn_32_relu,[32],ReLU,3,15,10,1.0,1400,1120,0.9047619047619048,0.7971271326163695,0.009607005295406,19.515297900001315,-2469888,7582,7582,60656,30328,141.8,0.2666666666666666
mle,,,4,15,10,1.0,600,480,0.9047619047619048,14.877353599918411,0.1443056545538348,0.0926437999987683,0,12286,6143,98288,98288,,
nn_linear,[],linear,4,15,10,1.0,600,480,0.9047619047619048,1.6699038975584235,0.008711594152722,5.389929199998733,-901120,412,412,3296,1648,124.2,0.2
nn_32_relu,[32],ReLU,4,15,10,1.0,600,480,0.9047619047619048,1.2511944416761505,0.0107094640512049,7.5236137000010785,-3727360,7582,7582,60656,30328,120.86666666666666,0.2
mle,,,4,15,10,1.0,1000,800,0.9047619047619048,11.736095277195504,0.139856331933352,0.0786040000002685,0,12286,6143,98288,98288,,
nn_linear,[],linear,4,15,10,1.0,1000,800,0.9047619047619048,1.6323842256089611,0.0086864583043899,6.276031999999759,450560,412,412,3296,1648,92.13333333333334,0.2
nn_32_relu,[32],ReLU,4,15,10,1.0,1000,800,0.9047619047619048,1.0072863030771575,0.0091283767367413,12.230427200000122,-3792896,7582,7582,60656,30328,122.8,0.2
mle,,,4,15,10,1.0,1400,1120,0.9047619047619048,9.979927765515733,0.1304783585888721,0.0794513999990158,0,12286,6143,98288,98288,,
nn_linear,[],linear,4,15,10,1.0,1400,1120,0.9047619047619048,1.6027331741504844,0.0089554541709851,9.248742499999937,217088,412,412,3296,1648,97.46666666666668,0.0666666666666666
nn_32_relu,[32],ReLU,4,15,10,1.0,1400,1120,0.9047619047619048,0.8875163984505043,0.0094035250483662,14.818834500001683,-2584576,7582,7582,60656,30328,108.26666666666668,0.0666666666666666
mle,,,5,15,10,1.0,600,480,0.9047619047619048,19.821882583578915,0.1356948155297984,0.1113721999990957,0,12286,6143,98288,98288,,
nn_linear,[],linear,5,15,10,1.0,600,480,0.9047619047619048,1.9624508830720675,0.0060011664020243,3.7404495000009774,-6131712,412,412,3296,1648,88.0,0.1333333333333333
nn_32_relu,[32],ReLU,5,15,10,1.0,600,480,0.9047619047619048,1.302762479910006,0.0073895232789325,5.825592499999402,106496,7582,7582,60656,30328,91.86666666666666,0.1333333333333333
mle,,,5,15,10,1.0,1000,800,0.9047619047619048,16.175097277162184,0.1372883116810108,0.0753363999992871,0,12286,6143,98288,98288,,
nn_linear,[],linear,5,15,10,1.0,1000,800,0.9047619047619048,1.8496234058769323,0.0060996009213396,5.988739699998405,405504,412,412,3296,1648,85.8,0.0666666666666666
nn_32_relu,[32],ReLU,5,15,10,1.0,1000,800,0.9047619047619048,1.2203028642338032,0.0069034014500983,8.093647600000622,-3813376,7582,7582,60656,30328,81.26666666666667,0.0666666666666666
mle,,,5,15,10,1.0,1400,1120,0.9047619047619048,13.728139731675006,0.1303691793632829,0.0731613999996625,4096,12286,6143,98288,98288,,
nn_linear,[],linear,5,15,10,1.0,1400,1120,0.9047619047619048,1.8238183116356448,0.0059167295022043,7.343985600000451,208896,412,412,3296,1648,78.13333333333334,0.0666666666666666
nn_32_relu,[32],ReLU,5,15,10,1.0,1400,1120,0.9047619047619048,1.0071127453368238,0.0073173279195383,16.13548129999981,-2551808,7582,7582,60656,30328,117.26666666666668,0.1333333333333333
mle,,,1,20,2,0.1,600,480,0.1947368421052631,0.1812801745197108,0.0031795135611412,0.0410430000010819,0,150,75,1200,1200,,
nn_linear,[],linear,1,20,2,0.1,600,480,0.1947368421052631,1.5132906866186917,0.014870500392515,11.149391799999648,-3026944,190,190,1520,760,194.15,0.95
nn_32_relu,[32],ReLU,1,20,2,0.1,600,480,0.1947368421052631,0.0345589221498689,0.0012869725668914,14.66128050000043,-1142784,4360,4360,34880,17440,176.7,0.6
mle,,,1,20,2,0.1,1000,800,0.1947368421052631,0.1013054643305692,0.0015077497809444,0.0436850000005506,0,150,75,1200,1200,,
nn_linear,[],linear,1,20,2,0.1,1000,800,0.1947368421052631,1.0757192302385197,0.0156174982176282,17.668249999998807,-4050944,190,190,1520,760,193.45,0.9
nn_32_relu,[32],ReLU,1,20,2,0.1,1000,800,0.1947368421052631,0.0271794257260828,0.0008087147398968,20.43133420000049,-1253376,4360,4360,34880,17440,152.8,0.5
mle,,,1,20,2,0.1,1400,1120,0.1947368421052631,0.0927217508095499,0.0014769179108145,0.0458803999990777,0,150,75,1200,1200,,
nn_linear,[],linear,1,20,2,0.1,1400,1120,0.1947368421052631,0.8675794307834567,0.0150615056831629,23.965580100000807,-3608576,190,190,1520,760,189.6,0.85
nn_32_relu,[32],ReLU,1,20,2,0.1,1400,1120,0.1947368421052631,0.0251448548815993,0.0007861093167469,27.42459000000053,-819200,4360,4360,34880,17440,148.35,0.45
mle,,,2,20,2,0.1,600,480,0.1947368421052631,0.2198779611865652,0.0117969861944744,0.0416354999997565,0,150,75,1200,1200,,
nn_linear,[],linear,2,20,2,0.1,600,480,0.1947368421052631,0.4806886273831814,0.0060728676668071,10.842697999998563,-4673536,190,190,1520,760,190.3,0.85
nn_32_relu,[32],ReLU,2,20,2,0.1,600,480,0.1947368421052631,0.0915341985643884,0.0121988150059841,12.426739000000453,-1036288,4360,4360,34880,17440,149.6,0.5
mle,,,2,20,2,0.1,1000,800,0.1947368421052631,0.1122241736158603,0.0032577145870295,0.0439416999997774,0,150,75,1200,1200,,
nn_linear,[],linear,2,20,2,0.1,1000,800,0.1947368421052631,0.2731520436635383,0.0072708466976752,16.603682499999195,-4407296,190,190,1520,760,181.05,0.85
nn_32_relu,[32],ReLU,2,20,2,0.1,1000,800,0.1947368421052631,0.0840438619693561,0.0118885778290713,18.096649699999038,-1298432,4360,4360,34880,17440,134.2,0.2
mle,,,2,20,2,0.1,1400,1120,0.1947368421052631,0.1313572706602521,0.0163166487876844,0.0529802000000927,0,150,75,1200,1200,,
nn_linear,[],linear,2,20,2,0.1,1400,1120,0.1947368421052631,0.1408123578228234,0.0047837324655104,22.246507800000472,-4075520,190,190,1520,760,177.25,0.75
nn_32_relu,[32],ReLU,2,20,2,0.1,1400,1120,0.1947368421052631,0.0274611159358306,0.0031460622531434,22.67402149999907,-831488,4360,4360,34880,17440,122.55,0.2
mle,,,3,20,2,0.1,600,480,0.1947368421052631,0.2718311193542432,0.002386028143319,0.0443178999994415,0,150,75,1200,1200,,
nn_linear,[],linear,3,20,2,0.1,600,480,0.1947368421052631,0.7622879261889602,0.0069369103582712,10.482052100000146,-4202496,190,190,1520,760,183.3,0.85
nn_32_relu,[32],ReLU,3,20,2,0.1,600,480,0.1947368421052631,0.0725572300312887,0.002198316399091,10.31891319999886,-970752,4360,4360,34880,17440,124.45,0.2
mle,,,3,20,2,0.1,1000,800,0.1947368421052631,0.1637142979707386,0.006036461286991,0.0438334999998915,0,150,75,1200,1200,,
nn_linear,[],linear,3,20,2,0.1,1000,800,0.1947368421052631,0.3347381100391517,0.0066969512478673,17.803243000000293,-4419584,190,190,1520,760,197.05,0.8
nn_32_relu,[32],ReLU,3,20,2,0.1,1000,800,0.1947368421052631,0.0366673618793756,0.000631134636304,15.635778900001242,-905216,4360,4360,34880,17440,117.45,0.15
mle,,,3,20,2,0.1,1400,1120,0.1947368421052631,0.0601399449267959,0.0060310482880122,0.0448257000007288,0,150,75,1200,1200,,
nn_linear,[],linear,3,20,2,0.1,1400,1120,0.1947368421052631,0.2385522651449426,0.0072004370361839,24.20865319999939,-4321280,190,190,1520,760,192.5,0.9
nn_32_relu,[32],ReLU,3,20,2,0.1,1400,1120,0.1947368421052631,0.0232011373495101,0.0004965031441126,21.264784800001507,-921600,4360,4360,34880,17440,116.65,0.1
mle,,,4,20,2,0.1,600,480,0.1947368421052631,0.1487466717992444,0.0084146753943907,0.0463197999997646,0,150,75,1200,1200,,
nn_linear,[],linear,4,20,2,0.1,600,480,0.1947368421052631,0.6981351268208861,0.0046096146997128,11.398431800000251,-3776512,190,190,1520,760,196.55,0.9
nn_32_relu,[32],ReLU,4,20,2,0.1,600,480,0.1947368421052631,0.070192584646074,0.0027439007264041,11.780685800000356,-1019904,4360,4360,34880,17440,144.05,0.4
mle,,,4,20,2,0.1,1000,800,0.1947368421052631,0.1081401772351588,0.0094547886513275,0.0419901000004756,0,150,75,1200,1200,,
nn_linear,[],linear,4,20,2,0.1,1000,800,0.1947368421052631,0.3432688245902726,0.0043195343487849,17.369265699999232,-4337664,190,190,1520,760,190.0,0.9
nn_32_relu,[32],ReLU,4,20,2,0.1,1000,800,0.1947368421052631,0.0395407600564692,0.0025544203116436,16.242053599999053,-925696,4360,4360,34880,17440,123.3,0.25
mle,,,4,20,2,0.1,1400,1120,0.1947368421052631,0.0328115130014468,0.0007152976218262,0.0436661000003368,0,150,75,1200,1200,,
nn_linear,[],linear,4,20,2,0.1,1400,1120,0.1947368421052631,0.1518488462200759,0.0023359834835202,24.660448800001177,-4382720,190,190,1520,760,196.4,0.85
nn_32_relu,[32],ReLU,4,20,2,0.1,1400,1120,0.1947368421052631,0.0154452935510793,0.0008631221373963,22.03889909999998,-921600,4360,4360,34880,17440,120.35,0.1
mle,,,5,20,2,0.1,600,480,0.1947368421052631,0.0722995970421107,0.0012704961854069,0.0481763999996474,0,150,75,1200,1200,,
nn_linear,[],linear,5,20,2,0.1,600,480,0.1947368421052631,0.7621702766459207,0.0024802727873744,10.703880499999286,-3743744,190,190,1520,760,186.25,0.85
nn_32_relu,[32],ReLU,5,20,2,0.1,600,480,0.1947368421052631,0.030813273236274,0.0028770391363051,12.168264500000078,-1019904,4360,4360,34880,17440,146.75,0.5
mle,,,5,20,2,0.1,1000,800,0.1947368421052631,0.0480643724063533,0.0055421651516716,0.044506199999887,0,150,75,1200,1200,,
nn_linear,[],linear,5,20,2,0.1,1000,800,0.1947368421052631,0.2002368186625376,0.0019235002352017,16.45659810000143,-4485120,190,190,1520,760,181.4,0.75
nn_32_relu,[32],ReLU,5,20,2,0.1,1000,800,0.1947368421052631,0.0225944250130687,0.0025657497270797,17.2338878999999,-991232,4360,4360,34880,17440,128.5,0.3
mle,,,5,20,2,0.1,1400,1120,0.1947368421052631,0.0805134806680466,0.0150709962363853,0.0437678999987838,0,150,75,1200,1200,,
nn_linear,[],linear,5,20,2,0.1,1400,1120,0.1947368421052631,0.1410421664374362,0.0020194406170989,21.343160000000356,-3850240,190,190,1520,760,170.9,0.65
nn_32_relu,[32],ReLU,5,20,2,0.1,1400,1120,0.1947368421052631,0.0215321412488906,0.0027073957013015,17.92636240000138,-847872,4360,4360,34880,17440,97.45,0.05
mle,,,1,20,2,0.5,600,480,0.1947368421052631,0.205784632197681,0.0017795766350369,0.0398230999999213,0,150,75,1200,1200,,
nn_linear,[],linear,1,20,2,0.5,600,480,0.1947368421052631,0.8851813120373666,0.0045865325308447,9.92214310000054,-4341760,190,190,1520,760,172.7,0.65
nn_32_relu,[32],ReLU,1,20,2,0.5,600,480,0.1947368421052631,0.1596401376931595,0.0010815932386259,8.281603299999915,-1036288,4360,4360,34880,17440,100.85,0.15
mle,,,1,20,2,0.5,1000,800,0.1947368421052631,0.1440235281627285,0.0024480716577619,0.0409089999993739,4096,150,75,1200,1200,,
nn_linear,[],linear,1,20,2,0.5,1000,800,0.1947368421052631,0.7367713822593751,0.0043072509212445,16.266278400000374,-4456448,190,190,1520,760,178.9,0.55
nn_32_relu,[32],ReLU,1,20,2,0.5,1000,800,0.1947368421052631,0.0579029295984519,0.0001913148901585,12.735150099999371,-970752,4360,4360,34880,17440,95.9,0.05
mle,,,1,20,2,0.5,1400,1120,0.1947368421052631,0.0973370494873104,0.0012011162677809,0.0400950000002922,0,150,75,1200,1200,,
nn_linear,[],linear,1,20,2,0.5,1400,1120,0.1947368421052631,0.7222472755019497,0.0044330379899442,19.516584099999815,-4382720,190,190,1520,760,155.7,0.4
nn_32_relu,[32],ReLU,1,20,2,0.5,1400,1120,0.1947368421052631,0.0398018640943252,0.0001915502571863,14.352672699998948,-921600,4360,4360,34880,17440,78.6,0.0
mle,,,2,20,2,0.5,600,480,0.1947368421052631,0.2730526392726209,0.0040785091608695,0.0424771000016335,0,150,75,1200,1200,,
nn_linear,[],linear,2,20,2,0.5,600,480,0.1947368421052631,0.4148267997476442,0.0054282211252433,10.330882300000669,-3743744,190,190,1520,760,180.25,0.65
nn_32_relu,[32],ReLU,2,20,2,0.5,600,480,0.1947368421052631,0.0919482383050712,0.0010161133211319,7.6782282999993186,-1019904,4360,4360,34880,17440,94.6,0.05
mle,,,2,20,2,0.5,1000,800,0.1947368421052631,0.1247138210812471,0.0054910764858111,0.038479400000142,0,150,75,1200,1200,,
nn_linear,[],linear,2,20,2,0.5,1000,800,0.1947368421052631,0.3064812548343536,0.0060632603671614,15.40390209999896,-4550656,190,190,1520,760,167.85,0.65
nn_32_relu,[32],ReLU,2,20,2,0.5,1000,800,0.1947368421052631,0.0587217933603315,0.0006026466605608,12.492245599998569,-974848,4360,4360,34880,17440,93.7,0.05
mle,,,2,20,2,0.5,1400,1120,0.1947368421052631,0.1684883147277701,0.005393274638526,0.0426506999992852,0,150,75,1200,1200,,
nn_linear,[],linear,2,20,2,0.5,1400,1120,0.1947368421052631,0.2569486068798859,0.0066000718870847,19.49951879999935,-4333568,190,190,1520,760,155.85,0.4
nn_32_relu,[32],ReLU,2,20,2,0.5,1400,1120,0.1947368421052631,0.0500997127860325,0.0008514816598419,13.705376600000818,-929792,4360,4360,34880,17440,75.75,0.0
mle,,,3,20,2,0.5,600,480,0.1947368421052631,0.5441718688077222,0.0333006334614157,0.0454638999999588,0,150,75,1200,1200,,
nn_linear,[],linear,3,20,2,0.5,600,480,0.1947368421052631,1.0334286265114123,0.0041562886156983,10.495643599999312,-3747840,190,190,1520,760,181.9,0.55
nn_32_relu,[32],ReLU,3,20,2,0.5,600,480,0.1947368421052631,0.1250200165529053,0.0025223379694835,8.61119409999992,-1019904,4360,4360,34880,17440,105.55,0.05
mle,,,3,20,2,0.5,1000,800,0.1947368421052631,0.1833746299145627,0.0122939972907583,0.0391342000002623,0,150,75,1200,1200,,
nn_linear,[],linear,3,20,2,0.5,1000,800,0.1947368421052631,0.912767635637505,0.0047541819566894,15.033965900000112,-4456448,190,190,1520,760,163.45,0.45
nn_32_relu,[32],ReLU,3,20,2,0.5,1000,800,0.1947368421052631,0.0463135012441699,0.0007924646811498,11.715647400000307,-966656,4360,4360,34880,17440,88.6,0.0
mle,,,3,20,2,0.5,1400,1120,0.1947368421052631,0.0757975352252739,0.0073375366639145,0.0397523999999975,0,150,75,1200,1200,,
nn_linear,[],linear,3,20,2,0.5,1400,1120,0.1947368421052631,0.8584581575281843,0.0043849275733507,17.927092300000368,-4276224,190,190,1520,760,144.0,0.35
nn_32_relu,[32],ReLU,3,20,2,0.5,1400,1120,0.1947368421052631,0.0528372318234613,0.0009168202323749,14.828130699999749,-921600,4360,4360,34880,17440,81.4,0.05
mle,,,4,20,2,0.5,600,480,0.1947368421052631,0.2246243377523934,0.0124273584068829,0.0407500000001164,0,150,75,1200,1200,,
nn_linear,[],linear,4,20,2,0.5,600,480,0.1947368421052631,0.5057249371879565,0.0050936000576435,10.910845899999911,-3776512,190,190,1520,760,189.0,0.85
nn_32_relu,[32],ReLU,4,20,2,0.5,600,480,0.1947368421052631,0.128396845894736,0.0037424880466788,8.345766500000536,-1019904,4360,4360,34880,17440,100.7,0.0
mle,,,4,20,2,0.5,1000,800,0.1947368421052631,0.0750677382278912,0.0010122852751619,0.0386734000003343,0,150,75,1200,1200,,
nn_linear,[],linear,4,20,2,0.5,1000,800,0.1947368421052631,0.3616412413382729,0.0055355241228388,16.024188699999286,-4337664,190,190,1520,760,175.35,0.75
nn_32_relu,[32],ReLU,4,20,2,0.5,1000,800,0.1947368421052631,0.0584731956079143,0.0013349746851671,12.899503400001777,-876544,4360,4360,34880,17440,97.6,0.05
mle,,,4,20,2,0.5,1400,1120,0.1947368421052631,0.0562467662347626,0.0007278128724312,0.03915330000018,0,150,75,1200,1200,,
nn_linear,[],linear,4,20,2,0.5,1400,1120,0.1947368421052631,0.2901676887411458,0.0071038321606554,21.605785900001138,-4386816,190,190,1520,760,172.25,0.6
nn_32_relu,[32],ReLU,4,20,2,0.5,1400,1120,0.1947368421052631,0.0358876632115126,0.0012911343583185,14.520137499999691,-921600,4360,4360,34880,17440,79.85,0.0
mle,,,5,20,2,0.5,600,480,0.1947368421052631,0.1526721720488341,0.0048314628877995,0.0456864999996469,0,150,75,1200,1200,,
nn_linear,[],linear,5,20,2,0.5,600,480,0.1947368421052631,1.1834277559741702,0.0098813928747407,11.282054200000855,-3739648,190,190,1520,760,197.7,0.9
nn_32_relu,[32],ReLU,5,20,2,0.5,600,480,0.1947368421052631,0.1135068366753198,0.0027192902540498,9.11566540000058,-1019904,4360,4360,34880,17440,109.3,0.2
mle,,,5,20,2,0.5,1000,800,0.1947368421052631,0.1330558287716202,0.0102815668162796,0.0431279000003996,0,150,75,1200,1200,,
nn_linear,[],linear,5,20,2,0.5,1000,800,0.1947368421052631,0.7357274545378443,0.0118819465742365,15.849755999999616,-4550656,190,190,1520,760,173.8,0.7
nn_32_relu,[32],ReLU,5,20,2,0.5,1000,800,0.1947368421052631,0.0520002371825011,0.002624035638884,14.027998799998386,-987136,4360,4360,34880,17440,105.6,0.1
mle,,,5,20,2,0.5,1400,1120,0.1947368421052631,0.1080192819356569,0.0055407946047488,0.0468338999999105,0,150,75,1200,1200,,
nn_linear,[],linear,5,20,2,0.5,1400,1120,0.1947368421052631,0.6876904375607256,0.0130829519277467,22.15108859999964,-4366336,190,190,1520,760,176.1,0.55
nn_32_relu,[32],ReLU,5,20,2,0.5,1400,1120,0.1947368421052631,0.0507948409334545,0.0018895329061654,13.977954899999531,-929792,4360,4360,34880,17440,76.4,0.0
mle,,,1,20,2,1.0,600,480,0.1947368421052631,0.168959961688432,0.0012896391820595,0.045373599999948,0,150,75,1200,1200,,
nn_linear,[],linear,1,20,2,1.0,600,480,0.1947368421052631,1.122916473474155,0.0048370547826906,7.703523700000005,-3747840,190,190,1520,760,134.2,0.25
nn_32_relu,[32],ReLU,1,20,2,1.0,600,480,0.1947368421052631,0.089975066569233,0.0005239099590011,7.282737699999416,-1019904,4360,4360,34880,17440,88.6,0.0
mle,,,1,20,2,1.0,1000,800,0.1947368421052631,0.0363212448521881,0.0001331043010464,0.0380279000000882,0,150,75,1200,1200,,
nn_linear,[],linear,1,20,2,1.0,1000,800,0.1947368421052631,1.0861627539079437,0.0043293568334338,10.10765309999988,-4456448,190,190,1520,760,109.65,0.15
nn_32_relu,[32],ReLU,1,20,2,1.0,1000,800,0.1947368421052631,0.0370565673079384,0.0001240216872714,9.8322962000002,-950272,4360,4360,34880,17440,74.45,0.0
mle,,,1,20,2,1.0,1400,1120,0.1947368421052631,0.0294290771307108,0.0001082893635182,0.0420607999985804,0,150,75,1200,1200,,
nn_linear,[],linear,1,20,2,1.0,1400,1120,0.1947368421052631,1.0850052228801217,0.0040821233573468,11.066697500000371,-3788800,190,190,1520,760,88.35,0.05
nn_32_relu,[32],ReLU,1,20,2,1.0,1400,1120,0.1947368421052631,0.0368637653830299,0.0001214309561623,12.54799180000009,-888832,4360,4360,34880,17440,69.1,0.0
mle,,,2,20,2,1.0,600,480,0.1947368421052631,0.0918374901805228,0.0005529648896011,0.0406861999999819,0,150,75,1200,1200,,
nn_linear,[],linear,2,20,2,1.0,600,480,0.1947368421052631,0.3703013629366905,0.0011243422395765,8.320328600000721,-4325376,190,190,1520,760,146.05,0.35
nn_32_relu,[32],ReLU,2,20,2,1.0,600,480,0.1947368421052631,0.1280429016348978,0.0008674575860162,6.610252000000401,-1069056,4360,4360,34880,17440,81.55,0.05
mle,,,2,20,2,1.0,1000,800,0.1947368421052631,0.0637888281268632,0.0003533857736174,0.0402637000006507,0,150,75,1200,1200,,
nn_linear,[],linear,2,20,2,1.0,1000,800,0.1947368421052631,0.3349332282433137,0.0012959500562061,11.082567600000402,-4550656,190,190,1520,760,121.2,0.15
nn_32_relu,[32],ReLU,2,20,2,1.0,1000,800,0.1947368421052631,0.075400737971465,0.0003156860850603,7.995852300000479,-974848,4360,4360,34880,17440,60.8,0.0
mle,,,2,20,2,1.0,1400,1120,0.1947368421052631,0.0424413275576256,0.000308586007158,0.0383989000001747,0,150,75,1200,1200,,
nn_linear,[],linear,2,20,2,1.0,1400,1120,0.1947368421052631,0.3197583754655042,0.0010193482834862,12.502295099999174,-4378624,190,190,1520,760,99.95,0.1
nn_32_relu,[32],ReLU,2,20,2,1.0,1400,1120,0.1947368421052631,0.0464973491839311,0.0001722066515772,10.208784399999786,-929792,4360,4360,34880,17440,56.25,0.0
mle,,,3,20,2,1.0,600,480,0.1947368421052631,0.2502526257783521,0.0049617351866575,0.0412594999997963,0,150,75,1200,1200,,
nn_linear,[],linear,3,20,2,1.0,600,480,0.1947368421052631,0.4832601800862851,0.0048662621966848,9.516472999999678,-3747840,190,190,1520,760,166.55,0.4
nn_32_relu,[32],ReLU,3,20,2,1.0,600,480,0.1947368421052631,0.132335241106485,0.0010079951214729,6.50772809999944,-1019904,4360,4360,34880,17440,79.2,0.0
mle,,,3,20,2,1.0,1000,800,0.1947368421052631,0.0598244868378286,0.0008618040808633,0.0409103999991202,0,150,75,1200,1200,,
nn_linear,[],linear,3,20,2,1.0,1000,800,0.1947368421052631,0.4516102631661151,0.0047626196561513,12.51563889999852,-4452352,190,190,1520,760,136.5,0.2
nn_32_relu,[32],ReLU,3,20,2,1.0,1000,800,0.1947368421052631,0.0588929547585842,0.0005110774292022,11.620414200000596,-909312,4360,4360,34880,17440,88.4,0.0
mle,,,3,20,2,1.0,1400,1120,0.1947368421052631,0.0497478445389982,0.0008427954565656,0.0409264999998413,0,150,75,1200,1200,,
nn_linear,[],linear,3,20,2,1.0,1400,1120,0.1947368421052631,0.42234095328242,0.0057137883760979,15.496340899999268,-3850240,190,190,1520,760,123.85,0.2
nn_32_relu,[32],ReLU,3,20,2,1.0,1400,1120,0.1947368421052631,0.051655395268003,0.0005197770178872,11.431625900000654,-847872,4360,4360,34880,17440,63.7,0.0
mle,,,4,20,2,1.0,600,480,0.1947368421052631,0.0996836075973188,0.0004246931118834,0.0394448999995802,0,150,75,1200,1200,,
nn_linear,[],linear,4,20,2,1.0,600,480,0.1947368421052631,0.7377611212625543,0.003523654930397,9.356087100000876,-4337664,190,190,1520,760,162.45,0.45
nn_32_relu,[32],ReLU,4,20,2,1.0,600,480,0.1947368421052631,0.1070366299795249,0.0004876126320878,6.636500800001159,-1036288,4360,4360,34880,17440,81.8,0.0
mle,,,4,20,2,1.0,1000,800,0.1947368421052631,0.0436074093138033,0.0002182581959448,0.0415383999988989,0,150,75,1200,1200,,
nn_linear,[],linear,4,20,2,1.0,1000,800,0.1947368421052631,0.7336644639582662,0.0033961962903757,10.825299600001015,-4521984,190,190,1520,760,118.1,0.1
nn_32_relu,[32],ReLU,4,20,2,1.0,1000,800,0.1947368421052631,0.075525113646372,0.0004376943777444,7.832338799998979,-966656,4360,4360,34880,17440,59.25,0.0
mle,,,4,20,2,1.0,1400,1120,0.1947368421052631,0.0279276705588764,0.0001158370141087,0.0415136999999958,0,150,75,1200,1200,,
nn_linear,[],linear,4,20,2,1.0,1400,1120,0.1947368421052631,0.7210182121786199,0.0029988607081632,13.165078899999571,-4276224,190,190,1520,760,104.0,0.0
nn_32_relu,[32],ReLU,4,20,2,1.0,1400,1120,0.1947368421052631,0.0326427457178998,0.0001630551565253,10.598844800000734,-925696,4360,4360,34880,17440,58.45,0.0
mle,,,5,20,2,1.0,600,480,0.1947368421052631,0.1817515231931082,0.0047253792914251,0.0410375999999814,0,150,75,1200,1200,,
nn_linear,[],linear,5,20,2,1.0,600,480,0.1947368421052631,0.6238975609469075,0.0032722264225986,9.498702500000944,-3739648,190,190,1520,760,164.3,0.55
nn_32_relu,[32],ReLU,5,20,2,1.0,600,480,0.1947368421052631,0.1496914588089568,0.0009515816026136,6.979979699999603,-1019904,4360,4360,34880,17440,85.55,0.0
mle,,,5,20,2,1.0,1000,800,0.1947368421052631,0.0367432572872196,0.0002936414203817,0.0439991999992344,0,150,75,1200,1200,,
nn_linear,[],linear,5,20,2,1.0,1000,800,0.1947368421052631,0.5312993885438334,0.0033221536140697,12.675633599999856,-4550656,190,190,1520,760,138.35,0.3
nn_32_relu,[32],ReLU,5,20,2,1.0,1000,800,0.1947368421052631,0.0456407607042856,0.0003769837972996,10.219647599999009,-974848,4360,4360,34880,17440,77.65,0.0
mle,,,5,20,2,1.0,1400,1120,0.1947368421052631,0.035680902397533,0.0002721854218656,0.0415845999996236,0,150,75,1200,1200,,
nn_linear,[],linear,5,20,2,1.0,1400,1120,0.1947368421052631,0.5295375016629877,0.0034944569533623,16.30353020000075,-4333568,190,190,1520,760,129.5,0.2
nn_32_relu,[32],ReLU,5,20,2,1.0,1400,1120,0.1947368421052631,0.0480449478266254,0.0003068841352625,10.976327099999253,-929792,4360,4360,34880,17440,60.9,0.0
mle,,,1,20,4,0.1,600,480,0.3684210526315789,0.4608396971682766,0.018010384397587,0.0560007999993104,0,542,271,4336,4336,,
nn_linear,[],linear,1,20,4,0.1,600,480,0.3684210526315789,1.1933843023696242,0.0195206952700226,11.558453200001168,-3686400,322,322,2576,1288,200.0,1.0
nn_32_relu,[32],ReLU,1,20,4,0.1,600,480,0.3684210526315789,0.1638644975080293,0.0118396177249069,13.963410000000296,-1585152,6472,6472,51776,25888,168.65,0.6
mle,,,1,20,4,0.1,1000,800,0.3684210526315789,0.3324187320260465,0.0148635992682056,0.0563745999988896,0,542,271,4336,4336,,
nn_linear,[],linear,1,20,4,0.1,1000,800,0.3684210526315789,0.8067434037344842,0.0191772428579017,17.613445099999808,-192512,322,322,2576,1288,193.05,0.95
nn_32_relu,[32],ReLU,1,20,4,0.1,1000,800,0.3684210526315789,0.1210956510243618,0.0125861396630083,22.18698719999884,163840,6472,6472,51776,25888,165.55,0.65
mle,,,1,20,4,0.1,1400,1120,0.3684210526315789,0.2060991093801005,0.0134899472457192,0.0567819000007148,0,542,271,4336,4336,,
nn_linear,[],linear,1,20,4,0.1,1400,1120,0.3684210526315789,0.6733091348494543,0.017558048188017,23.594296699999177,-315392,322,322,2576,1288,188.2,0.85
nn_32_relu,[32],ReLU,1,20,4,0.1,1400,1120,0.3684210526315789,0.0906756619471662,0.0112953810948835,28.561326299999564,-1572864,6472,6472,51776,25888,154.1,0.35
mle,,,2,20,4,0.1,600,480,0.3684210526315789,0.3734006017791339,0.0086540415278019,0.0560685000000376,0,542,271,4336,4336,,
nn_linear,[],linear,2,20,4,0.1,600,480,0.3684210526315789,2.038610306615237,0.0159903294692399,10.507749799999146,-618496,322,322,2576,1288,183.85,0.85
nn_32_relu,[32],ReLU,2,20,4,0.1,600,480,0.3684210526315789,0.1651565237084825,0.0147496035583025,12.847075400000904,-1929216,6472,6472,51776,25888,154.1,0.45
mle,,,2,20,4,0.1,1000,800,0.3684210526315789,0.2319374803244659,0.0068046715267949,0.0544304000013653,0,542,271,4336,4336,,
nn_linear,[],linear,2,20,4,0.1,1000,800,0.3684210526315789,1.6936660825724434,0.0166378162712989,17.690444500000012,-397312,322,322,2576,1288,193.85,0.9
nn_32_relu,[32],ReLU,2,20,4,0.1,1000,800,0.3684210526315789,0.1503415147185157,0.0181880862846449,21.821477399998912,131072,6472,6472,51776,25888,162.15,0.45
mle,,,2,20,4,0.1,1400,1120,0.3684210526315789,0.1304482726928967,0.0081448087870598,0.0546912000008887,0,542,271,4336,4336,,
nn_linear,[],linear,2,20,4,0.1,1400,1120,0.3684210526315789,1.587216478754841,0.0147224270034522,23.441490299999717,-708608,322,322,2576,1288,186.85,0.75
nn_32_relu,[32],ReLU,2,20,4,0.1,1400,1120,0.3684210526315789,0.0627690427831187,0.0044511050327047,25.06287709999924,-1462272,6472,6472,51776,25888,135.65,0.25
mle,,,3,20,4,0.1,600,480,0.3684210526315789,0.2653106271618071,0.0178139472436435,0.0575608999988617,0,542,271,4336,4336,,
nn_linear,[],linear,3,20,4,0.1,600,480,0.3684210526315789,0.6289934588812419,0.0099968973266787,10.210465000000111,-1179648,322,322,2576,1288,178.3,0.75
nn_32_relu,[32],ReLU,3,20,4,0.1,600,480,0.3684210526315789,0.0805192892259752,0.0040803685148656,13.396700900000724,-1531904,6472,6472,51776,25888,160.0,0.5
mle,,,3,20,4,0.1,1000,800,0.3684210526315789,0.1222939702374513,0.0161935756486312,0.0588413000004948,0,542,271,4336,4336,,
nn_linear,[],linear,3,20,4,0.1,1000,800,0.3684210526315789,0.336060801621103,0.0062519535112186,17.626554500000566,-675840,322,322,2576,1288,192.95,0.9
nn_32_relu,[32],ReLU,3,20,4,0.1,1000,800,0.3684210526315789,0.0383143163325557,0.0037930368974536,19.747003000000404,135168,6472,6472,51776,25888,145.8,0.4
mle,,,3,20,4,0.1,1400,1120,0.3684210526315789,0.1618318209466851,0.0160990134424511,0.0582257000005483,0,542,271,4336,4336,,
nn_linear,[],linear,3,20,4,0.1,1400,1120,0.3684210526315789,0.204884153653326,0.0042249577309607,22.85619570000017,-319488,322,322,2576,1288,181.85,0.85
nn_32_relu,[32],ReLU,3,20,4,0.1,1400,1120,0.3684210526315789,0.0326391989576372,0.0037188012160438,22.279294000001755,-1089536,6472,6472,51776,25888,121.7,0.15
mle,,,4,20,4,0.1,600,480,0.3684210526315789,0.4243971102115945,0.0146116914639059,0.0562766999992163,0,542,271,4336,4336,,
nn_linear,[],linear,4,20,4,0.1,600,480,0.3684210526315789,1.7834834018281902,0.0238773941960583,11.53973980000046,-991232,322,322,2576,1288,200.0,1.0
nn_32_relu,[32],ReLU,4,20,4,0.1,600,480,0.3684210526315789,0.2071869344480032,0.0180181687325189,14.054090699999506,-1499136,6472,6472,51776,25888,170.25,0.6
mle,,,4,20,4,0.1,1000,800,0.3684210526315789,0.2825126435069289,0.0131152249313144,0.0547975999998016,0,542,271,4336,4336,,
nn_linear,[],linear,4,20,4,0.1,1000,800,0.3684210526315789,1.3297705062453329,0.0232411215857988,17.88372200000049,-741376,322,322,2576,1288,195.2,0.9
nn_32_relu,[32],ReLU,4,20,4,0.1,1000,800,0.3684210526315789,0.1708671401464144,0.0197061070920457,18.806915299999677,86016,6472,6472,51776,25888,141.35,0.2
mle,,,4,20,4,0.1,1400,1120,0.3684210526315789,0.1336196965884417,0.0042234335437521,0.061825000000681,0,542,271,4336,4336,,
nn_linear,[],linear,4,20,4,0.1,1400,1120,0.3684210526315789,1.197475156736325,0.0246174547940517,24.68280080000113,-708608,322,322,2576,1288,196.8,0.85
nn_32_relu,[32],ReLU,4,20,4,0.1,1400,1120,0.3684210526315789,0.084253051188261,0.0125032211018578,27.9237849000001,-1486848,6472,6472,51776,25888,150.5,0.25
mle,,,5,20,4,0.1,600,480,0.3684210526315789,0.1918562292139179,0.0090410886909474,0.0972357999999076,0,542,271,4336,4336,,
nn_linear,[],linear,5,20,4,0.1,600,480,0.3684210526315789,0.6410491883870716,0.0089266751161339,10.422368900000947,-1179648,322,322,2576,1288,172.1,0.75
nn_32_relu,[32],ReLU,5,20,4,0.1,600,480,0.3684210526315789,0.1154813237208082,0.0117407052739298,12.350152099999832,-1499136,6472,6472,51776,25888,139.95,0.35
mle,,,5,20,4,0.1,1000,800,0.3684210526315789,0.2401822366714599,0.0146168693634583,0.0604245000013179,0,542,271,4336,4336,,
nn_linear,[],linear,5,20,4,0.1,1000,800,0.3684210526315789,0.4106262852547789,0.0099655028879679,17.593681500000457,-724992,322,322,2576,1288,181.4,0.85
nn_32_relu,[32],ReLU,5,20,4,0.1,1000,800,0.3684210526315789,0.105688906602132,0.0136990728752419,20.93760119999933,114688,6472,6472,51776,25888,146.5,0.45
mle,,,5,20,4,0.1,1400,1120,0.3684210526315789,0.1166204398549725,0.0075006071747518,0.0600064999998721,0,542,271,4336,4336,,
nn_linear,[],linear,5,20,4,0.1,1400,1120,0.3684210526315789,0.2318392543354242,0.0097216136554302,26.778298900000664,-729088,322,322,2576,1288,185.0,0.9
nn_32_relu,[32],ReLU,5,20,4,0.1,1400,1120,0.3684210526315789,0.0927926580292088,0.0135621889544575,26.301300200000696,-1400832,6472,6472,51776,25888,134.7,0.25
mle,,,1,20,4,0.5,600,480,0.3684210526315789,1.715682152144386,0.0354153669551016,0.0580345999987912,0,542,271,4336,4336,,
nn_linear,[],linear,1,20,4,0.5,600,480,0.3684210526315789,1.5316720642515576,0.0116342623695803,10.864987799999652,-1081344,322,322,2576,1288,180.7,0.65
nn_32_relu,[32],ReLU,1,20,4,0.5,600,480,0.3684210526315789,0.2844938279626794,0.0059138598835545,11.519376199999895,-1556480,6472,6472,51776,25888,130.85,0.2
mle,,,1,20,4,0.5,1000,800,0.3684210526315789,0.9569455483514993,0.0293396347998023,0.0569998000009945,0,542,271,4336,4336,,
nn_linear,[],linear,1,20,4,0.5,1000,800,0.3684210526315789,1.4089929825617074,0.0119652556996089,14.213024399999997,-753664,322,322,2576,1288,147.35,0.35
nn_32_relu,[32],ReLU,1,20,4,0.5,1000,800,0.3684210526315789,0.1535789572389093,0.0038617177416265,17.12664439999935,131072,6472,6472,51776,25888,120.4,0.2
mle,,,1,20,4,0.5,1400,1120,0.3684210526315789,0.4812550233171614,0.019226757219553,0.0557719999997061,0,542,271,4336,4336,,
nn_linear,[],linear,1,20,4,0.5,1400,1120,0.3684210526315789,1.316910626754147,0.0131309192855474,20.48409490000085,-307200,322,322,2576,1288,153.95,0.3
nn_32_relu,[32],ReLU,1,20,4,0.5,1400,1120,0.3684210526315789,0.1246895350124004,0.0052390072447001,22.85640130000138,-1753088,6472,6472,51776,25888,117.45,0.15
mle,,,2,20,4,0.5,600,480,0.3684210526315789,2.2889738923426712,0.0480225937006184,0.0594574000006105,0,542,271,4336,4336,,
nn_linear,[],linear,2,20,4,0.5,600,480,0.3684210526315789,2.110101259060624,0.0147995370546641,10.508313799999089,-716800,322,322,2576,1288,172.5,0.65
nn_32_relu,[32],ReLU,2,20,4,0.5,600,480,0.3684210526315789,0.4190226722299565,0.0079351875759116,13.145270900000469,-1888256,6472,6472,51776,25888,148.9,0.35
mle,,,2,20,4,0.5,1000,800,0.3684210526315789,1.4118739011101564,0.0373175370850393,0.0595537999997759,0,542,271,4336,4336,,
nn_linear,[],linear,2,20,4,0.5,1000,800,0.3684210526315789,2.012414186818716,0.0154543166861359,14.918912400000409,-466944,322,322,2576,1288,155.0,0.4
nn_32_relu,[32],ReLU,2,20,4,0.5,1000,800,0.3684210526315789,0.2060426120871767,0.0039214896577358,20.30086320000009,-253952,6472,6472,51776,25888,143.7,0.2
mle,,,2,20,4,0.5,1400,1120,0.3684210526315789,0.6448856198883792,0.023345552950943,0.0538873999994393,0,542,271,4336,4336,,
nn_linear,[],linear,2,20,4,0.5,1400,1120,0.3684210526315789,2.0090402455581686,0.0156670567735393,18.461719499999163,-339968,322,322,2576,1288,139.25,0.2
nn_32_relu,[32],ReLU,2,20,4,0.5,1400,1120,0.3684210526315789,0.1610803578829018,0.0033199264052899,25.805620900000577,-958464,6472,6472,51776,25888,133.05,0.2
mle,,,3,20,4,0.5,600,480,0.3684210526315789,1.189175980284338,0.0270181320897392,0.0591724999994767,0,542,271,4336,4336,,
nn_linear,[],linear,3,20,4,0.5,600,480,0.3684210526315789,1.1032735476636464,0.0106088349038138,10.44947730000058,-1150976,322,322,2576,1288,173.2,0.6
nn_32_relu,[32],ReLU,3,20,4,0.5,600,480,0.3684210526315789,0.2604090415921986,0.0051138918536079,11.044950100000278,-1531904,6472,6472,51776,25888,124.7,0.2
mle,,,3,20,4,0.5,1000,800,0.3684210526315789,0.7865723977637284,0.0180718765039701,0.0592314000004989,0,542,271,4336,4336,,
nn_linear,[],linear,3,20,4,0.5,1000,800,0.3684210526315789,1.0313223094062864,0.0113479301898782,14.880749199999627,-778240,322,322,2576,1288,154.45,0.4
nn_32_relu,[32],ReLU,3,20,4,0.5,1000,800,0.3684210526315789,0.2148704124351052,0.0044828895871895,14.880064999999377,94208,6472,6472,51776,25888,104.35,0.1
mle,,,3,20,4,0.5,1400,1120,0.3684210526315789,0.4810101517267816,0.0160716416701646,0.0602596999997331,0,542,271,4336,4336,,
nn_linear,[],linear,3,20,4,0.5,1400,1120,0.3684210526315789,0.998588086137882,0.0120388091530623,17.93014730000141,-192512,322,322,2576,1288,135.7,0.25
nn_32_relu,[32],ReLU,3,20,4,0.5,1400,1120,0.3684210526315789,0.1174355342400575,0.0029337310188118,22.301980000000185,-1486848,6472,6472,51776,25888,114.0,0.15
mle,,,4,20,4,0.5,600,480,0.3684210526315789,1.7675372164698586,0.0498455862445454,0.0532600999995338,0,542,271,4336,4336,,
nn_linear,[],linear,4,20,4,0.5,600,480,0.3684210526315789,1.491048184714502,0.0152299452759385,10.085933999998815,-1216512,322,322,2576,1288,167.5,0.45
nn_32_relu,[32],ReLU,4,20,4,0.5,600,480,0.3684210526315789,0.3331009072293954,0.0058725903955894,11.956529400000363,-1490944,6472,6472,51776,25888,135.3,0.35
mle,,,4,20,4,0.5,1000,800,0.3684210526315789,1.1414594028372012,0.038084837274406,0.05625130000044,0,542,271,4336,4336,,
nn_linear,[],linear,4,20,4,0.5,1000,800,0.3684210526315789,1.410212067386639,0.0163287379266273,15.423783500000354,-651264,322,322,2576,1288,159.5,0.45
nn_32_relu,[32],ReLU,4,20,4,0.5,1000,800,0.3684210526315789,0.2049008017562186,0.0043307370815182,18.714075400001093,-348160,6472,6472,51776,25888,131.85,0.3
mle,,,4,20,4,0.5,1400,1120,0.3684210526315789,0.8781057295526995,0.0342840544583944,0.0558119999986956,0,542,271,4336,4336,,
nn_linear,[],linear,4,20,4,0.5,1400,1120,0.3684210526315789,1.3913978801403182,0.0159365142274493,14.973998600000414,-245760,322,322,2576,1288,113.6,0.1
nn_32_relu,[32],ReLU,4,20,4,0.5,1400,1120,0.3684210526315789,0.1556923491830843,0.0042780198520747,23.214606699999425,-1974272,6472,6472,51776,25888,119.25,0.05
mle,,,5,20,4,0.5,600,480,0.3684210526315789,1.6662949431923135,0.0503302793561867,0.0595991999998659,0,542,271,4336,4336,,
nn_linear,[],linear,5,20,4,0.5,600,480,0.3684210526315789,2.157965957911759,0.0147656726097347,9.757834000000004,-892928,322,322,2576,1288,161.85,0.5
nn_32_relu,[32],ReLU,5,20,4,0.5,600,480,0.3684210526315789,0.2742292248711153,0.0058134757541913,13.17870799999946,-1789952,6472,6472,51776,25888,149.95,0.35
mle,,,5,20,4,0.5,1000,800,0.3684210526315789,1.1590431819348832,0.0383053879658463,0.0567304000014701,0,542,271,4336,4336,,
nn_linear,[],linear,5,20,4,0.5,1000,800,0.3684210526315789,2.0267405900663014,0.0155002209024489,14.743830999999773,-327680,322,322,2576,1288,153.35,0.45
nn_32_relu,[32],ReLU,5,20,4,0.5,1000,800,0.3684210526315789,0.205406252936752,0.0055794728963397,19.236094100000628,167936,6472,6472,51776,25888,135.6,0.2
mle,,,5,20,4,0.5,1400,1120,0.3684210526315789,1.0003998810540815,0.0465203218478651,0.0591072000006533,0,542,271,4336,4336,,
nn_linear,[],linear,5,20,4,0.5,1400,1120,0.3684210526315789,1.9907213282094212,0.0160322425584166,20.218856499999674,-647168,322,322,2576,1288,152.45,0.45
nn_32_relu,[32],ReLU,5,20,4,0.5,1400,1120,0.3684210526315789,0.1683643980715784,0.0049786964877913,22.301433999999063,-1347584,6472,6472,51776,25888,114.25,0.0
mle,,,1,20,4,1.0,600,480,0.3684210526315789,1.1801260176454158,0.020791777954386,0.0556536999993113,0,542,271,4336,4336,,
nn_linear,[],linear,1,20,4,1.0,600,480,0.3684210526315789,1.8800190582275167,0.0085046658573081,5.735130799999752,-1175552,322,322,2576,1288,94.1,0.1
nn_32_relu,[32],ReLU,1,20,4,1.0,600,480,0.3684210526315789,0.3556554282442363,0.0038902555381114,12.946981200000664,-1560576,6472,6472,51776,25888,146.15,0.35
mle,,,1,20,4,1.0,1000,800,0.3684210526315789,0.7754472677223181,0.0293745190578757,0.0579305999999633,0,542,271,4336,4336,,
nn_linear,[],linear,1,20,4,1.0,1000,800,0.3684210526315789,1.848822371150623,0.0091924878899299,9.209382500001084,-667648,322,322,2576,1288,95.5,0.0
nn_32_relu,[32],ReLU,1,20,4,1.0,1000,800,0.3684210526315789,0.2427181197814305,0.0027387559585354,20.27023779999945,61440,6472,6472,51776,25888,142.7,0.25
mle,,,1,20,4,1.0,1400,1120,0.3684210526315789,0.3555038826226537,0.0115885133772096,0.0511709000002156,0,542,271,4336,4336,,
nn_linear,[],linear,1,20,4,1.0,1400,1120,0.3684210526315789,1.8182118628231076,0.0091078693461881,11.377672399999938,-339968,322,322,2576,1288,85.5,0.0
nn_32_relu,[32],ReLU,1,20,4,1.0,1400,1120,0.3684210526315789,0.1817027856196335,0.0032358274943937,24.08758560000024,-1945600,6472,6472,51776,25888,122.85,0.1
mle,,,2,20,4,1.0,600,480,0.3684210526315789,1.2721919238895731,0.0293518162859437,0.0555954000010388,0,542,271,4336,4336,,
nn_linear,[],linear,2,20,4,1.0,600,480,0.3684210526315789,1.8266903547151343,0.0068166968198644,8.613333000001148,-811008,322,322,2576,1288,142.05,0.3
nn_32_relu,[32],ReLU,2,20,4,1.0,600,480,0.3684210526315789,0.3486392113297597,0.0020390415670808,11.42509020000034,-1712128,6472,6472,51776,25888,128.25,0.15
mle,,,2,20,4,1.0,1000,800,0.3684210526315789,0.678819796438686,0.0201160982394747,0.0522214000011445,0,542,271,4336,4336,,
nn_linear,[],linear,2,20,4,1.0,1000,800,0.3684210526315789,1.7740550027678543,0.007062974461147,10.156951500001014,-237568,322,322,2576,1288,105.0,0.15
nn_32_relu,[32],ReLU,2,20,4,1.0,1000,800,0.3684210526315789,0.2815226481884408,0.0016757114743983,15.665397799999482,217088,6472,6472,51776,25888,100.9,0.05
mle,,,2,20,4,1.0,1400,1120,0.3684210526315789,0.4064447858915246,0.0137366049873618,0.0557989999997516,0,542,271,4336,4336,,
nn_linear,[],linear,2,20,4,1.0,1400,1120,0.3684210526315789,1.7743537620495269,0.0066717666964365,13.111305599999469,-376832,322,322,2576,1288,97.4,0.0
nn_32_relu,[32],ReLU,2,20,4,1.0,1400,1120,0.3684210526315789,0.1980934388845134,0.0016260197717684,18.9592122999984,-1351680,6472,6472,51776,25888,96.05,0.1
mle,,,3,20,4,1.0,600,480,0.3684210526315789,1.815219199357791,0.0641795164694715,0.0609905000001163,0,542,271,4336,4336,,
nn_linear,[],linear,3,20,4,1.0,600,480,0.3684210526315789,1.482365262957283,0.0091166445943917,8.625857499999256,-1183744,322,322,2576,1288,142.55,0.4
nn_32_relu,[32],ReLU,3,20,4,1.0,600,480,0.3684210526315789,0.345839915297738,0.0057264441867992,9.570592800000668,-1990656,6472,6472,51776,25888,109.15,0.1
mle,,,3,20,4,1.0,1000,800,0.3684210526315789,1.0933444571749786,0.0601516021625395,0.0584354000002349,0,542,271,4336,4336,,
nn_linear,[],linear,3,20,4,1.0,1000,800,0.3684210526315789,1.435225682658358,0.0088464005314397,11.265585200000714,-831488,322,322,2576,1288,116.0,0.25
nn_32_relu,[32],ReLU,3,20,4,1.0,1000,800,0.3684210526315789,0.1907577865411138,0.0040667192924004,16.28480479999962,-327680,6472,6472,51776,25888,114.55,0.05
mle,,,3,20,4,1.0,1400,1120,0.3684210526315789,1.0269821280403366,0.0740516415802404,0.0530286000011983,0,542,271,4336,4336,,
nn_linear,[],linear,3,20,4,1.0,1400,1120,0.3684210526315789,1.3641025428547386,0.0090032908549228,18.271606500000416,-741376,322,322,2576,1288,137.6,0.15
nn_32_relu,[32],ReLU,3,20,4,1.0,1400,1120,0.3684210526315789,0.1378691434548817,0.0045644576392642,19.80300810000153,-1372160,6472,6472,51776,25888,101.55,0.0
